timestamp,strategy_id,pair,signal_direction,entry_price,sl_price,tp1_price,tp2_price,tp3_price,lot_size,confluence_score,session,spread_at_entry,atr_at_entry,adx_at_entry,rsi_at_entry,ema_50_value,ema_200_value,vwap_deviation,news_within_60min,macd_hist_at_entry,stoch_k_at_entry,distance_from_ema50_pips,candle_body_ratio,hour_of_day,day_of_week,entry_pattern,exit_price,exit_reason,exit_time,pnl_pips,pnl_dollars,hold_time_minutes,win
2021-01-06 01:45:00+00:00,17,EUR_USD,LONG,1.22916,1.227623764325983,1.2307024713480337,1.2307024713480337,1.2307024713480337,650941.79,4,ASIAN,1.5,0.0008962356740168774,23.847683362748086,43.19703983576474,1.2290800558123955,1.2276561381217668,6.410684716153803,False,-0.00013083843724873823,14.765847368338179,-1.7005581239559753,0.04545454545459133,1,2,bb_rejection_long,1.227623764325983,SL,2021-01-06 03:00:00+00:00,-15.362356740169501,-999.9999995064502,75,False
2021-01-08 07:15:00+00:00,17,EUR_USD,SHORT,1.2259499999999999,1.2275061909936178,1.2250076180127645,1.2250076180127645,1.2250076180127645,636168.7,4,ASIAN,1.5,0.0005961909936177768,16.363586803732154,50.73593024761667,1.2263607153240323,1.2281031212139844,-5.240867028324381,False,4.4729688201158995e-05,50.68290865585636,-1.6071532403238997,0.1999999999999445,7,4,bb_rejection_short,1.2250076180127645,TP3,2021-01-08 07:30:00+00:00,9.423820020487943,599.5139331467788,15,True
2021-01-12 01:00:00+00:00,17,EUR_USD,SHORT,1.21545,1.2167328316986592,1.214614336602682,1.214614336602682,1.214614336602682,776403.59,3,ASIAN,1.5,0.0005428316986589898,28.594833933910444,49.743431477773825,1.2160469869771589,1.2198013140845052,-5.2821601926189565,False,5.4833597669131805e-05,48.76543209876098,-3.469869771588474,0.3666666666663829,1,1,bb_rejection_short,1.214614336602682,TP3,2021-01-12 01:15:00+00:00,8.356634080811476,648.812070065838,15,True
2021-01-14 08:45:00+00:00,17,EUR_USD,SHORT,1.21566,1.2170718783379315,1.214246243324137,1.214246243324137,1.214246243324137,710035.16,4,LONDON,1.5,0.0008018783379315281,26.439306562772227,57.341940477113816,1.215491889364196,1.2170890420249079,5.0964051095214735,False,0.00013502021021431044,75.98080345792023,3.5811063580415414,0.051948051947819755,8,3,bb_rejection_short,1.214246243324137,TP3,2021-01-14 12:15:00+00:00,14.137566957740447,1003.8169616849952,210,True
2021-01-19 07:00:00+00:00,17,EUR_USD,SHORT,1.2093999999999998,1.2101740890179369,1.208961821964126,1.208961821964126,1.208961821964126,1308016.79,3,ASIAN,1.5,0.00034408901793689573,23.109708602760982,58.191333587092885,1.2088224252092339,1.2094400436403414,21.19808968968462,False,-4.846904938139544e-05,74.89326765189223,8.275747907660058,0.31111111111113304,7,1,bb_rejection_short,1.208961821964126,TP3,2021-01-19 07:15:00+00:00,4.381780392237016,573.1442323138804,15,True
2021-01-20 00:30:00+00:00,17,EUR_USD,SHORT,1.2140199999999999,1.215156985773682,1.213216028452636,1.213216028452636,1.213216028452636,895572.22,4,ASIAN,1.5,0.0005269857736819033,25.572170673539382,70.81067814507873,1.212646407777071,1.2110495707296143,16.07536327808301,False,0.0001586106587264268,89.11644641251128,16.23592222929071,0.12727272727274194,0,2,bb_rejection_short,1.215156985773682,SL,2021-01-20 06:30:00+00:00,-11.369857736820421,-1018.252873444844,360,False
2021-01-22 06:15:00+00:00,17,EUR_USD,LONG,1.2169,1.2158956420611424,1.2174187158777152,1.2174187158777152,1.2174187158777152,1003696.3,2,ASIAN,1.5,0.000384357938857633,25.195592605106878,43.17816173628766,1.2165928447332888,1.2143151162856811,15.29156908109286,False,-0.00012528699193817343,19.506248998005137,0.571552667112396,0.3809523809523558,6,4,bb_rejection_long,1.2158956420611424,SL,2021-01-22 07:00:00+00:00,-10.043579388576694,-1008.0703471070692,45,False
2021-01-25 08:15:00+00:00,17,EUR_USD,LONG,1.2178600000000002,1.2163133720516321,1.2187232558967356,1.2187232558967356,1.2187232558967356,645268.08,3,LONDON,1.5,0.0005266279483677988,25.427071829283545,51.802728882590976,1.2173596983668626,1.2161325308168127,1.6507269687893178,False,-5.249227801286518e-05,52.080052080056724,3.1030163313738868,0.24418604651165493,8,0,bb_rejection_long,1.2163133720516321,SL,2021-01-25 09:00:00+00:00,-15.466279483680177,-997.9896467177699,45,False
2021-01-29 21:45:00+00:00,17,EUR_USD,SHORT,1.2127299999999999,1.2145939921534292,1.2114920156931417,1.2114920156931417,1.2114920156931417,530050.38,5,NY,1.5,0.0007439921534291846,18.591929624631803,45.83712214757506,1.2131305367619554,1.2123631969241335,-1.7102912542643622,False,-3.494530390898263e-05,17.216117216120683,-1.505367619554221,0.1609195402298909,21,4,bb_rejection_short,1.21299,TIME,2021-02-01 05:45:00+00:00,-2.60000000000149,-137.813098800079,3360,False
2021-02-18 01:00:00+00:00,17,EUR_USD,SHORT,1.20447,1.2054152880424234,1.2038894239151532,1.2038894239151532,1.2038894239151532,1043736.48,4,ASIAN,1.5,0.0004152880424233659,19.922398924093912,56.12587550284267,1.2047507926533099,1.208138859502742,-2.325014474557907,False,8.019436958133248e-05,77.26207613005441,-0.3079265330985237,0.318181818181887,1,3,bb_rejection_short,1.2038894239151532,TP3,2021-02-18 02:00:00+00:00,5.8057609040921765,605.9684449758786,60,True
2021-02-18 07:45:00+00:00,17,EUR_USD,SHORT,1.20448,1.2057110950021552,1.2037878099956896,1.2037878099956896,1.2037878099956896,806348.25,4,ASIAN,1.5,0.0004710950021552342,25.09862363320257,55.90765635937456,1.2044389983763453,1.207218463228727,-1.2644805230066503,False,6.800015443179773e-05,85.12641947424329,2.910016236548074,0.13432835820880684,7,3,bb_rejection_short,1.2057110950021552,SL,2021-02-18 08:30:00+00:00,-12.310950021552358,-992.6913005716207,45,False
2021-02-22 02:45:00+00:00,17,EUR_USD,LONG,1.21225,1.2106941124349866,1.213091775130027,1.213091775130027,1.213091775130027,631642.29,3,ASIAN,1.5,0.0005458875650135066,28.64282028143835,46.68795304921215,1.212158879032957,1.210414341578386,-7.76135763048913,False,-7.772207727404564e-05,18.342502903904478,-1.5887903295697114,0.3253012048193126,2,0,bb_rejection_long,1.2106941124349866,SL,2021-02-22 07:15:00+00:00,-15.558875650134585,-982.7643845476249,270,False
2021-02-23 08:45:00+00:00,17,EUR_USD,LONG,1.2160700000000002,1.2148233929749241,1.2169932140501516,1.2169932140501516,1.2169932140501516,780467.88,3,LONDON,1.5,0.0005566070250757305,26.990528399041523,37.31864212218996,1.2164223011960311,1.2138949462808575,-3.548084241682403,False,-0.00015750413597061589,15.420246791638485,-5.423011960310475,0.10769230769232346,8,1,bb_rejection_long,1.2148233929749241,SL,2021-02-23 09:45:00+00:00,-12.46607025076063,-972.9367420542218,60,False
2021-02-23 13:00:00+00:00,17,EUR_USD,LONG,1.21446,1.2133449958232483,1.2156200083535034,1.2156200083535034,1.2156200083535034,863859.88,3,OVERLAP,1.5,0.0006750041767517211,29.668047157843557,32.42056756631365,1.2157192788705995,1.2140697291928522,-9.477767239216561,False,-3.302089331169266e-05,32.3424869968539,-14.492788705995352,0.07499999999994449,13,1,bb_rejection_long,1.2156200083535034,TP3,2021-02-23 15:00:00+00:00,11.600083669314728,1002.084688656418,120,True
2021-02-23 15:00:00+00:00,17,EUR_USD,LONG,1.2149900000000002,1.2128679633347885,1.2163840733304228,1.2163840733304228,1.2163840733304228,458629.31,3,OVERLAP,1.5,0.0007920366652113817,25.56039316908369,46.40636071133932,1.215429074654572,1.2141153977276269,-2.1104345088440724,False,2.8558892036891978e-05,35.61434180139529,-6.290746545718484,0.27522935779822777,15,1,bb_rejection_long,1.2163840733304228,TP3,2021-02-23 15:30:00+00:00,13.940733608190348,639.362903561815,30,True
2021-02-26 14:45:00+00:00,17,EUR_USD,SHORT,1.21226,1.2149512708702896,1.2100874582594208,1.2100874582594208,1.2100874582594208,363999.72,3,OVERLAP,1.5,0.0011812708702896714,21.66618890264364,49.265764911370034,1.2135879990990461,1.215998137887745,2.20382745029557,False,0.00029881178640580014,68.92707765047963,-11.379990990461053,0.022222222222244153,14,4,bb_rejection_short,1.2100874582594208,TP3,2021-02-26 16:15:00+00:00,21.725418002643842,790.8046069845317,90,True
2021-03-11 07:30:00+00:00,17,EUR_USD,SHORT,1.1938,1.1951488488942095,1.1929923022115811,1.1929923022115811,1.1929923022115811,732127.89,4,ASIAN,1.5,0.0005288488942094156,23.105607452885693,67.97814101738516,1.1923968981694562,1.1907391166532106,32.90046803310131,False,0.00012540688302091892,90.29520393611494,16.531018305439016,0.04494382022476115,7,3,bb_rejection_short,1.1951488488942095,SL,2021-03-11 08:15:00+00:00,-13.488488942094978,-987.5298948464329,45,False
2021-03-15 01:45:00+00:00,17,EUR_USD,SHORT,1.1955099999999999,1.1967077645277846,1.1946644709444305,1.1946644709444305,1.1946644709444305,816232.72,3,ASIAN,1.5,0.0005477645277847382,24.835187720857043,56.76193372484085,1.1949831825157387,1.194407208729376,22.02445554828847,False,7.731479244546085e-05,65.64066818303905,7.768174842612829,0.355555555556038,1,0,bb_rejection_short,1.1946644709444305,TP3,2021-03-15 02:15:00+00:00,8.455290659282596,690.1484893216827,30,True
2021-03-16 01:45:00+00:00,17,EUR_USD,SHORT,1.19251,1.193600220646304,1.1919395587073918,1.1919395587073918,1.1919395587073918,903079.65,3,ASIAN,1.5,0.0004102206463041842,19.134209712167028,50.55833871465903,1.1927990921393457,1.1934900014905832,1.0839365484027752,False,1.7441145300794276e-05,74.23506521993475,-0.39092139345608956,0.29545454545446515,1,1,bb_rejection_short,1.193600220646304,SL,2021-03-16 03:15:00+00:00,-10.90220646304152,-984.5560796871274,90,False
2021-03-17 00:30:00+00:00,17,EUR_USD,SHORT,1.19013,1.1910250806743257,1.1895498386513483,1.1895498386513483,1.1895498386513483,1088963.88,5,ASIAN,1.5,0.00041508067432582577,8.909407231453633,49.605689064367695,1.190751107070272,1.1922469692626347,-11.15123297764642,False,5.622915904401108e-05,77.86549707602758,-3.711070702721031,0.15384615384606626,0,2,bb_rejection_short,1.1895498386513483,TP3,2021-03-17 01:15:00+00:00,5.801613539792211,631.7747590552659,45,True
2021-03-19 06:45:00+00:00,17,EUR_USD,SHORT,1.19228,1.1932227428552873,1.1915845142894255,1.1915845142894255,1.1915845142894255,1040610.66,2,ASIAN,1.5,0.0004727428552872677,24.98548869922161,63.21590787785766,1.191770902549777,1.1927110871221727,-0.6278433595796606,False,0.00014352421091826703,93.07228703554553,7.590974502231784,0.36842105263102537,6,4,bb_rejection_short,1.1932227428552873,SL,2021-03-19 07:30:00+00:00,-9.427428552872819,-981.0282648507829,45,False
2021-03-24 15:45:00+00:00,17,EUR_USD,SHORT,1.1828599999999998,1.184689340813071,1.181471318373858,1.181471318373858,1.181471318373858,530911.45,2,OVERLAP,1.5,0.0007893408130709378,26.038174896816404,51.71252711683638,1.1832988122723742,1.1865296793641034,3.6961878980235063,False,0.0001074683462140668,75.78663168707821,-2.4881227237427694,0.3539823008849627,15,2,bb_rejection_short,1.181471318373858,TP3,2021-03-24 19:45:00+00:00,13.886816522982551,737.2669896100624,240,True
2021-03-31 00:45:00+00:00,17,EUR_USD,SHORT,1.172,1.1728786037697418,1.1715327924605161,1.1715327924605161,1.1715327924605161,1113802.02,5,ASIAN,1.5,0.0003586037697419392,15.380802909226258,55.154036829704665,1.1724275276532137,1.175120032909206,-6.042079209742646,False,8.464672382090167e-05,57.35240413878491,-1.7752765321366049,0.053571428571371926,0,2,bb_rejection_short,1.1715327924605161,TP3,2021-03-31 01:30:00+00:00,4.67207543678525,520.3767059083794,45,True
2021-04-01 01:00:00+00:00,17,EUR_USD,SHORT,1.17264,1.1736612856453448,1.1719074287093105,1.1719074287093105,1.1719074287093105,963290.17,3,ASIAN,1.5,0.0004912856453447516,28.366841451157597,50.628147312261525,1.172973986400904,1.173750737943257,-7.0260247235287565,False,6.336225482278217e-05,71.33557800224635,-0.8398640090390153,0.16279069767439458,1,3,bb_rejection_short,1.1719074287093105,TP3,2021-04-01 04:45:00+00:00,7.325712982942636,705.6787304710019,225,True
2021-04-01 07:00:00+00:00,17,EUR_USD,SHORT,1.17296,1.1739769715518653,1.1720160568962696,1.1720160568962696,1.1720160568962696,974315.56,4,ASIAN,1.5,0.0005969715518651947,29.491450358532038,62.91893306097288,1.1725874319762961,1.1734569063741576,-1.306128379554572,False,0.0001503227012265357,85.38916910902448,6.225680237039732,0.015624999999926817,7,3,bb_rejection_short,1.1739769715518653,SL,2021-04-01 07:15:00+00:00,-10.169715518653087,-990.8512070597175,15,False
2021-04-01 12:30:00+00:00,17,EUR_USD,SHORT,1.1745499999999998,1.176143112064656,1.173213775870688,1.173213775870688,1.173213775870688,615739.92,4,LONDON,1.5,0.0007631120646559172,21.985441596438633,60.01435798478276,1.1734686246800918,1.1735741767344494,6.636012853853401,False,3.3848336034607805e-05,74.90955924623468,12.713753199080635,0.10112359550577496,12,3,bb_rejection_short,1.176143112064656,SL,2021-04-01 13:15:00+00:00,-15.93112064656177,-980.9426952424293,45,False
2021-04-07 07:30:00+00:00,17,EUR_USD,LONG,1.1874900000000002,1.1859495665347193,1.1883608669305614,1.1883608669305614,1.1883608669305614,630428.57,5,ASIAN,1.5,0.0005604334652807187,16.12804443820909,52.750394525103964,1.186698013341856,1.1830627109719791,28.869525561383558,False,-1.7239390930419603e-06,41.774972383107325,5.419866581439781,0.1084337349399202,7,2,bb_rejection_long,1.1883608669305614,TP3,2021-04-07 08:45:00+00:00,8.708669443751523,549.0194024026968,75,True
2021-05-03 01:00:00+00:00,17,EUR_USD,SHORT,1.20289,1.2040180857934024,1.2021838284131954,1.2021838284131954,1.2021838284131954,865735.1,4,ASIAN,1.5,0.0004780857934023776,19.078902284737786,52.53782751561695,1.203961527955357,1.2078422609934212,-25.32834843869347,False,0.00017843130862243991,89.60531243848237,-8.215279553569488,0.3582089552236036,1,0,bb_rejection_short,1.2021838284131954,TP3,2021-05-03 02:00:00+00:00,7.061715949615396,611.357536381188,60,True
2021-05-05 01:00:00+00:00,17,EUR_USD,SHORT,1.20162,1.2025407517962592,1.2011084964074812,1.2011084964074812,1.2011084964074812,1067320.25,3,ASIAN,1.5,0.0003807517962593855,28.496201767972806,55.6052981946887,1.2017578781759664,1.2036017778659887,1.288298160320167,False,8.77878472480184e-05,76.8893387314459,1.1212182403363968,0.2499999999998458,1,2,bb_rejection_short,1.2025407517962592,SL,2021-05-05 03:15:00+00:00,-9.207517962592782,-982.7370373714018,135,False
2021-05-10 07:15:00+00:00,17,EUR_USD,LONG,1.21512,1.2139949923482425,1.2159800153035152,1.2159800153035152,1.2159800153035152,864802.71,3,ASIAN,1.5,0.0005550076517576343,28.363067615676307,40.76598696307521,1.215300084413983,1.2105793680760826,16.55332075524152,False,-3.8138649775909896e-05,35.83410138248309,-4.300844139830673,0.29090909090895145,7,0,bb_rejection_long,1.2139949923482425,SL,2021-05-10 07:30:00+00:00,-11.250076517574925,-972.9096660106158,15,False
2021-05-11 06:30:00+00:00,17,EUR_USD,LONG,1.2139300000000002,1.21284761493616,1.2145847701276802,1.2145847701276802,1.2145847701276802,889868.68,4,ASIAN,1.5,0.0004523850638400581,27.784564178085002,43.50600589777937,1.214229171264983,1.2130906546333131,-18.189713354954673,False,-6.739395531762828e-05,12.862239415426904,-5.4917126498299496,0.16417910447770592,6,1,bb_rejection_long,1.21284761493616,SL,2021-05-11 07:00:00+00:00,-10.823850638401742,-963.1805680111718,30,False
2021-05-13 01:45:00+00:00,17,EUR_USD,SHORT,1.2083599999999999,1.2093966232478321,1.2075767535043358,1.2075767535043358,1.2075767535043358,919860.49,3,ASIAN,1.5,0.0005166232478320864,28.992980456235085,59.59541336398594,1.2084282324722317,1.211332687377366,-9.919239117319734,False,0.00018299316753866198,87.97139271555777,1.8176752776821736,0.3396226415096158,1,3,bb_rejection_short,1.2075767535043358,TP3,2021-05-13 03:30:00+00:00,7.832465041789206,720.477513124809,105,True
2021-05-21 06:45:00+00:00,17,EUR_USD,LONG,1.22285,1.2218558617689355,1.2234282764621287,1.2234282764621287,1.2234282764621287,966418.46,3,ASIAN,1.5,0.0004141382310644498,29.20391708729629,41.32184925206091,1.2227430319635169,1.2209862790815607,13.811719622767171,False,-0.0001088200832808499,12.161666207907041,-1.4303196351694858,0.27659574468079073,6,4,bb_rejection_long,1.2234282764621287,TP3,2021-05-21 07:00:00+00:00,5.7827646811241955,558.8570537674436,15,True
2021-05-21 08:00:00+00:00,17,EUR_USD,LONG,1.2219300000000002,1.2206061716914332,1.2230476566171335,1.2230476566171335,1.2230476566171335,729960.3,4,LONDON,1.5,0.0006538283085667634,28.081134677401632,38.22925259419221,1.2226236428949642,1.221040771383011,0.6333333333330415,False,-0.00020393357026328427,22.22497932175317,-8.836428949641206,0.12987012987012614,8,4,bb_rejection_long,1.2230476566171335,TP3,2021-05-21 09:15:00+00:00,11.176566324445643,815.8449707162239,75,True
2021-05-25 13:30:00+00:00,17,EUR_USD,LONG,1.2255600000000002,1.2233108780266413,1.2269082439467176,1.2269082439467176,1.2269082439467176,433280.44,3,OVERLAP,1.5,0.0007691219733588162,25.929976032120955,52.259538939450856,1.2244531269057042,1.2220694981346487,-0.5431880018069712,False,-0.00014393634641484548,35.952099621016856,9.168730942958891,0.35714285714301575,13,1,bb_rejection_long,1.2233108780266413,SL,2021-05-25 15:45:00+00:00,-22.491219733589137,-974.5005582306186,135,False
2021-05-26 01:00:00+00:00,17,EUR_USD,LONG,1.2248,1.224096015030783,1.225357969938434,1.225357969938434,1.225357969938434,1370420.67,4,ASIAN,1.5,0.00040398496921702925,25.6129283607346,43.4990174470448,1.2247538905371658,1.2230523353487426,-4.063618081093789,False,-5.865071442430895e-05,20.14907135874928,-2.038905371657407,0.12121212121218237,1,2,bb_rejection_long,1.225357969938434,TP3,2021-05-26 03:00:00+00:00,5.579699425054562,764.6535424481888,120,True
2021-05-27 13:30:00+00:00,17,EUR_USD,LONG,1.2188800000000002,1.2171922653357106,1.220245469328579,1.220245469328579,1.220245469328579,576158.16,3,OVERLAP,1.5,0.0007777346642894506,21.296291310205305,40.91359472232341,1.2195880608531033,1.2210535491425594,-8.967561457631223,False,-0.00017633446800957437,27.270822438906418,-8.980608531032885,0.1428571428571752,13,3,bb_rejection_long,1.220245469328579,TP3,2021-05-27 14:00:00+00:00,13.654693522782848,786.7263095450485,30,True
2021-06-04 12:15:00+00:00,17,EUR_USD,SHORT,1.2113099999999999,1.21252642962403,1.21042714075194,1.21042714075194,1.21042714075194,805857.84,4,LONDON,1.5,0.000536429624029954,17.188774978004915,52.28102743665582,1.211706101414226,1.2152632524841918,2.2433359465878766,False,7.553252735688138e-05,70.26190173036632,-2.0610141422605643,0.2891566265060853,12,4,bb_rejection_short,1.21252642962403,SL,2021-06-04 12:30:00+00:00,-12.16429624030013,-980.2693493328385,15,False
2021-06-07 00:15:00+00:00,17,EUR_USD,SHORT,1.2166899999999998,1.2174655698096575,1.216248860380685,1.216248860380685,1.216248860380685,1251295.05,2,ASIAN,1.5,0.00034556980965745577,29.85393106635786,62.28913531819797,1.2158611886583168,1.2157762882985994,20.166325313557554,False,1.4613618229835371e-05,72.93342396435112,10.788113416830836,0.22580645161292634,0,0,bb_rejection_short,1.216248860380685,TP3,2021-06-07 01:30:00+00:00,4.411396228403763,551.9958264190299,75,True
2021-06-08 02:30:00+00:00,17,EUR_USD,LONG,1.2187000000000001,1.2180068413238523,1.2191363173522956,1.2191363173522956,1.2191363173522956,1408027.7,5,ASIAN,1.5,0.00034315867614778564,16.3670551456762,38.585766621599944,1.218643908361216,1.2172261609286636,6.21451166439968,False,-6.232602801004358e-05,23.806740915339244,-1.9390836121591093,0.17647058823514045,2,1,bb_rejection_long,1.2180068413238523,SL,2021-06-08 03:00:00+00:00,-6.931586761478314,-975.986616511476,30,False
2021-06-08 12:30:00+00:00,17,EUR_USD,SHORT,1.2178799999999999,1.21939276721911,1.21692446556178,1.21692446556178,1.21692446556178,638714.76,3,LONDON,1.5,0.0005727672191100244,21.923897194196968,54.40143926737242,1.217902727731178,1.2173916651323136,4.491247377012009,False,0.00011419742036165311,79.20472669276661,1.6727226882196078,0.38157894736853637,12,1,bb_rejection_short,1.21735,TIME,2021-06-08 20:30:00+00:00,5.299999999999194,338.51882279994857,480,True
2021-06-11 07:45:00+00:00,17,EUR_USD,LONG,1.2185300000000001,1.2174933809640212,1.2192532380719578,1.2192532380719578,1.2192532380719578,935359.96,4,ASIAN,1.5,0.00048661903597890506,23.077741393994,47.44171424190825,1.2181986323565541,1.217771137256024,7.798766711839544,False,-0.00011799281221779593,30.90369907913269,0.8136764344590652,0.11267605633814269,7,4,bb_rejection_long,1.2174933809640212,SL,2021-06-11 08:15:00+00:00,-10.366190359789584,-969.6119400285171,30,False
2021-06-14 07:00:00+00:00,17,EUR_USD,SHORT,1.2098799999999998,1.211455937068225,1.20907812586355,1.20907812586355,1.20907812586355,609107.97,4,ASIAN,1.5,0.00052593706822497,27.673685972392402,48.30842209579679,1.2105899375063711,1.2136918036964655,-19.02611131920917,False,3.885598179255575e-05,60.8467690870384,-4.599375063711886,0.1523178807948052,7,0,bb_rejection_short,1.211455937068225,SL,2021-06-14 07:15:00+00:00,-15.759370682251193,-959.9158284743539,15,False
2021-06-14 07:45:00+00:00,17,EUR_USD,SHORT,1.21156,1.212687953257613,1.2105540934847738,1.2105540934847738,1.2105540934847738,842514.22,4,ASIAN,1.5,0.0006279532576130605,23.621650695487897,67.83061142197576,1.2107040858922065,1.2136297543320456,-1.9387929883385446,False,0.00020652426593860513,88.89084019673415,11.05914107793593,0.02898550724625089,7,0,bb_rejection_short,1.212687953257613,SL,2021-06-14 13:00:00+00:00,-11.279532576129458,-950.3166590342302,315,False
2021-06-24 07:15:00+00:00,17,EUR_USD,SHORT,1.1934799999999999,1.194423426169797,1.192783147660406,1.192783147660406,1.192783147660406,997230.66,3,ASIAN,1.5,0.00047342616979697676,24.286828791587713,68.36651696138216,1.192929685125176,1.192713078154324,-2.9977008127346494,False,0.00018043063854447097,85.8804112932091,8.003148748239042,0.20454545454578715,7,3,bb_rejection_short,1.192783147660406,TP3,2021-06-24 08:00:00+00:00,6.968523465816983,694.9225255042157,45,True
2021-06-25 07:00:00+00:00,17,EUR_USD,SHORT,1.1940799999999998,1.1951120576122525,1.193505884775495,1.193505884775495,1.193505884775495,918323.47,3,ASIAN,1.5,0.0004120576122524902,21.93699166494924,57.629412254586086,1.1937612286248787,1.1932726721089568,5.497173440249803,False,3.9747829271468766e-05,73.66227201569073,5.687713751212353,0.21505376344105276,7,4,bb_rejection_short,1.1951120576122525,SL,2021-06-25 12:15:00+00:00,-10.320576122526681,-947.7627277237847,315,False
2021-06-28 06:30:00+00:00,17,EUR_USD,SHORT,1.1928299999999998,1.19372104511331,1.19231790977338,1.19231790977338,1.19231790977338,1053016.38,3,ASIAN,1.5,0.00038104511330988843,28.510438910651935,55.70834425165289,1.1930856840469681,1.1934646871368089,-13.684179023958354,False,0.0001284596033959325,79.4164759725373,-0.05684046968212897,0.2631578947367806,6,0,bb_rejection_short,1.19372104511331,SL,2021-06-28 07:00:00+00:00,-8.910451133101738,-938.285099634569,30,False
2021-06-30 00:30:00+00:00,17,EUR_USD,SHORT,1.1901899999999999,1.1910059661188368,1.1897080677623262,1.1897080677623262,1.1897080677623262,1138407.86,3,ASIAN,1.5,0.0003659661188368865,20.42108485793245,57.736083319781045,1.1901202445548837,1.1913821651149725,6.584053212799201,False,7.008355727172322e-05,87.62290341237059,3.197554451161988,0.2941176470590028,0,2,bb_rejection_short,1.1897080677623262,TP3,2021-06-30 01:15:00+00:00,4.819322419070649,548.6354521744241,45,True
2021-07-07 12:15:00+00:00,17,EUR_USD,SHORT,1.1825499999999998,1.1843251528198058,1.1813696943603886,1.1813696943603886,1.1813696943603886,526370.79,3,LONDON,1.5,0.0006851528198056824,21.394703533462195,54.5097602359766,1.1824169976612322,1.1837743576616735,3.4315141460838916,False,6.467222193600955e-05,72.71114251778464,3.2300233876769724,0.3367346938777244,12,2,bb_rejection_short,1.1813696943603886,TP3,2021-07-07 12:45:00+00:00,11.803056620345982,621.2784237666245,30,True
2021-07-09 00:15:00+00:00,17,EUR_USD,SHORT,1.18427,1.185406806300284,1.1836863873994317,1.1836863873994317,1.1836863873994317,827406.91,4,ASIAN,1.5,0.0004168063002841269,18.805025659968067,51.72605188605654,1.1840709762468957,1.1828701813308997,4.988762832038862,False,-7.220842551006003e-06,67.40162918868522,4.49023753104294,0.35294117647071627,0,4,bb_rejection_short,1.1836863873994317,TP3,2021-07-09 01:45:00+00:00,5.836126076217865,482.88510430938493,90,True
2021-07-16 15:00:00+00:00,17,EUR_USD,SHORT,1.18048,1.1818305582207755,1.1792288835584495,1.1792288835584495,1.1792288835584495,700029.23,2,OVERLAP,1.5,0.0007205582207753645,22.076379762969264,51.456809707685416,1.180693892837787,1.181395457237444,0.841366127644072,False,6.438216488749773e-05,73.18765862173682,-0.2389283778692075,0.38888888888840917,15,4,bb_rejection_short,1.1818305582207755,SL,2021-07-16 17:30:00+00:00,-13.505582207755664,-945.4302313596896,150,False
2021-07-21 14:00:00+00:00,17,EUR_USD,SHORT,1.1782599999999999,1.1796124530217542,1.1770450939564914,1.1770450939564914,1.1770450939564914,692058.0,3,OVERLAP,1.5,0.0007024530217542671,28.5936237689596,62.677696934192284,1.177257965606599,1.178165532449998,11.8339443277371,False,0.00016402239560926442,91.80805895830046,11.92034393401098,0.38571428571431743,14,2,bb_rejection_short,1.1796124530217542,SL,2021-07-21 14:30:00+00:00,-13.524530217543518,-935.9759333292732,30,False
2021-07-23 08:15:00+00:00,17,EUR_USD,SHORT,1.1778,1.1789350590139298,1.1768598819721403,1.1768598819721403,1.1768598819721403,816359.47,2,LONDON,1.5,0.0005650590139299079,28.689844356060732,59.01940831989985,1.1773698815156923,1.1780821475901733,-0.07202630976088642,False,0.00013485350615136793,87.20866695918313,6.201184843077634,0.33823529411757025,8,4,bb_rejection_short,1.1768598819721403,TP3,2021-07-23 09:15:00+00:00,9.401180393756299,767.4742643621283,60,True
2021-07-29 00:45:00+00:00,17,EUR_USD,LONG,1.18459,1.1835984272060673,1.185263145587865,1.185263145587865,1.185263145587865,942231.29,4,ASIAN,1.5,0.00046157279393254334,15.356831025223268,59.03175679171287,1.1831495834073984,1.1815082476366927,29.15814538782424,False,-0.00015784503340449444,29.34689225915045,11.904165926015509,0.2826086956520165,0,3,bb_rejection_long,1.185263145587865,TP3,2021-07-29 02:30:00+00:00,6.7314559500918545,634.2588423433225,105,True
2021-08-09 06:30:00+00:00,17,EUR_USD,SHORT,1.17604,1.177043385972545,1.1755232280549097,1.1755232280549097,1.1755232280549097,937459.29,3,ASIAN,1.5,0.00038338597254512704,28.697113992607314,56.46833697675256,1.1761843065741602,1.1795829607842268,-13.449222955466134,False,4.518363632026017e-05,71.24183006535624,1.0569342583988117,0.2222222222221674,6,0,bb_rejection_short,1.1755232280549097,TP3,2021-08-09 07:00:00+00:00,5.167719506027287,484.45266590394914,30,True
2021-08-11 12:15:00+00:00,17,EUR_USD,SHORT,1.1715399999999998,1.1725122337589304,1.1709055324821391,1.1709055324821391,1.1709055324821391,972480.15,4,LONDON,1.5,0.00041223375893040574,12.32863790795187,56.6633356125998,1.1715676855578168,1.1731746942854062,3.332709021341973,False,8.206179294136537e-05,75.1955863067037,1.623144421831757,0.22916666666686905,12,2,bb_rejection_short,1.1725122337589304,SL,2021-08-11 12:30:00+00:00,-9.722337589306296,-945.4780317199226,15,False
2021-08-16 08:15:00+00:00,17,EUR_USD,LONG,1.1787800000000002,1.1777892244273889,1.1794515511452224,1.1794515511452224,1.1794515511452224,944737.92,3,LONDON,1.5,0.0004307755726111923,25.97283344908338,44.433069678290536,1.1789024588892205,1.1767811616156938,1.6308967713429823,False,-4.134872070021939e-05,35.933806146573055,-3.1245888922049048,0.2826086956521529,8,0,bb_rejection_long,1.1777892244273889,SL,2021-08-16 09:30:00+00:00,-9.90775572611291,-936.0232536556001,75,False
2021-08-19 07:15:00+00:00,17,EUR_USD,SHORT,1.16739,1.1685917276482232,1.1664765447035539,1.1664765447035539,1.1664765447035539,771109.01,3,ASIAN,1.5,0.0005817276482230986,28.517310950053027,42.48838472206815,1.1688111164590425,1.1714893714467465,-28.160126726559653,False,0.00013953969409649701,66.19565217390846,-11.711164590424428,0.23333333333340736,7,3,bb_rejection_short,1.1685917276482232,SL,2021-08-19 08:15:00+00:00,-12.017276482232386,-926.6630171110498,60,False
2021-08-26 01:15:00+00:00,17,EUR_USD,LONG,1.17663,1.1759588429674668,1.177002314065066,1.177002314065066,1.177002314065066,1366887.84,3,ASIAN,1.5,0.00031115703253307937,28.256158889546246,40.78423453346534,1.1763349791010895,1.1748148632440398,12.52413373094674,False,-0.00014985491942985996,9.553686770174183,0.450208989104528,0.18181818181827358,1,3,bb_rejection_long,1.1759588429674668,SL,2021-08-26 06:30:00+00:00,-6.711570325332871,-917.3963865002347,315,False
2021-08-30 08:45:00+00:00,17,EUR_USD,LONG,1.18005,1.1788555882612481,1.1808888234775037,1.1808888234775037,1.1808888234775037,760393.08,4,LONDON,1.5,0.0005144117387518387,26.240843666900908,47.47070077486207,1.1798287703730068,1.1778801198629418,-0.7948871815011138,False,-2.0855255723337345e-05,55.079787850246866,0.31229626993090065,0.09090909090911713,8,0,bb_rejection_long,1.1788555882612481,SL,2021-08-30 12:45:00+00:00,-11.944117387518991,-908.2224208177121,240,False
2021-08-31 15:00:00+00:00,17,EUR_USD,LONG,1.1805800000000002,1.1791578785470904,1.1821742429058195,1.1821742429058195,1.1821742429058195,632252.75,4,OVERLAP,1.5,0.0008921214529097058,27.955374038737762,33.96315832344264,1.18219381437433,1.1803003779463515,-20.257165009742728,False,-0.0003297176540997256,23.52479864349446,-18.038143743299706,0.022988505747278985,15,1,bb_rejection_long,1.18096,TIME,2021-08-31 23:00:00+00:00,3.799999999998249,240.2560449998893,480,True
2021-09-03 12:30:00+00:00,17,EUR_USD,LONG,1.1875000000000002,1.1858335235883446,1.1887429528233107,1.1887429528233107,1.1887429528233107,540987.41,4,LONDON,1.5,0.0007164764116552975,25.74362884807899,48.39324126267917,1.1873782419008652,1.1856636670787661,-4.202537841215825,False,1.4983033718644781e-05,24.157088122602612,-0.6824190086507365,0.04597701149424701,12,4,bb_rejection_long,1.1887429528233107,TP3,2021-09-03 12:45:00+00:00,12.429528462860725,672.4218410644305,15,True
2021-09-15 06:45:00+00:00,17,EUR_USD,SHORT,1.1804999999999999,1.18156931921715,1.1799513615657002,1.1799513615657002,1.1799513615657002,849388.06,5,ASIAN,1.5,0.0003993192171498754,19.98124103846404,52.731850700888494,1.1807519666268165,1.1810816104291606,-9.701570530384895,False,2.1205158295538977e-05,69.33152664859229,-0.019666268165074996,0.05882352941171348,6,2,bb_rejection_short,1.18156931921715,SL,2021-09-15 07:30:00+00:00,-10.69319217150033,-908.2669753757855,45,False
2021-09-22 01:30:00+00:00,17,EUR_USD,SHORT,1.17259,1.173385878229102,1.1721482435417963,1.1721482435417963,1.1721482435417963,1129801.36,3,ASIAN,1.5,0.0003458782291019595,26.227535340265405,57.82226382654989,1.1726123508018707,1.1731638204183752,-0.9830266788068975,False,6.286994787252604e-05,92.54298941798798,2.2764919812945372,0.2333333333324945,1,2,bb_rejection_short,1.1721482435417963,TP3,2021-09-22 03:30:00+00:00,4.417564621138046,499.097051684965,120,True
2021-09-22 07:15:00+00:00,17,EUR_USD,SHORT,1.1726599999999998,1.1736697257437145,1.1720905485125706,1.1720905485125706,1.1720905485125706,895466.2,3,ASIAN,1.5,0.0004097257437146211,25.3177057403591,61.15126570791967,1.1724768866799784,1.1730008661208395,0.4258442561511089,False,9.997828143027864e-05,84.34510745031587,4.331133200214943,0.20270270270284058,7,2,bb_rejection_short,1.1736697257437145,SL,2021-09-22 07:30:00+00:00,-10.097257437147176,-904.1752747663921,15,False
2021-09-22 14:15:00+00:00,17,EUR_USD,SHORT,1.17335,1.1750824368543402,1.1723551262913197,1.1723551262913197,1.1723551262913197,516690.42,3,OVERLAP,1.5,0.0005924368543401951,28.139637546470293,56.815015522704606,1.1728824308165735,1.1730149114318071,4.422474117387054,False,4.6315300764711604e-05,74.99202228145082,6.575691834265207,0.37037037037033993,14,2,bb_rejection_short,1.1723551262913197,TP3,2021-09-22 17:30:00+00:00,9.948737279349677,514.0417243336842,195,True
2021-09-22 18:15:00+00:00,17,EUR_USD,SHORT,1.1743899999999998,1.1764983934756785,1.172743213048643,1.172743213048643,1.172743213048643,426995.22,3,NY,1.5,0.0009483934756784625,29.653547960028995,60.63934807295937,1.1732367229749312,1.1731048405418787,12.318302209148868,False,8.428325280038018e-05,72.98371889770817,14.032770250687054,0.34831460674158704,18,2,bb_rejection_short,1.172743213048643,TP3,2021-09-22 18:30:00+00:00,16.467869899236533,703.1701730555881,15,True
2021-09-23 02:45:00+00:00,17,EUR_USD,SHORT,1.16946,1.1703394049926483,1.1687711900147033,1.1687711900147033,1.1687711900147033,1031726.74,4,ASIAN,1.5,0.0004694049926484021,26.571432780942683,52.27261472542442,1.1702395191644828,1.171989598264138,-22.776677034859194,False,0.00021845107958613959,92.67793138760673,-5.295191644827391,0.19999999999964474,2,3,bb_rejection_short,1.1703394049926483,SL,2021-09-23 03:00:00+00:00,-8.794049926483805,-907.3056462048376,15,False
2021-10-04 06:45:00+00:00,17,EUR_USD,SHORT,1.1604299999999999,1.1612868890528862,1.1599462218942276,1.1599462218942276,1.1599462218942276,1048248.41,4,ASIAN,1.5,0.0003668890528861947,28.554164517713232,65.16662740868566,1.1598091710288212,1.159971234010901,11.578861149887931,False,0.0001521411033079518,82.2685185185184,8.708289711787387,0.05882352941214886,6,0,bb_rejection_short,1.1612868890528862,SL,2021-10-04 08:00:00+00:00,-8.568890528863893,-898.2325872345635,75,False
2021-10-04 08:30:00+00:00,17,EUR_USD,SHORT,1.1606899999999998,1.1619813475605756,1.1598973048788483,1.1598973048788483,1.1598973048788483,688621.94,3,LONDON,1.5,0.0004913475605757567,24.889310184175322,60.66696112829253,1.1600450605195494,1.160024739848994,-2.3330036968927104,False,0.00012065597664170008,66.87242798353574,8.349394804505472,0.3118279569894219,8,0,bb_rejection_short,1.1619813475605756,SL,2021-10-04 10:45:00+00:00,-12.91347560575806,-889.2502623779791,135,False
2021-10-05 11:30:00+00:00,17,EUR_USD,SHORT,1.1599,1.1610159340500705,1.159078131899859,1.159078131899859,1.159078131899859,788897.66,4,LONDON,1.5,0.0005059340500705096,16.478699743013987,51.397794082062454,1.160273504753709,1.1606494281059405,0.9442016686156407,False,4.429910266288589e-05,73.51524261399668,-1.835047537088741,0.18749999999982653,11,1,bb_rejection_short,1.159078131899859,TP3,2021-10-05 13:00:00+00:00,8.21868110558774,648.3698292484381,90,True
2021-10-07 00:15:00+00:00,17,EUR_USD,SHORT,1.1555,1.1562530091950824,1.1550639816098354,1.1550639816098354,1.1550639816098354,1177729.92,3,ASIAN,1.5,0.0003430091950823963,28.51470575429606,57.48427721148323,1.155447357586271,1.1574718967292383,12.432100308406024,False,-5.379455053621158e-06,77.46341665630528,3.0264241372912615,0.22727272727270434,0,3,bb_rejection_short,1.1550639816098354,TP3,2021-10-07 05:45:00+00:00,4.360183938667986,513.5119081272733,330,True
2021-10-15 09:00:00+00:00,17,EUR_USD,LONG,1.1605500000000002,1.159698203369679,1.161323593260642,1.161323593260642,1.161323593260642,1047170.82,4,LONDON,1.5,0.0004817966303209784,27.14171354474194,44.00834448413696,1.160461770998189,1.1591324763417696,-5.008129110075643,False,-0.00011759517449243614,21.421807359309337,-1.0177099818897695,0.1578947368419515,9,4,bb_rejection_long,1.159698203369679,SL,2021-10-15 12:15:00+00:00,-8.517966303211999,-891.9765758466878,195,False
2021-10-21 12:15:00+00:00,17,EUR_USD,LONG,1.16395,1.162976077572336,1.1647478448553281,1.1647478448553281,1.1647478448553281,906701.38,4,LONDON,1.5,0.0004939224276641398,28.63319540372914,40.39605035340086,1.1645637863188258,1.1641323274057451,-1.9715438834233545,False,3.3767676619119976e-05,48.51726392106648,-8.037863188259387,0.11666666666670368,12,3,bb_rejection_long,1.1647478448553281,TP3,2021-10-21 12:45:00+00:00,7.978448641275007,723.4070393303174,30,True
2021-10-26 07:00:00+00:00,17,EUR_USD,SHORT,1.1600599999999999,1.1610027948364074,1.1595644103271852,1.1595644103271852,1.1595644103271852,944310.31,4,ASIAN,1.5,0.0003727948364074021,29.31600539293531,48.75457190472406,1.160614296131298,1.1621549487258744,-9.164982927045706,False,6.223853288357622e-05,75.59067688378836,-3.042961312980097,0.1495327102802982,7,1,bb_rejection_short,1.1595644103271852,TP3,2021-10-26 07:15:00+00:00,4.955896780628768,467.9904425243554,15,True
2021-10-26 09:00:00+00:00,17,EUR_USD,SHORT,1.1606199999999998,1.1617811743282147,1.1597476513435703,1.1597476513435703,1.1597476513435703,770746.27,3,LONDON,1.5,0.0005311743282148589,29.113197464212277,56.119758071336044,1.1605634647883856,1.1620202900721495,1.3421984627282058,False,8.570168161762347e-05,64.10500976517777,2.4653521161432934,0.05172413793139092,9,1,bb_rejection_short,1.1617811743282147,SL,2021-10-26 09:45:00+00:00,-11.611743282149423,-894.9707822914226,45,False
2021-11-01 08:00:00+00:00,17,EUR_USD,SHORT,1.15587,1.1574450839936095,1.1549098320127813,1.1549098320127813,1.1549098320127813,562523.07,3,LONDON,1.5,0.000575083993609348,20.381343936043503,55.33294138424576,1.1561952624806038,1.1598821028876893,-2.3333333333330764,False,8.980846352182057e-05,72.56673077785132,-1.3526248060369284,0.31521739130422977,8,0,bb_rejection_short,1.1574450839936095,SL,2021-11-01 08:45:00+00:00,-15.750839936095051,-886.0210835930791,45,False
2021-11-01 13:15:00+00:00,17,EUR_USD,SHORT,1.1573099999999998,1.1586001380749118,1.1563397238501767,1.1563397238501767,1.1563397238501767,679896.89,2,OVERLAP,1.5,0.0005801380749116703,28.37794955129056,57.796564088587495,1.1567895809652253,1.1593733486011264,3.6689344119378298,False,1.657242945308368e-05,59.48148148147798,7.104190347746453,0.3214285714286281,13,0,bb_rejection_short,1.1586001380749118,SL,2021-11-01 15:15:00+00:00,-12.901380749119618,-877.1608648032299,120,False
2021-11-03 08:30:00+00:00,17,EUR_USD,SHORT,1.1585199999999998,1.1592019484352991,1.1579861031294016,1.1579861031294016,1.1579861031294016,1273394.31,3,LONDON,1.5,0.0003619484352990977,23.68871003250435,58.3726016853281,1.1583189126110551,1.1588976716864308,1.9655483315528244,False,3.360208290726941e-05,77.2106398274583,3.9108738894477746,0.26470588235336373,8,2,bb_rejection_short,1.1592019484352991,SL,2021-11-03 09:15:00+00:00,-6.819484352993399,-868.3892572235826,45,False
2021-11-12 15:15:00+00:00,17,EUR_USD,SHORT,1.1448599999999998,1.146949831481618,1.1435503370367641,1.1435503370367641,1.1435503370367641,411375.45,3,OVERLAP,1.5,0.0007498314816178377,29.932279013137638,54.7816094710943,1.1445840734852308,1.1472207698575492,4.037671204073501,False,1.1866453210964149e-05,61.56350414340839,4.659265147690661,0.2465753424658451,15,4,bb_rejection_short,1.14421,TIME,2021-11-14 23:15:00+00:00,6.499999999998173,267.39404249992486,3360,True
2021-11-18 15:45:00+00:00,17,EUR_USD,SHORT,1.13462,1.1366609918215305,1.133048016356939,1.133048016356939,1.133048016356939,422529.53,3,OVERLAP,1.5,0.0008809918215305604,26.306035871611225,59.49782362814697,1.1335408566159313,1.133679731700501,9.046717238505586,False,5.271914031863823e-05,57.78200960917363,12.691433840688049,0.023437499999981026,15,3,bb_rejection_short,1.1366609918215305,SL,2021-11-18 17:00:00+00:00,-20.40991821530502,-862.379315085127,75,False
2021-12-01 08:45:00+00:00,17,EUR_USD,LONG,1.13105,1.1292953582235374,1.132769283552925,1.132769283552925,1.132769283552925,486569.69,3,LONDON,1.5,0.0009546417764625785,26.348537502462754,35.416726524409825,1.1327925344679084,1.131242454051613,-16.270833045191058,False,-0.00026707682939876244,8.026747604869165,-19.3253446790842,0.30864197530875365,8,2,bb_rejection_long,1.132769283552925,TP3,2021-12-01 09:15:00+00:00,17.192835882597294,836.5512825616241,30,True
2021-12-06 22:30:00+00:00,17,EUR_USD,SHORT,1.12815,1.1289527881707444,1.127614423658511,1.127614423658511,1.127614423658511,1073908.48,3,NY,1.5,0.00039278817074448326,21.113262777183152,52.65966801898228,1.1285028183577142,1.129551372981798,-5.135958991522305,False,7.859837230344085e-05,61.224489795926694,-1.028183577140851,0.18749999999991326,22,0,bb_rejection_short,1.127614423658511,TP3,2021-12-07 01:00:00+00:00,5.3557634647609955,575.1599801681015,150,True
2021-12-08 10:45:00+00:00,17,EUR_USD,SHORT,1.1290099999999998,1.130320306344558,1.1278993873108838,1.1278993873108838,1.1278993873108838,662343.3,2,LONDON,1.5,0.0006503063445580435,28.294543956985873,58.33480431094198,1.1282697086705873,1.1280268401313107,6.004128944849807,False,2.9738838351824524e-05,79.61816553092396,9.302913294126913,0.22222222222230054,10,2,bb_rejection_short,1.1278993873108838,TP3,2021-12-08 11:30:00+00:00,11.106127058839839,735.6068846371275,45,True
2021-12-20 07:45:00+00:00,17,EUR_USD,SHORT,1.1252499999999999,1.1266003807002942,1.1245392385994117,1.1245392385994117,1.1245392385994117,648134.78,3,ASIAN,1.5,0.0004803807002941079,26.20755124721054,58.003958661402294,1.1254391791720681,1.1281523990340523,-30.444818877546354,False,6.2108224938493e-05,67.92597625471437,0.6082082793179566,0.2380952380954227,7,0,bb_rejection_short,1.1266003807002942,SL,2021-12-20 08:45:00+00:00,-13.503807002943624,-875.2286981015326,60,False
2022-01-05 01:45:00+00:00,17,EUR_USD,SHORT,1.12832,1.1292877282133862,1.1277145435732276,1.1277145435732276,1.1277145435732276,895371.65,4,ASIAN,1.5,0.00042772821338619765,17.595670502428156,51.37029491034606,1.1286959197992525,1.1303915262139446,-6.114546488589223,False,5.724782223368548e-05,91.00665222698859,-1.2591979925247188,0.3333333333328848,1,2,bb_rejection_short,1.1292877282133862,SL,2022-01-05 02:30:00+00:00,-9.677282133861986,-866.4764071711528,45,False
2022-01-06 01:15:00+00:00,17,EUR_USD,LONG,1.1309500000000001,1.1301806719980956,1.131558656003809,1.131558656003809,1.131558656003809,1115014.2,4,ASIAN,1.5,0.0004293280019044183,28.608074931074615,39.02263002737317,1.1314746439216243,1.1309989157847755,-12.159162663352152,False,7.947990128439751e-06,18.612078977937497,-7.746439216242962,0.17647058823514045,1,3,bb_rejection_long,1.131558656003809,TP3,2022-01-06 01:45:00+00:00,6.086560092675005,678.6600932485946,30,True
2022-01-07 01:15:00+00:00,17,EUR_USD,SHORT,1.1294,1.1304357742785496,1.1287984514429006,1.1287984514429006,1.1287984514429006,834736.16,4,ASIAN,1.5,0.00042577427854967613,13.681382530994473,50.64591689291139,1.1298663908240847,1.1305198537099481,-10.342123411668513,False,5.415209037556496e-05,70.19749398390876,-2.163908240846446,0.2564102564103002,1,4,bb_rejection_short,1.1304357742785496,SL,2022-01-07 07:15:00+00:00,-10.35774278549617,-864.5982439032778,360,False
2022-01-07 08:00:00+00:00,17,EUR_USD,SHORT,1.13028,1.1310873487004742,1.1297753025990518,1.1297753025990518,1.1297753025990518,1060201.45,5,LONDON,1.5,0.00034734870047413246,18.054851224523777,59.67513238089869,1.1300363208430144,1.1304154892366727,0.20000000000131024,False,2.5204924754616142e-05,74.17553191489333,4.336791569856668,0.11666666666666049,8,4,bb_rejection_short,1.1310873487004742,SL,2022-01-07 08:30:00+00:00,-8.073487004742752,-855.9522628984422,30,False
2022-01-11 14:45:00+00:00,17,EUR_USD,LONG,1.1325100000000001,1.1305674039262648,1.1337851921474702,1.1337851921474702,1.1337851921474702,436216.64,4,OVERLAP,1.5,0.0007325960737351265,21.393858039262597,39.59000395274247,1.133318427360559,1.1329656374522268,-10.447097874235478,False,-0.00010153387980474648,30.300139298022156,-9.984273605589955,0.1832061068702536,14,1,bb_rejection_long,1.1337851921474702,TP3,2022-01-11 15:00:00+00:00,12.751921767030735,556.260046675701,15,True
2022-01-14 00:45:00+00:00,17,EUR_USD,LONG,1.14588,1.1446810731925718,1.1464878536148564,1.1464878536148564,1.1464878536148564,711432.37,4,ASIAN,1.5,0.0004289268074282775,17.667251845138182,48.307142358674376,1.1457757651757985,1.1429062025890344,-7.807349989612522,False,2.2873722869837742e-05,37.48366013071641,-1.457651757985623,0.333333333333136,0,4,bb_rejection_long,1.1464878536148564,TP3,2022-01-14 01:30:00+00:00,6.078536234004611,432.44674390887747,45,True
2022-01-18 08:45:00+00:00,17,EUR_USD,LONG,1.1396600000000001,1.1379698114346577,1.1409103771306843,1.1409103771306843,1.1409103771306843,507209.57,4,LONDON,1.5,0.0007201885653421833,24.051266057067167,43.97043514634929,1.1403611732581709,1.1415018957297958,-3.525788154274956,False,2.3665527437856978e-05,46.49311294127252,-8.911732581708964,0.10476190476195713,8,1,bb_rejection_long,1.1379698114346577,SL,2022-01-18 13:00:00+00:00,-16.901885653424205,-857.2798154462462,255,False
2022-01-19 09:15:00+00:00,17,EUR_USD,SHORT,1.13401,1.1354029821302987,1.1330340357394029,1.1330340357394029,1.1330340357394029,609273.44,2,LONDON,1.5,0.0005829821302986356,23.762266995747147,60.91697423390983,1.1333888061863282,1.136702884219826,5.996286243266091,False,7.952388819661873e-05,66.55969273398505,8.111938136718955,0.3333333333330984,9,2,bb_rejection_short,1.1354029821302987,SL,2022-01-19 16:15:00+00:00,-13.929821302987031,-848.7070143856191,420,False
2022-01-21 09:30:00+00:00,17,EUR_USD,SHORT,1.1339199999999998,1.1350712985660945,1.133007402867811,1.133007402867811,1.133007402867811,729801.95,3,LONDON,1.5,0.0005512985660944496,20.465860295230595,67.0624297229773,1.1327683773941715,1.133773613310482,4.733737535544957,False,7.068400228949661e-05,81.30630923721027,13.416226058284852,0.03076923076943048,9,4,bb_rejection_short,1.133007402867811,TP3,2022-01-21 11:15:00+00:00,9.125971446935536,666.0151757617875,105,True
2022-02-07 01:15:00+00:00,17,EUR_USD,LONG,1.14487,1.1436804704452619,1.1457990591094762,1.1457990591094762,1.1457990591094762,711945.4,3,ASIAN,1.5,0.0005895295547380673,22.611179808605343,42.25424637276968,1.1452190949837424,1.1409686979301936,-3.822422896959665,False,-0.00010058864757143363,30.009311037075687,-5.990949837424431,0.21276595744669793,1,0,bb_rejection_long,1.1436804704452619,SL,2022-02-07 02:00:00+00:00,-11.895295547381666,-846.880094659886,45,False
2022-02-07 16:15:00+00:00,17,EUR_USD,LONG,1.1442,1.140860379742641,1.1463092405147177,1.1463092405147177,1.1463092405147177,251049.89,3,OVERLAP,1.5,0.001149620257358849,28.053653060474645,52.33890554100426,1.1437114525569296,1.1420891658465404,4.694329509129513,False,1.321259290684906e-05,54.09960301602917,2.9854744307034053,0.2068965517240738,16,0,bb_rejection_long,1.14392,TIME,2022-02-08 00:15:00+00:00,-2.8000000000005794,-70.29396920001456,480,False
2022-02-15 02:45:00+00:00,17,EUR_USD,SHORT,1.13163,1.1327289000850043,1.1308821998299916,1.1308821998299916,1.1308821998299916,762315.3,3,ASIAN,1.5,0.0004989000850042501,28.315754573531333,65.72649228189536,1.1310275705554547,1.134443952510232,7.6444214211046635,False,0.00010252081504612422,73.83072248508898,8.524294445453329,0.2083333333332948,2,1,bb_rejection_short,1.1327289000850043,SL,2022-02-15 07:15:00+00:00,-10.989000850043505,-837.7083479701171,270,False
2022-02-15 14:00:00+00:00,17,EUR_USD,SHORT,1.1351999999999998,1.1366571327903914,1.133655734419217,1.133655734419217,1.133655734419217,569152.84,3,OVERLAP,1.5,0.0008671327903913597,26.941254545944147,62.90074105071753,1.1334829809495413,1.1341093109430573,9.821424893201591,False,5.845014104211704e-06,75.73357973357562,19.07019050458647,0.2881355932203007,14,1,bb_rejection_short,1.133655734419217,TP3,2022-02-15 14:45:00+00:00,15.442656079153933,878.9231564593725,45,True
2022-02-22 06:45:00+00:00,17,EUR_USD,SHORT,1.13015,1.1318869100611129,1.1291261798777747,1.1291261798777747,1.1291261798777747,482535.35,3,ASIAN,1.5,0.0006369100611126629,20.645568582925293,49.03958273180807,1.1310033506098085,1.1332979689899176,-26.138578670755752,False,0.0001245482237333535,65.22435897435582,-6.033506098084285,0.2968749999998238,6,1,bb_rejection_short,1.1318869100611129,SL,2022-02-22 08:15:00+00:00,-17.36910061112873,-838.1205042576215,90,False
2022-02-23 02:00:00+00:00,17,EUR_USD,SHORT,1.1330799999999999,1.134340233231335,1.1323895335373297,1.1323895335373297,1.1323895335373297,658401.38,3,ASIAN,1.5,0.00047023323133514567,19.25490038713183,52.89708222779314,1.1331400035348356,1.1333089504372775,-3.6534805962173955,False,6.403750727760536e-05,45.87670485542193,1.8999646516437707,0.29629629629660087,2,2,bb_rejection_short,1.1323895335373297,TP3,2022-02-23 02:30:00+00:00,6.904664731571393,454.6040787703935,30,True
2022-02-23 08:00:00+00:00,17,EUR_USD,SHORT,1.13353,1.1347644907699217,1.1326310184601565,1.1326310184601565,1.1326310184601565,675813.34,3,LONDON,1.5,0.0005444907699217543,29.332166632011283,61.62540272686252,1.132871558299258,1.1331672202869918,-1.1333333333340967,False,0.0001736631036090126,86.49668325041534,8.48441700742164,0.3939393939392206,8,2,bb_rejection_short,1.1347644907699217,SL,2022-02-23 09:00:00+00:00,-12.3449076992177,-834.2853304200029,60,False
2022-03-02 01:30:00+00:00,17,EUR_USD,SHORT,1.1125399999999999,1.1143148308600608,1.1112603382798787,1.1112603382798787,1.1112603382798787,465364.05,3,ASIAN,1.5,0.0007648308600606604,15.067931404802517,50.548164844542534,1.1134921591478852,1.1173788057337664,-24.30514927117766,False,7.98643866335739e-05,48.897110641294326,-7.021591478852951,0.24691358024689328,1,2,bb_rejection_short,1.1112603382798787,TP3,2022-03-02 02:15:00+00:00,12.796617476192509,595.5085735021725,45,True
2022-03-04 21:45:00+00:00,17,EUR_USD,SHORT,1.09286,1.0951065002519138,1.090976999496172,1.090976999496172,1.090976999496172,370308.25,3,NY,1.5,0.0010665002519139799,21.566483496857785,50.75720293067301,1.094432548243795,1.1020777447334564,-13.200472674979036,False,0.0002581100203843314,72.60664537055821,-13.225482437950742,0.38461538461547223,21,4,bb_rejection_short,1.090976999496172,TP3,2022-03-06 23:00:00+00:00,18.8300055467749,697.2906401516506,2955,True
2022-03-14 07:45:00+00:00,17,EUR_USD,SHORT,1.09292,1.0948310163066957,1.0915879673866087,1.0915879673866087,1.0915879673866087,438965.63,4,ASIAN,1.5,0.0007910163066956879,23.925151290015172,62.021540210214006,1.0922898899549716,1.0958371152349868,-15.861168529072156,False,0.0002590292348223868,89.3133490234929,8.80110045028415,0.17346938775510898,7,0,bb_rejection_short,1.0948310163066957,SL,2022-03-14 08:15:00+00:00,-19.110163066957675,-838.8704770089809,30,False
2022-03-21 00:00:00+00:00,17,EUR_USD,LONG,1.1045500000000001,1.103116572567984,1.105546854864032,1.105546854864032,1.105546854864032,579367.85,4,ASIAN,1.5,0.0006234274320159459,20.4147093197526,43.96612545593558,1.104994007387828,1.1049384122335137,-1.1893430455134357,False,-0.00011639279687823224,36.43408443409381,-6.940073878278774,0.11475409836067961,0,0,bb_rejection_long,1.105546854864032,TP3,2022-03-21 07:15:00+00:00,9.968548812376877,577.5456693046845,435,True
2022-03-21 16:30:00+00:00,17,EUR_USD,LONG,1.1042900000000002,1.1017192455224112,1.105921508955178,1.105921508955178,1.105921508955178,325296.42,4,OVERLAP,1.5,0.0009107544775888978,28.355686262203577,48.479875111965534,1.104352591727268,1.1046880571552709,-4.356787097683501,False,7.047822485538285e-05,46.379713046384346,-2.525917272679923,0.026845637583919623,16,0,bb_rejection_long,1.1017192455224112,SL,2022-03-21 18:00:00+00:00,-25.70754477589032,-836.2572282586824,90,False
2022-03-23 00:45:00+00:00,17,EUR_USD,LONG,1.1027600000000002,1.1015472712617715,1.1035554574764574,1.1035554574764574,1.1035554574764574,682670.93,4,ASIAN,1.5,0.0005227287382286614,19.033279735755404,46.83047251148601,1.1023957957438115,1.1024200050630446,9.529913284584968,False,-0.00013403188201184171,24.59551264861332,1.14204256188577,0.27450980392173935,0,2,bb_rejection_long,1.1035554574764574,TP3,2022-03-23 05:30:00+00:00,7.9545748810939845,543.035703183107,285,True
2022-03-25 08:30:00+00:00,17,EUR_USD,LONG,1.1017000000000001,1.1007189037724578,1.1027721924550844,1.1027721924550844,1.1027721924550844,849381.53,4,LONDON,1.5,0.0006310962275421749,28.872573389754862,39.005081744420366,1.1017959487850653,1.1007552434116097,-0.6710230882833734,False,-0.0002399984707947352,18.37025104041187,-2.859487850652709,0.16176470588242978,8,4,bb_rejection_long,1.1007189037724578,SL,2022-03-25 09:00:00+00:00,-9.810962275422774,-833.3250148270878,30,False
2022-04-05 00:45:00+00:00,17,EUR_USD,SHORT,1.09733,1.0983964831921473,1.0967270336157053,1.0967270336157053,1.0967270336157053,773562.83,3,ASIAN,1.5,0.0004264831921473747,20.985961158823443,50.77390926976644,1.0982411601986097,1.1024377508000498,-20.501844404359204,False,0.00010730557924861457,60.70603337612189,-6.611601986097337,0.20000000000006343,0,1,bb_rejection_short,1.0967270336157053,TP3,2022-04-05 02:45:00+00:00,6.029663920892446,466.4323886594457,120,True
2022-04-05 06:45:00+00:00,17,EUR_USD,SHORT,1.0973,1.0985912609897335,1.0964874780205331,1.0964874780205331,1.0964874780205331,642516.18,4,ASIAN,1.5,0.0005312609897334848,21.467353865769244,58.46679189493564,1.0974104363729282,1.1012552470192234,-15.905320378217791,False,0.00010846410573600484,60.45641858320889,1.395636270717926,0.1066666666667693,6,1,bb_rejection_short,1.0985912609897335,SL,2022-04-05 07:15:00+00:00,-12.912609897335336,-829.6560785066093,30,False
2022-04-13 06:00:00+00:00,17,EUR_USD,SHORT,1.0838999999999999,1.0850144716529986,1.0830610566940029,1.0830610566940029,1.0830610566940029,736994.54,3,ASIAN,1.5,0.0005444716529985309,28.402261233521394,62.00321344283963,1.083570454170701,1.0858450823989028,-12.336723472503586,False,9.344078674625208e-05,87.07869511440826,5.795458292989775,0.2405063291140735,6,2,bb_rejection_short,1.0830610566940029,TP3,2022-04-13 06:15:00+00:00,8.389433173802907,618.2966442787614,15,True
2022-04-13 11:30:00+00:00,17,EUR_USD,SHORT,1.0836899999999998,1.0854984744241316,1.0824230511517365,1.0824230511517365,1.0824230511517365,457591.48,2,LONDON,1.5,0.0007284744241317,27.208275100765874,56.1264988437883,1.0833461606582402,1.085311685456281,5.7477535978556205,False,9.055327920821084e-05,83.44441751919949,5.3383934175976755,0.3191489361701977,11,2,bb_rejection_short,1.0824230511517365,TP3,2022-04-13 12:00:00+00:00,12.669488759506175,579.7450112305795,30,True
2022-04-20 00:00:00+00:00,17,EUR_USD,SHORT,1.07903,1.0801671875466676,1.0783456249066652,1.0783456249066652,1.0783456249066652,732807.83,2,ASIAN,1.5,0.00046718754666744133,21.170663834411314,54.71282249211078,1.0790243785627742,1.0794736752854774,-0.9836616034575307,False,6.245729837929179e-05,68.95146520147084,2.556214372257948,0.24561403508769197,0,2,bb_rejection_short,1.0801671875466676,SL,2022-04-20 02:15:00+00:00,-11.371875466676949,-833.3399383765773,135,False
2022-04-22 00:30:00+00:00,17,EUR_USD,SHORT,1.08328,1.0848724429871046,1.0823651140257906,1.0823651140257906,1.0823651140257906,518076.03,2,ASIAN,1.5,0.0005824429871046962,20.812728298144854,43.44726358109949,1.0846658472284243,1.0843679951232092,-34.417704015392566,False,0.00011866878894312464,47.80219780219553,-11.358472284241916,0.34177215189869503,0,4,bb_rejection_short,1.0848724429871046,SL,2022-04-22 04:15:00+00:00,-15.92442987104592,-825.0065407604883,225,False
2022-05-03 07:45:00+00:00,17,EUR_USD,SHORT,1.05162,1.0535828367890696,1.0501043264218608,1.0501043264218608,1.0501043264218608,416110.23,4,ASIAN,1.5,0.0008828367890696103,23.81934726587765,56.547535005750625,1.0511546037426127,1.0524312093026373,3.4436967437967425,False,0.00014133386279928834,82.32416529830145,7.1539625738736845,0.19200000000001846,7,1,bb_rejection_short,1.0501043264218608,TP3,2022-05-03 08:45:00+00:00,15.156736145640075,630.6872963611605,60,True
2022-05-04 01:45:00+00:00,17,EUR_USD,SHORT,1.05266,1.053920443800294,1.0517291123994121,1.0517291123994121,1.0517291123994121,652994.88,4,ASIAN,1.5,0.0005904438002939231,27.874950267215798,55.22177127097314,1.0524828273814903,1.0525489664950045,0.7458772040758177,False,9.433066280001003e-05,81.08250825081724,4.271726185096636,0.19354838709658934,1,2,bb_rejection_short,1.0517291123994121,TP3,2022-05-04 03:15:00+00:00,9.308876148434578,607.8648463481899,90,True
2022-05-04 07:45:00+00:00,17,EUR_USD,SHORT,1.05215,1.0534003410951742,1.0509393178096516,1.0509393178096516,1.0509393178096516,663132.64,4,ASIAN,1.5,0.0007303410951742194,23.494147891071098,55.58828623329747,1.0520531290479176,1.0523912841719285,-1.5374851410632218,False,0.00010545830188066354,60.41666666666771,3.4687095208241203,0.01587301587312217,7,2,bb_rejection_short,1.0534003410951742,SL,2022-05-04 08:45:00+00:00,-12.50341095174301,-829.1419913434255,60,False
2022-05-09 07:15:00+00:00,17,EUR_USD,SHORT,1.05142,1.0530244727063318,1.0498410545873367,1.0498410545873367,1.0498410545873367,511601.46,4,ASIAN,1.5,0.0009144727063316988,24.162126917176465,52.03897686628719,1.0523292077402242,1.0541869021326464,-36.93688348976431,False,0.0001881102772572198,70.59161103088904,-6.592077402240992,0.016393442622936894,7,0,bb_rejection_short,1.0530244727063318,SL,2022-05-09 09:45:00+00:00,-16.044727063317943,-820.8505790894973,150,False
2022-05-10 00:30:00+00:00,17,EUR_USD,SHORT,1.0557299999999998,1.0572097859837488,1.0546004280325019,1.0546004280325019,1.0546004280325019,549161.89,4,ASIAN,1.5,0.0006897859837490009,16.39473029456753,51.71350647191729,1.0553982655679697,1.0546343703393273,11.979050260180202,False,-1.1790878802157964e-05,30.856147490438484,5.817344320302453,0.10447761194032819,0,1,bb_rejection_short,1.0572097859837488,SL,2022-05-10 02:15:00+00:00,-14.797859837489824,-812.6420676311005,105,False
2022-05-13 01:15:00+00:00,17,EUR_USD,SHORT,1.0378699999999998,1.0395525626610502,1.0368948746778996,1.0368948746778996,1.0368948746778996,478149.0,3,ASIAN,1.5,0.0006125626610501518,27.189745677865584,50.03314978197314,1.0391748139527979,1.0461400230765783,-21.84456538320889,False,0.00010770773956809041,65.24187044186202,-10.548139527979394,0.33333333333348286,1,4,bb_rejection_short,1.0395525626610502,SL,2022-05-13 03:15:00+00:00,-16.825626610503797,-804.515653818578,120,False
2022-05-16 01:15:00+00:00,17,EUR_USD,SHORT,1.04098,1.0422544418921864,1.0397411162156271,1.0397411162156271,1.0397411162156271,624956.3,4,ASIAN,1.5,0.0007444418921865189,20.328599592028397,59.149858409410726,1.0401005766403808,1.0421875696746987,19.48377251243416,False,9.48994223648516e-05,81.88460569412852,11.29423359619297,0.0337078651685169,1,0,bb_rejection_short,1.0397411162156271,TP3,2022-05-16 02:00:00+00:00,12.388838041963949,774.2482384005035,45,True
2022-05-17 18:30:00+00:00,17,EUR_USD,LONG,1.05404,1.0509112273126426,1.056187545374715,1.056187545374715,1.056187545374715,257037.84,3,NY,1.5,0.001198772687357415,28.9423035328847,54.90641768355824,1.0516028725391895,1.0462824781519282,15.565194132562965,False,-0.00025370354267737687,32.19954648525999,21.871274608105118,0.3095238095238725,18,1,bb_rejection_long,1.056187545374715,TP3,2022-05-18 00:00:00+00:00,21.475454582646183,552.0004458941477,330,True
2022-05-30 01:00:00+00:00,17,EUR_USD,LONG,1.0734700000000001,1.0721930667573922,1.0741738664852154,1.0741738664852154,1.0741738664852154,634123.19,3,ASIAN,1.5,0.00047693324260767356,24.950588806859056,56.49907160304551,1.0727382846250428,1.0718096998421318,9.701429673130146,False,-3.0809906918534814e-05,46.446916686326766,4.817153749572256,0.38596491228092045,1,0,bb_rejection_long,1.0741738664852154,TP3,2022-05-30 01:30:00+00:00,7.038664963150926,446.3380679774497,30,True
2022-05-31 09:00:00+00:00,17,EUR_USD,LONG,1.0730600000000001,1.0712513548979077,1.0745872902041842,1.0745872902041842,1.0745872902041842,450169.22,4,LONDON,1.5,0.0008586451020921504,27.507766882031966,36.023756460136504,1.0750175056838946,1.0747569498060343,-5.857416760095546,False,-7.182194561054724e-05,19.906621392188384,-21.47505683894657,0.09999999999996584,9,1,bb_rejection_long,1.0712513548979077,SL,2022-05-31 10:45:00+00:00,-18.08645102092443,-814.1963548657754,105,False
2022-06-07 22:45:00+00:00,17,EUR_USD,LONG,1.0707200000000001,1.0697882790700664,1.0713734418598673,1.0713734418598673,1.0713734418598673,865124.28,2,NY,1.5,0.00045172092993367435,28.084212023684188,53.844294315501394,1.069771105683672,1.0700358317556025,18.945239616425802,False,-0.00010223951112595358,32.70546657645541,6.988943163279693,0.34883720930260176,22,1,bb_rejection_long,1.0697882790700664,SL,2022-06-07 23:45:00+00:00,-9.317209299337659,-806.0543986698797,60,False
2022-06-10 01:00:00+00:00,17,EUR_USD,SHORT,1.06198,1.0630355633643387,1.0609988732713225,1.0609988732713225,1.0609988732713225,755988.58,2,ASIAN,1.5,0.0006155633643387793,25.25260259033361,47.65456377977894,1.0639748942487883,1.068223486442804,-77.48545424638874,False,0.00027611137854249694,88.40162421558254,-17.4489424878832,0.2592592592593202,1,4,bb_rejection_short,1.0630355633643387,SL,2022-06-10 03:00:00+00:00,-10.55563364338763,-797.993848906484,120,False
2022-06-14 00:45:00+00:00,17,EUR_USD,SHORT,1.0420099999999999,1.043242714511317,1.0406145709773658,1.0406145709773658,1.0406145709773658,640873.38,5,ASIAN,1.5,0.0008227145113171288,15.569971101650674,54.59822288387453,1.042827136917826,1.0503964898421252,-18.15349784384246,False,0.0002864819270497654,93.96035684014089,-5.6713691782595,0.09836065573762137,0,1,bb_rejection_short,1.0406145709773658,TP3,2022-06-14 01:30:00+00:00,13.95429044407985,894.2933282399155,45,True
2022-06-20 01:15:00+00:00,17,EUR_USD,SHORT,1.0493999999999999,1.050754662729526,1.048140674540948,1.048140674540948,1.048140674540948,589782.85,3,ASIAN,1.5,0.0007546627295259293,22.794194641433982,56.95481586367263,1.0492091052726409,1.048951081112906,2.132276298758562,False,8.44474007888163e-05,77.72873751270212,4.408947273590869,0.2,1,0,bb_rejection_short,1.050754662729526,SL,2022-06-20 02:30:00+00:00,-13.546627295260016,-798.9568454086244,75,False
2022-06-24 01:15:00+00:00,17,EUR_USD,SHORT,1.0522699999999998,1.0537126148327487,1.0511347703345026,1.0511347703345026,1.0511347703345026,548287.22,5,ASIAN,1.5,0.0006926148327486101,16.77440451919375,54.813074766901494,1.0522323748527966,1.0530936357336964,11.049510730842815,False,-1.9829121470569934e-05,67.27602952171557,2.8762514720326315,0.06451612903231582,1,4,bb_rejection_short,1.0537126148327487,SL,2022-06-24 04:15:00+00:00,-14.426148327488786,-790.9672761786476,180,False
2022-07-01 09:00:00+00:00,17,EUR_USD,SHORT,1.0451599999999999,1.0478120660865413,1.0433058678269176,1.0433058678269176,1.0433058678269176,295263.23,3,LONDON,1.5,0.0010220660865411756,20.836828343713236,47.2302328402124,1.045925004630198,1.046985759896934,-0.5953257341384521,False,7.962943016267805e-05,77.7554055140227,-5.75004630197995,0.3181818181818641,9,4,bb_rejection_short,1.0433058678269176,TP3,2022-07-01 11:45:00+00:00,18.54132235878184,547.4570728125145,165,True
2022-07-04 06:00:00+00:00,17,EUR_USD,SHORT,1.04281,1.044404038379364,1.041951923241272,1.041951923241272,1.041951923241272,494675.78,4,ASIAN,1.5,0.0005540383793640619,17.7192160648882,50.63615475994871,1.0429418798319317,1.0444671436717663,10.810280896922375,False,-2.8217683867824705e-06,70.29946938124009,1.1812016806844738,0.29113924050632556,6,0,bb_rejection_short,1.044404038379364,SL,2022-07-04 09:30:00+00:00,-15.940383793640045,-788.5321786618249,210,False
2022-07-15 14:30:00+00:00,17,EUR_USD,SHORT,1.0073699999999999,1.0103519158331684,1.0044561683336628,1.0044561683336628,1.0044561683336628,261793.73,3,OVERLAP,1.5,0.0015519158331685511,27.127058690948175,62.39678766557648,1.0044350535247488,1.0035654847294293,19.597139495211024,False,2.5120702268335935e-05,71.32394997862373,31.24946475251189,0.010362694300471043,14,4,bb_rejection_short,1.00791,TIME,2022-07-17 22:30:00+00:00,-5.40000000000207,-141.3686142000542,3360,False
2022-07-25 07:15:00+00:00,17,EUR_USD,LONG,1.02045,1.0176638880254603,1.0221122239490799,1.0221122239490799,1.0221122239490799,279684.8,4,ASIAN,1.5,0.0009561119745398964,27.497610083055463,49.95037277790747,1.0202715630272743,1.0199755937064554,4.369940813058193,False,-1.628806901315854e-05,40.89822763289163,-0.7156302727429065,0.008310249307472409,7,0,bb_rejection_long,1.0221122239490799,TP3,2022-07-25 08:45:00+00:00,16.62224008511822,464.8987893758272,90,True
2022-08-02 12:00:00+00:00,17,EUR_USD,LONG,1.02262,1.0210318364731623,1.024606327053675,1.024606327053675,1.024606327053675,493577.74,3,LONDON,1.5,0.001088163526837515,29.671659596412194,36.663739799288,1.0246055012198616,1.023769773311459,-8.736413539531807,False,1.104854737680799e-05,31.740060193251576,-21.75501219861653,0.04385964912269938,12,1,bb_rejection_long,1.0210318364731623,SL,2022-08-02 12:15:00+00:00,-15.881635268377714,-783.8821643270165,15,False
2022-08-10 06:00:00+00:00,17,EUR_USD,LONG,1.02146,1.0205652897813344,1.021939420437331,1.021939420437331,1.021939420437331,867368.36,5,ASIAN,1.5,0.0003647102186655699,19.16626273181443,48.287053098533285,1.0213207604563854,1.0208274959667514,-11.550581811829996,False,-1.5266123557678418e-05,36.7788210745949,-1.107604563854725,0.08000000000005329,6,2,bb_rejection_long,1.0205652897813344,SL,2022-08-10 06:30:00+00:00,-8.947102186656064,-776.0433350392284,30,False
2022-08-12 00:30:00+00:00,17,EUR_USD,LONG,1.03133,1.0300566748492257,1.0322666503015487,1.0322666503015487,1.0322666503015487,603367.41,4,ASIAN,1.5,0.0005933251507743996,26.987697381987225,37.38749727333788,1.0321831922828404,1.0293946175177917,-22.71666874495759,False,-8.565426069415615e-05,13.881926604129243,-11.031922828403928,0.053571428571393166,0,4,bb_rejection_long,1.0322666503015487,TP3,2022-08-12 05:30:00+00:00,9.366503170723721,565.144275887636,300,True
2022-08-12 07:00:00+00:00,17,EUR_USD,LONG,1.03176,1.0299303299346445,1.0327893401307109,1.0327893401307109,1.0327893401307109,422991.2,3,ASIAN,1.5,0.0006396700653554762,20.66673281350139,49.1332091551441,1.0317237408450979,1.029859586864597,-14.310150397833787,False,-1.0028208742532502e-05,33.99731373577456,-2.137408450979539,0.3584905660375501,7,4,bb_rejection_long,1.0299303299346445,SL,2022-08-12 07:15:00+00:00,-18.296700653555042,-773.9343365488032,15,False
2022-08-15 01:30:00+00:00,17,EUR_USD,LONG,1.02601,1.024732747044088,1.0268745059118245,1.0268745059118245,1.0268745059118245,599877.26,4,ASIAN,1.5,0.0005572529559121967,19.750779905751347,46.493862746326556,1.0265010428986105,1.028229339548934,-14.309772435467938,False,2.395935263717572e-05,27.689315845651134,-7.410428986105444,0.3768115942028706,1,0,bb_rejection_long,1.024732747044088,SL,2022-08-15 02:15:00+00:00,-12.772529559121892,-766.1950035195049,45,False
2022-08-16 23:15:00+00:00,17,EUR_USD,SHORT,1.01694,1.0179128278831604,1.0163043442336794,1.0163043442336794,1.0163043442336794,779719.69,4,NY,1.5,0.0004428278831602572,18.038794928408578,54.65639071604082,1.0166277494895366,1.0187357514549547,16.59702206253444,False,-3.648296156484566e-06,69.34649436110442,5.622505104634357,0.3333333333330866,23,1,bb_rejection_short,1.0179128278831604,SL,2022-08-17 02:00:00+00:00,-9.72827883160443,-758.5330554812168,165,False
2022-08-17 18:15:00+00:00,17,EUR_USD,SHORT,1.01908,1.0207686241726044,1.017232751654791,1.017232751654791,1.017232751654791,444709.8,3,NY,1.5,0.0010486241726044851,28.211692124852053,65.27498965717217,1.017007670488223,1.0178322916234472,23.042234198191736,False,0.00029789510120603477,86.52445109780588,23.223295117771325,0.2592592592591557,18,2,bb_rejection_short,1.01829,TIME,2022-08-18 02:15:00+00:00,7.900000000000683,351.3207420000304,480,True
2022-08-19 06:30:00+00:00,17,EUR_USD,SHORT,1.00813,1.0095914167782147,1.0071371664435702,1.0071371664435702,1.0071371664435702,516253.09,5,ASIAN,1.5,0.0006214167782148744,19.878709105898086,52.87488828651666,1.0089114635264038,1.0132271810370617,-39.943465075713554,False,0.0001273190113773873,59.23669431388202,-5.314635264037637,0.10434782608686921,6,4,bb_rejection_short,1.0071371664435702,TP3,2022-08-19 10:00:00+00:00,9.928335756612894,512.5534012908895,210,True
2022-09-08 08:30:00+00:00,17,EUR_USD,LONG,0.99902,0.996948132342232,1.0005737353155362,1.0005737353155362,1.0005737353155362,366619.2,3,LONDON,1.5,0.0008718676577680641,25.40077857353556,46.678614058144994,0.9987185627171867,0.9954549149847579,2.116702995283992,False,-0.00015017783231574062,52.23572095084086,1.1143728281326482,0.28455284552843474,8,3,bb_rejection_long,1.0005737353155362,TP3,2022-09-08 10:15:00+00:00,15.537353579162392,569.6292139309653,105,True
2022-09-14 02:15:00+00:00,17,EUR_USD,SHORT,0.99846,0.9997920715878701,0.9971458568242597,0.9971458568242597,0.9971458568242597,574505.73,2,ASIAN,1.5,0.0007820715878701433,24.38290900030927,57.0930881540301,0.9998974035111853,1.005748551081755,-54.528553951120884,False,0.00033272615011693276,80.15629192841497,-11.87403511185292,0.28888888888883957,2,2,bb_rejection_short,0.9997920715878701,SL,2022-09-14 04:30:00+00:00,-13.320715878700762,-765.2827600015572,135,False
2022-09-20 08:30:00+00:00,17,EUR_USD,LONG,1.00079,0.9990379772810742,1.0026840454378516,1.0026840454378516,1.0026840454378516,432431.57,4,LONDON,1.5,0.0010420227189258148,28.69263307083772,37.73418930325492,1.0022714928564838,1.0008908306864657,-4.21429715675492,False,-0.0002514818680610922,11.407911859963898,-16.71492856483825,0.032258064516105925,8,1,bb_rejection_long,0.9990379772810742,SL,2022-09-20 11:45:00+00:00,-17.52022718925827,-757.6299350207643,195,False
2022-09-28 10:15:00+00:00,17,EUR_USD,SHORT,0.95765,0.9611524198026684,0.9542751603946631,0.9542751603946631,0.9542751603946631,214152.98,3,LONDON,1.5,0.001782419802668439,27.92898794377686,56.5283283947016,0.9567875860011994,0.9615477597350003,14.018698116967654,False,0.0002445362712852775,53.68515665125735,10.524139988006276,0.26122448979591284,10,2,bb_rejection_short,0.9611524198026684,SL,2022-09-28 13:30:00+00:00,-35.024198026684104,-750.0536379524522,195,False
2022-09-30 06:45:00+00:00,17,EUR_USD,LONG,0.98019,0.9778557140323021,0.9821885719353957,0.9821885719353957,0.9821885719353957,318107.17,4,ASIAN,1.5,0.0011242859676978152,28.164398484267966,43.63375321600272,0.9800836590580587,0.973261612417657,49.53970735610435,False,-0.00010170554763116688,10.920534081776433,-1.4365905805868717,0.12149532710281974,6,4,bb_rejection_long,0.9821885719353957,TP3,2022-09-30 07:00:00+00:00,19.98571998222655,635.7600823958538,15,True
2022-10-05 02:15:00+00:00,17,EUR_USD,LONG,0.99745,0.9958354536506663,0.9989490926986675,0.9989490926986675,0.9989490926986675,463852.09,3,ASIAN,1.5,0.0008745463493337515,21.03598644340177,46.13061383249059,0.9964671826880844,0.9883557543230671,43.94964250332256,False,-0.00024469155567625783,18.42167117170056,7.328173119155457,0.29999999999988897,2,2,bb_rejection_long,0.9989490926986675,TP3,2022-10-05 06:30:00+00:00,14.990927309858824,695.3572963716093,255,True
2022-10-05 08:00:00+00:00,17,EUR_USD,LONG,0.99439,0.9928105058544385,0.996478988291123,0.996478988291123,0.996478988291123,478548.32,4,LONDON,1.5,0.0011394941455615006,29.512977061512025,37.046783647666224,0.9964468703076972,0.9900334619073806,-1.0333333333345518,False,-0.00032340240652940896,8.802824048643403,-22.46870307697213,0.1975308641974598,8,2,bb_rejection_long,0.9928105058544385,SL,2022-10-05 08:15:00+00:00,-15.794941455614664,-755.8642698082753,15,False
2022-10-10 01:15:00+00:00,17,EUR_USD,SHORT,0.9738100000000001,0.9752793044668957,0.9725613910662086,0.9725613910662086,0.9725613910662086,509292.42,3,ASIAN,1.5,0.0007493044668956927,25.73938737359039,50.91179205494413,0.974960275164191,0.9801471518982927,-28.73534530733912,False,0.0002279778567608041,82.8132909327263,-9.00275164191,0.36619718309849464,1,0,bb_rejection_short,0.9752793044668957,SL,2022-10-10 01:45:00+00:00,-14.693044668956377,-748.3056276620893,30,False
2022-10-11 00:00:00+00:00,17,EUR_USD,SHORT,0.9705400000000001,0.9717821193545153,0.9696657612909693,0.9696657612909693,0.9696657612909693,596418.18,3,ASIAN,1.5,0.0005621193545153737,23.976133717786805,53.44039639960693,0.9706871559808088,0.9746131491634581,5.931078678418356,False,5.691706661903201e-05,85.12051880254715,1.0284401919125052,0.2408759124087195,0,1,bb_rejection_short,0.9717821193545153,SL,2022-10-11 00:15:00+00:00,-12.421193545152365,-740.8225647627522,15,False
2022-10-11 00:30:00+00:00,17,EUR_USD,SHORT,0.9715,0.9728255008720056,0.9704989982559888,0.9704989982559888,0.9704989982559888,553311.1,3,ASIAN,1.5,0.0006255008720056038,20.518153537966967,63.220489526257374,0.9707760405651373,0.9745583262795997,14.97482382479598,False,0.00013188911166171297,82.3759179725978,9.739594348626701,0.26086956521734234,0,1,bb_rejection_short,0.9704989982559888,TP3,2022-10-11 01:30:00+00:00,10.010017621023072,553.8653860907659,60,True
2022-10-12 04:15:00+00:00,17,EUR_USD,SHORT,0.97113,0.972756183472026,0.9693676330559481,0.9693676330559481,0.9693676330559481,454409.36,3,ASIAN,1.5,0.0010061834720259408,28.5228847118696,58.695708405618426,0.9706363969656445,0.9721200350775416,-0.4139874906428087,False,0.0003156122448300941,63.46133619420359,7.436030343555,0.3239436619717693,4,2,bb_rejection_short,0.972756183472026,SL,2022-10-12 06:15:00+00:00,-16.261834720259216,-738.952990765877,120,False
2022-10-14 00:00:00+00:00,17,EUR_USD,LONG,0.97717,0.9757179387396743,0.9785641225206514,0.9785641225206514,0.9785641225206514,503810.33,5,ASIAN,1.5,0.0008220612603257173,14.347306360135628,48.99059675547649,0.975974554496378,0.9730006931803714,35.170411758754796,False,-0.00023553834722399904,14.02797782108214,9.454455036219667,0.17424242424247394,0,4,bb_rejection_long,0.9785641225206514,TP3,2022-10-14 01:30:00+00:00,13.941225483229832,702.3733411310432,90,True
2022-10-19 00:45:00+00:00,17,EUR_USD,LONG,0.98634,0.9847164562987786,0.9873970874024428,0.9873970874024428,0.9873970874024428,454922.89,4,ASIAN,1.5,0.0006535437012214195,21.448004912214095,53.503977602591775,0.9854512032912467,0.9822211966434341,14.665947982098748,False,-9.368772692797448e-05,40.74999298569724,6.387967087533308,0.16483516483513266,0,2,bb_rejection_long,0.9847164562987786,SL,2022-10-19 03:30:00+00:00,-16.23543701221419,-738.5871926009446,165,False
2022-10-24 08:15:00+00:00,17,EUR_USD,LONG,0.98319,0.9806984414565815,0.985643117086837,0.985643117086837,0.985643117086837,293471.46,4,LONDON,1.5,0.0013215585434185391,24.662429382240504,42.82326943962886,0.9838321383173911,0.9813209101187113,2.2912367397376343,False,-0.0001581883466628025,28.34797313762213,-8.321383173911512,0.12213740458010221,8,0,bb_rejection_long,0.9806984414565815,SL,2022-10-24 09:30:00+00:00,-24.91558543418537,-731.2013234125116,75,False
2022-10-24 09:30:00+00:00,17,EUR_USD,LONG,0.9819800000000001,0.9793665610938496,0.9843968778123011,0.9843968778123011,0.9843968778123011,276987.27,2,LONDON,1.5,0.0013034389061505188,26.34468593827575,38.4515993750241,0.9835936288957805,0.9813806663200463,-8.385010469984522,False,-0.00024849048337357904,27.920875420875547,-18.036288957804512,0.3700787401575464,9,0,bb_rejection_long,0.9843968778123011,TP3,2022-10-24 11:45:00+00:00,24.168778995569603,669.4444113216167,135,True
2022-10-26 12:30:00+00:00,17,EUR_USD,LONG,1.0011800000000002,0.9986132422090039,1.0034835155819921,1.0034835155819921,1.0034835155819921,284632.92,3,LONDON,1.5,0.0012467577909960174,28.873410696685376,49.85229370905564,0.9994936400320074,0.993007891515612,-13.879592789440842,False,-0.0003998783014789076,29.097909790981145,14.963599679926887,0.23943661971831867,12,2,bb_rejection_long,1.0034835155819921,TP3,2022-10-26 14:00:00+00:00,23.03515662921278,655.656389403019,90,True
2022-10-28 06:15:00+00:00,17,EUR_USD,LONG,0.9973299999999999,0.9955371541224897,0.9986656917550207,0.9986656917550207,0.9986656917550207,411156.55,4,ASIAN,1.5,0.0007928458775104007,19.6688426864499,40.67985601117304,0.9982838668094675,0.999522648063536,-30.57476168073059,False,-0.0002293104977322546,12.385423269420391,-12.03866809467491,0.28947368421053016,6,4,bb_rejection_long,0.9955371541224897,SL,2022-10-28 07:00:00+00:00,-17.928458775102737,-737.1403256788468,45,False
2022-10-28 07:30:00+00:00,17,EUR_USD,LONG,0.9950399999999999,0.9933832421677008,0.9968035156645982,0.9968035156645982,0.9968035156645982,440480.14,3,ASIAN,1.5,0.0010067578322991628,27.655713302026875,26.57721387160484,0.9978104492850214,0.999336826348308,-50.034210508992366,False,-0.0004047265623747452,17.367281590657118,-30.204492850214315,0.0833333333332232,7,4,bb_rejection_long,0.9933832421677008,SL,2022-10-28 08:00:00+00:00,-16.56757832299127,-729.7689219172161,30,False
2022-10-31 01:45:00+00:00,17,EUR_USD,LONG,0.99507,0.9937156998823455,0.9963286002353088,0.9963286002353088,0.9963286002353088,533464.64,4,ASIAN,1.5,0.000754300117654376,18.174223812812706,43.439823660017716,0.9955400330383511,0.9972618295643098,-5.799324056030564,False,-0.00013225931391630178,19.74690585454087,-7.200330383511089,0.3714285714286077,1,0,bb_rejection_long,0.9963286002353088,TP3,2022-10-31 03:45:00+00:00,12.586002589017168,671.4187340189112,120,True
2022-11-01 01:45:00+00:00,17,EUR_USD,SHORT,0.98922,0.9903422665869955,0.9883654668260087,0.9883654668260087,0.9883654668260087,649743.5,3,ASIAN,1.5,0.0005522665869956241,29.762484388340155,61.682609034837085,0.9892860602801257,0.9930665590906972,-9.594505476220316,False,0.00015566755382331703,78.97509578543928,1.8393971987429314,0.20000000000009868,1,1,bb_rejection_short,0.9903422665869955,SL,2022-11-01 02:30:00+00:00,-11.222665869955462,-729.1854201675407,45,False
2022-11-02 01:00:00+00:00,17,EUR_USD,SHORT,0.98841,0.9894779938141302,0.9874240123717396,0.9874240123717396,0.9874240123717396,675934.22,4,ASIAN,1.5,0.0006179938141301637,28.813070281845533,59.72964862035462,0.9885123199479932,0.9909851847228681,-15.134885163999856,False,0.00021402283055184674,84.60312897500755,1.4768005200682666,0.13953488372109235,1,2,bb_rejection_short,0.9894779938141302,SL,2022-11-02 02:45:00+00:00,-10.679938141301413,-721.8935657188821,105,False
2022-11-02 13:15:00+00:00,17,EUR_USD,SHORT,0.99024,0.9924959153151689,0.9884381693696623,0.9884381693696623,0.9884381693696623,316800.29,3,OVERLAP,1.5,0.0009959153151688296,18.958718028630948,56.68648503908881,0.9892915429431127,0.9902997950694605,6.091440901404566,False,5.300485371000389e-05,81.62429768812694,11.384570568873098,0.32142857142849357,13,2,bb_rejection_short,0.9884381693696623,TP3,2022-11-02 14:00:00+00:00,18.0183068721359,570.8204842401645,45,True
2022-11-04 00:15:00+00:00,17,EUR_USD,SHORT,0.97524,0.9764046572355237,0.9743206855289526,0.9743206855289526,0.9743206855289526,618536.35,3,ASIAN,1.5,0.000584657235523719,21.658506953536936,55.03491438055547,0.9757446061314133,0.9812308886179689,-1.5113308600089859,False,0.00010621616246776555,58.322649572649595,-2.5460613141337074,0.30769230769235695,0,4,bb_rejection_short,0.9764046572355237,SL,2022-11-04 01:45:00+00:00,-11.646572355237248,-720.3828354619352,90,False
2022-11-09 01:00:00+00:00,17,EUR_USD,LONG,1.00676,1.0051145268175308,1.0080809463649387,1.0080809463649387,1.0080809463649387,433418.79,4,ASIAN,1.5,0.0007854731824693371,22.831988887785396,46.2398360000535,1.0058767028601894,1.0000557670927015,28.739732110563132,False,-0.00025568550633729345,19.02344664611802,6.332971398106402,0.13978494623653862,1,2,bb_rejection_long,1.0080809463649387,TP3,2022-11-09 02:30:00+00:00,13.209463954159917,572.5229883560606,90,True
2022-11-18 08:45:00+00:00,17,EUR_USD,LONG,1.0358600000000002,1.0337442356075808,1.0376615287848385,1.0376615287848385,1.0376615287848385,339784.64,4,LONDON,1.5,0.0009957643924192404,27.269317996126226,42.299409094090606,1.036586893026918,1.0364343280559998,0.010564845027705161,False,-0.0002231570889826562,27.904720240497777,-9.168930269178865,0.10526315789484961,8,4,bb_rejection_long,1.0376615287848385,TP3,2022-11-18 09:15:00+00:00,18.015288378580262,612.1318276212079,30,True
2022-11-29 00:15:00+00:00,17,EUR_USD,SHORT,1.03442,1.0356070574971687,1.0334358850056626,1.0334358850056626,1.0334358850056626,610775.43,3,ASIAN,1.5,0.000617057497168704,28.784818370758423,41.785809500776594,1.0368367057618224,1.0387271977529693,-69.97401500502099,False,0.0003624315865264091,70.50653594770581,-21.667057618224295,0.12500000000008674,0,1,bb_rejection_short,1.0334358850056626,TP3,2022-11-29 01:15:00+00:00,9.8411501044981,601.0732686769372,60,True
2022-11-29 01:15:00+00:00,17,EUR_USD,LONG,1.0349000000000002,1.032708239557043,1.036013520885914,1.036013520885914,1.036013520885914,333538.41,3,ASIAN,1.5,0.0006817604429569773,24.489942676670697,44.87164598079141,1.0364646314680759,1.0385543180605408,-66.65569246024904,False,0.00026985773377004643,39.52348492225469,-18.146314680758113,0.3953488372093063,1,1,bb_rejection_long,1.036013520885914,TP3,2022-11-29 01:45:00+00:00,11.13520919298964,371.4019969247147,30,True
2022-12-08 01:15:00+00:00,17,EUR_USD,LONG,1.0502500000000001,1.0488040019796139,1.051291996040772,1.051291996040772,1.051291996040772,508126.77,4,ASIAN,1.5,0.0006459980203860297,29.57704230524098,39.134346940328264,1.0505780316123894,1.049769788075196,-5.905921499891331,False,-0.00012015252707680418,15.371938825938429,-5.780316123893403,0.010309278350583902,1,3,bb_rejection_long,1.051291996040772,TP3,2022-12-08 06:30:00+00:00,10.419960612785466,529.46609297019,315,True
2022-12-09 07:30:00+00:00,17,EUR_USD,LONG,1.0575800000000002,1.0559634283139046,1.0587231433721909,1.0587231433721909,1.0587231433721909,457786.67,3,ASIAN,1.5,0.0006965716860953843,21.30570706077763,50.37273120777497,1.0566050817794659,1.05330770140756,32.10747102334377,False,-0.00013287029278076534,31.055749688718937,7.249182205342208,0.019230769230892408,7,4,bb_rejection_long,1.0559634283139046,SL,2022-12-09 09:00:00+00:00,-16.16571686095636,-740.0449689940064,90,False
2022-12-16 15:45:00+00:00,17,EUR_USD,LONG,1.06186,1.0594482601221589,1.0643334797556823,1.0643334797556823,1.0643334797556823,303782.56,5,OVERLAP,1.5,0.0013317398778411713,17.455189573839842,44.250674220312966,1.063101646602616,1.0633255626576696,-11.159239355360562,False,-6.485841854194437e-05,19.505582488869745,-14.316466026160768,0.07926829268291115,15,4,bb_rejection_long,1.0594482601221589,SL,2022-12-16 20:45:00+00:00,-24.11739877841157,-732.644514144674,300,False
2022-12-20 00:45:00+00:00,17,EUR_USD,LONG,1.06026,1.0592891534492659,1.0610916931014682,1.0610916931014682,1.0610916931014682,747098.57,3,ASIAN,1.5,0.0005408465507342133,29.425725573235894,39.783672460960396,1.0608913112271874,1.0615827961598996,-12.563646199066358,False,-6.62064447760301e-05,15.793744790986173,-8.813112271874868,0.1568627450977575,0,1,bb_rejection_long,1.0610916931014682,TP3,2022-12-20 02:45:00+00:00,8.316931126005525,621.3567351027217,120,True
2022-12-21 01:00:00+00:00,17,EUR_USD,LONG,1.06241,1.061050560369533,1.0634188792609338,1.0634188792609338,1.0634188792609338,538112.63,4,ASIAN,1.5,0.0006294396304668879,29.93413154657037,48.848990471403596,1.062148106363373,1.0618118875318305,-3.1742224192132795,False,-4.114608318997013e-05,42.14381146374438,0.11893636626902904,0.1785714285715513,1,2,bb_rejection_long,1.061050560369533,SL,2022-12-21 04:15:00+00:00,-13.594396304670296,-731.5316348768415,195,False
2022-12-29 07:30:00+00:00,17,EUR_USD,LONG,1.0620200000000002,1.0607826387990609,1.0628047224018782,1.0628047224018782,1.0628047224018782,585290.96,2,ASIAN,1.5,0.0005173612009389907,26.461640595460153,43.75263568742867,1.0623414865322023,1.0630789402166614,-15.684990135260701,False,-7.801718213388002e-05,50.734980381004014,-5.7148653220218115,0.3773584905663144,7,3,bb_rejection_long,1.0628047224018782,TP3,2022-12-29 08:00:00+00:00,7.847224152853806,459.290935775899,30,True
2023-01-05 08:30:00+00:00,17,EUR_USD,SHORT,1.0615599999999998,1.0634818791083982,1.059946241783204,1.059946241783204,1.059946241783204,379217.0,4,LONDON,1.5,0.0009018791083980264,27.12158335162878,56.32277494589854,1.0609496732970394,1.0606955855884252,1.4803972735233373,False,0.00010102165433485802,73.88071698416248,8.003267029605965,0.17543859649118707,8,3,bb_rejection_short,1.059946241783204,TP3,2023-01-05 12:45:00+00:00,16.137582593508867,611.9645658362653,255,True
2023-01-18 01:00:00+00:00,17,EUR_USD,LONG,1.07891,1.0777075424410745,1.0799049151178508,1.0799049151178508,1.0799049151178508,611189.04,3,ASIAN,1.5,0.000622457558925456,20.60139500158909,42.59760636371085,1.079901138525325,1.0813731115141558,-33.21029330186409,False,4.136232627070856e-05,38.00041701417461,-12.411385253250362,0.3538461538460593,1,2,bb_rejection_long,1.0799049151178508,TP3,2023-01-18 02:15:00+00:00,9.94915134129123,608.0812257098501,75,True
2023-01-19 07:15:00+00:00,17,EUR_USD,LONG,1.0795700000000001,1.0775192545648526,1.0807814908702946,1.0807814908702946,1.0807814908702946,361336.75,4,ASIAN,1.5,0.0007307454351472905,21.897291872950213,48.01104403056065,1.0797490780793368,1.0807426225178767,-34.08862755266861,False,-1.2934727594532218e-05,25.043384456640734,-4.290780793367865,0.037037037037041386,7,3,bb_rejection_long,1.0807814908702946,TP3,2023-01-19 07:45:00+00:00,12.114909038225129,437.75618584178943,30,True
2023-01-19 13:15:00+00:00,17,EUR_USD,LONG,1.08203,1.0800699433859118,1.0838201132281762,1.0838201132281762,1.0838201132281762,380288.63,3,OVERLAP,1.5,0.0009900566140881605,22.43941823160586,52.91941155784394,1.0811173698616985,1.0810030524199719,-2.1131018665254686,False,-0.00018837292895065497,40.422322775263034,7.2263013830142775,0.3223140495866449,13,3,bb_rejection_long,1.0800699433859118,SL,2023-01-19 13:30:00+00:00,-19.60056614088268,-745.3872444940662,15,False
2023-01-30 14:00:00+00:00,17,EUR_USD,LONG,1.08898,1.0872701592638565,1.090469681472287,1.090469681472287,1.090469681472287,431580.18,3,OVERLAP,1.5,0.0008398407361434749,25.981462287634326,46.37847905893173,1.0885812308579934,1.0880482214115852,-7.015311730755869,False,-0.00026526909825520437,12.183999575305606,2.087691420065152,0.1666666666665693,14,0,bb_rejection_long,1.0872701592638565,SL,2023-01-30 15:45:00+00:00,-17.09840736143553,-737.9333726761671,105,False
2023-01-31 00:45:00+00:00,17,EUR_USD,SHORT,1.0851199999999999,1.0859604081215284,1.0844891837569433,1.0844891837569433,1.0844891837569433,869284.84,3,ASIAN,1.5,0.0004404081215283196,26.269280968338364,49.77809408252018,1.0859751731631375,1.087230482453342,-20.063170729174296,False,0.00016554955329719872,73.98268398268978,-6.051731631375734,0.20454545454578715,0,1,bb_rejection_short,1.0859604081215284,SL,2023-01-31 01:45:00+00:00,-8.404081215285242,-730.5540394576236,60,False
2023-02-02 08:45:00+00:00,17,EUR_USD,LONG,1.10068,1.098327456717709,1.1021550865645817,1.1021550865645817,1.1021550865645817,307432.6,3,LONDON,1.5,0.000832543282290913,25.38905653120198,47.89499933105723,1.0996522734766154,1.093084398164161,2.6662249403264227,False,-0.00019735804011626742,64.03508771930018,8.37726523384541,0.32142857142859976,8,3,bb_rejection_long,1.098327456717709,SL,2023-02-02 10:15:00+00:00,-23.52543282291064,-723.2484978872758,90,False
2023-02-06 02:30:00+00:00,17,EUR_USD,SHORT,1.0786099999999998,1.0805286656598714,1.0774026686802571,1.0774026686802571,1.0774026686802571,373184.36,5,ASIAN,1.5,0.0007286656598713551,19.712737601462088,40.815460449051514,1.0813413679596615,1.087518230144566,-62.24345529398878,False,0.00021626586980618518,54.02777777777774,-24.813679596615845,0.020202020202151602,2,0,bb_rejection_short,1.0774026686802571,TP3,2023-02-06 09:00:00+00:00,12.073313520948519,450.55717793945195,390,True
2023-02-07 01:00:00+00:00,17,EUR_USD,SHORT,1.07327,1.0743281670332998,1.0725836659334005,1.0725836659334005,1.0725836659334005,680914.8,3,ASIAN,1.5,0.0004681670332998049,28.94575103829389,58.02737306147268,1.0737185286113118,1.0799948779647066,-13.041692658795068,False,0.00017540699481765173,86.57947014360168,-1.9852861131175459,0.21052631578965822,1,1,bb_rejection_short,1.0743281670332998,SL,2023-02-07 06:15:00+00:00,-10.581670332998616,-720.5215938459687,315,False
2023-02-13 13:00:00+00:00,17,EUR_USD,SHORT,1.06836,1.0703320956650073,1.0669658086699851,1.0669658086699851,1.0669658086699851,361704.75,2,OVERLAP,1.5,0.0007920956650074508,27.587655329311524,55.427798075368784,1.0678212692828701,1.0697939408396004,4.9486905409756865,False,9.475539592311425e-05,64.90903484428239,7.287307171299773,0.3919999999999119,13,0,bb_rejection_short,1.0703320956650073,SL,2023-02-13 14:45:00+00:00,-19.720956650073337,-713.3163694875615,105,False
2023-02-14 08:15:00+00:00,17,EUR_USD,SHORT,1.0733199999999998,1.074689479431574,1.072311041136852,1.072311041136852,1.072311041136852,515658.14,3,LONDON,1.5,0.0005994794315740676,29.396652482882065,51.710724543736504,1.0728916353322917,1.0712869084492593,-0.7072299306165597,False,-7.295528365814622e-05,41.67787642364018,6.183646677082599,0.286885245901699,8,1,bb_rejection_short,1.074689479431574,SL,2023-02-14 08:45:00+00:00,-13.69479431574172,-706.1832164537949,30,False
2023-02-16 01:45:00+00:00,17,EUR_USD,SHORT,1.0702099999999999,1.071267504425845,1.0694049911483097,1.0694049911483097,1.0694049911483097,661104.92,3,ASIAN,1.5,0.0005275044258451309,27.43639625445242,69.02773472010068,1.069126985712607,1.0707540286847013,14.829955127111383,False,0.00016064441270429269,92.57500487044759,13.33014287393075,0.2857142857145123,1,3,bb_rejection_short,1.071267504425845,SL,2023-02-16 02:30:00+00:00,-10.575044258451793,-699.1213788480233,45,False
2023-02-21 15:45:00+00:00,17,EUR_USD,SHORT,1.0683099999999999,1.0702836420137887,1.0660127159724226,1.0660127159724226,1.0660127159724226,350686.78,2,OVERLAP,1.5,0.001243642013788731,26.96378764992674,62.7600197517574,1.0665505360299676,1.067379564814193,21.617327506942008,False,0.00036127218371509136,85.61549850142329,19.494639700323724,0.3118279569891087,15,1,bb_rejection_short,1.0660127159724226,TP3,2023-02-21 16:45:00+00:00,22.97284093085373,805.6271613493299,60,True
2023-02-22 14:45:00+00:00,17,EUR_USD,SHORT,1.0647699999999998,1.066904774075174,1.0631904518496518,1.0631904518496518,1.0631904518496518,327990.88,2,OVERLAP,1.5,0.0008847740751740338,28.507927236931664,56.1005458563469,1.0645854988848187,1.065867186775583,7.654607402505231,False,0.0002186130285217224,72.96546318257538,3.7450111518122498,0.25,14,2,bb_rejection_short,1.0631904518496518,TP3,2023-02-22 15:45:00+00:00,15.795481985062926,518.0774036304937,60,True
2023-02-28 00:30:00+00:00,17,EUR_USD,SHORT,1.06084,1.0616676738080193,1.0601746523839617,1.0601746523839617,1.0601746523839617,852228.5,4,ASIAN,1.5,0.0004576738080192175,19.591285361128783,60.58620105800334,1.0596600510489125,1.0583454916248722,29.58158387606158,False,-5.534185689238581e-05,57.333333333330074,14.299489510876118,0.03225806451562071,0,1,bb_rejection_short,1.0601746523839617,TP3,2023-02-28 01:30:00+00:00,6.653476238454646,567.0282074483846,60,True
2023-03-06 10:00:00+00:00,17,EUR_USD,LONG,1.06319,1.0618458936098663,1.0643482127802675,1.0643482127802675,1.0643482127802675,529003.88,3,LONDON,1.5,0.0006741063901337463,28.23249842227301,36.05688903450856,1.0638077695880472,1.0625846207148146,-12.174723414752897,False,-0.00024894883782828177,14.890428617465323,-8.077695880472913,0.1388888888888632,10,0,bb_rejection_long,1.0643482127802675,TP3,2023-03-06 11:45:00+00:00,11.58212802161619,612.6990662091689,105,True
2023-03-08 07:00:00+00:00,17,EUR_USD,SHORT,1.05342,1.0547474269278325,1.0525751461443351,1.0525751461443351,1.0525751461443351,540266.64,3,ASIAN,1.5,0.0005474269278324823,28.30663636707606,47.465352407472885,1.0551005487968834,1.0605111058346492,-61.96038849858976,False,0.00016313050192307335,76.37960047317078,-14.30548796883313,0.3103448275862245,7,2,bb_rejection_short,1.0547474269278325,SL,2023-03-08 08:15:00+00:00,-13.274269278324978,-717.1644861455861,75,False
2023-03-08 15:30:00+00:00,17,EUR_USD,SHORT,1.05527,1.058528445523382,1.053163108953236,1.053163108953236,1.053163108953236,217893.11,4,OVERLAP,1.5,0.0011484455233820219,24.521209139792486,58.07002090750813,1.0546074577086493,1.0587318822171445,8.255223646589371,False,0.0001389196874642861,58.37754506017588,8.525422913507885,0.16019417475725697,15,2,bb_rejection_short,1.05483,TIME,2023-03-08 23:30:00+00:00,4.3999999999999595,95.87296839999911,480,True
2023-03-09 00:15:00+00:00,17,EUR_USD,SHORT,1.0548,1.0557744332967,1.0541411334066,1.0541411334066,1.0541411334066,729605.17,3,ASIAN,1.5,0.0004544332967000107,22.712297179251998,58.30186635101095,1.054643823200337,1.0575327592215977,3.16268091526295,False,7.338270582857634e-05,82.30155595368062,4.061767996630383,0.09374999999989159,0,3,bb_rejection_short,1.0541411334066,TP3,2023-03-09 01:30:00+00:00,6.588666024304299,480.7124794735763,75,True
2023-03-16 01:30:00+00:00,17,EUR_USD,SHORT,1.05869,1.0602884746346068,1.057303050730786,1.057303050730786,1.057303050730786,447776.07,4,ASIAN,1.5,0.000818474634607028,29.742421748746743,59.005732664098,1.0588933246608259,1.0648301391842963,1.2867715661668555,False,8.884078122482297e-05,61.97967736713169,0.4667533917412925,0.06976744186041708,1,3,bb_rejection_short,1.0602884746346068,SL,2023-03-16 04:45:00+00:00,-15.98474634606939,-715.7586898789812,195,False
2023-03-21 00:45:00+00:00,17,EUR_USD,LONG,1.072,1.0710745630467133,1.0726608739065735,1.0726608739065735,1.0726608739065735,765693.55,4,ASIAN,1.5,0.0004554369532867282,15.274099939758223,46.30337860371706,1.0714355021621114,1.068093390590927,18.436016393108545,False,-9.240352069820083e-05,16.510848987910098,3.144978378886165,0.32258064516133655,0,1,bb_rejection_long,1.0710745630467133,SL,2023-03-21 04:00:00+00:00,-9.25436953286729,-708.6011060632998,195,False
2023-03-21 06:45:00+00:00,17,EUR_USD,LONG,1.07098,1.0700782712876948,1.0715934574246104,1.0715934574246104,1.0715934574246104,777966.9,2,ASIAN,1.5,0.0004317287123051957,24.88408029861882,35.87104470802208,1.0714093544238537,1.0688121097073446,6.36991619997751,False,-7.409857773696377e-05,17.133008921320222,-6.793544238536953,0.23529411764685393,6,1,bb_rejection_long,1.0715934574246104,TP3,2023-03-21 07:15:00+00:00,6.134574324957786,477.2495770407002,30,True
2023-03-22 06:45:00+00:00,17,EUR_USD,LONG,1.07691,1.075982361457557,1.0774552770848858,1.0774552770848858,1.0774552770848858,761382.32,4,ASIAN,1.5,0.0003976385424429491,21.546466548338152,42.52059819240327,1.076780478973665,1.0736360479040277,2.1248845172960884,False,-3.622179706771819e-05,34.44954128440905,-1.2047897366507243,0.09756097560984855,6,2,bb_rejection_long,1.075982361457557,SL,2023-03-22 07:00:00+00:00,-9.276385424430433,-706.2875855667028,15,False
2023-03-22 07:15:00+00:00,17,EUR_USD,LONG,1.07665,1.075673464726159,1.0773330705476822,1.0773330705476822,1.0773330705476822,716026.07,3,ASIAN,1.5,0.000466535273841094,29.598485665049175,38.81952322277262,1.0767470780529682,1.0736896946374448,-0.47566047117975074,False,-7.890975695024811e-05,28.400728973247833,-3.4707805296818606,0.20689655172441515,7,2,bb_rejection_long,1.0773330705476822,TP3,2023-03-22 08:00:00+00:00,6.830705572218739,489.09632662028844,45,True
2023-04-05 03:45:00+00:00,17,EUR_USD,LONG,1.0962100000000001,1.0951134040560586,1.0967931918878824,1.0967931918878824,1.0967931918878824,642092.18,4,ASIAN,1.5,0.00041659594394120777,16.673871094076382,52.39428233680134,1.0952324129982673,1.0914624269207622,23.975635923598748,False,-6.554436933930259e-05,43.00142063800852,7.275870017326991,0.02325581395363248,3,2,bb_rejection_long,1.0951134040560586,SL,2023-04-05 06:00:00+00:00,-10.96595943941514,-704.1156802245646,135,False
2023-04-17 13:00:00+00:00,17,EUR_USD,LONG,1.09563,1.0942913580149525,1.0969772839700946,1.0969772839700946,1.0969772839700946,520732.6,3,OVERLAP,1.5,0.000768641985047379,28.24381106860282,31.848897785983524,1.0980594291579655,1.0998335696960444,-18.681596464049655,False,-0.00023882226621527435,6.613482457040104,-26.19429157965536,0.12698412698422767,13,0,bb_rejection_long,1.0942913580149525,SL,2023-04-17 13:15:00+00:00,-13.386419850476283,-697.0745213430126,15,False
2023-04-18 02:30:00+00:00,17,EUR_USD,SHORT,1.09289,1.0938280679711185,1.092303864057763,1.092303864057763,1.092303864057763,735665.0,3,ASIAN,1.5,0.0004180679711185295,22.369009115253355,55.94499328657019,1.093268214419382,1.0967854478353867,-13.157561456713651,False,9.57078649223152e-05,64.63203463203308,-1.2821441938193345,0.3958333333331213,2,1,bb_rejection_short,1.0938280679711185,SL,2023-04-18 03:00:00+00:00,-9.380679711186168,-690.1037739729773,30,False
2023-04-24 03:00:00+00:00,17,EUR_USD,LONG,1.09841,1.0975078974243384,1.0991042051513233,1.0991042051513233,1.0991042051513233,757344.85,2,ASIAN,1.5,0.0004721025756616234,26.533370604676122,41.752263471046994,1.0984318699900797,1.0972427602509591,7.545644300468446,False,-0.00014704617598673453,8.958875049612546,-2.7186999007966506,0.2916666666667052,3,0,bb_rejection_long,1.0975078974243384,SL,2023-04-24 05:15:00+00:00,-9.021025756617005,-683.2027398491243,135,False
2023-04-25 06:45:00+00:00,17,EUR_USD,LONG,1.10541,1.1040902997058348,1.1061994005883304,1.1061994005883304,1.1061994005883304,512518.42,5,ASIAN,1.5,0.0005197002941652226,16.570314314577487,49.04705328568238,1.1047902238150795,1.1014293322649238,22.115587824205196,False,-4.899118699738229e-05,60.48941123034117,3.6977618492040065,0.05494505494492892,6,1,bb_rejection_long,1.1040902997058348,SL,2023-04-25 07:00:00+00:00,-13.197002941651713,-676.3707096390689,15,False
2023-04-27 12:45:00+00:00,17,EUR_USD,LONG,1.10149,1.0989446411599484,1.1035707176801033,1.1035707176801033,1.1035707176801033,263069.79,4,LONDON,1.5,0.0011353588400516445,26.690791202204874,31.089365055705557,1.1042347692927363,1.1030274251654437,-22.503782360465685,False,-0.00027394636296944005,39.73380704038812,-29.347692927363944,0.16097560975606057,12,3,bb_rejection_long,1.10273,TIME,2023-04-27 20:45:00+00:00,12.399999999999078,326.2065395999757,480,True
2023-05-05 08:00:00+00:00,17,EUR_USD,LONG,1.1029900000000001,1.1017121453209757,1.1041957093580483,1.1041957093580483,1.1041957093580483,526561.49,3,LONDON,1.5,0.000697854679024185,23.664075246378967,43.1680246867983,1.1032902782374774,1.1033931495383291,0.40000000000040004,False,-0.00020445264512798645,11.731091828305045,-4.9027823747738175,0.1818181818179983,8,4,bb_rejection_long,1.1017121453209757,SL,2023-05-05 11:30:00+00:00,-12.77854679024415,-672.8690637905677,210,False
2023-05-09 06:30:00+00:00,17,EUR_USD,SHORT,1.09941,1.1004869387963316,1.0988261224073372,1.0988261224073372,1.0988261224073372,618549.89,4,ASIAN,1.5,0.00041693879633143536,22.153244565598236,55.949833717366594,1.0998826806308037,1.101637917964988,-23.365815117633026,False,0.00013013777425282847,75.56848490762472,-2.226806308036622,0.09090909090867802,6,1,bb_rejection_short,1.0988261224073372,TP3,2023-05-09 06:45:00+00:00,5.83877602102221,361.15742655379256,15,True
2023-05-11 00:30:00+00:00,17,EUR_USD,SHORT,1.09826,1.099167499689037,1.0977950006219261,1.0977950006219261,1.0977950006219261,738018.93,3,ASIAN,1.5,0.0003574996890369829,29.97484389079216,58.02565308686202,1.0978071285271873,1.09801370819866,11.736146710836781,False,-2.493521764624897e-05,47.30085582621777,7.028714728127827,0.38709677419317867,0,3,bb_rejection_short,1.099167499689037,SL,2023-05-11 00:45:00+00:00,-9.07499689037028,-669.7519494784401,15,False
2023-05-12 02:00:00+00:00,17,EUR_USD,SHORT,1.0920999999999998,1.0928443896667561,1.091661220666488,1.091661220666488,1.091661220666488,890735.68,3,ASIAN,1.5,0.000344389666756015,29.283222997412857,59.95406244468993,1.0921150861027868,1.0947370747641818,1.0917350880190746,False,9.78960277446776e-05,83.9739163789671,2.3491389721308487,0.20689655172463958,2,4,bb_rejection_short,1.091661220666488,TP3,2023-05-12 03:00:00+00:00,4.387793384379179,390.83641239344905,60,True
2023-05-12 06:45:00+00:00,17,EUR_USD,SHORT,1.09263,1.093863650986844,1.0920126980263118,1.0920126980263118,1.0920126980263118,540641.4,5,ASIAN,1.5,0.00043365098684406485,19.259878608961824,60.69059579553419,1.0922948805769956,1.094334406398888,6.088914303052917,False,3.76316617211876e-05,70.5125039361988,5.851194230044321,0.12698412698391998,6,4,bb_rejection_short,1.0920126980263118,TP3,2023-05-12 07:45:00+00:00,6.1730198510610075,333.73900945054146,60,True
2023-05-15 00:00:00+00:00,17,EUR_USD,SHORT,1.08496,1.0859257153932163,1.0844585692135673,1.0844585692135673,1.0844585692135673,694097.03,4,ASIAN,1.5,0.00037571539321633194,25.8552087296224,43.801803119062605,1.0863570524196715,1.090675224370594,-27.75378316331567,False,0.00010653494365147102,65.21383345281663,-11.470524196715015,0.14285714285678033,0,0,bb_rejection_short,1.0859257153932163,SL,2023-05-15 01:15:00+00:00,-9.657153932163265,-670.3001862567344,75,False
2023-05-15 07:00:00+00:00,17,EUR_USD,SHORT,1.0865699999999998,1.0876576520941352,1.0859046958117295,1.0859046958117295,1.0859046958117295,610118.98,3,ASIAN,1.5,0.00045765209413520263,26.80849889613601,59.380333921925825,1.0862737514010452,1.089564197568657,-6.823785065623866,False,3.9235249098536814e-05,56.869866590701804,5.462485989546906,0.20588235294121487,7,0,bb_rejection_short,1.0876576520941352,SL,2023-05-15 07:30:00+00:00,-10.87652094135416,-663.5971862687641,30,False
2023-05-23 06:15:00+00:00,17,EUR_USD,SHORT,1.08042,1.0815966035611244,1.0798167928777511,1.0798167928777511,1.0798167928777511,558353.92,4,ASIAN,1.5,0.00042660356112441425,19.563555662303948,47.537869026338534,1.080955055390037,1.0810415206258746,-5.269017023330491,False,1.1305616746371124e-05,66.77708764665805,-2.850553900368702,0.21739130434768617,6,1,bb_rejection_short,1.0798167928777511,TP3,2023-05-23 07:00:00+00:00,6.03207133052128,336.80306731161727,45,True
2023-05-23 14:15:00+00:00,17,EUR_USD,SHORT,1.0786499999999999,1.0804602989667436,1.0769994020665128,1.0769994020665128,1.0769994020665128,364762.54,3,OVERLAP,1.5,0.0009202989667436662,26.792884376431374,53.792522632630586,1.0790459654596343,1.0803510436088517,5.555740238112339,False,0.00025538568224032056,84.21978746027018,-2.0596545963424973,0.2625000000000833,14,1,bb_rejection_short,1.0769994020665128,TP3,2023-05-23 16:00:00+00:00,16.505979787383975,602.0763112434838,105,True
2023-05-24 00:45:00+00:00,17,EUR_USD,SHORT,1.07699,1.0777354625596387,1.0766090748807227,1.0766090748807227,1.0766090748807227,893874.55,5,ASIAN,1.5,0.0003154625596387125,18.06740040269856,50.60629603905188,1.0775254263979346,1.079271021573099,-6.77541253764069,False,4.248851873994792e-05,73.72372372372995,-2.8542639793460722,0.10256410256417556,0,2,bb_rejection_short,1.0777354625596387,SL,2023-05-24 03:00:00+00:00,-7.454625596388099,-666.3500100389894,135,False
2023-05-26 01:30:00+00:00,17,EUR_USD,SHORT,1.0724,1.0732849907303224,1.0718800185393553,1.0718800185393553,1.0718800185393553,745416.29,3,ASIAN,1.5,0.0003849907303224376,22.430876224526152,54.742523583253565,1.0725092351550545,1.0744426226762205,2.2870254806117707,False,1.9612437961102363e-05,70.51767676767619,1.407648449456289,0.20512820512789856,1,4,bb_rejection_short,1.0732849907303224,SL,2023-05-26 02:00:00+00:00,-8.849907303223326,-659.6865068812637,30,False
2023-06-06 01:00:00+00:00,17,EUR_USD,SHORT,1.07134,1.0719981812937878,1.0709536374124247,1.0709536374124247,1.0709536374124247,992264.06,4,ASIAN,1.5,0.00031818129378774224,23.891273029707413,61.917848570113115,1.0709315516318032,1.0712702426692908,14.21913251154372,False,3.409589161295528e-05,88.9841269841417,6.5844836819684005,0.1428571428569918,1,1,bb_rejection_short,1.0719981812937878,SL,2023-06-06 02:00:00+00:00,-6.581812937878073,-653.0896427899426,60,False
2023-06-09 06:15:00+00:00,17,EUR_USD,LONG,1.0779100000000001,1.0768983922115862,1.0784232155768276,1.0784232155768276,1.0784232155768276,639139.75,2,ASIAN,1.5,0.00038160778841373166,25.88119900689036,46.407073048302124,1.0775458044215442,1.0743674585530774,14.976712013425875,False,-1.9742135233034015e-05,26.80754917596911,1.141955784558224,0.3770491803277913,6,4,bb_rejection_long,1.0768983922115862,SL,2023-06-09 07:15:00+00:00,-10.116077884139152,-646.5587489849227,60,False
2023-06-12 01:30:00+00:00,17,EUR_USD,LONG,1.07453,1.0738611791054251,1.0749376417891496,1.0749376417891496,1.0749376417891496,957047.19,4,ASIAN,1.5,0.00032882089457486813,19.194317624653085,39.309151388067534,1.075071796848305,1.0749417747189434,-17.525872312684765,False,-8.794000918056142e-06,9.14786967418032,-7.917968483051041,0.2083333333328322,1,0,bb_rejection_long,1.0738611791054251,SL,2023-06-12 01:45:00+00:00,-6.68820894574873,-640.0931577661685,15,False
2023-06-19 07:00:00+00:00,17,EUR_USD,LONG,1.09325,1.0921501088694936,1.0938797822610125,1.0938797822610125,1.0938797822610125,576140.86,4,ASIAN,1.5,0.00043989113050624875,28.14482873468996,39.44455258507313,1.0936548615989488,1.0916127429817408,-11.256817728555468,False,-6.804954897643987e-05,20.992632671459567,-6.54861598948786,0.08196721311456315,7,0,bb_rejection_long,1.0921501088694936,SL,2023-06-19 09:30:00+00:00,-10.998911305064583,-633.6922218363632,150,False
2023-06-20 01:45:00+00:00,17,EUR_USD,LONG,1.09156,1.0907408528255564,1.092028294348887,1.092028294348887,1.092028294348887,765863.97,4,ASIAN,1.5,0.0003591471744435511,24.100112482118565,34.81876444957172,1.0921075084872147,1.0918665471493667,-8.465835156978851,False,-9.631639405744213e-05,14.851871711305593,-7.9750848721471534,0.19444444444441017,1,1,bb_rejection_long,1.092028294348887,TP3,2023-06-20 02:45:00+00:00,4.682943550015442,358.649773850072,60,True
2023-06-20 12:45:00+00:00,17,EUR_USD,LONG,1.0921200000000002,1.0904992178608657,1.0933515642782687,1.0933515642782687,1.0933515642782687,389282.3,4,LONDON,1.5,0.0007107821391343623,24.77344832593926,40.4824276550189,1.0926447900263727,1.0921483111207158,-10.465292069385956,False,-0.00015299651690430522,26.867325404186982,-7.14790026372647,0.06818181818201316,12,1,bb_rejection_long,1.0904992178608657,SL,2023-06-20 14:15:00+00:00,-16.207821391345245,-630.9417989212077,90,False
2023-06-21 05:45:00+00:00,17,EUR_USD,LONG,1.0914700000000002,1.0906781364096294,1.0919037271807415,1.0919037271807415,1.0919037271807415,788813.11,2,ASIAN,1.5,0.0003418635903706429,24.26944673000427,42.620613077564244,1.091582940582032,1.0917979546630971,-4.983357735681704,False,-3.065064682839542e-05,17.650571200273106,-3.6294058203201196,0.32432432432466496,5,2,bb_rejection_long,1.0906781364096294,SL,2023-06-21 06:00:00+00:00,-7.918635903707561,-624.6323814161221,15,False
2023-06-21 12:30:00+00:00,17,EUR_USD,LONG,1.09166,1.0900985658010494,1.0928928683979011,1.0928928683979011,1.0928928683979011,396037.22,4,LONDON,1.5,0.000711434198950635,21.59682359917697,45.53472646849942,1.0917816092055233,1.091812681242033,-5.835867866683664,False,-7.700542305007028e-05,28.85816692267912,-3.1160920552331106,0.03267973856201467,12,2,bb_rejection_long,1.0928928683979011,TP3,2023-06-21 13:45:00+00:00,12.328684290311578,488.261785259267,75,True
2023-06-26 07:15:00+00:00,17,EUR_USD,LONG,1.09058,1.089284836595611,1.0913003268087778,1.0913003268087778,1.0913003268087778,481227.83,5,ASIAN,1.5,0.0004851634043889154,17.984337657914303,48.77787411602719,1.0902550948395764,1.0917234301629095,14.413834647732937,False,-6.143507479887778e-05,43.367638650660545,0.7490516042363282,0.0754716981132787,7,0,bb_rejection_long,1.089284836595611,SL,2023-06-26 08:00:00+00:00,-12.951634043891769,-623.2686745896161,45,False
2023-07-21 06:00:00+00:00,17,EUR_USD,SHORT,1.1139,1.1147421052943325,1.1133657894113347,1.1133657894113347,1.1133657894113347,732730.21,4,ASIAN,1.5,0.0003921052943326244,16.888689500941982,57.49011260280289,1.1141435311450327,1.1176191235771384,-21.25515725825977,False,4.041609935138553e-05,74.39528763002545,0.06468854967245363,0.20895522388065638,6,4,bb_rejection_short,1.1133657894113347,TP3,2023-07-21 07:30:00+00:00,5.342105959558931,391.4322421589867,90,True
2023-07-24 13:45:00+00:00,17,EUR_USD,SHORT,1.1082999999999998,1.1115012783438243,1.1063874433123515,1.1063874433123515,1.1063874433123515,193969.49,3,OVERLAP,1.5,0.001051278343824253,22.576465488418236,44.28863755837701,1.1101386619645097,1.1131219071821823,-1.4087032342358086,False,5.882062628073431e-05,49.57534869408423,-16.486619645097456,0.3750000000000336,13,0,bb_rejection_short,1.1063874433123515,TP3,2023-07-24 19:15:00+00:00,19.1255678624924,370.97766442480406,330,True
2023-07-25 06:45:00+00:00,17,EUR_USD,SHORT,1.1077199999999998,1.1089910302568762,1.1070279394862474,1.1070279394862474,1.1070279394862474,491459.65,4,ASIAN,1.5,0.00047103025687624927,28.03399648606256,57.95628848157763,1.1075160959480326,1.110203735487177,-0.12986314781082697,False,4.041058811530746e-05,71.99520540481107,4.539040519673243,0.18750000000019515,6,1,bb_rejection_short,1.1070279394862474,TP3,2023-07-25 07:45:00+00:00,6.920605278341045,340.1198247881643,60,True
2023-07-28 03:15:00+00:00,17,EUR_USD,SHORT,1.09794,1.0992913089484755,1.0970073821030488,1.0970073821030488,1.0970073821030488,464779.94,5,ASIAN,1.5,0.0005913089484755365,18.21067461883605,48.72063048939501,1.099463864045384,1.1042935310097304,-49.383454081883826,False,0.00012250961043802023,70.25212304326531,-12.738640453839878,0.16447368421058495,3,4,bb_rejection_short,1.0970073821030488,TP3,2023-07-28 04:00:00+00:00,9.326179170168883,433.4620995140344,45,True
2023-08-09 01:30:00+00:00,17,EUR_USD,SHORT,1.0962999999999998,1.0973716924795027,1.0957266150409943,1.0957266150409943,1.0957266150409943,590090.83,4,ASIAN,1.5,0.00041169247950281095,25.18604722315731,62.51664931609489,1.0958956866564684,1.0971839267738763,10.792356333868547,False,9.461282718163397e-05,80.47927188551742,6.543133435314985,0.046875000000308996,1,2,bb_rejection_short,1.0973716924795027,SL,2023-08-09 05:00:00+00:00,-10.716924795028948,-632.3959047346211,210,False
2023-08-15 01:30:00+00:00,17,EUR_USD,SHORT,1.09046,1.0915362870650518,1.0897574258698963,1.0897574258698963,1.0897574258698963,581696.06,4,ASIAN,1.5,0.0004762870650519216,18.56244889707691,48.20118293448094,1.0912289499022627,1.0939899173439147,-9.528344446927406,False,7.011790835599171e-05,64.1758494031178,-5.189499022626443,0.339805825242618,1,1,bb_rejection_short,1.0915362870650518,SL,2023-08-15 01:45:00+00:00,-10.762870650518064,-626.0719451695995,15,False
2023-08-15 02:00:00+00:00,17,EUR_USD,SHORT,1.0906399999999998,1.0915632781326212,1.0899034437347572,1.0899034437347572,1.0899034437347572,671315.84,3,ASIAN,1.5,0.0004932781326212993,21.60720244559597,50.88314432198774,1.0912074081950531,1.0939297165103927,-7.529837849342691,False,7.818633089372084e-05,57.78981871697038,-3.1740819505321483,0.3636363636367918,2,1,bb_rejection_short,1.0915632781326212,SL,2023-08-15 02:30:00+00:00,-9.232781326213857,-619.811235154357,30,False
2023-08-15 06:30:00+00:00,17,EUR_USD,SHORT,1.09154,1.092842620388069,1.090744759223862,1.090744759223862,1.090744759223862,471060.58,3,ASIAN,1.5,0.0005226203880690771,29.038184998225724,58.82002674237382,1.0912620795675037,1.093497273265517,1.8035890907719399,False,6.719655092983861e-05,73.82805347006119,5.279204324963871,0.3620689655173008,6,1,bb_rejection_short,1.092842620388069,SL,2023-08-15 07:00:00+00:00,-13.026203880690533,-613.6131155236334,30,False
2023-08-23 01:45:00+00:00,17,EUR_USD,SHORT,1.08524,1.085940273533748,1.0847894529325044,1.0847894529325044,1.0847894529325044,867485.29,4,ASIAN,1.5,0.0003502735337478504,22.550172429324487,59.44004639874154,1.0855337470451378,1.0875773894762912,-10.517897160575718,False,0.00013315792016089828,91.11594202898813,-0.43747045137765284,0.17241379310297303,1,2,bb_rejection_short,1.085940273533748,SL,2023-08-23 03:30:00+00:00,-7.002735337480192,-607.4769895027252,105,False
