timestamp,strategy_id,pair,signal_direction,entry_price,sl_price,tp1_price,tp2_price,tp3_price,lot_size,confluence_score,session,spread_at_entry,atr_at_entry,adx_at_entry,rsi_at_entry,ema_50_value,ema_200_value,vwap_deviation,news_within_60min,macd_hist_at_entry,stoch_k_at_entry,distance_from_ema50_pips,candle_body_ratio,hour_of_day,day_of_week,entry_pattern,exit_price,exit_reason,exit_time,pnl_pips,pnl_dollars,hold_time_minutes,win
2021-01-07 00:00:00+00:00,17,GBP_JPY,SHORT,140.311,140.58474462335744,140.12051075328515,140.12051075328515,140.12051075328515,3653.04,3,ASIAN,2.5,0.1127446233574329,28.509770582377683,54.62852830251572,140.25388629283586,140.1663369709467,10.832253109248313,False,0.014107472300453061,71.51400316842403,9.211370716414535,0.020408163265207478,0,3,bb_rejection_short,140.12051075328515,TP3,2021-01-07 02:15:00+00:00,19.048976816890157,695.8667427117242,135,True
2021-01-08 13:45:00+00:00,17,GBP_JPY,LONG,141.168,140.954866908416,141.34726618316805,141.34726618316805,141.34726618316805,4724.55,3,OVERLAP,2.5,0.10413309158401649,24.1509485964804,51.79081619701541,141.04900021115827,140.71386756646922,-0.8807026694086062,False,-0.014689626328015036,26.267312680463558,8.999978884173743,0.2957746478873437,13,4,bb_rejection_long,141.34726618316805,TP3,2021-01-08 14:15:00+00:00,17.92665626035053,846.953838348391,30,True
2021-01-11 22:15:00+00:00,17,GBP_JPY,LONG,140.926,140.61468637536598,141.08562724926801,141.08562724926801,141.08562724926801,3261.75,3,NY,2.5,0.09731362463401091,23.91330255012549,59.446094779435754,140.73449801009428,140.71941658008413,31.772195656793656,False,-0.011460900102807398,57.4880352527205,15.65019899057063,0.39999999999997415,22,0,bb_rejection_long,141.08562724926801,TP3,2021-01-12 05:30:00+00:00,15.962773865945579,520.6657765724799,435,True
2021-01-22 06:15:00+00:00,17,GBP_JPY,LONG,141.982,141.84222760291507,142.06654479416983,142.06654479416983,142.06654479416983,7302.12,3,ASIAN,2.5,0.059772397084916044,29.457357491157524,39.89324110401376,142.02500863907028,141.83448931006794,-8.854765013018095,False,-0.005255552758117572,32.154373927972934,-7.800863907027633,0.10344827586203517,6,4,bb_rejection_long,141.84222760291507,SL,2021-01-22 07:00:00+00:00,-13.97723970849256,-1020.634816201777,45,False
2021-01-29 08:15:00+00:00,17,GBP_JPY,LONG,143.111,142.89488795894067,143.27822408211867,143.27822408211867,143.27822408211867,4675.48,4,LONDON,2.5,0.09811204105933612,26.24112499288944,40.969751356566114,143.16174848958497,142.80013550871632,0.15811888387133877,False,-0.017842451092438295,27.015221499525197,-7.974848958497205,0.14393939393942984,8,4,bb_rejection_long,143.27822408211867,TP3,2021-01-29 08:30:00+00:00,16.722443978052787,781.8545237050624,15,True
2021-02-10 07:30:00+00:00,17,GBP_JPY,LONG,144.46099999999998,144.3561004580779,144.52579908384422,144.52579908384422,144.52579908384422,9706.88,4,ASIAN,2.5,0.049899541922109644,24.999832020972224,37.09309055741668,144.4731669019843,144.43646851426385,11.591798989300628,False,-0.01584088144682481,11.511281396333679,-4.716690198432616,0.01960784313679596,7,2,bb_rejection_long,144.52579908384422,TP3,2021-02-10 07:45:00+00:00,6.479915060006613,628.9975789767699,15,True
2021-02-17 09:30:00+00:00,17,GBP_JPY,LONG,147.142,146.93712527346784,147.28074945306432,147.28074945306432,147.28074945306432,5000.8,4,LONDON,2.5,0.08387472653215444,23.172826476968694,47.56585486815815,147.14199339273296,146.7712106266255,-3.148111898286743,False,0.0041341070518806245,48.59632359632413,-2.899339273295709,0.01652892561991236,9,2,bb_rejection_long,146.93712527346784,SL,2021-02-17 10:15:00+00:00,-20.487472653215377,-1024.5375324419947,45,False
2021-02-24 16:00:00+00:00,17,GBP_JPY,LONG,149.47299999999998,149.11313851470513,149.7657229705897,149.7657229705897,149.7657229705897,2818.56,3,OVERLAP,2.5,0.16086148529486344,22.77760294858504,44.29383516958607,149.48082721966153,148.7598020704852,-17.443641198971704,False,-0.01833415842595315,34.14084259082872,-3.682721966154645,0.1823529411763516,16,2,bb_rejection_long,149.7657229705897,TP3,2021-02-24 23:15:00+00:00,29.27240091447662,825.0601832150722,435,True
2021-03-09 07:45:00+00:00,17,GBP_JPY,LONG,151.046,150.8352821408019,151.22443571839625,151.22443571839625,151.22443571839625,4852.66,5,ASIAN,2.5,0.10671785919812748,19.652639808971625,51.254757562379794,150.85803330025016,150.3342385467408,48.52495114674866,False,-0.029167786813470098,50.857843137252104,15.296669974983956,0.18390804597693264,7,1,bb_rejection_long,150.8352821408019,SL,2021-03-09 09:00:00+00:00,-21.071785919809827,-1022.5421266162435,75,False
2021-03-15 05:30:00+00:00,17,GBP_JPY,LONG,152.012,151.8098500402283,152.12129991954342,152.12129991954342,152.12129991954342,5007.75,2,ASIAN,2.5,0.07214995977170455,21.830370923052293,53.54365144445126,151.89418343506014,151.66327654467005,25.866597126815805,False,-0.009054631991461906,42.7177542683937,8.281656493986134,0.3469387755101745,5,0,bb_rejection_long,151.8098500402283,SL,2021-03-15 11:15:00+00:00,-20.214995977170247,-1012.316461046743,345,False
2021-03-16 02:15:00+00:00,17,GBP_JPY,LONG,151.579,151.41925302350097,151.6934939529981,151.6934939529981,151.6934939529981,6273.63,3,ASIAN,2.5,0.0747469764990375,24.140408176239657,39.46569366909958,151.6743084985442,151.69862701656842,-19.422365389249308,False,-0.01628149914371746,14.736126154784642,-13.030849854419557,0.1686746987953045,2,1,bb_rejection_long,151.41925302350097,SL,2021-03-16 02:30:00+00:00,-15.974697649903646,-1002.1934241736501,15,False
2021-03-25 15:45:00+00:00,17,GBP_JPY,SHORT,149.716,150.03558453723366,149.45383092553266,149.45383092553266,149.45383092553266,3104.57,2,OVERLAP,2.5,0.1455845372336776,24.77512178915479,58.381369750034125,149.47444200765145,149.4346540238995,15.222283945107051,False,-0.0027637889465159937,67.94182635175464,27.055799234855726,0.3351351351350928,15,3,bb_rejection_short,150.03558453723366,SL,2021-03-25 17:30:00+00:00,-31.958453723365206,-992.1725667594793,105,False
2021-03-30 14:00:00+00:00,17,GBP_JPY,LONG,151.46,151.24583993790057,151.6653201241989,151.6653201241989,151.6653201241989,4586.52,4,OVERLAP,2.5,0.11716006209944198,27.987365735029943,38.60220605719607,151.56025952200008,151.19688687310986,-22.188382804012008,False,-0.04018149744656289,21.199762574251995,-12.925952200006918,0.17021276595766555,14,1,bb_rejection_long,151.24583993790057,SL,2021-03-30 14:45:00+00:00,-21.416006209943813,-982.2494080203152,45,False
2021-04-08 00:00:00+00:00,17,GBP_JPY,SHORT,150.909,151.07765816724347,150.78868366551308,150.78868366551308,150.78868366551308,5765.67,5,ASIAN,2.5,0.077658167243461,19.503676734410885,53.92399900026893,151.019657520744,151.75046240982965,-28.889142412046454,False,0.021456911574260298,75.39614514804393,-7.565752074401644,0.10989010989031239,0,3,bb_rejection_short,150.78868366551308,TP3,2021-04-08 01:00:00+00:00,12.031654316402399,693.7054834245182,60,True
2021-04-15 21:45:00+00:00,17,GBP_JPY,SHORT,149.82500000000002,149.98955202030274,149.7028959593945,149.7028959593945,149.7028959593945,5951.7,4,NY,2.5,0.07855202030274572,21.177958124454882,49.42812978334658,149.8905022697366,150.02011412275073,-4.532668754509928,False,0.00714170486118048,72.30514096186558,-3.0502269736587095,0.12871287128690026,21,3,bb_rejection_short,149.7028959593945,TP3,2021-04-16 00:15:00+00:00,12.210424576376507,726.7278395122005,150,True
2021-04-21 07:00:00+00:00,17,GBP_JPY,SHORT,150.47,150.71043620188,150.31812759624,150.31812759624,150.31812759624,4103.51,3,ASIAN,2.5,0.09343620187999696,26.18350034791216,49.85902496879718,150.58803331422476,150.76788097438444,-42.24117692655511,False,0.023609435805445018,70.06754163788322,-8.30333142247639,0.31612903225810474,7,2,bb_rejection_short,150.71043620188,SL,2021-04-21 07:45:00+00:00,-24.04362018799873,-986.6323587765467,45,False
2021-04-26 01:00:00+00:00,17,GBP_JPY,SHORT,149.769,149.93623899484598,149.6255220103081,149.6255220103081,149.6255220103081,5840.54,3,ASIAN,2.5,0.0892389948459591,21.820489888161283,58.3666666251481,149.67868057831285,149.83359703465328,20.66027610802621,False,0.009180782774933442,88.42260130815755,12.531942168715204,0.0989010989009376,1,0,bb_rejection_short,149.93623899484598,SL,2021-04-26 06:30:00+00:00,-16.723899484597382,-976.7660389577039,330,False
2021-04-26 12:15:00+00:00,17,GBP_JPY,SHORT,149.973,150.31496690243242,149.76606619513518,149.76606619513518,149.76606619513518,2827.75,3,LONDON,2.5,0.1179669024324137,22.381907161191563,57.58336049824831,149.84760689008226,149.8417019859807,9.694133756727297,False,0.013804283612552662,77.32818354314884,15.439310991774846,0.32110091743117714,12,0,bb_rejection_short,150.31496690243242,SL,2021-04-26 18:45:00+00:00,-34.19669024324037,-966.9969083532295,390,False
2021-04-27 06:45:00+00:00,17,GBP_JPY,LONG,150.388,150.14242869088991,150.5181426182202,150.5181426182202,150.5181426182202,3898.37,2,ASIAN,2.5,0.08257130911009011,20.909366068211455,53.27535361639991,150.2794524059559,150.06054716469907,24.921254629393275,False,-0.004235195533741945,54.906515364417295,7.354759404410061,0.38345864661663454,6,1,bb_rejection_long,150.5181426182202,TP3,2021-04-27 10:15:00+00:00,13.014295205873927,507.34538001722734,210,True
2021-04-30 05:45:00+00:00,17,GBP_JPY,LONG,151.718,151.53037731444658,151.8202453711068,151.8202453711068,151.8202453711068,5129.45,3,ASIAN,2.5,0.06862268555340437,21.913211491652714,37.47043382299789,151.81359840882848,151.57614851295065,-28.050239264325683,False,-0.008091562342223774,18.812678655956038,-13.059840882849016,0.04705882352929768,5,4,bb_rejection_long,151.53037731444658,SL,2021-04-30 07:00:00+00:00,-18.76226855534071,-962.4011844119241,75,False
2021-05-05 13:45:00+00:00,17,GBP_JPY,LONG,151.886,151.6632846556794,152.08243068864118,152.08243068864118,152.08243068864118,4278.0,4,OVERLAP,2.5,0.11271534432059753,23.478224620288184,39.460768851185115,151.9667430763566,151.7905665072859,-11.55999396348193,False,-0.023164976830626058,26.004343332776397,-10.974307635660807,0.1475409836065803,13,2,bb_rejection_long,151.844,TIME,2021-05-05 21:45:00+00:00,-4.200000000000159,-179.6760000000068,480,False
2021-05-11 08:30:00+00:00,17,GBP_JPY,LONG,153.74,153.4173579982911,153.94828400341783,153.94828400341783,153.94828400341783,2947.48,4,LONDON,2.5,0.11864200170890991,27.95386139701657,45.600107651712,153.73577645044082,153.1187528227508,-3.7852285033579847,False,-0.004031718564157842,33.37383776478153,-2.4776450440811004,0.1715686274510965,8,1,bb_rejection_long,153.4173579982911,SL,2021-05-11 13:00:00+00:00,-32.26420017089139,-950.9808471969898,270,False
2021-05-14 06:45:00+00:00,17,GBP_JPY,LONG,153.86599999999999,153.67693178339135,153.9911364332173,153.9911364332173,153.9911364332173,4979.53,3,ASIAN,2.5,0.080068216608649,26.758244592147776,47.935559600986196,153.8451234360616,153.82562698107674,2.8766435203834817,False,-0.01069099785187267,49.75609756097663,-1.4123436061623806,0.30833333333313595,6,4,bb_rejection_long,153.67693178339135,SL,2021-05-14 08:15:00+00:00,-18.906821660863216,-941.470856649182,90,False
2021-05-14 08:30:00+00:00,17,GBP_JPY,LONG,153.718,153.52255117391763,153.8898976521647,153.8898976521647,153.8898976521647,4768.8,2,LONDON,2.5,0.10044882608235466,23.450515741347335,39.53196565247635,153.82767457973782,153.8223633954209,-4.160299929438338,False,-0.01824319987479938,18.921285334065193,-13.867457973782393,0.2482758620689574,8,4,bb_rejection_long,153.8898976521647,TP3,2021-05-14 10:45:00+00:00,17.189801262783536,819.7472426196213,135,True
2021-05-18 06:30:00+00:00,17,GBP_JPY,LONG,154.757,154.5507226994249,154.8865546011502,154.8865546011502,154.8865546011502,4558.2,4,ASIAN,2.5,0.08227730057509357,27.055229098577534,56.307587659585245,154.55727847676928,154.22860892803268,49.89740481301794,False,-0.01738657464576121,68.80374791426051,16.472152323072464,0.027027027027158514,6,1,bb_rejection_long,154.5507226994249,SL,2021-05-18 08:15:00+00:00,-20.62773005750955,-940.2531914814003,105,False
2021-05-20 08:00:00+00:00,17,GBP_JPY,LONG,154.114,153.9146573416857,154.25368531662858,154.25368531662858,154.25368531662858,4669.6,5,LONDON,2.5,0.08434265831429018,18.378110600460268,51.0463477769806,154.09996198577537,154.26796053452162,2.566666666666606,False,0.003677182378860239,67.47978199718713,-1.496198577535779,0.10526315789494155,8,3,bb_rejection_long,153.9146573416857,SL,2021-05-20 08:30:00+00:00,-19.934265831429343,-930.8504772644246,30,False
2021-05-21 07:00:00+00:00,17,GBP_JPY,LONG,154.24099999999999,154.06734106099967,154.35531787800065,154.35531787800065,154.35531787800065,5306.62,4,ASIAN,2.5,0.07465893900032942,25.23684839642162,40.9548517106255,154.2774254316837,154.24559375193806,8.734394451334992,False,-0.006818721244413798,19.182392079391906,-7.1425431683707075,0.01041666666641995,7,4,bb_rejection_long,154.06734106099967,SL,2021-05-21 07:30:00+00:00,-17.365893900031892,-921.5419988778724,30,False
2021-05-21 07:45:00+00:00,17,GBP_JPY,LONG,154.18,153.939503757659,154.329992484682,154.329992484682,154.329992484682,3793.52,3,ASIAN,2.5,0.09249624234100474,27.054031810409676,39.22113955354268,154.2656655932647,154.2434957779516,2.329887504885164,False,-0.012353588325154902,42.743766042500205,-12.066559326470383,0.22764227642294457,7,4,bb_rejection_long,154.329992484682,TP3,2021-05-21 09:00:00+00:00,14.999288007331339,569.0009904157158,75,True
2021-05-28 11:45:00+00:00,17,GBP_JPY,LONG,155.874,155.65092618541848,156.03714762916306,156.03714762916306,156.03714762916306,4115.31,4,LONDON,2.5,0.09607381458153372,11.577170745443727,46.13902386358866,155.84513367242064,155.16827516284343,-2.2081251247414,False,-0.0037488932898246986,43.04029910918197,-0.013367242064532547,0.10280373831771729,11,4,bb_rejection_long,155.65092618541848,SL,2021-05-28 13:45:00+00:00,-22.3073814581511,-918.017899885438,120,False
2021-05-28 14:30:00+00:00,17,GBP_JPY,LONG,155.695,155.52436280307478,155.88327439385043,155.88327439385043,155.88327439385043,5326.14,2,OVERLAP,2.5,0.10863719692522109,27.422213919076206,33.27681708927062,155.814294182145,155.2304595470412,-14.983894762897876,False,-0.018552559081447817,17.719363764817896,-14.829418214500834,0.24031007751944303,14,4,bb_rejection_long,155.88327439385043,TP3,2021-05-28 14:45:00+00:00,18.827474734169456,1002.7776628064931,15,True
2021-05-31 01:00:00+00:00,17,GBP_JPY,LONG,155.722,155.5274162344509,155.85616753109818,155.85616753109818,155.85616753109818,4722.21,3,ASIAN,2.5,0.08458376554908538,21.687662518411337,38.603487906515305,155.8109528841417,155.4323700207112,-13.676888619372107,False,-0.01383279879013833,26.772076162319934,-12.395288414168704,0.21276595744693075,1,0,bb_rejection_long,155.5274162344509,SL,2021-05-31 08:00:00+00:00,-19.45837655491118,-918.8654035136714,420,False
2021-06-01 06:15:00+00:00,17,GBP_JPY,LONG,155.725,155.55002054265958,155.84995891468085,155.84995891468085,155.84995891468085,5198.76,2,ASIAN,2.5,0.07997945734042254,29.65558589337055,43.66496444647063,155.71266591614634,155.57536176035808,10.834470980739752,False,-0.022586736964458475,28.937313963301396,-2.2665916146337395,0.3296703296703125,6,1,bb_rejection_long,155.84995891468085,TP3,2021-06-01 06:45:00+00:00,12.495915504378276,649.632656875416,30,True
2021-06-03 06:00:00+00:00,17,GBP_JPY,LONG,155.396,155.28171201996759,155.45557596006486,155.45557596006486,155.45557596006486,8016.35,5,ASIAN,2.5,0.04728798003243373,18.404132858588508,49.9833986454877,155.34014120548636,155.3175168837279,5.4832733425683955,False,-0.008870813357852952,42.688846090908065,2.085879451362871,0.04999999999953815,6,3,bb_rejection_long,155.45557596006486,TP3,2021-06-03 07:30:00+00:00,5.957603438293874,477.58234322567097,90,True
2021-06-03 13:15:00+00:00,17,GBP_JPY,LONG,155.58599999999998,155.361234611645,155.77453077670998,155.77453077670998,155.77453077670998,4097.38,3,OVERLAP,2.5,0.10876538835500284,26.735984425440318,45.15302581153153,155.53587743584848,155.38991346700226,-10.513418392224594,False,-0.027810008658479546,25.71458850711333,2.112256415151137,0.05833333333313596,13,3,bb_rejection_long,155.361234611645,SL,2021-06-03 13:45:00+00:00,-22.476538835499582,-920.9492069379928,30,False
2021-06-04 00:30:00+00:00,17,GBP_JPY,LONG,155.534,155.4105910193908,155.62381796121838,155.62381796121838,155.62381796121838,7387.94,3,ASIAN,2.5,0.06240898060919821,28.103256880879904,43.594408972372726,155.52782060808718,155.4337832993996,-6.354204028116328,False,-0.010092371527496844,27.301291725491996,-2.882060808718734,0.18749999999981495,0,4,bb_rejection_long,155.4105910193908,SL,2021-06-04 01:15:00+00:00,-12.340898060918448,-911.7381442018184,45,False
2021-06-08 00:45:00+00:00,17,GBP_JPY,SHORT,154.96,155.0984761775344,154.88804764493122,154.88804764493122,154.88804764493122,6518.24,3,ASIAN,2.5,0.05347617753439851,23.566543936410397,61.4140883864069,154.91963451360385,155.05428238997317,15.739084660270919,False,0.00918913202528277,83.26371916556432,7.536548639615148,0.20987654320985488,0,1,bb_rejection_short,154.88804764493122,TP3,2021-06-08 02:45:00+00:00,7.195246545495846,469.00343842712846,120,True
2021-06-09 03:00:00+00:00,17,GBP_JPY,SHORT,154.976,155.09873349582497,154.90353300835002,154.90353300835002,154.90353300835002,7392.53,3,ASIAN,2.5,0.05373349582499277,23.411883729887577,59.8462259927368,154.9280466817742,154.95373617184669,19.710501656109614,False,0.007769339281858245,79.68568285399324,8.295331822580465,0.25581395348840286,3,2,bb_rejection_short,155.09873349582497,SL,2021-06-09 06:30:00+00:00,-12.273349582497419,-907.3110498909963,210,False
2021-06-10 11:45:00+00:00,17,GBP_JPY,SHORT,154.41,154.60530686375628,154.25838627248743,154.25838627248743,154.25838627248743,4599.11,3,LONDON,2.5,0.09030686375628667,29.032434237717844,53.84171515890535,154.47030714188267,154.72686522718016,10.564574348055089,False,0.027152617155893184,75.0385169211228,-3.1307141882678025,0.390243902439185,11,3,bb_rejection_short,154.60530686375628,SL,2021-06-10 12:30:00+00:00,-19.530686375628648,-898.2377501701746,45,False
2021-06-15 07:30:00+00:00,17,GBP_JPY,LONG,155.289,155.1330390017919,155.3919219964162,155.3919219964162,155.3919219964162,5701.78,2,ASIAN,2.5,0.06896099820809712,28.74463421094275,40.338360166925355,155.28952482542385,155.07333024579978,18.13578703496148,False,-0.01833953474463118,15.441008922877174,-3.552482542386315,0.2025316455694882,7,1,bb_rejection_long,155.1330390017919,SL,2021-06-15 08:45:00+00:00,-15.596099820808718,-889.2553003629073,75,False
2021-06-30 00:45:00+00:00,17,GBP_JPY,SHORT,153.125,153.27401739755467,153.01796520489066,153.01796520489066,153.01796520489066,5907.79,3,ASIAN,2.5,0.07101739755466908,27.936434888845017,62.3528773373834,153.0568938526836,153.3952169440804,11.71974489484171,False,0.022271103774553696,92.21119295724004,10.310614731639589,0.34782608695642503,0,2,bb_rejection_short,153.01796520489066,TP3,2021-06-30 01:00:00+00:00,10.703497628503607,632.3401625469733,15,True
2021-07-05 06:30:00+00:00,17,GBP_JPY,SHORT,153.637,153.77941886678488,153.55716226643023,153.55716226643023,153.55716226643023,6225.91,4,ASIAN,2.5,0.057418866784881735,25.774937363620488,60.446840306136615,153.58364211326352,153.52163078226056,22.696087218963612,False,0.008612138156652158,75.5077704980733,8.835788673647471,0.1475409836067789,6,0,bb_rejection_short,153.55716226643023,TP3,2021-07-05 07:45:00+00:00,7.98378618044164,497.0633421867341,75,True
2021-07-09 05:15:00+00:00,17,GBP_JPY,SHORT,151.577,151.75679284259866,151.40841431480268,151.40841431480268,151.40841431480268,4959.36,2,ASIAN,2.5,0.10179284259866166,29.2484889047699,64.97135120854443,151.40381271201693,151.89951061628437,35.57630891447445,False,0.020872753404945106,81.46399055490299,20.81872879830655,0.22413793103454613,5,4,bb_rejection_short,151.75679284259866,SL,2021-07-09 08:45:00+00:00,-17.979284259865835,-891.6574318700822,210,False
2021-07-16 00:30:00+00:00,17,GBP_JPY,SHORT,151.881,152.01607019090198,151.75385961819603,151.75385961819603,151.75385961819603,6535.42,3,ASIAN,2.5,0.08107019090198889,18.202275525860244,53.69265755627523,151.95399100470968,152.2878617631799,-27.6390954340485,False,0.022944307149851295,87.29720314521126,-3.799100470968142,0.2727272727272727,0,4,bb_rejection_short,152.01607019090198,SL,2021-07-16 01:00:00+00:00,-13.507019090198467,-882.7404270246487,30,False
2021-07-20 01:00:00+00:00,17,GBP_JPY,SHORT,149.591,149.86520378375442,149.42759243249117,149.42759243249117,149.42759243249117,3187.09,4,ASIAN,2.5,0.09920378375442244,16.82054795593624,45.48873679962727,149.812724780029,150.80600524933226,-32.38268850954569,False,0.008016659327825321,41.18129614438039,-18.672478002898174,0.3333333333333333,1,1,bb_rejection_short,149.86520378375442,SL,2021-07-20 02:15:00+00:00,-27.4203783754416,-873.9121371658617,75,False
2021-07-20 02:30:00+00:00,17,GBP_JPY,SHORT,149.833,150.07067044918304,149.6686591016339,149.6686591016339,149.6686591016339,3640.23,3,ASIAN,2.5,0.09967044918304493,28.649523899546683,61.60009298628875,149.81134743099122,150.74759856863776,-7.3492299888556545,False,0.025613882414736753,79.70695735639714,5.66525690087758,0.1826923076923366,2,1,bb_rejection_short,149.6686591016339,TP3,2021-07-20 03:30:00+00:00,16.434134982356447,598.2403118682341,60,True
2021-07-26 06:15:00+00:00,17,GBP_JPY,LONG,151.67,151.44740637327732,151.80418725344538,151.80418725344538,151.80418725344538,3913.66,2,ASIAN,2.5,0.08459362672269811,28.56445462833282,39.374127210870824,151.82682205021854,151.6203840967868,-23.034940749755606,False,0.0015887544803516243,49.50946421534231,-19.18220502185477,0.21495327102800263,6,0,bb_rejection_long,151.44740637327732,SL,2021-07-26 06:45:00+00:00,-22.259362672267,-871.1557731594447,30,False
2021-08-08 22:45:00+00:00,17,GBP_JPY,LONG,152.934,152.7778363526165,153.04132729476694,153.04132729476694,153.04132729476694,5522.7,5,NY,2.5,0.0711636473834716,16.445164921367162,45.497356522102926,152.92219522909863,152.71139971091688,-4.654824453766082,False,-0.005012245896154575,42.00459101550657,-2.319522909863281,0.10389610389623333,22,6,bb_rejection_long,152.7778363526165,SL,2021-08-09 01:45:00+00:00,-15.616364738349377,-862.444975404821,180,False
2021-08-09 08:45:00+00:00,17,GBP_JPY,LONG,152.718,152.5663407900198,152.85231841996037,152.85231841996037,152.85231841996037,5629.86,4,LONDON,2.5,0.08165920998018869,28.349779591337768,35.36254202755907,152.8393124464413,152.74917470591328,-1.2874924840900803,False,-0.019425237517184706,30.5696131190643,-15.031244644131903,0.03409090909075128,8,0,bb_rejection_long,152.85231841996037,TP3,2021-08-09 09:15:00+00:00,13.43186585425469,756.1952429823431,30,True
2021-08-09 13:30:00+00:00,17,GBP_JPY,LONG,152.76,152.46914652350011,152.94070695299982,152.94070695299982,152.94070695299982,2961.57,4,OVERLAP,2.5,0.10485347649991075,25.43602754828416,41.94650142908735,152.84403670614617,152.76817220159202,-8.696327991057728,False,-0.013583482533906859,31.437803247977325,-11.303670614617545,0.13836477987416662,13,0,bb_rejection_long,152.71,TIME,2021-08-09 21:30:00+00:00,-4.999999999998295,-148.0784999999495,480,False
2021-08-12 00:00:00+00:00,17,GBP_JPY,LONG,153.089,152.96540862860928,153.15718274278146,153.15718274278146,153.15718274278146,6957.62,4,ASIAN,2.5,0.05159137139072292,28.60706935179192,39.669451364386425,153.11019311603326,153.01722580876682,-5.022176438424708,False,-0.006131015322516465,22.37714836135633,-5.619311603325627,0.1111111111111111,0,3,bb_rejection_long,153.15718274278146,TP3,2021-08-12 07:45:00+00:00,6.818284077868107,474.39029665856697,465,True
2021-08-17 21:15:00+00:00,17,GBP_JPY,SHORT,150.435,150.78531705298354,150.21536589403289,150.21536589403289,150.21536589403289,2468.18,4,NY,2.5,0.1273170529835559,27.720399643278718,42.03337252518415,150.6289877312557,151.17449514610607,-21.66379197020376,False,0.012731828431453693,72.5931524873368,-15.898773125570642,0.17634854771785907,21,1,bb_rejection_short,150.78531705298354,SL,2021-08-18 03:45:00+00:00,-35.031705298354154,-864.6455438329175,390,False
2021-08-27 20:45:00+00:00,17,GBP_JPY,LONG,151.182,151.02312023023575,151.28075953952853,151.28075953952853,151.28075953952853,5387.72,3,NY,2.5,0.0668797697642635,22.571284226651564,47.65961609535212,151.11224723557783,150.97138057894773,-1.3555100056180436,False,-0.017193856063438404,39.19757315551378,3.4752764422165683,0.20000000000008744,20,4,bb_rejection_long,151.02312023023575,SL,2021-08-29 21:00:00+00:00,-15.887976976424056,-855.9997131541942,2895,False
2021-09-01 13:15:00+00:00,17,GBP_JPY,LONG,151.683,151.44573997358006,151.85252005283988,151.85252005283988,151.85252005283988,3571.77,3,OVERLAP,2.5,0.09926002641993599,25.125930339180986,45.56977957196424,151.61898292963895,151.38343488365507,-9.36196437161243,False,-0.02712534174249083,19.807717640113626,3.5017070361050173,0.20535714285706583,13,2,bb_rejection_long,151.44573997358006,SL,2021-09-01 19:45:00+00:00,-23.7260026419932,-847.4382445659206,390,False
2021-09-08 06:30:00+00:00,17,GBP_JPY,LONG,151.988,151.8552895935402,152.05442081291963,152.05442081291963,152.05442081291963,6321.77,3,ASIAN,2.5,0.050710406459809974,22.47337504973367,43.90639482467833,151.9814367144254,151.96407619587922,6.882061385553584,False,-0.0035246057565794936,51.24114839142729,-2.8436714425396303,0.20833333333313597,6,2,bb_rejection_long,151.8552895935402,SL,2021-09-08 07:00:00+00:00,-13.271040645980746,-838.9646662454171,30,False
2021-09-10 12:30:00+00:00,17,GBP_JPY,LONG,152.493,152.32688137320048,152.64623725359903,152.64623725359903,152.64623725359903,4999.89,3,LONDON,2.5,0.09111862679951771,27.885930473532994,52.94412097283001,152.31246779957434,152.02296833621526,-5.227941772528766,False,-0.02473551213467913,20.960911050984386,15.153220042566318,0.27184466019414527,12,4,bb_rejection_long,152.32688137320048,SL,2021-09-10 13:15:00+00:00,-16.611862679951628,-830.5748609486335,45,False
2021-09-15 00:00:00+00:00,17,GBP_JPY,SHORT,151.434,151.6055504650513,151.34789906989738,151.34789906989738,151.34789906989738,4793.16,4,ASIAN,2.5,0.060550465051311994,19.928685928091333,38.717543245789344,151.7305452711459,152.05436089347705,-76.79475662633877,False,0.032550399163441615,64.86747903334239,-26.154527114590564,0.22727272727280948,0,2,bb_rejection_short,151.34789906989738,TP3,2021-09-15 00:30:00+00:00,8.610110973553182,412.69639513996174,30,True
2021-09-17 01:45:00+00:00,17,GBP_JPY,SHORT,151.441,151.59901561381392,151.33996877237217,151.33996877237217,151.33996877237217,5229.84,3,ASIAN,2.5,0.06801561381391763,25.941085747122727,64.9050341553238,151.31853152318382,151.3791135460253,21.862644826481414,False,0.007645879544885395,87.01396971543211,15.746847681617737,0.26315789473702583,1,4,bb_rejection_short,151.59901561381392,SL,2021-09-17 04:45:00+00:00,-15.801561381391593,-826.3963777485701,180,False
2021-09-21 06:30:00+00:00,17,GBP_JPY,SHORT,149.797,150.02558461016068,149.64083077967865,149.64083077967865,149.64083077967865,3579.12,2,ASIAN,2.5,0.09558461016067211,24.48767476767732,57.1731176043406,149.69578614392674,150.24046798819563,14.289976939937787,False,-0.0065538524909601326,80.27455515961202,13.621385607325465,0.3652173913043328,6,1,bb_rejection_short,150.02558461016068,SL,2021-09-21 07:15:00+00:00,-22.85846101606808,-818.1317499182958,45,False
2021-09-22 06:15:00+00:00,17,GBP_JPY,SHORT,149.469,149.72192692762528,149.30814614474943,149.30814614474943,149.30814614474943,3202.31,2,ASIAN,2.5,0.09792692762527506,24.955991436556655,55.51688218715921,149.40375065504304,149.73073418937233,7.420808824895175,False,-0.0004222204346280706,38.67990152341108,10.024934495694993,0.3178807947020366,6,2,bb_rejection_short,149.30814614474943,TP3,2021-09-22 07:45:00+00:00,16.08543575562607,515.1055177459891,90,True
2021-10-04 06:45:00+00:00,17,GBP_JPY,SHORT,150.385,150.60752981755854,150.22094036488292,150.22094036488292,150.22094036488292,3662.89,4,ASIAN,2.5,0.09952981755852935,17.66566548560628,51.85495859465916,150.39055567197175,150.34834207973623,7.057718641942756,False,0.00896503516987547,70.93729900839266,2.9444328028233713,0.3137254901961713,6,0,bb_rejection_short,150.60752981755854,SL,2021-10-04 07:00:00+00:00,-22.252981755855213,-815.1022434370451,15,False
2021-10-05 06:15:00+00:00,17,GBP_JPY,LONG,151.155,150.87700757674347,151.31398484651305,151.31398484651305,151.31398484651305,2902.78,4,ASIAN,2.5,0.09699242325653017,18.21788374191283,57.53694011775823,151.01369969698445,150.7478962999222,10.133672672921534,False,-0.0020636532308068653,52.01043886976637,10.630030301555848,0.35632183908051424,6,1,bb_rejection_long,151.31398484651305,TP3,2021-10-05 07:00:00+00:00,15.89853942116236,461.4996226096168,45,True
2021-10-06 14:00:00+00:00,17,GBP_JPY,LONG,151.078,150.65660266675002,151.35379466649994,151.35379466649994,151.35379466649994,1925.89,2,OVERLAP,2.5,0.1523973332499716,28.658182744551997,36.974198244716796,151.44080168833113,151.3889036527749,-14.23543563842884,False,0.010185841613812946,30.997892114591526,-39.180168833112816,0.20000000000006687,14,2,bb_rejection_long,151.35379466649994,TP3,2021-10-06 18:00:00+00:00,27.57960985374152,531.1529482122226,240,True
2021-10-13 12:30:00+00:00,17,GBP_JPY,LONG,154.628,154.3929928224879,154.83701435502414,154.83701435502414,154.83701435502414,3475.97,4,LONDON,2.5,0.11900717751207794,26.90971471333384,46.25724954976139,154.5873070022859,154.1762651623539,-12.208681151807355,False,-0.03388979826022443,26.622347678499427,1.1692997714078501,0.04419889502751847,12,2,bb_rejection_long,154.83701435502414,TP3,2021-10-13 15:45:00+00:00,20.901495633646213,726.5297177768523,195,True
2021-10-18 12:15:00+00:00,17,GBP_JPY,LONG,156.922,156.6805178703147,157.14996425937056,157.14996425937056,157.14996425937056,3412.85,3,LONDON,2.5,0.12848212968528175,18.40466673267585,44.99958826335569,156.98628146419847,156.4750449734475,-8.632159480583823,False,-0.012166342745516211,46.87276188321911,-9.328146419846917,0.3504273504273525,12,0,bb_rejection_long,156.6805178703147,SL,2021-10-18 15:00:00+00:00,-24.148212968529492,-824.1422862964588,165,False
2021-10-21 13:30:00+00:00,17,GBP_JPY,LONG,157.159,156.74358044321338,157.47683911357322,157.47683911357322,157.47683911357322,1964.04,3,OVERLAP,2.5,0.17341955678661317,29.532238590092792,39.148280627653556,157.51421098912107,157.59219718936149,-22.89577924217099,False,-0.0263881000290173,15.160979415672145,-38.421098912107254,0.33632286995512894,13,3,bb_rejection_long,157.23,TIME,2021-10-21 21:30:00+00:00,7.099999999999795,139.44683999999597,480,True
2021-10-22 06:15:00+00:00,17,GBP_JPY,LONG,157.263,157.01845474195403,157.44309051609193,157.44309051609193,157.44309051609193,3342.11,3,ASIAN,2.5,0.1075452580459622,26.565110362038546,45.07734294699686,157.28516562973334,157.41222254241418,-3.9821487315350623,False,-0.022474227205111275,29.135770650936582,-5.716562973333339,0.3379310344828465,6,4,bb_rejection_long,157.01845474195403,SL,2021-10-22 07:45:00+00:00,-24.454525804597438,-817.2971523680314,90,False
2021-10-27 14:15:00+00:00,17,GBP_JPY,SHORT,156.169,156.62676514383804,155.80646971232395,155.80646971232395,155.80646971232395,1767.55,4,OVERLAP,2.5,0.19576514383802698,28.135718207193463,48.5805807728982,156.43113975345022,156.77367599368858,7.5969462880976835,False,0.035545903738108287,65.54865202101477,-23.31397534502173,0.19047619047619907,14,2,bb_rejection_short,156.341,TIME,2021-10-27 22:15:00+00:00,-17.199999999999704,-304.01859999999476,480,False
2021-11-01 13:30:00+00:00,17,GBP_JPY,SHORT,156.16,156.48655442839893,155.8898911432021,155.8898911432021,155.8898911432021,2468.45,2,OVERLAP,2.5,0.14955442839894825,24.56285557683526,52.14062285311989,156.1659493947571,156.31822515144975,3.9562508665142104,False,0.026197977173170017,51.73271173270888,2.30506052429007,0.29220779220790244,13,0,bb_rejection_short,155.8898911432021,TP3,2021-11-01 17:15:00+00:00,27.01099510426865,666.7529086513194,225,True
2021-11-05 15:45:00+00:00,17,GBP_JPY,SHORT,153.018,153.41451933506875,152.68796132986253,152.68796132986253,152.68796132986253,2049.71,3,OVERLAP,2.5,0.17951933506872983,22.52799910825333,48.467427078038774,153.18398695939624,154.08735077876526,-2.0397874015941397,False,0.011922474980107282,62.17104301004023,-13.698695939623917,0.014705882353010838,15,4,bb_rejection_short,153.166,TIME,2021-11-08 00:45:00+00:00,-14.799999999999615,-303.3570799999921,3420,False
2021-11-10 00:00:00+00:00,17,GBP_JPY,SHORT,153.043,153.23333534477592,152.92732931044813,152.92732931044813,152.92732931044813,4254.16,3,ASIAN,2.5,0.07533534477594371,21.19398457223928,52.8858601263913,153.07837638063236,153.27431298821628,-3.165764049686004,False,0.01077199719651152,65.20704586283314,-0.03763806323604513,0.24999999999993422,0,2,bb_rejection_short,152.92732931044813,TP3,2021-11-10 00:45:00+00:00,11.56709614520627,492.0827773709071,45,True
2021-11-17 03:45:00+00:00,17,GBP_JPY,LONG,154.138,153.90415645826678,154.30268708346642,154.30268708346642,154.30268708346642,3483.69,3,ASIAN,2.5,0.099843541733202,26.880382968117317,47.5116568736896,154.04532348681727,153.55122262717634,22.58108315424181,False,-0.02012183668055672,40.94579495780052,5.767651318274147,0.3774834437086915,3,2,bb_rejection_long,154.30268708346642,TP3,2021-11-17 06:15:00+00:00,16.46875562038993,573.720392671962,150,True
2021-11-22 11:45:00+00:00,17,GBP_JPY,SHORT,153.363,153.73002156763204,153.1139568647359,153.1139568647359,153.1139568647359,2235.22,3,LONDON,2.5,0.13902156763204004,21.643442667513323,51.45089533764192,153.36689287553523,153.56657433237655,7.528904754096288,False,0.015092893627938695,68.12207090672912,2.5107124464767594,0.2703583061889055,11,0,bb_rejection_short,153.73002156763204,SL,2021-11-22 14:00:00+00:00,-36.702156763203675,-820.3739484024811,135,False
2021-12-08 02:45:00+00:00,17,GBP_JPY,SHORT,150.441,150.6212168014139,150.27556639717216,150.27556639717216,150.27556639717216,4506.63,2,ASIAN,2.5,0.10021680141392296,27.415757648137173,58.275409968519405,150.37149352524767,150.36021068496348,4.018368462979538,False,0.022571085809429816,92.61633428300355,10.4506474752327,0.38888888888935674,2,2,bb_rejection_short,150.27556639717216,TP3,2021-12-08 07:00:00+00:00,16.543396991722993,745.549691848086,255,True
2021-12-14 07:00:00+00:00,17,GBP_JPY,SHORT,150.083,150.25311215513418,149.96977568973165,149.96977568973165,149.96977568973165,4818.15,3,ASIAN,2.5,0.0741121551341762,27.738221041999182,62.4655116316862,150.04650809252246,150.16970513075182,-18.19669965993569,False,0.028537787703927234,87.16906057302788,7.149190747753664,0.20863309352513867,7,1,bb_rejection_short,150.25311215513418,SL,2021-12-14 09:00:00+00:00,-17.01121551341771,-819.6258802597354,120,False
2021-12-14 09:30:00+00:00,17,GBP_JPY,SHORT,150.214,150.40915877792438,150.04668244415126,150.04668244415126,150.04668244415126,4157.8,3,LONDON,2.5,0.09815877792437078,29.51561642239876,64.94450660509666,150.09077931448022,150.17034558938886,4.6372489423447405,False,0.018050902597797486,69.28126241033056,15.22206855197794,0.2706766917293137,9,1,bb_rejection_short,150.40915877792438,SL,2021-12-14 11:15:00+00:00,-19.515877792437664,-811.4311668539732,105,False
2021-12-24 14:30:00+00:00,17,GBP_JPY,LONG,153.323,153.10968319264992,153.51063361470017,153.51063361470017,153.51063361470017,3765.84,3,OVERLAP,2.5,0.10831680735007572,26.121521903962858,44.26751648728364,153.34055808557466,152.8908233843312,-6.3112588269774506,False,-0.014772125288790398,22.14253414544375,-4.655808557464525,0.006666666666698246,14,4,bb_rejection_long,153.10968319264992,SL,2021-12-24 16:15:00+00:00,-21.331680735008263,-803.3169657912351,105,False
2021-12-24 20:00:00+00:00,17,GBP_JPY,LONG,153.112,152.84581570659543,153.34336858680913,153.34336858680913,153.34336858680913,2987.72,4,NY,2.5,0.13318429340456872,25.54358352647369,41.621484608837385,153.23322316625453,152.9449711842317,-20.18545418774238,False,0.0012005950620280481,53.267039299799166,-15.622316625453436,0.08593749999997571,20,4,bb_rejection_long,153.34336858680913,TP3,2021-12-24 20:45:00+00:00,23.13693612076336,691.266867867271,45,True
2021-12-28 08:45:00+00:00,17,GBP_JPY,LONG,154.302,154.14564976154327,154.41170047691347,154.41170047691347,154.41170047691347,5130.76,4,LONDON,2.5,0.06935023845673219,17.350709421860252,46.548861587226384,154.27898783982988,153.8042593439709,-2.04815035727961,False,-0.005366138577454109,49.22956062871028,-0.5987839829884933,0.19230769230781844,8,1,bb_rejection_long,154.41170047691347,TP3,2021-12-28 10:30:00+00:00,10.970069072288432,562.8479159333459,105,True
2021-12-30 08:15:00+00:00,17,GBP_JPY,LONG,155.118,154.9553125820327,155.23837483593462,155.23837483593462,155.23837483593462,4965.5,3,LONDON,2.5,0.07468741796731547,24.387699313842088,43.29501955747736,155.09550983692134,154.6354241318237,0.9489311329929251,False,-0.014366087618125006,29.693565211437303,-0.6509836921338774,0.37078651685379266,8,3,bb_rejection_long,154.9553125820327,SL,2021-12-30 08:45:00+00:00,-16.268741796730524,-807.8243739166542,30,False
2021-12-30 22:30:00+00:00,17,GBP_JPY,LONG,155.33599999999998,155.11087245778643,155.4732550844271,155.4732550844271,155.4732550844271,3552.41,4,NY,2.5,0.08612754221356485,19.868848889888934,47.549358143893,155.31086095243543,154.93411487530037,-2.600763437268938,False,-0.009957803299614171,38.76905192456319,-0.9860952435445824,0.262411347517589,22,3,bb_rejection_long,155.401,TIME,2021-12-31 06:30:00+00:00,6.500000000002615,230.90665000009287,480,True
2022-01-03 11:15:00+00:00,17,GBP_JPY,LONG,155.539,155.3812097074643,155.68958058507135,155.68958058507135,155.68958058507135,5083.04,2,LONDON,2.5,0.08979029253568255,29.698432732307623,35.97964780625965,155.6651741949614,155.44954150354874,-15.512014980734534,False,-0.029640647690529865,22.61903864059079,-15.517419496140405,0.2639999999998963,11,0,bb_rejection_long,155.3812097074643,SL,2022-01-03 13:00:00+00:00,-15.779029253567957,-802.0543685705607,105,False
2022-01-05 01:45:00+00:00,17,GBP_JPY,LONG,157.1,156.79172431543248,157.263551369135,157.263551369135,157.263551369135,2575.73,4,ASIAN,2.5,0.09927568456750813,25.429872045719744,45.60153011248985,157.01908356636685,156.2842464047829,12.415304010326622,False,-0.013294754289787086,21.46426108570637,4.5916433633152565,0.1269035532995195,1,2,bb_rejection_long,156.79172431543248,SL,2022-01-05 09:15:00+00:00,-30.82756845675192,-794.0349290110962,450,False
2022-01-07 07:45:00+00:00,17,GBP_JPY,LONG,156.917,156.68285184669335,157.0462963066133,157.0462963066133,157.0462963066133,3357.25,2,ASIAN,2.5,0.08214815330664557,24.26396609102653,44.41864374205491,156.909107676646,156.81765412870672,15.187832356167519,False,-0.018716556938143492,29.26034065461984,-2.7107676645982792,0.3636363636364277,7,4,bb_rejection_long,157.0462963066133,TP3,2022-01-07 13:30:00+00:00,12.929669173894174,434.0813183405621,345,True
2022-01-12 07:15:00+00:00,17,GBP_JPY,LONG,157.258,157.11316886718006,157.36666226563992,157.36666226563992,157.36666226563992,5457.63,2,ASIAN,2.5,0.07183113281995179,26.998289931980157,43.13745202339974,157.23878857216909,156.99419280963153,15.918729556813105,False,-0.02384102912732028,9.967320261438683,-1.5788572169071813,0.395833333333432,7,2,bb_rejection_long,157.36666226563992,TP3,2022-01-12 08:00:00+00:00,10.866246474146896,593.0395274469832,45,True
2022-01-14 07:00:00+00:00,17,GBP_JPY,SHORT,156.145,156.36399720145158,155.97600559709687,155.97600559709687,155.97600559709687,3636.42,4,ASIAN,2.5,0.10199720145157035,19.868107178229707,47.53626712067782,156.32329253012654,156.7434140156599,-48.352628191116764,False,0.020657654644482555,46.96932307458477,-14.329253012652998,0.2061068702289066,7,4,bb_rejection_short,156.36399720145158,SL,2022-01-14 09:00:00+00:00,-21.899720145157172,-796.3658033025246,120,False
2022-01-17 01:30:00+00:00,17,GBP_JPY,SHORT,156.393,156.59951691559857,156.2109661688029,156.2109661688029,156.2109661688029,3817.61,4,ASIAN,2.5,0.10851691559854831,20.66223535517135,65.8386637477443,156.14720145428976,156.39776047864478,46.24759443529172,False,0.009725001175785272,75.06819485128398,28.079854571024043,0.07874015748023742,1,0,bb_rejection_short,156.59951691559857,SL,2022-01-17 07:15:00+00:00,-20.651691559856996,-788.4010421582568,345,False
2022-01-17 08:15:00+00:00,17,GBP_JPY,LONG,156.472,156.29690445921895,156.60519108156205,156.60519108156205,156.60519108156205,4457.67,3,LONDON,2.5,0.08109554078102593,24.97536261691878,46.399852659228074,156.3919844867422,156.42517899573357,-0.7240862781884516,False,-0.023811470946783833,21.55745037993202,5.101551325782339,0.3157894736841318,8,0,bb_rejection_long,156.60519108156205,TP3,2022-01-17 09:30:00+00:00,13.319138035285283,593.7232204575015,75,True
2022-01-18 01:00:00+00:00,17,GBP_JPY,SHORT,156.364,156.5095504604531,156.27189907909377,156.27189907909377,156.27189907909377,5403.31,4,ASIAN,2.5,0.06355046045310797,17.57352046189949,54.64514491858227,156.3810602493932,156.41339534407382,-2.9172146884235417,False,0.0063645573760075964,68.83165442446303,1.7939750606814187,0.25252525252533664,1,1,bb_rejection_short,156.5095504604531,SL,2022-01-18 02:45:00+00:00,-14.55504604531086,-786.4542584708863,105,False
2022-02-02 08:15:00+00:00,17,GBP_JPY,LONG,155.152,154.96899940591553,155.26700118816893,155.26700118816893,155.26700118816893,4254.58,5,LONDON,2.5,0.07200059408447312,19.85492314137509,48.294955692469046,155.103455810625,154.90918461887907,1.0149264799650837,False,-0.006369811847064085,51.83080808080819,1.9544189374983034,0.16874999999992119,8,2,bb_rejection_long,154.96899940591553,SL,2022-02-02 09:15:00+00:00,-18.300059408446145,-778.590667579868,60,False
2022-02-03 00:00:00+00:00,17,GBP_JPY,LONG,155.183,154.99680247802488,155.30839504395024,155.30839504395024,155.30839504395024,4139.71,4,ASIAN,2.5,0.08019752197512714,29.62151145740745,41.650973456437114,155.2083722222015,155.0323384932659,4.33499689229393,False,-0.028825553383870436,16.667640146570378,-6.037222220149374,0.03199999999992542,0,3,bb_rejection_long,155.30839504395024,TP3,2022-02-03 07:00:00+00:00,12.539534685804668,519.1003713417244,420,True
2022-02-04 01:45:00+00:00,17,GBP_JPY,LONG,156.265,156.08149601792402,156.42900796415196,156.42900796415196,156.42900796415196,4228.77,3,ASIAN,2.5,0.09950398207599051,26.372387349721805,44.23253806906909,156.19819006536753,155.6255685734867,15.718202161377803,False,-0.021672198025255926,6.9189822207988065,3.1809934632462955,0.2173913043476649,1,4,bb_rejection_long,156.42900796415196,TP3,2022-02-04 03:00:00+00:00,16.40083519904369,693.5535986466,75,True
2022-02-09 14:30:00+00:00,17,GBP_JPY,LONG,156.651,156.43493941874564,156.83412116250875,156.83412116250875,156.83412116250875,3623.66,4,OVERLAP,2.5,0.10606058125436735,21.585497132822503,47.34491092907429,156.60271095550848,156.32135714372956,-1.8388796785274053,False,-0.019181758918431685,24.371852126964626,1.928904449152924,0.008695652173953876,14,2,bb_rejection_long,156.43493941874564,SL,2022-02-09 15:00:00+00:00,-21.606058125436785,-782.9300858682027,30,False
2022-02-15 20:30:00+00:00,17,GBP_JPY,LONG,156.558,156.34647382166528,156.7180523566694,156.7180523566694,156.7180523566694,3664.33,4,NY,2.5,0.09752617833470853,9.37254841961462,50.17056362328985,156.49883518251985,156.46955016170847,-5.781588499920076,False,0.0024884254441449307,50.24497140286783,2.416481748014121,0.03333333333317544,20,1,bb_rejection_long,156.7180523566694,TP3,2022-02-16 01:00:00+00:00,16.005279345418906,586.4862526379886,270,True
2022-02-28 07:00:00+00:00,17,GBP_JPY,SHORT,154.43,154.68614498550264,154.21071002899473,154.21071002899473,154.21071002899473,3048.92,4,ASIAN,2.5,0.1271449855026426,26.363785410250628,57.716041566024714,154.44817194822235,154.70395125019772,-8.150984812525053,False,0.03946482909899387,77.28591849803401,1.6828051777650899,0.019607843137163843,7,0,bb_rejection_short,154.68614498550264,SL,2022-02-28 10:15:00+00:00,-25.614498550262965,-780.9655691986776,195,False
2022-03-02 08:45:00+00:00,17,GBP_JPY,SHORT,153.177,153.4553235365183,152.9253529269634,152.9253529269634,152.9253529269634,2777.91,4,LONDON,2.5,0.14032353651830212,29.67886162449368,55.42293824131041,153.16221532913406,153.73072923211495,5.115461822884981,False,0.021907623748484522,74.69749704820032,4.3784670865932185,0.18390804597706595,8,2,bb_rejection_short,152.9253529269634,TP3,2022-03-02 09:15:00+00:00,25.16479789229366,699.0554371298148,30,True
2022-03-02 10:15:00+00:00,17,GBP_JPY,SHORT,153.357,153.7074147782783,153.03317044344342,153.03317044344342,153.03317044344342,2226.35,3,LONDON,2.5,0.17641477827828678,27.68990436665128,59.882398388912364,153.17855007238367,153.70165276331016,19.049631272952183,False,0.04028805100064428,84.81407007695861,20.744992761632375,0.17857142857137873,10,2,bb_rejection_short,153.7074147782783,SL,2022-03-02 12:15:00+00:00,-35.041477827829226,-780.145941619876,120,False
2022-03-08 00:00:00+00:00,17,GBP_JPY,SHORT,151.196,151.44594375394584,151.00911249210833,151.00911249210833,151.00911249210833,3090.08,2,ASIAN,2.5,0.11094375394583482,27.484734041540253,49.93390226434129,151.35216926202153,152.1955145334027,-32.82660593773983,False,0.03488414301003476,84.24992219109726,-12.116926202153877,0.326388888888856,0,1,bb_rejection_short,151.44594375394584,SL,2022-03-08 01:15:00+00:00,-24.994375394584267,-772.3461951929695,75,False
2022-03-08 09:00:00+00:00,17,GBP_JPY,SHORT,151.471,151.85874888847516,151.1205022230497,151.1205022230497,151.1205022230497,1971.95,3,LONDON,2.5,0.18974888847515153,23.810438423729636,54.416100793559636,151.3881094580127,151.9563531729441,4.301196961139908,False,0.02177263854910187,72.14617141606546,11.189054198729309,0.12444444444439448,9,1,bb_rejection_short,151.85874888847516,SL,2022-03-08 12:00:00+00:00,-38.774888847515854,-764.6214206285889,180,False
2022-03-08 17:30:00+00:00,17,GBP_JPY,SHORT,151.651,152.01558984347216,151.32882031305564,151.32882031305564,151.32882031305564,2076.24,2,NY,2.5,0.1785898434721751,23.89806476588152,54.33369068372657,151.56070459943902,151.86108614427224,9.635735844810256,False,0.00650907040134255,83.65630167954941,12.529540056098654,0.3396226415094643,17,1,bb_rejection_short,151.987,TIME,2022-03-09 01:30:00+00:00,-33.599999999998424,-697.6166399999673,480,False
2022-03-16 07:45:00+00:00,17,GBP_JPY,LONG,154.373,154.15758761863583,154.51682476272836,154.51682476272836,154.51682476272836,3481.69,5,ASIAN,2.5,0.08941238136418986,18.37707385278002,49.49299624029453,154.31244923270407,153.97117686854043,18.588341490638527,False,-0.004285817883030452,29.554168035934577,2.5550767295925425,0.06521739130435118,7,2,bb_rejection_long,154.51682476272836,TP3,2022-03-16 08:30:00+00:00,14.38251758173103,500.75467639137116,45,True
2022-03-17 22:15:00+00:00,17,GBP_JPY,LONG,156.003,155.77179404109918,156.15041191780162,156.15041191780162,156.15041191780162,3265.52,3,NY,2.5,0.09120595890081648,15.358018992320503,51.393908233504725,155.9700698827632,155.48732717573273,-0.009031941360149176,False,-0.0009327740923700152,72.3437500000033,-0.20698827632088523,0.20312499999983694,22,3,bb_rejection_long,156.15041191780162,TP3,2022-03-18 00:00:00+00:00,14.741236922106404,481.37803993876906,105,True
2022-03-21 07:30:00+00:00,17,GBP_JPY,LONG,156.897,156.71414746429286,157.02170507141432,157.02170507141432,157.02170507141432,4155.38,5,ASIAN,2.5,0.0798525357071598,18.8172971084207,48.11184512926841,156.86794429038687,156.4028786417523,15.249726486482018,False,0.0036805893426638883,48.53536691606004,-0.5944290386878492,0.15463917525762322,7,0,bb_rejection_long,156.71414746429286,SL,2022-03-21 09:00:00+00:00,-18.28525357071271,-759.8217698266819,90,False
2022-03-21 09:00:00+00:00,17,GBP_JPY,LONG,156.821,156.5627052237981,156.99858955240379,156.99858955240379,156.99858955240379,2912.27,3,LONDON,2.5,0.10329477620189739,20.938988579100197,44.453490562941376,156.8583298435658,156.42742377686804,-5.085702278967119,False,-0.0072569177683803835,25.89456966587512,-6.632984356579641,0.30625000000004776,9,0,bb_rejection_long,156.5627052237981,SL,2022-03-21 11:00:00+00:00,-25.829477620189323,-752.2241278894876,120,False
2022-04-04 00:30:00+00:00,17,GBP_JPY,LONG,160.47,160.18566583224134,160.71766833551735,160.71766833551735,160.71766833551735,2619.1,4,ASIAN,2.5,0.1413341677586656,29.17577415421397,36.88211274167981,160.66809333877373,160.5338564211823,-37.41684330938142,False,-0.02269126762765845,28.280848729647726,-23.30933387737275,0.05882352941180685,0,0,bb_rejection_long,160.71766833551735,TP3,2022-04-04 01:45:00+00:00,24.766928114116947,648.670614236837,75,True
2022-04-06 14:45:00+00:00,17,GBP_JPY,LONG,162.014,161.75196969557825,162.2650606088435,162.2650606088435,162.2650606088435,2866.8,4,OVERLAP,2.5,0.14003030442173883,27.653658605748163,46.669296958451525,161.98111563655343,161.5375221541228,-9.240646813503872,False,-0.022079145643156006,44.55386401354931,0.3884363446587713,0.11464968152865897,14,2,bb_rejection_long,161.75196969557825,SL,2022-04-06 15:30:00+00:00,-26.203030442175645,-751.1884767162915,45,False
2022-04-18 07:15:00+00:00,17,GBP_JPY,LONG,164.835,164.61076451622864,164.99647096754276,164.99647096754276,164.99647096754276,3316.49,2,ASIAN,2.5,0.0982354837713694,24.5114548134973,37.1904442902667,165.01080465367673,164.8387514082503,-34.865669041644765,False,-0.010306785622754763,16.717600494864325,-21.080465367671763,0.21052631578947367,7,0,bb_rejection_long,164.99647096754276,TP3,2022-04-18 11:00:00+00:00,16.14714544158271,535.5184638555463,225,True
2022-04-21 06:00:00+00:00,17,GBP_JPY,LONG,167.38,167.0654996189384,167.67600076212324,167.67600076212324,167.67600076212324,2381.65,3,ASIAN,2.5,0.16550038106161644,29.164881390744558,46.3164389272421,167.34364553541212,166.9749221159918,24.65355375441618,False,-0.04340974678427572,30.382608583929926,0.13544645878766914,0.16393442622957313,6,3,bb_rejection_long,167.0654996189384,SL,2022-04-21 11:30:00+00:00,-31.450038106160605,-749.0298325553741,330,False
2022-04-29 07:00:00+00:00,17,GBP_JPY,SHORT,163.173,163.4684945826658,162.93101083466837,162.93101083466837,162.93101083466837,2509.49,3,ASIAN,2.5,0.1384945826658092,25.51364524194252,55.03307832234227,163.07279902741186,162.53834404258316,15.407099170377592,False,0.009033529569100758,56.924725863630435,13.520097258813735,0.257009345794426,7,4,bb_rejection_short,163.4684945826658,SL,2022-04-29 07:30:00+00:00,-29.549458266581038,-741.5407002540245,30,False
2022-04-29 07:45:00+00:00,17,GBP_JPY,SHORT,163.249,163.70757638415336,162.97684723169328,162.97684723169328,162.97684723169328,1600.88,3,ASIAN,2.5,0.15357638415334676,28.56080072710182,56.73996611359224,163.10152946284597,162.56165882003523,21.718458311525524,False,0.015397795297107504,66.897606249382,18.247053715401762,0.31986531986531924,7,4,bb_rejection_short,162.97684723169328,TP3,2022-04-29 08:00:00+00:00,27.21544683265019,435.6866452545304,15,True
2022-04-29 08:45:00+00:00,17,GBP_JPY,SHORT,163.28,163.69065970188993,162.9276805962201,162.9276805962201,162.9276805962201,1798.28,3,LONDON,2.5,0.19065970188993686,24.340949556479853,56.566252343598244,163.12076382312125,162.58782201508924,9.976937887452664,False,0.0027361137950584133,54.592363261095215,18.823617687874616,0.09268292682928926,8,4,bb_rejection_short,163.69065970188993,SL,2022-04-29 09:15:00+00:00,-41.06597018899265,-738.4811287146171,30,False
2022-05-03 00:45:00+00:00,17,GBP_JPY,SHORT,162.606,162.90138740694243,162.40022518611514,162.40022518611514,162.40022518611514,2475.05,4,ASIAN,2.5,0.12038740694243173,18.86660121938842,50.644913419496575,162.74330114279485,162.95605370615382,-34.56167541484945,False,0.019785261469827307,47.34358958757125,-10.230114279485747,0.27354260089687643,0,1,bb_rejection_short,162.90138740694243,SL,2022-05-03 03:15:00+00:00,-29.53874069424387,-731.098601552883,150,False
2022-05-13 14:30:00+00:00,17,GBP_JPY,SHORT,157.808,158.3125865830994,157.31582683380117,157.31582683380117,157.31582683380117,1434.41,3,OVERLAP,2.5,0.26058658309940647,27.92802158187756,64.83650077696734,157.28893813776367,157.86556187371022,51.99660961809798,False,0.07123255030938928,81.49296396427937,54.80618622363238,0.1342592592593866,14,4,bb_rejection_short,158.3125865830994,SL,2022-05-13 16:00:00+00:00,-50.45865830994103,-723.7840406636252,90,False
2022-05-16 07:30:00+00:00,17,GBP_JPY,SHORT,158.05700000000002,158.64525415017815,157.58949169964373,157.58949169964373,157.58949169964373,1218.09,4,ASIAN,2.5,0.25125415017814634,29.318022039668566,53.37246428264738,158.02697118674877,158.02121999335023,23.235971028685753,False,0.03823494033637104,62.03426308540014,6.5028813251245765,0.16447368421046912,7,0,bb_rejection_short,158.64525415017815,SL,2022-05-16 10:45:00+00:00,-58.82541501781304,-716.5464977904788,195,False
2022-05-17 00:45:00+00:00,17,GBP_JPY,SHORT,159.257,159.61838621273932,159.01322757452138,159.01322757452138,159.01322757452138,1962.95,4,ASIAN,2.5,0.13938621273930737,29.48946858301615,67.63804776334719,158.8075942036778,158.35876335498097,76.17003046137256,False,0.016056082008410855,86.14224277112363,48.44057963221928,0.06070287539937524,0,1,bb_rejection_short,159.61838621273932,SL,2022-05-17 02:00:00+00:00,-36.1386212739319,-709.3830662966463,75,False
2022-05-18 01:00:00+00:00,17,GBP_JPY,LONG,161.517,161.11339222793396,161.7752155441321,161.7752155441321,161.7752155441321,1740.03,4,ASIAN,2.5,0.1466077720660417,19.785297339745078,47.25551573012582,161.37803981233725,160.0678288110341,9.164308118357667,False,-0.030376931447244085,40.788476206960794,10.396018766275006,0.348214285714271,1,2,bb_rejection_long,161.11339222793396,SL,2022-05-18 01:30:00+00:00,-40.36077720660386,-702.2896316280693,30,False
2022-05-23 13:30:00+00:00,17,GBP_JPY,LONG,160.509,159.9719810717793,160.8840378564414,160.8840378564414,160.8840378564414,1294.68,3,OVERLAP,2.5,0.20201892822070683,24.578806910794327,53.6946126534284,160.2418430190528,159.78725012889134,8.698678709674823,False,-0.014049250473942898,32.95135752248274,23.81569809471955,0.14461538461538057,13,0,bb_rejection_long,160.8840378564414,TP3,2022-05-23 18:45:00+00:00,37.50407532024488,485.5577623561465,315,True
2022-05-24 08:00:00+00:00,17,GBP_JPY,LONG,160.248,159.88136600376362,160.61626799247279,160.61626799247279,160.61626799247279,1909.59,3,LONDON,2.5,0.1986339962363891,25.617453885749963,39.42793553151095,160.49359332552885,160.20570632867103,2.8666666666680385,False,-0.014017182228363831,24.283356874792446,-27.459332552885485,0.3906249999999838,8,1,bb_rejection_long,159.88136600376362,SL,2022-05-24 08:30:00+00:00,-36.66339962363736,-700.1206128730166,30,False
2022-05-25 07:00:00+00:00,17,GBP_JPY,SHORT,159.288,159.7763506503768,158.98829869924643,158.98829869924643,158.98829869924643,1419.31,3,ASIAN,2.5,0.16735065037679553,25.734736705178204,58.75738005363309,159.11502091361638,159.47982479656272,38.3618575216957,False,0.00641294701523383,73.4991984635453,20.797908638363083,0.2211538461538006,7,2,bb_rejection_short,158.98829869924643,TP3,2022-05-25 08:15:00+00:00,29.970341235218168,425.37205018557495,75,True
2022-05-26 21:15:00+00:00,17,GBP_JPY,LONG,160.15,159.58778145362493,160.44943709275012,160.44943709275012,160.44943709275012,1240.4,3,NY,2.5,0.16721854637505495,22.49496592829341,51.7043077514204,160.02270309761963,159.80532503232536,26.02192193879489,False,-0.016465290500117913,51.89228657402655,9.229690238038302,0.2260127931770241,21,3,bb_rejection_long,160.44943709275012,TP3,2022-05-27 00:00:00+00:00,29.943950678665352,371.4247642181651,165,True
2022-05-30 22:45:00+00:00,17,GBP_JPY,LONG,161.429,161.2361431307813,161.5457137384374,161.5457137384374,161.5457137384374,3635.28,4,NY,2.5,0.07585686921869877,16.204964726444558,51.6446337264254,161.28443778347116,160.7452470810812,15.607642985008852,False,-0.011130615727630477,49.75091874234863,10.956221652884324,0.34313725490200997,22,0,bb_rejection_long,161.5457137384374,TP3,2022-05-30 23:15:00+00:00,11.671405949585342,424.28828620408603,30,True
2022-06-02 00:15:00+00:00,17,GBP_JPY,LONG,162.352,162.11648850880295,162.57202298239412,162.57202298239412,162.57202298239412,2994.89,3,ASIAN,2.5,0.12751149119705465,24.738400374915138,41.036065375799424,162.47918160296064,162.1315333606745,-20.948157502166964,False,-0.018272606588464007,25.85221715878932,-16.218160296062933,0.298913043478302,0,3,bb_rejection_long,162.11648850880295,SL,2022-06-02 05:15:00+00:00,-23.551149119705883,-705.3310098711595,300,False
2022-06-02 12:45:00+00:00,17,GBP_JPY,LONG,162.785,162.42517991943492,163.06764016113016,163.06764016113016,163.06764016113016,1940.63,4,LONDON,2.5,0.15582008056507543,21.214968675649118,53.45124125681249,162.61876469464852,162.30083460818918,-1.7184391297973889,False,-0.024721120603715993,33.67215645908134,13.723530535148143,0.18965517241380325,12,3,bb_rejection_long,163.06764016113016,TP3,2022-06-02 14:00:00+00:00,28.264161756524153,548.5028022956348,75,True
2022-06-13 02:15:00+00:00,17,GBP_JPY,LONG,165.472,165.16153590131373,165.78592819737258,165.78592819737258,165.78592819737258,2266.81,3,ASIAN,2.5,0.17446409868628462,23.288137154836917,44.15377565374383,165.67859313244327,166.55665613560578,-43.1689985605999,False,-0.01155992300988518,19.02650442973383,-24.15931324432563,0.04032258064535538,2,0,bb_rejection_long,165.78592819737258,TP3,2022-06-13 03:45:00+00:00,31.392958226234327,711.6187163681024,90,True
2022-06-14 03:00:00+00:00,17,GBP_JPY,SHORT,163.139,163.45839767934987,162.81520464130028,162.81520464130028,162.81520464130028,2225.69,3,ASIAN,2.5,0.17939767934986509,16.80431846243624,55.172268776854,163.22211629983278,164.67105704614,-12.826458954495479,False,0.035713536973425025,72.93597601831722,-4.811629983277044,0.26347305389210957,3,1,bb_rejection_short,163.45839767934987,SL,2022-06-14 03:15:00+00:00,-31.939767934986207,-710.8802209521946,15,False
2022-06-15 18:00:00+00:00,17,GBP_JPY,SHORT,162.261,163.05957417691343,161.85285164617312,161.85285164617312,161.85285164617312,881.28,3,NY,2.5,0.2215741769134288,21.518108917731546,45.802248033860565,162.40492020329836,162.90811432053607,-23.18263915348666,False,0.014629164435715727,57.89372159120034,-10.892020329836782,0.2532258064516283,18,2,bb_rejection_short,163.05957417691343,SL,2022-06-15 19:15:00+00:00,-79.85741769134336,-703.7674506302707,75,False
2022-06-15 19:15:00+00:00,17,GBP_JPY,SHORT,162.856,163.43508404025988,162.29883191948028,162.29883191948028,162.29883191948028,1203.16,4,NY,2.5,0.2960840402598568,24.544703595234196,63.24740794504032,162.46427889096105,162.89928044690947,32.779482856429354,False,0.06724450124872457,75.68846075015291,42.67211090389367,0.008695652173954592,19,2,bb_rejection_short,163.43508404025988,SL,2022-06-16 00:15:00+00:00,-57.9084040259886,-696.7307538790845,300,False
2022-06-24 14:00:00+00:00,17,GBP_JPY,LONG,165.938,165.39221176135527,166.40057647728943,166.40057647728943,166.40057647728943,1263.8,4,OVERLAP,2.5,0.24578823864472765,17.988233910268413,54.69987932940667,165.6638993468295,165.74886511540456,10.797448661833187,False,-0.032478137143090946,36.08000186056415,24.510065317048202,0.3188073394494939,14,4,bb_rejection_long,166.151,TIME,2022-06-26 23:15:00+00:00,21.30000000000223,269.1894000000282,3435,True
2022-06-27 13:45:00+00:00,17,GBP_JPY,LONG,165.974,165.63026320290052,166.32847359419898,166.32847359419898,166.32847359419898,2014.5,2,OVERLAP,2.5,0.1917367970994889,21.152941279996867,48.88006811892834,165.91814182172646,165.8201882802424,-9.19475813212216,False,-0.019801436583144618,48.684694002528566,2.685817827352821,0.25903614457835655,13,0,bb_rejection_long,166.32847359419898,TP3,2022-06-27 14:45:00+00:00,35.44753538097855,714.0906002498128,60,True
2022-06-30 00:15:00+00:00,17,GBP_JPY,SHORT,165.681,165.9356906025981,165.4766187948038,165.4766187948038,165.4766187948038,2746.86,3,ASIAN,2.5,0.11969060259809626,25.278675089209667,58.90049148529337,165.66713120914048,165.88379913992787,-9.623689655722956,False,0.03101323808479143,85.06161501728224,4.886879085952955,0.1635220125785118,0,3,bb_rejection_short,165.4766187948038,TP3,2022-06-30 01:00:00+00:00,20.438194925015615,561.408601117284,45,True
2022-07-12 00:00:00+00:00,17,GBP_JPY,SHORT,163.448,163.6644523863799,163.24409522724017,163.24409522724017,163.24409522724017,3258.05,5,ASIAN,2.5,0.11945238637991502,19.566651644237293,53.56054770711427,163.48816183361234,163.44666896418784,-10.785965104003026,False,0.016908703281998987,74.45797362396962,-0.5161833612334021,0.07619047619044139,0,1,bb_rejection_short,163.24409522724017,TP3,2022-07-12 00:15:00+00:00,20.390539860896222,664.3339839379294,15,True
2022-07-15 12:30:00+00:00,17,GBP_JPY,LONG,164.254,163.810331000638,164.60433799872396,164.60433799872396,164.60433799872396,1604.47,4,LONDON,2.5,0.1896689993619854,14.865848338442532,51.130519896074645,164.2287788088735,163.98760898023065,3.244957236620394,False,0.005554901375855799,50.34471138959122,-0.3778808873505568,0.2018633540372583,12,4,bb_rejection_long,164.396,TIME,2022-07-15 20:30:00+00:00,14.199999999999593,227.83473999999345,480,True
2022-07-19 14:00:00+00:00,17,GBP_JPY,LONG,165.442,165.009923949787,165.80715210042595,165.80715210042595,165.80715210042595,1652.8,5,OVERLAP,2.5,0.19707605021297286,17.57274508801183,54.86831248142574,165.26376189802141,164.93839183714292,4.422578479261574,False,0.0006147699598887946,61.79895791629923,14.923810197859666,0.029154518950492158,14,1,bb_rejection_long,165.80715210042595,TP3,2022-07-19 14:45:00+00:00,36.51543097198731,603.5270431050062,45,True
2022-07-20 06:15:00+00:00,17,GBP_JPY,LONG,165.95499999999998,165.64073702106916,166.21252595786166,166.21252595786166,166.21252595786166,2291.61,3,ASIAN,2.5,0.14626297893083892,14.679368230999161,47.406013932002615,165.89115889168303,165.39581463377948,26.841579845009278,False,-0.023699616293023248,31.892320805610364,2.8841108316953523,0.22842639593901964,6,2,bb_rejection_long,165.64073702106916,SL,2022-07-20 07:45:00+00:00,-31.426297893082737,-720.1681851476733,90,False
2022-07-20 10:45:00+00:00,17,GBP_JPY,LONG,165.583,165.1637326394912,165.97853472101764,165.97853472101764,165.97853472101764,1700.51,2,LONDON,2.5,0.2122673605088169,29.752321178253347,37.54246261297747,165.88824738870267,165.47685366122005,-29.955765895124387,False,-0.03662845026671145,18.55945447421877,-33.424738870266424,0.24880382775115648,10,2,bb_rejection_long,165.1637326394912,SL,2022-07-20 12:15:00+00:00,-41.92673605087976,-712.9683392188153,90,False
2022-07-26 07:00:00+00:00,17,GBP_JPY,LONG,164.627,164.32102581306864,164.88194837386277,164.88194837386277,164.88194837386277,2306.85,4,ASIAN,2.5,0.14497418693137742,24.54923323335348,44.47281718905923,164.63392783983454,164.41172498944795,3.60012151482465,False,-0.014640369901298432,37.6820119520527,-4.192783983452841,0.014018691588852073,7,1,bb_rejection_long,164.32102581306864,SL,2022-07-26 08:30:00+00:00,-30.597418693136547,-705.8365531226204,90,False
2022-08-01 08:30:00+00:00,17,GBP_JPY,SHORT,161.668,162.0051788486479,161.29464230270426,161.29464230270426,161.29464230270426,2072.43,3,LONDON,2.5,0.2011788486478742,26.997796309720542,54.77377316944817,161.70410315696952,162.63291615228934,-3.3064080991948686,False,0.057243845144645936,81.18690267869187,-0.7103156969520796,0.12605042016795281,8,0,bb_rejection_short,162.0051788486479,SL,2022-08-01 09:00:00+00:00,-33.717884864788054,-698.7795613033271,30,False
2022-08-01 14:00:00+00:00,17,GBP_JPY,SHORT,161.744,162.46070408743844,161.2795918251231,161.2795918251231,161.2795918251231,965.24,5,OVERLAP,2.5,0.24670408743843886,16.559330181747733,51.51611170062545,161.75086604707155,162.46628189417208,-0.8980702014895314,False,-0.012341285638047643,52.94447881579313,2.2133952928442113,0.009225092250914092,14,0,bb_rejection_short,161.2795918251231,TP3,2022-08-01 20:00:00+00:00,46.44129862002424,448.26999079992197,360,True
2022-08-10 06:15:00+00:00,17,GBP_JPY,LONG,163.081,162.8875124312762,163.2189751374476,163.2189751374476,163.2189751374476,3598.55,3,ASIAN,2.5,0.08648756872379648,24.047695000995724,44.72356064246825,163.12418590694574,163.04789149577715,-21.2668016345674,False,-0.003268991431295009,34.01235738365191,-7.818590694574823,0.31932773109229046,6,2,bb_rejection_long,163.2189751374476,TP3,2022-08-10 07:15:00+00:00,13.797552086630049,496.51181061342567,60,True
2022-08-11 02:30:00+00:00,17,GBP_JPY,SHORT,162.293,162.58203432469915,162.04793135060171,162.04793135060171,162.04793135060171,2426.15,3,ASIAN,2.5,0.1400343246991496,24.705197115290737,52.55999885487836,162.37602604187248,162.74119039292782,-17.035535281087277,False,0.025345933492843753,59.107642408805866,-4.802604187247539,0.12949640287769343,2,3,bb_rejection_short,162.04793135060171,TP3,2022-08-11 07:00:00+00:00,24.506965951163725,594.5757544241587,270,True
2022-08-12 00:30:00+00:00,17,GBP_JPY,SHORT,162.383,162.67002576960252,162.161948460795,162.161948460795,162.161948460795,2463.84,3,ASIAN,2.5,0.12802576960250664,25.111857826196164,60.42331060518616,162.18854743137672,162.37979898313716,44.9854870809844,False,0.01851428370607254,83.6342461170064,22.945256862328733,0.38235294117642754,0,4,bb_rejection_short,162.67002576960252,SL,2022-08-12 06:30:00+00:00,-28.70257696025078,-707.1855721774429,360,False
2022-08-16 21:15:00+00:00,17,GBP_JPY,LONG,162.353,162.04139272475155,162.5652145504969,162.5652145504969,162.5652145504969,2246.78,3,NY,2.5,0.1236072752484425,23.894666837183177,53.31437641421145,162.0486070651342,161.57391183286825,36.48066455897094,False,-0.028967823213980698,42.69253825169522,26.939293486580596,0.2687500000000455,21,1,bb_rejection_long,162.5652145504969,TP3,2022-08-17 00:00:00+00:00,21.22154950243993,476.80152991091995,165,True
2022-08-17 13:00:00+00:00,17,GBP_JPY,LONG,163.007,162.58690845410783,163.3661830917844,163.3661830917844,163.3661830917844,1677.92,3,OVERLAP,2.5,0.19409154589218683,21.989018054837192,48.08365175080918,162.85371414033574,162.13469530952258,-14.774369257020226,False,-0.04513249738880379,38.330862303676206,12.428585966426908,0.0588235294117874,13,2,bb_rejection_long,163.3661830917844,TP3,2022-08-17 14:00:00+00:00,35.91852324293042,602.684085197778,60,True
2022-08-18 07:00:00+00:00,17,GBP_JPY,LONG,162.569,162.2747514383477,162.81449712330456,162.81449712330456,162.81449712330456,2416.01,4,ASIAN,2.5,0.14024856165229138,29.923192248818914,45.48318513383833,162.64392268624974,162.43590214430498,-35.31647413497012,False,0.0021146494622307846,43.2956792028066,-10.9922686249746,0.07373271889396395,7,3,bb_rejection_long,162.81449712330456,TP3,2022-08-18 08:00:00+00:00,24.549813943084537,593.1259598463168,60,True
2022-08-22 00:00:00+00:00,17,GBP_JPY,SHORT,161.888,162.15752509895813,161.65394980208373,161.65394980208373,161.65394980208373,2659.64,4,ASIAN,2.5,0.13452509895813963,20.255824726159886,53.42849316886835,161.91317980686082,162.1517052963103,-6.850614704686109,False,0.013825845219437211,68.15065276603652,0.9820193139177036,0.08095238095235839,0,0,bb_rejection_short,162.15752509895813,SL,2022-08-22 01:00:00+00:00,-26.952509895812682,-716.8397341929924,60,False
2022-08-24 00:00:00+00:00,17,GBP_JPY,SHORT,161.692,161.99816243190173,161.5006751361965,161.5006751361965,161.5006751361965,2317.96,4,ASIAN,2.5,0.11316243190174977,25.534174485603018,48.735843815494704,161.70430680472614,161.75085592030575,8.06532645719642,False,-0.008630560275797082,34.45934505062704,2.26931952738596,0.13235294117641935,0,2,bb_rejection_short,161.5006751361965,TP3,2022-08-24 03:15:00+00:00,19.13256892054372,443.4852945506352,195,True
2022-08-25 14:00:00+00:00,17,GBP_JPY,SHORT,161.532,161.8817224605811,161.2395550788378,161.2395550788378,161.2395550788378,2041.92,2,OVERLAP,2.5,0.16072246058109507,21.228206776600693,50.59564703945034,161.5779072529001,161.59822287798627,3.276145566832156,False,0.01513409488459605,66.94051858666126,-1.6907252900097092,0.20161290322574546,14,3,bb_rejection_short,161.8817224605811,SL,2022-08-25 14:30:00+00:00,-34.972246058109135,-714.1052867097421,30,False
2022-09-07 14:00:00+00:00,17,GBP_JPY,LONG,165.355,164.9689063470453,165.77618730590936,165.77618730590936,165.77618730590936,1831.07,3,OVERLAP,2.5,0.22509365295468395,20.295402560912084,43.852023970511866,165.32658710292978,164.1108961200663,-23.15962636540121,False,-0.04438680945187509,33.21934195027184,-0.058710292978503276,0.05202312138720252,14,2,bb_rejection_long,165.77618730590936,TP3,2022-09-07 15:30:00+00:00,42.11896061344078,771.2276521045301,90,True
2022-09-13 01:00:00+00:00,17,GBP_JPY,LONG,166.664,166.39726536099644,166.90046927800708,166.90046927800708,166.90046927800708,2679.36,3,ASIAN,2.5,0.1357346390035431,24.716452676990695,45.22477294819928,166.6535447401975,166.1090705316768,-4.320016319132947,False,-0.01281750769056023,20.34751526021511,-2.4544740197512738,0.25352112676052957,1,1,bb_rejection_long,166.39726536099644,SL,2022-09-13 05:45:00+00:00,-26.673463900354477,-714.6781223605377,285,False
2022-09-13 12:30:00+00:00,17,GBP_JPY,LONG,166.857,165.93977829635352,167.36444340729295,167.36444340729295,167.36444340729295,771.38,3,LONDON,2.5,0.26822170364647313,22.569048269660733,57.93393361607543,166.60598279095737,166.28801781434373,19.03660348245637,False,0.003398933400542401,32.39200647222393,22.20172090426331,0.30660042583393815,12,1,bb_rejection_long,166.098,TIME,2022-09-13 20:30:00+00:00,-75.89999999999861,-585.4774199999893,480,False
2022-09-27 08:45:00+00:00,17,GBP_JPY,SHORT,156.0,156.66903071216703,155.38493857566596,155.38493857566596,155.38493857566596,1048.79,2,LONDON,2.5,0.32203071216701334,26.06651524356149,56.794664738974845,155.52615494528715,155.98766650517572,4.769402972334547,False,-0.004862094936805311,73.06994839182887,50.284505471285,0.2199488491048809,8,1,bb_rejection_short,155.38493857566596,TP3,2022-09-27 13:30:00+00:00,61.506728882001696,645.0764218415455,285,True
2022-09-28 08:00:00+00:00,17,GBP_JPY,SHORT,154.599,155.1392224275747,154.03955514485054,154.03955514485054,154.03955514485054,1310.81,2,LONDON,2.5,0.2942224275747227,24.804021573108905,54.87185270047913,154.62544083124007,155.3500148911997,-4.400000000001114,False,0.06806679200376048,74.66340459986522,0.25591687599160196,0.23178807947027597,8,2,bb_rejection_short,155.1392224275747,SL,2022-09-28 10:00:00+00:00,-54.02224275747187,-708.128960289217,120,False
2022-09-29 07:00:00+00:00,17,GBP_JPY,SHORT,156.286,156.73590335172867,155.81319329654264,155.81319329654264,155.81319329654264,1558.21,3,ASIAN,2.5,0.2539033517286749,27.97189740119437,57.20237581102877,156.0261412551588,155.6451479874049,100.45911901147235,False,0.0677183941583398,90.80306822622369,29.4858744841207,0.32200000000000273,7,3,bb_rejection_short,155.81319329654264,TP3,2022-09-29 07:30:00+00:00,47.28097377512248,736.736861461336,30,True
2022-10-03 04:00:00+00:00,17,GBP_JPY,LONG,161.072,160.63421572942576,161.4965685411485,161.4965685411485,161.4965685411485,1618.18,3,ASIAN,2.5,0.22978427057423664,25.34612613460372,42.50243635783039,161.1966207897306,159.87066577373633,8.297623818447164,False,-0.02542872953418289,31.794993964804117,-15.96207897305817,0.03030303030303248,4,0,bb_rejection_long,160.63421572942576,SL,2022-10-03 04:15:00+00:00,-43.778427057424096,-708.4137509578253,15,False
2022-10-13 07:15:00+00:00,17,GBP_JPY,LONG,162.517,162.17667925022937,162.78064149954122,162.78064149954122,162.78064149954122,2060.79,4,ASIAN,2.5,0.14932074977061036,25.982058559610962,37.521596389137216,162.6750208395738,161.98062358484918,4.116734579071135,False,-0.03362936512790052,25.383101018695942,-19.302083957379068,0.18421052631577373,7,3,bb_rejection_long,162.78064149954122,TP3,2022-10-13 07:30:00+00:00,26.364277886371298,543.3124022545511,15,True
2022-10-14 08:30:00+00:00,17,GBP_JPY,LONG,166.649,165.8653595574451,167.2432808851098,167.2432808851098,167.2432808851098,901.9,2,LONDON,2.5,0.3116404425549092,26.557217348033646,47.805720419823366,166.56243694809464,164.6724175935224,10.314264419142205,False,-0.03855946540679681,60.24539877300585,5.756305190536182,0.29523809523810857,8,4,bb_rejection_long,165.8653595574451,SL,2022-10-14 11:30:00+00:00,-78.3640442554912,-706.7653151402751,180,False
2022-10-26 00:30:00+00:00,17,GBP_JPY,LONG,169.594,169.31106981937367,169.85086036125261,169.85086036125261,169.85086036125261,2473.03,4,ASIAN,2.5,0.14593018062630864,21.93548502399647,47.21013162398036,169.46658269390096,168.81149401072543,19.038970790100507,False,-0.03349183258431802,42.0515775055683,9.241730609903698,0.18796992481205899,0,2,bb_rejection_long,169.85086036125261,TP3,2022-10-26 02:00:00+00:00,25.68613998989823,635.2259477921802,90,True
2022-11-01 01:30:00+00:00,17,GBP_JPY,LONG,170.517,170.1616322817337,170.7847354365326,170.7847354365326,170.7847354365326,1986.8,4,ASIAN,2.5,0.1513677182662999,24.828688933051286,43.700207917718515,170.69535921148528,170.64352281389665,-50.04890601631473,False,0.011938253936253074,44.256868395776074,-21.335921148528314,0.09890109890109375,1,1,bb_rejection_long,170.7847354365326,TP3,2022-11-01 05:15:00+00:00,26.773678410375616,531.9394426573427,225,True
2022-11-10 10:15:00+00:00,17,GBP_JPY,SHORT,166.68,167.02080334085863,166.35939331828274,166.35939331828274,166.35939331828274,2087.32,4,LONDON,2.5,0.1748033408586301,19.030406049331035,57.13909700567788,166.56465785952048,167.03744778421034,13.299249495756271,False,0.009632246517716308,63.75284049216186,14.43421404795231,0.24852071005916462,10,3,bb_rejection_short,167.02080334085863,SL,2022-11-10 13:30:00+00:00,-34.08033408586277,-711.3656294410309,195,False
2022-11-18 14:30:00+00:00,17,GBP_JPY,LONG,166.328,165.91091348493734,166.70117303012535,166.70117303012535,166.70117303012535,1688.5,4,OVERLAP,2.5,0.2010865150626643,27.8729395107898,39.54767016797355,166.55487270816568,166.16686954755409,-37.65851714736357,False,-0.049721546420003454,26.735394578336336,-25.587270816566843,0.05314009661833825,14,4,bb_rejection_long,166.70117303012535,TP3,2022-11-18 15:30:00+00:00,37.3175240211397,630.1063930969439,60,True
2022-11-21 01:15:00+00:00,17,GBP_JPY,LONG,166.508,166.20353477247494,166.74393045505013,166.74393045505013,166.74393045505013,2333.77,3,ASIAN,2.5,0.13546522752505974,25.80777671614008,38.04519386756273,166.66928249229522,166.35469830541916,-19.905704713494288,False,-0.03940158438608373,19.97175087107908,-19.62824922952109,0.3888888888889547,1,0,bb_rejection_long,166.20353477247494,SL,2022-11-21 02:15:00+00:00,-30.44652275250712,-710.5518140411855,60,False
2022-12-08 09:00:00+00:00,17,GBP_JPY,LONG,166.683,166.41056051281558,166.9988789743688,166.9988789743688,166.9988789743688,2582.03,3,LONDON,2.5,0.1724394871844078,17.80122031365588,41.6355771703124,166.8032967743882,166.63055618194073,-16.556429466373856,False,-0.037747763217069526,26.111612741409516,-14.929677438820477,0.3188405797100076,9,3,bb_rejection_long,166.41056051281558,SL,2022-12-08 11:15:00+00:00,-27.243948718441402,-703.4469290947726,135,False
2022-12-26 00:00:00+00:00,17,GBP_JPY,SHORT,159.901,160.24389882275835,159.68020235448336,159.68020235448336,159.68020235448336,2030.96,4,ASIAN,2.5,0.1278988227583278,21.65088912744427,46.46266871623199,159.96930171098265,159.99723954164764,-9.153156644615024,False,0.0033292110313869784,36.714613299981046,-3.3301710982641453,0.11261261261263394,0,0,bb_rejection_short,159.68020235448336,TP3,2022-12-26 00:45:00+00:00,22.079873267566064,448.43339411495975,45,True
2022-12-26 23:15:00+00:00,17,GBP_JPY,SHORT,160.237,160.471080873101,160.04383825379801,160.04383825379801,160.04383825379801,2994.25,5,NY,2.5,0.11408087310098769,18.025710594569173,54.556405847214585,160.23215571294187,160.12092687236398,-4.014667083308154,False,0.018553726381358153,83.55676425105538,3.984428705811638,0.07500000000011843,23,0,bb_rejection_short,160.471080873101,SL,2022-12-26 23:30:00+00:00,-23.40808731009929,-700.896654282648,15,False
2022-12-27 07:15:00+00:00,17,GBP_JPY,SHORT,160.748,160.9555726159927,160.5398547680146,160.5398547680146,160.5398547680146,3342.87,3,ASIAN,2.5,0.12157261599269696,22.38350385566656,61.719844753483706,160.52382245673058,160.25776929699603,28.090293102934538,False,0.007967388354224898,81.45926642540383,25.917754326940212,0.2661870503597372,7,1,bb_rejection_short,160.5398547680146,TP3,2022-12-27 08:00:00+00:00,20.814585463966587,695.8045330992999,45,True
2022-12-28 00:15:00+00:00,17,GBP_JPY,SHORT,160.538,160.81617177233042,160.34465645533916,160.34465645533916,160.34465645533916,2519.47,3,ASIAN,2.5,0.11417177233042784,23.988423833217077,55.969326174575876,160.49080348888566,160.37445092462667,9.737925159527094,False,0.006950603264336431,69.33740335253253,8.2196511114347,0.019230769230678135,0,2,bb_rejection_short,160.81617177233042,SL,2022-12-28 00:45:00+00:00,-27.81717723304098,-700.8454352332975,30,False
2023-01-09 23:30:00+00:00,17,GBP_JPY,LONG,160.579,160.1962405580728,160.8415188838544,160.8415188838544,160.8415188838544,1812.73,3,NY,2.5,0.14875944192719717,21.232986285838038,47.70949579307783,160.54753456015405,159.9670682535369,-11.889245976223606,False,-0.0038077721883979475,39.48978613836193,-0.3534560154037081,0.11111111111113918,23,0,bb_rejection_long,160.8415188838544,TP3,2023-01-10 00:15:00+00:00,26.25203320506754,475.8784815182209,45,True
2023-01-10 15:00:00+00:00,17,GBP_JPY,LONG,160.623,160.13162723728664,160.9467455254267,160.9467455254267,160.9467455254267,1421.72,4,OVERLAP,2.5,0.17637276271334992,19.435299919675142,53.908722099051694,160.5125132908672,160.21048490331293,8.854040908866523,False,-0.008254574653910302,52.050455440902816,8.148670913280398,0.3864306784660789,15,1,bb_rejection_long,160.613,TIME,2023-01-10 23:00:00+00:00,-0.9999999999990905,-14.21719999998707,480,False
2023-01-17 07:45:00+00:00,17,GBP_JPY,SHORT,157.197,157.47543421950897,156.90313156098208,156.90313156098208,156.90313156098208,2508.51,3,ASIAN,2.5,0.16443421950896153,25.212995034987614,61.201433513625915,156.9197631819676,157.0417418129452,40.84279291029418,False,0.02731918641535279,91.94406728692513,31.22368180324031,0.3846153846153458,7,1,bb_rejection_short,156.90313156098208,TP3,2023-01-17 08:45:00+00:00,29.386961050394525,737.1748566452518,60,True
2023-01-18 08:00:00+00:00,17,GBP_JPY,LONG,160.464,159.8695893248036,161.18582135039284,161.18582135039284,161.18582135039284,1187.44,3,LONDON,2.5,0.3754106751964145,27.573624652374882,53.78011010245377,159.5026217342692,158.00865172984774,4.800000000000182,False,-0.1746966141831645,21.657364902538088,93.23782657307902,0.1440677966101409,8,2,bb_rejection_long,159.8695893248036,SL,2023-01-18 08:15:00+00:00,-59.44106751964,-705.8270121552133,15,False
2023-01-19 22:15:00+00:00,17,GBP_JPY,LONG,159.073,158.8564286158266,159.26714276834682,159.26714276834682,159.26714276834682,3226.5,3,NY,2.5,0.11457138417340297,25.96350237081852,53.396346032288825,158.84773541751736,158.5718926888188,40.39859502274794,False,-0.025392560271349035,42.677610455398735,19.0264582482655,0.10843373493993644,22,3,bb_rejection_long,159.26714276834682,TP3,2023-01-20 00:00:00+00:00,19.414337006002132,626.4035834986588,105,True
2023-01-24 00:45:00+00:00,17,GBP_JPY,LONG,161.427,161.08616578995498,161.6756684200901,161.6756684200901,161.6756684200901,2068.55,3,ASIAN,2.5,0.14183421004504482,27.929323743794413,40.24778923655161,161.47687825670437,160.71131134685703,9.915767914063167,False,-0.03966151231900661,17.1932202857699,-8.487825670437132,0.28723404255322044,0,1,bb_rejection_long,161.08616578995498,SL,2023-01-24 07:30:00+00:00,-34.0834210045017,-705.03260518862,405,False
2023-01-26 00:15:00+00:00,17,GBP_JPY,LONG,160.421,160.1862080594096,160.65558388118077,160.65558388118077,160.65558388118077,2972.77,3,ASIAN,2.5,0.13479194059039548,28.880281686305615,41.82806132437862,160.44305407556266,160.4941042257898,20.10471884570393,False,-0.04426308282311311,14.175420541812562,-5.7054075562660955,0.09999999999990526,0,3,bb_rejection_long,160.1862080594096,SL,2023-01-26 01:15:00+00:00,-23.479194059038377,-697.9824372288751,60,False
2023-01-27 08:15:00+00:00,17,GBP_JPY,LONG,160.71699999999998,160.38921207451858,160.9995758509628,160.9995758509628,160.9995758509628,2108.08,3,LONDON,2.5,0.15578792548141,29.2981063925261,37.91386048249307,160.99269809143414,160.84911389737758,2.1938988263514148,False,-0.01209355768623916,24.48492579954932,-30.46980914341475,0.21518987341764864,8,4,bb_rejection_long,160.849,TIME,2023-01-27 16:15:00+00:00,13.2000000000005,278.26656000001054,480,True
2023-02-06 09:15:00+00:00,17,GBP_JPY,SHORT,158.912,159.30393326711888,158.58513346576223,158.58513346576223,158.58513346576223,1770.16,4,LONDON,2.5,0.17793326711888224,18.912890763010523,50.65407809987221,158.79727694350098,158.45258739693668,-5.069066986715143,False,-0.002702670628740751,52.239572819402404,14.372305649902728,0.20634920634914666,9,0,bb_rejection_short,159.30393326711888,SL,2023-02-06 12:30:00+00:00,-39.19332671188726,-693.7845921231436,195,False
2023-02-08 07:30:00+00:00,17,GBP_JPY,SHORT,158.126,158.332885368566,157.94922926286802,157.94922926286802,157.94922926286802,3319.94,5,ASIAN,2.5,0.10588536856598849,17.375631438553953,59.93008721766237,158.0291356217494,158.38018150250448,17.36479915142013,False,0.006884969074647196,81.42152235343347,13.186437825061148,0.10869565217379887,7,2,bb_rejection_short,158.332885368566,SL,2023-02-08 07:45:00+00:00,-20.68853685659917,-686.8470105169786,15,False
2023-02-08 08:00:00+00:00,17,GBP_JPY,SHORT,158.31,158.55192666983496,158.07714666033007,158.07714666033007,158.07714666033007,2810.68,4,LONDON,2.5,0.1309266698349593,28.255152635044276,68.01887240248851,158.05356502415236,158.37952366725278,3.3999999999991815,False,0.02668338887099231,80.35165308794326,28.5434975847636,0.06015037593981829,8,2,bb_rejection_short,158.07714666033007,TP3,2023-02-08 08:45:00+00:00,23.28541681290205,654.4785532768753,45,True
2023-02-10 05:15:00+00:00,17,GBP_JPY,LONG,159.371,158.957539865978,159.58092026804403,159.58092026804403,159.58092026804403,1660.43,4,ASIAN,2.5,0.12246013402201097,18.307259073317617,52.26699207327913,159.2846004451095,158.93960953833712,17.47876165869684,False,0.0004694145109121854,50.33755274261318,5.1399554890508625,0.2753164556962805,5,4,bb_rejection_long,158.957539865978,SL,2023-02-10 07:15:00+00:00,-41.34601340220171,-686.521610334178,120,False
2023-02-13 01:00:00+00:00,17,GBP_JPY,SHORT,158.589,158.9231171426947,158.35576571461056,158.35576571461056,158.35576571461056,2034.19,3,ASIAN,2.5,0.13411714269472025,25.832592733187052,57.19306651924315,158.52853539195945,158.70291715775073,19.777506771316666,False,0.024660973153951604,71.92503219541486,9.54646080405439,0.23437500000010872,1,0,bb_rejection_short,158.9231171426947,SL,2023-02-13 03:15:00+00:00,-33.41171426947085,-679.6577504981491,135,False
2023-02-14 00:45:00+00:00,17,GBP_JPY,LONG,160.545,160.33426390005314,160.79147219989372,160.79147219989372,160.79147219989372,3192.91,5,ASIAN,2.5,0.140736099946862,19.24938469682505,42.93673068508672,160.50887126544586,159.63651286117027,14.102995678425145,False,-0.021462138633314413,19.341415955696164,0.1128734554129096,0.05405405405400423,0,1,bb_rejection_long,160.33426390005314,SL,2023-02-14 01:30:00+00:00,-21.07360999468426,-672.8614008812732,45,False
2023-02-14 02:00:00+00:00,17,GBP_JPY,LONG,160.37,160.06178078561467,160.61343842877065,160.61343842877065,160.61343842877065,2161.23,4,ASIAN,2.5,0.13921921438531926,28.984012887033952,37.13865264451735,160.48334736132045,159.67232027216568,-3.424118657196118,False,-0.0402572744632695,18.122986843501007,-14.834736132044668,0.09909909909918445,2,1,bb_rejection_long,160.61343842877065,TP3,2023-02-14 08:30:00+00:00,24.343955515899225,526.1288697962689,390,True
2023-02-16 08:00:00+00:00,17,GBP_JPY,LONG,161.253,160.91115646422483,161.47368707155033,161.47368707155033,161.47368707155033,1964.04,3,LONDON,2.5,0.12484353577517487,21.77484854778321,51.86866119332923,161.2042493571889,161.0805423667352,4.566666666664787,False,-0.00758280895989562,43.738090672951095,1.9750642811089847,0.31799163179912987,8,3,bb_rejection_long,161.47368707155033,TP3,2023-02-16 10:15:00+00:00,22.06881951887199,433.44044287845344,135,True
2023-02-22 00:45:00+00:00,17,GBP_JPY,LONG,163.541,163.06818481035828,163.79563037928344,163.79563037928344,163.79563037928344,1429.16,4,ASIAN,2.5,0.1448151896417127,15.830794910500178,58.93588934073623,163.20693391085538,162.28930021087805,48.87149307983236,False,-0.007350152586062614,65.10014003861112,29.906608914461685,0.35220125786160544,0,2,bb_rejection_long,163.06818481035828,SL,2023-02-22 08:00:00+00:00,-47.281518964172164,-675.7285564283629,435,False
2023-02-22 14:45:00+00:00,17,GBP_JPY,LONG,162.863,162.59420046688484,163.09159906623032,163.09159906623032,163.09159906623032,2488.74,2,OVERLAP,2.5,0.1287995331151629,23.32611319340022,42.18824841511199,163.0075147412839,162.62575319863834,-6.315204925743956,False,0.008312424475563018,41.77677803557843,-17.351474128389555,0.37762237762239015,14,2,bb_rejection_long,162.59420046688484,SL,2023-02-22 15:30:00+00:00,-26.879953311515692,-668.9721500450156,45,False
2023-02-24 07:00:00+00:00,17,GBP_JPY,LONG,161.905,161.63490158080063,162.10819683839873,162.10819683839873,162.10819683839873,2452.0,5,ASIAN,2.5,0.1190984191993614,14.683916904938776,50.706104708521764,161.9020211427205,162.22438135250235,-28.558893904715887,False,-0.007276494653795989,57.447833599150194,-3.202114272050949,0.13709677419352065,7,4,bb_rejection_long,162.10819683839873,TP3,2023-02-24 07:45:00+00:00,20.319766709708695,498.2406797220572,45,True
2023-02-27 01:45:00+00:00,17,GBP_JPY,LONG,162.877,162.59711408783664,163.1077718243267,163.1077718243267,163.1077718243267,2384.06,3,ASIAN,2.5,0.1328859121633459,24.5193146689483,47.30404482998298,162.80383744740755,162.50289426080465,18.747042713616224,False,-0.014418388790276881,19.805160761439254,3.816255259246759,0.2617449664430567,1,0,bb_rejection_long,163.1077718243267,TP3,2023-02-27 09:15:00+00:00,23.077279230495172,550.1761832225432,450,True
2023-03-02 08:30:00+00:00,17,GBP_JPY,LONG,163.498,163.15365937690336,163.77568124619327,163.77568124619327,163.77568124619327,1953.78,4,LONDON,2.5,0.15334062309663882,28.939454292699033,34.98034270256879,163.70025438670223,163.77965351333472,-4.853225674986561,False,-0.04496968133086538,18.771152121212804,-23.125438670223275,0.19166666666662718,8,3,bb_rejection_long,163.77568124619327,TP3,2023-03-02 11:30:00+00:00,27.76826674446317,542.5308419999725,180,True
2023-03-19 22:00:00+00:00,17,GBP_JPY,SHORT,160.713,161.19181619365852,160.31236761268295,160.31236761268295,160.31236761268295,1416.39,4,NY,2.5,0.21781619365852653,22.39556784361848,51.68914086080083,160.82080809558607,161.14820732147365,-9.448499440813407,False,0.032149730508241964,68.4647410876925,-7.2808095586083255,0.1748633879782074,22,6,bb_rejection_short,161.19181619365852,SL,2023-03-19 23:30:00+00:00,-47.88161936585311,-678.190468536007,90,False
2023-03-31 08:00:00+00:00,17,GBP_JPY,LONG,164.736,163.99935587886878,165.13028824226245,165.13028824226245,165.13028824226245,911.44,4,LONDON,2.5,0.21164412113123035,27.183929985609353,49.93942281864504,164.61273602441358,163.7182471574383,16.099999999997294,False,-0.006673049082026225,28.178031478991112,9.426397558641497,0.1335952848722701,8,4,bb_rejection_long,165.13028824226245,TP3,2023-03-31 10:15:00+00:00,39.42925682547628,359.37401841012104,135,True
2023-04-04 00:00:00+00:00,17,GBP_JPY,LONG,164.47899999999998,164.0496290585276,164.69474188294484,164.69474188294484,164.69474188294484,1572.07,4,ASIAN,2.5,0.12537094147241912,19.8701829285484,57.90097715236479,164.30572199454582,164.15166575816528,3.6617302249254635,False,0.001694994601835727,69.21691070915976,13.827800545416835,0.37777777777771226,0,1,bb_rejection_long,164.69474188294484,TP3,2023-04-04 01:00:00+00:00,21.574325528758063,339.16349933994684,60,True
2023-04-07 00:15:00+00:00,17,GBP_JPY,LONG,163.783,163.58443725830074,163.95112548339853,163.95112548339853,163.95112548339853,3416.52,3,ASIAN,2.5,0.10156274169927314,21.272597931816733,40.87651068573527,163.81304928037216,163.83249380972813,-0.3259739535934614,False,-0.017362470475757917,13.893674168748731,-6.504928037216473,0.04301075268807675,0,4,bb_rejection_long,163.95112548339853,TP3,2023-04-07 02:45:00+00:00,16.81259754942503,574.405757795616,150,True
2023-04-12 06:30:00+00:00,17,GBP_JPY,LONG,166.24699999999999,166.03373304828918,166.44653390342165,166.44653390342165,166.44653390342165,3207.9,3,ASIAN,2.5,0.11726695171083745,28.54874525190958,45.74547419425763,166.18313719930913,165.554869467401,33.706876094558424,False,-0.031899240012469465,14.048413487759808,2.886280069085956,0.3873873873872236,6,2,bb_rejection_long,166.03373304828918,SL,2023-04-12 07:00:00+00:00,-21.3266951710807,-684.1390543930978,30,False
2023-04-13 08:00:00+00:00,17,GBP_JPY,LONG,166.32999999999998,166.07700904023298,166.57498191953405,166.57498191953405,166.57498191953405,2677.16,3,LONDON,2.5,0.1369909597670264,26.83292740346304,47.447592620977225,166.30751521824598,165.98316571027993,-5.800000000002115,False,-0.024778126680275885,26.111111111110745,-0.6515218245993992,0.24712643678155474,8,3,bb_rejection_long,166.57498191953405,TP3,2023-04-13 08:30:00+00:00,24.498283461542258,655.8582455190246,30,True
2023-04-17 00:30:00+00:00,17,GBP_JPY,LONG,166.0,165.82365954410392,166.18168091179217,166.18168091179217,166.18168091179217,3878.04,3,ASIAN,2.5,0.10834045589608246,22.199850087771452,43.07815116069474,166.02240095409005,166.0039373728246,4.6942194401822235,False,-0.01737083500360059,22.561792561792714,-5.740095409004198,0.06923076923086846,0,0,bb_rejection_long,165.82365954410392,SL,2023-04-17 00:45:00+00:00,-17.63404558960815,-683.8553415832399,15,False
2023-04-18 21:00:00+00:00,17,GBP_JPY,LONG,166.634,166.46384658288275,166.7593068342345,166.7593068342345,166.7593068342345,3978.86,4,NY,2.5,0.08015341711725268,13.31274111698201,48.20417239688351,166.6175558376401,166.4307686136615,-8.361969044938178,False,-0.0015132112526352205,33.012451319180144,-1.8555837640121808,0.3880597014923917,21,1,bb_rejection_long,166.7593068342345,TP3,2023-04-19 01:45:00+00:00,12.530714916602015,498.579603530711,285,True
2023-04-25 07:30:00+00:00,17,GBP_JPY,LONG,167.216,166.8745077190688,167.5099845618624,167.5099845618624,167.5099845618624,1997.13,3,ASIAN,2.5,0.16449228093120416,29.498522453789118,34.98547576558654,167.5436473265492,167.24418481439287,-28.73957113012011,False,-0.046701853155200757,16.444777496195712,-36.264732654919385,0.2569832402235763,7,1,bb_rejection_long,166.8745077190688,SL,2023-04-25 10:00:00+00:00,-34.14922809312201,-682.0044790161678,150,False
2023-05-01 07:15:00+00:00,17,GBP_JPY,LONG,171.66299999999998,171.3698673438884,171.8802653122232,171.8802653122232,171.8802653122232,2303.34,4,ASIAN,2.5,0.12613265611161223,29.737943805894517,45.0912083144835,171.43954643564632,169.52880663017257,110.70427077505087,False,-0.05583866279662922,22.551274901632784,18.84535643536651,0.10937499999994217,7,0,bb_rejection_long,171.3698673438884,SL,2023-05-01 07:45:00+00:00,-29.313265611159522,-675.1841721280817,30,False
2023-05-03 08:15:00+00:00,17,GBP_JPY,LONG,169.82399999999998,169.52354761946768,170.10790476106465,170.10790476106465,170.10790476106465,2224.75,3,LONDON,2.5,0.15645238053232288,27.0980028077542,43.42128652240591,170.08043527016912,170.5291025109315,-0.11782054253330898,False,0.004134809493617983,16.589289672644156,-28.543527016913117,0.3181818181818182,8,2,bb_rejection_long,169.52354761946768,SL,2023-05-03 10:45:00+00:00,-30.04523805323061,-668.431433589248,150,False
2023-05-03 12:00:00+00:00,17,GBP_JPY,LONG,169.46099999999998,169.17909059027346,169.81581881945306,169.81581881945306,169.81581881945306,2347.37,3,LONDON,2.5,0.19190940972653456,22.04524526875978,38.685719615315314,169.89985649635537,170.41330132653198,-28.765309429766717,False,-0.024365340341447522,34.469109401977995,-46.78564963553811,0.14024390243901172,12,2,bb_rejection_long,169.81581881945306,TP3,2023-05-03 12:15:00+00:00,35.48203310120488,832.8946004077529,15,True
2023-05-04 12:30:00+00:00,17,GBP_JPY,LONG,169.088,168.7219616067017,169.45707678659656,169.45707678659656,169.45707678659656,1830.62,4,LONDON,2.5,0.19903839329828335,19.89191283143152,45.64199654634156,169.2045872635647,169.71502416241327,-6.876353059936946,False,-0.007915582580541654,52.92484207017773,-14.558726356469265,0.2400000000000091,12,3,bb_rejection_long,169.45707678659656,TP3,2023-05-04 13:00:00+00:00,36.907880272654644,675.6430378472704,30,True
2023-05-08 05:45:00+00:00,17,GBP_JPY,LONG,170.442,170.2134916716154,170.6120166567692,170.6120166567692,170.6120166567692,2961.96,3,ASIAN,2.5,0.10250832838459707,18.74609046510672,45.73016217979875,170.35902957131847,169.79709405733624,49.411139914909086,False,-0.018039131454947527,25.908658244027986,4.797042868153767,0.2380952380952289,5,0,bb_rejection_long,170.6120166567692,TP3,2023-05-08 07:00:00+00:00,17.00172307697223,503.58423685068664,75,True
2023-05-11 06:00:00+00:00,17,GBP_JPY,SHORT,169.455,169.60344353701257,169.29511292597488,169.29511292597488,169.29511292597488,4593.45,5,ASIAN,2.5,0.09744353701256674,18.708040273678918,57.152891997510494,169.49838274491918,169.97735210295286,-40.56932940271167,False,0.02714658100832154,96.82721226754792,-0.8382744919174456,0.17499999999974242,6,3,bb_rejection_short,169.29511292597488,TP3,2023-05-11 06:30:00+00:00,15.988742210136168,734.4348790514998,30,True
2023-05-12 14:30:00+00:00,17,GBP_JPY,SHORT,168.863,169.23261358797197,168.49677282405605,168.49677282405605,168.49677282405605,1864.68,4,OVERLAP,2.5,0.1976135879719762,26.91073359793028,55.27937853383245,168.703013406087,168.9903800362523,12.990741694335384,False,-0.003532196271033409,61.21287379684577,18.898659391300043,0.12565445026178323,14,4,bb_rejection_short,169.048,TIME,2023-05-14 22:30:00+00:00,-18.500000000000227,-344.96580000000426,3360,False
2023-05-17 06:15:00+00:00,17,GBP_JPY,LONG,170.46099999999998,170.1790773323883,170.61784533522342,170.61784533522342,170.61784533522342,2432.45,4,ASIAN,2.5,0.09592266761171282,27.153805568221564,52.21323003812205,170.3625769579245,170.1198330131686,9.518166934660144,False,-0.002012894341990229,37.19073800217806,6.342304207549887,0.01041666666656798,6,2,bb_rejection_long,170.1790773323883,SL,2023-05-17 07:15:00+00:00,-28.192266761169545,-685.7627928320686,60,False
2023-05-17 21:45:00+00:00,17,GBP_JPY,LONG,171.844,171.62410790221233,172.0207841955753,172.0207841955753,172.0207841955753,3087.45,3,NY,2.5,0.10589209778765031,28.46947323106663,58.432613132173515,171.4396246663477,170.6506515307289,65.97559458066371,False,-0.04943733057424493,25.89285714286018,36.937533365230024,0.297619047619104,21,2,bb_rejection_long,171.62410790221233,SL,2023-05-18 00:45:00+00:00,-21.989209778766394,-678.905857314523,180,False
2023-05-22 07:00:00+00:00,17,GBP_JPY,LONG,171.426,171.2076596697571,171.61368066048578,171.61368066048578,171.61368066048578,3078.29,4,ASIAN,2.5,0.11134033024289172,28.550309636448986,37.187424894041776,171.60150678612538,171.59087084962493,-39.619078749078085,False,-0.01775474717566993,7.67761864357372,-21.050678612539286,0.18493150684920573,7,0,bb_rejection_long,171.2076596697571,SL,2023-05-22 07:15:00+00:00,-21.834033024288146,-672.1148551833596,15,False
2023-05-25 06:00:00+00:00,17,GBP_JPY,LONG,172.355,172.05044604418399,172.54110791163205,172.54110791163205,172.54110791163205,2184.82,4,ASIAN,2.5,0.11055395581602617,25.941306978919016,51.59295000413477,172.25971411391126,172.08964742948172,30.31645683364559,False,-0.005882527864270064,68.62382379737683,6.02858860887352,0.1249999999999146,6,3,bb_rejection_long,172.05044604418399,SL,2023-05-25 07:00:00+00:00,-30.45539558160044,-665.3955737459228,60,False
2023-05-26 01:15:00+00:00,17,GBP_JPY,LONG,172.394,172.17011128948312,172.59877742103376,172.59877742103376,172.59877742103376,2942.27,3,ASIAN,2.5,0.11988871051687178,28.78562062175786,43.496744590577954,172.4289498080924,172.27410069095174,-5.895765842254264,False,-0.013171591267905288,51.49694286316814,-6.994980809238882,0.13846153846154854,1,4,bb_rejection_long,172.59877742103376,TP3,2023-05-26 07:00:00+00:00,20.477811701821814,602.5125103591927,345,True
2023-05-26 07:45:00+00:00,17,GBP_JPY,LONG,172.328,172.08628110234415,172.57843779531174,172.57843779531174,172.57843779531174,2750.16,5,ASIAN,2.5,0.1427188976558739,19.80480240211631,44.314346652190544,172.40118564506113,172.29968892834964,-12.163409308396922,False,-0.0035960027979738737,28.937129479761257,-10.818564506112693,0.13302752293576964,7,4,bb_rejection_long,172.57843779531174,TP3,2023-05-26 08:30:00+00:00,25.04387059416497,688.7465115324874,45,True
2023-05-29 07:45:00+00:00,17,GBP_JPY,LONG,173.367,173.14692565582808,173.55614868834382,173.55614868834382,173.55614868834382,3051.94,3,ASIAN,2.5,0.11207434417191318,26.121629344419187,37.12399301882371,173.49504894634944,173.00834681869105,6.44408760933004,False,-0.008434302821469584,27.171309144194534,-16.304894634944844,0.026666666666603507,7,0,bb_rejection_long,173.14692565582808,SL,2023-05-29 09:15:00+00:00,-22.007434417190552,-671.6536939520054,90,False
2023-06-02 09:00:00+00:00,17,GBP_JPY,LONG,174.057,173.73075157066648,174.26049685866704,174.26049685866704,174.26049685866704,2038.13,3,LONDON,2.5,0.11624842933351899,25.24976031175464,48.377537167591626,174.00001753391965,173.7024223467006,-4.732809146631212,False,-0.01314580689996736,27.46037249910704,2.7982466080345603,0.015151515151445555,9,4,bb_rejection_long,174.26049685866704,TP3,2023-06-02 12:30:00+00:00,20.34978571159173,414.75508752366454,210,True
2023-06-02 12:30:00+00:00,17,GBP_JPY,LONG,174.158,173.69420562374043,174.41258875251918,174.41258875251918,174.41258875251918,1442.63,3,LONDON,2.5,0.14179437625959643,23.784090726191643,57.71716298116523,174.0023712404441,173.74187804738952,8.621423135602413,False,0.003930784130939469,51.8573059944477,12.662875955589925,0.30607966457021824,12,4,bb_rejection_long,174.41258875251918,TP3,2023-06-02 13:30:00+00:00,25.45905172735176,367.2799179342947,60,True
2023-06-05 01:30:00+00:00,17,GBP_JPY,LONG,174.21099999999998,173.964563935025,174.38687212994995,174.38687212994995,174.38687212994995,2729.95,3,ASIAN,2.5,0.105436064974979,21.826679622197297,47.13013176039505,174.20112431480226,173.94568606952612,-4.215876506737004,False,-0.008899814617780555,36.09134011460893,-2.512431480226951,0.3430656934306342,1,0,bb_rejection_long,173.964563935025,SL,2023-06-05 07:15:00+00:00,-24.643606497497217,-672.7581355784253,345,False
2023-06-05 07:15:00+00:00,17,GBP_JPY,LONG,174.142,173.81170469304985,174.34959061390032,174.34959061390032,174.34959061390032,2016.47,4,ASIAN,2.5,0.1212953069501567,20.7399717408973,46.3467380284287,174.16530920957507,173.98766497502635,-9.952856510022912,False,0.0007686502258193451,40.039992440274816,-5.830920957507146,0.11961722488040816,7,0,bb_rejection_long,173.81170469304985,SL,2023-06-05 10:00:00+00:00,-33.02953069501484,-666.0305776057658,165,False
2023-06-13 00:00:00+00:00,17,GBP_JPY,LONG,174.611,174.37171667079122,174.73656665841753,174.73656665841753,174.73656665841753,2755.6,3,ASIAN,2.5,0.08028332920877035,22.474050441195384,47.40212270573627,174.6916138334959,174.8211742095976,-25.380499964342107,False,0.000713044370167025,43.199467199458695,-11.56138334958996,0.37762237762239015,0,1,bb_rejection_long,174.73656665841753,TP3,2023-06-13 00:45:00+00:00,12.55671140956444,346.0127396019577,45,True
2023-06-27 00:30:00+00:00,17,GBP_JPY,LONG,182.33599999999998,182.15086219990124,182.48127560019753,182.48127560019753,182.48127560019753,3580.2,4,ASIAN,2.5,0.09013780009877048,29.507745025223635,45.24964404362128,182.37261432805764,182.23487366649627,-1.3850618203889553,False,-0.0042064601993513605,34.71599942187634,-7.161432805764889,0.1909090909089946,0,1,bb_rejection_long,182.48127560019753,TP3,2023-06-27 01:45:00+00:00,14.527600597264707,520.117156583271,75,True
2023-06-29 13:00:00+00:00,17,GBP_JPY,LONG,182.564,182.22372077527785,182.85155844944427,182.85155844944427,182.85155844944427,1963.18,5,OVERLAP,2.5,0.15827922472214187,19.62739874614754,50.122834174167835,182.52028967264684,182.64522996368157,0.42147316037812743,False,-0.00033203339459811007,48.98645654180606,1.4710327353157027,0.10344827586200138,13,3,bb_rejection_long,182.85155844944427,TP3,2023-06-29 16:45:00+00:00,28.755991420272643,564.5318723645086,225,True
2023-07-03 07:45:00+00:00,17,GBP_JPY,LONG,183.463,183.1071854882917,183.71562902341662,183.71562902341662,183.71562902341662,1893.33,3,ASIAN,2.5,0.14381451170831033,24.539151663968592,48.01659064700004,183.41345318825782,183.07568852810834,11.235951551117296,False,-0.015512109068640242,31.143514631146022,1.4546811742178534,0.14358974358970547,7,0,bb_rejection_long,183.1071854882917,SL,2023-07-03 09:30:00+00:00,-35.58145117083029,-673.6742894526811,105,False
2023-07-04 07:30:00+00:00,17,GBP_JPY,LONG,183.494,183.2603404022779,183.65631919544424,183.65631919544424,183.65631919544424,2854.32,3,ASIAN,2.5,0.09865959772211698,27.03846876964071,46.19487139426445,183.4993393847189,183.3355544111807,2.7796799021899687,False,-0.005005094097701009,35.42429792429967,-4.033938471889087,0.12179487179492435,7,1,bb_rejection_long,183.2603404022779,SL,2023-07-04 08:45:00+00:00,-23.365959772209518,-666.9392629701308,75,False
2023-07-11 13:45:00+00:00,17,GBP_JPY,SHORT,181.687,182.0583279775144,181.2993440449712,181.2993440449712,181.2993440449712,1778.13,3,OVERLAP,2.5,0.20832797751440382,24.163685706665177,62.24178368061871,181.37099832028093,181.9281393948645,44.27571418262346,False,0.05485586120560264,91.8025801239467,34.50016797190756,0.15476190476179197,13,1,bb_rejection_short,181.2993440449712,TP3,2023-07-11 15:00:00+00:00,38.76581351616132,689.3065598749193,75,True
2023-07-13 01:00:00+00:00,17,GBP_JPY,SHORT,179.905,180.27459891040772,179.6288021791846,179.6288021791846,179.6288021791846,1805.1,4,ASIAN,2.5,0.15559891040770676,23.92286603636059,56.97603894632886,179.92343769847145,180.73149743266075,-17.93824314408141,False,0.026554174905115146,79.00374576490356,1.656230152855187,0.17241379310341448,1,3,bb_rejection_short,180.27459891040772,SL,2023-07-13 02:45:00+00:00,-36.95989104077171,-667.1629931769701,105,False
2023-07-18 00:30:00+00:00,17,GBP_JPY,SHORT,181.446,181.7129176636174,181.25916467276522,181.25916467276522,181.25916467276522,2474.51,3,ASIAN,2.5,0.11091766361738126,28.404962445886284,56.31320965539188,181.4079544513022,181.34176121925407,2.2160547544331166,False,0.03229182407070776,78.3645452946176,7.304554869779167,0.247663551401858,0,1,bb_rejection_short,181.25916467276522,TP3,2023-07-18 04:30:00+00:00,18.683608227446832,462.3277539489947,240,True
2023-07-25 00:00:00+00:00,17,GBP_JPY,LONG,181.411,181.1782138980524,181.56757220389517,181.56757220389517,181.56757220389517,2857.19,4,ASIAN,2.5,0.09578610194758153,18.469463779749308,51.64499334469359,181.37227135878575,181.37843518702664,16.73048645247661,False,-0.005374829659238942,34.67334840978953,0.3728641214252093,0.29411764705877436,0,1,bb_rejection_long,181.56757220389517,TP3,2023-07-25 05:15:00+00:00,15.6572751888838,447.358100969269,315,True
2023-07-26 00:45:00+00:00,17,GBP_JPY,LONG,181.81,181.56279171756694,181.97541656486618,181.97541656486618,181.97541656486618,2708.6,4,ASIAN,2.5,0.10020828243308241,17.38914054500858,55.84011893823549,181.66914230765894,181.51718847607725,25.21997517316379,False,-0.006874640704596778,61.363636363638285,10.585769234106124,0.22222222222219715,0,2,bb_rejection_long,181.56279171756694,SL,2023-07-26 06:15:00+00:00,-24.720828243306414,-669.5883537981975,330,False
2023-07-26 19:15:00+00:00,17,GBP_JPY,LONG,181.421,181.0443251576685,181.707349684663,181.707349684663,181.707349684663,1759.85,2,NY,2.5,0.1606748423314973,24.960126342204745,48.54710908811826,181.4181960136681,181.4735460756362,6.524987029095541,False,-0.02112611177812247,40.501262361973666,-3.2196013668112755,0.3611111111111586,19,2,bb_rejection_long,181.707349684663,TP3,2023-07-26 22:30:00+00:00,28.635131178852866,503.9353560510421,195,True
2023-07-27 12:30:00+00:00,17,GBP_JPY,LONG,181.47,181.11838666373126,181.81422667253747,181.81422667253747,181.81422667253747,1899.62,3,LONDON,2.5,0.1866133362687352,24.265122540353154,44.02481663129509,181.5463770467468,181.49074619609013,-18.61315577150151,False,-0.03831632754246389,42.54394026491736,-10.537704674680981,0.25581395348840025,12,3,bb_rejection_long,181.11838666373126,SL,2023-07-27 13:00:00+00:00,-35.16133362687413,-667.9317258428263,30,False
2023-08-09 12:15:00+00:00,17,GBP_JPY,LONG,182.588,182.22652260400793,182.82995479198416,182.82995479198416,182.82995479198416,1829.3,4,LONDON,2.5,0.13547739599207828,17.80383049603621,45.97319497827926,182.6249762140564,182.3010117028523,-6.809849545101088,False,-0.005384130914631458,49.49381218372815,-6.597621405640552,0.21078431372551343,12,2,bb_rejection_long,182.82995479198416,TP3,2023-08-09 14:30:00+00:00,24.195611464744047,442.61032052456284,135,True
2023-08-15 05:15:00+00:00,17,GBP_JPY,LONG,184.588,184.27252223581243,184.75395552837512,184.75395552837512,184.75395552837512,2110.06,3,ASIAN,2.5,0.10047776418755701,28.54378232814302,51.14076345763778,184.47475297923748,184.05854274965068,34.81994628058942,False,-0.0052564078692279685,45.846368986812074,7.8247020762518105,0.053571428571426306,5,1,bb_rejection_long,184.75395552837512,TP3,2023-08-15 06:00:00+00:00,16.59563148718487,350.1777817584931,45,True
2023-08-18 03:30:00+00:00,17,GBP_JPY,LONG,185.489,185.25857013522392,185.69885972955217,185.69885972955217,185.69885972955217,2904.05,2,ASIAN,2.5,0.12242986477607783,29.241228540619893,36.488426521925554,185.8040812938222,185.7415407850507,-57.59634073894517,False,-0.010696316783561796,10.965503147974763,-35.00812938221998,0.2592592592594802,3,4,bb_rejection_long,185.25857013522392,SL,2023-08-18 05:00:00+00:00,-23.04298647760845,-669.1798488029883,90,False
2023-08-21 01:00:00+00:00,17,GBP_JPY,LONG,185.11599999999999,184.85538596454163,185.3062280709167,185.3062280709167,185.3062280709167,2542.03,3,ASIAN,2.5,0.11261403545835058,18.057430093637446,50.64874363532899,185.07987666467923,185.3381968813768,4.920912874385408,False,-0.003163272247670162,42.400023441162546,0.11233353207558139,0.28671328671326307,1,0,bb_rejection_long,185.3062280709167,TP3,2023-08-21 01:45:00+00:00,19.022881924804025,483.56736539309577,45,True
2023-08-23 07:15:00+00:00,17,GBP_JPY,SHORT,185.792,186.05365716727889,185.59368566544225,185.59368566544225,185.59368566544225,2550.38,3,ASIAN,2.5,0.11665716727887339,26.931392838934222,58.86738344853368,185.6970079872567,185.82170963311074,-1.0833320013944103,False,0.017042991014455423,83.16206194047243,12.999201274328698,0.27611940298509047,7,2,bb_rejection_short,185.59368566544225,TP3,2023-08-23 07:30:00+00:00,19.831511214514727,505.77889571274073,15,True
2023-08-28 13:45:00+00:00,17,GBP_JPY,SHORT,184.495,184.7013975901371,184.30920481972578,184.30920481972578,184.30920481972578,3257.7,4,OVERLAP,2.5,0.10739759013710827,20.736485083667336,59.94272941565757,184.390888259148,184.2880670238072,13.845945961213602,False,0.01931002233286709,83.80063900053578,13.31117408520015,0.1842105263157501,13,0,bb_rejection_short,184.30920481972578,TP3,2023-08-28 15:45:00+00:00,18.579575060046967,605.26681673115,120,True
