timestamp,strategy_id,pair,signal_direction,entry_price,sl_price,tp1_price,tp2_price,tp3_price,lot_size,confluence_score,session,spread_at_entry,atr_at_entry,adx_at_entry,rsi_at_entry,ema_50_value,ema_200_value,vwap_deviation,news_within_60min,macd_hist_at_entry,stoch_k_at_entry,distance_from_ema50_pips,candle_body_ratio,hour_of_day,day_of_week,entry_pattern,exit_price,exit_reason,exit_time,pnl_pips,pnl_dollars,hold_time_minutes,win
2021-01-06 02:30:00+00:00,18,GBP_AUD,SHORT,1.75565,1.7575888172486274,1.7536435482541182,1.7536435482541182,1.7536435482541182,515778.37,3,ASIAN,2.0,0.0015042320331648895,17.91779624041943,52.302122204442846,1.7566834553454858,1.7624085365490914,-29.756842851447196,False,0.00015894994631833578,74.38033822214847,-7.334553454858561,0.09345794392543923,2,2,failed_breakout_short,1.7575888172486274,SL,2021-01-06 02:45:00+00:00,-19.388172486274335,-1000.0000002249424,15,False
2021-01-08 15:30:00+00:00,18,GBP_AUD,SHORT,1.74747,1.7502038289146238,1.745478513256129,1.745478513256129,1.745478513256129,362129.46,3,OVERLAP,2.0,0.0015221108414440717,12.972887812379595,49.82117892841652,1.7475428385576122,1.748966276194575,-3.6903342940308725,False,6.413297875151571e-05,59.04384865510689,1.6716144238793085,0.6700507614213044,15,4,failed_breakout_short,1.7502038289146238,SL,2021-01-08 18:15:00+00:00,-27.338289146237038,-989.999988585068,165,False
2021-01-12 01:45:00+00:00,18,GBP_AUD,SHORT,1.75503,1.757054388462432,1.7534868346127044,1.7534868346127044,1.7534868346127044,484146.21,4,ASIAN,2.0,0.00121243571594489,23.321430460515728,54.12497720030829,1.7540553984200258,1.7515833489438655,30.12973843208311,False,3.4694381563174276e-05,74.67400044282358,12.746015799742771,0.7399999999998801,1,1,failed_breakout_short,1.757054388462432,SL,2021-01-12 02:00:00+00:00,-20.24388462431803,-980.100001654085,15,False
2021-01-13 23:15:00+00:00,18,GBP_AUD,SHORT,1.76216,1.7643548255031816,1.7605855234904555,1.7605855234904555,1.7605855234904555,442084.8,3,NY,2.0,0.0012118187916227553,30.73244588756575,51.082958731620295,1.7624386513974422,1.7600717149411995,-15.27044651962628,False,0.00020041249827801457,64.94241791204526,0.21348602557758056,0.5416666666667823,23,2,failed_breakout_short,1.7605855234904555,TP3,2021-01-14 01:45:00+00:00,15.74476545159261,696.0521485714229,150,True
2021-01-14 15:15:00+00:00,18,GBP_AUD,SHORT,1.76112,1.7638682812822806,1.7590551561531582,1.7590551561531582,1.7590551561531582,355589.34,2,OVERLAP,2.0,0.0015396652385212,31.053508093990843,57.943175600508226,1.759772728302621,1.7598634692074182,17.17625437100967,False,0.00044229134604068085,82.91371656911066,15.872716973790446,0.7531645569619755,15,3,failed_breakout_short,1.7590551561531582,TP3,2021-01-14 15:45:00+00:00,20.648439049100173,734.236481349976,30,True
2021-01-15 15:30:00+00:00,18,GBP_AUD,SHORT,1.76512,1.768859831299431,1.762720506101707,1.762720506101707,1.762720506101707,263274.41,2,OVERLAP,2.0,0.0018111152703717958,26.236712457450896,59.5164341803904,1.7627409677003794,1.7608860716867305,19.124682341180588,False,0.00039038833957875794,64.1865874717559,26.190322996206827,0.6290322580645089,15,4,failed_breakout_short,1.762720506101707,TP3,2021-01-15 16:00:00+00:00,23.994939894333847,631.7253643666206,30,True
2021-01-18 09:15:00+00:00,18,GBP_AUD,SHORT,1.76433,1.7665712836279952,1.7626161491160142,1.7626161491160142,1.7626161491160142,442121.26,2,LONDON,2.0,0.0012709553091341177,20.86270047633945,50.3373500865668,1.764216063277389,1.762363525582585,0.546480409124861,False,-3.910801431179503e-05,53.584118524157795,3.5393672261108122,0.5813953488370892,9,0,failed_breakout_short,1.7665712836279952,SL,2021-01-18 10:30:00+00:00,-22.412836279952497,-990.9191416266311,75,False
2021-01-19 15:00:00+00:00,18,GBP_AUD,SHORT,1.76673,1.7683059081484822,1.7648822755545528,1.7648822755545528,1.7648822755545528,622504.52,2,OVERLAP,2.0,0.0013988294186101779,29.09324918427418,60.66090979751846,1.7651566834972163,1.7645673440292886,17.900133666168827,False,0.00020548745248383455,86.69629535866154,18.133165027836018,0.2348993288591104,15,1,failed_breakout_short,1.7683059081484822,SL,2021-01-19 15:45:00+00:00,-15.759081484822966,-981.0099455350609,45,False
2021-01-22 01:30:00+00:00,18,GBP_AUD,SHORT,1.76861,1.7703985885795208,1.7672342342614376,1.7672342342614376,1.7672342342614376,542997.9,2,ASIAN,2.0,0.001103807361967223,28.19133536590504,52.66936874249288,1.7679675429098924,1.766299446987611,15.370921695498918,False,5.3028706884828796e-05,66.20039864972294,9.424570901075402,0.7096774193548773,1,4,failed_breakout_short,1.7703985885795208,SL,2021-01-22 02:15:00+00:00,-17.885885795208,-971.1998426437775,45,False
2021-01-22 09:45:00+00:00,18,GBP_AUD,LONG,1.76956,1.7667009335013972,1.7712371994958083,1.7712371994958083,1.7712371994958083,336294.33,3,LONDON,2.0,0.001313980640262218,26.154910184090795,50.188965206202816,1.769113717731972,1.7672525158721581,5.920029787473968,False,-5.8688404161503734e-06,70.28799019607715,2.0628226802799077,0.258426966292097,9,4,failed_breakout_long,1.7712371994958083,TP3,2021-01-22 11:00:00+00:00,16.771995456812096,564.0326974911669,75,True
2021-01-25 09:30:00+00:00,18,GBP_AUD,LONG,1.77139,1.769844744571453,1.7728757662856418,1.7728757662856418,1.7728757662856418,625869.46,3,LONDON,2.0,0.0012740457958735397,29.691434380234895,45.448993579657476,1.7718425140698928,1.7701386742418017,-3.706177526356935,False,-6.975425317795383e-05,30.009340161312867,-6.925140698927912,0.1527777777777767,9,0,failed_breakout_long,1.769844744571453,SL,2021-01-25 10:30:00+00:00,-15.452554285471097,-967.1281806268481,60,False
2021-01-25 14:45:00+00:00,18,GBP_AUD,LONG,1.77141,1.7690461354222422,1.7730415937332733,1.7730415937332733,1.7730415937332733,405038.81,3,OVERLAP,2.0,0.0012707485015501481,22.676708008118432,51.48934422829527,1.7712291051497329,1.770253896085537,1.8122081671889667,False,4.59491687273692e-05,40.51046945249032,-0.59105149732952,0.2929936305731745,14,0,failed_breakout_long,1.7730415937332733,TP3,2021-01-25 15:45:00+00:00,16.31593773555778,660.8588004444418,60,True
2021-01-26 15:15:00+00:00,18,GBP_AUD,LONG,1.77217,1.7696464750614804,1.774010574815559,1.774010574815559,1.774010574815559,382031.29,3,OVERLAP,2.0,0.0013972606001079774,24.011431859114083,45.97143543005009,1.7728909297043602,1.7721390724932564,-6.530755844273983,False,7.735335349564031e-05,53.156951908500965,-9.60929704360236,0.24836601307192105,15,1,failed_breakout_long,1.774010574815559,TP3,2021-01-26 15:45:00+00:00,18.405748637376334,703.1571895352623,30,True
2021-01-29 13:15:00+00:00,18,GBP_AUD,SHORT,1.78902,1.791551454292881,1.7867656371213574,1.7867656371213574,1.7867656371213574,383612.32,4,OVERLAP,2.0,0.0016141294010644956,34.3957444143503,51.81420429001321,1.789167876245261,1.7870788093653034,6.939488701847019,False,0.00029617422021199546,59.578568345456176,0.9212375473910406,0.3877551020406452,13,4,failed_breakout_short,1.7867656371213574,TP3,2021-01-29 13:30:00+00:00,22.54362937409365,864.8013965416213,15,True
2021-02-01 15:30:00+00:00,18,GBP_AUD,LONG,1.79341,1.7919154681950193,1.795463595414942,1.795463595414942,1.795463595414942,655553.17,3,OVERLAP,2.0,0.0015269876378213535,21.565764319211887,38.94432064953583,1.7951460466243134,1.7920193466412642,-26.042625017563825,False,-0.00022740365478868642,28.74887528254799,-19.76046624313499,0.033333333333259316,15,0,failed_breakout_long,1.7919154681950193,SL,2021-02-01 18:30:00+00:00,-14.945318049806033,-979.7450624208564,180,False
2021-02-08 07:45:00+00:00,18,GBP_AUD,SHORT,1.789,1.7899748601318173,1.788175419604548,1.788175419604548,1.788175419604548,994960.8,2,ASIAN,2.0,0.0007554545305177822,28.4758586031415,52.96231573324774,1.7898128920098464,1.7925372855825474,-45.414801116876454,False,0.00011796462682194325,72.4270417386822,-5.128920098464995,0.12048192771111411,7,0,failed_breakout_short,1.7899748601318173,SL,2021-02-08 08:15:00+00:00,-9.748601318173566,-969.9476166411026,30,False
2021-02-08 08:15:00+00:00,18,GBP_AUD,SHORT,1.78863,1.7900207467463118,1.7876677597610644,1.7876677597610644,1.7876677597610644,690455.07,4,LONDON,2.0,0.000866386814579104,29.224670019190494,47.383316674694925,1.7897498091947872,1.7924671306738562,-2.671181710558468,False,8.636780889691002e-05,51.079186951490954,-8.79809194787251,0.11111111111119767,8,0,failed_breakout_short,1.7876677597610644,TP3,2021-02-08 11:00:00+00:00,9.622402528718606,664.3836611534582,165,True
2021-02-09 14:45:00+00:00,18,GBP_AUD,SHORT,1.78563,1.7874989251491677,1.7839532245524965,1.7839532245524965,1.7839532245524965,517351.9,4,OVERLAP,2.0,0.0013044324198831878,31.878691176976375,57.35054501153494,1.784292284674851,1.78663008529043,13.529732814134832,False,0.00011126285741664305,58.41019257247451,15.777153251490539,0.24848484848487215,14,1,failed_breakout_short,1.7874989251491677,SL,2021-02-09 15:15:00+00:00,-18.689251491676995,-966.8919768796928,30,False
2021-02-16 01:15:00+00:00,18,GBP_AUD,SHORT,1.78715,1.788947214676931,1.786108355969207,1.786108355969207,1.786108355969207,532614.76,3,ASIAN,2.0,0.0008855415428718928,18.99098695596668,54.2040467709842,1.7869833625611264,1.7862284520813823,-0.14619332670884333,False,0.0001422427311684353,71.3932360354032,4.666374388735406,0.5454545454547027,1,1,failed_breakout_short,1.788947214676931,SL,2021-02-16 05:15:00+00:00,-17.97214676930947,-957.223063822054,240,False
2021-02-17 02:30:00+00:00,18,GBP_AUD,LONG,1.79118,1.7899262085579501,1.7925413743261496,1.7925413743261496,1.7925413743261496,755828.12,3,ASIAN,2.0,0.0010777555352353614,29.59290116639939,41.74646294754663,1.7916615951269317,1.789029888596806,6.030200700188892,False,-0.0003464768417977481,24.471210606514905,-7.815951269316557,0.27536231884083157,2,2,failed_breakout_long,1.7899262085579501,SL,2021-02-17 06:45:00+00:00,-12.537914420498453,-947.6508285166235,255,False
2021-02-17 08:15:00+00:00,18,GBP_AUD,SHORT,1.79162,1.7927528720196935,1.7905013839409196,1.7905013839409196,1.7905013839409196,828137.96,3,LONDON,2.0,0.0009160480365736397,17.107884580703626,53.05655462602039,1.7915460505351868,1.7895316363348537,-0.7694082133524738,False,9.91594324652158e-05,73.943704917913,3.139494648132235,0.0,8,2,failed_breakout_short,1.7905013839409196,TP3,2021-02-17 08:30:00+00:00,11.186160725879736,926.3684323762163,15,True
2021-02-17 13:45:00+00:00,18,GBP_AUD,SHORT,1.7912,1.7933396434356303,1.7895510696931092,1.7895510696931092,1.7895510696931092,442801.82,4,OVERLAP,2.0,0.0012993378090275618,30.210636176414706,54.50746414585347,1.7908918703629868,1.7896769812827844,8.58865373693396,False,0.0002299089940648289,55.2680227459546,5.481296370131172,0.3186813186813053,13,2,failed_breakout_short,1.7895510696931092,TP3,2021-02-17 15:00:00+00:00,16.4893034412929,730.149357433676,75,True
2021-02-23 02:00:00+00:00,18,GBP_AUD,LONG,1.77615,1.7744426040544954,1.7773121878365135,1.7773121878365135,1.7773121878365135,559178.73,3,ASIAN,2.0,0.001006592470222597,25.954724917491404,42.34896498082929,1.7772083090461777,1.7815379011037598,-21.846381201879872,False,-0.00015711541119926232,21.458333333335588,-13.583090461777303,0.5915492957746237,2,1,failed_breakout_long,1.7773121878365135,TP3,2021-02-23 02:30:00+00:00,11.621878572973968,649.8707300649795,30,True
2021-02-23 03:30:00+00:00,18,GBP_AUD,SHORT,1.77782,1.7789082623665422,1.7765652129003733,1.7765652129003733,1.7765652129003733,883278.0,3,ASIAN,2.0,0.001002487252149769,28.275776842981756,59.164723662477705,1.7773049611092044,1.7813104899008194,1.0313513643822603,False,0.0002220577077933899,84.58082669287843,8.15038890795483,0.03571428571451229,3,1,failed_breakout_short,1.7765652129003733,TP3,2021-02-23 06:30:00+00:00,12.54787113832702,1108.3258523319214,180,True
2021-02-23 16:00:00+00:00,18,GBP_AUD,SHORT,1.78234,1.7845618870645368,1.7804743388063895,1.7804743388063895,1.7804743388063895,437610.66,3,OVERLAP,2.0,0.0014149331198542035,24.385276671146222,54.8495533116804,1.7808955057804676,1.7811163603657556,4.075807325694125,False,-1.233906000746058e-05,53.407590759075724,16.844942195324286,0.6217948717948152,16,1,failed_breakout_short,1.7845618870645368,SL,2021-02-23 23:00:00+00:00,-22.218870645367428,-972.3214647573866,420,False
2021-02-25 14:45:00+00:00,18,GBP_AUD,SHORT,1.77456,1.7769954903567684,1.7722035289296947,1.7722035289296947,1.7722035289296947,395237.96,3,OVERLAP,2.0,0.0017587678054270576,28.382925566091608,58.545817894680916,1.7733377589227,1.778027437937535,29.152880105243195,False,0.0006244512711960099,82.21174024409599,14.62241077299975,0.3396226415094399,14,3,failed_breakout_short,1.7769954903567684,SL,2021-02-25 15:00:00+00:00,-24.354903567684882,-962.5982402088496,15,False
2021-02-25 16:00:00+00:00,18,GBP_AUD,SHORT,1.77579,1.7797139960861463,1.7731680117415607,1.7731680117415607,1.7731680117415607,242857.6,3,OVERLAP,2.0,0.0019302784457005066,30.492267303718183,58.137980356025196,1.774004104076115,1.7779791770208835,28.912564821226283,False,0.000483427769477302,52.569994504979604,20.258959238850238,0.15315315315314865,16,3,failed_breakout_short,1.7797139960861463,SL,2021-02-25 20:15:00+00:00,-39.23996086146352,-952.9722718908965,255,False
2021-02-26 00:30:00+00:00,18,GBP_AUD,SHORT,1.78036,1.783151043710794,1.7778068688676179,1.7778068688676179,1.7778068688676179,338025.0,3,ASIAN,2.0,0.001959795462903231,28.382654040580253,60.69929358575085,1.7774164068748908,1.7779943773505722,54.52928962359049,False,2.8502107897536736e-05,65.37666116718071,32.43593125109134,0.0811808118081586,0,4,failed_breakout_short,1.783151043710794,SL,2021-02-26 02:15:00+00:00,-27.91043710794083,-943.44255034117,105,False
2021-02-26 08:15:00+00:00,18,GBP_AUD,LONG,1.77881,1.7761284209952715,1.7819647370141858,1.7819647370141858,1.7819647370141858,348305.28,3,LONDON,2.0,0.0022629324373530818,25.030016127965144,43.4623011454182,1.7799879651737711,1.7788597603083292,5.458891928447063,False,-0.00044121578969363184,19.542485258933237,-14.179651737711296,0.15929203539819792,8,4,failed_breakout_long,1.7819647370141858,TP3,2021-02-26 09:15:00+00:00,31.547371047596897,1098.811590599713,60,True
2021-03-02 01:45:00+00:00,18,GBP_AUD,SHORT,1.79323,1.7946100476983256,1.7917898569050235,1.7917898569050235,1.7917898569050235,684756.21,4,ASIAN,2.0,0.0011543742968903195,31.426748955166584,57.99850347802178,1.7935565623479242,1.7937361201777744,-25.188535555267233,False,0.00033747993526180714,58.608079104793056,-0.2656234792408618,0.1666666666665296,1,1,failed_breakout_short,1.7917898569050235,TP3,2021-03-02 03:30:00+00:00,14.401431160081142,986.1469419753066,105,True
2021-03-02 16:15:00+00:00,18,GBP_AUD,SHORT,1.78556,1.7875239045088143,1.7831182864735573,1.7831182864735573,1.7831182864735573,486203.73,3,OVERLAP,2.0,0.0017451083735121294,25.424329825696773,50.49417600358615,1.787053745191739,1.79096110541711,-3.2382675889763846,False,0.0003943104704457266,70.0211333190068,-12.537451917389308,0.554621848739386,16,1,failed_breakout_short,1.7831182864735573,TP3,2021-03-02 19:30:00+00:00,24.41713576662702,1187.1702485650467,195,True
2021-03-03 07:30:00+00:00,18,GBP_AUD,SHORT,1.78472,1.7860648021827958,1.783445593451612,1.783445593451612,1.783445593451612,718863.65,3,ASIAN,2.0,0.0010896326251925467,36.215774555741255,57.27511340323663,1.7843863345913582,1.7878182322683813,-2.4845862812972186,False,7.473245220763027e-05,62.33085086886598,6.336654086418481,0.006211180124263863,7,2,failed_breakout_short,1.7860648021827958,SL,2021-03-03 08:00:00+00:00,-13.448021827957566,-966.729405652525,30,False
2021-03-04 09:00:00+00:00,18,GBP_AUD,LONG,1.78933,1.7856563734339295,1.7912608796982117,1.7912608796982117,1.7912608796982117,260522.43,2,LONDON,2.0,0.001539592194131011,27.92147908370398,50.569064002167785,1.7896463469289983,1.7893166064621098,14.931906561654884,False,6.157990460474753e-05,45.591081146588,-5.56346928998197,0.9014598540146,9,3,failed_breakout_long,1.7912608796982117,TP3,2021-03-04 10:00:00+00:00,19.308797723272757,503.0374903245486,60,True
2021-03-05 15:15:00+00:00,18,GBP_AUD,LONG,1.79871,1.7964824059467346,1.8019127821597964,1.8019127821597964,1.8019127821597964,431897.58,3,OVERLAP,2.0,0.0023148175274929975,22.198216642602777,39.682238104623956,1.8006494267554112,1.796428345498241,-27.882473797231633,False,-0.0004440573653893387,26.169608472389267,-21.794267554111624,0.08949416342410736,15,4,failed_breakout_long,1.8019127821597964,TP3,2021-03-05 15:45:00+00:00,32.027822339524704,1383.2738961110658,30,True
2021-03-08 15:00:00+00:00,18,GBP_AUD,LONG,1.80228,1.8006544958245188,1.804816512526444,1.804816512526444,1.804816512526444,600383.09,4,OVERLAP,2.0,0.0018573648973224002,34.540133084387534,40.500554927664595,1.8028108592802177,1.799222901440561,-30.825495409223524,False,-0.0008900989744887697,16.466903902757327,-7.70859280217584,0.17525773195878178,15,0,failed_breakout_long,1.8006544958245188,SL,2021-03-08 15:15:00+00:00,-16.255041754813515,-975.925219683396,15,False
2021-03-11 01:15:00+00:00,18,GBP_AUD,SHORT,1.80143,1.8027183528762958,1.799964941371113,1.799964941371113,1.799964941371113,749923.4,2,ASIAN,2.0,0.0011447981988349026,22.743517724901476,53.72379823089475,1.801326624756117,1.8021170788411167,2.3532323128350185,False,0.00012158585879862779,81.9042595941321,4.033752438830085,0.3561643835614855,1,3,failed_breakout_short,1.799964941371113,TP3,2021-03-11 02:00:00+00:00,14.650586484232381,1098.6817628249596,45,True
2021-03-15 02:00:00+00:00,18,GBP_AUD,SHORT,1.79496,1.7971033807995516,1.7935098576013453,1.7935098576013453,1.7935098576013453,455893.23,4,ASIAN,2.0,0.0011848500563100858,24.72286915705795,54.533800692828315,1.7945021871236944,1.7962059992310648,7.217332936859666,False,0.00010430037224648945,80.53167420814842,7.57812876305719,0.6619718309858846,2,0,failed_breakout_short,1.7971033807995516,SL,2021-03-15 02:15:00+00:00,-21.43380799551453,-977.1527958274945,15,False
2021-03-17 01:00:00+00:00,18,GBP_AUD,SHORT,1.79538,1.7970368677187631,1.7943693968437104,1.7943693968437104,1.7943693968437104,583861.5,3,ASIAN,2.0,0.0008720400491315396,33.30640573554046,60.32712532306243,1.793728265102592,1.7936478313402051,35.29699416869647,False,0.00013766778422877617,77.28907727064698,19.51734897407853,0.7294117647059438,1,2,failed_breakout_short,1.7970368677187631,SL,2021-03-17 06:30:00+00:00,-16.568677187631664,-967.3812715786405,330,False
2021-03-19 00:45:00+00:00,18,GBP_AUD,SHORT,1.79556,1.7969591446299218,1.7936425661102344,1.7936425661102344,1.7936425661102344,684494.96,4,ASIAN,2.0,0.0014698400269977869,27.20320371539067,61.51616514628353,1.7927852946432077,1.7917840682172135,56.36242298687532,False,-0.00010542645988828245,37.18683651805097,30.747053567923288,0.05882352941182233,0,4,failed_breakout_short,1.7969591446299218,SL,2021-03-19 01:00:00+00:00,-13.991446299217447,-957.7074474924993,15,False
2021-03-19 01:45:00+00:00,18,GBP_AUD,SHORT,1.79639,1.7993571207250936,1.7944186378247189,1.7944186378247189,1.7944186378247189,319545.6,3,ASIAN,2.0,0.0014860813466025524,31.745314352245064,60.198621161580135,1.793439434692991,1.7919971093108173,61.48118876294628,False,5.18540271188298e-05,59.27760315908279,32.505653070089565,0.27678571428574084,1,4,failed_breakout_short,1.7944186378247189,TP3,2021-03-19 08:15:00+00:00,19.713622369737152,629.940128831108,390,True
2021-03-23 01:15:00+00:00,18,GBP_AUD,SHORT,1.7908600000000001,1.7924303534199808,1.789568939740058,1.789568939740058,1.789568939740058,607780.24,4,ASIAN,2.0,0.001050656351392635,24.447188806419774,56.84530229121821,1.7900217772771225,1.7911002810713619,11.940257171143553,False,5.796881311776402e-05,82.51408337913828,11.382227228775577,0.1086956521738973,1,1,failed_breakout_short,1.7924303534199808,SL,2021-03-23 01:45:00+00:00,-15.703534199806855,-954.4297784806819,30,False
2021-03-23 01:45:00+00:00,18,GBP_AUD,SHORT,1.7915,1.7924542333060036,1.7901973000819889,1.7901973000819889,1.7901973000819889,990203.84,4,ASIAN,2.0,0.0010642904254354736,28.511814847671413,60.226364125889,1.7901611484976439,1.791114826135665,17.588324223749563,False,9.302402295567754e-05,69.09368801015083,16.38851502356209,0.07920792079194208,1,1,failed_breakout_short,1.7924542333060036,SL,2021-03-23 02:00:00+00:00,-9.542333060035268,-944.8854838605873,15,False
2021-03-24 06:30:00+00:00,18,GBP_AUD,SHORT,1.8057400000000001,1.8077686512723268,1.8041540461830199,1.8041540461830199,1.8041540461830199,461112.58,2,ASIAN,2.0,0.0012374952200353655,32.718511171054764,59.58419580118589,1.8033067581223474,1.7977536391760454,67.88589404208123,False,4.089892657703378e-05,75.64857205212833,27.3324187765267,0.6938775510204359,6,2,failed_breakout_short,1.8041540461830199,TP3,2021-03-24 07:00:00+00:00,15.859538513743038,731.3032721681419,30,True
2021-03-26 15:15:00+00:00,18,GBP_AUD,SHORT,1.8089899999999999,1.810530693649964,1.8071879190501077,1.8071879190501077,1.8071879190501077,611899.49,2,OVERLAP,2.0,0.001380573921361916,26.33007277380459,57.351479904665545,1.808177546522989,1.8060558639698148,10.142324682649306,False,9.909749228795337e-05,64.76126552379105,10.52453477010884,0.16564417177927065,15,4,failed_breakout_short,1.8071879190501077,TP3,2021-03-26 16:00:00+00:00,18.02080979342808,1102.6924321985646,45,True
2021-03-30 00:30:00+00:00,18,GBP_AUD,SHORT,1.8029600000000001,1.8038894285869977,1.8018817142390073,1.8018817142390073,1.8018817142390073,1026196.74,2,ASIAN,2.0,0.0009396530901383303,18.298744710347094,51.546890748812274,1.8038366074391734,1.8054013615471665,-31.681684676059252,False,0.00023873768878846294,83.38191214470699,-5.766074391733156,0.10743801652888164,0,1,failed_breakout_short,1.8038894285869977,SL,2021-03-30 00:45:00+00:00,-9.29428586997627,-953.7765860397712,15,False
2021-03-30 00:45:00+00:00,18,GBP_AUD,SHORT,1.80288,1.804049826545069,1.8017705203647925,1.8017705203647925,1.8017705203647925,807161.39,2,ASIAN,2.0,0.0009518207265570171,19.643568003288895,50.70867261693467,1.8038108581278334,1.8053792584471948,-32.18117351877936,False,0.0002156552501404035,63.27321649253236,-6.308581278333669,0.09009009009008469,0,1,failed_breakout_short,1.8017705203647925,TP3,2021-03-30 01:45:00+00:00,11.094796489530275,895.5291356256377,60,True
2021-03-30 07:00:00+00:00,18,GBP_AUD,SHORT,1.79965,1.8019660591825413,1.7984318224523765,1.7984318224523765,1.7984318224523765,411558.61,4,ASIAN,2.0,0.001069109910433521,27.987088084917904,44.14356469819834,1.8016733533130764,1.8043015016894852,-51.30013441441372,False,0.00012795430919379687,69.38724316434876,-17.233533130764922,0.4861878453038986,7,1,failed_breakout_short,1.8019660591825413,SL,2021-03-30 07:30:00+00:00,-23.160591825412965,-953.1940978444323,30,False
2021-03-30 08:15:00+00:00,18,GBP_AUD,SHORT,1.80251,1.8040589826914815,1.800953051925556,1.800953051925556,1.800953051925556,609214.15,3,LONDON,2.0,0.0012216821413224392,28.18751112405374,58.41194312821106,1.8018632805916468,1.8042238019965753,-2.1922013426145526,False,0.0004101203428402445,82.23265849653616,8.867194083532759,0.22875816993453807,8,1,failed_breakout_short,1.8040589826914815,SL,2021-03-30 08:30:00+00:00,-15.489826914814042,-943.662173755556,15,False
2021-03-31 14:30:00+00:00,18,GBP_AUD,LONG,1.80915,1.8060258350148404,1.810992494955479,1.810992494955479,1.810992494955479,299032.08,3,OVERLAP,2.0,0.001412734972439397,13.582912820218558,53.40574681046132,1.8078555697090222,1.8061124381583427,2.4975477272870528,False,-0.00011715324894490391,44.475622485723754,10.54430290977848,0.30635838150284195,14,2,failed_breakout_long,1.810992494955479,TP3,2021-03-31 14:45:00+00:00,18.4249501709424,550.9651173513262,15,True
2021-04-02 00:45:00+00:00,18,GBP_AUD,LONG,1.8147,1.8128026516931792,1.815682044920462,1.815682044920462,1.815682044920462,495288.71,3,ASIAN,2.0,0.0009086468555240825,33.46658280936521,40.22813004705668,1.8163430976444415,1.8144604808030755,-40.36984760179107,False,-0.00014308298229111043,22.2580639117475,-19.430976444414494,0.4099378881987946,0,4,failed_breakout_long,1.8128026516931792,SL,2021-04-02 03:00:00+00:00,-18.973483068207564,-939.7351953059367,135,False
2021-04-06 02:00:00+00:00,18,GBP_AUD,SHORT,1.81709,1.8182377564231225,1.8160467307306325,1.8160467307306325,1.8160467307306325,810570.8,2,ASIAN,2.0,0.0008736905000847573,17.1729548308011,55.14724774807696,1.8168335028783564,1.816411021645326,3.2774289571668724,False,9.608603557306587e-05,88.18339740975318,5.5649712164362874,0.33898305084736835,2,1,failed_breakout_short,1.8182377564231225,SL,2021-04-06 02:45:00+00:00,-11.4775642312237,-930.3378420954382,45,False
2021-04-06 08:15:00+00:00,18,GBP_AUD,LONG,1.81718,1.816133652341913,1.8187890429742612,1.8187890429742612,1.8187890429742612,880237.52,3,LONDON,2.0,0.001241788507875956,22.505984664865725,41.58953186604378,1.8179020810146682,1.8168978733392722,-2.107827469624013,False,-0.0002853443580065114,23.50193799144725,-9.620810146682146,0.014705882352873949,8,1,failed_breakout_long,1.816133652341913,SL,2021-04-06 08:30:00+00:00,-10.463476580870879,-921.0344676123862,15,False
2021-04-06 09:00:00+00:00,18,GBP_AUD,LONG,1.8168,1.8151330044443086,1.8184109866670741,1.8184109866670741,1.8184109866670741,546986.53,3,LONDON,2.0,0.001237991746284074,31.386524108722185,41.76481940769982,1.8177107013840434,1.8168773207869215,0.5431047261050814,False,-0.0003317665116136252,21.018843155851307,-11.507013840434954,0.20930232558138734,9,1,failed_breakout_long,1.8151330044443086,SL,2021-04-06 11:15:00+00:00,-16.669955556913862,-911.8241145330531,135,False
2021-04-08 07:30:00+00:00,18,GBP_AUD,LONG,1.8026,1.8009892699929984,1.8038321900210055,1.8038321900210055,1.8038321900210055,560432.77,4,ASIAN,2.0,0.0010556414415747804,27.76668832693685,39.86975744949761,1.8041811887731438,1.807269141024504,-38.09955921018737,False,-0.00014739425762283313,27.456552439692377,-18.81188773143805,0.5066666666667101,7,3,failed_breakout_long,1.8009892699929984,SL,2021-04-08 08:00:00+00:00,-16.10730007001626,-902.7058795460408,30,False
2021-04-08 14:00:00+00:00,18,GBP_AUD,LONG,1.80091,1.797923745980156,1.802518762059532,1.802518762059532,1.802518762059532,299264.17,3,OVERLAP,2.0,0.0012709003225674276,21.832462405818504,49.49622432435933,1.8016640419733485,1.8056820557937387,4.398032118624329,False,0.00012802240452479863,48.169582153672344,-9.94041973348514,0.689265536723144,14,3,failed_breakout_long,1.797923745980156,SL,2021-04-08 14:45:00+00:00,-29.86254019843981,-893.6788306577726,45,False
2021-04-13 01:15:00+00:00,18,GBP_AUD,SHORT,1.80428,1.8059330078673035,1.8031309763980894,1.8031309763980894,1.8031309763980894,535231.59,4,ASIAN,2.0,0.000977014610706646,33.69016400867843,59.60407465072896,1.8030726007737814,1.8017217732988282,12.391290837743263,False,0.0002726761025831486,77.22548179962716,15.073992262186753,0.687499999999938,1,1,failed_breakout_short,1.8059330078673035,SL,2021-04-13 02:45:00+00:00,-16.530078673033795,-884.7420290992969,90,False
2021-04-13 11:15:00+00:00,18,GBP_AUD,LONG,1.80543,1.8027385886824774,1.807264233952568,1.807264233952568,1.807264233952568,325440.64,4,LONDON,2.0,0.0014340495896848335,28.409603690536184,47.30096679618591,1.8054195647572668,1.8031652996501344,-1.649239577383721,False,-0.0002727895104417983,44.982947507982374,-2.2956475726676473,0.6761904761904681,11,1,failed_breakout_long,1.807264233952568,TP3,2021-04-13 12:30:00+00:00,18.34234008929428,596.9342897757589,75,True
2021-04-15 13:45:00+00:00,18,GBP_AUD,LONG,1.77916,1.7767842080093195,1.7810973759720414,1.7810973759720414,1.7810973759720414,371187.36,3,OVERLAP,2.0,0.001468613696977974,27.968387353791414,45.245268241230015,1.78102958543617,1.7884877132421104,-0.6970342238599159,False,6.013886022714727e-05,35.60314140099633,-21.09585436169903,0.6627218934911422,13,3,failed_breakout_long,1.7767842080093195,SL,2021-04-15 14:15:00+00:00,-23.75791990680609,-881.8639569298798,30,False
2021-04-16 01:30:00+00:00,18,GBP_AUD,SHORT,1.7790300000000001,1.7799273743161477,1.7779578770515576,1.7779578770515576,1.7779578770515576,972888.68,4,ASIAN,2.0,0.0009422665871311219,23.946171652117986,60.989276410869294,1.7787432653160715,1.7846929355909928,5.498618439594427,False,0.00020772873736130362,80.42876747894907,5.867346839285581,0.0,1,4,failed_breakout_short,1.7799273743161477,SL,2021-04-16 02:00:00+00:00,-8.97374316147559,-873.0453139027013,30,False
2021-04-19 01:30:00+00:00,18,GBP_AUD,SHORT,1.7901500000000001,1.7922360263815895,1.788841920855232,1.788841920855232,1.788841920855232,414335.54,3,ASIAN,2.0,0.0011176204229517482,18.868212704701836,55.328261416143626,1.7879949249946585,1.7848493886192336,67.98081346432339,False,-0.0001311731880774213,66.64440247435523,24.550750053415893,0.602339181286435,1,0,failed_breakout_short,1.788841920855232,TP3,2021-04-19 02:00:00+00:00,13.080791763386866,541.9836918910449,30,True
2021-04-19 07:30:00+00:00,18,GBP_AUD,LONG,1.7889599999999999,1.7871713274208303,1.7906360177375094,1.7906360177375094,1.7906360177375094,486245.9,3,ASIAN,2.0,0.0013282490756010609,21.227344902774007,43.981373614754595,1.7890302898276653,1.7858843336342207,34.82908441375887,False,-0.000264959838928435,25.896375098499774,-3.702898276654043,0.14965986394549294,7,0,failed_breakout_long,1.7871713274208303,SL,2021-04-19 07:45:00+00:00,-17.886725791695923,-869.7347080636397,15,False
2021-04-21 01:30:00+00:00,18,GBP_AUD,SHORT,1.80371,1.8056444576906918,1.8022266269279248,1.8022266269279248,1.8022266269279248,445105.29,3,ASIAN,2.0,0.0012604214255702273,21.29610676269641,52.80052695671803,1.8024838974821171,1.797233182897748,44.21693090817191,False,-8.015225390549e-05,58.56337466076284,15.261025178827659,0.4018264840183783,1,2,failed_breakout_short,1.8056444576906918,SL,2021-04-21 01:45:00+00:00,-19.34457690691893,-861.0373514081454,15,False
2021-04-21 02:15:00+00:00,18,GBP_AUD,SHORT,1.8053700000000001,1.8068506153594932,1.8037181539215204,1.8037181539215204,1.8037181539215204,575724.8,3,ASIAN,2.0,0.001286857096201813,30.123093520559475,59.82808087142266,1.8028609074554554,1.7974870190138408,58.57886744489393,False,0.00012061770107163223,84.99931167092815,28.090925445447557,0.01818181818173744,2,2,failed_breakout_short,1.8068506153594932,SL,2021-04-21 06:00:00+00:00,-14.806153594930649,-852.4269817210729,225,False
2021-04-21 06:15:00+00:00,18,GBP_AUD,SHORT,1.80611,1.8069919240421333,1.8049042278735998,1.8049042278735998,1.8049042278735998,956888.2,2,ASIAN,2.0,0.000982144649676385,31.481581079891612,63.48646131342033,1.8041205707681596,1.7986650930037984,59.07517689248021,False,5.347915429013898e-05,67.58736727892965,22.894292318405007,0.02857142857130169,6,2,failed_breakout_short,1.8049042278735998,TP3,2021-04-21 07:00:00+00:00,12.057721390012446,1153.7891316990508,45,True
2021-04-21 07:15:00+00:00,18,GBP_AUD,LONG,1.8052599999999999,1.8035261348769427,1.8066815953691722,1.8066815953691722,1.8066815953691722,493372.06,4,ASIAN,2.0,0.001182178085678031,28.81018954007436,48.65890500900096,1.8042726676184282,1.798919949836267,41.693074934769925,False,-0.00017017641763879103,27.578926486791318,6.873323815717036,0.46012269938637856,7,2,failed_breakout_long,1.8066815953691722,TP3,2021-04-21 07:45:00+00:00,14.215953979861618,701.3754499909526,30,True
2021-04-22 17:15:00+00:00,18,GBP_AUD,SHORT,1.79314,1.7957611264373332,1.7910066206880004,1.7910066206880004,1.7910066206880004,329039.59,3,NY,2.0,0.0016892348121902157,25.305106365229435,50.25412035513465,1.7942980635420918,1.796980337057304,-1.461852032540456,False,0.00025155935933284077,53.98558460707428,-8.580635420918359,0.3320312499999915,17,3,failed_breakout_short,1.7957611264373332,SL,2021-04-22 18:00:00+00:00,-26.21126437333254,-862.4543682782947,45,False
2021-04-23 13:45:00+00:00,18,GBP_AUD,LONG,1.79214,1.790623918488163,1.793988244535511,1.793988244535511,1.793988244535511,563182.0,3,OVERLAP,2.0,0.001416294236268713,27.824563173933484,39.75649725025436,1.7938866381384289,1.7954423587404122,-18.185240861998686,False,-0.00034115881995476336,24.20349389341851,-19.86638138428809,0.1445086705202787,13,4,failed_breakout_long,1.790623918488163,SL,2021-04-23 14:00:00+00:00,-15.160815118371305,-853.8298179994589,15,False
2021-04-23 14:30:00+00:00,18,GBP_AUD,LONG,1.79158,1.7892100415154863,1.7936198754535413,1.7936198754535413,1.7936198754535413,356669.33,3,OVERLAP,2.0,0.001522780042668511,34.100465052627534,39.68012581942215,1.7935537335590988,1.7953092407898548,-17.8371571111291,False,-0.0003482761900566649,32.96377696377617,-22.137335590988183,0.4743589743589488,14,4,failed_breakout_long,1.7892100415154863,SL,2021-04-23 15:30:00+00:00,-23.699584845136012,-845.2915047992816,60,False
2021-04-26 06:15:00+00:00,18,GBP_AUD,SHORT,1.78877,1.7896238609327386,1.787648417201784,1.787648417201784,1.787648417201784,980064.28,3,ASIAN,2.0,0.0009228845893718751,23.16591108865195,53.27570823925537,1.7893853736680174,1.7925207385253497,-18.58243104752688,False,0.00017798452762798412,76.07878186030949,-3.1537366801748234,0.10000000000029606,6,0,failed_breakout_short,1.7896238609327386,SL,2021-04-26 06:30:00+00:00,-8.53860932738648,-836.8386002646316,15,False
2021-04-27 01:00:00+00:00,18,GBP_AUD,SHORT,1.7819800000000001,1.7834764198708652,1.7808507403874039,1.7808507403874039,1.7808507403874039,553634.86,4,ASIAN,2.0,0.0009633511887500797,17.74678111466384,53.849868895359,1.7822916749839604,1.7872961822466527,-4.9150594253877244,False,8.937678409856446e-05,76.71260080471387,-0.11674983960263674,0.1454545454545051,1,1,failed_breakout_short,1.7834764198708652,SL,2021-04-27 02:15:00+00:00,-14.964198708651288,-828.4702057076337,75,False
2021-04-27 07:15:00+00:00,18,GBP_AUD,SHORT,1.78196,1.7838057718566278,1.7808626844301165,1.7808626844301165,1.7808626844301165,444359.09,5,ASIAN,2.0,0.0009392905908801948,20.27049338359423,49.01691352044396,1.782400467111473,1.786232338524904,-4.513230551561609,False,-2.4756520255860085e-05,52.678302476516244,-1.40467111473086,0.31730769230765743,7,1,failed_breakout_short,1.7838057718566278,SL,2021-04-27 07:45:00+00:00,-18.457718566278203,-820.1855025587487,30,False
2021-04-27 22:00:00+00:00,18,GBP_AUD,LONG,1.78971,1.7873210830086463,1.790966750974061,1.790966750974061,1.790966750974061,339896.14,2,NY,2.0,0.0010194172696567742,26.040018496954,49.500428798825816,1.788587781483668,1.7872825458169692,13.254602896910495,False,-0.00022311950034597058,39.84966135056661,8.222185163320184,0.41025641025624965,22,1,failed_breakout_long,1.790966750974061,TP3,2021-04-28 00:00:00+00:00,12.567510110356412,427.1648175921119,120,True
2021-04-30 07:30:00+00:00,18,GBP_AUD,LONG,1.79243,1.7908858306516935,1.7934925080449193,1.7934925080449193,1.7934925080449193,528604.78,4,ASIAN,2.0,0.0009306002182833528,31.33489433427043,44.597329832388255,1.7931674337854022,1.792077977369196,-15.118195930352574,False,-3.264347119258273e-05,35.055206965318526,-10.374337854022198,0.4918032786884709,7,4,failed_breakout_long,1.7908858306516935,SL,2021-04-30 07:45:00+00:00,-15.441693483064789,-816.2552986442897,15,False
2021-05-03 06:15:00+00:00,18,GBP_AUD,SHORT,1.7901,1.7915839836245813,1.7892480491262561,1.7892480491262561,1.7892480491262561,544542.9,3,ASIAN,2.0,0.0007731124456509957,14.742246538122625,50.03543268397241,1.790586222443777,1.7913166310785846,-8.054532654087065,False,4.8927009534814684e-05,49.6078431372535,-1.8622244377697328,0.5476190476189658,6,0,failed_breakout_short,1.7915839836245813,SL,2021-05-03 07:30:00+00:00,-14.839836245812421,-808.092746481981,75,False
2021-05-04 13:45:00+00:00,18,GBP_AUD,LONG,1.79695,1.7939285200393753,1.7987244398818742,1.7987244398818742,1.7987244398818742,264774.82,4,OVERLAP,2.0,0.0013756056411601946,29.367403059632334,51.6392452791917,1.7955619494600912,1.7933461052635917,-5.912086943722361,False,-0.0004457923398647789,42.08700552388192,11.480505399088514,0.7944444444444575,13,1,failed_breakout_long,1.7987244398818742,TP3,2021-05-04 14:30:00+00:00,17.744399488911434,469.8270180684617,45,True
2021-05-05 14:00:00+00:00,18,GBP_AUD,LONG,1.79736,1.7955413249846344,1.798946025046097,1.798946025046097,1.798946025046097,442470.53,3,OVERLAP,2.0,0.0012639678856790325,26.063467184438224,42.0573672414054,1.7986500740471159,1.7972551184725187,-9.119747802839306,False,-9.739466791423834e-05,37.02197280240723,-15.300740471158036,0.4385026737968575,14,2,failed_breakout_long,1.7955413249846344,SL,2021-05-05 14:30:00+00:00,-18.186750153657,-804.7100979466197,30,False
2021-05-06 11:15:00+00:00,18,GBP_AUD,SHORT,1.79472,1.797676247479845,1.7922712575604658,1.7922712575604658,1.7922712575604658,269484.54,4,LONDON,2.0,0.0018208881768546016,40.397239682379535,47.28880522368333,1.7958639753730403,1.796398124794819,-2.0328779130740493,False,-1.7036474661613675e-05,53.06627101879436,-9.039753730402111,0.5616438356163314,11,3,failed_breakout_short,1.7922712575604658,TP3,2021-05-06 13:30:00+00:00,24.487425304019425,659.8982543838034,135,True
2021-05-07 01:30:00+00:00,18,GBP_AUD,SHORT,1.7848300000000001,1.7868034439037075,1.783769668288878,1.783769668288878,1.783769668288878,407035.63,3,ASIAN,2.0,0.000959967249742294,24.75212937310877,46.88467324267352,1.7868750452591788,1.7922261343729895,-58.794736691050176,False,0.00026332603853856376,57.03131283221285,-17.450452591787347,0.6060606060604837,1,4,failed_breakout_short,1.7868034439037075,SL,2021-05-07 02:15:00+00:00,-19.734439037073503,-803.2619826151807,45,False
2021-05-11 00:30:00+00:00,18,GBP_AUD,SHORT,1.8033000000000001,1.8044207082099668,1.8018278753700996,1.8018278753700996,1.8018278753700996,709577.52,3,ASIAN,2.0,0.001149886675652747,24.480161967244406,63.16132549530787,1.7994035399905648,1.7930427129811204,84.24918795299607,False,-0.00017860374841531025,70.79518120995616,41.96460009435299,0.02702702702690538,0,1,failed_breakout_short,1.8044207082099668,SL,2021-05-11 01:00:00+00:00,-11.20708209966681,-795.2293522717968,30,False
2021-05-11 01:15:00+00:00,18,GBP_AUD,SHORT,1.80239,1.804849976653534,1.800890070039398,1.800890070039398,1.800890070039398,320034.36,3,ASIAN,2.0,0.0012049566422773642,28.082151828867868,55.59377957489329,1.7998149866668929,1.7933384873356424,70.75209275733796,False,-0.00021447749756835091,45.785373735829864,28.750133331070238,0.1732283464567645,1,1,failed_breakout_short,1.800890070039398,TP3,2021-05-11 02:30:00+00:00,14.999300074697764,480.02913998538514,75,True
2021-05-11 02:45:00+00:00,18,GBP_AUD,LONG,1.80189,1.8004684824435306,1.8033045526694078,1.8033045526694078,1.8033045526694078,557205.47,3,ASIAN,2.0,0.0011135326048715452,20.574264580640495,47.417252758651976,1.8002583671897578,1.7938383438073773,54.73289631008571,False,-0.00037409220571665315,19.647775112255072,13.316328102421782,0.38356164383574975,2,1,failed_breakout_long,1.8033045526694078,TP3,2021-05-11 04:15:00+00:00,14.145526947943742,788.1964991426659,90,True
2021-05-11 07:45:00+00:00,18,GBP_AUD,SHORT,1.80343,1.8058352790346095,1.8017941628961718,1.8017941628961718,1.8017941628961718,332584.83,2,ASIAN,2.0,0.0013983753499889335,25.878848556613033,54.46477684891661,1.8018219711712393,1.7955105322775513,63.10015706137539,False,0.00011389272208931866,77.6451964208455,19.080288287607328,0.27499999999998614,7,1,failed_breakout_short,1.8017941628961718,TP3,2021-05-11 08:15:00+00:00,16.358371530138676,544.0546214428012,30,True
2021-05-12 08:00:00+00:00,18,GBP_AUD,LONG,1.81086,1.8088262865736295,1.8123711402791114,1.8123711402791114,1.8123711402791114,396024.26,3,LONDON,2.0,0.0011811820775452244,25.32784633125023,61.61870247889374,1.8078380332682333,1.802035228189967,4.266666666665753,False,-0.00029146242743558317,48.55144304912679,27.81966731766561,0.558823529411659,8,2,failed_breakout_long,1.8123711402791114,TP3,2021-05-12 08:30:00+00:00,15.111403172692485,598.4482259027194,30,True
2021-05-13 08:15:00+00:00,18,GBP_AUD,SHORT,1.82136,1.8242264665246475,1.8193306004260572,1.8193306004260572,1.8193306004260572,283060.81,3,LONDON,2.0,0.0015034378314885111,30.099039278744293,56.129714915251355,1.8194175441389122,1.8120870888736988,-6.329621904104243,False,0.00013970447870444857,78.45971170761467,21.824558610878952,0.4275362318839822,8,3,failed_breakout_short,1.8193306004260572,TP3,2021-05-13 09:15:00+00:00,20.29399645637707,574.4435075079224,60,True
2021-05-14 07:00:00+00:00,18,GBP_AUD,LONG,1.8169,1.8152331284558985,1.8180906146323048,1.8180906146323048,1.8180906146323048,490217.01,4,ASIAN,2.0,0.001011332867617324,33.032626239781266,42.872483857692025,1.8176057971860946,1.8155521158808745,-15.568944156645337,False,-0.00016037825329739941,33.69014646804795,-10.057971860946147,0.4032258064515263,7,4,failed_breakout_long,1.8180906146323048,TP3,2021-05-14 07:30:00+00:00,11.906146565923555,583.6595570168813,30,True
2021-05-14 12:45:00+00:00,18,GBP_AUD,LONG,1.81621,1.8145425344940667,1.8177923965178,1.8177923965178,1.8177923965178,493542.67,4,LONDON,2.0,0.001243150225304763,23.608366213459654,42.3722811103648,1.817140798498341,1.815829838277061,-8.262974178581128,False,-0.00014614175380596504,21.428560550669307,-11.70798498340897,0.21739130434785606,12,4,failed_breakout_long,1.8145425344940667,SL,2021-05-14 13:00:00+00:00,-16.67465505933441,-822.9653779312912,15,False
2021-05-19 01:15:00+00:00,18,GBP_AUD,SHORT,1.8212,1.82302886705956,1.8198533988213204,1.8198533988213204,1.8198533988213204,445486.58,4,ASIAN,2.0,0.0011393245391825742,26.436600611763854,56.80465052634054,1.8205480116753843,1.819162612049629,4.871168878968213,False,0.00015654412309578497,41.09060493227357,9.519883246156269,0.2619047619047745,1,2,failed_breakout_short,1.82302886705956,SL,2021-05-19 02:00:00+00:00,-18.28867059560091,-814.7357316380812,45,False
2021-05-19 14:00:00+00:00,18,GBP_AUD,LONG,1.82786,1.8257025526477058,1.8300423420568828,1.8300423420568828,1.8300423420568828,373862.36,4,OVERLAP,2.0,0.0015938307971178932,24.226145437753512,52.342868277847245,1.825865117641485,1.8217486374107388,-4.4706453495058085,False,-0.0003296380298398588,23.100738119080063,17.54882358514953,0.2954545454546334,14,2,failed_breakout_long,1.8257025526477058,SL,2021-05-19 14:45:00+00:00,-21.574473522942835,-806.5883587044923,45,False
2021-05-19 15:00:00+00:00,18,GBP_AUD,LONG,1.8268,1.8250875407687195,1.8290873776938419,1.8290873776938419,1.8290873776938419,466301.6,3,OVERLAP,2.0,0.0016459957152354116,33.25087942824408,46.93326725634469,1.8259242906817923,1.8219255830727492,-11.83553596231679,False,-0.0004343658592538131,22.06788979490987,6.357093182076667,0.4736842105263363,15,2,failed_breakout_long,1.8250875407687195,SL,2021-05-19 16:45:00+00:00,-17.124592312804943,-798.5224794808645,105,False
2021-05-20 06:15:00+00:00,18,GBP_AUD,LONG,1.82195,1.8207995882836334,1.8232112351490997,1.8232112351490997,1.8232112351490997,687177.68,3,ASIAN,2.0,0.0010600503303950096,30.424011486081987,34.502494459344206,1.8243544614779736,1.823356472830468,-52.037944671103894,False,-4.228515882020805e-05,37.37080103359725,-27.04461477973652,0.11450381679395265,6,3,failed_breakout_long,1.8232112351490997,TP3,2021-05-20 07:00:00+00:00,12.612351674535477,866.6926563051404,45,True
2021-05-20 14:15:00+00:00,18,GBP_AUD,LONG,1.82135,1.8188172310084885,1.822948306974535,1.822948306974535,1.822948306974535,315545.63,3,OVERLAP,2.0,0.0012172852699502005,25.671685266573558,45.49897434430173,1.8224816680166276,1.822965282170244,-6.476140338720349,False,-3.760558722731605e-05,49.43430502746054,-13.716680166275808,0.1441441441440955,14,3,failed_breakout_long,1.822948306974535,TP3,2021-05-20 14:45:00+00:00,15.983070251870574,504.3387971960759,30,True
2021-05-24 08:15:00+00:00,18,GBP_AUD,SHORT,1.82996,1.831894274780064,1.828627175659808,1.828627175659808,1.828627175659808,415787.65,2,LONDON,2.0,0.0010679388772616605,25.773882188079508,51.59929731978551,1.8300309427170744,1.8280896428907367,-3.761913227475766,False,0.00012226825907612958,70.8959150546075,1.6905728292559985,0.38636363636364784,8,0,failed_breakout_short,1.831894274780064,SL,2021-05-24 08:30:00+00:00,-19.34274780063916,-804.2475652570425,15,False
2021-05-24 09:15:00+00:00,18,GBP_AUD,SHORT,1.83093,1.832651038941936,1.8293968831741925,1.8293968831741925,1.8293968831741925,462630.49,3,LONDON,2.0,0.0011797866064522584,31.540532209070435,55.35276686109458,1.8302660165494469,1.8282282989182335,-1.5079194304523647,False,0.000250127037632802,60.93397670315611,9.03983450553092,0.7652173913043512,9,0,failed_breakout_short,1.8293968831741925,TP3,2021-05-24 09:45:00+00:00,15.33116858946601,709.2666036817269,30,True
2021-05-25 01:00:00+00:00,18,GBP_AUD,SHORT,1.82609,1.8273132134577157,1.8252703596268531,1.8252703596268531,1.8252703596268531,656711.02,3,ASIAN,2.0,0.0007609678500432669,22.473769042161326,54.50035956116209,1.8265251323203289,1.8274824659570506,-16.897463877474372,False,0.00020709338321106386,66.60055571524258,-1.3513232032891231,0.33684210526325875,1,1,failed_breakout_short,1.8273132134577157,SL,2021-05-25 01:15:00+00:00,-12.232134577156994,-803.2977574942039,15,False
2021-05-25 02:00:00+00:00,18,GBP_AUD,SHORT,1.8269600000000001,1.8284151924866154,1.825984422540154,1.825984422540154,1.825984422540154,546501.44,2,ASIAN,2.0,0.000851071760857081,32.28890919727914,58.817481098312925,1.8266842982677622,1.8274873840639856,-7.695834753871367,False,0.00023133691997816684,76.55426356589066,5.757017322378655,0.2906976744184906,2,1,failed_breakout_short,1.8284151924866154,SL,2021-05-25 05:15:00+00:00,-14.551924866152975,-795.2647894124408,195,False
2021-05-25 06:45:00+00:00,18,GBP_AUD,LONG,1.8272599999999999,1.8257780071635552,1.8282259785093344,1.8282259785093344,1.8282259785093344,531252.32,4,ASIAN,2.0,0.0008687009819690332,31.620039213054753,46.94905301720799,1.8271330295563841,1.8274947655009544,-9.454295186392958,False,-0.00017021684366596494,28.102376556292757,-1.730295563842077,0.44537815126042735,6,1,failed_breakout_long,1.8257780071635552,SL,2021-05-25 08:30:00+00:00,-14.819928364446787,-787.312132584616,105,False
2021-05-25 21:00:00+00:00,18,GBP_AUD,LONG,1.82533,1.8235184293512925,1.8263247119461221,1.8263247119461221,1.8263247119461221,430255.93,3,NY,2.0,0.0008729169190280477,21.621986629962382,53.72044387151271,1.8247990238811425,1.8262353791552406,8.645986671036443,False,-2.9325000939261846e-05,44.86962408384117,2.3097611885747327,0.6100000000000666,21,1,failed_breakout_long,1.8235184293512925,SL,2021-05-26 01:30:00+00:00,-18.115706487074057,-779.4390142203081,270,False
2021-05-27 02:15:00+00:00,18,GBP_AUD,LONG,1.82383,1.8222714806466243,1.8249055580601272,1.8249055580601272,1.8249055580601272,495113.92,3,ASIAN,2.0,0.0009108216562691506,19.923190554269787,49.619107084784204,1.823330018147339,1.8237038585947003,7.005169624070273,False,-8.220179102287148e-05,27.26844718370413,1.999818526610131,0.6746987951807745,2,3,failed_breakout_long,1.8222714806466243,SL,2021-05-27 05:45:00+00:00,-15.585193533758089,-771.644626445762,210,False
2021-06-02 00:30:00+00:00,18,GBP_AUD,LONG,1.82356,1.8224108856803511,1.8248773429589469,1.8248773429589469,1.8248773429589469,664797.37,3,ASIAN,2.0,0.001050498022205182,33.09011356088932,39.1230373308438,1.8261961384038055,1.8310078956620097,-55.938477290207175,False,-6.718990788458082e-05,11.527526827404026,-29.36138403805355,0.42028985507259436,0,2,failed_breakout_long,1.8224108856803511,SL,2021-06-02 01:30:00+00:00,-11.49114319648925,-763.9281775319447,60,False
2021-06-02 01:45:00+00:00,18,GBP_AUD,LONG,1.82365,1.8219571411129192,1.8250985766612429,1.8250985766612429,1.8250985766612429,446752.48,4,ASIAN,2.0,0.0011731665045788895,30.920370139773933,42.55630517514838,1.8257175012423466,1.8306452626271108,-52.13772932739724,False,-5.730392503939478e-05,54.09562638991674,-23.675012423465258,0.4803149606298813,1,2,failed_breakout_long,1.8250985766612429,TP3,2021-06-02 04:00:00+00:00,14.485766936674644,647.15523036614,135,True
2021-06-04 00:45:00+00:00,18,GBP_AUD,SHORT,1.8411,1.84286768579862,1.8400269426041407,1.8400269426041407,1.8400269426041407,431502.28,2,ASIAN,2.0,0.0009428450545795676,23.052355290961728,51.25129930106797,1.840230047928391,1.8347791433732112,27.112246247407157,False,4.285790021303968e-06,69.31779726195349,11.699520716088596,0.6076923076924272,0,4,failed_breakout_short,1.8400269426041407,TP3,2021-06-04 04:00:00+00:00,10.730574207272207,463.0267236147151,195,True
2021-06-07 01:00:00+00:00,18,GBP_AUD,SHORT,1.82945,1.8305090826871184,1.8282227519386447,1.8282227519386447,1.8282227519386447,724580.55,5,ASIAN,2.0,0.0009797249903628488,18.334604827836824,50.014127780195324,1.8312516987649432,1.8344602583611593,-62.96126534240498,False,0.00026559921525043417,79.01785714285539,-15.016987649432156,0.22916666666676305,1,0,failed_breakout_short,1.8282227519386447,TP3,2021-06-07 01:30:00+00:00,12.272480782926825,889.2400875557549,30,True
2021-06-08 13:00:00+00:00,18,GBP_AUD,SHORT,1.826,1.8280711823562628,1.8248264529312113,1.8248264529312113,1.8248264529312113,374801.92,3,OVERLAP,2.0,0.0009671958044883065,25.33394912177466,48.48480990586639,1.8266832442135683,1.8286699521462446,0.6788226309706324,False,8.655210055776372e-05,70.81444109193059,-4.43244213568228,0.7674418604651043,13,1,failed_breakout_short,1.8248264529312113,TP3,2021-06-08 14:00:00+00:00,11.735471000999324,439.8477063278869,60,True
2021-06-08 14:15:00+00:00,18,GBP_AUD,LONG,1.82608,1.824316596999011,1.8274102090029671,1.8274102090029671,1.8274102090029671,442713.09,2,OVERLAP,2.0,0.0010248912875510758,20.26660076701912,46.52803613075406,1.8265288681665086,1.8285319029406413,-2.365356278808406,False,-9.924014034291058e-06,32.41641430977853,-6.888681665087049,0.40540540540538106,14,1,failed_breakout_long,1.8274102090029671,TP3,2021-06-08 15:00:00+00:00,13.302090330139597,588.9009513515222,45,True
2021-06-09 08:30:00+00:00,18,GBP_AUD,SHORT,1.82974,1.831102349929921,1.8286229502102374,1.8286229502102374,1.8286229502102374,577363.12,2,LONDON,2.0,0.0008979355841387734,21.870579592635348,55.65872979466342,1.8290273942300916,1.8287179778241296,-2.4719320991883897,False,8.872988829503425e-05,74.52577184720052,9.52605769908299,0.49382716049378655,8,2,failed_breakout_short,1.831102349929921,SL,2021-06-09 09:00:00+00:00,-13.623499299211248,-786.5706060710421,30,False
2021-06-21 02:30:00+00:00,18,GBP_AUD,LONG,1.83889,1.8367741017094552,1.841067694871634,1.841067694871634,1.841067694871634,368025.68,4,ASIAN,2.0,0.0016452396824400924,33.67123958279164,35.78618496925816,1.8421372523229556,1.841083580676217,-50.486465624706156,False,-0.00037035616275416276,18.875686180714332,-35.472523229556074,0.4230769230768464,2,0,failed_breakout_long,1.841067694871634,TP3,2021-06-21 03:15:00+00:00,21.776949308064676,801.4476577426033,45,True
2021-06-21 07:30:00+00:00,18,GBP_AUD,SHORT,1.8434300000000001,1.8460130622994162,1.8411708131017512,1.8411708131017512,1.8411708131017512,304568.49,3,ASIAN,2.0,0.0016628299846302094,30.940938052125087,56.830101187475805,1.842144840417554,1.841247138422727,3.471273679891418,False,0.0003250208271822169,75.11505876192734,15.85159582446094,0.07272727272713693,7,0,failed_breakout_short,1.8460130622994162,SL,2021-06-21 08:00:00+00:00,-25.830622994160723,-786.719384109081,30,False
2021-06-21 14:00:00+00:00,18,GBP_AUD,SHORT,1.8471,1.8498068027371497,1.8450995917885507,1.8450995917885507,1.8450995917885507,287738.8,2,OVERLAP,2.0,0.0014933479404210515,18.8229808806021,57.29418814709767,1.8451592958036953,1.8424871703229746,6.717647923846215,False,-6.24284368735804e-05,54.190844046574455,21.807041963046725,0.1946308724833055,14,0,failed_breakout_short,1.84743,TIME,2021-06-21 22:00:00+00:00,-3.299999999999414,-94.95380399998315,480,False
2021-06-22 07:30:00+00:00,18,GBP_AUD,LONG,1.85002,1.8478300291142555,1.8512199126572333,1.8512199126572333,1.8512199126572333,355211.41,3,ASIAN,2.0,0.0010328030735253333,21.67378016999559,50.78585134789264,1.8490600789331342,1.8456596524762812,20.170430894705937,False,-0.00020447198468874657,42.12446768636372,6.5992106686585394,0.33561643835623,7,1,failed_breakout_long,1.8478300291142555,SL,2021-06-22 10:00:00+00:00,-21.89970885744463,-777.9026461842396,150,False
2021-06-24 02:00:00+00:00,18,GBP_AUD,LONG,1.84347,1.841719375219775,1.8446118743406752,1.8446118743406752,1.8446118743406752,439913.58,3,ASIAN,2.0,0.0009375888775608477,25.671203429494373,49.8414015846697,1.8434686139690897,1.8451410913899828,-7.793976835632765,False,-4.50453495133933e-05,43.71149313905389,-2.986139690897005,0.07936507936487797,2,3,failed_breakout_long,1.841719375219775,SL,2021-06-24 06:30:00+00:00,-17.506247802250297,-770.1236143055061,270,False
2021-06-24 07:15:00+00:00,18,GBP_AUD,LONG,1.84237,1.8404041919281204,1.8435574242156387,1.8435574242156387,1.8435574242156387,387841.72,4,ASIAN,2.0,0.0009936435620620098,32.72007146489208,44.41212749597607,1.8429725888820006,1.8446664423492098,-16.207795295382077,False,-0.0001223092057164077,28.409344830915057,-9.025888820004546,0.47058823529414323,7,3,failed_breakout_long,1.8435574242156387,TP3,2021-06-24 07:45:00+00:00,11.874242462548724,460.53266203719323,30,True
2021-06-28 02:15:00+00:00,18,GBP_AUD,SHORT,1.82982,1.8321207854564383,1.8284676436306846,1.8284676436306846,1.8284676436306846,333376.46,4,ASIAN,2.0,0.0011243158476714741,15.679026263461664,51.487440215385575,1.8300251987142166,1.8341958964676808,2.2724872966328746,False,7.534637823399155e-05,69.9331557724003,0.9480128578331914,0.8098591549295797,2,0,failed_breakout_short,1.8321207854564383,SL,2021-06-28 06:30:00+00:00,-23.00785456438303,-767.0277106868858,255,False
2021-06-29 02:15:00+00:00,18,GBP_AUD,SHORT,1.83446,1.8354066126658934,1.83357016200232,1.83357016200232,1.83357016200232,802183.89,4,ASIAN,2.0,0.0007937092366590886,25.3190406157389,57.214791874003,1.8342181395399955,1.8342171130454206,-8.67858986764558,False,0.00014173770708687792,85.78962818994528,5.418604600044841,0.08750000000000346,2,1,failed_breakout_short,1.8354066126658934,SL,2021-06-29 02:30:00+00:00,-9.466126658934648,-759.35743064969,15,False
2021-06-29 06:30:00+00:00,18,GBP_AUD,LONG,1.83488,1.8338183952826845,1.8357848141519466,1.8357848141519466,1.8357848141519466,708139.14,2,ASIAN,2.0,0.0007951230464431006,24.770014185091494,48.218333980363575,1.8346299562572956,1.8343547521444352,-9.76351829847566,False,-0.00012179227873477378,26.640442890448977,-0.4995625729553588,0.5072463768116409,6,1,failed_breakout_long,1.8357848141519466,TP3,2021-06-29 07:00:00+00:00,9.048141647238921,640.7343244673954,30,True
2021-07-01 06:15:00+00:00,18,GBP_AUD,SHORT,1.84573,1.8466215906581067,1.8448252280256798,1.8448252280256798,1.8448252280256798,850357.94,3,ASIAN,2.0,0.0007929540793410171,15.869263801320177,61.3790979535992,1.8443980041694945,1.8418608742619287,20.767171932356554,False,0.00013167331904351883,89.57049486461516,16.319958305055504,0.25757575757580853,6,3,failed_breakout_short,1.8466215906581067,SL,2021-07-01 06:30:00+00:00,-8.915906581066224,-758.1711953507917,15,False
2021-07-02 01:00:00+00:00,18,GBP_AUD,SHORT,1.84275,1.8443603684336372,1.841578894699088,1.841578894699088,1.841578894699088,466097.99,3,ASIAN,2.0,0.0010006842338978982,25.403129899094985,52.5656427224785,1.842649274405523,1.8421292773735811,11.751436605744736,False,0.00013211800559148,53.2286496894788,4.007255944771249,0.57936507936498,1,4,failed_breakout_short,1.8443603684336372,SL,2021-07-02 01:30:00+00:00,-16.10368433637044,-750.5894900776746,30,False
2021-07-02 06:30:00+00:00,18,GBP_AUD,LONG,1.84375,1.8424342817648616,1.8445471547054155,1.8445471547054155,1.8445471547054155,564774.11,3,ASIAN,2.0,0.0007634767224000194,34.86495460978463,45.72530119140997,1.8434818394420078,1.8425252579026428,12.991178537411496,False,-0.0001891646199630314,43.47234486187099,-0.31839442007797203,0.2627118644068163,6,4,failed_breakout_long,1.8445471547054155,TP3,2021-07-02 07:00:00+00:00,7.971547195301017,450.21234725491286,30,True
2021-07-05 14:15:00+00:00,18,GBP_AUD,SHORT,1.83956,1.8407073917022174,1.838457824893348,1.838457824893348,1.838457824893348,651552.31,3,OVERLAP,2.0,0.0008758703041178723,30.580298878970353,53.41643265744974,1.8393453747918862,1.8403521544821546,4.442044487480423,False,5.024352503288888e-05,54.171096934253086,4.546252081139013,0.7142857142855632,14,0,failed_breakout_short,1.838457824893348,TP3,2021-07-05 14:45:00+00:00,11.02175123568145,718.1247477853605,30,True
2021-07-07 00:15:00+00:00,18,GBP_AUD,SHORT,1.84136,1.8428534981501863,1.840089505549441,1.840089505549441,1.840089505549441,505368.53,3,ASIAN,2.0,0.0010622108503460957,21.66696144117919,60.7124280443508,1.8391605609201058,1.8377975046463302,63.35577204799492,False,-0.00011047579555536612,62.14456960530441,24.9943907989425,0.07936507936506818,0,2,failed_breakout_short,1.8428534981501863,SL,2021-07-07 02:30:00+00:00,-14.934981501861788,-754.7669647173085,135,False
2021-07-13 08:00:00+00:00,18,GBP_AUD,LONG,1.8531,1.8503288745742457,1.854543376277263,1.854543376277263,1.854543376277263,269644.7,3,LONDON,2.0,0.0011670900764009671,29.465884995422485,46.31494625445627,1.8542087297371628,1.854353386203004,0.36666666666684833,False,-0.00010673927800075448,37.50154539440744,-13.487297371628237,0.5200000000000051,8,1,failed_breakout_long,1.854543376277263,TP3,2021-07-13 12:30:00+00:00,14.43376330791807,389.1987777034576,270,True
2021-07-14 15:00:00+00:00,18,GBP_AUD,LONG,1.85546,1.8540849359392346,1.857665192182296,1.857665192182296,1.857665192182296,546237.3,3,OVERLAP,2.0,0.001657261827135612,32.08194771210596,41.5929449371392,1.8565559614589002,1.8551221172899721,-25.353011522750712,False,-0.00025712599673192814,46.54516793472618,-13.359614589001367,0.05472636815922926,15,2,failed_breakout_long,1.8540849359392346,SL,2021-07-14 16:00:00+00:00,-13.75064060765485,-751.1112798795746,60,False
2021-07-15 02:00:00+00:00,18,GBP_AUD,SHORT,1.85191,1.8535997361812868,1.85056079145614,1.85056079145614,1.85056079145614,440068.8,2,ASIAN,2.0,0.001105938622389473,32.2831961174581,48.100223588389476,1.8530863598670804,1.8541926039025156,-38.28361613643194,False,0.00012598402394329986,72.12775115615368,-8.763598670804562,0.39495798319343095,2,3,failed_breakout_short,1.8535997361812868,SL,2021-07-15 02:30:00+00:00,-16.897361812868716,-743.600173615496,30,False
2021-07-16 01:30:00+00:00,18,GBP_AUD,SHORT,1.86288,1.8645803724559136,1.8612288826322596,1.8612288826322596,1.8612288826322596,432942.89,2,ASIAN,2.0,0.0012756917038393338,18.92034846462506,55.793327479915035,1.8615318744723757,1.8577161415470729,25.62163654619365,False,7.492843819740516e-05,67.05570565914668,16.48125527624389,0.08421052631565908,1,4,failed_breakout_short,1.8645803724559136,SL,2021-07-16 01:45:00+00:00,-17.00372455913479,-736.1641651395793,15,False
2021-07-19 00:45:00+00:00,18,GBP_AUD,SHORT,1.86312,1.8646012274013068,1.8615263177960795,1.8615263177960795,1.8615263177960795,492026.09,2,ASIAN,2.0,0.0012972794595699105,24.312499138151594,63.01440009544756,1.8610999591644746,1.859588319718509,20.712514744347654,False,0.0003276340892036742,66.6905132028383,23.200408355255053,0.3142857142856309,0,0,failed_breakout_short,1.8615263177960795,TP3,2021-07-19 07:00:00+00:00,15.936822363108403,784.1332394344788,375,True
2021-07-19 07:45:00+00:00,18,GBP_AUD,LONG,1.86282,1.8606814643883065,1.8641356068350805,1.8641356068350805,1.8641356068350805,344461.81,4,ASIAN,2.0,0.0011365661360022018,33.89781144227376,49.34916726870323,1.8622812157364392,1.8604105074693582,8.144858520211518,False,-0.00014448845915647536,39.259389153005074,2.387842635607207,0.5130890052355711,7,0,failed_breakout_long,1.8606814643883065,SL,2021-07-19 08:15:00+00:00,-21.38535611693415,-736.643847553371,30,False
2021-07-20 02:30:00+00:00,18,GBP_AUD,LONG,1.86212,1.8603948564383865,1.8637254306848405,1.8637254306848405,1.8637254306848405,422734.34,3,ASIAN,2.0,0.0012759809001393566,23.82106219469991,45.9535548957197,1.8628514052292786,1.8620305090378377,-25.559416524871814,False,6.679602286476926e-06,24.370252921453872,-10.314052292785814,0.48148148148152414,2,1,failed_breakout_long,1.8637254306848405,TP3,2021-07-20 03:00:00+00:00,16.054307228178317,678.670697026119,30,True
2021-07-21 14:45:00+00:00,18,GBP_AUD,SHORT,1.86236,1.865800047515696,1.8604998574529124,1.8604998574529124,1.8604998574529124,213969.17,2,OVERLAP,2.0,0.0014293739577208916,23.04189478674196,48.22389867600067,1.862502220968499,1.861716478785418,-2.6379213998661832,False,8.030169888546221e-05,46.36227676679567,0.9777903150109957,0.4364640883978599,14,2,failed_breakout_short,1.8604998574529124,TP3,2021-07-21 15:45:00+00:00,18.601426340227356,398.0131754834585,60,True
2021-07-22 03:00:00+00:00,18,GBP_AUD,LONG,1.86429,1.8628910455526404,1.8653068633420784,1.8653068633420784,1.8653068633420784,528998.11,3,ASIAN,2.0,0.0008480582593818989,24.91498435920121,48.264875044207386,1.863889498830325,1.8625731477892917,8.761190872372815,False,-0.0001506478380704582,23.52526251968867,1.0050116967508238,0.3695652173913883,3,3,failed_breakout_long,1.8628910455526404,SL,2021-07-22 03:45:00+00:00,-13.989544473596016,-740.0442586293237,45,False
2021-07-22 07:15:00+00:00,18,GBP_AUD,SHORT,1.8636,1.8652736317908887,1.8622691046273336,1.8622691046273336,1.8622691046273336,437756.87,4,ASIAN,2.0,0.0010774590402219577,24.919114453421354,50.3536815785959,1.8637831972556662,1.862740025411619,6.815457277082881,False,6.007929540786347e-05,67.31755494472777,1.168027443336772,0.6736842105265175,7,3,failed_breakout_short,1.8652736317908887,SL,2021-07-22 08:00:00+00:00,-16.736317908887518,-732.6438143119547,45,False
2021-07-22 14:00:00+00:00,18,GBP_AUD,SHORT,1.86629,1.8677154774559073,1.8640835676322784,1.8640835676322784,1.8640835676322784,508824.17,3,OVERLAP,2.0,0.001631600989541873,28.593679775724784,59.38173432171283,1.8642019430121526,1.8630835536284915,20.79653414483129,False,0.00021927546988687908,73.34656084656102,23.280569878474378,0.13414634146335686,14,3,failed_breakout_short,1.8640835676322784,TP3,2021-07-22 14:45:00+00:00,22.064324110849117,1122.686140231379,45,True
2021-07-26 20:15:00+00:00,18,GBP_AUD,LONG,1.87231,1.8710208311272272,1.8732375066183182,1.8732375066183182,1.8732375066183182,571332.63,4,NY,2.0,0.0008105993351493625,15.576395872531936,47.08370548786216,1.8721665435068955,1.8690198334637929,-11.085021675469875,False,-2.0839784797601995e-05,43.17765567765378,-1.5654350689553453,0.12676056338017597,20,0,failed_breakout_long,1.8710208311272272,SL,2021-07-26 20:45:00+00:00,-12.8916887277275,-736.5442425953908,30,False
2021-07-27 07:45:00+00:00,18,GBP_AUD,SHORT,1.87643,1.8784062698600565,1.87503119041983,1.87503119041983,1.87503119041983,368967.22,3,ASIAN,2.0,0.0012102154543909382,22.890602810435844,66.69803512626633,1.8738613707457625,1.8706991920386544,31.463951080989983,False,0.00020512381282922763,72.64734660312081,28.68629254237476,0.09459459459461893,7,1,failed_breakout_short,1.87503119041983,TP3,2021-07-27 08:00:00+00:00,13.988096180815107,516.1148960927967,15,True
2021-07-28 02:15:00+00:00,18,GBP_AUD,SHORT,1.88571,1.8868820348052953,1.884203895584114,1.884203895584114,1.884203895584114,626551.31,4,ASIAN,2.0,0.0012037789241198889,24.770116798038302,58.33075131826873,1.8835777996305019,1.8767835038723195,57.27396412069652,False,4.991267656676804e-05,74.5161072711054,24.322003694980943,0.06666666666672835,2,2,failed_breakout_short,1.884203895584114,TP3,2021-07-28 03:00:00+00:00,15.061044399239506,943.6517098311678,45,True
2021-07-28 19:00:00+00:00,18,GBP_AUD,LONG,1.88771,1.8846001999934727,1.8900194000195816,1.8900194000195816,1.8900194000195816,239171.8,5,NY,2.0,0.0017274857264076636,25.16293611792331,40.74066521358491,1.8886250713544972,1.8825252824103553,-20.333397434109113,False,-0.0002874081797633675,30.2305745869384,-12.150713544971659,0.006369426751633794,19,2,failed_breakout_long,1.8846001999934727,SL,2021-07-28 20:45:00+00:00,-31.09800006527275,-743.77646520114,105,False
2021-07-29 07:30:00+00:00,18,GBP_AUD,LONG,1.88689,1.8850572607592095,1.8882182177223714,1.8882182177223714,1.8882182177223714,401769.48,3,ASIAN,2.0,0.0010708014471823516,29.959100063627606,46.60648704895906,1.8871582470453523,1.8841777446304377,-20.373051577338153,False,-0.00016213156597489494,37.612982209373996,-5.682470453522992,0.9318181818182392,7,3,failed_breakout_long,1.8850572607592095,SL,2021-07-29 08:30:00+00:00,-18.327392407904153,-736.33869174796,60,False
2021-07-30 01:45:00+00:00,18,GBP_AUD,SHORT,1.88775,1.8898156044030627,1.886503186790812,1.886503186790812,1.886503186790812,352911.39,2,ASIAN,2.0,0.00103469389140213,22.272267827277933,52.51960169392818,1.8876575144203696,1.8859774222152117,-0.0789256037614372,False,0.00014946245240602846,71.81043159078665,3.924855796304527,0.31481481481483004,1,4,failed_breakout_short,1.886503186790812,TP3,2021-07-30 03:00:00+00:00,12.468132445174248,440.0145951930543,75,True
2021-07-30 15:00:00+00:00,18,GBP_AUD,LONG,1.89344,1.8907455951088823,1.895643214673353,1.895643214673353,1.895643214673353,272184.58,4,OVERLAP,2.0,0.0017060376549328752,22.660351763462206,53.682877674746834,1.891317220970232,1.8879952839856948,5.5764879955044755,False,-0.00031163400242124016,48.61539984150435,18.82779029767967,0.5830258302582733,15,4,failed_breakout_long,1.8907455951088823,SL,2021-07-30 15:30:00+00:00,-26.944048911177184,-733.375463638822,30,False
2021-08-02 01:00:00+00:00,18,GBP_AUD,LONG,1.89297,1.890669846762523,1.8942904597124317,1.8942904597124317,1.8942904597124317,315649.28,3,ASIAN,2.0,0.0010931417267433475,18.92969381025336,50.347297431594065,1.8924763370593,1.8896089391370554,-0.591912454308563,False,-4.7995008680640276e-05,29.435483870966152,1.9366294070000123,0.7142857142857898,1,0,failed_breakout_long,1.8942904597124317,TP3,2021-08-02 02:00:00+00:00,13.204597542647944,416.80217070265934,60,True
2021-08-02 06:45:00+00:00,18,GBP_AUD,LONG,1.8931,1.8916304808716917,1.894148557384925,1.894148557384925,1.894148557384925,496903.86,3,ASIAN,2.0,0.0009198212382868604,14.454477243854608,48.38675278065277,1.8928277724524767,1.8903207910343303,0.082063975090918,False,-5.210197994646068e-05,27.777004131274566,-0.27772452476648724,0.13445378151255016,6,0,failed_breakout_long,1.894148557384925,TP3,2021-08-02 07:15:00+00:00,10.485574060268577,521.0322224863329,30,True
2021-08-03 01:45:00+00:00,18,GBP_AUD,SHORT,1.88615,1.8877489016488822,1.884893295053353,1.884893295053353,1.884893295053353,459953.27,3,ASIAN,2.0,0.0010208173479243654,20.72142714280412,54.10057339932485,1.8864159791013106,1.8884358276332531,-3.475204143439381,False,0.00011734906693401854,54.34987988231054,0.3402089868931313,0.037499999999961835,1,1,failed_breakout_short,1.884893295053353,TP3,2021-08-03 04:30:00+00:00,12.567049739694287,578.0255622025037,165,True
2021-08-04 02:15:00+00:00,18,GBP_AUD,LONG,1.8813199999999999,1.8795436351646126,1.8825390945061617,1.8825390945061617,1.8825390945061617,417256.8,2,ASIAN,2.0,0.001005391837147844,16.986527245607835,48.01377534280641,1.881747554170101,1.8844859332202066,-22.331023751747114,False,5.595543790809531e-06,31.794491883387394,-7.275541701010635,0.6813186813183676,2,2,failed_breakout_long,1.8825390945061617,TP3,2021-08-04 05:30:00+00:00,12.190945353787539,508.6754847296257,195,True
2021-08-04 12:45:00+00:00,18,GBP_AUD,SHORT,1.87892,1.8809079805186204,1.8773060584441388,1.8773060584441388,1.8773060584441388,375399.58,4,LONDON,2.0,0.0012441066774378118,23.225687097895978,49.82837400408082,1.8797787742706447,1.8828253775030708,6.282584982268968,False,0.00024969823952897534,64.28071393351011,-6.187742706447175,0.2592592592593202,12,2,failed_breakout_short,1.8809079805186204,SL,2021-08-04 14:00:00+00:00,-19.8798051862048,-746.2870517383104,75,False
2021-08-05 11:15:00+00:00,18,GBP_AUD,LONG,1.87923,1.8766687642413094,1.8810337072760719,1.8810337072760719,1.8810337072760719,288463.95,3,LONDON,2.0,0.0013801521232826006,27.37897074871159,45.35937771521771,1.8798595279417618,1.8815012297623324,-4.027444266205826,False,-1.322629541423783e-05,43.757118024334794,-8.695279417618718,0.12422360248444977,11,3,failed_breakout_long,1.8810337072760719,TP3,2021-08-05 12:15:00+00:00,18.03707338599927,520.3045435365225,60,True
2021-08-06 08:30:00+00:00,18,GBP_AUD,LONG,1.8837300000000001,1.8820769157286639,1.8847292528140085,1.8847292528140085,1.8847292528140085,450084.27,3,LONDON,2.0,0.0008650136467671256,19.374883125891394,51.52694816135912,1.8828935119994237,1.8819002330932413,5.178080528061013,False,-0.00014045919765877352,36.688825577711704,5.964880005764339,0.576642335766434,8,4,failed_breakout_long,1.8820769157286639,SL,2021-08-06 09:45:00+00:00,-16.53084271336258,-744.0272275128617,75,False
2021-08-10 00:15:00+00:00,18,GBP_AUD,SHORT,1.88857,1.889830995544918,1.8876970133652462,1.8876970133652462,1.8876970133652462,584131.29,2,ASIAN,2.0,0.0007897060119904172,16.1610140137536,53.032280161055176,1.8882625406230718,1.8862723248600928,10.02339145533826,False,1.2201033903538709e-05,59.87006820340241,6.074593769282988,0.5505617977527754,0,1,failed_breakout_short,1.889830995544918,SL,2021-08-10 01:15:00+00:00,-12.609955449178754,-736.5869543371316,60,False
2021-08-10 13:15:00+00:00,18,GBP_AUD,LONG,1.88683,1.8857847306892468,1.8882558079322591,1.8882558079322591,1.8882558079322591,697639.43,3,OVERLAP,2.0,0.001081928719969958,26.56175682987857,38.77525334510567,1.8885510526569198,1.8873656773611822,-18.631992225910388,False,-0.000172259433609455,21.23828164242926,-19.61052656919815,0.35211267605646135,13,1,failed_breakout_long,1.8857847306892468,SL,2021-08-10 14:00:00+00:00,-10.452693107532163,-729.2210861503668,45,False
2021-08-11 01:30:00+00:00,18,GBP_AUD,SHORT,1.88296,1.884786685906356,1.8819499422809318,1.8819499422809318,1.8819499422809318,395212.38,4,ASIAN,2.0,0.0008667023975183343,27.90516801305597,49.357540794068235,1.8839812706828223,1.885815833430662,-27.764019588503164,False,0.00013044912866635474,65.18151815181638,-7.212706828223503,0.628205128205256,1,2,failed_breakout_short,1.884786685906356,SL,2021-08-11 06:00:00+00:00,-18.2668590635604,-721.9288845634278,270,False
2021-08-12 12:30:00+00:00,18,GBP_AUD,SHORT,1.88286,1.8843788456426864,1.8816934630719409,1.8816934630719409,1.8816934630719409,470561.04,4,LONDON,2.0,0.0010085704792747417,18.005035652671562,52.508293190085325,1.882572523689905,1.8831104895220587,2.12651383566298,False,5.439317892356232e-05,72.59727863206064,5.274763100950874,0.2383419689118694,12,3,failed_breakout_short,1.8843788456426864,SL,2021-08-12 13:15:00+00:00,-15.188456426864505,-714.7095852220045,45,False
2021-08-12 14:00:00+00:00,18,GBP_AUD,SHORT,1.88432,1.8869193003928435,1.8828220988214694,1.8828220988214694,1.8828220988214694,272212.67,3,OVERLAP,2.0,0.0011415578724237106,26.57724518410031,59.65150809374288,1.882955492825579,1.8831819157137089,10.341367181720962,False,0.0002104771442452191,60.758781121352335,16.04507174421066,0.28260869565208474,14,3,failed_breakout_short,1.8828220988214694,TP3,2021-08-12 16:00:00+00:00,14.979012335574193,407.74769418295875,120,True
2021-08-13 07:15:00+00:00,18,GBP_AUD,LONG,1.88107,1.8797874219604238,1.8820677341187284,1.8820677341187284,1.8820677341187284,554851.21,3,ASIAN,2.0,0.0008497877877842488,22.333868110877116,44.30259649560736,1.8815761498695434,1.8824160030516137,-19.78976802151422,False,-9.179844791927e-05,39.67379355208085,-8.061498695433045,0.06153846153851935,7,4,failed_breakout_long,1.8797874219604238,SL,2021-08-13 07:45:00+00:00,-12.825780395762097,-711.6399771782878,30,False
2021-08-17 14:15:00+00:00,18,GBP_AUD,SHORT,1.89198,1.8939264230577615,1.8900707308267157,1.8900707308267157,1.8900707308267157,361958.09,2,OVERLAP,2.0,0.0014183571072711712,16.028103698466364,52.19149442942966,1.8913666060004368,1.8879325506512399,1.368104527590397,False,6.608406618530214e-05,57.211783246456115,8.5339399956319,0.20325203252038243,14,1,failed_breakout_short,1.8939264230577615,SL,2021-08-17 15:15:00+00:00,-19.464230577614927,-704.5235723193097,60,False
2021-08-18 08:45:00+00:00,18,GBP_AUD,SHORT,1.89501,1.8963962037592252,1.8934613887223242,1.8934613887223242,1.8934613887223242,503157.15,2,LONDON,2.0,0.001170806981418457,30.88302469334601,62.148610099853876,1.8932739102599125,1.8908102219133636,3.989727531750198,False,0.0004085922640466645,87.1932633587262,19.76089740087561,0.6404494382021603,8,2,failed_breakout_short,1.8963962037592252,SL,2021-08-18 09:30:00+00:00,-13.862037592251573,-697.4783328110165,45,False
2021-08-25 06:45:00+00:00,18,GBP_AUD,SHORT,1.89372,1.8952791880585667,1.8928224358243,1.8928224358243,1.8928224358243,442860.98,3,ASIAN,2.0,0.0008106349659095113,18.811833538938984,53.50827528952631,1.8933768783918694,1.8973070776275698,10.24739077006398,False,-4.10326322720092e-05,59.4014483901924,6.431216081306257,0.6391752577320815,6,2,failed_breakout_short,1.8928224358243,TP3,2021-08-25 07:00:00+00:00,8.975641959674855,397.4961594390727,15,True
2021-08-25 12:45:00+00:00,18,GBP_AUD,LONG,1.89099,1.8891155240941744,1.8922934277174768,1.8922934277174768,1.8922934277174768,370492.1,2,LONDON,2.0,0.0010540266822475438,24.96208095636794,44.85889896277184,1.8920082997122585,1.8960231903894866,-5.187072329846387,False,2.286208875052257e-05,28.88841056584913,-12.582997122585482,0.6884057971014854,12,2,failed_breakout_long,1.8891155240941744,SL,2021-08-25 13:45:00+00:00,-18.744759058255674,-694.4785147487167,60,False
2021-08-25 14:00:00+00:00,18,GBP_AUD,LONG,1.89125,1.8885199046481718,1.892870286055485,1.892870286055485,1.892870286055485,251835.06,3,OVERLAP,2.0,0.001238034224823979,22.679171183267513,49.63354113182234,1.8916678794108517,1.8957349729284239,0.7916904586346973,False,6.142848890294513e-05,61.565166829136025,-6.578794108516028,0.8181818181819016,14,2,failed_breakout_long,1.89118,TIME,2021-08-25 22:00:00+00:00,-0.7000000000001448,-17.62845420000365,480,False
2021-08-26 01:15:00+00:00,18,GBP_AUD,SHORT,1.89225,1.8934393737830686,1.891111878650794,1.891111878650794,1.891111878650794,577915.42,4,ASIAN,2.0,0.0009759798828417306,35.09963130748403,60.94403801517554,1.891370971807366,1.8940503291996325,16.721058585689175,False,0.00011168886987768939,73.81613756613707,11.790281926340462,0.2916666666667052,1,3,failed_breakout_short,1.8934393737830686,SL,2021-08-26 01:30:00+00:00,-11.893737830686035,-687.357449379081,15,False
2021-08-27 07:00:00+00:00,18,GBP_AUD,LONG,1.89061,1.8887843636651576,1.891616909004527,1.891616909004527,1.891616909004527,372737.91,2,ASIAN,2.0,0.0008740389075643716,33.739130913413554,40.153474870964914,1.89164019744243,1.8927028626760662,-15.436597881532954,False,-0.00019037124889899592,39.412408359776855,-13.301974424300145,0.5494505494505092,7,4,failed_breakout_long,1.891616909004527,TP3,2021-08-27 07:30:00+00:00,10.069090315409065,375.31316797668154,30,True
2021-08-27 09:15:00+00:00,18,GBP_AUD,LONG,1.8896600000000001,1.8882802524680196,1.8907392425959415,1.8907392425959415,1.8907392425959415,495914.64,3,LONDON,2.0,0.0008759597022494174,29.651801968992405,39.884815340585824,1.8910732848192344,1.892455177275818,0.850023674736633,False,-0.00010366536451215664,26.552186946923545,-16.53284819234324,0.5365853658536255,9,4,failed_breakout_long,1.8907392425959415,TP3,2021-08-27 11:15:00+00:00,10.792426177040563,535.2122142313647,120,True
2021-08-30 02:15:00+00:00,18,GBP_AUD,SHORT,1.88306,1.8842531930203952,1.8819404209388146,1.8819404209388146,1.8819404209388146,577935.93,3,ASIAN,2.0,0.0009387870378766203,31.916481962960532,56.78323326560145,1.8835731563539657,1.888468161620388,-36.617373899396895,False,0.0003369469262703915,84.47705567202426,-2.1315635396579324,0.08333333333335537,2,0,failed_breakout_short,1.8842531930203952,SL,2021-08-30 02:45:00+00:00,-11.931930203952223,-689.5891179116219,30,False
2021-09-02 01:15:00+00:00,18,GBP_AUD,SHORT,1.8705100000000001,1.871812465125807,1.869452604622579,1.869452604622579,1.869452604622579,524154.71,4,ASIAN,2.0,0.0008888638050701463,28.220987367992738,59.861366980252846,1.8703848908130822,1.8761541132971666,-10.281441824682158,False,0.0003188403173923669,85.07551147517643,4.251091869178492,0.5882352941175703,1,3,failed_breakout_short,1.871812465125807,SL,2021-09-02 01:45:00+00:00,-13.024651258068953,-682.6932303024267,30,False
2021-09-06 07:15:00+00:00,18,GBP_AUD,LONG,1.86214,1.8606403898823678,1.8631288303528963,1.8631288303528963,1.8631288303528963,450694.68,2,ASIAN,2.0,0.0009135616470310555,31.73217029250819,47.537218471131425,1.86198776784308,1.8647963481767371,12.056916990874633,False,-0.00021896858393947796,32.14768522269926,-1.4776784308012658,0.5061728395062135,7,0,failed_breakout_long,1.8631288303528963,TP3,2021-09-06 09:45:00+00:00,9.888303748365685,445.6605893612473,150,True
2021-09-06 18:15:00+00:00,18,GBP_AUD,SHORT,1.86013,1.8613119638130766,1.8590141085607705,1.8590141085607705,1.8590141085607705,575586.92,4,NY,2.0,0.0009122185099992116,18.650758023512356,51.81645421468278,1.8606195604417362,1.8632951723464966,-1.127468696779932,False,0.0001667718084522739,78.30995848964419,-1.8956044173612518,0.2599999999999556,18,0,failed_breakout_short,1.8590141085607705,TP3,2021-09-06 20:45:00+00:00,11.158914586165404,642.292527719402,150,True
2021-09-08 14:45:00+00:00,18,GBP_AUD,SHORT,1.8664399999999999,1.8696168588059818,1.8647394235820547,1.8647394235820547,1.8647394235820547,216171.34,4,OVERLAP,2.0,0.0014320234968232554,29.30406469773611,49.53008693014315,1.8664401724846906,1.8647736176799727,-6.920399356025175,False,0.00017892780868889434,60.38884053579409,2.398275153092655,0.6965944272445942,14,2,failed_breakout_short,1.8696168588059818,SL,2021-09-08 19:30:00+00:00,-31.76858805981952,-686.7458250799186,285,False
2021-09-10 01:30:00+00:00,18,GBP_AUD,SHORT,1.87846,1.8797182976498348,1.8775651070504962,1.8775651070504962,1.8775651070504962,540316.02,3,ASIAN,2.0,0.0007754099211214247,26.778729023872422,59.86413349163404,1.876826486784039,1.871872904913486,37.671693828018604,False,6.424937823384008e-05,75.47952117445512,19.335132159610247,0.30000000000022203,1,4,failed_breakout_short,1.8775651070504962,TP3,2021-09-10 02:00:00+00:00,8.948929660662438,483.525005750908,30,True
2021-09-13 03:00:00+00:00,18,GBP_AUD,SHORT,1.87967,1.8807000125399649,1.8784399623801051,1.8784399623801051,1.8784399623801051,664762.41,2,ASIAN,2.0,0.0009893090027919644,16.782367954045426,55.43080436388124,1.8789730686509551,1.8757571508499717,28.12188765352719,False,9.059803028148453e-05,79.45249894899847,9.969313490447718,0.0169491525424877,3,0,failed_breakout_short,1.8807000125399649,SL,2021-09-13 03:30:00+00:00,-10.300125399649307,-684.7136183973087,30,False
2021-09-14 02:00:00+00:00,18,GBP_AUD,SHORT,1.87917,1.8804918332882186,1.8780545001353441,1.8780545001353441,1.8780545001353441,512822.98,3,ASIAN,2.0,0.0009698332495489032,22.058584364093058,56.05746811278283,1.8786563916974417,1.877598889520787,7.620686601121918,False,0.000167225445448087,78.71816926004335,8.136083025582774,0.29770992366422566,2,1,failed_breakout_short,1.8780545001353441,TP3,2021-09-14 02:45:00+00:00,11.154998864080095,572.0539759374169,45,True
2021-09-14 12:45:00+00:00,18,GBP_AUD,LONG,1.8892,1.8868090121674304,1.890942963497709,1.890942963497709,1.890942963497709,285901.51,5,LONDON,2.0,0.0013439774033436665,31.716454946359516,53.37036919052738,1.8865019343322622,1.8809720432914048,-1.3515447253564794,False,-0.0004900359698864457,33.27539089525292,24.580656677377632,0.32515337423307533,12,1,failed_breakout_long,1.890942963497709,TP3,2021-09-14 13:45:00+00:00,17.429635586728562,498.3159132995432,60,True
2021-09-16 07:45:00+00:00,18,GBP_AUD,SHORT,1.88943,1.8905442641209391,1.8881272076371827,1.8881272076371827,1.8881272076371827,617959.58,2,ASIAN,2.0,0.0011157762246011074,37.78632473288737,58.862120832254746,1.8881267630539025,1.8864167388569728,16.797547124491885,False,5.293644968938155e-05,74.36962311675647,16.032369460974305,0.10982658959545288,7,3,failed_breakout_short,1.8881272076371827,TP3,2021-09-16 09:00:00+00:00,13.027923838994345,805.0730343816933,75,True
2021-09-16 09:15:00+00:00,18,GBP_AUD,LONG,1.88892,1.8874854664706662,1.8902836005880013,1.8902836005880013,1.8902836005880013,485607.97,3,LONDON,2.0,0.0010805622687627468,26.683090272252375,50.13131844695569,1.8882910168367784,1.8865619564897946,-1.9090531189114301,False,-0.00013091521660721594,33.440518414813944,3.889831632215568,0.21138211382106775,9,3,failed_breakout_long,1.8902836005880013,TP3,2021-09-16 10:30:00+00:00,13.636006160816107,662.1753270661403,75,True
2021-09-17 02:00:00+00:00,18,GBP_AUD,SHORT,1.89213,1.8931633094277374,1.8910700717167874,1.8910700717167874,1.8910700717167874,680573.17,2,ASIAN,2.0,0.0008818603657982798,29.852673354403883,63.71458505443503,1.8908932371820737,1.8885978067583484,22.484253951557953,False,0.00010486251587890183,75.03892009064936,15.367628179263626,0.3928571428570154,2,4,failed_breakout_short,1.8910700717167874,TP3,2021-09-17 03:00:00+00:00,10.599282987867165,721.3587622779829,60,True
2021-09-21 01:15:00+00:00,18,GBP_AUD,LONG,1.88253,1.8803740247288792,1.8838679258133626,1.8838679258133626,1.8838679258133626,329528.95,3,ASIAN,2.0,0.0011225255035101048,17.69133894203432,46.459909922397046,1.8839884113311942,1.887409478945651,-38.57260354767744,False,0.00012509943347986858,68.230266465561,-17.58411331194143,0.6842105263158048,1,1,failed_breakout_long,1.8803740247288792,SL,2021-09-21 01:45:00+00:00,-21.559752711208798,-710.456267318429,30,False
2021-09-21 08:00:00+00:00,18,GBP_AUD,SHORT,1.88103,1.8825646251503805,1.8797261245488583,1.8797261245488583,1.8797261245488583,458321.5,3,LONDON,2.0,0.0010571609935638847,27.64652006919496,51.913928547679284,1.8818313141856924,1.8858209920463875,-4.199999999998649,False,0.00025578446714408454,72.86624721202038,-5.613141856923853,0.47887323943663734,8,1,failed_breakout_short,1.8797261245488583,TP3,2021-09-21 08:45:00+00:00,13.038754795905602,597.594165619165,45,True
2021-09-22 00:15:00+00:00,18,GBP_AUD,SHORT,1.8882700000000001,1.8905231558199342,1.8869105325401971,1.8869105325401971,1.8869105325401971,314815.17,3,ASIAN,2.0,0.0011087179513065673,22.463977187900777,51.6955419376488,1.887402587858939,1.8863300242875691,26.60760352455327,False,-9.811072882380176e-06,45.864427701213906,11.67412141060975,0.7719298245614513,0,2,failed_breakout_short,1.8869105325401971,TP3,2021-09-22 01:00:00+00:00,13.594675029860118,427.9809930620168,45,True
2021-09-23 01:30:00+00:00,18,GBP_AUD,SHORT,1.8817,1.884281258900315,1.8801362232990542,1.8801362232990542,1.8801362232990542,276457.14,3,ASIAN,2.0,0.0012387665291569343,27.997569676327778,51.38608126972157,1.881613624721448,1.8833922871526876,14.836132516586886,False,5.6977733242443264e-05,49.766503686600494,3.863752785517871,0.8235294117648595,1,3,failed_breakout_short,1.884281258900315,SL,2021-09-23 02:15:00+00:00,-25.81258900315131,-713.6074531806662,45,False
2021-09-24 06:15:00+00:00,18,GBP_AUD,LONG,1.8809099999999999,1.8791761382564292,1.8819415852307126,1.8819415852307126,1.8819415852307126,407455.42,3,ASIAN,2.0,0.0008914575237745296,13.940981859878416,53.54265702904847,1.8802674648068542,1.8815787380933537,-0.7303936965974422,False,-2.6802241885842484e-05,51.544168391990375,3.425351931456433,0.8494623655911437,6,4,failed_breakout_long,1.8819415852307126,TP3,2021-09-24 06:30:00+00:00,10.315852560305283,420.32500376172646,15,True
2021-09-28 01:15:00+00:00,18,GBP_AUD,SHORT,1.88248,1.8843250252539576,1.881324924238127,1.881324924238127,1.881324924238127,385184.22,4,ASIAN,2.0,0.0010014754716356309,28.191185130474754,59.61982270994067,1.8815572346535823,1.8820085482458226,-13.294102771412852,False,0.00037823268886649644,78.04646396016508,12.227653464176313,0.6382978723405529,1,1,failed_breakout_short,1.881324924238127,TP3,2021-09-28 01:45:00+00:00,11.550757918606335,444.91696792872045,30,True
2021-09-28 02:15:00+00:00,18,GBP_AUD,LONG,1.8805399999999999,1.8791486257997114,1.8818341226008655,1.8818341226008655,1.8818341226008655,513969.42,3,ASIAN,2.0,0.0010354092291072908,26.528727665466988,43.37259440354237,1.8814473210845042,1.8819627645506696,-37.41678665363679,False,-0.0001246514185168982,6.530343342872906,-12.073210845042759,0.5441176470587851,2,1,failed_breakout_long,1.8791486257997114,SL,2021-09-28 02:45:00+00:00,-13.913742002884531,-715.1237907252201,30,False
2021-09-29 13:45:00+00:00,18,GBP_AUD,SHORT,1.86734,1.8701442623062914,1.8650172130811258,1.8650172130811258,1.8650172130811258,252463.03,4,OVERLAP,2.0,0.0017514871402554636,25.299284602420915,54.41535425140065,1.867150073398791,1.872603043444465,16.500421466507653,False,0.0004770873821879553,65.72447787334588,4.299266012091074,0.6277056277055973,13,2,failed_breakout_short,1.8701442623062914,SL,2021-09-29 17:00:00+00:00,-28.042623062913826,-707.9725587611106,195,False
2021-09-30 14:45:00+00:00,18,GBP_AUD,LONG,1.86692,1.8643479964208725,1.8693260107373824,1.8693260107373824,1.8693260107373824,272508.5,3,OVERLAP,2.0,0.001941578075522424,33.17521186789912,45.962008182424846,1.8676764571595594,1.8697613060885778,-8.299010441132904,False,-0.0004124331488226474,40.46090629693176,-9.964571595595384,0.2941176470588266,14,3,failed_breakout_long,1.8643479964208725,SL,2021-09-30 15:00:00+00:00,-25.720035791274576,-700.8928373426547,15,False
2021-10-04 14:45:00+00:00,18,GBP_AUD,SHORT,1.86798,1.871061697525669,1.8661449074229928,1.8661449074229928,1.8661449074229928,225162.88,3,OVERLAP,2.0,0.0014574382619569198,31.203223386497555,57.02579171066861,1.8662254199651291,1.865979324954481,12.274281175257418,False,0.00028014815394162114,76.93936935283513,19.94580034870852,0.7148760330578289,14,0,failed_breakout_short,1.8661449074229928,TP3,2021-10-04 20:45:00+00:00,18.350926585078728,413.19474805648923,360,True
2021-10-05 00:15:00+00:00,18,GBP_AUD,SHORT,1.86686,1.868421332684628,1.8654760019461165,1.8654760019461165,1.8654760019461165,447064.14,4,ASIAN,2.0,0.0011546178428802278,30.92189454992706,51.20195377929198,1.8669666359421422,1.8664264076809896,-2.9338291143110595,False,0.00012080271970774781,63.05970661171378,1.933640578577478,0.39490445859874956,0,1,failed_breakout_short,1.868421332684628,SL,2021-10-05 00:30:00+00:00,-15.613326846279918,-698.0158539071044,15,False
2021-10-05 00:45:00+00:00,18,GBP_AUD,SHORT,1.86741,1.8692982154270517,1.8659153537188453,1.8659153537188453,1.8659153537188453,365972.91,4,ASIAN,2.0,0.0011881143645242661,32.45062131626665,53.689988476665015,1.8670467792760799,1.866457833978735,2.457831740003691,False,0.00020120290272670696,63.54247496581937,6.632207239201104,0.6203703703703399,0,1,failed_breakout_short,1.8692982154270517,SL,2021-10-05 01:00:00+00:00,-18.882154270516427,-691.0356945449823,15,False
2021-10-05 22:00:00+00:00,18,GBP_AUD,LONG,1.86927,1.8674214420979842,1.8705856737060476,1.8705856737060476,1.8705856737060476,370085.96,4,NY,2.0,0.0010416075323151518,24.45335511765314,47.71828353261483,1.8695664531663383,1.868651471792895,-14.06181914666682,False,7.434320965444603e-05,72.9173618062511,-5.964531663382733,0.0,22,1,failed_breakout_long,1.8705856737060476,TP3,2021-10-06 00:00:00+00:00,13.156737415980604,486.9123797061102,120,True
2021-10-06 00:30:00+00:00,18,GBP_AUD,SHORT,1.8702,1.8711696620472231,1.8692110138583309,1.8692110138583309,1.8692110138583309,710551.12,3,ASIAN,2.0,0.0008579438019856076,26.23498425951343,62.234608210843845,1.869606987492955,1.868744649424362,1.5272098637342246,False,0.00025161210807796093,85.9023824583616,8.93012507044988,0.21428571428554435,0,2,failed_breakout_short,1.8711696620472231,SL,2021-10-06 01:00:00+00:00,-9.696620472230409,-688.9944536758247,30,False
2021-10-06 06:45:00+00:00,18,GBP_AUD,SHORT,1.87362,1.8753131855997838,1.8724104432006492,1.8724104432006492,1.8724104432006492,402852.77,2,ASIAN,2.0,0.0009980589710266885,34.45487418128904,57.71044861614548,1.8720959941855249,1.869776072508528,28.811917933786457,False,-0.000126411429338584,58.511339222364406,18.240058144751714,0.6966292134831741,6,2,failed_breakout_short,1.8753131855997838,SL,2021-10-06 07:00:00+00:00,-16.931855997837086,-682.1045089969784,15,False
2021-10-08 01:15:00+00:00,18,GBP_AUD,LONG,1.8607799999999999,1.8596503520298473,1.8618889439104578,1.8618889439104578,1.8618889439104578,597782.21,4,ASIAN,2.0,0.0009679176588549202,25.42443676496206,41.03233835276414,1.862158424043969,1.865504061228375,-25.837019407437545,False,-8.379676249829543e-05,20.389300411521344,-16.784240439691178,0.20895522388049068,1,4,failed_breakout_long,1.8596503520298473,SL,2021-10-08 01:45:00+00:00,-11.296479701525808,-675.2834601198238,30,False
2021-10-08 07:30:00+00:00,18,GBP_AUD,SHORT,1.86323,1.8649873749890649,1.8619778750328053,1.8619778750328053,1.8619778750328053,380414.33,4,ASIAN,2.0,0.0010544106939775826,30.43079761112771,57.27482436633927,1.8626144167594063,1.864875851083145,5.604241891454809,False,3.5362570249500985e-06,58.63977026977532,9.155832405935982,0.0763358778625786,7,4,failed_breakout_short,1.8649873749890649,SL,2021-10-08 08:45:00+00:00,-17.573749890649193,-668.5306290238887,75,False
2021-10-11 06:45:00+00:00,18,GBP_AUD,SHORT,1.86251,1.864839116120542,1.8613126516383744,1.8613126516383744,1.8613126516383744,284161.58,4,ASIAN,2.0,0.001030501366720689,25.758299668727805,47.37055050750263,1.8633703625198512,1.8641991806540856,-12.048394199986046,False,-2.6480017768227784e-05,47.68425987613251,-5.6036251985114305,0.475862068965362,6,0,failed_breakout_short,1.8613126516383744,TP3,2021-10-11 07:00:00+00:00,11.973484037618412,340.24041422344277,15,True
2021-10-12 13:15:00+00:00,18,GBP_AUD,SHORT,1.84716,1.8494413710732005,1.8452958867803984,1.8452958867803984,1.8452958867803984,291599.97,3,OVERLAP,2.0,0.0014168319930867373,31.353511760899593,50.272970041156206,1.8483321448531973,1.8542649489487397,6.390985607063193,False,0.0004200911690321555,66.51536878592185,-9.321448531973697,0.7125000000000676,13,1,failed_breakout_short,1.8452958867803984,TP3,2021-10-12 13:45:00+00:00,18.641132835286317,543.5753775535504,30,True
2021-10-12 15:00:00+00:00,18,GBP_AUD,SHORT,1.84722,1.8500952022047388,1.8450143933857839,1.8450143933857839,1.8450143933857839,233264.81,3,OVERLAP,2.0,0.0016532326659433152,25.974480309326808,50.892824582873466,1.8480320521737614,1.853778355257732,6.25193928420309,False,0.0002628758982112607,72.41344748822311,-5.720521737613282,0.7487179487178833,15,1,failed_breakout_short,1.84899,TIME,2021-10-12 23:00:00+00:00,-17.699999999998273,-412.8787136999597,480,False
2021-10-13 07:00:00+00:00,18,GBP_AUD,LONG,1.85438,1.8527519537354968,1.8555141387935095,1.8555141387935095,1.8555141387935095,409420.0,3,ASIAN,2.0,0.0009713716340772609,29.303043266428304,52.82004131941683,1.85242921577604,1.8526462482743709,54.905568930412315,False,-0.00037456096151583886,31.170599870948553,16.507842239599224,0.4786324786324316,7,2,failed_breakout_long,1.8527519537354968,SL,2021-10-13 08:30:00+00:00,-16.280462645030802,-666.5547016128511,90,False
2021-10-14 07:15:00+00:00,18,GBP_AUD,LONG,1.84999,1.8488380131169828,1.8510759606490517,1.8510759606490517,1.8510759606490517,572826.96,4,ASIAN,2.0,0.0009122613541748491,26.934943548214576,43.43182998237139,1.850617380238854,1.8516427884334037,-17.384172187402402,False,-8.363251745012099e-06,47.851744728493934,-9.273802388538588,0.18421052631585866,7,3,failed_breakout_long,1.8510759606490517,TP3,2021-10-14 07:30:00+00:00,10.859606680095606,622.0675481354858,15,True
2021-10-18 07:30:00+00:00,18,GBP_AUD,SHORT,1.85567,1.8579586513489628,1.8540240459531119,1.8540240459531119,1.8540240459531119,291049.06,2,ASIAN,2.0,0.0012853525052163631,30.452916997742648,60.31130759386181,1.8539896835582605,1.8512915870483186,24.969253704330008,False,0.0001626015670699941,59.49749196364663,19.803164417393493,0.5663716814160649,7,0,failed_breakout_short,1.8579586513489628,SL,2021-10-18 09:30:00+00:00,-22.886513489628335,-666.1098237833646,120,False
2021-10-19 00:30:00+00:00,18,GBP_AUD,LONG,1.85174,1.8501953039315016,1.8526840882054958,1.8526840882054958,1.8526840882054958,426911.64,2,ASIAN,2.0,0.0008665784129260337,22.10792623322546,43.64462136989323,1.8526649499501031,1.8523670890513575,-32.640307861964146,False,-4.305818324186811e-05,19.41925525757218,-12.24949950103138,0.17777777777779605,0,1,failed_breakout_long,1.8526840882054958,TP3,2021-10-19 00:45:00+00:00,9.440882276102226,403.0422535537734,15,True
2021-10-20 01:30:00+00:00,18,GBP_AUD,LONG,1.8452,1.8434405110899796,1.8465184667300611,1.8465184667300611,1.8465184667300611,377086.29,3,ASIAN,2.0,0.0010847651186093224,23.968033224671263,46.029356066861446,1.8459482291675822,1.8487370344509428,-26.831514437430926,False,-2.9519432144794246e-05,22.185538819627094,-10.48229167582182,0.775862068965547,1,2,failed_breakout_long,1.8434405110899796,SL,2021-10-20 03:45:00+00:00,-17.594889100203122,-663.4791453757034,135,False
2021-10-21 12:30:00+00:00,18,GBP_AUD,LONG,1.84226,1.8406070773402947,1.8439187679791156,1.8439187679791156,1.8439187679791156,397383.6,2,LONDON,2.0,0.0012539992251667858,21.046802147833656,49.35783215700712,1.8412308180146084,1.8422186256978594,-8.23614653487681,False,-0.0003132446767069386,26.93995125778042,7.891819853915738,0.12727272727276764,12,3,failed_breakout_long,1.8406070773402947,SL,2021-10-21 13:15:00+00:00,-16.529226597052915,-656.8443570352637,45,False
2021-10-25 02:30:00+00:00,18,GBP_AUD,SHORT,1.84257,1.8441673774998104,1.841197867500569,1.841197867500569,1.841197867500569,407089.69,3,ASIAN,2.0,0.0010994153567907385,26.469311889876636,54.98410261351043,1.8418981962464105,1.8422973131713236,24.527479451401657,False,1.2825441284487874e-05,74.7648442092879,9.718037535895174,0.3707865168538429,2,0,failed_breakout_short,1.841197867500569,TP3,2021-10-25 03:00:00+00:00,13.721325331370348,558.5810075536702,30,True
2021-10-25 07:00:00+00:00,18,GBP_AUD,LONG,1.8409499999999999,1.8386093857113226,1.8422118428660321,1.8422118428660321,1.8422118428660321,280209.23,3,ASIAN,2.0,0.0010604265361152181,26.339607172708885,47.61846053395943,1.8412739569428633,1.8420442591598891,2.086444772309015,False,-4.604875983872317e-05,57.90232707480288,-6.239569428634351,0.02290076335875663,7,0,failed_breakout_long,1.8386093857113226,SL,2021-10-25 07:30:00+00:00,-23.406142886772674,-655.8617275572548,30,False
2021-10-25 12:45:00+00:00,18,GBP_AUD,LONG,1.83774,1.83582174803668,1.8391147558899594,1.8391147558899594,1.8391147558899594,338486.87,2,LONDON,2.0,0.0010796107890226018,26.349036164447565,44.31643031438211,1.8390837852271396,1.8411445086558644,0.7908388266031352,False,7.721490902727363e-05,43.36889525027425,-15.837852271396446,0.4553571428571482,12,0,failed_breakout_long,1.8391147558899594,TP3,2021-10-25 13:30:00+00:00,13.747559305742483,465.3368319540146,45,True
2021-10-27 09:00:00+00:00,18,GBP_AUD,SHORT,1.8314,1.8338287613337803,1.8293937159986595,1.8293937159986595,1.8293937159986595,269255.14,3,LONDON,2.0,0.0015441281913060308,28.474704429196606,53.76909749130364,1.8314977674044277,1.8349395570995886,-3.5792760410768842,False,0.0003239025519712796,68.7800206131997,1.4223259557222256,0.08372093023259512,9,2,failed_breakout_short,1.8293937159986595,TP3,2021-10-27 10:30:00+00:00,20.062840758527724,540.2022997235089,90,True
2021-10-28 06:45:00+00:00,18,GBP_AUD,LONG,1.83113,1.8286331445994652,1.8324405662016043,1.8324405662016043,1.8324405662016043,264075.56,2,ASIAN,2.0,0.0011141600295645731,20.334119510098173,53.93661961880341,1.8298620244434383,1.8315682041294516,18.87537253592475,False,-0.00015809829057481965,42.936407283269865,9.679755565616954,0.5670731707316017,6,3,failed_breakout_long,1.8286331445994652,SL,2021-10-28 07:00:00+00:00,-24.96855400534681,-659.3584881352202,15,False
2021-10-28 07:15:00+00:00,18,GBP_AUD,LONG,1.82951,1.8281523542719877,1.8310329371840364,1.8310329371840364,1.8310329371840364,480806.52,3,ASIAN,2.0,0.0011727706377367998,19.7089512573568,44.826520579625125,1.8298005846554002,1.8315185528014262,2.574556423189378,False,-0.0002308611471222364,44.20568873431669,-5.905846554001837,0.4838709677418315,7,3,failed_breakout_long,1.8310329371840364,TP3,2021-10-28 08:15:00+00:00,15.229372157110356,732.2381428645125,60,True
2021-10-29 01:15:00+00:00,18,GBP_AUD,SHORT,1.83073,1.83290006152088,1.8291698154373601,1.8291698154373601,1.8291698154373601,304179.07,4,ASIAN,2.0,0.0012665428244912477,26.501783912693966,55.08614228878865,1.829817424441742,1.8304617278973887,16.92324212609675,False,3.508937420287038e-05,76.44539857788583,12.125755582579334,0.6149068322982078,1,4,failed_breakout_short,1.8291698154373601,TP3,2021-10-29 01:45:00+00:00,15.60184613931491,474.57550489399,30,True
2021-10-29 14:15:00+00:00,18,GBP_AUD,LONG,1.82895,1.8267750066817832,1.8307949799546501,1.8307949799546501,1.8307949799546501,305671.31,2,OVERLAP,2.0,0.0013921304481167064,15.406692228930652,49.45019103165917,1.8287755153379297,1.829663990315725,-0.43238314056948113,False,-0.00010979948382852038,42.36596736596837,-0.655153379296447,0.3309859154929423,14,4,failed_breakout_long,1.8267750066817832,SL,2021-10-29 14:45:00+00:00,-21.749933182169112,-664.8330568206101,30,False
2021-11-01 01:45:00+00:00,18,GBP_AUD,SHORT,1.82014,1.8222602464146391,1.818639260756083,1.818639260756083,1.818639260756083,310428.41,4,ASIAN,2.0,0.0012140290557581318,22.68387400972051,48.790341866932586,1.821717658379478,1.8263210640578371,-44.76384940718114,False,0.00022405987165620184,60.88964502341607,-12.776583794780194,0.4532374100718758,1,0,failed_breakout_short,1.8222602464146391,SL,2021-11-01 02:30:00+00:00,-21.202464146390376,-658.1847233045971,45,False
2021-11-01 02:45:00+00:00,18,GBP_AUD,SHORT,1.82104,1.822777243410259,1.8195182697692234,1.8195182697692234,1.8195182697692234,375078.63,3,ASIAN,2.0,0.0011691663333378841,18.135614155561722,54.22968125177106,1.8216634970851087,1.8261260116624989,-34.41282634025544,False,0.00022250727056305,64.05336647699475,-3.234970851087038,0.6896551724136875,2,0,failed_breakout_short,1.822777243410259,SL,2021-11-01 04:15:00+00:00,-17.372434102589374,-651.6028782964502,90,False
2021-11-01 08:30:00+00:00,18,GBP_AUD,SHORT,1.82208,1.8241571164565633,1.82067865063031,1.82067865063031,1.82067865063031,310568.45,3,LONDON,2.0,0.0011675019907603876,17.54145689390099,52.042843362094985,1.822007527191741,1.8253212343233236,-6.260075315731584,False,5.940616179240691e-05,74.82180953754799,3.124728082588568,0.5094339622641608,8,0,failed_breakout_short,1.82067865063031,TP3,2021-11-01 09:00:00+00:00,14.01349414811908,435.21491566654134,30,True
2021-11-05 00:15:00+00:00,18,GBP_AUD,LONG,1.8236999999999999,1.8218375809128946,1.824787257261316,1.824787257261316,1.824787257261316,348707.22,3,ASIAN,2.0,0.0009673497331956321,24.153209147278947,43.195669968084495,1.8256245756291913,1.8295694488877274,-53.14520333000505,False,0.0001328003486240055,40.95301734119346,-22.245756291914276,0.2368421052630733,0,4,failed_breakout_long,1.824787257261316,TP3,2021-11-05 00:30:00+00:00,10.87257292495748,379.13446789091915,15,True
2021-11-05 00:45:00+00:00,18,GBP_AUD,SHORT,1.82363,1.8249351980904123,1.8223844057287633,1.8223844057287633,1.8223844057287633,500483.67,5,ASIAN,2.0,0.001026796453622757,21.276731234163627,48.85647352198962,1.8254980415554358,1.829458764520752,-46.97045292150648,False,0.00018625567555140689,64.79885767635972,-15.68041555435773,0.09183673469380126,0,4,failed_breakout_short,1.8249351980904123,SL,2021-11-05 01:00:00+00:00,-13.051980904121852,-653.2303303664822,15,False
2021-11-05 01:45:00+00:00,18,GBP_AUD,SHORT,1.82525,1.8267034278076912,1.8237997165769264,1.8237997165769264,1.8237997165769264,444946.79,4,ASIAN,2.0,0.0011570802142836154,31.88320237034429,61.28604725299222,1.8254832000345325,1.8292990813849728,-29.21053586028899,False,0.0003731204962962866,78.5826210826213,0.6679996546754552,0.16504854368934552,1,4,failed_breakout_short,1.8267034278076912,SL,2021-11-05 02:00:00+00:00,-14.534278076911988,-646.6980375289362,15,False
2021-11-08 09:00:00+00:00,18,GBP_AUD,SHORT,1.82201,1.8232961392720097,1.8204315821839703,1.8204315821839703,1.8204315821839703,497792.94,3,LONDON,2.0,0.0011906872194469738,19.80468796207125,52.7220269545041,1.822195614595108,1.824776085121874,9.899125577217394,False,0.00014795332868922258,89.37320993894156,0.5438540489199895,0.25274725274745385,9,0,failed_breakout_short,1.8204315821839703,TP3,2021-11-08 09:30:00+00:00,15.78417847737952,785.7252609739475,30,True
2021-11-10 14:45:00+00:00,18,GBP_AUD,LONG,1.83091,1.8295657830426526,1.8330826508720421,1.8330826508720421,1.8330826508720421,482130.73,2,OVERLAP,2.0,0.0016021172065022419,31.885993308946816,29.73644565285477,1.8359798501928803,1.833689094923781,-37.02693135711144,False,-0.0003256242840883345,14.469790745652212,-53.09850192880327,0.0,14,2,failed_breakout_long,1.8295657830426526,SL,2021-11-10 16:45:00+00:00,-13.442169573474327,-648.0883029242966,120,False
2021-11-11 08:00:00+00:00,18,GBP_AUD,LONG,1.8345500000000001,1.8323933585404872,1.835919924378538,1.835919924378538,1.835919924378538,297503.05,3,LONDON,2.0,0.0011009055676663643,32.45493391874054,52.25312120953182,1.8333095120398593,1.8328389013237032,4.866666666667463,False,-0.00039958025967526075,30.92581769379264,10.0048796014085,0.5684931506849992,8,3,failed_breakout_long,1.835919924378538,TP3,2021-11-11 09:15:00+00:00,13.699244245852961,407.5566945836206,75,True
2021-11-11 14:45:00+00:00,18,GBP_AUD,LONG,1.83481,1.8329229317715163,1.8365412046854512,1.8365412046854512,1.8365412046854512,342161.97,4,OVERLAP,2.0,0.0013152695671840781,30.249220349531726,47.913432849754386,1.8344899791473235,1.833385047977768,-4.680862305057598,False,-0.00014743218233522615,39.42498111609478,0.8002085267655445,0.2180451127820754,14,3,failed_breakout_long,1.8329229317715163,SL,2021-11-11 15:15:00+00:00,-18.870682284837237,-645.682982582401,30,False
2021-11-12 02:15:00+00:00,18,GBP_AUD,SHORT,1.83397,1.8351039741328845,1.832878077601347,1.832878077601347,1.832878077601347,563704.36,2,ASIAN,2.0,0.0009052376753567254,23.664815578696075,61.12199129822849,1.8333983155601723,1.8332805163896622,3.3667980303353495,False,0.00018172366038459104,78.66762140848057,8.71684439827769,0.213114754098301,2,4,failed_breakout_short,1.8351039741328845,SL,2021-11-12 03:15:00+00:00,-11.33974132884408,-639.22616283416,60,False
2021-11-12 08:15:00+00:00,18,GBP_AUD,LONG,1.83273,1.8315247678513744,1.833885696445877,1.833885696445877,1.833885696445877,525072.2,4,LONDON,2.0,0.0009411454188762069,20.0928953994461,41.021454828411315,1.8333399684309606,1.8333204671126262,2.564561925337827,False,-0.00012450042645906478,29.405896808578433,-8.499684309606348,0.22222222222224505,8,4,failed_breakout_long,1.833885696445877,TP3,2021-11-12 08:30:00+00:00,11.556964678872244,606.8240869257743,15,True
2021-11-15 01:30:00+00:00,18,GBP_AUD,SHORT,1.82945,1.8320220077399563,1.8280639767801317,1.8280639767801317,1.8280639767801317,248405.99,3,ASIAN,2.0,0.001105157231347072,26.57916056659535,45.74480169713214,1.8309531475656577,1.8325271128652585,-30.377997280721658,False,0.00013364431960243158,37.04037460268861,-12.031475656577584,0.7209302325581456,1,0,failed_breakout_short,1.8280639767801317,TP3,2021-11-15 06:15:00+00:00,13.860232756650504,344.29648395461976,285,True
2021-11-15 15:45:00+00:00,18,GBP_AUD,SHORT,1.82461,1.8279204119080512,1.8229287642758463,1.8229287642758463,1.8229287642758463,194037.82,3,OVERLAP,2.0,0.0013443364006667136,32.04800867378299,50.595685146730794,1.8255723486017055,1.829547203861478,7.9154197536879245,False,0.00034365617889879245,58.40350752711081,-7.223486017053915,0.7096774193547793,15,0,failed_breakout_short,1.82554,TIME,2021-11-15 23:45:00+00:00,-9.299999999998752,-180.4551725999758,480,False
2021-11-16 14:15:00+00:00,18,GBP_AUD,SHORT,1.83389,1.8355955639785577,1.8318633080643272,1.8318633080643272,1.8318633080643272,375559.38,3,OVERLAP,2.0,0.0015074759601784345,18.84348087188732,58.83641003185951,1.830917328929652,1.8291681244172988,9.960108032049941,False,-2.466739818828825e-05,86.03092977697611,32.126710703479496,0.1438356164383843,14,1,failed_breakout_short,1.8355955639785577,SL,2021-11-16 15:00:00+00:00,-17.055639785577004,-640.5405503374633,45,False
2021-11-18 02:00:00+00:00,18,GBP_AUD,SHORT,1.85815,1.8596035092088834,1.8567594723733496,1.8567594723733496,1.8567594723733496,436278.73,3,ASIAN,2.0,0.0011122313879263536,29.743828906489064,62.79813108352562,1.8545561126107606,1.8442896381903804,77.31687887472692,False,9.829488302153682e-05,71.78698525673468,38.938873892393474,0.22826086956525674,2,3,failed_breakout_short,1.8567594723733496,TP3,2021-11-18 03:30:00+00:00,13.905276585228327,606.6576408902151,90,True
2021-11-19 02:00:00+00:00,18,GBP_AUD,LONG,1.85376,1.8525866581853765,1.8549400254438706,1.8549400254438706,1.8549400254438706,545622.52,4,ASIAN,2.0,0.00099406337001506,22.302197543535986,41.87328077370726,1.8544916483617746,1.850465876721305,-5.661869756161675,False,-0.00012691317866609218,11.786670590670134,-10.316483617744954,0.10091743119270727,2,4,failed_breakout_long,1.8549400254438706,TP3,2021-11-19 03:30:00+00:00,11.800254654976644,643.8484681490088,90,True
2021-11-23 02:45:00+00:00,18,GBP_AUD,SHORT,1.85295,1.855560989062626,1.8516270328121223,1.8516270328121223,1.8516270328121223,247661.02,2,ASIAN,2.0,0.0010589796877338731,25.477938676581957,50.448271939482446,1.8529758795342506,1.8530679227087563,17.799190303138257,False,-2.073256505587731e-05,59.66407019362796,2.7412046574948334,0.8026315789472684,2,1,failed_breakout_short,1.855560989062626,SL,2021-11-23 05:45:00+00:00,-26.109890626258014,-646.6402144587498,180,False
2021-11-23 08:15:00+00:00,18,GBP_AUD,LONG,1.85446,1.8528742212853604,1.8555573361439193,1.8555573361439193,1.8555573361439193,403696.81,4,LONDON,2.0,0.0009557318986167225,21.101132704887117,51.54352240270421,1.8537249348563098,1.853296888734623,3.893400753101073,False,-0.00012354218094711057,36.51191520598495,4.950651436901321,0.23463687150843393,8,1,failed_breakout_long,1.8528742212853604,SL,2021-11-23 09:00:00+00:00,-15.857787146396074,-640.1738084659098,45,False
2021-11-24 14:30:00+00:00,18,GBP_AUD,SHORT,1.85414,1.8567569850743435,1.8521090447769697,1.8521090447769697,1.8521090447769697,242176.42,2,OVERLAP,2.0,0.0014929722809235017,30.575853009162884,54.078421173448966,1.8531950732285605,1.8528484385894974,13.70152086565879,False,0.0002228594589832897,62.60271535080594,11.84926771439443,0.5798319327731641,14,2,failed_breakout_short,1.8521090447769697,TP3,2021-11-24 15:15:00+00:00,20.309553068928395,491.8494854033092,45,True
2021-11-25 20:00:00+00:00,18,GBP_AUD,LONG,1.85294,1.851139467281833,1.854591598154501,1.854591598154501,1.854591598154501,354723.11,4,NY,2.0,0.0013145607623101093,23.452193502711758,47.32427584785876,1.8530006842222866,1.8528302412819107,-5.628953663316949,False,-6.088575763767453e-05,40.78100062238541,-3.6068422228652253,0.05369127516769022,20,3,failed_breakout_long,1.851139467281833,SL,2021-11-25 21:45:00+00:00,-18.005327181669365,-638.6905654449291,105,False
2021-11-25 21:45:00+00:00,18,GBP_AUD,LONG,1.85223,1.850919216608529,1.853912350174413,1.853912350174413,1.853912350174413,482386.08,4,NY,2.0,0.0013357405841603314,38.24276247697494,42.69947840946977,1.8528877970657753,1.8528115484201177,-11.719296621683917,False,-9.524345932429351e-05,42.322369374111496,-9.577970657752566,0.17763157894736745,21,3,failed_breakout_long,1.850919216608529,SL,2021-11-25 22:00:00+00:00,-13.107833914709486,-632.3036619407765,15,False
2021-11-29 16:00:00+00:00,18,GBP_AUD,SHORT,1.8672199999999999,1.8690452988729302,1.8651341033812097,1.8651341033812097,1.8651341033812097,342946.92,2,OVERLAP,2.0,0.0015798407640130233,33.619540651340024,57.66282837908035,1.8663406898656967,1.8640456959208151,15.946119935992265,False,0.00041196709789419655,89.54796371084062,11.193101343032197,0.3622448979592981,16,0,failed_breakout_short,1.8690452988729302,SL,2021-11-29 16:30:00+00:00,-18.2529887293037,-625.9806265509417,30,False
2021-12-01 01:30:00+00:00,18,GBP_AUD,LONG,1.8632199999999999,1.8618980896673207,1.8655657309980378,1.8655657309980378,1.8655657309980378,468807.0,3,ASIAN,2.0,0.0017314049035472162,21.699116388378627,36.30777673428164,1.8661355540006912,1.8661986485289912,-50.66813059661168,False,-0.0002732858722805701,12.704315375312357,-32.155540006912894,0.0763358778625786,1,2,failed_breakout_long,1.8618980896673207,SL,2021-12-01 02:00:00+00:00,-13.219103326791435,-619.7208173323113,30,False
2021-12-01 15:45:00+00:00,18,GBP_AUD,LONG,1.86331,1.859631526355302,1.8656754209340942,1.8656754209340942,1.8656754209340942,166787.55,3,OVERLAP,2.0,0.0017907367687250665,26.989272051731454,53.40096885763258,1.8622979308686147,1.8640770686840857,9.654800403577912,False,-0.00017696676733377104,45.52376698796942,7.720691313852779,0.4297188755019518,15,2,failed_breakout_long,1.8656754209340942,TP3,2021-12-01 16:30:00+00:00,23.6542107591659,394.522785970492,45,True
2021-12-02 07:15:00+00:00,18,GBP_AUD,LONG,1.8702699999999999,1.8680958750761425,1.871812374771573,1.871812374771573,1.871812374771573,284007.98,4,ASIAN,2.0,0.0012119462871641958,23.31166161620009,50.232912923052645,1.8688747461431614,1.8662216065333619,47.98628997447318,False,-0.0002847714693000661,29.188699673237718,10.952538568385073,0.4299999999999778,7,3,failed_breakout_long,1.871812374771573,TP3,2021-12-02 09:00:00+00:00,15.423748258804855,438.04675870116836,105,True
2021-12-02 10:30:00+00:00,18,GBP_AUD,SHORT,1.87397,1.8757242497933273,1.8719472506200179,1.8719472506200179,1.8719472506200179,354481.62,3,LONDON,2.0,0.001512178187607972,32.57326558267271,64.84003178208229,1.870212482987879,1.8669213413398487,19.745604977889908,False,0.000388064230412576,77.88784768704414,39.97517012120921,0.179487179487216,10,3,failed_breakout_short,1.8757242497933273,SL,2021-12-02 11:00:00+00:00,-17.542497933273893,-621.8493086233582,30,False
2021-12-03 15:15:00+00:00,18,GBP_AUD,SHORT,1.88219,1.885198717208317,1.8795838483750487,1.8795838483750487,1.8795838483750487,204615.71,2,OVERLAP,2.0,0.0019011891011603895,21.39150233651642,56.45306587676801,1.8801132800783114,1.8748608930724633,13.189561149471452,False,0.0002874712448302984,72.2981725653486,23.167199216886925,0.36410256410253605,15,4,failed_breakout_short,1.885198717208317,SL,2021-12-03 16:30:00+00:00,-30.087172083170802,-615.6308077690172,75,False
2021-12-06 08:45:00+00:00,18,GBP_AUD,SHORT,1.88674,1.888282796382068,1.8852916108537958,1.8852916108537958,1.8852916108537958,395045.33,3,LONDON,2.0,0.0011630504238407306,30.59793807247602,55.851939116151776,1.885971209618362,1.8809087422144206,0.7621021943804429,False,0.00026580828710308076,74.77223285158236,10.087903816380361,0.28484848484847913,8,0,failed_breakout_short,1.8852916108537958,TP3,2021-12-06 09:00:00+00:00,14.483891828681376,572.1793827145738,15,True
2021-12-06 09:15:00+00:00,18,GBP_AUD,LONG,1.88592,1.882805369446074,1.8877938916617782,1.8877938916617782,1.8877938916617782,197518.22,5,LONDON,2.0,0.0013971710287198074,32.818330258980225,48.40658399232072,1.8859198055723518,1.8809956347722403,-5.279902328882979,False,5.353850734677569e-05,49.55419370344044,-2.3980557235181443,0.612903225806573,9,0,failed_breakout_long,1.8877938916617782,TP3,2021-12-06 10:00:00+00:00,18.738917566500422,370.12776424618954,45,True
2021-12-07 02:45:00+00:00,18,GBP_AUD,SHORT,1.88228,1.8847140925119465,1.8805577224641599,1.8805577224641599,1.8805577224641599,254262.14,3,ASIAN,2.0,0.0013176003793294903,21.190025539517997,54.58389084001558,1.88198493596633,1.8815458144361283,-2.1202175428070014,False,0.00017762854423820093,73.98878576952926,5.950640336698232,0.5543478260870824,2,1,failed_breakout_short,1.8805577224641599,TP3,2021-12-07 03:30:00+00:00,17.22277603576384,437.90998915940304,45,True
2021-12-09 01:15:00+00:00,18,GBP_AUD,SHORT,1.84198,1.8445302312292613,1.840509306312216,1.840509306312216,1.840509306312216,244400.06,3,ASIAN,2.0,0.0011968579971995384,17.290491575430742,43.93005842106741,1.845125400997751,1.8572038024053807,-66.56868045680886,False,0.0003086369836808212,63.934967575124176,-28.45400997750991,0.929078014184558,1,3,failed_breakout_short,1.840509306312216,TP3,2021-12-09 05:30:00+00:00,14.70693747959632,359.43764024295893,255,True
2021-12-16 14:45:00+00:00,18,GBP_AUD,SHORT,1.85193,1.8541610228938163,1.8488969313185508,1.8488969313185508,1.8488969313185508,280979.21,3,OVERLAP,2.0,0.0022111853742305156,31.964106070403382,58.726787699747966,1.8496601091541574,1.8530352418084157,28.542755597151803,False,0.0004908066493785935,72.44409362593291,25.098908458427438,0.21621621621618609,14,3,failed_breakout_short,1.8541610228938163,SL,2021-12-16 15:00:00+00:00,-22.3102289381627,-626.8710501964096,15,False
2021-12-17 08:30:00+00:00,18,GBP_AUD,LONG,1.85781,1.8566451842482228,1.859774447255332,1.859774447255332,1.859774447255332,532790.13,4,LONDON,2.0,0.0014725149675865017,19.12760107278102,46.0917987349544,1.8572137341460389,1.8548370828350769,-5.335713527250263,False,-0.00032992199517985253,32.94622298026061,3.562658539610908,0.07284768211908844,8,4,failed_breakout_long,1.859774447255332,TP3,2021-12-17 09:00:00+00:00,19.64447292202897,1046.6381281909296,30,True
2021-12-17 14:45:00+00:00,18,GBP_AUD,LONG,1.85603,1.8544135806639688,1.858269258008094,1.858269258008094,1.858269258008094,390411.51,3,OVERLAP,2.0,0.0016704930526296013,21.829588324206647,43.51284478611848,1.8571624079026934,1.8553774667773566,-16.640662228462055,False,-6.193331068583461e-05,30.64877900125631,-13.724079026933289,0.16315789473687717,14,4,failed_breakout_long,1.858269258008094,TP3,2021-12-17 15:15:00+00:00,22.39258065450233,874.2321226121043,30,True
2021-12-21 01:15:00+00:00,18,GBP_AUD,SHORT,1.85773,1.859852824687411,1.8560715259377667,1.8560715259377667,1.8560715259377667,301396.08,4,ASIAN,2.0,0.001273102990906324,25.824063468610852,52.51601750253485,1.8576653359435766,1.8572866157899441,-1.4346330674364083,False,7.012541206046248e-05,41.17986978662755,3.6466405642343602,0.2941176470586545,1,1,failed_breakout_short,1.8560715259377667,TP3,2021-12-21 01:30:00+00:00,16.58474117259804,499.8575977235653,15,True
2021-12-21 02:00:00+00:00,18,GBP_AUD,LONG,1.85674,1.8548649632513694,1.8584351102458916,1.8584351102458916,1.8584351102458916,343891.72,2,ASIAN,2.0,0.0012950682474566983,22.8969966797692,45.14673559300068,1.8574892649767125,1.8572516818013372,-16.661960088419914,False,-0.00019392109694502428,14.946566802364428,-10.492649767124274,0.7380952380953577,2,1,failed_breakout_long,1.8584351102458916,TP3,2021-12-21 03:00:00+00:00,16.951102951835047,582.9343950003632,60,True
2021-12-21 16:00:00+00:00,18,GBP_AUD,LONG,1.85629,1.8540707615796386,1.8581777152610843,1.8581777152610843,1.8581777152610843,293181.19,3,OVERLAP,2.0,0.0014578713520998427,27.5020013793849,44.90962857828454,1.857285931264473,1.857314386155608,-15.341976448612904,False,-0.0002461092475328614,36.64664224664015,-12.35931264472967,0.45685279187811595,16,1,failed_breakout_long,1.8540707615796386,SL,2021-12-21 17:45:00+00:00,-22.192384203614242,-650.6389609752827,105,False
2021-12-23 07:45:00+00:00,18,GBP_AUD,LONG,1.85053,1.8478481561338016,1.8518855315985951,1.8518855315985951,1.8518855315985951,240182.73,3,ASIAN,2.0,0.001156281465796925,33.36172027329685,46.030937171677955,1.8513506368224228,1.853950200869546,-32.0253163632711,False,-0.00012807765569313416,57.87975475475435,-11.206368224228047,0.41847826086951667,7,3,failed_breakout_long,1.8478481561338016,SL,2021-12-23 08:00:00+00:00,-26.81843866198408,-644.1325812172884,15,False
2021-12-24 01:30:00+00:00,18,GBP_AUD,SHORT,1.85351,1.854884935556287,1.851635193331139,1.851635193331139,1.851635193331139,463797.19,3,ASIAN,2.0,0.001389880318818731,20.685957172400688,58.42460159497053,1.8521031823812621,1.8530950475943104,8.964021724320315,False,0.0002770189086817337,80.84264431224591,17.068176187378103,0.16393442622949028,1,4,failed_breakout_short,1.851635193331139,TP3,2021-12-24 02:45:00+00:00,18.74806709283958,869.5300835590466,75,True
2021-12-24 06:15:00+00:00,18,GBP_AUD,LONG,1.85134,1.8500934382321745,1.8525896853034765,1.8525896853034765,1.8525896853034765,518535.51,3,ASIAN,2.0,0.0010193289973902207,32.87176525498263,38.40908697699458,1.852453365657327,1.8530515568325638,-17.095568798599636,False,-0.00037505863121715314,8.91194321156563,-14.133656573269704,0.476190476190451,6,4,failed_breakout_long,1.8525896853034765,TP3,2021-12-24 06:30:00+00:00,12.496853275767505,648.0062186745274,15,True
2021-12-24 14:30:00+00:00,18,GBP_AUD,SHORT,1.85277,1.8559383275065202,1.8505550174804397,1.8505550174804397,1.8505550174804397,206060.33,3,OVERLAP,2.0,0.0017140367978231324,22.605569770157864,50.18039595514214,1.8527443753874606,1.8529494311336336,3.1041828327960097,False,-1.2007929811196755e-05,52.018778586613884,2.6562461253942793,0.45955882352939253,14,4,failed_breakout_short,1.85234,TIME,2021-12-27 01:00:00+00:00,4.299999999999304,88.60594189998567,3510,True
2021-12-28 03:00:00+00:00,18,GBP_AUD,LONG,1.85653,1.855213962148212,1.8577781135553642,1.8577781135553642,1.8577781135553642,496758.25,3,ASIAN,2.0,0.0009997845818921043,27.71289691540398,46.78878185075628,1.8564586964217598,1.8550463534145634,-5.680790696007687,False,-7.450437160709926e-05,20.11205640238406,-2.2869642175971094,0.03448275862053124,3,1,failed_breakout_long,1.855213962148212,SL,2021-12-28 04:30:00+00:00,-13.16037851788021,-653.7526601879767,90,False
2021-12-29 08:45:00+00:00,18,GBP_AUD,LONG,1.85616,1.8540951339552343,1.8575845981342967,1.8575845981342967,1.8575845981342967,313441.71,3,LONDON,2.0,0.001121179797421706,36.18201155341388,41.66374617333392,1.85738772820106,1.856382474987362,4.3158253441744066,False,-0.0002928972334500901,27.93916653167039,-14.677282010600035,0.7874015748033106,8,2,failed_breakout_long,1.8575845981342967,TP3,2021-12-29 09:15:00+00:00,14.24598179746806,446.52848952272626,30,True
2021-12-29 15:00:00+00:00,18,GBP_AUD,SHORT,1.85887,1.8619192884983922,1.8569521345048232,1.8569521345048232,1.8569521345048232,213715.57,2,OVERLAP,2.0,0.0014815357827284948,21.73457578971789,50.58623608388187,1.858517829990275,1.856969043916968,4.884125262749617,False,1.4987742755494856e-05,51.88706339067243,5.921700097251126,0.4901960784313085,15,2,failed_breakout_short,1.8569521345048232,TP3,2021-12-29 15:30:00+00:00,19.178655849159632,409.87773666369856,30,True
2021-12-30 01:30:00+00:00,18,GBP_AUD,SHORT,1.85927,1.861381030565596,1.857916908303212,1.857916908303212,1.857916908303212,310644.11,3,ASIAN,2.0,0.0011590567646781263,13.201670977491922,50.02925931639424,1.8593539078252517,1.8578354799431394,7.198280855362782,False,5.562342187473253e-05,51.73459495440843,2.1609217474827247,0.27368421052635394,1,3,failed_breakout_short,1.857916908303212,TP3,2021-12-30 04:00:00+00:00,13.530917403454945,420.3299794279772,150,True
2021-12-31 09:45:00+00:00,18,GBP_AUD,LONG,1.85897,1.8578194703889477,1.860201588833157,1.860201588833157,1.860201588833157,573633.65,4,LONDON,2.0,0.0010209835633828387,32.45090234606215,41.22972370811997,1.860075440046051,1.85915336873914,-4.927915458550203,False,-0.00013491007203505324,26.26654227732656,-13.45440046051083,0.22077922077924325,9,4,failed_breakout_long,1.8578194703889477,SL,2021-12-31 10:15:00+00:00,-11.505296110523311,-659.982500221029,30,False
2022-01-03 02:15:00+00:00,18,GBP_AUD,SHORT,1.86229,1.864005784743911,1.8605926457682669,1.8605926457682669,1.8605926457682669,380806.9,4,ASIAN,2.0,0.0013057430958347944,27.319672430063374,58.58842702694579,1.8606517591646066,1.8598159216686332,19.31641038106724,False,0.00037772802530087514,82.95628771921524,19.38240835393401,0.8453608247421925,2,0,failed_breakout_short,1.864005784743911,SL,2022-01-03 03:30:00+00:00,-17.157847439110974,-653.3826693960789,75,False
2022-01-04 01:30:00+00:00,18,GBP_AUD,LONG,1.8720299999999999,1.8701539072916535,1.873548278125039,1.873548278125039,1.873548278125039,344785.12,4,ASIAN,2.0,0.0012363150297861104,18.25789369732238,45.23873511682168,1.8713371628247766,1.8653639215525788,26.943136076829077,False,-0.00041193715024617224,17.298007605452614,3.9283717522331507,0.5161290322580275,1,1,failed_breakout_long,1.8701539072916535,SL,2022-01-04 03:15:00+00:00,-18.76092708346322,-646.8488495783116,105,False
2022-01-04 16:00:00+00:00,18,GBP_AUD,LONG,1.87063,1.869361273177722,1.8726961804668343,1.8726961804668343,1.8726961804668343,504742.51,3,OVERLAP,2.0,0.001554778384230688,36.442391741686144,37.304547915959404,1.8721719294912693,1.868095579169466,-25.72554837440677,False,-0.0006342390740922659,15.607915087862741,-17.819294912693184,0.07303370786514331,16,1,failed_breakout_long,1.869361273177722,SL,2022-01-04 17:15:00+00:00,-12.687268222779656,-640.3803607809043,75,False
2022-01-05 07:45:00+00:00,18,GBP_AUD,LONG,1.87117,1.8690588080690416,1.8724335757928756,1.8724335757928756,1.8724335757928756,300293.19,3,ASIAN,2.0,0.0010393564432086963,19.683432602241524,51.966087654751504,1.8704232347274552,1.8689193190657776,-6.932292643222482,False,-0.00011278305109151734,39.60845397348809,4.467652725448357,0.4299999999998823,7,2,failed_breakout_long,1.8724335757928756,TP3,2022-01-05 08:00:00+00:00,12.635758349536854,379.4432182851557,15,True
2022-01-05 08:15:00+00:00,18,GBP_AUD,SHORT,1.87041,1.8730093440629183,1.8689719678112449,1.8689719678112449,1.8689719678112449,245358.43,3,LONDON,2.0,0.0011973532597054414,19.01020609186454,49.26903219289547,1.8705035934566014,1.8689700407000784,-9.340723059876321,False,-6.915110665885968e-05,58.6732601153858,1.464065433984807,0.7477477477477829,8,2,failed_breakout_short,1.8689719678112449,TP3,2022-01-05 09:15:00+00:00,14.38032247364492,352.8333345027234,60,True
2022-01-06 15:15:00+00:00,18,GBP_AUD,SHORT,1.88846,1.8917359774018938,1.8860120677943186,1.8860120677943186,1.8860120677943186,195758.16,3,OVERLAP,2.0,0.0018882437463741838,19.56551363105588,52.83761476865755,1.8860523562988172,1.877361289076779,5.212605821844907,False,-1.1423592189584685e-05,64.50978644161927,26.47643701182867,0.5605095541401364,15,3,failed_breakout_short,1.8860120677943186,TP3,2022-01-06 22:00:00+00:00,24.47932330730198,479.20272886825495,405,True
2022-01-07 15:00:00+00:00,18,GBP_AUD,LONG,1.89247,1.890570668125079,1.8948679956247638,1.8948679956247638,1.8948679956247638,340167.7,3,OVERLAP,2.0,0.0017644734819965576,23.131634651848344,45.46183405204504,1.892401732962088,1.8858348741966773,-17.10013768644769,False,-0.0003375679456371583,14.759961323776425,-1.7173296208783384,0.09239130434782478,15,4,failed_breakout_long,1.8948679956247638,TP3,2022-01-07 15:30:00+00:00,23.979956952582395,815.7206802658962,30,True
2022-01-09 23:30:00+00:00,18,GBP_AUD,SHORT,1.89222,1.8942929267838966,1.8906812196483103,1.8906812196483103,1.8906812196483103,315615.85,2,NY,2.0,0.001231864027236455,24.337710621934498,51.90959270965939,1.8921774649335785,1.8876405782506418,-8.698599192551448,False,0.00011596096838704577,83.36012799913517,3.425350664214566,0.7938931297709859,23,6,failed_breakout_short,1.8906812196483103,TP3,2022-01-10 01:30:00+00:00,15.387804004446004,485.66348404966294,120,True
2022-01-10 16:00:00+00:00,18,GBP_AUD,SHORT,1.89251,1.8961796222594767,1.89020113322157,1.89020113322157,1.89020113322157,179611.18,2,OVERLAP,2.0,0.0017128699104566,34.461644523715215,58.24068992705476,1.8903373161657582,1.8886902312129676,23.397242318288214,False,0.000391984709467929,64.27031614778382,24.126838342417578,0.4021164021164158,16,0,failed_breakout_short,1.89020113322157,TP3,2022-01-10 22:00:00+00:00,23.088669069779513,414.69830962526004,360,True
2022-01-11 07:00:00+00:00,18,GBP_AUD,SHORT,1.89231,1.8942616294918029,1.8909851115245915,1.8909851115245915,1.8909851115245915,339845.33,3,ASIAN,2.0,0.0011065976276337683,24.731311761768573,57.529385289080516,1.8913504981690716,1.8899863722273065,15.348285306386877,False,0.0003018799895503098,76.61245082769697,12.595018309282668,0.7446808510638734,7,1,failed_breakout_short,1.8909851115245915,TP3,2022-01-11 07:15:00+00:00,13.248885143935015,450.25717438726934,15,True
2022-01-11 14:45:00+00:00,18,GBP_AUD,SHORT,1.89442,1.8961680237814076,1.8925659286557774,1.8925659286557774,1.8925659286557774,382005.53,3,OVERLAP,2.0,0.0014256155940425336,19.02791560610416,56.032928352550755,1.893130704032443,1.8909920608653998,6.770574475485347,False,8.225453226628793e-05,64.54285429007935,15.292959675570206,0.39226519337014,14,1,failed_breakout_short,1.8925659286557774,TP3,2022-01-11 16:30:00+00:00,18.54071392757748,708.2655250482619,105,True
2022-01-12 01:30:00+00:00,18,GBP_AUD,SHORT,1.8900700000000001,1.8920642447747396,1.8889172656757816,1.8889172656757816,1.8889172656757816,338392.46,2,ASIAN,2.0,0.0009957402959448378,18.725015345966167,47.09867178020341,1.8911419933553557,1.8909669448232,-26.96854365911827,False,0.00010244709047414784,49.95280043357013,-7.7199335535560465,0.3851851851850877,1,2,failed_breakout_short,1.8889172656757816,TP3,2022-01-12 06:30:00+00:00,11.527343582835972,390.07661522610783,300,True
2022-01-12 08:45:00+00:00,18,GBP_AUD,SHORT,1.8913,1.892910503145601,1.8900384905631968,1.8900384905631968,1.8900384905631968,421444.8,3,LONDON,2.0,0.0010302201275448068,21.518993547858916,57.71786250705838,1.8907378168275488,1.8908475030837104,-3.356904670317462,False,0.00025899235994599997,71.51302189237627,8.021831724511763,0.36170212765960463,8,2,failed_breakout_short,1.8900384905631968,TP3,2022-01-12 09:15:00+00:00,12.615094667361127,531.6566049067077,30,True
2022-01-13 02:15:00+00:00,18,GBP_AUD,SHORT,1.8827800000000001,1.8843704089720124,1.8816387730839632,1.8816387730839632,1.8816387730839632,430112.47,3,ASIAN,2.0,0.0009636166623085888,23.084990709052047,55.527964973187835,1.8831852347567306,1.8873093734736879,-19.345572473188355,False,0.0002702064400428805,68.84277350739337,-1.0523475673052118,0.6,2,3,failed_breakout_short,1.8816387730839632,TP3,2022-01-13 03:45:00+00:00,11.41226942570129,490.8559390993863,90,True
2022-01-13 08:30:00+00:00,18,GBP_AUD,LONG,1.88137,1.8785822896265727,1.8828331311202824,1.8828331311202824,1.8828331311202824,247143.07,4,LONDON,2.0,0.001161462122079575,28.93473742176607,47.33701660378294,1.882100813368801,1.886043150156953,10.612799303826304,False,-0.00013068995707006764,44.94703284857348,-9.708133688011156,0.6400000000000237,8,3,failed_breakout_long,1.8785822896265727,SL,2022-01-13 13:30:00+00:00,-27.87710373427288,-688.9632999596664,300,False
2022-01-13 13:45:00+00:00,18,GBP_AUD,LONG,1.88042,1.8781322083927443,1.8820933748217672,1.8820933748217672,1.8820933748217672,298136.27,2,OVERLAP,2.0,0.0012780415563320784,35.50669030975271,47.908747589698656,1.881059897380561,1.8849530826290681,-0.23401977026438203,False,-2.427261558429159e-05,50.806327191912224,-8.798973805610455,0.2290076335877358,13,3,failed_breakout_long,1.8820933748217672,TP3,2022-01-13 15:15:00+00:00,16.733748778950662,498.8937444073406,90,True
2022-01-14 08:30:00+00:00,18,GBP_AUD,LONG,1.88542,1.8825366122492486,1.887080163252254,1.887080163252254,1.887080163252254,238283.11,3,LONDON,2.0,0.0012927201085381223,26.720184220912607,53.47586714744098,1.884215810212802,1.8842727950298934,8.996221639641089,False,-5.1788720485006e-05,50.63159363362079,9.641897871981442,0.6319018404908426,8,4,failed_breakout_long,1.887080163252254,TP3,2022-01-14 09:00:00+00:00,16.601633219258133,395.58887945641396,30,True
2022-01-17 09:30:00+00:00,18,GBP_AUD,LONG,1.89568,1.8936737172180285,1.896988848345915,1.896988848345915,1.896988848345915,344427.26,3,LONDON,2.0,0.001028810880804559,29.269340929527097,43.866615222991165,1.8958836258641631,1.891021621868462,0.510181861161918,False,-0.0002843194627499007,30.814939699316785,-4.43625864163133,0.7346938775510897,9,0,failed_breakout_long,1.8936737172180285,SL,2022-01-17 11:00:00+00:00,-20.06282781971569,-691.0184813796449,90,False
2022-01-19 01:00:00+00:00,18,GBP_AUD,SHORT,1.89155,1.8937412406358891,1.8902562780923327,1.8902562780923327,1.8902562780923327,312201.36,2,ASIAN,2.0,0.0010623040380798128,17.860278543542655,48.27308880840908,1.8921864213861843,1.8922687261566629,-6.115082008273376,False,-3.628450914103219e-06,55.96822244290119,-3.364213861842824,0.29245283018869306,1,2,failed_breakout_short,1.8937412406358891,SL,2022-01-19 03:30:00+00:00,-21.91240635889047,-684.1083066118252,150,False
2022-01-24 11:00:00+00:00,18,GBP_AUD,SHORT,1.8912,1.8936075255162894,1.8891074234511316,1.8891074234511316,1.8891074234511316,281312.58,2,LONDON,2.0,0.0015011188159661842,31.620944969669555,53.535648351686724,1.8897464602318566,1.8872658412780174,-0.34033369148644965,False,-9.63849716492086e-05,52.896555661394416,16.935397681434594,0.11249999999988551,11,0,failed_breakout_short,1.8936075255162894,SL,2022-01-24 13:15:00+00:00,-24.075255162894212,-677.2672144032092,135,False
2022-01-28 01:00:00+00:00,18,GBP_AUD,SHORT,1.90221,1.9047376341079338,1.9007170976761985,1.9007170976761985,1.9007170976761985,265265.67,2,ASIAN,2.0,0.001228463343305687,24.389320520614188,52.919791639641794,1.9004883743217058,1.8945154143162375,58.58624733658058,False,-0.0001298292916739911,63.72234647703453,20.216256782941144,0.5939393939393279,1,4,failed_breakout_short,1.9047376341079338,SL,2022-01-28 04:00:00+00:00,-25.276341079338845,-670.4945551559342,180,False
2022-01-28 15:00:00+00:00,18,GBP_AUD,SHORT,1.91781,1.9231014632460925,1.914745610261722,1.914745610261722,1.914745610261722,125445.38,2,OVERLAP,2.0,0.002230574599886351,29.171947200182032,56.16001659059912,1.9126568052797976,1.9017380251085483,21.54504668005819,False,-0.00039918432255997126,51.350946111893144,53.93194720202388,0.28185328185325637,15,4,failed_breakout_short,1.914745610261722,TP3,2022-01-28 15:45:00+00:00,30.643899825588473,384.413565830288,45,True
2022-02-01 15:15:00+00:00,18,GBP_AUD,SHORT,1.90418,1.9054895358761574,1.9018113923715274,1.9018113923715274,1.9018113923715274,509824.7,4,OVERLAP,2.0,0.0016984237700068754,33.94197647026934,60.472414582127755,1.9025695935859106,1.9042288268315284,20.52937765412821,False,0.0005380749954875969,81.64226815472391,18.504064140894005,0.07692307692301853,15,1,failed_breakout_short,1.9018113923715274,TP3,2022-02-01 15:45:00+00:00,23.686076749318303,1207.574697289818,30,True
2022-02-02 14:15:00+00:00,18,GBP_AUD,SHORT,1.89833,1.9011068055918934,1.8963595832243199,1.8963595832243199,1.8963595832243199,244781.08,2,OVERLAP,2.0,0.001486210384944906,21.618148188177233,57.5754805161694,1.8970042881650917,1.899736977050159,12.118968425600674,False,0.00026110345435336976,75.52502079637641,15.657118349083898,0.7454545454543815,14,2,failed_breakout_short,1.9011068055918934,SL,2022-02-02 14:30:00+00:00,-27.768055918933054,-679.7094717336826,15,False
2022-02-03 00:45:00+00:00,18,GBP_AUD,SHORT,1.90426,1.905808467079705,1.9029145987608849,1.9029145987608849,1.9029145987608849,434566.8,2,ASIAN,2.0,0.0010700102908808165,28.360332558843112,62.39665069059844,1.9018067256299607,1.9007669872270334,42.208057183226174,False,0.00019707407819788197,60.49350459270886,27.532743700393603,0.3611111111109826,0,3,failed_breakout_short,1.9029145987608849,TP3,2022-02-03 02:30:00+00:00,13.454012700747917,584.666724652338,105,True
2022-02-08 09:00:00+00:00,18,GBP_AUD,LONG,1.90017,1.8966784279470652,1.9020347161588043,1.9020347161588043,1.9020347161588043,194399.27,2,LONDON,2.0,0.0013864909554502927,22.133322887983812,55.05737657348602,1.8992618454485695,1.9029727402334002,12.999577986179123,False,-2.019688675076339e-05,54.93771513027931,6.681545514304332,0.2051282051280494,9,1,failed_breakout_long,1.9020347161588043,TP3,2022-02-08 10:45:00+00:00,18.647162547263203,362.49947867593073,105,True
2022-02-09 02:00:00+00:00,18,GBP_AUD,LONG,1.89469,1.8932346454591098,1.8958760636226701,1.8958760636226701,1.8958760636226701,468878.22,2,ASIAN,2.0,0.001028515575938668,33.85416237249037,36.23707596602684,1.8969580246165205,1.9005259473381768,-51.06189518111037,False,-1.0587751078716852e-05,19.075817181804943,-25.680246165205034,0.2434210526315722,2,2,failed_breakout_long,1.8932346454591098,SL,2022-02-09 03:00:00+00:00,-14.553545408901858,-682.3840466015075,60,False
2022-02-09 08:30:00+00:00,18,GBP_AUD,SHORT,1.89414,1.895696402790249,1.8928307916292535,1.8928307916292535,1.8928307916292535,434052.3,4,LONDON,2.0,0.0010533194676049973,28.93797943732028,52.63629041943467,1.8947712173346762,1.8989144332812224,-0.46935496022415535,False,0.0002665906374623287,66.1993795220185,-3.9121733467628594,0.530303030303145,8,2,failed_breakout_short,1.8928307916292535,TP3,2022-02-09 08:45:00+00:00,13.09208400908896,568.2649175938285,15,True
2022-02-10 07:30:00+00:00,18,GBP_AUD,LONG,1.88615,1.8847455938177395,1.8872132185467811,1.8872132185467811,1.8872132185467811,485075.38,4,ASIAN,2.0,0.0008974686241978993,28.725438130996793,44.95332691000985,1.88664446994245,1.8917021943917813,-25.07164197942391,False,-0.00014900057215869254,30.17827820783988,-7.944699424500268,0.7066666666665324,7,3,failed_breakout_long,1.8847455938177395,SL,2022-02-10 07:45:00+00:00,-14.044061822604535,-681.2428625343388,15,False
2022-02-14 09:00:00+00:00,18,GBP_AUD,SHORT,1.90321,1.9052584178538357,1.9011747464384936,1.9011747464384936,1.9011747464384936,329244.56,3,LONDON,2.0,0.0015299188714087148,27.651428039520937,62.8341822400701,1.9007447317399386,1.896911199894797,9.124889297853489,False,0.00023037483079494942,78.99530270159003,27.052682600614553,0.16470588235284128,9,0,failed_breakout_short,1.9052584178538357,SL,2022-02-14 10:30:00+00:00,-20.484178538355824,-674.4304349822406,90,False
2022-02-15 01:45:00+00:00,18,GBP_AUD,SHORT,1.8985,1.9011205038264194,1.896698488520742,1.896698488520742,1.896698488520742,254793.04,3,ASIAN,2.0,0.0014009356776358316,22.38511319045065,52.48454343557219,1.8986926316672077,1.8979912134066028,-13.037330898237887,False,0.00024707142139063546,63.83556007761698,1.073683327923458,0.8428571428570726,1,1,failed_breakout_short,1.896698488520742,TP3,2022-02-15 02:15:00+00:00,18.015115499628934,459.01260441015756,30,True
2022-02-16 01:15:00+00:00,18,GBP_AUD,SHORT,1.89388,1.8951138476013905,1.8924584571958283,1.8924584571958283,1.8924584571958283,544861.66,3,ASIAN,2.0,0.0011192884025824925,22.54426462744953,54.292934062023356,1.8942501357844506,1.8965450570464546,-14.635736738477512,False,0.0002249316940016289,80.77875825629107,-0.7013578445058677,0.44594594594588916,1,2,failed_breakout_short,1.8951138476013905,SL,2022-02-16 01:30:00+00:00,-12.338476013904476,-672.2762522806177,15,False
2022-02-16 02:30:00+00:00,18,GBP_AUD,LONG,1.89305,1.8911681090422459,1.8945856728732622,1.8945856728732622,1.8945856728732622,353662.09,2,ASIAN,2.0,0.001197083207257517,31.68099169395095,44.23106330428873,1.8941046250425786,1.8963958290980951,-28.004946886772686,False,-7.970999244678528e-05,29.90141307919717,-13.54625042578661,0.3647058823529719,2,2,failed_breakout_long,1.8911681090422459,SL,2022-02-16 06:30:00+00:00,-18.8189095775404,-665.5534892713955,240,False
2022-02-17 14:00:00+00:00,18,GBP_AUD,SHORT,1.88826,1.8930476618589573,1.885807014423128,1.885807014423128,1.885807014423128,137624.16,3,OVERLAP,2.0,0.001893514880920743,19.926852187525384,46.87262797360444,1.8890990337548708,1.891021786300941,-6.115875533843074,False,8.67122428442684e-05,56.69614825540381,-5.9903375487069255,0.6750788643533443,14,3,failed_breakout_short,1.8930476618589573,SL,2022-02-17 15:15:00+00:00,-47.87661858957293,-658.8979417030359,75,False
2022-02-18 08:45:00+00:00,18,GBP_AUD,LONG,1.88881,1.8860989199850304,1.8904332400449089,1.8904332400449089,1.8904332400449089,240608.53,2,LONDON,2.0,0.0012834343135149889,25.31836229953815,46.066626214158845,1.8901812339771296,1.891220749617941,10.785680379175044,False,2.3695156826672534e-05,31.67006623903355,-16.11233977129478,0.8241758241758859,8,4,failed_breakout_long,1.8904332400449089,TP3,2022-02-18 09:15:00+00:00,16.232401123727133,390.5654172750334,30,True
2022-02-18 13:15:00+00:00,18,GBP_AUD,LONG,1.88868,1.8866022708769385,1.8903831873691848,1.8903831873691848,1.8903831873691848,315832.62,2,OVERLAP,2.0,0.0012943540856859175,21.705294220687325,46.55454526395441,1.8895335769734483,1.8908485229687102,-2.5269674040040435,False,-7.703405568040348e-05,34.25560997635497,-10.935769734483625,0.17187499999991868,13,4,failed_breakout_long,1.8903831873691848,TP3,2022-02-18 15:30:00+00:00,17.031874231117428,537.9221461924303,135,True
2022-02-21 01:15:00+00:00,18,GBP_AUD,LONG,1.8922299999999999,1.889892641379934,1.894112075860198,1.894112075860198,1.894112075860198,283051.92,3,ASIAN,2.0,0.0014743802944083252,36.16674005157468,42.15209829128354,1.8927533609327194,1.8916378283526127,9.973469683490777,False,-0.0004161798420780916,17.122226188351373,-8.23360932719508,0.7225433526011368,1,0,failed_breakout_long,1.889892641379934,SL,2022-02-21 02:45:00+00:00,-23.37358620065899,-661.5938451382033,90,False
2022-02-22 01:15:00+00:00,18,GBP_AUD,LONG,1.8898599999999999,1.8873014959714505,1.8917155120856484,1.8917155120856484,1.8917155120856484,256000.34,3,ASIAN,2.0,0.0014279360530204674,30.687444883708086,44.02279268141392,1.8903336414836829,1.8905251591976677,0.7771303534021001,False,-0.00042481630620018566,26.016990834326,-7.736414836829741,0.5114503816793803,1,1,failed_breakout_long,1.8873014959714505,SL,2022-02-22 02:00:00+00:00,-25.58504028549402,-654.9779012000166,45,False
2022-02-23 02:15:00+00:00,18,GBP_AUD,LONG,1.88065,1.8784621297931783,1.882563610620465,1.882563610620465,1.882563610620465,296374.13,4,ASIAN,2.0,0.0014524732412403373,24.673574635860447,46.901478530570415,1.8812465120401414,1.885146091820201,-5.407686675737988,False,-2.567108709221501e-05,34.87002040635088,-8.965120401414062,0.46956521739129764,2,2,failed_breakout_long,1.8784621297931783,SL,2022-02-23 07:00:00+00:00,-21.878702068216516,-648.4281290996871,285,False
2022-02-23 07:30:00+00:00,18,GBP_AUD,LONG,1.87902,1.8772105670275991,1.8804282989172025,1.8804282989172025,1.8804282989172025,354776.25,2,ASIAN,2.0,0.001148232663030219,33.65413701638933,41.36153874835861,1.8804556649808,1.8841782081386877,-20.42851922686495,False,-0.00021577457526441267,24.94195944660075,-17.356649808000224,0.7480314960629357,7,2,failed_breakout_long,1.8772105670275991,SL,2022-02-23 08:00:00+00:00,-18.094329724007704,-641.9438445746989,30,False
2022-03-01 01:00:00+00:00,18,GBP_AUD,SHORT,1.84732,1.8501117421948605,1.8457247734154187,1.8457247734154187,1.8457247734154187,227644.38,3,ASIAN,2.0,0.001288949790455144,26.294449289966984,45.57812566458687,1.8496661961676284,1.8569230797879719,-47.107620761759335,False,0.0002330802363472947,50.631428568266834,-20.461961676283558,0.8456790123456231,1,1,failed_breakout_short,1.8457247734154187,TP3,2022-03-01 02:45:00+00:00,15.952266546567104,363.144382758801,105,True
2022-03-02 16:00:00+00:00,18,GBP_AUD,SHORT,1.83472,1.8379320119114522,1.8322239642656437,1.8322239642656437,1.8322239642656437,198989.26,3,OVERLAP,2.0,0.0018315935498395648,33.74327779328589,53.45778857995351,1.83406572324384,1.8405174488463052,8.44636255053599,False,0.0001298905872148305,59.585769980506086,8.942767561599396,0.4145077720207975,16,2,failed_breakout_short,1.8322239642656437,TP3,2022-03-02 18:45:00+00:00,24.960358597918955,496.6843286734531,165,True
2022-03-07 07:15:00+00:00,18,GBP_AUD,LONG,1.78259,1.7786290991429619,1.7847827025711147,1.7847827025711147,1.7847827025711147,162620.25,2,ASIAN,2.0,0.0017395301630710098,23.982978968366623,47.94761149070499,1.7864487772171085,1.8056010783514131,-121.72215396525354,False,0.0003923380887576105,37.43940634890256,-41.587772171085554,0.9781818181817562,7,0,failed_breakout_long,1.7786290991429619,SL,2022-03-07 08:15:00+00:00,-39.60900857038041,-644.1226875967405,60,False
2022-03-07 08:15:00+00:00,18,GBP_AUD,LONG,1.77962,1.7781262613396014,1.7820312159811955,1.7820312159811955,1.7820312159811955,426902.97,3,LONDON,2.0,0.0017540860835972242,21.733200717519644,38.90435680432567,1.7855780295293469,1.804620815341424,-2.017748188507529,False,0.00017317158268242852,31.335776988158525,-61.980295293468934,0.12658227848100553,8,0,failed_breakout_long,1.7781262613396014,SL,2022-03-07 08:30:00+00:00,-14.937386603985912,-637.68147052798,15,False
2022-03-08 03:15:00+00:00,18,GBP_AUD,SHORT,1.79199,1.7935648550636996,1.789785434808901,1.789785434808901,1.789785434808901,400865.24,3,ASIAN,2.0,0.001613302261156442,31.139413468355034,60.678767302740205,1.789160140250756,1.7957776373776206,64.79544409321747,False,0.0005023702252462082,91.73559897940363,31.298597492439573,0.40909090909106965,3,1,failed_breakout_short,1.7935648550636996,SL,2022-03-08 04:15:00+00:00,-15.748550636995871,-631.3046530751503,60,False
2022-03-09 08:45:00+00:00,18,GBP_AUD,LONG,1.79733,1.7951418626031952,1.7992444121904148,1.7992444121904148,1.7992444121904148,285627.23,2,LONDON,2.0,0.0014336837369234416,35.783296893117324,36.137926078463806,1.8002705350696524,1.799075702256674,2.996628390297129,False,-0.0004111470158642764,31.871186750582492,-31.805350696523238,0.47142857142862354,8,2,failed_breakout_long,1.7951418626031952,SL,2022-03-09 09:00:00+00:00,-21.88137396804901,-624.9916235087948,15,False
2022-03-10 01:30:00+00:00,18,GBP_AUD,SHORT,1.80209,1.8045176086730035,1.8003571739809898,1.8003571739809898,1.8003571739809898,254877.03,5,ASIAN,2.0,0.0013441303927205868,35.31540510744045,57.38489902345724,1.8001430754455998,1.7990129901402105,47.25485991838196,False,0.00010495867999680338,62.41370184300417,22.469245544001204,0.516666666666682,1,3,failed_breakout_short,1.8003571739809898,TP3,2022-03-10 02:15:00+00:00,17.328260869968947,441.6575665602901,45,True
2022-03-10 07:30:00+00:00,18,GBP_AUD,LONG,1.79735,1.7951331153394792,1.7991106539815627,1.7991106539815627,1.7991106539815627,281096.39,2,ASIAN,2.0,0.0013692143695387664,30.40245246827658,41.92254917573224,1.7991056164716699,1.7989425229285048,-7.671145781016353,False,-0.00023705583408547377,29.952699563638188,-20.55616471669852,0.6793893129771833,7,3,failed_breakout_long,1.7951331153394792,SL,2022-03-10 08:00:00+00:00,-22.168846605208348,-623.1582751187822,30,False
2022-03-10 13:45:00+00:00,18,GBP_AUD,LONG,1.79363,1.7904799890437653,1.7964500328687045,1.7964500328687045,1.7964500328687045,195849.06,2,OVERLAP,2.0,0.002028591775864738,25.142829361588404,44.03449786921127,1.7959843454934963,1.797886835525915,-7.457844097986666,False,7.847403999836067e-05,43.0564117986113,-25.943454934962418,0.22872340425529653,13,3,failed_breakout_long,1.7904799890437653,SL,2022-03-10 14:15:00+00:00,-31.500109562347944,-616.9266847682857,30,False
2022-03-11 08:30:00+00:00,18,GBP_AUD,SHORT,1.78097,1.7849025773104419,1.7788922680686743,1.7788922680686743,1.7788922680686743,155307.16,3,LONDON,2.0,0.001639786433677785,27.48083803037941,48.15810380188311,1.7822526846604079,1.7892381201463243,-7.056576627197941,False,-2.8612493619181828e-05,68.49275181464668,-10.42684660407911,0.9581881533100649,8,4,failed_breakout_short,1.7849025773104419,SL,2022-03-11 09:30:00+00:00,-39.32577310441942,-610.7574135651764,60,False
2022-03-14 01:15:00+00:00,18,GBP_AUD,SHORT,1.79241,1.793642588474485,1.7905722345765447,1.7905722345765447,1.7905722345765447,490552.9,4,ASIAN,2.0,0.0013955214526151468,36.64600498664522,73.23596977543926,1.7881212914894653,1.7885377831757931,53.09981415153153,False,0.000449291638162578,88.83974302744822,45.887085105347225,0.11881188118802304,1,0,failed_breakout_short,1.793642588474485,SL,2022-03-14 02:30:00+00:00,-12.325884744850413,-604.6498506652131,75,False
2022-03-15 07:15:00+00:00,18,GBP_AUD,SHORT,1.81421,1.8179069954017841,1.8119690137946476,1.8119690137946476,1.8119690137946476,161916.17,3,ASIAN,2.0,0.0017179914604563342,27.9824403314846,53.477481420864386,1.8113012717933998,1.8011784324509257,87.75610384777588,False,-0.00035203118398283726,45.75832309493361,32.08728206600231,0.21674876847290694,7,1,failed_breakout_short,1.8119690137946476,TP3,2022-03-15 07:45:00+00:00,22.409863437566145,362.85192580337446,30,True
2022-03-16 15:00:00+00:00,18,GBP_AUD,SHORT,1.80574,1.8076904182017324,1.8030987453948026,1.8030987453948026,1.8030987453948026,308770.64,3,OVERLAP,2.0,0.0019029195175030906,25.479323631619483,52.72269508217726,1.8065499565183107,1.8069741821976657,9.971702476629929,False,0.0003288160421274608,81.85893747602661,-5.699565183108213,0.37125748503001493,15,2,failed_breakout_short,1.8076904182017324,SL,2022-03-16 15:15:00+00:00,-19.50418201732473,-602.2318764165849,15,False
2022-03-16 18:15:00+00:00,18,GBP_AUD,SHORT,1.80742,1.8101904995410756,1.804778501376773,1.804778501376773,1.804778501376773,215199.3,4,NY,2.0,0.0019502134334262033,19.575324546731743,55.601957395230954,1.8066459785654316,1.8069529273942608,20.17747173035822,False,0.00018903980662923612,49.206046505715356,10.740214345683619,0.24309392265191948,18,2,failed_breakout_short,1.804778501376773,TP3,2022-03-16 18:45:00+00:00,26.41498745973663,568.44868108441,30,True
2022-03-16 18:45:00+00:00,18,GBP_AUD,SHORT,1.8054000000000001,1.8103465276655193,1.8025004170034422,1.8025004170034422,1.8025004170034422,121680.11,4,NY,2.0,0.002150694235964435,16.924991111444672,48.49128457790549,1.806579644189005,1.8069297922759369,-0.7394480187072894,False,5.66334214257129e-06,38.20123358136499,-8.7964418900488,0.05882352941168239,18,2,failed_breakout_short,1.8025004170034422,TP3,2022-03-16 19:45:00+00:00,28.995832348534634,352.8216069711253,60,True
2022-03-22 00:15:00+00:00,18,GBP_AUD,SHORT,1.77886,1.781122495972132,1.777682512083604,1.777682512083604,1.777682512083604,267590.42,4,ASIAN,2.0,0.0009724925196738287,28.64161085382426,46.23938363067923,1.7795241754528648,1.781465852468996,-5.833039609230983,False,7.980691545647877e-05,48.756339048541825,-3.641754528647123,0.901234567901133,0,1,failed_breakout_short,1.781122495972132,SL,2022-03-22 01:45:00+00:00,-22.62495972131795,-605.4222474310553,90,False
2022-03-28 07:15:00+00:00,18,GBP_AUD,SHORT,1.74889,1.751146795204949,1.7469796143851526,1.7469796143851526,1.7469796143851526,265583.7,4,ASIAN,2.0,0.001506905380619809,30.85606593193068,49.26154731277744,1.7506297212810147,1.7559870126484423,-41.11159212932591,False,0.00045180225746058113,76.17796594728995,-14.397212810146609,0.5773195876288554,7,0,failed_breakout_short,1.7469796143851526,TP3,2022-03-28 07:30:00+00:00,19.103856867790487,507.3672991218209,15,True
2022-03-29 01:45:00+00:00,18,GBP_AUD,SHORT,1.7484600000000001,1.7513282438185094,1.7466052685444722,1.7466052685444722,1.7466052685444722,210735.82,4,ASIAN,2.0,0.0014703099486600704,28.091486946469654,52.60582847423944,1.748047094537831,1.7516022994001554,11.026602261001717,False,0.00020339075871418655,50.37562479422939,7.129054621690667,0.952879581151869,1,1,failed_breakout_short,1.7513282438185094,SL,2022-03-29 03:30:00+00:00,-28.682438185092526,-604.4417130534786,105,False
2022-03-30 08:15:00+00:00,18,GBP_AUD,SHORT,1.74601,1.748212242224307,1.7438732733270794,1.7438732733270794,1.7438732733270794,271721.83,3,LONDON,2.0,0.0015663069879985466,25.118033099424327,64.07769546203916,1.743942445313829,1.7471706032002854,-2.583381492826664,False,0.0005790161537479365,83.82745148243451,23.07554686171054,0.12781954887217795,8,2,failed_breakout_short,1.748212242224307,SL,2022-03-30 08:30:00+00:00,-22.022422243068714,-598.3972872919337,15,False
2022-03-31 01:00:00+00:00,18,GBP_AUD,LONG,1.7498,1.7458524649470448,1.7519226051588659,1.7519226051588659,1.7519226051588659,150071.7,4,ASIAN,2.0,0.0015768508126312731,33.824590410982914,50.80996012347068,1.748966626696238,1.7482361221503548,0.3907383370505002,False,3.025958756820062e-05,49.520030517260786,5.333733037620192,0.04629629629638577,1,3,failed_breakout_long,1.7519226051588659,TP3,2022-03-31 03:30:00+00:00,21.22605300305267,318.542985845822,150,True
2022-03-31 13:30:00+00:00,18,GBP_AUD,LONG,1.75183,1.748571059795131,1.7543768206146075,1.7543768206146075,1.7543768206146075,182758.41,2,OVERLAP,2.0,0.0018258889518999106,34.136179190590774,45.70261766955471,1.752456142953643,1.750090798486728,-14.505081615843185,False,-0.00021912134643146594,38.332738626226536,-8.661429536429566,0.10638297872330374,13,3,failed_breakout_long,1.7543768206146075,TP3,2022-03-31 15:45:00+00:00,25.46820753962033,465.45291154910234,135,True
2022-04-01 02:00:00+00:00,18,GBP_AUD,SHORT,1.75381,1.7566580321209164,1.7523159036372506,1.7523159036372506,1.7523159036372506,210760.71,4,ASIAN,2.0,0.0011984882245591275,24.638417245455326,47.11717093180091,1.7541352497656109,1.7516865696305433,7.518037804177258,False,-5.6955699319720214e-05,34.67499865612955,-0.25249765610801944,0.7886178861788941,2,4,failed_breakout_short,1.7566580321209164,SL,2022-04-01 05:15:00+00:00,-28.48032120916333,-600.2532719071321,195,False
2022-04-01 15:00:00+00:00,18,GBP_AUD,SHORT,1.7485,1.751016419874431,1.7460207403767074,1.7460207403767074,1.7460207403767074,236149.28,3,OVERLAP,2.0,0.001844065481085901,33.881319832334064,52.93185639356597,1.7494708914842898,1.7510372278484494,16.42711976937994,False,0.0006585362631594861,86.56279465519786,-7.308914842898417,0.4799999999999684,15,4,failed_breakout_short,1.74896,TIME,2022-04-03 23:00:00+00:00,-4.600000000001269,-108.62866880002998,3360,False
2022-04-04 00:15:00+00:00,18,GBP_AUD,SHORT,1.7491400000000001,1.7512103756331991,1.7475188731004025,1.7475188731004025,1.7475188731004025,286500.89,4,ASIAN,2.0,0.0012999833187984382,20.933787114306966,52.90804693076871,1.7490762714457495,1.7503756370496177,17.250596549145403,False,9.892548052100843e-05,57.871978310134295,3.6372855425059747,0.2516129032257455,0,0,failed_breakout_short,1.7475188731004025,TP3,2022-04-04 01:45:00+00:00,16.211269561812514,464.45431574891956,90,True
2022-04-07 07:45:00+00:00,18,GBP_AUD,SHORT,1.74818,1.7509604504987624,1.746378648503713,1.746378648503713,1.746378648503713,215004.37,3,ASIAN,2.0,0.0014058366405586584,29.47808015286554,58.43509236668646,1.7444471160531874,1.7365667294736231,111.89177620760215,False,-0.0002624630863331918,67.14613731327532,40.32883946812671,0.8231292517007132,7,3,failed_breakout_short,1.746378648503713,TP3,2022-04-07 12:15:00+00:00,18.013515800692165,387.2984616212865,270,True
2022-04-07 14:00:00+00:00,18,GBP_AUD,LONG,1.74679,1.745396520250412,1.7486904392487639,1.7486904392487639,1.7486904392487639,431783.8,3,OVERLAP,2.0,0.0014243195349490062,15.910826351813741,42.91657226001136,1.7464952423187847,1.7390611414257353,-13.160838100012562,False,-0.00022247716255768824,19.52078775670099,0.5475768121532276,0.2589928057554945,14,3,failed_breakout_long,1.7486904392487639,TP3,2022-04-07 15:15:00+00:00,19.00439292777495,820.5788995047794,75,True
2022-04-08 01:45:00+00:00,18,GBP_AUD,SHORT,1.74676,1.7490946225636061,1.7454861323091813,1.7454861323091813,1.7454861323091813,261236.13,3,ASIAN,2.0,0.0010385847609829908,23.684046744618474,47.4746661069963,1.7472577225119943,1.7421973869026073,-5.894530087471317,False,4.3649361447553435e-05,50.66291555462686,-1.9772251199423607,0.633333333333358,1,4,failed_breakout_short,1.7454861323091813,TP3,2022-04-08 05:30:00+00:00,12.738677395819051,332.78027842022476,225,True
2022-04-08 13:30:00+00:00,18,GBP_AUD,SHORT,1.7483899999999999,1.7500551426619873,1.746214572014038,1.746214572014038,1.746214572014038,368266.09,2,OVERLAP,2.0,0.0015759792294049455,28.74213050407987,57.53028304411182,1.7470148626062292,1.743980158728595,12.72811236307847,False,0.00025716943412504664,80.91917828759973,16.15137393770727,0.1327433628319332,13,4,failed_breakout_short,1.746214572014038,TP3,2022-04-08 14:45:00+00:00,21.754280450339973,801.1363802210142,75,True
2022-04-12 00:15:00+00:00,18,GBP_AUD,SHORT,1.75588,1.757282375668229,1.7547628729953129,1.7547628729953129,1.7547628729953129,442981.83,3,ASIAN,2.0,0.0009279833838539689,26.811478740378156,56.271273031761424,1.754672605745455,1.7502242758950892,25.734407940964932,False,3.5404546644818226e-05,66.27869366040689,15.07394254545158,0.7746478873237146,0,1,failed_breakout_short,1.757282375668229,SL,2022-04-12 00:45:00+00:00,-14.023756682288724,-621.2269398594988,30,False
2022-04-15 05:15:00+00:00,18,GBP_AUD,SHORT,1.76458,1.7657623405064604,1.7629529784806186,1.7629529784806186,1.7629529784806186,520167.13,2,ASIAN,2.0,0.001364346654855174,29.562298086701567,59.45231444413787,1.7632744889307599,1.7593182476755747,27.287396936985786,False,6.629583657239552e-05,84.60049050565993,16.055110692401175,0.07916666666663158,5,4,failed_breakout_short,1.7657623405064604,SL,2022-04-15 05:30:00+00:00,-11.823405064603776,-615.0146679282411,15,False
2022-04-15 05:30:00+00:00,18,GBP_AUD,SHORT,1.76425,1.7658821733274277,1.7625034800177173,1.7625034800177173,1.7625034800177173,373039.13,3,ASIAN,2.0,0.0013718933223655088,28.203953409219213,56.06907619855715,1.763324508972691,1.7593703049126337,23.805060502331,False,3.0020858318141456e-05,79.03643521817361,12.254910273090669,0.17687074829928684,5,4,failed_breakout_short,1.7625034800177173,TP3,2022-04-15 06:15:00+00:00,17.465200291014927,651.5203121835956,45,True
2022-04-15 19:00:00+00:00,18,GBP_AUD,SHORT,1.76564,1.7670874830158365,1.7642375509524908,1.7642375509524908,1.7642375509524908,425137.79,2,NY,2.0,0.0011138970294105408,12.356122625265101,55.96044704808684,1.7647787138999373,1.7615496598258535,20.19161183632212,False,2.3651783969245934e-05,77.2597863389745,11.612861000627195,0.654761904761738,19,4,failed_breakout_short,1.7642375509524908,TP3,2022-04-15 20:30:00+00:00,14.02449080497408,596.2341026702002,90,True
2022-04-20 02:30:00+00:00,18,GBP_AUD,LONG,1.75969,1.7572024996207423,1.761842501137773,1.761842501137773,1.761842501137773,249785.72,3,ASIAN,2.0,0.001637500704335623,28.92750129043466,45.4558669059043,1.7615034762608424,1.7640564453110752,-39.02448122066859,False,-8.485314338686832e-06,9.438132975285525,-21.134762608423507,0.7305389221556615,2,2,failed_breakout_long,1.7572024996207423,SL,2022-04-20 04:45:00+00:00,-24.87500379257712,-621.3420732331607,135,False
2022-04-21 06:45:00+00:00,18,GBP_AUD,SHORT,1.75649,1.7584388047762904,1.7547235856711285,1.7547235856711285,1.7547235856711285,315644.06,4,ASIAN,2.0,0.001393494584539563,30.019277829806104,58.880752932837844,1.755023061340662,1.7577192182918153,24.012737936729422,False,3.770505448347057e-05,74.42404397146804,17.669386593379688,0.012500000000083267,6,3,failed_breakout_short,1.7547235856711285,TP3,2022-04-21 07:30:00+00:00,17.664143848338135,557.5582080713474,45,True
2022-04-26 07:30:00+00:00,18,GBP_AUD,SHORT,1.77063,1.772034136172291,1.7683375914831263,1.7683375914831263,1.7683375914831263,442054.15,2,ASIAN,2.0,0.0017148243199693327,31.049124838306998,56.08508614349103,1.771129510928404,1.7721831574712301,-43.10917329169772,False,0.0007250400838347607,84.06171534293527,-1.9951092840408968,0.025974025974050317,7,1,failed_breakout_short,1.7683375914831263,TP3,2022-04-26 08:00:00+00:00,22.92408568731716,1013.3687213034153,30,True
2022-04-27 13:45:00+00:00,18,GBP_AUD,SHORT,1.75991,1.7644045957971213,1.7568062126086361,1.7568062126086361,1.7568062126086361,140354.76,3,OVERLAP,2.0,0.002227820766082525,29.262354341216152,52.259330838054524,1.7591420553085233,1.7637421555209618,9.134920622237974,False,-1.700828232869319e-05,58.600091316030635,10.079446914768031,0.28959276018097774,13,2,failed_breakout_short,1.76012,TIME,2022-04-27 21:45:00+00:00,-2.0999999999982144,-29.47449959997494,480,False
2022-04-28 01:45:00+00:00,18,GBP_AUD,SHORT,1.7606300000000001,1.7629446208886737,1.7586361373339796,1.7586361373339796,1.7586361373339796,272417.47,4,ASIAN,2.0,0.0015650102218221589,21.088575488921784,52.236635784265005,1.760155717507726,1.7623919073133576,11.16220821080871,False,0.00013528097099103356,71.01327742837226,7.742824922740699,0.6059113300491905,1,3,failed_breakout_short,1.7629446208886737,SL,2022-04-28 03:15:00+00:00,-23.146208886735128,-630.54316650159,90,False
2022-04-29 00:30:00+00:00,18,GBP_AUD,LONG,1.75358,1.7504583779343248,1.7552948661970258,1.7552948661970258,1.7552948661970258,199972.23,3,ASIAN,2.0,0.0013787266933970093,22.08909402057912,44.98560158534601,1.7552436862845568,1.7589525351477284,-30.88959345492359,False,-0.0001264272823916059,42.98144342104292,-19.63686284556898,0.8423913043477644,0,4,failed_breakout_long,1.7504583779343248,SL,2022-04-29 01:15:00+00:00,-31.216220656751222,-624.2377256902607,45,False
2022-05-02 00:45:00+00:00,18,GBP_AUD,LONG,1.78,1.776821378087197,1.7820658657384085,1.7820658657384085,1.7820658657384085,194422.42,3,ASIAN,2.0,0.0016602978380623708,30.29545719104662,61.93403632265608,1.773287569398701,1.7633309549690455,151.1500522999487,False,-0.0006174294475474501,33.68973541527617,64.12430601299145,0.39781021897812024,0,0,failed_breakout_long,1.7820658657384085,TP3,2022-05-02 01:45:00+00:00,20.6586584466506,401.6506369151251,60,True
2022-05-02 07:00:00+00:00,18,GBP_AUD,LONG,1.78044,1.7779328013096165,1.7824115960711508,1.7824115960711508,1.7824115960711508,248090.38,3,ASIAN,2.0,0.0014976547107124444,31.32363842154796,47.66373097561033,1.7784331375280473,1.7673750476118397,119.99519712405204,False,-0.0005095012750842891,29.4542979628913,17.068624719527303,0.7656250000000162,7,0,failed_breakout_long,1.7824115960711508,TP3,2022-05-02 07:15:00+00:00,19.71596150621707,489.13403821427653,15,True
2022-05-05 01:45:00+00:00,18,GBP_AUD,LONG,1.74193,1.7374984341889188,1.7445746974332434,1.7445746974332434,1.7445746974332434,141463.14,3,ASIAN,2.0,0.0019129079348649614,15.101003014245197,50.8703356649476,1.743779134934893,1.7543743596706753,-46.067549864954316,False,0.00040817353079120955,62.47887789444493,-21.491349348929933,0.2857142857142102,1,3,failed_breakout_long,1.7374984341889188,SL,2022-05-05 03:45:00+00:00,-44.315658110811725,-626.9032147521896,120,False
2022-05-06 02:00:00+00:00,18,GBP_AUD,SHORT,1.73797,1.7411054615148256,1.7353736154555233,1.7353736154555233,1.7353736154555233,197940.29,5,ASIAN,2.0,0.0019287142418189156,28.50157515389318,54.01355673645621,1.7370728707130454,1.7431368026014205,35.17483554031697,False,0.0002509800879823515,66.50311188305173,11.971292869545902,0.42631578947366944,2,4,failed_breakout_short,1.7411054615148256,SL,2022-05-06 05:15:00+00:00,-31.35461514825577,-620.6341615284141,195,False
2022-05-06 08:45:00+00:00,18,GBP_AUD,LONG,1.7409700000000001,1.7351966446202256,1.7441900661393237,1.7441900661393237,1.7441900661393237,106424.74,2,LONDON,2.0,0.002411945705295628,20.319061921539816,53.615246313356316,1.738925763499346,1.7423489196422504,7.401909990174538,False,-0.00011321332010944381,42.20748762260661,18.042365006540884,0.3121693121693504,8,4,failed_breakout_long,1.7441900661393237,TP3,2022-05-06 11:00:00+00:00,32.20066441891016,342.69473386097656,135,True
2022-05-12 00:30:00+00:00,18,GBP_AUD,SHORT,1.7652700000000001,1.7694837096839457,1.762768870948163,1.762768870948163,1.762768870948163,146629.65,4,ASIAN,2.0,0.002067603698756298,24.332923691589798,50.98389242939604,1.7654521427815277,1.7665820709306896,10.980046640753915,False,0.00023248318077500772,64.93306445983096,1.1785721847235031,0.5631691648822136,0,3,failed_breakout_short,1.762768870948163,TP3,2022-05-12 01:45:00+00:00,25.01129222411658,366.73970248699356,75,True
2022-05-13 08:00:00+00:00,18,GBP_AUD,LONG,1.77112,1.769612704447241,1.7738118866582777,1.7738118866582777,1.7738118866582777,412342.61,3,LONDON,2.0,0.0019056917408386516,29.282406445677687,35.268431867898315,1.7747161164216751,1.7726920121339542,-1.6333333333329314,False,-0.0002190842491750129,19.38207468717253,-38.3611642167514,0.039370078740237326,8,4,failed_breakout_long,1.769612704447241,SL,2022-05-13 10:15:00+00:00,-15.072955527590803,-621.5221822660719,135,False
2022-05-13 14:30:00+00:00,18,GBP_AUD,LONG,1.76628,1.762656667793799,1.769109996618603,1.769109996618603,1.769109996618603,169817.98,3,OVERLAP,2.0,0.0020876169543733183,33.04020308499462,37.870749610253704,1.771102374773126,1.7719701695798393,-32.85976395910994,False,-0.00038713273959953645,22.82843724166168,-50.62374773125988,0.44274809160309875,14,4,failed_breakout_long,1.769109996618603,TP3,2022-05-13 15:00:00+00:00,28.29996785251769,480.58433747794925,30,True
2022-05-16 14:00:00+00:00,18,GBP_AUD,LONG,1.76793,1.7646103342623767,1.77062899721287,1.77062899721287,1.77062899721287,186799.77,4,OVERLAP,2.0,0.0019643792270147785,27.49960986947627,39.45668571167316,1.7704583509467011,1.7709241899754253,-12.972317144790413,False,-0.00022954977538356758,38.358047897521,-27.68350946701137,0.5812807881773264,14,0,failed_breakout_long,1.7646103342623767,SL,2022-05-16 18:45:00+00:00,-33.196657376233226,-620.112796264917,285,False
2022-05-17 06:15:00+00:00,18,GBP_AUD,SHORT,1.76255,1.764936010329053,1.7604619690128411,1.7604619690128411,1.7604619690128411,257296.32,3,ASIAN,2.0,0.0016411620396697753,30.286553755278767,47.07488750777939,1.7646638959445426,1.7681566567069158,-38.96888157299383,False,0.00019392498429197773,68.36169076248291,-18.138959445426206,0.43421052631579843,6,1,failed_breakout_short,1.764936010329053,SL,2022-05-17 06:30:00+00:00,-23.86010329052945,-613.9116771473119,15,False
2022-05-18 13:45:00+00:00,18,GBP_AUD,SHORT,1.77058,1.7726892897100583,1.7680921308698248,1.7680921308698248,1.7680921308698248,288140.86,3,OVERLAP,2.0,0.0018322523186799862,35.18655680384964,52.70883043939282,1.7716219412338854,1.772299294345895,18.90264927261409,False,0.0006124470050227407,77.37789339667079,-8.019412338853282,0.288557213930351,13,2,failed_breakout_short,1.7726892897100583,SL,2022-05-18 14:15:00+00:00,-21.09289710058304,-607.7725510453504,30,False
2022-05-20 13:45:00+00:00,18,GBP_AUD,SHORT,1.76782,1.7709681581398053,1.7654555255805842,1.7654555255805842,1.7654555255805842,191125.99,4,OVERLAP,2.0,0.0017737222596383884,33.87728574760813,50.277826373317225,1.7687274514297688,1.770457974413669,7.670663739414163,False,0.00042411982725257236,61.715065266412495,-6.674514297688727,0.2743362831858781,13,4,failed_breakout_short,1.7709681581398053,SL,2022-05-20 14:30:00+00:00,-31.481581398054015,-601.6948411468658,45,False
2022-05-24 14:30:00+00:00,18,GBP_AUD,SHORT,1.7673699999999999,1.770940636608779,1.7640380901736625,1.7640380901736625,1.7640380901736625,166826.8,3,OVERLAP,2.0,0.0024176108448755854,31.348305514330516,49.67095944034318,1.7689973235115857,1.7702699984475783,4.2849955228208,False,0.0006082065171524244,77.43100838656252,-13.873235115857696,0.5501730103806816,14,1,failed_breakout_short,1.770940636608779,SL,2022-05-24 14:45:00+00:00,-35.706366087790975,-595.6778794054688,15,False
2022-05-25 18:15:00+00:00,18,GBP_AUD,SHORT,1.77373,1.777467574685725,1.771427275942825,1.771427275942825,1.771427275942825,157781.76,3,NY,2.0,0.0017740672734893068,26.68742187235763,52.37750398759868,1.771647849027683,1.769238568526193,18.203624218022796,False,-0.0002716054429011002,45.23838321008105,23.821509723169765,0.5833333333333415,18,2,failed_breakout_short,1.771427275942825,TP3,2022-05-25 21:00:00+00:00,23.027242031187473,363.3278775626735,165,True
2022-05-26 07:15:00+00:00,18,GBP_AUD,LONG,1.7758,1.7732786316183053,1.7776341051450841,1.7776341051450841,1.7776341051450841,235330.3,4,ASIAN,2.0,0.0014625412802901625,25.551718993052404,48.35168325507453,1.7750428508134137,1.7716342249741113,21.69018735983741,False,-0.00022584032378572685,37.41572973708394,4.571491865863475,0.18686868686866875,7,3,failed_breakout_long,1.7732786316183053,SL,2022-05-26 07:45:00+00:00,-25.213683816946997,-593.3543776747282,30,False
2022-05-27 01:45:00+00:00,18,GBP_AUD,LONG,1.7753999999999999,1.773960014621655,1.7774999561350346,1.7774999561350346,1.7774999561350346,407935.28,5,ASIAN,2.0,0.001667829988354841,26.347107099094302,45.647749906801984,1.7758141040083288,1.7737413155471184,-4.9245162675970455,False,-0.0001425299308198328,28.482777005326415,-7.141040083289418,0.05882352941171861,1,4,failed_breakout_long,1.773960014621655,SL,2022-05-27 02:30:00+00:00,-14.39985378344888,-587.4208385110278,45,False
2022-05-31 01:15:00+00:00,18,GBP_AUD,SHORT,1.75841,1.7597309813081905,1.7571170560754286,1.7571170560754286,1.7571170560754286,440238.35,4,ASIAN,2.0,0.0010753938580680463,24.208325846190007,55.26384873557121,1.7583426713194439,1.7626354650597884,1.697389798773763,False,0.00011708140097191962,83.23487782366338,3.6732868055611156,0.1279999999999531,1,1,failed_breakout_short,1.7571170560754286,TP3,2022-05-31 01:30:00+00:00,12.929439539406454,569.2035129253057,15,True
2022-06-02 00:15:00+00:00,18,GBP_AUD,SHORT,1.7403,1.7420049581992891,1.7387851254021327,1.7387851254021327,1.7387851254021327,344429.95,4,ASIAN,2.0,0.0011942080843939254,24.260041787470215,53.97398731500988,1.7413765958233904,1.7496810551158894,-14.316728488292796,False,0.0002874899843246485,76.6565885613465,-7.765958233905135,0.6464646464647348,0,3,failed_breakout_short,1.7420049581992891,SL,2022-06-02 02:00:00+00:00,-17.049581992891746,-587.2386673332605,105,False
2022-06-03 00:45:00+00:00,18,GBP_AUD,LONG,1.7314399999999999,1.7290616531770986,1.7326350404687043,1.7326350404687043,1.7326350404687043,244441.34,4,ASIAN,2.0,0.0010197869568170663,24.38967112623544,49.19929193826993,1.7328289444011777,1.741049290731359,-45.38395760824265,False,0.00020503860387508367,54.766832229578654,-16.889444011778387,0.8181818181818029,0,4,failed_breakout_long,1.7326350404687043,TP3,2022-06-03 01:00:00+00:00,11.950405175930849,292.11730547474724,15,True
2022-06-03 01:30:00+00:00,18,GBP_AUD,SHORT,1.73116,1.733173556111485,1.7298893316655453,1.7298893316655453,1.7298893316655453,290176.89,3,ASIAN,2.0,0.001083032778471978,20.456679585977145,50.44457686125657,1.7327464002521973,1.7407850125561224,-40.728432803662784,False,0.00031474278664834755,83.07361579297776,-12.86400252197284,0.735483870967718,1,4,failed_breakout_short,1.733173556111485,SL,2022-06-03 02:00:00+00:00,-20.13556111484904,-584.2874502711828,30,False
2022-06-03 12:45:00+00:00,18,GBP_AUD,SHORT,1.73344,1.7354240536102128,1.7316278391693616,1.7316278391693616,1.7316278391693616,291546.85,4,LONDON,2.0,0.0013889567046809915,24.249771814346403,53.0076394558588,1.7330124414630363,1.7379222814861799,3.5192372827674845,False,-4.1600044759031315e-05,54.6942336829345,6.675585369637638,0.39759036144571386,12,4,failed_breakout_short,1.7354240536102128,SL,2022-06-03 13:15:00+00:00,-19.840536102126993,-578.4445802886403,30,False
2022-06-06 07:15:00+00:00,18,GBP_AUD,SHORT,1.73812,1.7403625305302268,1.7365224084093198,1.7365224084093198,1.7365224084093198,255363.36,4,ASIAN,2.0,0.00126327098470688,32.24132075565326,63.977368734251165,1.7351114553620008,1.7360943865368936,39.629705968391434,False,0.00025875524684624955,82.12840761063494,33.085446379992334,0.29032258064511507,7,0,failed_breakout_short,1.7365224084093198,TP3,2022-06-06 07:45:00+00:00,15.975916532417958,407.96637247977986,30,True
2022-06-08 00:15:00+00:00,18,GBP_AUD,SHORT,1.74134,1.743837997551196,1.7400560073464122,1.7400560073464122,1.7400560073464122,230880.85,4,ASIAN,2.0,0.0010484240236496869,28.563536382582075,50.59236368222284,1.7414764306606791,1.7400338056624114,-1.889039190863251,False,0.0001997325807483802,44.285231515791374,1.6356933932093476,0.42105263157889816,0,2,failed_breakout_short,1.7400560073464122,TP3,2022-06-08 00:45:00+00:00,12.839927092007,296.4493280940605,30,True
2022-06-08 06:15:00+00:00,18,GBP_AUD,SHORT,1.74445,1.7467885629281252,1.7430443112156246,1.7430443112156246,1.7430443112156246,247889.11,3,ASIAN,2.0,0.001136616866518089,27.383764733520085,57.78446087978887,1.7428756405368102,1.7407451836156722,25.76330924407122,False,2.289477721496738e-05,32.309788793851354,18.74359463189812,0.41592920353985086,6,2,failed_breakout_short,1.7467885629281252,SL,2022-06-08 06:45:00+00:00,-23.385629281251763,-579.7042829319439,30,False
2022-06-09 00:15:00+00:00,18,GBP_AUD,SHORT,1.74423,1.7455873616999673,1.7428879149000975,1.7428879149000975,1.7428879149000975,422810.84,4,ASIAN,2.0,0.0010836717285109705,26.344014701529364,60.72025732743441,1.742740607447622,1.7416524324008078,26.730619419170765,False,0.00012583399802335065,77.8105524737563,17.893925523779775,0.042553191489406936,0,3,failed_breakout_short,1.7455873616999673,SL,2022-06-09 00:30:00+00:00,-13.573616999673632,-573.9072405470289,15,False
2022-06-10 00:45:00+00:00,18,GBP_AUD,SHORT,1.76021,1.7623008821395922,1.7588273535812233,1.7588273535812233,1.7588273535812233,271736.11,2,ASIAN,2.0,0.0011273525449569397,27.197257053377804,57.18236213271313,1.7575226331366784,1.7493013493758063,66.442005200269,False,-4.5604709752322106e-05,74.01207285806946,29.873668633215722,0.7249999999998844,0,4,failed_breakout_short,1.7588273535812233,TP3,2022-06-10 01:15:00+00:00,13.826464696586765,375.7149731702818,30,True
2022-06-10 02:15:00+00:00,18,GBP_AUD,LONG,1.76029,1.7573460161330894,1.761861951600732,1.761861951600732,1.761861951600732,194269.18,4,ASIAN,2.0,0.0012281128956911818,22.731120452052384,53.537656161042165,1.7578976882564317,1.7498822342714673,57.0705343036626,False,-0.00021132363190674527,46.9392359935887,20.92311743568276,0.11340206185548131,2,4,failed_breakout_long,1.7573460161330894,SL,2022-06-10 05:30:00+00:00,-29.439838669105264,-571.9253317579371,195,False
2022-06-13 19:30:00+00:00,18,GBP_AUD,LONG,1.75201,1.7495729910907332,1.7544910267278002,1.7544910267278002,1.7544910267278002,232336.48,5,NY,2.0,0.0018123022600667904,24.07726462101777,52.29767397216794,1.7505622966860541,1.7498591688053655,16.657403654900538,False,-0.00018561122256093433,67.6302501907692,11.477033139459802,0.25196850393710835,19,0,failed_breakout_long,1.7495729910907332,SL,2022-06-13 22:15:00+00:00,-24.37008909266902,-566.2060717077114,165,False
2022-06-14 06:30:00+00:00,18,GBP_AUD,LONG,1.74915,1.7476641219841238,1.7512076340476288,1.7512076340476288,1.7512076340476288,377247.66,2,ASIAN,2.0,0.0015830591723415698,26.397269103861017,41.36164123889089,1.7503106301966922,1.750036784886406,-12.483788213955016,False,-0.00022639462958586298,15.503709370901966,-14.606301966921809,0.0982658959537587,6,1,failed_breakout_long,1.7476641219841238,SL,2022-06-14 06:45:00+00:00,-14.858780158761851,-560.5440045347337,15,False
2022-06-15 18:45:00+00:00,18,GBP_AUD,LONG,1.73726,1.7324510538375648,1.7406768384873053,1.7406768384873053,1.7406768384873053,115397.13,3,NY,2.0,0.002533757158808025,28.96942680095163,45.06345864931947,1.7393707033952035,1.7440337349884807,-31.813089362533464,False,0.00021023438824305674,48.94419044120482,-24.107033952034396,0.38343558282207296,18,2,failed_breakout_long,1.7324510538375648,SL,2022-06-16 00:00:00+00:00,-48.08946162435212,-554.9385854695373,315,False
2022-06-17 00:15:00+00:00,18,GBP_AUD,SHORT,1.75323,1.7554640510958617,1.7507578467124152,1.7507578467124152,1.7507578467124152,245916.12,2,ASIAN,2.0,0.001780380606600118,21.474292598563757,54.10274117327809,1.7513281835354835,1.7457091989839635,27.42221268459355,False,0.00027824999718930433,73.06729264475842,22.018164645165594,0.05555555555567891,0,4,failed_breakout_short,1.7554640510958617,SL,2022-06-17 00:45:00+00:00,-22.34051095861611,-549.3891773760355,30,False
2022-06-17 01:15:00+00:00,18,GBP_AUD,SHORT,1.75343,1.7569170692770955,1.7509487921687132,1.7509487921687132,1.7509487921687132,155974.9,2,ASIAN,2.0,0.001788842943177454,34.66069145404965,52.87241238369731,1.7517779683639172,1.746049165685291,28.17338592042029,False,0.00026690516301811854,49.336907602951065,19.520316360828183,0.36170212765960463,1,4,failed_breakout_short,1.7509487921687132,TP3,2022-06-17 03:15:00+00:00,24.812079903641813,387.00616817625416,120,True
2022-06-28 00:45:00+00:00,18,GBP_AUD,SHORT,1.77102,1.7736751889386377,1.7694444331840866,1.7694444331840866,1.7694444331840866,206299.95,2,ASIAN,2.0,0.0012653508860415686,30.46854542377895,45.47380822158961,1.7720106414754409,1.7722823496302988,-8.596663104860625,False,3.683407814875641e-05,64.99621403331622,-6.906414754408452,0.49999999999992395,0,1,failed_breakout_short,1.7736751889386377,SL,2022-06-28 01:45:00+00:00,-26.55188938637698,-547.7653452815102,60,False
2022-06-28 02:00:00+00:00,18,GBP_AUD,SHORT,1.77128,1.773790075706167,1.7694497728814986,1.7694497728814986,1.7694497728814986,216044.36,4,ASIAN,2.0,0.0014272834543103692,30.64806374466407,48.85722391579929,1.7718905661025515,1.7722356175550287,-5.388729953670346,False,9.846413879357232e-06,51.855276134121006,-3.1056610255153494,0.5789473684210603,2,1,failed_breakout_short,1.7694497728814986,TP3,2022-06-28 06:00:00+00:00,18.302272032166762,395.41026477353677,240,True
2022-06-30 00:30:00+00:00,18,GBP_AUD,SHORT,1.76287,1.7653614598360716,1.7613356204917852,1.7613356204917852,1.7613356204917852,219245.68,4,ASIAN,2.0,0.0012719968384186304,32.21331761458442,52.69420182174489,1.7632248825334582,1.7656728765494367,-15.652377160648712,False,0.0003301337273528767,62.95063179205969,-0.548825334583114,0.6858638743455973,0,3,failed_breakout_short,1.7653614598360716,SL,2022-06-30 01:00:00+00:00,-24.91459836071685,-546.2418059522251,30,False
2022-06-30 15:00:00+00:00,18,GBP_AUD,SHORT,1.76534,1.7675826436464726,1.7622420690605825,1.7622420690605825,1.7622420690605825,241134.78,3,OVERLAP,2.0,0.0022484810577345724,35.94362693470486,66.54603580430346,1.762160306523059,1.7640338463514502,35.81584828370898,False,0.0007648395357112521,83.92816603643526,34.196934769408216,0.027450980392161983,15,3,failed_breakout_short,1.7622420690605825,TP3,2022-06-30 15:30:00+00:00,30.97931067890462,747.0189265109317,30,True
2022-07-01 00:30:00+00:00,18,GBP_AUD,LONG,1.76315,1.7607041282346008,1.7647276152961981,1.7647276152961981,1.7647276152961981,224153.03,2,ASIAN,2.0,0.0012501904214559827,32.51163079280143,50.07739158016114,1.7626802119619023,1.763615818484973,6.872773063664184,False,-0.00016257377947010126,54.89199420651021,1.6978803809775123,0.7723577235772006,0,4,failed_breakout_long,1.7647276152961981,TP3,2022-07-01 01:00:00+00:00,15.776153665793258,353.6272645933166,30,True
2022-07-04 01:45:00+00:00,18,GBP_AUD,SHORT,1.77576,1.7795230012566325,1.773710996230102,1.773710996230102,1.773710996230102,146634.51,4,ASIAN,2.0,0.0016227166194606533,29.979932977160267,53.571852719495666,1.7744604743184313,1.7702045737221073,25.674559839334865,False,0.00015083595732335664,61.94539639603257,15.995256815686254,0.37288135593221294,1,0,failed_breakout_short,1.773710996230102,TP3,2022-07-04 05:00:00+00:00,20.49003909633356,300.4546842771715,195,True
2022-07-06 00:30:00+00:00,18,GBP_AUD,SHORT,1.7578,1.7606980993433234,1.7559757019700297,1.7559757019700297,1.7559757019700297,191432.5,3,ASIAN,2.0,0.001445755923314887,23.247261305471316,42.32635765215409,1.7604611836932793,1.7643082103808463,-64.17495790649097,False,0.00024693597561553215,37.256869404137746,-23.611836932793118,0.7158469945354774,0,2,failed_breakout_short,1.7559757019700297,TP3,2022-07-06 01:00:00+00:00,18.24298125267501,349.2299508652709,30,True
2022-07-07 08:45:00+00:00,18,GBP_AUD,SHORT,1.7528,1.7579012034160628,1.7499163897518115,1.7499163897518115,1.7499163897518115,109441.37,3,LONDON,2.0,0.002225806344116646,27.932529320990913,47.389983514104436,1.7544980228946614,1.7577451414418261,-16.1780282696089,False,0.00030113063667808074,65.35933391761463,-14.580228946614593,0.9242053789731,8,3,failed_breakout_short,1.7499163897518115,TP3,2022-07-07 12:00:00+00:00,28.836105116728753,315.58628494388046,195,True
2022-07-08 01:00:00+00:00,18,GBP_AUD,LONG,1.75728,1.7542071973194093,1.758908408041772,1.758908408041772,1.758908408041772,182712.2,3,ASIAN,2.0,0.0012916335496684363,23.940188407594565,52.51158518582144,1.7562490194472111,1.7568369545938434,20.636685076338424,False,-0.00016141941007312137,46.2608695652186,7.309805527888624,0.394160583941568,1,4,failed_breakout_long,1.758908408041772,TP3,2022-07-08 01:45:00+00:00,16.28408130896321,297.5300320939548,45,True
2022-07-08 03:15:00+00:00,18,GBP_AUD,SHORT,1.76007,1.7620980813315772,1.7581557560052687,1.7581557560052687,1.7581557560052687,278299.42,5,ASIAN,2.0,0.0014350081872146533,35.70288821300551,66.46374965379763,1.7571451893338508,1.7570337447162754,49.816521800736254,False,0.0003765830258944153,70.12918150391057,32.24810666149214,0.5111111111109357,3,4,failed_breakout_short,1.7581557560052687,TP3,2022-07-08 06:00:00+00:00,19.142440635148937,532.733012614638,165,True
2022-07-12 01:00:00+00:00,18,GBP_AUD,SHORT,1.76608,1.7678377335880384,1.764616799235885,1.764616799235885,1.764616799235885,324133.98,4,ASIAN,2.0,0.001219362377785521,31.506554304667954,58.21629528899105,1.7644756433227986,1.760308623320536,23.18284254428704,False,7.395903214312384e-05,69.43975088332428,19.043566772014575,0.17318435754192163,1,1,failed_breakout_short,1.764616799235885,TP3,2022-07-12 01:30:00+00:00,14.632008092569528,474.27310184367695,30,True
2022-07-12 02:00:00+00:00,18,GBP_AUD,LONG,1.7646,1.7629386098498552,1.7663141704504344,1.7663141704504344,1.7663141704504344,345785.07,3,ASIAN,2.0,0.0013990102788403926,29.451015807827382,43.43203689839989,1.764494377994521,1.7604776483350557,1.7593968810603045,False,-0.00023738119540873427,20.40105153495525,-1.9437799452104443,0.2065727699530531,2,1,failed_breakout_long,1.7663141704504344,TP3,2022-07-12 03:00:00+00:00,17.141705000077195,592.7345663371043,60,True
2022-07-13 02:15:00+00:00,18,GBP_AUD,LONG,1.75901,1.756108659678736,1.760844020963792,1.760844020963792,1.760844020963792,200049.36,3,ASIAN,2.0,0.0014532034537759518,31.35933892355015,49.26895903110608,1.759090614526243,1.7599522498586087,-1.6317211786298635,False,-0.00022075029832185802,38.90912069028516,-3.8061452624305048,0.8054054054053444,2,2,failed_breakout_long,1.760844020963792,TP3,2022-07-13 06:00:00+00:00,18.340210554703486,366.8947383733678,225,True
2022-07-15 01:15:00+00:00,18,GBP_AUD,SHORT,1.75333,1.754885493727831,1.7514235188165073,1.7514235188165073,1.7514235188165073,375495.06,4,ASIAN,2.0,0.0014637740659716955,22.532821270021255,54.52472198278833,1.7536100060482367,1.7560810248527634,-29.299628798644672,False,0.00035465127876443953,80.92037947833954,0.19993951763330742,0.4160583941605934,1,4,failed_breakout_short,1.754885493727831,SL,2022-07-15 03:15:00+00:00,-15.554937278310366,-584.0802106615388,120,False
2022-07-15 03:45:00+00:00,18,GBP_AUD,SHORT,1.75418,1.7565572926186896,1.752268122143931,1.752268122143931,1.752268122143931,243234.43,3,ASIAN,2.0,0.001424972006137969,29.465043324045293,56.46586023042166,1.753626892709901,1.7558446354099642,-17.870596496478708,False,0.00023863307757814587,75.96081651459633,8.5310729009902,0.2564102564102272,3,4,failed_breakout_short,1.7565572926186896,SL,2022-07-15 05:00:00+00:00,-23.772926186895745,-578.239415050166,75,False
2022-07-17 23:00:00+00:00,18,GBP_AUD,LONG,1.7451999999999999,1.7438457057009504,1.7468628828971482,1.7468628828971482,1.7468628828971482,422697.65,2,NY,2.0,0.001280117983948905,34.80894123454246,39.51437668887186,1.7475708257182498,1.7522798778082112,-41.325835967132015,False,-2.7839259178878435e-05,26.46314564472919,-26.708257182499473,0.06741573033701698,23,6,failed_breakout_long,1.7468628828971482,TP3,2022-07-18 00:45:00+00:00,16.628829364881035,702.8967094786207,105,True
2022-07-19 14:15:00+00:00,18,GBP_AUD,LONG,1.74197,1.7399887764599187,1.7442236706202439,1.7442236706202439,1.7442236706202439,292488.94,2,OVERLAP,2.0,0.001677986574436742,19.970579850131884,41.18482657188173,1.744996970031829,1.7490950952315212,-9.339053578634182,False,8.278245253935798e-05,25.648597322337896,-32.66970031829075,0.29255319148937237,14,1,failed_breakout_long,1.7442236706202439,TP3,2022-07-19 15:15:00+00:00,22.536706972953233,659.17375336097,60,True
2022-07-19 21:30:00+00:00,18,GBP_AUD,SHORT,1.73871,1.7405248480580555,1.737015455825833,1.737015455825833,1.737015455825833,322934.87,3,NY,2.0,0.0012790035363890733,22.706303556260647,45.73068354255804,1.7411688133526015,1.7467162042082651,-28.11208465009596,False,0.00016087709112934888,67.20538437858504,-21.588133526015962,0.5483870967743437,21,1,failed_breakout_short,1.7405248480580555,SL,2022-07-20 00:00:00+00:00,-18.148480580555404,-586.0777216979184,150,False
2022-07-20 07:15:00+00:00,18,GBP_AUD,LONG,1.73828,1.7354415819123625,1.7401952542629124,1.7401952542629124,1.7401952542629124,204415.6,3,ASIAN,2.0,0.0014699193056124514,34.67639372386304,46.43521191900884,1.7394211590880335,1.7442938515709998,-29.789552263723706,False,-8.11438797194892e-05,37.911502629967345,-14.41159088033439,0.02898550724624156,7,2,failed_breakout_long,1.7354415819123625,SL,2022-07-20 10:15:00+00:00,-28.384180876375176,-580.2169364352758,180,False
2022-07-21 00:45:00+00:00,18,GBP_AUD,LONG,1.73739,1.7363172548364851,1.7385982354905445,1.7385982354905445,1.7385982354905445,535462.46,2,ASIAN,2.0,0.001071526732241816,29.365731839365402,41.80087556631853,1.7380985819635248,1.7409805102655191,-1.1979710870302362,False,-0.00023523140568893513,21.966960588187433,-10.085819635248239,0.10880829015546366,0,3,failed_breakout_long,1.7385982354905445,TP3,2022-07-21 01:00:00+00:00,12.08235513108832,646.9647601086174,15,True
2022-07-21 01:00:00+00:00,18,GBP_AUD,LONG,1.73853,1.7361942366338792,1.7398372900983627,1.7398372900983627,1.7398372900983627,248691.47,4,ASIAN,2.0,0.0011171319656531062,28.999404614987977,50.83713119520379,1.7381037356120141,1.7409531420041706,10.112853047887782,False,-0.00015164916484176528,43.9262423851948,1.262643879857972,0.6549707602339705,1,3,failed_breakout_long,1.7361942366338792,SL,2022-07-21 04:30:00+00:00,-23.357633661207355,-580.884425092714,210,False
2022-07-22 00:15:00+00:00,18,GBP_AUD,SHORT,1.73108,1.7333895085741724,1.7296114742774822,1.7296114742774822,1.7296114742774822,249003.44,4,ASIAN,2.0,0.00118908735203482,30.055111951543598,48.48614409699504,1.7325915989965275,1.7368190584026373,-28.343850631398215,False,0.00035341588570444006,67.26590055411988,-12.11598996527563,0.8409090909092247,0,4,failed_breakout_short,1.7333895085741724,SL,2022-07-22 05:15:00+00:00,-23.095085741724475,-575.0755796784346,300,False
2022-07-25 07:30:00+00:00,18,GBP_AUD,LONG,1.73231,1.729875492624851,1.734333522125447,1.734333522125447,1.734333522125447,233856.27,2,ASIAN,2.0,0.0015619422681337747,33.2056682088543,41.58248490304381,1.7334694753775897,1.7333012829728383,20.647019019546242,False,-0.00031820271641892913,45.968998531889405,-14.594753775896141,0.43352601156070775,7,0,failed_breakout_long,1.734333522125447,TP3,2022-07-25 09:00:00+00:00,20.23522211975439,473.21335675472545,90,True
2022-07-25 13:45:00+00:00,18,GBP_AUD,SHORT,1.73377,1.7370944750146962,1.7316265749559117,1.7316265749559117,1.7316265749559117,172675.97,3,OVERLAP,2.0,0.0016533107415785879,17.817467514423956,49.605622812098005,1.7337732961743302,1.7334009291242238,2.9718098529096793,False,0.00014542374147702967,62.39383970594088,2.367038256698706,0.7269076305220049,13,0,failed_breakout_short,1.7316265749559117,TP3,2022-07-25 14:30:00+00:00,21.434251682182733,370.11802004450357,45,True
2022-07-26 00:15:00+00:00,18,GBP_AUD,SHORT,1.73311,1.7347500806888247,1.7320597579335253,1.7320597579335253,1.7320597579335253,352274.21,3,ASIAN,2.0,0.0009172927078176618,34.43584729904946,57.577090056174725,1.732558315841281,1.7329733937305434,4.2875778725393054,False,0.0002575404667315666,67.76644428778805,8.516841587189461,0.35087719298263725,0,1,failed_breakout_short,1.7347500806888247,SL,2022-07-26 01:00:00+00:00,-16.400806888248187,-577.7581289920189,45,False
2022-07-26 01:00:00+00:00,18,GBP_AUD,SHORT,1.73355,1.7347860267031154,1.732451919890654,1.732451919890654,1.732451919890654,462757.44,4,ASIAN,2.0,0.0009519067343569217,30.148687492055483,59.29177495523498,1.7327103444407572,1.7330007988644593,8.276006984138107,False,0.00018818049836701582,71.84514915846847,11.396555592426694,0.27272727272742286,1,1,failed_breakout_short,1.732451919890654,TP3,2022-07-26 01:15:00+00:00,10.980801330749314,508.1447512966146,15,True
2022-07-26 13:15:00+00:00,18,GBP_AUD,SHORT,1.7298499999999999,1.731638891256566,1.7277533262303024,1.7277533262303024,1.7277533262303024,322580.81,4,OVERLAP,2.0,0.0015193694764793805,29.308288223794793,53.04124097854641,1.7303040576928708,1.7320200656422025,9.936344519618778,False,0.00032483339856636975,76.50452955874967,-2.140576928708615,0.5294117647058567,13,1,failed_breakout_short,1.731638891256566,SL,2022-07-26 13:45:00+00:00,-17.88891256566005,-577.0619905449798,30,False
2022-07-27 12:45:00+00:00,18,GBP_AUD,LONG,1.7363,1.734066459046108,1.7383506228616765,1.7383506228616765,1.7383506228616765,255778.33,2,LONDON,2.0,0.0015301474857997723,20.069024904760866,46.04371620751951,1.7366148554436827,1.7343873499550257,-7.445648324855281,False,-9.391701612067197e-05,37.90104947526291,-5.548554436827224,0.3566878980890882,12,2,failed_breakout_long,1.7383506228616765,TP3,2022-07-27 14:00:00+00:00,20.506229418484416,524.5049115256815,75,True
2022-07-27 18:45:00+00:00,18,GBP_AUD,LONG,1.73958,1.735476214023017,1.7419613579309488,1.7419613579309488,1.7419613579309488,140488.91,4,NY,2.0,0.0019791739572540675,26.495981904316185,54.40482944413439,1.7377955636551692,1.7352577339946262,15.875414744515037,False,-0.00011459822393101044,41.18602609710476,14.84436344830753,0.4586129753914759,18,2,failed_breakout_long,1.735476214023017,SL,2022-07-27 21:00:00+00:00,-41.03785976982799,-576.5364187795985,135,False
2022-07-28 01:45:00+00:00,18,GBP_AUD,SHORT,1.73922,1.7418975933761018,1.7372772198716946,1.7372772198716946,1.7372772198716946,213165.7,4,ASIAN,2.0,0.0015112448413319166,24.23356191348993,54.082054050354834,1.7383061580408445,1.7360221084330048,15.37600039312137,False,0.0002521506142081238,68.76527809861183,12.13841959155415,0.9186046511629002,1,3,failed_breakout_short,1.7418975933761018,SL,2022-07-28 02:15:00+00:00,-26.7759337610185,-570.7710663321142,30,False
2022-07-28 07:00:00+00:00,18,GBP_AUD,LONG,1.7389,1.735542265331188,1.7406932040064358,1.7406932040064358,1.7406932040064358,168287.08,3,ASIAN,2.0,0.0014565072420793304,27.261522707850418,47.546945655278954,1.7389170042187228,1.7366933070330381,3.7730539173863598,False,-0.0003041847261252007,33.20638996685795,-3.1700421872282725,0.2622222222221538,7,3,failed_breakout_long,1.7406932040064358,TP3,2022-07-28 07:15:00+00:00,17.932041129921497,301.7730840194389,15,True
2022-08-01 02:00:00+00:00,18,GBP_AUD,SHORT,1.7443,1.7460881994724373,1.742595401582688,1.742595401582688,1.742595401582688,317683.28,3,ASIAN,2.0,0.001305227591669281,27.39420195663472,55.34714167039486,1.743042590589017,1.7407380470642193,20.88009218031095,False,5.125530484982577e-05,67.19038390549609,15.57409410982924,0.29999999999995064,2,0,failed_breakout_short,1.742595401582688,TP3,2022-08-01 02:15:00+00:00,17.04598470969018,541.5224333404225,15,True
2022-08-03 14:45:00+00:00,18,GBP_AUD,LONG,1.75175,1.7498518282894642,1.754444515131608,1.754444515131608,1.754444515131608,302130.89,3,OVERLAP,2.0,0.0019144617481382468,30.307238265252142,37.46429887823098,1.7559517364714259,1.7539574144825358,-39.397839771266874,False,-0.0004038878931573954,18.49016723673419,-44.41736471425983,0.35036496350348995,14,2,failed_breakout_long,1.7498518282894642,SL,2022-08-03 16:00:00+00:00,-18.981717105357454,-573.4963082769872,75,False
2022-08-04 00:15:00+00:00,18,GBP_AUD,SHORT,1.74808,1.7501498428147042,1.7466104715558874,1.7466104715558874,1.7466104715558874,274301.67,4,ASIAN,2.0,0.0011575652273078446,27.0508640218862,48.508513333792244,1.75002096598226,1.7522742581109094,-49.2023361870908,False,0.0003540963885197957,55.51976394999667,-16.409659822600453,0.18390804597695576,0,3,failed_breakout_short,1.7466104715558874,TP3,2022-08-04 03:00:00+00:00,14.695284976860744,403.0941210278814,165,True
2022-08-05 01:45:00+00:00,18,GBP_AUD,LONG,1.74351,1.7410540188523385,1.7451179434429842,1.7451179434429842,1.7451179434429842,232816.24,3,ASIAN,2.0,0.0012861078456569836,32.292185543301464,44.25423655646069,1.744136121466791,1.7468513050633299,16.21878748446104,False,-0.0004882938400045876,14.521523753223326,-9.261214667910522,0.9727891156462287,1,4,failed_breakout_long,1.7451179434429842,TP3,2022-08-05 07:30:00+00:00,16.07943512049234,374.3553626076974,345,True
2022-08-05 12:45:00+00:00,18,GBP_AUD,SHORT,1.74597,1.7499100565701202,1.7436298302896396,1.7436298302896396,1.7436298302896396,146072.99,4,LONDON,2.0,0.0017393907730803018,23.027606618934165,51.364266341142994,1.7452993582428846,1.7462006609118144,-4.356091098609571,False,-0.00010450982594351987,31.019408307688934,9.106417571154157,0.5376884422110244,12,4,failed_breakout_short,1.7436298302896396,TP3,2022-08-05 14:45:00+00:00,23.40169870565945,341.83561010148054,120,True
2022-08-08 21:45:00+00:00,18,GBP_AUD,SHORT,1.72895,1.7310549681014489,1.7276750956956528,1.7276750956956528,1.7276750956956528,275041.79,4,NY,2.0,0.0010627979026910995,25.75149386800454,41.995312112254425,1.7320700196748866,1.739420383550862,-37.50630153100509,False,0.00020219435633821138,49.451356604767064,-28.200196748866535,0.5934959349594157,21,0,failed_breakout_short,1.7310549681014489,SL,2022-08-09 01:00:00+00:00,-21.049681014488897,-578.9541945154042,195,False
2022-08-10 12:30:00+00:00,18,GBP_AUD,SHORT,1.73427,1.7370893456635883,1.732561963009235,1.732561963009235,1.732561963009235,203297.05,4,LONDON,2.0,0.0018987848038068854,26.572051511684105,46.18242881508179,1.7350159280608,1.7355025112969762,1.1031166916786184,False,8.098300323972002e-05,42.152857678935504,-5.05928060799965,0.05773195876287541,12,2,failed_breakout_short,1.732561963009235,TP3,2022-08-10 12:45:00+00:00,17.080370747817497,347.23889859375913,15,True
2022-08-12 01:30:00+00:00,18,GBP_AUD,SHORT,1.71678,1.7182722115066449,1.7157233654800648,1.7157233654800648,1.7157233654800648,386431.17,4,ASIAN,2.0,0.0009033927980551162,18.204906583079257,50.791925908473516,1.7174948850240528,1.7234666038604547,-8.82037990846074,False,8.64530125959277e-05,67.5133163071072,-4.148850240528468,0.29213483146082275,1,4,failed_breakout_short,1.7157233654800648,TP3,2022-08-12 02:30:00+00:00,10.566345472786148,408.3165243672955,60,True
2022-08-15 01:00:00+00:00,18,GBP_AUD,SHORT,1.70479,1.7057609116549934,1.70361726503502,1.70361726503502,1.70361726503502,598118.48,4,ASIAN,2.0,0.000995978787844662,23.829795616884137,56.306671022254854,1.705444155882191,1.7135897032882654,-18.793962055114743,False,0.0002871362548991023,86.28141058357939,-3.5415588219089855,0.059322033898319436,1,0,failed_breakout_short,1.70361726503502,TP3,2022-08-15 01:15:00+00:00,11.727349845870057,701.4344664240033,15,True
2022-08-16 22:00:00+00:00,18,GBP_AUD,LONG,1.7226299999999999,1.7195240933860052,1.7243877198419841,1.7243877198419841,1.7243877198419841,189231.24,3,NY,2.0,0.0013909694259902974,22.069661780869204,55.081378340461384,1.7210043506967037,1.7175945550112217,16.357072248571747,False,-8.496961963131026e-05,50.20264454520086,13.256493032962613,0.7378048780487012,22,1,failed_breakout_long,1.7243877198419841,TP3,2022-08-17 00:30:00+00:00,17.577199348716537,332.61552284848227,150,True
2022-08-18 21:45:00+00:00,18,GBP_AUD,SHORT,1.72445,1.7262186069137095,1.722864179258871,1.722864179258871,1.722864179258871,334195.63,4,NY,2.0,0.001248127125460837,32.44555294004759,42.35655319592125,1.728136489053999,1.730238658547463,-59.522050941553935,False,0.0003234188476403455,76.07291993256966,-33.864890539989645,0.7168141592919676,21,3,failed_breakout_short,1.7262186069137095,SL,2022-08-18 23:30:00+00:00,-17.68606913709503,-591.060701749503,105,False
2022-08-19 00:15:00+00:00,18,GBP_AUD,SHORT,1.7255,1.7268737223850696,1.724228832844791,1.724228832844791,1.724228832844791,425959.5,5,ASIAN,2.0,0.0010369130008436019,21.488354713059174,49.383877426285274,1.7273362767457066,1.7298050492277501,-45.378230517763015,False,0.0003111495269801375,55.32765159238111,-15.362767457065551,0.6111111111112345,0,4,failed_breakout_short,1.7268737223850696,SL,2022-08-19 01:15:00+00:00,-13.73722385069609,-585.1501002830581,60,False
2022-08-19 07:30:00+00:00,18,GBP_AUD,SHORT,1.72376,1.7255304054403688,1.7220487836788936,1.7220487836788936,1.7220487836788936,327212.39,3,ASIAN,2.0,0.0013300386749706468,17.914271986222573,51.33536050054275,1.7248490063354163,1.7283241427765905,-46.22515007840055,False,0.00023315394455016426,80.92138629068766,-7.8900633541634235,0.10084033613457138,7,4,failed_breakout_short,1.7220487836788936,TP3,2022-08-19 08:00:00+00:00,17.11216373403186,559.931199348389,30,True
2022-08-22 22:30:00+00:00,18,GBP_AUD,LONG,1.71083,1.709053295141893,1.712140114574321,1.712140114574321,1.712140114574321,329203.75,2,NY,2.0,0.0010503090221985652,31.64649535353566,48.32548102168694,1.7112712827751704,1.716633322518121,-3.663219341993873,False,-1.9850077407230712e-05,34.51589061345706,-7.412827751702711,0.9066666666669193,22,0,failed_breakout_long,1.709053295141893,SL,2022-08-22 23:15:00+00:00,-17.767048581069922,-584.8979019320398,45,False
2022-08-23 07:45:00+00:00,18,GBP_AUD,SHORT,1.70906,1.7120129299477214,1.707401210156836,1.707401210156836,1.707401210156836,196093.01,4,ASIAN,2.0,0.0013047270457681517,29.956449321895057,54.50070391360741,1.7089898369452117,1.7140574692907538,-6.469951746796987,False,0.0003064860914858791,58.02856805572,3.7016305478831946,0.6976744186045671,7,1,failed_breakout_short,1.707401210156836,TP3,2022-08-23 08:15:00+00:00,16.58789927755914,325.2771098913397,30,True
2022-08-23 13:45:00+00:00,18,GBP_AUD,SHORT,1.71215,1.7136593088178949,1.7101720735463153,1.7101720735463153,1.7101720735463153,385806.86,3,OVERLAP,2.0,0.001553002090376264,14.503129129876177,58.98036896075561,1.710264094749983,1.7133719828254028,16.13091249731413,False,3.6449782000440236e-05,74.73439389460857,21.259052500171016,0.007936507936472272,13,1,failed_breakout_short,1.7101720735463153,TP3,2022-08-23 14:00:00+00:00,19.779265049520454,763.0976141863231,15,True
2022-08-24 01:45:00+00:00,18,GBP_AUD,SHORT,1.71002,1.7112663390627456,1.7084109828117637,1.7084109828117637,1.7084109828117637,473332.42,3,ASIAN,2.0,0.0012996296879558215,26.63086277187046,60.59365566415465,1.7083077258687975,1.711171023822075,14.240074967946104,False,0.00017869105656682135,66.53203781512947,20.122741312025294,0.09696969696966352,1,2,failed_breakout_short,1.7112663390627456,SL,2022-08-24 02:30:00+00:00,-12.463390627455162,-589.932684709867,45,False
2022-08-24 02:45:00+00:00,18,GBP_AUD,SHORT,1.7104000000000001,1.7124489552522666,1.7087531342432005,1.7087531342432005,1.7087531342432005,285039.58,3,ASIAN,2.0,0.001317345468495056,25.805063136777825,59.5509920207752,1.7087112456460896,1.7111657071856539,16.85961623473009,False,0.0002468203490110435,76.8371189324548,19.88754353910549,0.535031847133703,2,2,failed_breakout_short,1.7087531342432005,TP3,2022-08-24 07:45:00+00:00,16.468658145763598,469.42194010320355,300,True
2022-08-24 15:15:00+00:00,18,GBP_AUD,SHORT,1.7075,1.7107920173274709,1.7054539480175872,1.7054539480175872,1.7054539480175872,178834.89,3,OVERLAP,2.0,0.0015230321795889038,25.643335346408364,45.94608493781797,1.7085066192547582,1.7102017390693398,-3.6626692549468487,False,9.35256298292272e-05,50.34742707309326,-7.666192547581829,0.9271523178809008,15,2,failed_breakout_short,1.70729,TIME,2022-08-24 23:15:00+00:00,2.100000000000435,37.55532690000778,480,True
2022-08-26 12:45:00+00:00,18,GBP_AUD,LONG,1.69521,1.6921554497795988,1.6969936506612038,1.6969936506612038,1.6969936506612038,192860.84,3,LONDON,2.0,0.0013613075521737255,31.067666961780176,49.70719953689248,1.6955139685711718,1.6994931435255811,3.9413310565539206,False,-4.537439454163313e-06,48.38552502039469,-5.439685711716713,0.6578947368421937,12,4,failed_breakout_long,1.6969936506612038,TP3,2022-08-26 13:30:00+00:00,17.8365075368749,343.9963826228024,45,True
2022-08-29 07:30:00+00:00,18,GBP_AUD,SHORT,1.7022300000000001,1.7040311324038133,1.7005166027885603,1.7005166027885603,1.7005166027885603,328983.64,3,ASIAN,2.0,0.0013699601785103319,17.98103948290632,53.25454546737699,1.7016100976074373,1.7007063735068861,27.59296454786675,False,0.0001361314204799572,73.49969474969699,9.19902392562788,0.4913294797686652,7,0,failed_breakout_short,1.7005166027885603,TP3,2022-08-29 09:00:00+00:00,17.133972635213482,563.6796685192924,90,True
2022-08-31 14:00:00+00:00,18,GBP_AUD,LONG,1.69584,1.691195748710299,1.6981627538691026,1.6981627538691026,1.6981627538691026,128800.07,2,OVERLAP,2.0,0.0018028952523016617,23.6826759197499,52.46187098454783,1.6956092788314632,1.6968780088416018,6.94624669519861,False,-6.75777865069128e-05,50.43190607839455,-0.09278831463177539,0.5973597359736095,14,2,failed_breakout_long,1.6981627538691026,TP3,2022-08-31 14:45:00+00:00,23.227540494405694,299.1708841607288,45,True
2022-08-31 15:00:00+00:00,18,GBP_AUD,SHORT,1.69646,1.6984046612371186,1.6937160162886444,1.6937160162886444,1.6937160162886444,309139.5,5,OVERLAP,2.0,0.001941513726077355,23.319226595128807,55.242317220113,1.6958186756456903,1.6968839232700352,14.052718439585554,False,0.000313105206313731,79.35612628890047,8.813243543097649,0.5151515151515305,15,2,failed_breakout_short,1.6984046612371186,SL,2022-08-31 20:00:00+00:00,-19.446612371185612,-601.1716025122134,300,False
2022-09-01 01:00:00+00:00,18,GBP_AUD,SHORT,1.69886,1.7005487437857634,1.6971537686427103,1.6971537686427103,1.6971537686427103,352427.58,5,ASIAN,2.0,0.0013069527449888602,25.880931149567193,60.39804615826112,1.6970915664063764,1.6969527479053688,32.84134503041436,False,0.00013300321534304534,78.48410757946148,20.68433593623631,0.3516483516484723,1,3,failed_breakout_short,1.7005487437857634,SL,2022-09-01 02:45:00+00:00,-16.88743785763336,-595.159885656611,105,False
2022-09-02 06:45:00+00:00,18,GBP_AUD,LONG,1.70086,1.6989298588625181,1.7021804234124458,1.7021804234124458,1.7021804234124458,305266.94,2,ASIAN,2.0,0.0011166906838949789,28.08429116342377,49.70288928561316,1.7002837282762153,1.6987601152624003,21.775038834059846,False,-0.00015782835681052597,23.4421238973339,2.7627172378474896,0.6603773584905713,6,4,failed_breakout_long,1.7021804234124458,TP3,2022-09-02 07:30:00+00:00,13.204234557004728,403.0816278259089,45,True
2022-09-07 00:30:00+00:00,18,GBP_AUD,SHORT,1.70971,1.7118617748105638,1.7083846755683085,1.7083846755683085,1.7083846755683085,275697.57,4,ASIAN,2.0,0.001112581791047139,25.80095248560693,50.636933906145046,1.709152846198686,1.702606103245872,10.255969754939809,False,9.132746364988388e-06,35.82767639366402,8.571538013140145,0.2751677852349153,0,2,failed_breakout_short,1.7083846755683085,TP3,2022-09-07 02:15:00+00:00,13.253244797632087,365.38873853223083,105,True
2022-09-08 13:30:00+00:00,18,GBP_AUD,LONG,1.7083300000000001,1.7045797395063589,1.7109107814809232,1.7109107814809232,1.7109107814809232,159160.41,3,OVERLAP,2.0,0.001946912345333412,27.248628225752956,49.54492764964134,1.707643365256932,1.7058293368972075,-4.554775424612245,False,-0.00035514610009099493,29.95850141560236,4.466347430680528,0.41637010676160996,13,3,failed_breakout_long,1.7045797395063589,SL,2022-09-08 14:45:00+00:00,-37.50260493641244,-596.8929977747429,75,False
2022-09-08 21:30:00+00:00,18,GBP_AUD,LONG,1.7035,1.7018488859927248,1.705003342021826,1.705003342021826,1.705003342021826,357894.16,3,NY,2.0,0.001172783156368393,23.802313197816396,42.67106125698972,1.7049977716759643,1.705377140477886,-34.389953141416015,False,2.5751557793064848e-05,19.460515977377135,-17.97771675964288,0.620253164557211,21,3,failed_breakout_long,1.7018488859927248,SL,2022-09-09 00:00:00+00:00,-16.51114007275245,-590.9240606980077,150,False
2022-09-13 06:30:00+00:00,18,GBP_AUD,SHORT,1.70106,1.704394849163479,1.6992454525095628,1.6992454525095628,1.6992454525095628,175424.67,3,ASIAN,2.0,0.001464005589318178,31.82933532519816,55.22633767871087,1.6991991690052526,1.698615734248416,25.21102674889919,False,5.7476630732384605e-05,70.10242817338106,21.60830994747398,0.8617511520737483,6,1,failed_breakout_short,1.6992454525095628,TP3,2022-09-13 08:15:00+00:00,18.145475938746085,318.3164128547472,105,True
2022-09-15 06:45:00+00:00,18,GBP_AUD,LONG,1.70552,1.7031411002243821,1.7071366993268535,1.7071366993268535,1.7071366993268535,247256.31,3,ASIAN,2.0,0.0012808138690045608,25.045894819205742,43.55408752407487,1.707707087578303,1.7074995188857334,-76.41045389766842,False,0.00010487723660819427,38.27785567153006,-24.8708757830296,0.17424242424238984,6,3,failed_breakout_long,1.7071366993268535,TP3,2022-09-15 07:15:00+00:00,16.166993922391626,399.739126104298,30,True
2022-09-15 07:30:00+00:00,18,GBP_AUD,SHORT,1.70524,1.7072782590404638,1.703565222878609,1.703565222878609,1.703565222878609,290539.8,2,ASIAN,2.0,0.0013189096465754302,20.10196168713663,45.77173646094728,1.7075045498827732,1.7074528828508375,-70.3875564373635,False,0.00022136333068809217,72.92504468275267,-19.6454988277317,0.45925925925915567,7,3,failed_breakout_short,1.7072782590404638,SL,2022-09-15 08:15:00+00:00,-20.382590404637302,-592.195373964524,45,False
2022-09-16 01:30:00+00:00,18,GBP_AUD,LONG,1.71137,1.7094231052142175,1.7129506843573477,1.7129506843573477,1.7129506843573477,301132.56,3,ASIAN,2.0,0.0012842331735960356,26.73078627822122,49.84879211232143,1.710512007050311,1.7087312584481378,20.30802849098734,False,-0.000249169527063443,26.304374031646503,5.579929496890568,0.523809523809549,1,4,failed_breakout_long,1.7094231052142175,SL,2022-09-16 02:15:00+00:00,-19.468947857825825,-586.2734108933606,45,False
2022-09-16 14:30:00+00:00,18,GBP_AUD,LONG,1.70486,1.7010222013081249,1.707523396075625,1.707523396075625,1.707523396075625,151235.31,3,OVERLAP,2.0,0.001977340427767869,16.90678510370976,50.962294101995326,1.7052790564624758,1.7072370929906995,6.707081813948079,False,0.000121925194040324,38.59139935347768,-6.590564624757711,0.7261904761904531,14,4,failed_breakout_long,1.7010222013081249,SL,2022-09-16 17:45:00+00:00,-38.377986918751716,-580.410674883336,195,False
2022-09-20 01:45:00+00:00,18,GBP_AUD,SHORT,1.6994500000000001,1.7017942597806086,1.6979072206581742,1.6979072206581742,1.6979072206581742,245112.16,4,ASIAN,2.0,0.0012850538782731478,21.396274760718264,49.37956662137707,1.7002794192069604,1.7023798313262823,-17.2418120629092,False,0.0001864526606282075,66.76171972209188,-5.294192069602577,0.5594059405940115,1,1,failed_breakout_short,1.6979072206581742,TP3,2022-09-20 02:15:00+00:00,15.427794047676658,378.1539923061169,30,True
2022-09-21 14:00:00+00:00,18,GBP_AUD,SHORT,1.70062,1.7034176423443619,1.6984970729669147,1.6984970729669147,1.6984970729669147,206741.26,3,OVERLAP,2.0,0.0015599072109576508,27.984711853993822,51.367082552023255,1.7007778609706627,1.7015330576227479,6.532824787250924,False,0.000265126352585436,62.24013380031147,0.8213902933729145,0.27205882352939253,14,2,failed_breakout_short,1.6984970729669147,TP3,2022-09-21 17:45:00+00:00,21.229271357705777,438.8966309374003,225,True
2022-09-22 01:15:00+00:00,18,GBP_AUD,SHORT,1.70268,1.7049457777036396,1.7005626668890808,1.7005626668890808,1.7005626668890808,257208.41,3,ASIAN,2.0,0.0015628728781881087,18.575776950691008,60.328526392172286,1.700693377002472,1.7010857673394564,34.3906815113848,False,0.00024932636687992696,69.17376171351968,22.866229975280206,0.5268817204302872,1,3,failed_breakout_short,1.7049457777036396,SL,2022-09-22 02:15:00+00:00,-22.65777703639671,-582.777080566611,60,False
2022-09-22 02:30:00+00:00,18,GBP_AUD,SHORT,1.70293,1.7056149989883633,1.70093500303491,1.70093500303491,1.70093500303491,214878.78,2,ASIAN,2.0,0.001539998121246164,30.178372772266354,56.37034099630075,1.7012789390885603,1.7012239684948713,33.9322841204992,False,0.00011358034830243925,63.79844961240332,19.51060911439706,0.9341317365269158,2,3,failed_breakout_short,1.7056149989883633,SL,2022-09-22 06:45:00+00:00,-26.84998988363274,-576.9493069207346,255,False
2022-09-22 07:15:00+00:00,18,GBP_AUD,SHORT,1.7048400000000001,1.706957826700307,1.7029565198990788,1.7029565198990788,1.7029565198990788,269700.92,3,ASIAN,2.0,0.0014566781577131523,36.71827654514747,61.0907621350749,1.7025074580511754,1.7016233060952601,44.922087649861275,False,0.00017409409363810223,72.30445766884644,26.325419488246737,0.2585034013604106,7,3,failed_breakout_short,1.706957826700307,SL,2022-09-22 07:30:00+00:00,-21.17826700306802,-571.1798094733088,15,False
2022-09-22 11:15:00+00:00,18,GBP_AUD,LONG,1.70374,1.6986769479521362,1.7077091561435913,1.7077091561435913,1.7077091561435913,111685.21,3,LONDON,2.0,0.0027720966603183533,32.790017412257804,48.77738938226408,1.70330374967124,1.7019953972006456,-0.04445335560543384,False,8.195908489745901e-06,50.31834950607697,1.9625032876002813,0.3476394849785395,11,3,failed_breakout_long,1.6986769479521362,SL,2022-09-22 14:45:00+00:00,-50.63052047863836,-565.4680312066026,210,False
2022-09-27 13:45:00+00:00,18,GBP_AUD,LONG,1.66624,1.6605669350225534,1.67026919493234,1.67026919493234,1.67026919493234,98679.17,4,OVERLAP,2.0,0.0029335492438296445,23.18629635566232,56.73649841684429,1.6628645948410488,1.6631346492942969,12.681765990083527,False,-9.97767632953387e-05,57.250806800412384,31.354051589511656,0.7862407862407507,13,1,failed_breakout_long,1.67026919493234,TP3,2022-09-27 15:45:00+00:00,40.29195340652716,397.5976519834773,120,True
2022-09-29 08:00:00+00:00,18,GBP_AUD,SHORT,1.67033,1.675521585703466,1.6667552428896024,1.6667552428896024,1.6667552428896024,108596.75,4,LONDON,2.0,0.002631516306436687,32.637935730184424,57.20980306036106,1.6672419140059196,1.6655573791912408,-6.733333333335256,False,0.0005157377571204818,59.09670511510179,33.28085994080521,0.38624338624332005,8,3,failed_breakout_short,1.675521585703466,SL,2022-09-29 09:15:00+00:00,-51.91585703465895,-563.78933474286,75,False
2022-10-03 13:45:00+00:00,18,GBP_AUD,LONG,1.7336,1.7308045132918817,1.7379664601243547,1.7379664601243547,1.7379664601243547,199661.63,3,OVERLAP,2.0,0.003081618172219527,16.40475142887287,43.532344188057245,1.7349598994151512,1.7197281861136493,-28.016693606580656,False,-0.00044259493875822083,31.765079112962813,-15.998994151511514,0.2701863354037038,13,0,failed_breakout_long,1.7379664601243547,TP3,2022-10-03 15:00:00+00:00,43.664603430477115,871.8145894232653,75,True
2022-10-03 23:15:00+00:00,18,GBP_AUD,SHORT,1.73825,1.7427989946946862,1.7357330159159412,1.7357330159159412,1.7357330159159412,124614.25,2,NY,2.0,0.0018559901472745522,28.666555436475065,54.884023866614164,1.7363819861355339,1.7249219190178318,28.854147421031318,False,0.00022877481413067753,51.308683417749315,21.680138644661895,0.8280254777068775,23,0,failed_breakout_short,1.7427989946946862,SL,2022-10-03 23:45:00+00:00,-45.4899469468617,-566.8695621322961,30,False
2022-10-07 06:30:00+00:00,18,GBP_AUD,LONG,1.74164,1.7379069965561833,1.7441090103314507,1.7441090103314507,1.7441090103314507,150334.95,3,ASIAN,2.0,0.0018698635385170051,22.2412762132734,53.83746155217312,1.7403197956135448,1.7429491597131195,6.016829952117941,False,8.722741785645581e-05,58.901659738262794,10.202043864553367,0.050458715596358776,6,4,failed_breakout_long,1.7441090103314507,TP3,2022-10-07 07:00:00+00:00,24.690104956845925,371.1785694182185,30,True
2022-10-07 12:45:00+00:00,18,GBP_AUD,LONG,1.74347,1.740713874308139,1.746878377075583,1.746878377075583,1.746878377075583,204966.22,4,LONDON,2.0,0.002505661999170354,24.840387536217598,48.02870242166872,1.7429149860329525,1.7432568369166679,-11.633093797296379,False,-0.0002375241941815168,49.57139276555568,3.1501396704758378,0.22254335260120095,12,4,failed_breakout_long,1.740713874308139,SL,2022-10-07 13:15:00+00:00,-27.561256918611218,-564.912664905659,30,False
2022-10-12 15:00:00+00:00,18,GBP_AUD,LONG,1.76667,1.7609607696698621,1.7708976909904137,1.7708976909904137,1.7708976909904137,97957.78,3,OVERLAP,2.0,0.0029378563273990055,27.457286143641284,58.94188185655483,1.7614506574953144,1.7567312747925805,17.24084222704203,False,-0.0005225177177479476,62.7755285650015,49.79342504685569,0.2904564315352349,15,2,failed_breakout_long,1.76849,TIME,2022-10-12 23:00:00+00:00,18.199999999999328,178.2831595999934,480,True
2022-10-13 00:45:00+00:00,18,GBP_AUD,LONG,1.76788,1.7652017118762897,1.7698248643711307,1.7698248643711307,1.7698248643711307,209479.46,3,ASIAN,2.0,0.0015011065154619926,29.357636507576427,50.56069822956718,1.7663042348603246,1.7602043815731048,18.91236633813298,False,-0.00021556218970196706,30.3821228731326,12.757651396753111,0.38461538461534084,0,3,failed_breakout_long,1.7652017118762897,SL,2022-10-13 01:15:00+00:00,-26.78288123710181,-561.046349879222,30,False
2022-10-14 14:15:00+00:00,18,GBP_AUD,SHORT,1.79049,1.7933431506368243,1.7852905480895271,1.7852905480895271,1.7852905480895271,194674.58,2,OVERLAP,2.0,0.003520851182673647,25.66753940005947,59.06031837464343,1.787858614278108,1.7818466905506178,37.95077813522285,False,0.0007645906541046258,83.5531975320145,28.71385721891828,0.29302325581400107,14,4,failed_breakout_short,1.7933431506368243,SL,2022-10-14 14:45:00+00:00,-28.531506368243413,-555.4359019005112,30,False
2022-10-17 23:30:00+00:00,18,GBP_AUD,LONG,1.80459,1.8014647914670134,1.8070656255989597,1.8070656255989597,1.8070656255989597,175950.35,4,NY,2.0,0.0018682444184036202,27.145849607152414,46.22506476911957,1.8058056312335427,1.7992435329991674,-33.62205438419918,False,-9.804491909735577e-06,32.1780375987417,-15.156312335427025,0.8952380952380429,23,0,failed_breakout_long,1.8014647914670134,SL,2022-10-18 00:15:00+00:00,-31.252085329864784,-549.8815352019575,45,False
2022-10-18 00:45:00+00:00,18,GBP_AUD,LONG,1.80227,1.799996421948745,1.8049507341537652,1.8049507341537652,1.8049507341537652,239438.77,4,ASIAN,2.0,0.0019209306666164504,30.706720483224572,40.887661341903474,1.8051162998140597,1.799378590884511,-53.514762178477056,False,-9.686611325178309e-05,34.54402245069276,-31.46299814059672,0.0,0,1,failed_breakout_long,1.8049507341537652,TP3,2022-10-18 02:30:00+00:00,26.807342657241975,641.871715281855,105,True
2022-10-19 06:15:00+00:00,18,GBP_AUD,LONG,1.79374,1.791270067806262,1.7959297965812135,1.7959297965812135,1.7959297965812135,223002.66,4,ASIAN,2.0,0.0016755883597988548,23.418470964303747,45.912844287090635,1.7946552938353775,1.796741128314708,-12.711231945672363,False,-1.5861018749816684e-05,50.20994175809358,-12.152938353775511,0.4946808510637946,6,2,failed_breakout_long,1.791270067806262,SL,2022-10-19 06:45:00+00:00,-24.699321937378116,-550.8014492231673,30,False
2022-10-21 07:00:00+00:00,18,GBP_AUD,LONG,1.78744,1.784190794976923,1.789597615069231,1.789597615069231,1.789597615069231,167823.64,3,ASIAN,2.0,0.001692095042857376,18.04401236153663,50.49302602228921,1.7869345919644772,1.7886212381784061,25.623567148564952,False,-0.00012457252888795875,37.97908077088612,2.054080355227139,0.5230125523012191,7,4,failed_breakout_long,1.784190794976923,SL,2022-10-21 07:30:00+00:00,-32.49205023077018,-545.2934140790692,30,False
2022-10-23 22:30:00+00:00,18,GBP_AUD,SHORT,1.77826,1.7822710020021688,1.7737869939934936,1.7737869939934936,1.7737869939934936,134589.93,4,NY,2.0,0.0032268608611706285,33.98022548108431,59.17753677746439,1.7750655442312104,1.782276428840455,36.88262241001272,False,0.001218165758665003,59.787610190836084,34.944557687894836,0.5328083989501433,22,6,failed_breakout_short,1.7822710020021688,SL,2022-10-24 01:15:00+00:00,-40.11002002168862,-539.840478701767,165,False
2022-10-25 01:30:00+00:00,18,GBP_AUD,SHORT,1.78749,1.7888956386552137,1.785073084034359,1.785073084034359,1.785073084034359,380213.0,4,ASIAN,2.0,0.0017847575025397482,24.53232858079194,51.62920524159577,1.7884157604248376,1.7871559216032877,-53.103221217258856,False,0.00031359773256790856,58.26612903225979,-6.257604248376403,0.055555555555606956,1,1,failed_breakout_short,1.7888956386552137,SL,2022-10-25 01:45:00+00:00,-14.056386552137033,-534.4420900147678,15,False
2022-10-25 14:15:00+00:00,18,GBP_AUD,SHORT,1.79517,1.8000710875226098,1.7912067374321707,1.7912067374321707,1.7912067374321707,107955.16,3,OVERLAP,2.0,0.0027620196848467077,34.75231466430641,57.613447310004,1.791145538566055,1.7883026522290386,18.660344125114303,False,7.973072676359556e-05,45.76541633935637,42.64461433944877,0.7187500000000434,14,1,failed_breakout_short,1.7912067374321707,TP3,2022-10-25 14:45:00+00:00,39.632629349503745,427.85468426463734,30,True
2022-10-26 14:15:00+00:00,18,GBP_AUD,SHORT,1.78824,1.7913271938289812,1.7848884185130562,1.7848884185130562,1.7848884185130562,172770.56,3,OVERLAP,2.0,0.002471217110965214,29.534452869160052,53.0519144603985,1.788324973218632,1.7893552365103895,10.532766647517455,False,0.0003524262170421064,55.26439257377702,1.550267813681394,0.3227665706051823,14,2,failed_breakout_short,1.7848884185130562,TP3,2022-10-26 14:45:00+00:00,33.515816809341224,579.0546439007297,30,True
2022-10-27 00:15:00+00:00,18,GBP_AUD,SHORT,1.79074,1.7938505111518166,1.7884884665445497,1.7884884665445497,1.7884884665445497,173337.03,2,ASIAN,2.0,0.0016888064248025373,18.330308156496873,54.24854773083675,1.7897689225185172,1.7894642278771726,29.733792624215827,False,2.5228064875728348e-05,44.06968236559226,12.710774814828074,0.2287581699346832,0,3,failed_breakout_short,1.7884884665445497,TP3,2022-10-27 03:00:00+00:00,22.515335853436515,390.2741446287201,165,True
2022-10-27 13:30:00+00:00,18,GBP_AUD,LONG,1.79202,1.7867079092946763,1.7955962721159708,1.7955962721159708,1.7955962721159708,102232.72,3,OVERLAP,2.0,0.002718168452743854,29.07444439825863,50.789859079671494,1.7907925225555412,1.7898213970327712,-1.5764845394006244,False,-0.0005994752730978454,19.352093792856092,9.874774444587064,0.690763052208815,13,3,failed_breakout_long,1.7867079092946763,SL,2022-10-27 14:45:00+00:00,-53.120907053236785,-543.0694816919582,75,False
2022-10-28 06:30:00+00:00,18,GBP_AUD,SHORT,1.79077,1.7936645686649708,1.7886562940050872,1.7886562940050872,1.7886562940050872,185740.56,2,ASIAN,2.0,0.0016120560920888033,28.81958666311716,52.11738164753826,1.7905785635784959,1.790077734238542,6.3003957252205645,False,0.0003137932552787219,66.0854432099679,4.914364215040656,0.2787878787879677,6,4,failed_breakout_short,1.7936645686649708,SL,2022-10-28 07:00:00+00:00,-28.94568664970842,-537.6388047901366,30,False
2022-10-30 23:00:00+00:00,18,GBP_AUD,SHORT,1.8111,1.8133476251675846,1.808797124497246,1.808797124497246,1.808797124497246,236811.02,2,NY,2.0,0.0017227324540856678,33.117692455919936,59.479784677574365,1.8064954178420911,1.7972988362849374,83.43799291412823,False,-0.00010848501919908673,89.013486423897,49.04582157908788,0.605263157894683,23,6,failed_breakout_short,1.808797124497246,TP3,2022-10-31 01:00:00+00:00,23.028755999991606,545.3463197689132,120,True
2022-10-31 08:00:00+00:00,18,GBP_AUD,LONG,1.80656,1.8033622666234115,1.8087432001297659,1.8087432001297659,1.8087432001297659,168155.32,3,LONDON,2.0,0.0015979334136646862,18.412450831709677,48.2104555051887,1.8067169699300774,1.8002636333585313,1.7000000000000348,False,4.225407745711465e-05,30.44897738923967,-3.9696993007742876,0.47445255474435993,8,0,failed_breakout_long,1.8087432001297659,TP3,2022-10-31 08:30:00+00:00,21.832002595982722,367.1167382768306,30,True
2022-11-01 22:30:00+00:00,18,GBP_AUD,SHORT,1.79522,1.7975060876580127,1.7930117370259622,1.7930117370259622,1.7930117370259622,236818.15,3,NY,2.0,0.0016341627934520022,32.01074936049544,55.67271456392277,1.7936958358924249,1.795064319385887,27.451623056315988,False,-1.9802456030362315e-05,51.157305182286485,18.241641075751325,0.39473684210526827,22,1,failed_breakout_short,1.7975060876580127,SL,2022-11-02 00:30:00+00:00,-22.860876580126366,-541.3870499083853,120,False
2022-11-02 08:15:00+00:00,18,GBP_AUD,LONG,1.79436,1.790034192205219,1.7965674233843434,1.7965674233843434,1.7965674233843434,123901.29,2,LONDON,2.0,0.001752214476022112,23.38986088031544,52.29639507471043,1.7938897666431926,1.7948738832998001,19.70166812292229,False,5.3242395702076035e-05,41.0096042541304,2.3023335680738555,0.8644578313252823,8,2,failed_breakout_long,1.790034192205219,SL,2022-11-02 09:00:00+00:00,-43.25807794780978,-535.9731660654185,45,False
2022-11-07 14:45:00+00:00,18,GBP_AUD,LONG,1.77096,1.7682800201969977,1.773929939409007,1.773929939409007,1.773929939409007,197991.58,2,OVERLAP,2.0,0.0021071053484327286,28.311161554276833,54.19378304711486,1.767716141572902,1.7688950239347272,4.875360399971829,False,-0.0004798559854183404,46.3529352519818,30.038584270981605,0.10119047619048406,14,0,failed_breakout_long,1.773929939409007,TP3,2022-11-07 16:45:00+00:00,29.699395590101243,588.0230257929177,120,True
2022-11-08 01:15:00+00:00,18,GBP_AUD,SHORT,1.77833,1.7800807057524226,1.7764678827427325,1.7764678827427325,1.7764678827427325,306444.23,4,ASIAN,2.0,0.0014455963973560983,23.864891705866594,56.91662103111454,1.7756239393834985,1.7716910334950167,60.775838087694375,False,-3.916582597754295e-06,81.72624384811184,30.06060616501438,0.28666666666675744,1,1,failed_breakout_short,1.7800807057524226,SL,2022-11-08 01:45:00+00:00,-17.507057524226433,-536.4936762577275,30,False
2022-11-08 06:00:00+00:00,18,GBP_AUD,SHORT,1.7790000000000001,1.781499046644704,1.7772928600658877,1.7772928600658877,1.7772928600658877,212532.54,3,ASIAN,2.0,0.0013660866258790876,29.943312945696015,54.052500627445355,1.7773863537877268,1.772939869912371,58.3324626886017,False,0.00011007482696274052,73.16154416009158,19.13646212273301,0.8208092485548955,6,1,failed_breakout_short,1.7772928600658877,TP3,2022-11-08 07:00:00+00:00,17.071400144361196,362.8228034037452,60,True
2022-11-14 08:45:00+00:00,18,GBP_AUD,SHORT,1.76301,1.765478528439728,1.7603144146808156,1.7603144146808156,1.7603144146808156,216629.86,3,LONDON,2.0,0.0019251242452093507,29.709438680969324,57.92659801345853,1.7616427465926756,1.7651752833591048,8.515202064331984,False,0.0004532385835917108,84.95065896748245,16.072534073243716,0.21854304635755942,8,0,failed_breakout_short,1.765478528439728,SL,2022-11-14 09:45:00+00:00,-24.685284397281126,-534.7569703043195,60,False
2022-11-15 01:45:00+00:00,18,GBP_AUD,SHORT,1.75528,1.7571005790206278,1.7534782629381167,1.7534782629381167,1.7534782629381167,290791.77,4,ASIAN,2.0,0.0013717896097371802,13.050995021641972,55.212974191232206,1.7553069554164347,1.7604925251131003,-13.90068069824446,False,0.00016231616201660957,71.03040104605854,2.7304458356525174,0.2222222222223219,1,1,failed_breakout_short,1.7534782629381167,TP3,2022-11-15 07:00:00+00:00,18.017371238429455,523.9303273169994,315,True
2022-11-16 01:15:00+00:00,18,GBP_AUD,SHORT,1.75577,1.758982649560247,1.7527620513192594,1.7527620513192594,1.7527620513192594,166419.86,4,ASIAN,2.0,0.002153492040458434,12.071975938512091,52.01660174590691,1.7559558318290631,1.7580150779068424,-26.599838535197318,False,0.0003317447122678068,57.87654089180136,1.1416817093690135,0.09459459459460473,1,2,failed_breakout_short,1.7527620513192594,TP3,2022-11-16 07:00:00+00:00,30.079488614851876,500.5824284155243,345,True
2022-11-16 15:15:00+00:00,18,GBP_AUD,LONG,1.75714,1.7522041491800857,1.7603675524597426,1.7603675524597426,1.7603675524597426,109333.64,2,OVERLAP,2.0,0.0023865800941264017,28.453883210600615,52.776332543300754,1.7560906443996944,1.757133779873616,9.57863459735142,False,-0.0003422462287718565,53.08332309178646,8.093556003054836,0.7886904761904154,15,2,failed_breakout_long,1.7603675524597426,TP3,2022-11-16 15:45:00+00:00,32.27552754944851,352.88009099014863,30,True
2022-11-18 00:30:00+00:00,18,GBP_AUD,SHORT,1.7739500000000001,1.7755369854216496,1.7720390437350513,1.7720390437350513,1.7720390437350513,342273.67,2,ASIAN,2.0,0.001450830068777873,30.36517642023704,59.568477389905965,1.7726726551284688,1.7676405845812009,9.239382352173031,False,0.00010543282705966417,69.79681593486752,15.773448715312721,0.09565217391288061,0,4,failed_breakout_short,1.7755369854216496,SL,2022-11-18 00:45:00+00:00,-15.869854216494783,-543.1833245044644,15,False
2022-11-18 09:00:00+00:00,18,GBP_AUD,SHORT,1.7751,1.776793805052399,1.7728085848428026,1.7728085848428026,1.7728085848428026,317481.34,2,LONDON,2.0,0.0016956379544554453,13.67559458832658,54.53079227331076,1.774053773071283,1.7696064239158622,2.5218635665025246,False,7.232754996078038e-05,55.24653372933068,12.862269287168271,0.3000000000000247,9,4,failed_breakout_short,1.776793805052399,SL,2022-11-18 09:15:00+00:00,-16.938050523991333,-537.7514977344471,15,False
2022-11-21 01:15:00+00:00,18,GBP_AUD,SHORT,1.78048,1.7836349115629988,1.7782752653110034,1.7782752653110034,1.7782752653110034,168744.5,2,ASIAN,2.0,0.0016569786169978987,25.767355548220465,52.4653269902853,1.7796577669274023,1.77426632567656,26.710525129145513,False,4.074701749884663e-05,60.47392910746894,11.222330725977336,0.40939597315436443,1,0,failed_breakout_short,1.7836349115629988,SL,2022-11-21 02:45:00+00:00,-31.549115629987416,-532.3739742424411,90,False
2022-11-21 08:45:00+00:00,18,GBP_AUD,SHORT,1.78149,1.7834772900230562,1.7793381299308313,1.7793381299308313,1.7793381299308313,265210.53,2,LONDON,2.0,0.0015628243285329751,28.686080816263832,55.51546862064296,1.7804297939888096,1.7759624458084915,1.1854490105434046,False,0.00026578290271961255,72.45760532310159,13.002060111904079,0.582608695652137,8,0,failed_breakout_short,1.7834772900230562,SL,2022-11-21 09:15:00+00:00,-19.872900230561985,-527.0502402784467,30,False
2022-11-25 01:00:00+00:00,18,GBP_AUD,SHORT,1.79055,1.7924210130781162,1.789226960765651,1.789226960765651,1.789226960765651,278875.52,2,ASIAN,2.0,0.0011011671450731622,26.01364787342714,48.30807458648256,1.7912885025470913,1.7907049736130942,-17.082347073451576,False,0.00016351617732872145,69.4897489992455,-4.3850254709121295,0.5259259259258455,1,4,failed_breakout_short,1.789226960765651,TP3,2022-11-25 01:45:00+00:00,13.230392817909939,368.96326768989,45,True
2022-11-25 15:00:00+00:00,18,GBP_AUD,LONG,1.79223,1.7908126222796392,1.7943821331610823,1.7943821331610823,1.7943821331610823,370733.48,4,OVERLAP,2.0,0.0015479871949556684,30.120948825413194,45.18448579397922,1.7923220074991986,1.791151095493326,-13.575847416378295,False,-0.00034492978658558394,18.89839453094964,-3.320074991985944,0.11827956989251932,15,4,failed_breakout_long,1.7908126222796392,SL,2022-11-25 15:30:00+00:00,-14.173777203607685,-525.4693747438146,30,False
2022-11-25 19:15:00+00:00,18,GBP_AUD,LONG,1.7916699999999999,1.7885253291978818,1.7939340124063545,1.7939340124063545,1.7939340124063545,165427.39,4,NY,2.0,0.0018286743467909872,33.315749277019826,45.879954642953756,1.792056453789399,1.7912550710215287,-12.41471733967714,False,-0.00012088405119993207,57.519574762252866,-6.864537893991329,0.14201183431947415,19,4,failed_breakout_long,1.7885253291978818,SL,2022-11-25 21:30:00+00:00,-31.446708021181106,-520.2146832036055,135,False
2022-11-29 01:30:00+00:00,18,GBP_AUD,SHORT,1.79788,1.8008700002692795,1.7961699991921616,1.7961699991921616,1.7961699991921616,172244.98,2,ASIAN,2.0,0.0013678576429475271,21.772751320404105,49.19840887202423,1.7986746688415716,1.7970009995926925,-21.578975383818033,False,0.0002291252086554617,51.92024269534195,-4.946688415716771,0.6763005780347452,1,1,failed_breakout_short,1.7961699991921616,TP3,2022-11-29 02:30:00+00:00,17.100009071155917,294.539072046107,60,True
2022-11-30 15:15:00+00:00,18,GBP_AUD,SHORT,1.78494,1.7885999838152296,1.782030048554311,1.782030048554311,1.782030048554311,141519.18,3,OVERLAP,2.0,0.0021228270854264587,18.696356862471493,51.49531381286022,1.78526081837305,1.7888765232051511,8.540407267150218,False,0.00037327246606219265,71.78204859656599,-0.8081837305007333,0.5578512396694366,15,2,failed_breakout_short,1.782030048554311,TP3,2022-11-30 15:45:00+00:00,29.09951651311359,411.81397153322945,30,True
2022-11-30 16:15:00+00:00,18,GBP_AUD,LONG,1.77889,1.776514622611756,1.7823561321647314,1.7823561321647314,1.7823561321647314,219786.57,2,OVERLAP,2.0,0.002405700863881358,30.831890060618093,34.5418700611241,1.7844469305609365,1.7885212958256183,-49.4467885962524,False,-0.0006754427119822383,9.280320548236173,-57.96930560936442,0.21153846153856556,16,2,failed_breakout_long,1.776514622611756,SL,2022-11-30 18:30:00+00:00,-23.75377388244004,-522.076048617708,135,False
2022-12-05 08:45:00+00:00,18,GBP_AUD,LONG,1.80541,1.8018322909152138,1.8077431272543585,1.8077431272543585,1.8077431272543585,144465.43,3,LONDON,2.0,0.0017014597288886398,26.067816560745833,53.52662512352536,1.8039929687093668,1.7988951396855746,9.982320998040972,False,-2.0180896344061e-05,38.846317581947936,11.770312906331792,0.8026315789473857,8,0,failed_breakout_long,1.8018322909152138,SL,2022-12-05 09:30:00+00:00,-35.77709084786162,-516.8552813485394,45,False
2022-12-07 09:00:00+00:00,18,GBP_AUD,SHORT,1.81536,1.8171354808622728,1.8132435574131813,1.8132435574131813,1.8132435574131813,288196.15,2,LONDON,2.0,0.0015480358870782597,30.49325174305139,62.433016940533804,1.813113760231304,1.811504129919478,3.898219093807498,False,0.0004811060848463588,86.06979040097751,24.86239768695997,0.03999999999990763,9,2,failed_breakout_short,1.8171354808622728,SL,2022-12-07 10:00:00+00:00,-17.75480862272749,-511.6867489056866,60,False
2022-12-09 13:45:00+00:00,18,GBP_AUD,SHORT,1.81104,1.8134013258531314,1.8083360224406055,1.8083360224406055,1.8083360224406055,214527.73,3,OVERLAP,2.0,0.0019788908701013066,23.249678324492237,58.176358589223675,1.808849810857357,1.8098996931174869,12.600383280327865,False,0.00011477047874446967,58.569553805776444,24.301891426430355,0.08675799086753454,13,4,failed_breakout_short,1.8083360224406055,TP3,2022-12-09 15:00:00+00:00,27.03977685437709,580.0781948276058,75,True
2022-12-12 09:15:00+00:00,18,GBP_AUD,SHORT,1.80857,1.810791159297886,1.8065565221063422,1.8065565221063422,1.8065565221063422,230677.13,3,LONDON,2.0,0.0015292958389309988,27.29376286848833,62.00193816512187,1.8063161459910393,1.8077644094294143,2.306863434422546,False,0.0003907186135775747,66.31681913369323,24.938540089607386,0.542553191489407,9,0,failed_breakout_short,1.8065565221063422,TP3,2022-12-12 09:45:00+00:00,20.134779809433446,464.4633219622055,30,True
2022-12-15 03:15:00+00:00,18,GBP_AUD,SHORT,1.81067,1.8137845013676608,1.8086164958970175,1.8086164958970175,1.8086164958970175,166002.59,2,ASIAN,2.0,0.0015883596827986548,30.714254313193475,53.359562624374995,1.8093278423664783,1.8083951036374315,37.764265509474534,False,0.00013277796687302212,48.93407292287559,16.421576335217125,0.635869565217432,3,3,failed_breakout_short,1.8137845013676608,SL,2022-12-15 04:45:00+00:00,-31.14501367660782,-517.0152935902321,90,False
2022-12-15 08:45:00+00:00,18,GBP_AUD,SHORT,1.81492,1.8191337651939372,1.8125087044181882,1.8125087044181882,1.8125087044181882,121469.78,2,LONDON,2.0,0.001788421074454983,29.921120722174187,54.10550111046395,1.812579584616958,1.8096195863565554,-12.535412246457156,False,-1.1360540461980697e-05,56.063380687264434,25.804153830422116,0.49514563106787535,8,3,failed_breakout_short,1.8191337651939372,SL,2022-12-15 09:15:00+00:00,-42.137651939371246,-511.84513107919986,30,False
2022-12-16 09:30:00+00:00,18,GBP_AUD,LONG,1.8147900000000001,1.8123614004866864,1.8176057985399408,1.8176057985399408,1.8176057985399408,208649.75,3,LONDON,2.0,0.00199239909615374,28.90259537985063,37.85673035516254,1.8180050019795546,1.8154730366948693,-19.894237847362106,False,-0.0005971771478226406,15.568536020698089,-34.55001979554506,0.7163120567376468,9,4,failed_breakout_long,1.8176057985399408,TP3,2022-12-16 10:15:00+00:00,28.15798674893991,587.5156895669625,45,True
2022-12-16 14:30:00+00:00,18,GBP_AUD,SHORT,1.82129,1.824399802575264,1.8182305922742081,1.8182305922742081,1.8182305922742081,164834.21,2,OVERLAP,2.0,0.00217034763977604,31.50277459015313,56.191189821551816,1.8192617453495041,1.8163205921761265,25.10591203327861,False,0.0001543453647566103,57.46559746559749,22.6825465049596,0.5698324022345378,14,4,failed_breakout_short,1.8182305922742081,TP3,2022-12-16 15:00:00+00:00,30.594079113970842,504.29508614288835,30,True
2022-12-19 09:15:00+00:00,18,GBP_AUD,SHORT,1.81764,1.8196598694185087,1.815450391744474,1.815450391744474,1.815450391744474,256276.37,2,LONDON,2.0,0.0016519003486588687,19.475268749726013,57.44584903956466,1.8162412105230887,1.8163920934270525,10.251876294633533,False,0.00029204465823388763,72.72996488940113,16.387894769112066,0.4106280193236767,9,0,failed_breakout_short,1.815450391744474,TP3,2022-12-19 10:00:00+00:00,21.89608340965278,561.1448773443037,45,True
2022-12-19 16:00:00+00:00,18,GBP_AUD,LONG,1.81414,1.809362360126717,1.8168629196198487,1.8168629196198487,1.8168629196198487,109521.91,4,OVERLAP,2.0,0.002087759764668176,30.282490003319385,50.825246165394766,1.8145536755904874,1.8158430574162467,-6.147994031067139,False,-4.024247980248259e-05,57.570905662253615,-6.536755904873459,0.9746478873239648,16,0,failed_breakout_long,1.81275,TIME,2022-12-20 00:00:00+00:00,-13.900000000000023,-152.23545490000026,480,False
2022-12-20 16:00:00+00:00,18,GBP_AUD,LONG,1.82158,1.8172097341805384,1.8250307974583846,1.8250307974583846,1.8250307974583846,119382.64,3,OVERLAP,2.0,0.002440493664714294,33.472517817774964,47.51072671941235,1.8210344094546476,1.8178251461158415,2.1302017900559633,False,-0.000502331327915869,43.46456988435792,3.055905453523966,0.1422018348623956,16,1,failed_breakout_long,1.8250307974583846,TP3,2022-12-20 20:45:00+00:00,34.507977474381526,411.96534519521987,285,True
2022-12-22 14:45:00+00:00,18,GBP_AUD,SHORT,1.79434,1.7974222730391818,1.791513180882455,1.791513180882455,1.791513180882455,170605.76,3,OVERLAP,2.0,0.0020513642156231643,32.183677496150715,54.9564267363092,1.7945275917509225,1.8048907567920998,11.956159807282596,False,0.0005759416724943327,61.454501510193154,0.5240824907759567,0.018691588785065154,14,3,failed_breakout_short,1.7974222730391818,SL,2022-12-22 15:15:00+00:00,-30.822730391817373,-525.8535343771101,30,False
2022-12-23 14:00:00+00:00,18,GBP_AUD,LONG,1.8001800000000001,1.7973954020833258,1.802683793750023,1.802683793750023,1.802683793750023,186955.18,3,OVERLAP,2.0,0.001928538988109441,19.17736977512978,46.29446755663866,1.8011278133412707,1.8031671727867062,-8.43190231400337,False,-0.00025316136892939,20.84620548143872,-11.878133412706049,0.45031055900626493,14,4,failed_breakout_long,1.7973954020833258,SL,2022-12-23 14:45:00+00:00,-27.845979166742914,-520.5950047394672,45,False
2022-12-26 06:15:00+00:00,18,GBP_AUD,LONG,1.79456,1.7924207833852266,1.7974076498443197,1.7974076498443197,1.7974076498443197,240924.2,3,ASIAN,2.0,0.002014973713150232,32.753605058272704,41.20012533450524,1.7968913750705924,1.800214666972227,-48.30781194012701,False,-0.00045095981726337223,41.32871794430617,-26.31375070592412,0.041095890410917234,6,0,failed_breakout_long,1.7924207833852266,SL,2022-12-26 06:45:00+00:00,-21.392166147733427,-515.3890515409757,30,False
2022-12-26 15:45:00+00:00,18,GBP_AUD,SHORT,1.79336,1.797936478264423,1.7909105652067312,1.7909105652067312,1.7909105652067312,111490.79,3,OVERLAP,2.0,0.001959173919642678,21.748876560265007,45.57938282718883,1.7952646946579933,1.7989325802719554,-15.08773062611768,False,0.0002327648129526538,63.506133092343475,-16.646946579932376,0.7330097087378475,15,0,failed_breakout_short,1.7909105652067312,TP3,2022-12-26 19:30:00+00:00,24.494350129672654,273.08944464938065,225,True
2022-12-27 14:45:00+00:00,18,GBP_AUD,LONG,1.78418,1.7823773111341086,1.7866480665976745,1.7866480665976745,1.7866480665976745,284556.07,2,OVERLAP,2.0,0.001782136465227,28.991271083220568,39.22869249550881,1.78740959317382,1.7930958537207016,-15.700717766671257,False,-0.00012474630056036947,29.52766600698614,-34.695931738200066,0.35135135135142026,14,1,failed_breakout_long,1.7823773111341086,SL,2022-12-27 15:00:00+00:00,-18.02688865891522,-512.9660591108485,15,False
2022-12-30 08:30:00+00:00,18,GBP_AUD,LONG,1.77578,1.7742363714221034,1.77792088573369,1.77792088573369,1.77792088573369,328988.73,2,LONDON,2.0,0.00159602450180815,22.026523390277738,39.332843327380054,1.7790350122134955,1.7826603665531142,-8.513712936586426,False,-8.222679049943069e-05,27.026162681488426,-34.95012213495574,0.2807017543858396,8,4,failed_breakout_long,1.7742363714221034,SL,2022-12-30 08:45:00+00:00,-15.436285778964718,-507.8364054338664,15,False
2023-01-02 08:15:00+00:00,18,GBP_AUD,SHORT,1.77096,1.7734351852417993,1.769414444274602,1.769414444274602,1.769414444274602,203119.36,4,LONDON,2.0,0.0013453440204845345,13.33571790765775,45.11492487168284,1.7727111329188785,1.7772776007873061,-7.385638005634743,False,3.4398847012044316e-05,35.21573451842371,-15.111329188783884,0.23214285714285596,8,0,failed_breakout_short,1.7734351852417993,SL,2023-01-02 08:30:00+00:00,-24.75185241799238,-502.7580421957065,15,False
2023-01-02 09:00:00+00:00,18,GBP_AUD,LONG,1.7734,1.769179838929944,1.7757704832101675,1.7757704832101675,1.7757704832101675,117941.1,3,LONDON,2.0,0.0018752991301037017,15.967492959647224,54.08976889465128,1.7726387717904362,1.7771236246094155,11.01242500452626,False,0.00012528990561870535,51.84015854304448,5.212282095639065,0.5950413223140906,9,0,failed_breakout_long,1.769179838929944,SL,2023-01-02 12:15:00+00:00,-42.20161070056072,-497.73043877959026,195,False
2023-01-03 08:45:00+00:00,18,GBP_AUD,SHORT,1.77422,1.778793066392868,1.770670800821396,1.770670800821396,1.770670800821396,107751.15,4,LONDON,2.0,0.0024978375867547105,18.981189909646076,54.4872438818055,1.7722075251485536,1.7733911208390702,6.784289097225837,False,0.0001453814575631293,80.7459629838512,22.524748514463067,0.6478873239437472,8,1,failed_breakout_short,1.778793066392868,SL,2023-01-03 11:00:00+00:00,-45.7306639286803,-492.75316285788205,135,False
2023-01-04 15:45:00+00:00,18,GBP_AUD,SHORT,1.75705,1.7607344111200007,1.7534367666399975,1.7534367666399975,1.7534367666399975,132402.6,3,OVERLAP,2.0,0.0026196206514301447,30.200031686067955,53.04185005287868,1.7591912873370386,1.768721632988199,18.05828788347119,False,0.0008342576951320738,76.09282592153393,-19.012873370385375,0.3932926829268394,15,2,failed_breakout_short,1.7607344111200007,SL,2023-01-04 17:15:00+00:00,-36.8441112000073,-487.8256117570087,90,False
2023-01-05 01:15:00+00:00,18,GBP_AUD,SHORT,1.76569,1.7681549903159222,1.763455029052233,1.763455029052233,1.763455029052233,195922.62,3,ASIAN,2.0,0.0017164105867128968,34.5164502252682,60.146110922400545,1.7627542873082533,1.7669582909167025,77.46834090810006,False,7.484921315572819e-05,77.07129094412103,32.35712691746606,0.20388349514567816,1,3,failed_breakout_short,1.763455029052233,TP3,2023-01-05 01:45:00+00:00,22.349710618410892,437.88138606008823,30,True
2023-01-05 13:45:00+00:00,18,GBP_AUD,LONG,1.75879,1.754819010053559,1.7614029698393234,1.7614029698393234,1.7614029698393234,122721.58,4,OVERLAP,2.0,0.0020961241862477325,30.23276387707,43.061606720046186,1.7614593346560912,1.7652357941411014,-14.278541164292058,False,-0.00010910115924832146,42.39537403456071,-29.093346560911115,0.5627705627706157,13,3,failed_breakout_long,1.7614029698393234,TP3,2023-01-05 14:45:00+00:00,26.12970052241883,320.66781330380644,60,True
2023-01-06 07:45:00+00:00,18,GBP_AUD,SHORT,1.7613,1.7637343039672027,1.7591870880983926,1.7591870880983926,1.7591870880983926,201508.47,4,ASIAN,2.0,0.0016558502248045965,23.6020377373676,50.2495378401006,1.7618183232713174,1.7636943425143619,1.2051381515876258,False,0.0001057930359055354,52.331944327917164,-2.183232713173222,0.20264317180612604,7,4,failed_breakout_short,1.7637343039672027,SL,2023-01-06 08:00:00+00:00,-24.343039672025665,-490.5328679459194,15,False
2023-01-06 08:15:00+00:00,18,GBP_AUD,SHORT,1.76109,1.7648487876043735,1.7587536371868795,1.7587536371868795,1.7587536371868795,129197.92,3,LONDON,2.0,0.001752034122408034,27.68822297599707,48.31916599147789,1.7618308858802125,1.7636606271604973,-9.727577097078388,False,0.00012040073062743244,44.96474122566951,-5.008858802124649,0.6045454545453834,8,4,failed_breakout_short,1.7587536371868795,TP3,2023-01-06 09:30:00+00:00,23.36362993956498,301.85323918415213,75,True
2023-01-09 08:15:00+00:00,18,GBP_AUD,SHORT,1.75192,1.7563421985456336,1.7493034043630993,1.7493034043630993,1.7493034043630993,110498.44,4,LONDON,2.0,0.0019155115847480089,23.8204136052473,45.70846770069919,1.7544429577297265,1.7590624404356765,-8.881040723387468,False,0.0003162534035058617,58.376362333211716,-22.829577297265313,0.49029126213585955,8,0,failed_breakout_short,1.7563421985456336,SL,2023-01-09 09:00:00+00:00,-44.22198545633638,-488.64604066278577,45,False
2023-01-11 15:15:00+00:00,18,GBP_AUD,SHORT,1.75838,1.762773869291661,1.7556983921250169,1.7556983921250169,1.7556983921250169,110098.77,3,OVERLAP,2.0,0.0019943286845134607,24.942430147237506,50.72362106475576,1.7590516948822938,1.7605666971107816,3.613081599285195,False,0.00029128882118238837,73.59444940904729,-4.316948822937761,0.6961538461538124,15,2,failed_breakout_short,1.7556983921250169,TP3,2023-01-11 16:15:00+00:00,26.816081185470075,295.24175547403973,60,True
2023-01-12 07:45:00+00:00,18,GBP_AUD,SHORT,1.76,1.7621680424019046,1.7582958727942863,1.7582958727942863,1.7582958727942863,224493.77,3,ASIAN,2.0,0.001359935889251242,31.491823895717825,57.648176997890836,1.7587378775267286,1.7595482236066493,19.796656616495323,False,0.00034006831640004187,81.57702944616175,15.621224732713657,0.5808383233532217,7,3,failed_breakout_short,1.7621680424019046,SL,2023-01-12 08:00:00+00:00,-21.68042401904602,-486.71201232341923,15,False
2023-01-12 13:30:00+00:00,18,GBP_AUD,LONG,1.75591,1.7542731352666212,1.7584505942001365,1.7584505942001365,1.7584505942001365,294370.63,2,OVERLAP,2.0,0.002369177361989151,29.842758724883495,33.52089223069255,1.7594896266244446,1.7597101722032766,-39.09756636802486,False,-0.0008515361218417852,17.68320153171245,-38.19626624444572,0.06615214994489105,13,3,failed_breakout_long,1.7542731352666212,SL,2023-01-12 13:45:00+00:00,-16.368647333788733,-481.844902789521,15,False
2023-01-16 00:45:00+00:00,18,GBP_AUD,LONG,1.75288,1.7507389360063867,1.7545031919808398,1.7545031919808398,1.7545031919808398,222798.78,2,ASIAN,2.0,0.001309118845281746,22.079729061421233,47.62447537536365,1.7532102876312723,1.7548226983302175,-13.329970239486233,False,-4.2713227534869305e-05,29.263058703910094,-6.302876312722638,0.6325301204819269,0,0,failed_breakout_long,1.7507389360063867,SL,2023-01-16 01:45:00+00:00,-21.41063993613246,-477.02644567895896,60,False
2023-01-23 14:45:00+00:00,18,GBP_AUD,SHORT,1.7686899999999999,1.7721924275636916,1.7659227173089251,1.7659227173089251,1.7659227173089251,134836.82,4,OVERLAP,2.0,0.0020509369039985953,28.381941413618026,46.895983765718796,1.7721463999240337,1.7776466274041038,-2.812979013488981,False,0.0007025042241293766,62.953067336489994,-32.163999240337745,0.16226415094345123,14,0,failed_breakout_short,1.7659227173089251,TP3,2023-01-23 15:30:00+00:00,27.672828963067097,373.13162577838654,45,True
2023-01-26 14:30:00+00:00,18,GBP_AUD,LONG,1.74122,1.7376747283976652,1.7433958148070043,1.7433958148070043,1.7433958148070043,134259.81,2,OVERLAP,2.0,0.0016840758329074294,17.88158612420969,48.401766299995394,1.7419934099271144,1.7461211328609436,-4.283018308079978,False,-3.864963628549866e-05,36.81411696309193,-10.13409927114406,0.4356060606060587,14,3,failed_breakout_long,1.7433958148070043,TP3,2023-01-26 15:45:00+00:00,21.758149690643748,292.1245043417388,75,True
2023-01-27 13:45:00+00:00,18,GBP_AUD,LONG,1.73994,1.7380704675715608,1.741888597285317,1.741888597285317,1.741888597285317,256164.98,4,OVERLAP,2.0,0.0014648459385296153,22.636343621104928,45.35763018063942,1.7409111251453395,1.7434969145087575,-6.283509495454975,False,-3.079141872834747e-05,41.018673355631314,-12.111251453394978,0.41558441558437254,13,4,failed_breakout_long,1.741888597285317,TP3,2023-01-27 14:45:00+00:00,19.48597361385103,499.1624041072678,60,True
2023-01-30 01:15:00+00:00,18,GBP_AUD,LONG,1.74191,1.7404713847437498,1.7434958457687508,1.7434958457687508,1.7434958457687508,336365.38,3,ASIAN,2.0,0.0012338569044646696,31.031432119062416,40.76752271732236,1.7426929432436553,1.7432737500732314,1.8807820006205844,False,-0.00039102355302876845,11.290497211299856,-10.8294324365521,0.5591397849463932,1,0,failed_breakout_long,1.7434958457687508,TP3,2023-01-30 02:15:00+00:00,15.858458158972816,533.4236304856992,60,True
2023-02-02 13:00:00+00:00,18,GBP_AUD,LONG,1.72566,1.7224194196819824,1.7290817409540526,1.7290817409540526,1.7290817409540526,150971.29,3,OVERLAP,2.0,0.0024446491620326166,24.749132716207416,34.03966587213513,1.7315613008818889,1.7388171788724995,-36.84164198623163,False,-0.0005339342578034743,14.741538432998745,-61.41300881888911,0.6385542168674355,13,3,failed_breakout_long,1.7290817409540526,TP3,2023-02-02 14:45:00+00:00,34.2174118070113,516.5846800965728,105,True
2023-02-09 08:15:00+00:00,18,GBP_AUD,LONG,1.73834,1.7352879234584564,1.7399662296246312,1.7399662296246312,1.7399662296246312,161988.22,4,LONDON,2.0,0.0013759992914384068,25.996799709976994,49.173779959852325,1.7386648617125409,1.7374949094095862,13.468956939535204,False,4.460069668280422e-05,32.58975649994744,-5.648617125408872,0.6957928802588506,8,3,failed_breakout_long,1.7399662296246312,TP3,2023-02-09 09:15:00+00:00,16.262297250230592,263.43005846757484,60,True
2023-02-09 14:00:00+00:00,18,GBP_AUD,LONG,1.7406,1.737637908855085,1.742796273434745,1.742796273434745,1.742796273434745,167798.6,2,OVERLAP,2.0,0.0016581692691280039,18.29202413120191,52.82606572754112,1.7395069720355325,1.7380065751750604,8.914875989567417,False,-6.861173355176425e-05,43.57078804576429,8.53027964467401,0.6380952380951918,14,3,failed_breakout_long,1.742796273434745,TP3,2023-02-09 15:00:00+00:00,21.962735656326256,368.5316295301628,60,True
2023-02-10 07:45:00+00:00,18,GBP_AUD,LONG,1.74606,1.7441047815609838,1.7476056553170485,1.7476056553170485,1.7476056553170485,256094.18,4,ASIAN,2.0,0.0012704056724585312,32.47931977132332,43.5007284291423,1.7462886220236702,1.7422562246347202,18.369312732431364,False,-0.00036092443844371004,19.632462826753,-5.2862202367021105,0.3631284916201422,7,4,failed_breakout_long,1.7441047815609838,SL,2023-02-10 08:15:00+00:00,-19.552184390161376,-500.72006286071775,30,False
2023-02-14 01:45:00+00:00,18,GBP_AUD,SHORT,1.74504,1.7465372815009503,1.743668155497149,1.743668155497149,1.743668155497149,331075.26,4,ASIAN,2.0,0.0011020942160505558,32.51634848387167,68.49828544194636,1.7427203277833763,1.7426326715974567,33.69578029946973,False,0.0003213075815845806,74.699791454482,26.196722166236253,0.03191489361722483,1,1,failed_breakout_short,1.743668155497149,TP3,2023-02-14 04:15:00+00:00,13.718445442870259,454.1837891794086,150,True
2023-02-16 13:45:00+00:00,18,GBP_AUD,SHORT,1.7424,1.74609758294995,1.7404572511501502,1.7404572511501502,1.7404572511501502,135292.36,4,OVERLAP,2.0,0.0015305111927641757,22.76522064828475,48.121022310115464,1.7428842953588022,1.744234260236697,0.7977647299939328,False,-5.976885856984757e-06,40.18257813441203,-2.4429535880221565,0.38645418326698516,13,3,failed_breakout_short,1.74609758294995,SL,2023-02-16 15:00:00+00:00,-36.97582949950151,-500.25472359451777,75,False
2023-02-17 08:30:00+00:00,18,GBP_AUD,LONG,1.74725,1.7435652281561598,1.7491843155315205,1.7491843155315205,1.7491843155315205,134405.11,4,LONDON,2.0,0.001452433424274634,27.24279293562848,59.59250463186974,1.7447282628493535,1.7442386525117966,13.877805081257133,False,-6.814490388451727e-05,62.957484491675636,22.817371506465012,0.7114093959731994,8,4,failed_breakout_long,1.7491843155315205,TP3,2023-02-17 09:45:00+00:00,19.343156754373844,259.9819111318859,75,True
2023-02-21 01:15:00+00:00,18,GBP_AUD,SHORT,1.74198,1.74416442015617,1.7404967395314908,1.7404967395314908,1.7404967395314908,227910.36,4,ASIAN,2.0,0.0012039231471723862,24.078212466280423,53.56299698931968,1.7418921931010456,1.7441186163287996,3.946191807264743,False,5.0361717952053346e-05,68.46985728633736,3.8780689895445697,0.4571428571428164,1,1,failed_breakout_short,1.7404967395314908,TP3,2023-02-21 01:30:00+00:00,14.832605335901995,338.05044218433443,15,True
2023-02-22 07:30:00+00:00,18,GBP_AUD,SHORT,1.77311,1.7742371641311405,1.7713785076065784,1.7713785076065784,1.7713785076065784,444684.56,3,ASIAN,2.0,0.001337590529260953,26.738577659895995,64.41933781398312,1.7689657885009176,1.757591811490896,115.81458720381742,False,9.335110133298387e-06,85.74209437597439,44.44211499082362,0.08035714285727208,7,2,failed_breakout_short,1.7742371641311405,SL,2023-02-22 07:45:00+00:00,-11.271641311405565,-501.23248570402075,15,False
2023-02-22 08:00:00+00:00,18,GBP_AUD,SHORT,1.77301,1.7747313813171568,1.7712358560485293,1.7712358560485293,1.7712358560485293,288268.59,2,LONDON,2.0,0.0013518510175770453,32.77739289153325,61.23146463088276,1.7693212142217236,1.7579086643115511,-3.6333333333349316,False,2.9843543116432787e-05,70.81570506751693,39.28785778276378,0.4897959183674302,8,2,failed_breakout_short,1.7747313813171568,SL,2023-02-22 08:30:00+00:00,-17.213813171568226,-496.2201651491401,30,False
2023-02-22 08:30:00+00:00,18,GBP_AUD,SHORT,1.77247,1.7753147879724467,1.7706256360826604,1.7706256360826604,1.7706256360826604,172687.02,2,LONDON,2.0,0.0014610348059720434,34.33694798767405,55.54782099762417,1.7696322781031752,1.7582149534764422,-8.97117161575034,False,-2.9600666903798964e-05,43.572762602452826,30.77721896824759,0.569037656903803,8,2,failed_breakout_short,1.7706256360826604,TP3,2023-02-22 09:15:00+00:00,18.443640241434068,318.49772712453296,45,True
2023-02-22 09:45:00+00:00,18,GBP_AUD,LONG,1.7707,1.7689727722160902,1.7728216833517296,1.7728216833517296,1.7728216833517296,286263.88,4,LONDON,2.0,0.001556280170118429,31.94349025767898,43.45496701285658,1.7698707171707029,1.7588371905883962,-15.058646806684894,False,-0.00045572741103590167,17.88813004703837,5.892828292970442,0.02272727272725361,9,2,failed_breakout_long,1.7728216833517296,TP3,2023-02-22 13:30:00+00:00,21.216834258460345,607.3613296143782,225,True
2023-02-22 16:00:00+00:00,18,GBP_AUD,LONG,1.7703,1.7682375025845372,1.7725874922463885,1.7725874922463885,1.7725874922463885,242674.99,3,OVERLAP,2.0,0.0016710666287167145,24.054947086986587,42.75257882843765,1.770965344418691,1.7616382672790187,-15.743657886331253,False,-0.00019247840883004886,28.17289956420326,-9.053444186910564,0.16778523489923686,16,2,failed_breakout_long,1.7682375025845372,SL,2023-02-22 17:45:00+00:00,-20.624974154628273,-500.51653967246745,105,False
2023-02-23 13:45:00+00:00,18,GBP_AUD,SHORT,1.76531,1.766707228335604,1.7634883149931877,1.7634883149931877,1.7634883149931877,354638.8,4,OVERLAP,2.0,0.001379138337550491,32.25073402700772,57.437534951687745,1.7652209634932432,1.764309021295679,13.767394494945684,False,0.0004263588805975102,74.42808368375174,3.2903650675675244,0.06250000000009637,13,3,failed_breakout_short,1.766707228335604,SL,2023-02-23 14:45:00+00:00,-13.972283356040725,-495.5113802646256,60,False
2023-02-24 01:15:00+00:00,18,GBP_AUD,LONG,1.76379,1.7624877524538345,1.7651467426384966,1.7651467426384966,1.7651467426384966,376699.71,4,ASIAN,2.0,0.0010884597285930548,27.626576771968924,38.27053504967947,1.765178369170981,1.764766690924989,-17.100834317951286,False,-7.82285998071368e-05,20.311339836645356,-16.8836917098103,0.05681818181830225,1,4,failed_breakout_long,1.7624877524538345,SL,2023-02-24 01:45:00+00:00,-13.022475461654803,-490.5562729887481,30,False
2023-02-24 13:30:00+00:00,18,GBP_AUD,SHORT,1.77463,1.7762768449399946,1.7725994651800163,1.7725994651800163,1.7725994651800163,294897.65,3,OVERLAP,2.0,0.0016748548885612803,31.525647781672433,70.6976385872553,1.7695730405926038,1.7663207639649985,22.185937675676115,False,0.0001565480392830658,76.44964403141125,52.96959407396162,0.018567639257298024,13,4,failed_breakout_short,1.7725994651800163,TP3,2023-02-24 14:00:00+00:00,20.305348888391876,598.7999669616877,30,True
2023-02-24 15:15:00+00:00,18,GBP_AUD,SHORT,1.77617,1.7780350003014662,1.7736349990956013,1.7736349990956013,1.7736349990956013,263613.2,3,OVERLAP,2.0,0.0018457148455801257,26.061209017988702,69.23380979494256,1.7710281903464709,1.7669395479314658,27.026729719490383,False,0.00011172031424864668,76.3269155585967,53.8180965352919,0.3072625698324376,15,4,failed_breakout_short,1.7780350003014662,SL,2023-02-24 15:30:00+00:00,-18.65000301466191,-491.6386974704673,15,False
2023-02-27 01:00:00+00:00,18,GBP_AUD,SHORT,1.7753,1.7773420173878334,1.7735539478364994,1.7735539478364994,1.7735539478364994,238353.66,2,ASIAN,2.0,0.0013473180059765733,34.74691350280017,52.64052706897539,1.7743834907513782,1.7696499170831328,12.42030199548605,False,0.0001050520749092038,66.5699577330832,12.16509248621822,0.8672566371680668,1,0,failed_breakout_short,1.7773420173878334,SL,2023-02-27 03:00:00+00:00,-20.420173878332726,-486.7223181737,120,False
2023-02-27 09:15:00+00:00,18,GBP_AUD,LONG,1.78021,1.777824976400878,1.7820550707973661,1.7820550707973661,1.7820550707973661,202033.68,3,LONDON,2.0,0.0014029009697981139,25.712757130758966,54.4301955510939,1.7781220456538944,1.7723306088163857,1.7694534590106947,False,-0.00030145864259104797,33.536876077306864,18.47954346105629,0.8152866242037514,9,0,failed_breakout_long,1.7820550707973661,TP3,2023-02-27 09:45:00+00:00,18.450708886909776,372.76646150310864,30,True
2023-03-01 16:00:00+00:00,18,GBP_AUD,LONG,1.77648,1.7738377338119702,1.7796067985640898,1.7796067985640898,1.7796067985640898,183775.11,3,OVERLAP,2.0,0.002240637206341294,33.97547592347611,40.07880516051914,1.781408094206805,1.7848218588540226,-41.14980889263764,False,-0.00024217682049015778,19.662902167555476,-51.68094206804863,0.5616438356164328,16,2,failed_breakout_long,1.7796067985640898,TP3,2023-03-01 19:45:00+00:00,31.267987342323636,574.6277813314133,225,True
2023-03-02 07:30:00+00:00,18,GBP_AUD,LONG,1.7788899999999999,1.7769047658607375,1.7804057024177868,1.7804057024177868,1.7804057024177868,247491.73,4,ASIAN,2.0,0.0012290062586299655,36.5108554265731,44.57609462931919,1.7795791510152676,1.782260006410626,-12.386768278789262,False,-0.000188065876352584,42.15108877726198,-9.89151015267753,0.3061224489795117,7,3,failed_breakout_long,1.7769047658607375,SL,2023-03-02 08:00:00+00:00,-19.85234139262326,-491.32903158109406,30,False
2023-03-02 13:45:00+00:00,18,GBP_AUD,LONG,1.77822,1.7754680693616423,1.7803857919150732,1.7803857919150732,1.7803857919150732,176754.36,4,OVERLAP,2.0,0.0016021568998073215,18.532475253229737,47.75742488987556,1.7788078704946917,1.7814106027767467,-2.758131346380921,False,-0.0001452255014657427,36.42407659088016,-8.278704946917959,0.5759493670886173,13,3,failed_breakout_long,1.7754680693616423,SL,2023-03-02 14:15:00+00:00,-27.51930638357658,-486.41573874729926,30,False
2023-03-03 08:15:00+00:00,18,GBP_AUD,LONG,1.77356,1.7717691462729908,1.774912561181028,1.774912561181028,1.774912561181028,268894.99,3,LONDON,2.0,0.0010815854930172361,37.1514343392224,44.38978101412756,1.7745011613732804,1.7779439516739113,3.2878621378196193,False,-3.7101755216085194e-05,55.32720825273742,-11.811613732803927,0.3432835820895077,8,4,failed_breakout_long,1.7717691462729908,SL,2023-03-03 09:00:00+00:00,-17.908537270092673,-481.5515950156196,45,False
2023-03-07 01:45:00+00:00,18,GBP_AUD,SHORT,1.78638,1.788127373820452,1.7852778785386443,1.7852778785386443,1.7852778785386443,272830.04,3,ASIAN,2.0,0.000935837095124998,17.818204653641494,51.98641038207984,1.7860133523023494,1.7823831445785148,12.264254263467667,False,6.920023446994536e-05,68.68825222443404,6.666476976506797,0.052631578947245405,1,1,failed_breakout_short,1.7852778785386443,TP3,2023-03-07 02:00:00+00:00,11.021215017516969,300.6918534077755,15,True
2023-03-08 01:30:00+00:00,18,GBP_AUD,LONG,1.7953,1.7934702730734786,1.7969491807795637,1.7969491807795637,1.7969491807795637,262193.77,3,ASIAN,2.0,0.0012744928635394612,30.342963588314273,48.03749385560241,1.795519727761653,1.790716130326054,-25.36628746161451,False,5.522106733650534e-05,26.720671538844794,-5.197277616530993,0.8421052631577963,1,2,failed_breakout_long,1.7969491807795637,TP3,2023-03-08 02:45:00+00:00,16.49180842463087,432.4049424971729,75,True
2023-03-08 03:00:00+00:00,18,GBP_AUD,SHORT,1.7959100000000001,1.7973515074436826,1.7943154776689527,1.7943154776689527,1.7943154776689527,335806.13,2,ASIAN,2.0,0.0012749423954103187,30.988276559373066,55.336094646753914,1.7955465298601534,1.7910017873047281,-12.321836399151742,False,0.0001871347793929972,72.44572429117552,6.634701398466891,0.1048951048950126,3,2,failed_breakout_short,1.7973515074436826,SL,2023-03-08 03:15:00+00:00,-14.415074436824327,-484.06703602919066,15,False
2023-03-09 01:00:00+00:00,18,GBP_AUD,SHORT,1.79727,1.7987020519114754,1.795973844265574,1.795973844265574,1.795973844265574,334643.16,3,ASIAN,2.0,0.00105881069273993,25.46260189212763,58.352128660833465,1.7957718086273964,1.793151726853939,49.96189192035594,False,-6.044384469691959e-05,69.29728621722468,17.98191372603508,0.09090909090925403,1,3,failed_breakout_short,1.7987020519114754,SL,2023-03-09 01:45:00+00:00,-14.320519114754404,-479.2263769401816,45,False
2023-03-09 02:00:00+00:00,18,GBP_AUD,SHORT,1.79792,1.7991171259278333,1.7966086222164999,1.7966086222164999,1.7966086222164999,396310.95,3,ASIAN,2.0,0.0010768052945477231,25.696309593483015,62.06184694421911,1.7961122272948027,1.7933443954279953,54.20252909129841,False,-3.5449192999462446e-06,54.9667162821436,21.077727051972417,0.12612612612613333,2,3,failed_breakout_short,1.7966086222164999,TP3,2023-03-09 04:15:00+00:00,13.113778165897184,519.7133883015971,135,True
2023-03-12 23:30:00+00:00,18,GBP_AUD,LONG,1.82125,1.8191940474109747,1.8253778577670763,1.8253778577670763,1.8253778577670763,233289.06,5,NY,2.0,0.0029131976653328576,28.81040951013659,39.45398071361102,1.8231630122517748,1.8120083864775023,-8.16906137565132,False,-0.0009265347207316685,21.150039326169566,-22.130122517747264,0.053941908713677274,23,6,failed_breakout_long,1.8191940474109747,SL,2023-03-12 23:45:00+00:00,-20.55952589025356,-479.63124689829164,15,False
2023-03-14 01:00:00+00:00,18,GBP_AUD,SHORT,1.82773,1.8293535141465904,1.8257094575602288,1.8257094575602288,1.8257094575602288,292473.54,2,ASIAN,2.0,0.0015358119865250316,21.054803210979518,59.31202824913919,1.8247403331191347,1.8185924400833626,77.83533472339509,False,-0.00013156704071760525,69.7484412870842,32.89666880865294,0.3165467625899246,1,1,failed_breakout_short,1.8293535141465904,SL,2023-03-14 02:15:00+00:00,-16.235141465903435,-474.8349296933567,75,False
2023-03-14 07:15:00+00:00,18,GBP_AUD,LONG,1.82774,1.8251523926750655,1.8295928219748039,1.8295928219748039,1.8295928219748039,181668.44,3,ASIAN,2.0,0.0014319850320215495,21.855201704321026,48.16074191936581,1.8269391270509283,1.820761969596248,58.8334810367952,False,-0.00027319730880773815,33.240233465821554,5.0087294907164015,0.43165467625894455,7,1,failed_breakout_long,1.8251523926750655,SL,2023-03-14 07:30:00+00:00,-25.8760732493446,-470.08658605341645,15,False
2023-03-16 00:15:00+00:00,18,GBP_AUD,SHORT,1.82051,1.8242520765600254,1.8185237703199242,1.8185237703199242,1.8185237703199242,124365.63,2,ASIAN,2.0,0.0015902850400469517,21.975242412641684,44.18668775858887,1.8213995310184063,1.8207410512833517,3.2077619655090928,False,-6.945333523694511e-06,52.022238514174,-5.895310184063085,0.6897959183673166,0,3,failed_breakout_short,1.8185237703199242,TP3,2023-03-16 01:00:00+00:00,19.86229839784781,247.01872534963337,45,True
2023-03-16 01:00:00+00:00,18,GBP_AUD,LONG,1.82035,1.8181816628271226,1.822595011518632,1.822595011518632,1.822595011518632,215767.14,4,ASIAN,2.0,0.0017233404639151308,33.95163193259758,42.586279244494825,1.82121803593478,1.8207131248367616,-4.046898577894087,False,-0.000280103013450595,22.800938018249393,-11.680359347800984,0.4396135265700758,1,3,failed_breakout_long,1.822595011518632,TP3,2023-03-16 03:00:00+00:00,22.450116226799885,484.3997370924203,120,True
2023-03-20 01:00:00+00:00,18,GBP_AUD,LONG,1.81415,1.812056488808485,1.8160205335745456,1.8160205335745456,1.8160205335745456,225792.87,4,ASIAN,2.0,0.0014422350699569114,31.040883998538366,41.267256391727976,1.8154802926184794,1.816303727309197,-9.196328264140519,False,-0.0003241186366281548,25.575339147286986,-16.302926184794675,0.7028985507244955,1,0,failed_breakout_long,1.8160205335745456,TP3,2023-03-20 01:30:00+00:00,18.705336573885944,422.35316293336746,30,True
2023-03-23 01:30:00+00:00,18,GBP_AUD,LONG,1.8311199999999999,1.828808075499774,1.8333757735006784,1.8333757735006784,1.8333757735006784,206288.5,3,ASIAN,2.0,0.0016721455004200354,21.967084410109404,43.338764934062596,1.8324410661260788,1.8306231755016533,-12.178318075735106,False,-0.0003677591018853191,24.14995542061116,-16.210661260789294,0.47619047619040905,1,3,failed_breakout_long,1.828808075499774,SL,2023-03-23 02:45:00+00:00,-23.119245002258815,-476.92343726484677,75,False
2023-03-23 07:45:00+00:00,18,GBP_AUD,LONG,1.82758,1.826054860211874,1.8294254193643782,1.8294254193643782,1.8294254193643782,309580.93,4,ASIAN,2.0,0.001415259606519779,35.259087262489736,38.96744454030259,1.8301645392624137,1.830262197975186,-40.568139855032825,False,-0.00010286249460106215,20.489322919464538,-28.84539262413721,0.12295081967220872,7,3,failed_breakout_long,1.8294254193643782,TP3,2023-03-23 08:30:00+00:00,18.454194239884494,571.3066615184085,45,True
2023-03-24 01:30:00+00:00,18,GBP_AUD,SHORT,1.83902,1.8424928908220886,1.8371513275337343,1.8371513275337343,1.8371513275337343,137599.28,3,ASIAN,2.0,0.0014682258124502625,28.325302869380412,56.638010595466895,1.8366350852201951,1.8329109353281976,49.549006277394,False,9.837227157858579e-05,66.85103492103599,26.849147798049255,0.8011363636363207,1,4,failed_breakout_short,1.8371513275337343,TP3,2023-03-24 03:30:00+00:00,18.686726020711593,257.12800460071804,120,True
2023-03-30 01:45:00+00:00,18,GBP_AUD,SHORT,1.84337,1.8457524067322297,1.8419527798033106,1.8419527798033106,1.8419527798033106,201661.01,3,ASIAN,2.0,0.0012080410741410457,29.884451445208224,53.85870456648554,1.8432215877978724,1.8428455542995796,-13.825532978166688,False,0.00028662134286346015,77.13236336821826,4.484122021275461,0.6798029556651108,1,3,failed_breakout_short,1.8419527798033106,TP3,2023-03-30 03:15:00+00:00,14.172202669666813,285.7980704289706,90,True
2023-04-03 00:15:00+00:00,18,GBP_AUD,SHORT,1.8444,1.8469853192736825,1.8421340421789527,1.8421340421789527,1.8421340421789527,186938.82,3,ASIAN,2.0,0.0016970215082673299,23.313917051075723,50.94772150662392,1.8450858124369451,1.8451072207494148,-21.59355226490467,False,0.00023950781120369956,72.90918659231176,-3.858124369451321,0.7499999999999635,0,0,failed_breakout_short,1.8421340421789527,TP3,2023-04-03 01:45:00+00:00,22.659579422611984,423.5955038959366,90,True
2023-04-03 06:15:00+00:00,18,GBP_AUD,SHORT,1.84287,1.8442079951433055,1.8413460145700833,1.8413460145700833,1.8413460145700833,364375.37,3,ASIAN,2.0,0.0011934195518531487,26.961671381404308,51.82338021992869,1.8435750040326517,1.8445914901065619,-26.9148953829923,False,0.0002288461260742229,65.67646158555118,-4.050040326517568,0.28888888888883957,6,0,failed_breakout_short,1.8413460145700833,TP3,2023-04-03 06:45:00+00:00,15.239854717413195,555.3027701403678,30,True
2023-04-11 01:45:00+00:00,18,GBP_AUD,LONG,1.86316,1.8617663211542608,1.8644910365372174,1.8644910365372174,1.8644910365372174,353801.39,4,ASIAN,2.0,0.0011046892849441079,22.81352337758606,43.416806950187755,1.8638569360157031,1.8626935858734048,-14.11864979698585,False,-6.874470297143213e-05,26.177267655029098,-9.969360157031648,0.14285714285709517,1,1,failed_breakout_long,1.8617663211542608,SL,2023-04-11 02:00:00+00:00,-13.936788457391549,-493.08551283610853,15,False
2023-04-13 00:30:00+00:00,18,GBP_AUD,SHORT,1.86595,1.866889979022603,1.864720062932191,1.864720062932191,1.864720062932191,519325.05,4,ASIAN,2.0,0.0010006753276912742,27.39465896690042,63.027969040948804,1.8644120956330883,1.8642684185329028,44.734331539202365,False,0.00010978858823273963,74.19314050893063,18.37904366911669,0.06666666666680483,0,3,failed_breakout_short,1.866889979022603,SL,2023-04-13 00:45:00+00:00,-9.399790226030103,-488.1546529122594,15,False
2023-04-13 07:00:00+00:00,18,GBP_AUD,LONG,1.86241,1.8590287491287822,1.8641237526136527,1.8641237526136527,1.8641237526136527,142927.31,4,ASIAN,2.0,0.0014458944751183543,22.549097898215273,49.57669442193593,1.8627438034020016,1.8637365853188534,2.78446030698154,False,3.320677824101355e-05,28.9300323439885,-6.3380340200169805,0.7240143369175701,7,3,failed_breakout_long,1.8590287491287822,SL,2023-04-13 07:30:00+00:00,-33.81250871217656,-483.273091458296,30,False
2023-04-14 00:00:00+00:00,18,GBP_AUD,SHORT,1.84497,1.8470085580432085,1.8438043258703745,1.8438043258703745,1.8438043258703745,234695.49,3,ASIAN,2.0,0.0010366077945300652,25.89106588248259,40.2514639460692,1.848423103867591,1.8568280825971493,-72.83032134069111,False,0.00025436417702135654,45.78614960332899,-31.53103867590934,0.4309392265193174,0,4,failed_breakout_short,1.8470085580432085,SL,2023-04-14 02:00:00+00:00,-20.38558043208516,-478.4403788442638,120,False
2023-04-17 02:00:00+00:00,18,GBP_AUD,LONG,1.84889,1.8477520497254483,1.850413850823655,1.850413850823655,1.850413850823655,416236.09,4,ASIAN,2.0,0.001179764795595944,36.33000900478435,41.19984685306308,1.849787531810876,1.8518742165746358,4.566255576488043,False,-0.00014673782510202303,17.180205415498914,-11.97531810876118,0.09859154929579667,2,0,failed_breakout_long,1.850413850823655,TP3,2023-04-17 05:30:00+00:00,15.238508602652786,634.2817238199559,210,True
2023-04-17 08:15:00+00:00,18,GBP_AUD,SHORT,1.8508,1.852109691105625,1.8493909266831254,1.8493909266831254,1.8493909266831254,366497.71,3,LONDON,2.0,0.0010965691961604624,29.2483528763957,60.540309769854254,1.8498727618700754,1.8514155304986588,-1.052545632322932,False,0.00019052819852122938,86.12227538543137,11.67238129924586,0.18867924528298724,8,0,failed_breakout_short,1.8493909266831254,TP3,2023-04-17 08:30:00+00:00,14.090733553215536,516.4221579473657,15,True
2023-04-18 14:45:00+00:00,18,GBP_AUD,SHORT,1.84506,1.8491704379696716,1.842958686090985,1.842958686090985,1.842958686090985,118031.95,4,OVERLAP,2.0,0.0015893848008186975,22.320754203619458,47.09623458659712,1.845580329644355,1.847608433037101,-7.822951704028469,False,-6.938329595245233e-05,34.752185149850916,-2.8032964435498187,0.5816326530613077,14,1,failed_breakout_short,1.84631,TIME,2023-04-18 22:45:00+00:00,-12.499999999999734,-147.53993749999685,480,False
2023-04-20 01:15:00+00:00,18,GBP_AUD,SHORT,1.8534,1.8549352319705323,1.8520943040884033,1.8520943040884033,1.8520943040884033,315058.32,3,ASIAN,2.0,0.0010618593738455705,34.67470498184605,58.34021783865157,1.8522455873246724,1.849898539781393,13.163702263085941,False,6.078571828025238e-05,54.22647527910016,14.544126753275322,0.07368421052633055,1,3,failed_breakout_short,1.8520943040884033,TP3,2023-04-20 06:00:00+00:00,13.056959530396735,411.37037339547845,285,True
2023-04-24 07:15:00+00:00,18,GBP_AUD,LONG,1.86125,1.8600067714307993,1.8627596857076023,1.8627596857076023,1.8627596857076023,392366.56,4,ASIAN,2.0,0.001208138771372839,29.796870709145463,47.37895878183205,1.860118034263964,1.854615058642025,49.678300723510205,False,-0.00027595724554271644,35.76764635986331,8.319657360360555,0.1300813008131549,7,0,failed_breakout_long,1.8600067714307993,SL,2023-04-24 07:45:00+00:00,-12.432285692007826,-487.80131699103305,30,False
2023-04-24 08:15:00+00:00,18,GBP_AUD,LONG,1.86133,1.8593281175508918,1.8630456473473247,1.8630456473473247,1.8630456473473247,241234.59,3,LONDON,2.0,0.001280638834058205,21.3118186705828,48.92601940600754,1.860257590590869,1.8548682262510225,4.194145746319045,False,-0.0002699548393525568,32.63835890364344,8.324094091309853,0.41836734693880556,8,0,failed_breakout_long,1.8630456473473247,TP3,2023-04-24 10:30:00+00:00,17.156474184442253,413.87350157295117,135,True
2023-04-27 14:00:00+00:00,18,GBP_AUD,SHORT,1.88399,1.8872555844274603,1.8816932467176188,1.8816932467176188,1.8816932467176188,149150.04,2,OVERLAP,2.0,0.0016967996509979673,25.27500150684252,49.84769626710798,1.88459623319287,1.8810204641131718,1.1905710437765116,False,0.0001620349499440401,64.51636022267486,-3.6623319286999134,0.4915254237287583,14,3,failed_breakout_short,1.88445,TIME,2023-04-27 22:00:00+00:00,-4.599999999999049,-68.60901839998583,480,False
2023-05-01 00:15:00+00:00,18,GBP_AUD,LONG,1.8982999999999999,1.8962873804183722,1.9000778587448834,1.9000778587448834,1.9000778587448834,241663.13,4,ASIAN,2.0,0.0014205792230231684,21.08688546110313,44.11452046724275,1.8979284755676427,1.8904145605105926,6.887642210464673,False,-0.00017724736643836888,53.727479470186154,0.7152443235725059,0.10638297872339923,0,0,failed_breakout_long,1.8962873804183722,SL,2023-05-01 01:15:00+00:00,-20.126195816276837,-486.37594759543657,60,False
2023-05-02 01:15:00+00:00,18,GBP_AUD,SHORT,1.8844,1.8873344753630288,1.8828265739109142,1.8828265739109142,1.8828265739109142,164088.0,3,ASIAN,2.0,0.001258311388481741,27.061055177429076,51.59734566688753,1.884850254220959,1.8877472865898584,3.4462998029050063,False,8.514934356883757e-05,49.31484900956206,-1.5025422095904517,0.036231884057888235,1,1,failed_breakout_short,1.8828265739109142,TP3,2023-05-02 04:30:00+00:00,15.73426184975001,258.180355840178,195,True
2023-05-02 22:30:00+00:00,18,GBP_AUD,SHORT,1.8707500000000001,1.8728702255364764,1.8692493233905714,1.8692493233905714,1.8692493233905714,228321.93,3,NY,2.0,0.0011932759963130992,23.71730626357765,54.21859375783944,1.8700421391656703,1.8770627869111212,51.7137782329935,False,-0.00012828089390773813,65.71195806378577,10.07860834329799,0.8545454545453224,22,1,failed_breakout_short,1.8728702255364764,SL,2023-05-03 00:00:00+00:00,-21.202255364762834,-484.0939865235504,90,False
2023-05-04 12:45:00+00:00,18,GBP_AUD,LONG,1.8827,1.880877380930818,1.8852878572075464,1.8852878572075464,1.8852878572075464,262947.46,4,LONDON,2.0,0.0018755782713383335,16.35005485660055,45.10569368989197,1.8834283583193794,1.8806341999667158,-12.766678163942391,False,-0.000129568312480365,23.26553932724633,-9.683583193793588,0.08571428571433284,12,3,failed_breakout_long,1.8852878572075464,TP3,2023-05-04 13:30:00+00:00,25.87857305963669,680.4705054455897,45,True
2023-05-04 13:45:00+00:00,18,GBP_AUD,SHORT,1.8837599999999999,1.8871011234442656,1.8810266296672027,1.8810266296672027,1.8810266296672027,145477.34,2,OVERLAP,2.0,0.0020663721107792225,17.920508670794668,51.03150209016252,1.883601204346762,1.8807896041620007,0.8873212570792433,False,0.0001407927410064074,69.16776578177907,3.9879565323786004,0.5189873417721705,13,3,failed_breakout_short,1.8871011234442656,SL,2023-05-04 14:15:00+00:00,-33.41123444265737,-486.05775128341764,30,False
2023-05-05 12:30:00+00:00,18,GBP_AUD,SHORT,1.87329,1.8763406476075664,1.8713980571773006,1.8713980571773006,1.8713980571773006,157736.07,3,LONDON,2.0,0.001676916985480554,18.698648060309033,47.89111916886163,1.8744733492580243,1.877740768624342,-3.0800583908585644,False,3.565834124963207e-05,48.72178437774729,-9.433492580244174,0.09000000000001021,12,4,failed_breakout_short,1.8713980571773006,TP3,2023-05-05 13:30:00+00:00,18.919429426429083,298.4276444367278,60,True
2023-05-10 02:15:00+00:00,18,GBP_AUD,SHORT,1.86605,1.8676623384162845,1.8650529847511463,1.8650529847511463,1.8650529847511463,300297.66,3,ASIAN,2.0,0.0008729142016712649,20.155446853179523,48.91108042779392,1.8661701443312826,1.8660883300707227,3.3708186969216847,False,6.336298295551585e-05,65.94116568914885,1.798556687173658,0.877551020408265,2,2,failed_breakout_short,1.8650529847511463,TP3,2023-05-10 04:45:00+00:00,9.970152820545495,299.4013561852212,150,True
2023-05-11 11:30:00+00:00,18,GBP_AUD,SHORT,1.87012,1.872579078116849,1.867572765649453,1.867572765649453,1.867572765649453,198113.05,3,LONDON,2.0,0.0018632879312910759,32.212641987059946,62.32104783900481,1.8658359450778659,1.8653389746381424,18.00410943373798,False,0.0002119896132690626,84.9041386171388,45.24054922134146,0.5129533678756751,11,3,failed_breakout_short,1.867572765649453,TP3,2023-05-11 11:45:00+00:00,25.472344791218333,504.64039172398776,15,True
2023-05-12 02:00:00+00:00,18,GBP_AUD,SHORT,1.86808,1.8691217547859629,1.8670547356421112,1.8670547356421112,1.8670547356421112,472493.03,3,ASIAN,2.0,0.0008861160310739671,36.78966892560468,60.70868147835396,1.8672701521330652,1.8663539707655943,0.6988861813383984,False,0.00023770534236902967,77.66920316209485,11.098478669346878,0.010869565217462136,2,4,failed_breakout_short,1.8691217547859629,SL,2023-05-12 03:00:00+00:00,-10.417547859629117,-492.22187533661764,60,False
2023-05-16 01:45:00+00:00,18,GBP_AUD,SHORT,1.8682,1.8702109551452906,1.8669371345641284,1.8669371345641284,1.8669371345641284,242322.49,4,ASIAN,2.0,0.0010360595555396633,30.22085948706447,48.49843086770912,1.8689896260274945,1.8695143769103961,-10.866588098801255,False,3.266911328777004e-05,54.54271876616139,-4.896260274944719,0.4270833333333237,1,1,failed_breakout_short,1.8702109551452906,SL,2023-05-16 02:00:00+00:00,-20.109551452904828,-487.29965808510156,15,False
2023-05-16 13:45:00+00:00,18,GBP_AUD,LONG,1.87462,1.8716259162996685,1.8767922511009947,1.8767922511009947,1.8767922511009947,161126.64,5,OVERLAP,2.0,0.0016390125863300852,26.264174668226868,53.310843416221246,1.872842165444602,1.8708783581071637,5.5081593823080865,False,-0.0003094025451192147,48.822945695908174,15.37834555398021,0.5147058823529284,13,1,failed_breakout_long,1.87478,TIME,2023-05-16 21:45:00+00:00,1.5999999999993797,25.780262399990008,480,True
2023-05-17 13:00:00+00:00,18,GBP_AUD,SHORT,1.8719,1.873648683740692,1.8703139487779237,1.8703139487779237,1.8703139487779237,276027.3,2,OVERLAP,2.0,0.0012246983755709582,27.323239475262326,47.09653426112211,1.8731452029533742,1.8728042123592508,1.606579922754925,False,0.00026029571035086343,67.93328702143735,-10.052029533742513,0.5833333333334595,13,2,failed_breakout_short,1.873648683740692,SL,2023-05-17 14:00:00+00:00,-17.48683740692147,-482.68445149715353,60,False
2023-05-17 14:15:00+00:00,18,GBP_AUD,SHORT,1.87301,1.8743370250716456,1.871158924785063,1.871158924785063,1.871158924785063,360096.9,2,OVERLAP,2.0,0.0014059037044848576,23.271356291092935,54.44668145734632,1.8730453414453136,1.8727926466677418,11.075600109464734,False,0.0002653661724888518,74.74098923815103,2.0465855468643213,0.18589743589737204,14,2,failed_breakout_short,1.8743370250716456,SL,2023-05-17 14:45:00+00:00,-13.270250716455044,-477.85761452182413,30,False
2023-05-18 01:15:00+00:00,18,GBP_AUD,SHORT,1.87344,1.876510335370801,1.8717889938875973,1.8717889938875973,1.8717889938875973,154080.57,3,ASIAN,2.0,0.0013149085457730858,19.67802980575267,46.92553296398879,1.874269372010069,1.8734566212866208,3.1442641825840667,False,-7.729268954005337e-05,68.88586866880797,-5.293720100689736,0.5600000000000296,1,3,failed_breakout_short,1.876510335370801,SL,2023-05-18 01:30:00+00:00,-30.703353708010358,-473.079024024185,15,False
2023-05-22 07:30:00+00:00,18,GBP_AUD,LONG,1.87384,1.8717707694241486,1.8754576917275538,1.8754576917275538,1.8754576917275538,226339.32,4,ASIAN,2.0,0.0012864282122951882,28.86433508711943,51.84279872581446,1.8726216538089107,1.8720140087050692,32.75448679071147,False,-0.00011650512122914135,28.71061359867454,9.183461910893254,0.6474820143884168,7,0,failed_breakout_long,1.8717707694241486,SL,2023-05-22 09:15:00+00:00,-20.692305758513996,-468.3482414614142,105,False
2023-05-23 02:15:00+00:00,18,GBP_AUD,SHORT,1.8689200000000001,1.870776097254577,1.8674617082362688,1.8674617082362688,1.8674617082362688,249806.29,5,ASIAN,2.0,0.0011991806156431445,33.55708406529649,49.598736819733396,1.8698776629336362,1.8713009244337921,-25.57363551948244,False,9.241058449716943e-05,67.75083090230927,-6.576629336361162,0.47096774193543584,2,1,failed_breakout_short,1.8674617082362688,TP3,2023-05-23 06:15:00+00:00,14.582918221082595,364.2904698182043,240,True
2023-05-23 14:00:00+00:00,18,GBP_AUD,SHORT,1.87402,1.8756389389645618,1.871983183106315,1.871983183106315,1.871983183106315,288650.58,4,OVERLAP,2.0,0.0015230295056146118,27.778635455754312,62.603692961898176,1.8709888938837063,1.8710558444402214,24.391475031140253,False,0.00032585691787028837,75.89509402847806,32.71106116293776,0.3081761006288588,14,1,failed_breakout_short,1.8756389389645618,SL,2023-05-23 14:15:00+00:00,-16.18938964561778,-467.3076711053567,15,False
2023-05-25 06:15:00+00:00,18,GBP_AUD,SHORT,1.88962,1.8923084239894374,1.8882447280316879,1.8882447280316879,1.8882447280316879,172083.94,3,ASIAN,2.0,0.0011463588375266404,23.883615619888463,45.637884986548734,1.8900525401729051,1.8841958331564885,8.259743598344471,False,-2.9246671883736037e-05,36.55805053173584,-1.3254017290509346,0.6535947712417447,6,3,failed_breakout_short,1.8923084239894374,SL,2023-05-25 08:00:00+00:00,-26.884239894373604,-462.6345924928994,105,False
2023-05-26 08:00:00+00:00,18,GBP_AUD,SHORT,1.89303,1.8950853131253553,1.891424060623934,1.891424060623934,1.891424060623934,222841.1,3,LONDON,2.0,0.001239867232802707,24.73474498603541,48.529455453214666,1.893626664427028,1.890403374808358,-3.7333333333333663,False,0.0001081228369939017,66.65708536935958,-3.566644270280861,0.8529411764707467,8,4,failed_breakout_short,1.8950853131253553,SL,2023-05-26 08:30:00+00:00,-20.553131253553403,-458.00823769862194,30,False
2023-05-30 01:45:00+00:00,18,GBP_AUD,LONG,1.8890799999999999,1.8864524339905562,1.8905126980283316,1.8905126980283316,1.8905126980283316,172565.85,4,ASIAN,2.0,0.0012140511603957451,34.03110009489648,47.34269295247906,1.8892151362030196,1.890067267611667,2.998792327895128,False,-0.00021574628611948943,24.769984552772893,-4.351362030197148,0.5959595959595473,1,1,failed_breakout_long,1.8905126980283316,TP3,2023-05-30 02:30:00+00:00,14.326981113549452,247.2347673793608,45,True
2023-05-31 01:15:00+00:00,18,GBP_AUD,SHORT,1.90483,1.907352309366589,1.9033830719002331,1.9033830719002331,1.9033830719002331,180747.26,3,ASIAN,2.0,0.0012364316808080454,29.420906603330454,55.69624089641447,1.9029721381098594,1.8967170763364338,41.940084407627864,False,0.00013734244018607361,69.00875594695822,21.578618901405555,0.7096774193548816,1,2,failed_breakout_short,1.907352309366589,SL,2023-05-31 01:30:00+00:00,-25.223093665889262,-455.900506883284,15,False
2023-05-31 01:45:00+00:00,18,GBP_AUD,SHORT,1.90586,1.9079626289946607,1.9032121130160176,1.9032121130160176,1.9032121130160176,214655.8,4,ASIAN,2.0,0.00217988241865592,36.30092901032131,58.80924988165054,1.9032477830072176,1.8969120398009733,49.237921967244525,False,0.0001822929486192358,57.51748251748298,29.12216992782435,0.1690140845070278,1,2,failed_breakout_short,1.9079626289946607,SL,2023-05-31 03:00:00+00:00,-21.02628994660627,-451.34150895207256,75,False
2023-05-31 06:15:00+00:00,18,GBP_AUD,SHORT,1.90717,1.910782621678526,1.9049421349644222,1.9049421349644222,1.9049421349644222,123685.27,2,ASIAN,2.0,0.001732011688691008,21.976243415537528,51.78587668288622,1.905648800135498,1.8987064809934187,49.70834927280343,False,-4.4325137904510084e-05,41.158431261136876,18.2119986450191,0.8760683760684187,6,2,failed_breakout_short,1.910782621678526,SL,2023-05-31 13:00:00+00:00,-36.1262167852594,-446.82808771633415,405,False
2023-06-01 14:15:00+00:00,18,GBP_AUD,SHORT,1.91358,1.9150662816355082,1.9114011550934755,1.9114011550934755,1.9114011550934755,297628.52,3,OVERLAP,2.0,0.0015773801802294802,31.683887032801422,60.61797526385345,1.9117482297848654,1.9079754455338882,17.959272748435673,False,0.00023956091210554278,86.46148029402356,20.71770215134716,0.1874999999998389,14,3,failed_breakout_short,1.9114011550934755,TP3,2023-06-01 14:45:00+00:00,21.78844979731394,648.4864066268849,30,True
2023-06-06 02:00:00+00:00,18,GBP_AUD,SHORT,1.87977,1.8811119050132479,1.8785942849602564,1.8785942849602564,1.8785942849602564,334483.19,3,ASIAN,2.0,0.001004966453174583,23.896707872290722,57.78508470442141,1.8789238545807356,1.8850273142667884,25.535255461157647,False,8.177086871496292e-05,62.75215456389074,11.461454192642773,0.38281250000009487,2,1,failed_breakout_short,1.8811119050132479,SL,2023-06-06 02:30:00+00:00,-13.419050132479347,-448.84466950816153,30,False
2023-06-07 02:15:00+00:00,18,GBP_AUD,SHORT,1.86183,1.8632019807756857,1.8601740576729429,1.8601740576729429,1.8601740576729429,323879.34,3,ASIAN,2.0,0.001272250011987838,29.549946751116604,55.449852296169205,1.8622691257590893,1.8717543376638648,-8.461506358532489,False,0.00021843387232458157,73.00680734904867,-1.3912575908925362,0.19767441860468718,2,2,failed_breakout_short,1.8632019807756857,SL,2023-06-07 03:00:00+00:00,-13.719807756855662,-444.35622812172926,45,False
2023-06-09 00:30:00+00:00,18,GBP_AUD,SHORT,1.8702400000000001,1.8721608661202263,1.8691274016393213,1.8691274016393213,1.8691274016393213,229017.87,4,ASIAN,2.0,0.000928037080420169,26.260137069747422,54.759304319064334,1.8693822577818897,1.8682600851830042,32.25893073478758,False,8.953207315034952e-06,53.094466285035416,11.577422181103803,0.7866666666664613,0,4,failed_breakout_short,1.8721608661202263,SL,2023-06-09 02:00:00+00:00,-19.20866120226128,-439.91266740935174,90,False
2023-06-13 12:45:00+00:00,18,GBP_AUD,SHORT,1.85306,1.8566400112937864,1.8506599661186411,1.8506599661186411,1.8506599661186411,121651.44,5,LONDON,2.0,0.0017628781170316932,35.166026711885024,43.707632955750235,1.8542803378038328,1.8581904875695816,-11.362167854882532,False,-0.00015615938936067896,19.970867269428744,-9.80337803832887,0.05000000000008018,12,1,failed_breakout_short,1.8506599661186411,TP3,2023-06-13 13:00:00+00:00,24.00034078646537,291.9676017164245,15,True
2023-06-14 12:45:00+00:00,18,GBP_AUD,SHORT,1.86211,1.8643728461192424,1.8606614616422725,1.8606614616422725,1.8606614616422725,193753.0,4,LONDON,2.0,0.0011638570785932187,22.403926840403155,51.58978986824519,1.8618578736951947,1.8603902807768007,2.070816095345318,False,0.00012543057950941842,63.87804746179299,4.921263048052182,0.39156626506026593,12,2,failed_breakout_short,1.8606614616422725,TP3,2023-06-14 13:30:00+00:00,14.48538432489515,280.658666910141,45,True
2023-06-15 02:00:00+00:00,18,GBP_AUD,LONG,1.86272,1.8603604573651291,1.8653586279046126,1.8653586279046126,1.8653586279046126,187002.26,3,ASIAN,2.0,0.0020205791790459397,26.882512483097393,47.41419124015066,1.8625665227850217,1.861057072294796,-1.1308201862458844,False,-0.00020057334305033858,20.470523856517755,-1.4652278502169658,0.22340425531911293,2,3,failed_breakout_long,1.8603604573651291,SL,2023-06-15 03:30:00+00:00,-23.59542634870815,-441.2398052871972,90,False
2023-06-16 00:15:00+00:00,18,GBP_AUD,SHORT,1.8575,1.858857029281726,1.8562189121548225,1.8562189121548225,1.8562189121548225,321899.76,3,ASIAN,2.0,0.001018054380347992,16.21214951827474,54.01154987414063,1.8575743557156421,1.8591076689965678,-6.330544029418128,False,0.00015699798781611675,59.635279594952635,2.256442843577844,0.18181818181854884,0,4,failed_breakout_short,1.858857029281726,SL,2023-06-16 01:30:00+00:00,-13.570292817259855,-436.8274001005671,75,False
2023-06-16 02:15:00+00:00,18,GBP_AUD,SHORT,1.8576300000000001,1.8594745182697,1.8561764451909,1.8561764451909,1.8561764451909,234456.41,3,ASIAN,2.0,0.001159819643728587,15.705777747356716,52.35935043759722,1.8576659779964217,1.859014637208702,-4.5801506040210604,False,2.5578772421574678e-05,55.304135127300576,2.640220035783347,0.2788461538460779,2,4,failed_breakout_short,1.8594745182697,SL,2023-06-16 03:15:00+00:00,-18.445182696997797,-432.45913169322216,60,False
2023-06-20 15:15:00+00:00,18,GBP_AUD,SHORT,1.88207,1.8843202209758376,1.8796093370724871,1.8796093370724871,1.8796093370724871,190263.33,2,OVERLAP,2.0,0.0017668389551270232,28.655616397845407,56.52517921658312,1.8792671417750655,1.8720802850279155,14.226281122922124,False,0.0001710719718215403,71.57283127593912,30.428582249344416,0.5939849624060427,15,1,failed_breakout_short,1.8796093370724871,TP3,2023-06-20 16:00:00+00:00,24.606630568421224,468.1739472027615,45,True
2023-06-21 01:30:00+00:00,18,GBP_AUD,SHORT,1.87964,1.8821773902220114,1.878177829333966,1.878177829333966,1.878177829333966,170575.37,4,ASIAN,2.0,0.0012022961265925275,23.700880732456284,48.09885455584138,1.88007092070313,1.8748643532942648,-8.52520242613286,False,9.652625646492414e-05,53.271743623202305,-1.3092070313014403,0.6025641025642048,1,2,failed_breakout_short,1.878177829333966,TP3,2023-06-21 02:15:00+00:00,14.621707517539637,249.4103169836105,45,True
2023-06-22 02:15:00+00:00,18,GBP_AUD,SHORT,1.87755,1.879380173149908,1.8761994805502762,1.8761994805502762,1.8761994805502762,237852.02,2,ASIAN,2.0,0.0010996072784004792,22.44204962590088,48.659184960595624,1.8785259379310453,1.8776775127783818,-21.17079340862027,False,5.637736281405569e-05,59.653601035175,-6.759379310452562,0.7155963302752087,2,3,failed_breakout_short,1.879380173149908,SL,2023-06-22 02:45:00+00:00,-18.301731499079654,-435.3103806553724,30,False
2023-06-22 11:15:00+00:00,18,GBP_AUD,LONG,1.88203,1.8780061441569194,1.885281567529242,1.885281567529242,1.885281567529242,107100.58,5,LONDON,2.0,0.0025278751371498372,32.321159230021074,50.9485958716403,1.8812083853193118,1.879045837752482,1.764472393297467,False,-0.000163413367240946,37.140083744130266,5.816146806882916,0.4366471734892759,11,3,failed_breakout_long,1.885281567529242,TP3,2023-06-22 11:30:00+00:00,32.51567832841371,348.2448008066539,15,True
2023-06-26 07:45:00+00:00,18,GBP_AUD,SHORT,1.90765,1.9096432108457932,1.9056003674626203,1.9056003674626203,1.9056003674626203,217959.74,3,ASIAN,2.0,0.0015595344279017676,31.546857164540757,60.20944634653706,1.9047193203744013,1.8966485968833244,45.711725939794334,False,0.00024499338501415846,77.20227149889094,32.306796255987535,0.5374149659864922,7,0,failed_breakout_short,1.9096432108457932,SL,2023-06-26 08:15:00+00:00,-19.932108457931804,-434.43971771426175,30,False
2023-06-27 00:15:00+00:00,18,GBP_AUD,SHORT,1.90312,1.905410336588998,1.901918990233006,1.901918990233006,1.901918990233006,187786.95,4,ASIAN,2.0,0.0010049108081389903,17.295473814196964,45.53211741158433,1.9040936025108095,1.9003807285985748,-13.43950662034299,False,2.411808662301799e-05,42.02218998156429,-6.736025108096122,0.47169811320767757,0,1,failed_breakout_short,1.901918990233006,TP3,2023-06-27 00:30:00+00:00,12.01009830949864,225.53397307409057,15,True
2023-06-27 07:00:00+00:00,18,GBP_AUD,SHORT,1.89682,1.8985571408199498,1.8949385775401504,1.8949385775401504,1.8949385775401504,248886.37,3,ASIAN,2.0,0.0014811186656210759,35.236340998577866,47.65712823700716,1.8991021014730198,1.8995044986815643,-50.48040488731864,False,0.0005173720603831344,51.682624113473175,-19.82101473019915,0.3169398907103964,7,1,failed_breakout_short,1.8985571408199498,SL,2023-06-27 07:15:00+00:00,-17.371408199498006,-432.35067285612945,15,False
2023-06-27 13:15:00+00:00,18,GBP_AUD,LONG,1.90077,1.8983509662412932,1.9033471012761203,1.9033471012761203,1.9033471012761203,176941.38,3,OVERLAP,2.0,0.001868919837598293,34.1144355630137,48.18310346154623,1.900794556407901,1.9000087530726393,-12.782261608630385,False,-0.000440948984240204,30.84274252370461,-2.645564079009066,0.7142857142857324,13,1,failed_breakout_long,1.9033471012761203,TP3,2023-06-27 14:00:00+00:00,25.771014217673866,455.99588196748346,45,True
2023-06-28 07:45:00+00:00,18,GBP_AUD,LONG,1.9170099999999999,1.913929758483789,1.9192907245486328,1.9192907245486328,1.9192907245486328,140439.35,4,ASIAN,2.0,0.0017811628158203952,20.48934490299556,57.455023018393696,1.91293893259371,1.9058221502587893,88.19258597748014,False,-0.00033826698372828334,41.39467656006249,37.71067406289852,0.5642023346303398,7,2,failed_breakout_long,1.913929758483789,SL,2023-06-28 09:00:00+00:00,-30.8024151621078,-432.58711637965644,75,False
2023-06-30 08:00:00+00:00,18,GBP_AUD,SHORT,1.90688,1.9104653162986316,1.9044940511041049,1.9044940511041049,1.9044940511041049,119448.67,2,LONDON,2.0,0.001775587411744616,31.82200200390467,56.4560855095173,1.9055453685529977,1.9071962260376136,-5.866666666667353,False,0.0005316072007191858,77.04454576883707,15.74631447002206,0.8095238095238296,8,4,failed_breakout_short,1.9104653162986316,SL,2023-06-30 11:00:00+00:00,-35.853162986316796,-428.261263400877,180,False
2023-06-30 12:30:00+00:00,18,GBP_AUD,SHORT,1.90802,1.9117129588856099,1.9057611233431704,1.9057611233431704,1.9057611233431704,114807.3,2,LONDON,2.0,0.0017419236447041363,25.314893171021414,51.49327196257164,1.9071215519928768,1.9074011845551222,-1.1198462314032653,False,-2.38577558257032e-06,44.93936082264907,11.384480071232606,0.516483516483461,12,4,failed_breakout_short,1.9057611233431704,TP3,2023-06-30 17:30:00+00:00,22.58876853583415,259.3355525924072,300,True
2023-07-05 07:30:00+00:00,18,GBP_AUD,SHORT,1.90172,1.9037922706098815,1.900303188170355,1.900303188170355,1.900303188170355,205847.63,3,ASIAN,2.0,0.0011535025612089043,29.812705418763116,56.82783006443073,1.9007444458005986,1.9018295840136705,13.763938625448446,False,0.00012233756706747808,66.24723196176761,12.755541994013964,0.7480314960629357,7,2,failed_breakout_short,1.9037922706098815,SL,2023-07-05 08:15:00+00:00,-20.72270609881466,-426.57199376275435,45,False
2023-07-06 00:15:00+00:00,18,GBP_AUD,SHORT,1.90831,1.9100115008148097,1.907135497555571,1.907135497555571,1.907135497555571,248196.34,3,ASIAN,2.0,0.0009963586560751173,12.986734762279616,53.06647978878273,1.9073285895756578,1.904432424592873,22.06265136194041,False,-5.007424492480667e-05,48.04717508205394,12.814104243421554,0.7350427350427334,0,3,failed_breakout_short,1.907135497555571,TP3,2023-07-06 01:00:00+00:00,11.74502491750465,291.50721977334564,45,True
2023-07-07 07:30:00+00:00,18,GBP_AUD,SHORT,1.92119,1.9227359485592619,1.9197021543222144,1.9197021543222144,1.9197021543222144,275055.3,2,ASIAN,2.0,0.001196761610057781,34.71338673601057,55.81605035552393,1.9203093763491994,1.914014875190475,36.59591026791142,False,0.00030445349304386083,77.10177060810075,11.806236508005163,0.24603174603176423,7,4,failed_breakout_short,1.9197021543222144,TP3,2023-07-07 07:45:00+00:00,14.878457318781948,409.23985413547643,15,True
2023-07-10 01:45:00+00:00,18,GBP_AUD,SHORT,1.91768,1.9205310681869587,1.915906795439124,1.915906795439124,1.915906795439124,150579.96,3,ASIAN,2.0,0.0014084123472089217,22.931104258122105,46.84430192329075,1.9189055531028913,1.9167227576523507,-24.8890429720805,False,-6.0696724590957774e-05,39.967985172080496,-9.2555310289133,0.8342857142857628,1,0,failed_breakout_short,1.9205310681869587,SL,2023-07-10 03:00:00+00:00,-28.51068186958683,-429.31373354951097,75,False
2023-07-10 14:15:00+00:00,18,GBP_AUD,LONG,1.92326,1.9197586644464975,1.9256640066605075,1.9256640066605075,1.9256640066605075,121388.14,3,OVERLAP,2.0,0.0017339088850761302,30.81573815762099,43.68962505088748,1.923965772780189,1.919805652237745,-21.480535612934393,False,-0.00039207526316156315,32.82544944536745,-9.457727801891469,0.4558823529410516,14,0,failed_breakout_long,1.9256640066605075,TP3,2023-07-10 15:00:00+00:00,24.04006858550512,291.81792110668977,45,True
2023-07-11 00:45:00+00:00,18,GBP_AUD,LONG,1.9247699999999999,1.922831358255812,1.9262659252325638,1.9262659252325638,1.9262659252325638,220741.55,4,ASIAN,2.0,0.0012067632392062102,34.30618865864645,44.008618053850554,1.9252669950163472,1.9217643263268154,-7.412806947624251,False,-0.0002686895990812665,19.71445749464328,-7.969950163473349,0.5413533834584985,0,1,failed_breakout_long,1.9262659252325638,TP3,2023-07-11 02:00:00+00:00,14.959253003320981,330.21286947952285,75,True
2023-07-11 06:30:00+00:00,18,GBP_AUD,SHORT,1.92859,1.9313278508437581,1.9263464474687257,1.9263464474687257,1.9263464474687257,157510.74,2,ASIAN,2.0,0.0017381515669792384,32.682416169219096,61.97776780783348,1.92585090768693,1.9226377141663509,33.28406681788687,False,0.00044371845621126176,75.61528916087049,30.39092313070091,0.4279475982532848,6,1,failed_breakout_short,1.9263464474687257,TP3,2023-07-11 06:45:00+00:00,22.43552673712351,353.38364186541094,15,True
2023-07-13 12:45:00+00:00,18,GBP_AUD,LONG,1.90577,1.902734346783127,1.9086069596506188,1.9086069596506188,1.9086069596506188,143222.8,4,LONDON,2.0,0.002069784545621165,15.796248579694751,46.69313536963965,1.9080402318921292,1.9172539917620228,-5.1476225166080525,False,3.2816963080714535e-05,42.07423079912888,-25.102318921292888,0.10389610389611013,12,3,failed_breakout_long,1.902734346783127,SL,2023-07-13 13:30:00+00:00,-30.356532168729352,-434.774753549549,45,False
2023-07-14 01:15:00+00:00,18,GBP_AUD,SHORT,1.90594,1.9081565076852347,1.9044204769442958,1.9044204769442958,1.9044204769442958,194191.52,4,ASIAN,2.0,0.001209228558293001,26.96520493431203,49.904308915933946,1.9062937702923333,1.9127095431988885,8.41913332684685,False,3.3395319035697194e-05,66.65288864777233,-0.5377029233333275,0.8448275862068437,1,4,failed_breakout_short,1.9044204769442958,TP3,2023-07-14 05:45:00+00:00,15.195231339528128,295.07850705746034,270,True
2023-07-14 07:30:00+00:00,18,GBP_AUD,SHORT,1.90815,1.9094068594837947,1.9063894215486155,1.9063894215486155,1.9063894215486155,344810.05,3,ASIAN,2.0,0.0013405961841903991,29.89557330981388,61.766444581956115,1.906281091088827,1.911265792317,28.346536953836043,False,0.000368612195338468,84.62028097740317,21.6890891117294,0.04395604395608954,7,4,failed_breakout_short,1.9094068594837947,SL,2023-07-14 09:00:00+00:00,-12.568594837947254,-433.3777814502335,90,False
2023-07-14 12:45:00+00:00,18,GBP_AUD,SHORT,1.90964,1.9119705837849235,1.9077782486452295,1.9077782486452295,1.9077782486452295,184092.93,3,LONDON,2.0,0.0013882270291436477,31.83183961556624,56.65034783903196,1.9078546273650232,1.9108199099537677,8.58610129713222,False,9.515718668079009e-05,47.74720893142279,20.253726349768186,0.7213114754098301,12,4,failed_breakout_short,1.9119705837849235,SL,2023-07-14 13:00:00+00:00,-23.305837849234564,-429.04399757704897,15,False
2023-07-17 13:45:00+00:00,18,GBP_AUD,SHORT,1.92,1.9235659675977255,1.9181820972068235,1.9181820972068235,1.9181820972068235,119113.13,3,OVERLAP,2.0,0.0015089398243472486,19.2927794185337,47.63406046239529,1.9198719232597619,1.9156236293910847,-8.262682213793227,False,6.001504053937905e-05,54.96378180902207,3.68076740238088,0.7264437689969919,13,0,failed_breakout_short,1.9181820972068235,TP3,2023-07-17 15:30:00+00:00,18.179029457962447,216.53610991001108,105,True
2023-07-19 01:45:00+00:00,18,GBP_AUD,SHORT,1.91526,1.9166150256165921,1.9135349231502237,1.9135349231502237,1.9135349231502237,315063.36,4,ASIAN,2.0,0.0013971904308138828,35.580209626949845,57.29703455226027,1.9152755047210288,1.9168043215822108,-41.85873320337041,False,0.0004839826459598913,80.16432046431238,2.844952789711197,0.10945273631847062,1,2,failed_breakout_short,1.9166150256165921,SL,2023-07-19 02:00:00+00:00,-13.550256165921757,-426.9189236496027,15,False
2023-07-20 23:45:00+00:00,18,GBP_AUD,SHORT,1.89865,1.8999267000628397,1.897279899811481,1.897279899811481,1.897279899811481,331048.58,3,NY,2.0,0.0011231572595592648,32.12884944788756,62.46886104084573,1.8963737695883518,1.901791137647246,71.82671094034143,False,5.988173082646371e-06,58.63296795055836,25.76230411648117,0.06400000000006537,23,3,failed_breakout_short,1.8999267000628397,SL,2023-07-21 00:00:00+00:00,-12.76700062839753,-422.649742889011,15,False
2023-07-25 00:30:00+00:00,18,GBP_AUD,SHORT,1.9033200000000001,1.9050756030827949,1.9018631907516157,1.9018631907516157,1.9018631907516157,238335.9,4,ASIAN,2.0,0.001219691439476075,16.589287326133675,56.24516899926715,1.9030137995486187,1.9045604455105662,3.1002216129949467,False,0.00024836449833781594,79.51527787197789,6.062004513813779,0.38918918918907114,0,1,failed_breakout_short,1.9018631907516157,TP3,2023-07-25 01:15:00+00:00,14.568093095086326,347.20995791011853,45,True
2023-07-25 13:45:00+00:00,18,GBP_AUD,LONG,1.89492,1.893225639508679,1.8972430814739627,1.8972430814739627,1.8972430814739627,248999.75,2,OVERLAP,2.0,0.0016852409124532084,31.670622334490965,39.77447049463607,1.8978059871236,1.9017173165056542,-21.410515118229778,False,-0.0001337856906237885,35.04886218071058,-31.25987123600016,0.18840579710140498,13,1,failed_breakout_long,1.8972430814739627,TP3,2023-07-25 16:30:00+00:00,23.230815672593003,578.446729477174,165,True
2023-07-26 01:00:00+00:00,18,GBP_AUD,SHORT,1.90052,1.9020008688431953,1.8990773934704142,1.8990773934704142,1.8990773934704142,288803.3,3,ASIAN,2.0,0.0011551849945054858,26.85547908389353,62.03057267328717,1.898796563587003,1.9005289437815014,36.26941555254781,False,9.805127120000845e-05,78.5416666666679,20.234364129969595,0.25233644859814636,1,2,failed_breakout_short,1.9020008688431953,SL,2023-07-26 01:30:00+00:00,-14.808688431953152,-427.6798087819896,30,False
2023-07-26 18:15:00+00:00,18,GBP_AUD,LONG,1.91496,1.9110912976927623,1.9169361069217132,1.9169361069217132,1.9169361069217132,109443.16,4,NY,2.0,0.0015611614277272173,22.864336358812693,60.25154310590688,1.9113111008247086,1.9055259518531358,19.80900823087328,False,-9.243028918919842e-05,68.70846084644849,33.48899175291464,0.4413145539905898,18,2,failed_breakout_long,1.9110912976927623,SL,2023-07-26 18:30:00+00:00,-38.68702307237681,-423.4030056033827,15,False
2023-07-27 13:30:00+00:00,18,GBP_AUD,LONG,1.9039300000000001,1.9007949383928848,1.9066151848213455,1.9066151848213455,1.9066151848213455,133703.59,2,OVERLAP,2.0,0.002088685841785181,21.825416046505293,43.814320418042634,1.906351001463163,1.90659209109428,-12.018425656070697,False,-0.0004331645914679547,26.649080038960452,-26.610014631629486,0.4344473007712631,13,3,failed_breakout_long,1.9066151848213455,TP3,2023-07-27 14:15:00+00:00,26.85185022176556,359.01887727923514,45,True
2023-07-28 13:00:00+00:00,18,GBP_AUD,SHORT,1.92954,1.9331079191922989,1.9266062424231036,1.9266062424231036,1.9266062424231036,118489.0,2,OVERLAP,2.0,0.002130421357126301,22.98810594801382,58.201674705899315,1.9233202802443012,1.9134169535411532,8.947863205210904,False,-0.0003290897359251631,77.93169209431476,64.59719755698812,0.5,13,4,failed_breakout_short,1.9331079191922989,SL,2023-07-28 17:30:00+00:00,-35.67919192298818,-422.7591771762947,270,False
2023-08-01 12:15:00+00:00,18,GBP_AUD,LONG,1.92984,1.9265072325967665,1.9323983022097004,1.9323983022097004,1.9323983022097004,125580.79,3,LONDON,2.0,0.0019222823202907136,30.803725212139653,56.60814552827663,1.9246474967380844,1.9196376101764967,-11.654718064291192,False,-0.0009581181977445646,37.74336558568056,49.52503261915542,0.6541353383458666,12,1,failed_breakout_long,1.9323983022097004,TP3,2023-08-01 17:00:00+00:00,25.583024134180754,321.2736381359485,285,True
2023-08-02 00:15:00+00:00,18,GBP_AUD,SHORT,1.9327400000000001,1.935096539997824,1.9307103800065282,1.9307103800065282,1.9307103800065282,178967.6,3,ASIAN,2.0,0.001504288567387315,29.034023891537295,55.864305459698556,1.9305145680341163,1.924023312972355,23.736642520040263,False,0.0001802086061639882,54.331239244468584,25.254319658838398,0.6666666666664965,0,2,failed_breakout_short,1.9307103800065282,TP3,2023-08-02 00:45:00+00:00,20.29620106879073,363.23623943989116,30,True
2023-08-03 02:00:00+00:00,18,GBP_AUD,LONG,1.94501,1.9419498762243963,1.9466603713268111,1.9466603713268111,1.9466603713268111,139006.36,5,ASIAN,2.0,0.0013580870118354961,27.712907397074087,55.28802278975767,1.9430649505022954,1.9353880866507562,33.83691748909845,False,-6.81964845269944e-05,44.37643322227891,16.450494977044983,0.4312796208530985,2,3,failed_breakout_long,1.9466603713268111,TP3,2023-08-03 03:00:00+00:00,16.503714455375462,229.41212729211253,60,True
2023-08-03 07:30:00+00:00,18,GBP_AUD,SHORT,1.9447,1.9473747104136396,1.9424958687590812,1.9424958687590812,1.9424958687590812,159894.24,3,ASIAN,2.0,0.0016637479110450046,32.54134377711809,53.64221119614827,1.9438796285123292,1.9372038704624899,28.552805001273995,False,6.261981250083688e-05,79.4598856692313,11.20371487670857,0.38364779874208915,7,3,failed_breakout_short,1.9424958687590812,TP3,2023-08-03 09:30:00+00:00,22.04131378768215,352.42791166829585,120,True
2023-08-07 00:15:00+00:00,18,GBP_AUD,LONG,1.93909,1.9377031502919886,1.9406105491240342,1.9406105491240342,1.9406105491240342,310916.95,4,ASIAN,2.0,0.001229149457735512,24.341424974029987,49.285392054882394,1.9384113677083683,1.9379407046449744,15.630124995420491,False,-0.00023039031315105687,22.8737601762341,3.7863229163170864,0.3356643356643509,0,0,failed_breakout_long,1.9377031502919886,SL,2023-08-07 01:15:00+00:00,-13.86849708011395,-431.19508132329355,60,False
2023-08-07 01:30:00+00:00,18,GBP_AUD,LONG,1.9381899999999999,1.9370796884415038,1.9397509346754886,1.9397509346754886,1.9397509346754886,384471.48,4,ASIAN,2.0,0.0012420071800644413,21.95879457759463,44.17994952207098,1.9383693762760918,1.9379532465270342,5.999476095557288,False,-0.00027928426941795505,28.305681246856825,-4.793762760919584,0.1031746031745892,1,0,failed_breakout_long,1.9370796884415038,SL,2023-08-07 01:45:00+00:00,-11.103115584960577,-426.88312815608583,15,False
2023-08-09 01:15:00+00:00,18,GBP_AUD,SHORT,1.94912,1.951889693846865,1.9476209184594047,1.9476209184594047,1.9476209184594047,152585.2,3,ASIAN,2.0,0.001285145715606602,32.50307992551901,49.69659380600183,1.9497628924792638,1.9467704124473373,-26.61431026721006,False,0.00029141826879805184,62.893401096591056,-3.428924792638899,0.41666666666672064,1,2,failed_breakout_short,1.9476209184594047,TP3,2023-08-09 01:45:00+00:00,14.99081638840844,228.737671678858,30,True
2023-08-10 01:00:00+00:00,18,GBP_AUD,LONG,1.94698,1.9449232087816537,1.948230373655039,1.948230373655039,1.948230373655039,206584.74,4,ASIAN,2.0,0.0010397551197860735,17.85426727827242,48.70073571275883,1.947043652072401,1.9468876058431586,-7.165769942094613,False,7.161749771568231e-06,62.39876999991827,-3.636520724010772,0.24107142857141972,1,3,failed_breakout_long,1.9449232087816537,SL,2023-08-10 01:30:00+00:00,-20.56791218346232,-424.9016790763396,30,False
2023-08-11 13:15:00+00:00,18,GBP_AUD,SHORT,1.94994,1.9515657415306082,1.9479727754081753,1.9479727754081753,1.9479727754081753,258745.1,3,OVERLAP,2.0,0.0014735199854153114,31.5723460821439,63.70348205980298,1.9472127907881511,1.9456463350149151,13.72368008815572,False,4.721042167298711e-05,76.09371466799034,29.67209211848898,0.23999999999993488,13,4,failed_breakout_short,1.9515657415306082,SL,2023-08-11 13:30:00+00:00,-16.25741530608238,-420.6526549113816,15,False
2023-08-14 08:15:00+00:00,18,GBP_AUD,LONG,1.9558200000000001,1.952929431802456,1.9577717045926324,1.9577717045926324,1.9577717045926324,144070.68,3,LONDON,2.0,0.0014546266525819215,30.373133811998073,42.212398054589116,1.9564706861923629,1.9512368497573456,6.796376557145489,False,-0.00047446937291062863,27.512640276236834,-8.906861923627662,0.40875912408764803,8,0,failed_breakout_long,1.952929431802456,SL,2023-08-14 12:30:00+00:00,-28.905681975441855,-416.44612580656514,255,False
2023-08-16 18:15:00+00:00,18,GBP_AUD,SHORT,1.97865,1.9813451396347197,1.9765045810958408,1.9765045810958408,1.9765045810958408,152972.29,2,NY,2.0,0.0016945450359079934,30.264490593891743,57.299014559789974,1.974990465540927,1.9665664505029363,37.87531414098266,False,-9.182771119514081e-05,39.89635306959607,39.59534459073044,0.6086956521739703,18,2,failed_breakout_short,1.9813451396347197,SL,2023-08-16 19:15:00+00:00,-26.951396347196788,-412.2816817928328,60,False
2023-08-18 01:00:00+00:00,18,GBP_AUD,LONG,1.98836,1.9865687285313127,1.989923814406062,1.989923814406062,1.989923814406062,227859.85,4,ASIAN,2.0,0.0012509327275622602,32.97223983507949,41.61756753729594,1.9885707499716336,1.9814571598461528,19.982152287296717,False,-0.0003985692834919683,21.004930923305817,-5.1074997163369495,0.3235294117646963,1,4,failed_breakout_long,1.9865687285313127,SL,2023-08-18 01:15:00+00:00,-17.912714686871833,-408.1588481643413,15,False
2023-08-18 14:15:00+00:00,18,GBP_AUD,LONG,1.98861,1.9865577657954336,1.9910467026136989,1.9910467026136989,1.9910467026136989,196896.27,3,OVERLAP,2.0,0.0017955778084801925,24.565073059223213,48.85099094913476,1.9884669886856023,1.984283316849991,-2.62327745712998,False,-7.037848058191395e-05,48.738050663977255,-0.9698868560237273,0.2680412371134646,14,4,failed_breakout_long,1.9865577657954336,SL,2023-08-18 14:45:00+00:00,-20.522342045663496,-404.07726004553126,30,False
2023-08-21 07:15:00+00:00,18,GBP_AUD,LONG,1.98943,1.9867578850334031,1.9910863448997902,1.9910863448997902,1.9910863448997902,149707.81,4,ASIAN,2.0,0.0013139277951082322,20.77975062182365,53.37466014792847,1.9883557220589034,1.9861323466640368,8.942987014877168,False,-6.112631890436689e-05,51.21766814442328,7.7427794109663495,0.5694444444444315,7,0,failed_breakout_long,1.9867578850334031,SL,2023-08-21 09:00:00+00:00,-26.721149665969165,-400.03647971744755,105,False
2023-08-24 01:00:00+00:00,18,GBP_AUD,SHORT,1.96285,1.9642155694812313,1.9615432915563065,1.9615432915563065,1.9615432915563065,290015.36,3,ASIAN,2.0,0.0010717718937150282,20.983514940749735,46.45939896510773,1.965114724518646,1.974445999701034,-38.63740285004802,False,0.00020257848873089898,80.97661409370016,-19.647245186460438,0.34259259259258495,1,3,failed_breakout_short,1.9642155694812313,SL,2023-08-24 01:45:00+00:00,-13.655694812313433,-396.0361247043213,45,False
2023-08-24 14:15:00+00:00,18,GBP_AUD,LONG,1.96466,1.9615340035651971,1.9667179893044087,1.9667179893044087,1.9667179893044087,125424.25,3,OVERLAP,2.0,0.0015654219503481324,21.69610542478501,48.53690977393626,1.9647035248168365,1.9703053033732532,-6.083613070526628,False,-0.00031147552904415687,31.070879485323044,-2.835248168364668,0.8600000000000821,14,3,failed_breakout_long,1.96273,TIME,2023-08-24 22:15:00+00:00,-19.299999999999873,-242.0688024999984,480,False
