timestamp,strategy_id,pair,signal_direction,entry_price,sl_price,tp1_price,tp2_price,tp3_price,lot_size,confluence_score,session,spread_at_entry,atr_at_entry,adx_at_entry,rsi_at_entry,ema_50_value,ema_200_value,vwap_deviation,news_within_60min,macd_hist_at_entry,stoch_k_at_entry,distance_from_ema50_pips,candle_body_ratio,hour_of_day,day_of_week,entry_pattern,exit_price,exit_reason,exit_time,pnl_pips,pnl_dollars,hold_time_minutes,win
2021-01-07 02:30:00+00:00,18,GBP_JPY,LONG,140.237,140.04845227385218,140.39264317844348,140.39264317844348,140.39264317844348,5303.7,3,ASIAN,2.5,0.1248029199888154,30.955674216126035,44.80760325510712,140.28282049440654,140.18316942069387,-4.691348574073118,False,-0.012666807567868317,22.021872089559363,-8.082049440653805,0.6736842105262496,2,3,failed_breakout_long,140.39264317844348,TP3,2021-01-07 07:00:00+00:00,15.564347190498859,825.486281942488,270,True
2021-01-08 13:45:00+00:00,18,GBP_JPY,LONG,141.168,141.01038987376245,141.29083037871266,141.29083037871266,141.29083037871266,6397.15,4,OVERLAP,2.5,0.10413309158401649,24.1509485964804,51.79081619701541,141.04900021115827,140.71386756646922,-0.8807026694086062,False,-0.014689626328015036,26.267312680463558,8.999978884173743,0.2957746478873437,13,4,failed_breakout_long,141.29083037871266,TP3,2021-01-08 14:15:00+00:00,12.283057072061952,785.7655854854112,30,True
2021-01-15 01:15:00+00:00,18,GBP_JPY,LONG,142.016,141.9321395146243,142.10058145612706,142.10058145612706,142.10058145612706,12116.7,3,ASIAN,2.5,0.07774090141198363,20.508383770472573,44.01702669355795,141.99639103928865,141.82009900483882,0.6261840367869809,False,-0.014047433018968682,27.849816849811777,-1.5391039288658703,0.01923076923086383,1,4,failed_breakout_long,141.9321395146243,SL,2021-01-15 01:45:00+00:00,-8.386048537568058,-1016.112343151509,30,False
2021-01-22 16:15:00+00:00,18,GBP_JPY,SHORT,141.788,141.9496983366034,141.67090499018983,141.67090499018983,141.67090499018983,6221.16,2,OVERLAP,2.5,0.09758262512058993,19.995024663992048,53.34304433924648,141.80839183327475,141.80487939239822,8.208064184572095,False,0.018065445134756383,58.30099120480326,0.8608166725252886,0.4900000000000938,16,4,failed_breakout_short,141.9496983366034,SL,2021-01-22 16:30:00+00:00,-16.16983366033935,-1005.9512237435675,15,False
2021-01-25 05:30:00+00:00,18,GBP_JPY,SHORT,142.153,142.24522310781782,142.10633067654646,142.10633067654646,142.10633067654646,10798.72,3,ASIAN,2.5,0.05498577166170267,34.57643845336001,61.339230196043786,142.06503993879502,141.91436481230843,31.31090970045136,False,0.0012244663510480175,65.87949887973046,12.296006120496372,0.24193548387115998,5,0,failed_breakout_short,142.24522310781782,SL,2021-01-25 06:00:00+00:00,-9.222310781782994,-995.8915188545565,30,False
2021-01-25 15:00:00+00:00,18,GBP_JPY,LONG,141.956,141.85635859687054,142.0609242093884,142.0609242093884,142.0609242093884,9894.81,4,OVERLAP,2.5,0.08904832009758074,21.702984697846453,40.419706434024675,142.04345996457945,141.9616502190644,-9.289439536871669,False,-0.0048410324224487655,38.82076701652165,-11.64599645794624,0.19767441860463963,15,0,failed_breakout_long,141.85635859687054,SL,2021-01-25 15:15:00+00:00,-9.964140312945347,-985.9327520993473,15,False
2021-01-28 07:45:00+00:00,18,GBP_JPY,LONG,142.492,142.35514573608077,142.5795627917576,142.5795627917576,142.5795627917576,7132.21,5,ASIAN,2.5,0.08287220442137831,32.225447677562514,42.94635579074245,142.536636402833,142.3730873064108,-4.103060123583191,False,-0.02009970850553308,23.134449025789284,-7.963640283301743,0.5816326530611919,7,3,failed_breakout_long,142.35514573608077,SL,2021-01-28 08:15:00+00:00,-13.68542639192185,-976.0733496672894,30,False
2021-02-01 09:45:00+00:00,18,GBP_JPY,SHORT,143.95600000000002,144.13330986923228,143.8160703923032,143.8160703923032,143.8160703923032,5449.85,2,LONDON,2.5,0.11071832857420896,26.99945192817058,59.381217074739084,143.76523029112036,143.3609498533473,4.478908352015765,False,0.01025890270010582,76.66527216102006,21.976970887965308,0.2906976744183933,9,0,failed_breakout_short,143.8160703923032,TP3,2021-02-01 10:30:00+00:00,13.992986445545469,762.5967718025598,45,True
2021-02-02 08:30:00+00:00,18,GBP_JPY,SHORT,143.6,143.76158433949965,143.51024698150104,143.51024698150104,143.51024698150104,6027.43,4,LONDON,2.5,0.08265663049934059,23.621232573717517,51.04884406752809,143.59182853547622,143.486485302061,-4.415756295881579,False,-0.003298268406399407,64.8216653223211,3.7171464523765962,0.7265625000002186,8,1,failed_breakout_short,143.76158433949965,SL,2021-02-02 09:00:00+00:00,-16.158433949965456,-973.938295430403,30,False
2021-02-03 08:15:00+00:00,18,GBP_JPY,SHORT,143.553,143.65356095801238,143.47531712596287,143.47531712596287,143.47531712596287,9588.21,4,LONDON,2.5,0.07254177916584394,35.51942587718404,62.67462791367243,143.48532086476484,143.48005505836525,-1.4916311675222005,False,0.019180325665315155,78.26851790780046,9.667913523514926,0.12087912087906254,8,2,failed_breakout_short,143.47531712596287,TP3,2021-02-03 08:45:00+00:00,7.768295505628505,744.8404865002228,30,True
2021-02-03 23:15:00+00:00,18,GBP_JPY,SHORT,143.27100000000002,143.3679213556335,143.2072359330995,143.2072359330995,143.2072359330995,10025.12,3,NY,2.5,0.06449680331935728,27.102007119239516,51.16898910956807,143.321780676896,143.40632117704635,-4.787995341595774,False,0.009254242352958776,56.613953488369795,-1.5780676895985835,0.36170212765951015,23,2,failed_breakout_short,143.2072359330995,TP3,2021-02-04 03:15:00+00:00,6.376413050481085,639.2430600063894,240,True
2021-02-04 23:15:00+00:00,18,GBP_JPY,SHORT,144.30700000000002,144.40088703627345,144.22233889117967,144.22233889117967,144.22233889117967,10417.2,3,NY,2.5,0.07614735307926357,30.63158767287704,66.22432716390425,144.0020004518995,143.58999768352814,65.20846306989085,False,-0.0163939432530677,68.9726205573398,33.99995481005078,0.1724137931033131,23,3,failed_breakout_short,144.40088703627345,SL,2021-02-05 00:00:00+00:00,-9.38870362734292,-978.0400342675667,45,False
2021-02-09 00:45:00+00:00,18,GBP_JPY,SHORT,144.577,144.6729032079463,144.51629037616112,144.51629037616112,144.51629037616112,10096.22,2,ASIAN,2.5,0.0629631004716779,16.57968472355846,55.27399280241834,144.5886169491261,144.48382805824122,1.6168309109872325,False,0.007303645097237341,61.99268331372565,2.3383050873889033,0.44230769230744005,0,1,failed_breakout_short,144.51629037616112,TP3,2021-02-09 04:00:00+00:00,6.070968396991784,612.9383254907639,195,True
2021-02-12 13:00:00+00:00,18,GBP_JPY,SHORT,144.864,145.0154857667705,144.77154269968852,144.77154269968852,144.77154269968852,6432.22,2,OVERLAP,2.5,0.08097356685948094,36.346402583079836,61.2224211651524,144.74480029073885,144.6955196367507,6.4308101211537405,False,0.008613978474418277,75.4452133569756,14.819970926114934,0.3086419753086463,13,4,failed_breakout_short,145.0154857667705,SL,2021-02-12 14:00:00+00:00,-15.148576677049162,-974.3897787364917,60,False
2021-02-17 09:45:00+00:00,18,GBP_JPY,LONG,147.144,147.00306263673392,147.24081208979825,147.24081208979825,147.24081208979825,6844.5,3,LONDON,2.5,0.08388367463700078,23.02134457815338,47.77785859516134,147.14093482831208,146.77463141641033,-2.7690368876591265,False,0.00245893074976339,40.56560056560269,-2.5934828312074387,0.023809523809636593,9,2,failed_breakout_long,147.00306263673392,SL,2021-02-17 10:15:00+00:00,-14.093736326609017,-964.6457828747543,30,False
2021-02-18 01:00:00+00:00,18,GBP_JPY,LONG,146.733,146.59534199612503,146.80797401162494,146.80797401162494,146.80797401162494,6937.47,4,ASIAN,2.5,0.07329343576780609,25.632411462996423,45.53588010979816,146.7836165529858,146.77635844599985,-16.76427931186595,False,-0.006375415585138707,19.610050854772293,-8.56165529857833,0.7808219178083632,1,3,failed_breakout_long,146.59534199612503,SL,2021-02-18 01:30:00+00:00,-13.765800387497507,-954.9982721425233,30,False
2021-02-18 02:15:00+00:00,18,GBP_JPY,LONG,146.621,146.5267603496074,146.70371895117782,146.70371895117782,146.70371895117782,10032.39,3,ASIAN,2.5,0.07680220787197382,36.12626473898695,37.460592790288395,146.75325634983508,146.76861239088686,-26.944078774820923,False,-0.016284990257054103,27.388059678609768,-16.72563498350712,0.018181818181902742,2,3,failed_breakout_long,146.70371895117782,TP3,2021-02-18 02:45:00+00:00,8.271903362969965,829.8696057962625,30,True
2021-02-22 09:30:00+00:00,18,GBP_JPY,SHORT,148.167,148.30265425971658,148.02303722085026,148.02303722085026,148.02303722085026,7030.72,2,LONDON,2.5,0.11507219661650991,27.735116914192666,58.98581073013118,148.02492187246847,147.6790123585734,6.993301209172387,False,0.0191249212577951,83.15919572034551,17.107812753152984,0.3928571428572607,9,0,failed_breakout_short,148.02303722085026,TP3,2021-02-22 09:45:00+00:00,14.396298391224395,1012.163430251492,15,True
2021-02-23 00:15:00+00:00,18,GBP_JPY,LONG,147.781,147.63014336172748,147.85656991481756,147.85656991481756,147.85656991481756,6389.31,3,ASIAN,2.5,0.07273375679181945,31.6099270064525,43.8728288589379,147.82843842311848,147.75445561787123,-14.843933563625455,False,-0.0010548051136965442,40.10567700899866,-8.243842311847516,0.7166666666670851,0,1,failed_breakout_long,147.85656991481756,TP3,2021-02-23 04:30:00+00:00,7.557003309309851,482.8403681420653,255,True
2021-02-24 15:00:00+00:00,18,GBP_JPY,SHORT,149.55,149.83060023817742,149.34619928546772,149.34619928546772,149.34619928546772,3452.23,2,OVERLAP,2.5,0.15518615661522808,22.79280470556147,49.67433947032983,149.47546430575508,148.72902257335434,-6.5323336483288585,False,-0.0019270632227939288,72.0053689327453,10.353569424492548,0.5935483870966701,15,2,failed_breakout_short,149.34619928546772,TP3,2021-02-24 16:00:00+00:00,20.380130487741557,703.5689787369604,60,True
2021-02-24 16:00:00+00:00,18,GBP_JPY,LONG,149.47299999999998,149.30592073868738,149.68423778393785,149.68423778393785,149.68423778393785,5839.94,3,OVERLAP,2.5,0.16086148529486344,22.77760294858504,44.29383516958607,149.48082721966153,148.7598020704852,-17.443641198971704,False,-0.01833415842595315,34.14084259082872,-3.682721966154645,0.1823529411763516,16,2,failed_breakout_long,149.30592073868738,SL,2021-02-24 16:15:00+00:00,-16.70792613126082,-975.732861309953,15,False
2021-02-25 13:45:00+00:00,18,GBP_JPY,LONG,150.153,149.90026825318859,150.32119524043426,150.32119524043426,150.32119524043426,3822.14,3,OVERLAP,2.5,0.1317875297926467,17.435583596479077,51.32225108661491,150.03193854961597,149.4378134892674,-3.5866688773296573,False,-0.01873253068636217,45.41668680424069,9.20614503840227,0.7647058823528551,13,3,failed_breakout_long,150.32119524043426,TP3,2021-02-25 14:15:00+00:00,16.819568048942585,642.8674382258541,30,True
2021-03-03 16:00:00+00:00,18,GBP_JPY,SHORT,149.34,149.59698641301296,149.09004076096107,149.09004076096107,149.09004076096107,3783.88,2,OVERLAP,2.5,0.18326048130980516,21.93994358342495,52.506141837585446,149.26177728673625,148.9934333757122,4.058844034832987,False,0.0076282815540486895,65.3128246730138,10.722271326375221,0.7635135135133838,16,2,failed_breakout_short,149.09004076096107,TP3,2021-03-03 23:45:00+00:00,24.995989962869206,945.8182650070153,465,True
2021-03-09 08:15:00+00:00,18,GBP_JPY,LONG,151.088,150.86341670822947,151.22574987531166,151.22574987531166,151.22574987531166,4371.93,5,LONDON,2.5,0.11172611328818208,19.989749990986056,54.32462262713471,150.8711503090737,150.34797912649395,7.485417364080149,False,-0.026569716865912765,45.59990662931878,18.78496909262992,0.521008403361206,8,1,failed_breakout_long,150.86341670822947,SL,2021-03-09 08:45:00+00:00,-22.45832917705286,-981.8624307903272,30,False
2021-03-10 07:15:00+00:00,18,GBP_JPY,SHORT,150.919,151.02135998904305,150.81792003287086,150.81792003287086,150.81792003287086,9496.33,2,ASIAN,2.5,0.09159712250852747,23.29688593451131,58.54312202807798,150.85058834943314,150.65454667944306,3.214351911677227,False,0.004772907508124823,84.38578088578082,10.341165056686918,0.1650485436892668,7,2,failed_breakout_short,151.02135998904305,SL,2021-03-10 08:15:00+00:00,-10.235998904303756,-972.0442347490689,60,False
2021-03-10 08:45:00+00:00,18,GBP_JPY,SHORT,151.017,151.17846482344368,150.90060552966892,150.90060552966892,150.90060552966892,5959.96,2,LONDON,2.5,0.09914895782399526,29.718729692132946,60.853117702218576,150.88867063055815,150.67619429480584,-0.08663205330492474,False,0.018792323473383214,82.00289624507752,15.732936944183962,0.6406249999998785,8,2,failed_breakout_short,151.17846482344368,SL,2021-03-10 09:45:00+00:00,-16.146482344367996,-962.3238891313948,60,False
2021-03-15 02:30:00+00:00,18,GBP_JPY,SHORT,151.919,152.07478296241396,151.82565111275818,151.82565111275818,151.82565111275818,6115.56,2,ASIAN,2.5,0.08466835876875434,22.10595023268781,55.656187750362015,151.83703021616188,151.6220970209398,25.58166778275961,False,-0.0018593646925761237,72.90118482705701,11.696978383812962,0.7260273972604446,2,0,failed_breakout_short,152.07478296241396,SL,2021-03-15 06:45:00+00:00,-15.578296241395151,-952.7000536202654,255,False
2021-03-15 09:15:00+00:00,18,GBP_JPY,SHORT,151.95600000000002,152.14418618328736,151.86144145013796,151.86144145013796,151.86144145013796,5011.92,2,LONDON,2.5,0.08270291181936497,12.168503194136587,48.70985658740846,151.94791138102576,151.71191715216221,-3.7863164048417275,False,-0.00433334153634295,48.099729823866234,3.7088618974252086,0.4482758620688754,9,0,failed_breakout_short,151.86144145013796,TP3,2021-03-15 10:30:00+00:00,9.45587385293742,473.9208328101412,75,True
2021-03-16 13:00:00+00:00,18,GBP_JPY,SHORT,151.079,151.31427077092675,150.9451876872197,150.9451876872197,150.9451876872197,4029.03,2,OVERLAP,2.5,0.11507428886400176,23.371642183739517,46.40565978301705,151.25734943227687,151.52556046239718,1.251914692062428,False,0.026886834542253477,46.83187948765066,-14.934943227686404,0.715000000000044,13,1,failed_breakout_short,151.31427077092675,SL,2021-03-16 15:15:00+00:00,-23.52707709267463,-947.9129941869887,135,False
2021-03-19 03:15:00+00:00,18,GBP_JPY,LONG,151.61599999999999,151.49496400425838,151.72510798722487,151.72510798722487,151.72510798722487,7753.34,4,ASIAN,2.5,0.0952097063773128,34.64682445960851,42.58168543773616,151.7496171640439,151.81401142952313,-40.23210083944093,False,-0.0040617746491141485,22.719740288035865,-16.86171640439227,0.30952380952358394,3,4,failed_breakout_long,151.72510798722487,TP3,2021-03-19 03:30:00+00:00,10.910812794874056,845.9524127500881,15,True
2021-03-19 04:00:00+00:00,18,GBP_JPY,LONG,151.58599999999998,151.4367998969955,151.7196003090135,151.7196003090135,151.7196003090135,6346.46,4,ASIAN,2.5,0.11044304843693688,24.373630509964986,42.69456719002002,151.72824672058712,151.806545895247,-41.620011088659226,False,-0.0070166271745799175,25.6909597362951,-17.72467205871351,0.5411764705880937,4,4,failed_breakout_long,151.4367998969955,SL,2021-03-19 05:15:00+00:00,-14.920010300448892,-946.8924857138688,75,False
2021-03-24 13:45:00+00:00,18,GBP_JPY,SHORT,149.23,149.41027388748057,149.05417833755828,149.05417833755828,149.05417833755828,5200.0,3,OVERLAP,2.5,0.142008648178189,33.29660549667134,62.38314424661979,149.06195307025877,149.6936766949771,22.042813030239472,False,0.023388607338319704,86.26912061967658,19.70469297412194,0.356807511737202,13,2,failed_breakout_short,149.41027388748057,SL,2021-03-24 14:45:00+00:00,-18.027388748058115,-937.424214899022,60,False
2021-03-25 08:45:00+00:00,18,GBP_JPY,SHORT,149.286,149.46683536986993,149.13849389039015,149.13849389039015,149.13849389039015,5132.02,4,LONDON,2.5,0.11847997261562654,29.904925975694987,59.064201178127234,149.13485519657834,149.3760773508929,-1.4720704340078328,False,0.01923560585637168,77.6150414709043,18.014480342165484,0.6201550387598317,8,3,failed_breakout_short,149.46683536986993,SL,2021-03-25 10:00:00+00:00,-18.0835369869925,-928.0507348798525,75,False
2021-03-29 15:15:00+00:00,18,GBP_JPY,LONG,151.296,151.01789451457793,151.5013164562662,151.5013164562662,151.5013164562662,3303.67,3,OVERLAP,2.5,0.1547673300695617,31.456498586699315,44.15120342563826,151.3348334916849,150.81247239269973,-21.900199741747883,False,-0.06668178880028536,26.29774744441397,-6.783349168489394,0.8602941176468345,15,0,failed_breakout_long,151.01789451457793,SL,2021-03-29 21:00:00+00:00,-27.810548542205993,-918.7687490242968,345,False
2021-03-30 14:15:00+00:00,18,GBP_JPY,LONG,151.519,151.31041996895027,151.66574009314917,151.66574009314917,151.66574009314917,4360.83,3,OVERLAP,2.5,0.12564862909234029,32.276917049023766,43.006585889448445,151.55750424662753,151.19980342163612,-15.104599592211798,False,-0.03539520253223876,31.084936501980707,-6.7504246627521525,0.25847457627119613,14,1,failed_breakout_long,151.31041996895027,SL,2021-03-30 14:45:00+00:00,-20.858003104973477,-909.5820568026148,30,False
2021-03-31 15:15:00+00:00,18,GBP_JPY,LONG,152.394,152.18780230400117,152.5905930879965,152.5905930879965,152.5905930879965,4367.1,4,OVERLAP,2.5,0.14751000685496415,32.77136304743861,46.13635655148186,152.3046469308644,151.7457606116746,-9.26869323274957,False,-0.03138239905910374,21.523300831972094,6.0353069135601345,0.6363636363637538,15,2,failed_breakout_long,152.5905930879965,TP3,2021-03-31 15:45:00+00:00,19.65935381649955,858.5436405203519,30,True
2021-04-01 02:00:00+00:00,18,GBP_JPY,LONG,152.624,152.46699589931615,152.73601230205153,152.73601230205153,152.73601230205153,5790.11,4,ASIAN,2.5,0.09829332984143074,20.657736718152435,47.08767719535938,152.57356552950367,152.05562517584409,6.406461306326605,False,-0.01271526080690708,30.52686524864343,1.5434470496330732,0.372549019607936,2,3,failed_breakout_long,152.46699589931615,SL,2021-04-01 02:45:00+00:00,-15.700410068384938,-909.0710134105632,45,False
2021-04-01 07:15:00+00:00,18,GBP_JPY,LONG,152.45,152.26598688866582,152.56503933400256,152.56503933400256,152.56503933400256,4890.85,4,ASIAN,2.5,0.09916720676349536,30.25593158754576,46.322603539476695,152.48990808194304,152.12687527441602,-8.933335591078162,False,0.005018536270098864,45.75320512820125,-7.490808194305032,0.8750000000000404,7,3,failed_breakout_long,152.56503933400256,TP3,2021-04-01 07:45:00+00:00,11.503956921595039,562.641277099831,30,True
2021-04-02 00:15:00+00:00,18,GBP_JPY,SHORT,152.979,153.07454435977544,152.92836692067362,152.92836692067362,152.92836692067362,9478.39,3,ASIAN,2.5,0.05808238244014993,17.9495835622558,57.167132936976735,152.90449934102682,152.49052522271796,21.04285907328176,False,-0.004087160780297208,45.84127924956323,10.95006589731895,0.12676056338009,0,4,failed_breakout_short,153.07454435977544,SL,2021-04-02 00:45:00+00:00,-9.554435977543108,-905.6067042518481,30,False
2021-04-02 17:15:00+00:00,18,GBP_JPY,LONG,153.02,152.85538924776375,153.12183225670876,153.12183225670876,153.12183225670876,5446.49,3,NY,2.5,0.09384853986731986,26.920876534390633,53.27529729109322,152.95412626036423,152.72803104699142,4.4313365812115535,False,-0.0011310890476168203,61.616227590565074,3.0873739635779884,0.03125000000014572,17,4,failed_breakout_long,153.12183225670876,TP3,2021-04-02 19:30:00+00:00,10.183244367733872,554.6293861641885,135,True
2021-04-08 00:15:00+00:00,18,GBP_JPY,SHORT,150.897,151.00982908362172,150.8155127491348,150.8155127491348,150.8155127491348,7995.26,4,ASIAN,2.5,0.07561115529749998,21.67239455671113,52.49666938552706,151.01621997091092,151.74231850525425,-29.64834954062212,False,0.01948172713109535,67.72142992615092,-8.421997091093658,0.3673469387754747,0,3,failed_breakout_short,150.8155127491348,TP3,2021-04-08 01:00:00+00:00,8.148735278464533,651.5125722249635,45,True
2021-04-09 15:00:00+00:00,18,GBP_JPY,LONG,150.524,150.30645432172116,150.7096370348365,150.7096370348365,150.7096370348365,4176.65,2,OVERLAP,2.5,0.14051340251783842,34.72865651711571,51.520214145322214,150.3693171645699,150.610525889555,0.49805734074936936,False,-0.03535186805514466,24.554397955862026,12.568283543009784,0.3084112149534175,15,4,failed_breakout_long,150.30645432172116,SL,2021-04-09 20:00:00+00:00,-21.75456782788387,-908.6121571833118,300,False
2021-04-13 13:15:00+00:00,18,GBP_JPY,LONG,150.012,149.69560229878172,150.23919310365483,150.23919310365483,150.23919310365483,2843.02,4,OVERLAP,2.5,0.16873858797680213,33.84148742437194,37.85255962530881,150.3292664649167,150.40113137541906,-17.089277641937883,False,-0.01592191808828336,34.34730075878356,-34.626646491670954,0.6408450704226113,13,1,failed_breakout_long,149.963,TIME,2021-04-13 21:15:00+00:00,-4.900000000000659,-139.30798000001874,480,False
2021-04-15 00:30:00+00:00,18,GBP_JPY,LONG,150.073,149.95980568867498,150.1375829339751,150.1375829339751,150.1375829339751,7934.44,2,ASIAN,2.5,0.0677180067464817,21.188310047350125,41.46522466508899,150.10517388004257,150.1529149496127,-11.319581407565238,False,-0.005684098028207921,34.27765549849569,-6.717388004256009,0.45882352941190635,0,3,failed_breakout_long,150.1375829339751,TP3,2021-04-15 00:45:00+00:00,6.458301537079423,512.4300604786446,15,True
2021-04-15 07:15:00+00:00,18,GBP_JPY,SHORT,150.053,150.1601737047574,149.9554788857278,149.9554788857278,149.9554788857278,8427.98,5,ASIAN,2.5,0.08825116597802189,33.15860127101254,55.83240745447064,150.03934534998328,150.11712697148357,-3.097454463781446,False,0.020241410596583374,47.107356753369714,4.8654650016715095,0.13793103448273608,7,3,failed_breakout_short,150.1601737047574,SL,2021-04-15 08:00:00+00:00,-10.71737047574004,-903.2578402212754,45,False
2021-04-15 13:00:00+00:00,18,GBP_JPY,SHORT,149.93800000000002,150.19705988647425,149.78982034057728,149.78982034057728,149.78982034057728,3451.81,3,OVERLAP,2.5,0.11796836059503293,21.279275077571327,48.6165806597288,150.00420739945986,150.0899303925138,-1.4614617724674872,False,0.005912875984102159,46.141496707262185,-3.720739945984519,0.12068965517227016,13,3,failed_breakout_short,149.78982034057728,TP3,2021-04-15 13:30:00+00:00,14.818008870377978,511.4895119885941,30,True
2021-04-16 08:00:00+00:00,18,GBP_JPY,SHORT,149.661,149.8418139707844,149.54055808764687,149.54055808764687,149.54055808764687,4973.84,4,LONDON,2.5,0.10108308859954684,31.33969733108488,48.93679926616092,149.75105099154646,149.9252864606925,-3.3999999999991815,False,0.005089137400304103,76.00500927538981,-6.105099154646609,0.7166666666669154,8,4,failed_breakout_short,149.8418139707844,SL,2021-04-16 09:30:00+00:00,-18.081397078438496,-899.3397604462054,90,False
2021-04-22 00:30:00+00:00,18,GBP_JPY,SHORT,150.497,150.5951091987521,150.43867240374365,150.43867240374365,150.43867240374365,9075.06,5,ASIAN,2.5,0.061917083396793034,32.39445214744583,51.280892834677154,150.53469379041914,150.65555787604598,-0.5052111997031261,False,0.005887122911645365,69.05548755610889,-0.2693790419129982,0.5,0,3,failed_breakout_short,150.5951091987521,SL,2021-04-22 01:00:00+00:00,-9.810919875209834,-890.3468652272174,30,False
2021-04-26 01:00:00+00:00,18,GBP_JPY,SHORT,149.769,149.87255176645553,149.67034470063345,149.67034470063345,149.67034470063345,8512.1,4,ASIAN,2.5,0.0892389948459591,21.820489888161283,58.3666666251481,149.67868057831285,149.83359703465328,20.66027610802621,False,0.009180782774933442,88.42260130815755,12.531942168715204,0.0989010989009376,1,0,failed_breakout_short,149.87255176645553,SL,2021-04-26 06:15:00+00:00,-10.355176645552433,-881.4429912460687,315,False
2021-04-26 15:15:00+00:00,18,GBP_JPY,SHORT,150.137,150.2582986447371,149.98210406578875,149.98210406578875,149.98210406578875,7194.05,4,OVERLAP,2.5,0.12069748308316146,30.45397503934831,63.825467698871215,149.90919405843218,149.8596105766876,21.16632790582571,False,0.02078433911264438,77.99171012167301,25.680594156781922,0.25,15,0,failed_breakout_short,150.2582986447371,SL,2021-04-26 18:00:00+00:00,-12.129864473709517,-872.6285151708995,165,False
2021-04-27 07:15:00+00:00,18,GBP_JPY,SHORT,150.25300000000001,150.44587239351537,150.15638281945382,150.15638281945382,150.15638281945382,4479.14,4,ASIAN,2.5,0.09040587367145532,19.53623479717942,46.913203860473956,150.28108928362172,150.06530720203085,17.615082467125376,False,-0.0066872889518869855,45.951328508286565,0.6910716378285997,0.1999999999998181,7,1,failed_breakout_short,150.44587239351537,SL,2021-04-27 08:00:00+00:00,-19.287239351535845,-863.9024526903827,45,False
2021-04-27 08:15:00+00:00,18,GBP_JPY,SHORT,150.333,150.51087148404812,150.21838554785558,150.21838554785558,150.21838554785558,4808.32,4,LONDON,2.5,0.09690418466083112,20.51873572820539,52.690371951406256,150.2955895180811,150.07759435297464,-3.843814177207605,False,0.004688393849015204,69.87166959807053,6.641048191889354,0.4285714285714648,8,1,failed_breakout_short,150.21838554785558,TP3,2021-04-27 08:45:00+00:00,11.461469051136206,551.1041086795924,30,True
2021-04-29 01:45:00+00:00,18,GBP_JPY,SHORT,151.497,151.60559847849868,151.40420456450394,151.40420456450394,151.40420456450394,7926.21,2,ASIAN,2.5,0.08411146006899933,24.195468114879183,60.920612685940426,151.38584549117144,151.0170943977613,21.155738504069177,False,0.012693158110243644,75.82753270755366,14.615450882857317,0.07142857142848442,1,3,failed_breakout_short,151.60559847849868,SL,2021-04-29 05:45:00+00:00,-10.859847849866354,-860.774346260892,240,False
2021-04-30 06:15:00+00:00,18,GBP_JPY,LONG,151.67,151.56246089599304,151.7446173120208,151.7446173120208,151.7446173120208,7924.25,3,ASIAN,2.5,0.07257262172717029,22.561616900922672,33.958316436667886,151.79963928473558,151.57725475263877,-32.13121635243397,False,-0.011425918025780121,27.690521843744346,-16.463928473558553,0.07575757575750398,6,4,failed_breakout_long,151.56246089599304,SL,2021-04-30 06:30:00+00:00,-10.75391040069462,-852.1667449270435,15,False
2021-05-03 14:45:00+00:00,18,GBP_JPY,LONG,151.744,151.55256249432506,151.88731251702487,151.88731251702487,151.88731251702487,4406.89,3,OVERLAP,2.5,0.1130267962534812,17.54647586418501,50.23640311582493,151.62910083317212,151.47795786409867,-4.300476122423902,False,-0.023662046572451058,33.94427454977711,8.589916682788612,0.24719101123586176,14,0,failed_breakout_long,151.639,TIME,2021-05-03 22:45:00+00:00,-10.499999999998975,-462.72344999995494,480,False
2021-05-11 08:00:00+00:00,18,GBP_JPY,SHORT,153.811,153.9735263205938,153.68242103821854,153.68242103821854,153.68242103821854,5162.35,2,LONDON,2.5,0.10462030967423783,28.334281304329323,55.97938636037281,153.7394321314438,153.10718049523882,-1.833333333334508,False,0.012856801495300507,71.9502335257532,10.056786855619748,0.20202020202032672,8,1,failed_breakout_short,153.68242103821854,TP3,2021-05-11 08:15:00+00:00,12.857921085207256,663.7708891421969,15,True
2021-05-12 07:45:00+00:00,18,GBP_JPY,SHORT,153.75300000000001,153.86568465650902,153.662946030473,153.662946030473,153.662946030473,7504.62,2,ASIAN,2.5,0.0880572192310143,27.94416900783268,59.19662612069406,153.6861654651589,153.4486307545135,15.65475813022772,False,0.011765935995276394,70.8504016669594,10.183453484111737,0.18120805369118556,7,2,failed_breakout_short,153.662946030473,TP3,2021-05-12 09:15:00+00:00,9.00540895250603,675.821721331558,90,True
2021-05-12 09:30:00+00:00,18,GBP_JPY,LONG,153.737,153.58642627677858,153.8567211696642,153.8567211696642,153.8567211696642,5661.11,3,LONDON,2.5,0.09999405741118415,18.987371487354814,48.82633325587353,153.69978417782633,153.46850748094278,-3.1679149935428086,False,-0.006808049148042984,46.532278263044105,0.8215822173667675,0.34234234234238387,9,2,failed_breakout_long,153.58642627677858,SL,2021-05-12 10:45:00+00:00,-15.057372322141303,-852.4144102659735,75,False
2021-05-17 00:15:00+00:00,18,GBP_JPY,SHORT,154.161,154.33308832487793,154.07273502536623,154.07273502536623,154.07273502536623,4903.82,3,ASIAN,2.5,0.08287831763042516,22.16915343263622,52.707167955047346,154.11606001723885,153.94933372194137,17.145450993277223,False,0.00964131738852807,55.77791646441468,7.993998276114667,0.5434782608697801,0,0,failed_breakout_short,154.07273502536623,TP3,2021-05-17 01:15:00+00:00,8.826515462605414,432.8364305583368,60,True
2021-05-17 06:15:00+00:00,18,GBP_JPY,LONG,154.019,153.9015656266885,154.09330311993446,154.09330311993446,154.09330311993446,7222.91,3,ASIAN,2.5,0.07409240757847163,32.26010728687696,41.527142667932715,154.0662832687831,153.9689322321409,-4.424562837510848,False,-0.004252235025673866,32.26094109607832,-8.2283268783101,0.13333333333333333,6,0,failed_breakout_long,154.09330311993446,TP3,2021-05-17 06:45:00+00:00,7.430322280590217,536.6854910369789,30,True
2021-05-18 09:15:00+00:00,18,GBP_JPY,SHORT,154.729,154.84222956664004,154.60431130007984,154.60431130007984,154.60431130007984,7538.53,2,LONDON,2.5,0.10164062376009649,18.879173941980106,56.551244359239845,154.6070692572876,154.27729909248828,7.340199688701432,False,-0.0019052910022277735,79.83274776753079,15.093074271240425,0.2857142857140626,9,1,failed_breakout_short,154.60431130007984,TP3,2021-05-18 14:00:00+00:00,12.468886532204593,939.970751896203,285,True
2021-05-18 21:00:00+00:00,18,GBP_JPY,LONG,154.516,154.41017076437535,154.59148770687395,154.59148770687395,154.59148770687395,8154.5,4,NY,2.5,0.0727542947314908,33.230745132138836,40.835377916210234,154.5847377978526,154.40206840987824,-16.839637747887082,False,-0.002593198040143921,22.23936393895379,-10.37377978526024,0.3278688524586803,21,1,failed_breakout_long,154.59148770687395,TP3,2021-05-19 00:15:00+00:00,7.548779944579738,615.5652605807547,195,True
2021-05-20 06:45:00+00:00,18,GBP_JPY,SHORT,154.04500000000002,154.19095192901906,153.96914421294284,153.96914421294284,153.96914421294284,5954.98,2,ASIAN,2.5,0.07498215389254272,21.948076350285486,50.889185795891954,154.10291716002556,154.27726649773538,-10.988479993193323,False,0.010154603755224048,69.43993799120767,-2.291716002554267,0.011235955056233598,6,3,failed_breakout_short,153.96914421294284,TP3,2021-05-20 08:15:00+00:00,7.585591443928135,451.72045336763165,90,True
2021-05-21 00:15:00+00:00,18,GBP_JPY,SHORT,154.394,154.4733933869758,154.33781983907264,154.33781983907264,154.33781983907264,11004.16,4,ASIAN,2.5,0.06351629009788325,31.73063540315284,64.85794817657498,154.27058158923165,154.23229755452041,35.7239514850761,False,-0.0016510171586159167,63.998996350004234,15.84184107683484,0.12121212121213862,0,4,failed_breakout_short,154.33781983907264,TP3,2021-05-21 00:45:00+00:00,5.618021198093469,618.2160414721224,30,True
2021-05-21 07:15:00+00:00,18,GBP_JPY,LONG,154.298,154.15767053049981,154.3749884085005,154.3749884085005,154.3749884085005,6269.81,5,ASIAN,2.5,0.07746901478601846,21.95264106394596,48.00611724898023,154.27685972848042,154.2457669484362,14.131679718838086,False,-0.0035971470317344607,27.418761496018984,-1.385972848041206,0.5087719298246052,7,4,failed_breakout_long,154.15767053049981,SL,2021-05-21 07:30:00+00:00,-14.032946950018754,-879.839111166971,15,False
2021-05-21 15:00:00+00:00,18,GBP_JPY,LONG,154.346,154.10937971222776,154.5048608633167,154.5048608633167,154.5048608633167,3681.18,3,OVERLAP,2.5,0.12322339157699817,26.274776101662802,47.72357966519771,154.33535394700493,154.2759433749044,-4.360815807623908,False,-0.01607907424724588,51.083164135798945,-1.835394700492543,0.12371134020617952,15,4,failed_breakout_long,154.10937971222776,SL,2021-05-21 19:00:00+00:00,-23.66202877722401,-871.0418709414147,240,False
2021-05-25 01:00:00+00:00,18,GBP_JPY,SHORT,154.043,154.14873962127265,153.985781136182,153.985781136182,153.985781136182,8155.23,4,ASIAN,2.5,0.0628735823635222,29.20618115069755,57.76124735997434,153.99787963576696,154.0744233478766,11.710009558390766,False,0.009325434307325499,69.47941229820569,8.012036423303925,0.4303797468352973,1,1,failed_breakout_short,154.14873962127265,SL,2021-05-25 03:15:00+00:00,-10.573962127264734,-862.3309315913318,135,False
2021-05-25 14:15:00+00:00,18,GBP_JPY,LONG,153.98,153.83691535114022,154.1012539465793,154.1012539465793,154.1012539465793,5966.45,2,OVERLAP,2.5,0.09958577645385312,34.87744030417828,34.61140227377575,154.1458444355911,154.11684422683015,-22.32309728742905,False,-0.03573681032027755,12.295550242267739,-19.484443559110787,0.34782608695628,14,1,failed_breakout_long,153.83691535114022,SL,2021-05-25 15:45:00+00:00,-14.308464885976946,-853.7074031893715,90,False
2021-05-28 00:30:00+00:00,18,GBP_JPY,SHORT,155.945,156.08727463173037,155.86517610480888,155.86517610480888,155.86517610480888,5940.41,3,ASIAN,2.5,0.07629574464211912,21.0865444063767,58.037058024437755,155.64968957202314,154.7544508372422,78.47360083990509,False,-0.025369313689145537,58.65100757282902,33.03104279768547,0.3287671232876499,0,4,failed_breakout_short,155.86517610480888,TP3,2021-05-28 02:15:00+00:00,7.98240295654986,474.18746347118355,105,True
2021-05-28 15:00:00+00:00,18,GBP_JPY,SHORT,155.868,155.98611727000102,155.710648189997,155.710648189997,155.710648189997,7195.49,3,OVERLAP,2.5,0.12236064428756376,31.102217833038377,56.88106930242619,155.8210681781354,155.24376640485085,7.61810903563287,False,0.00883946001144615,65.45671630565131,7.593182186460012,0.12244897959186041,15,4,failed_breakout_short,155.710648189997,TP3,2021-05-30 21:00:00+00:00,15.735202868416716,1132.2249488766379,3240,True
2021-05-31 07:30:00+00:00,18,GBP_JPY,LONG,155.647,155.5361292182831,155.70761234515078,155.70761234515078,155.70761234515078,7767.91,3,ASIAN,2.5,0.0638314517600156,27.854160867558946,40.49072587876515,155.71557156040078,155.48666902674944,-18.30937612177479,False,-0.005305709961764132,21.23380523380018,-10.357156040078053,0.507692307692126,7,0,failed_breakout_long,155.5361292182831,SL,2021-05-31 08:00:00+00:00,-11.087078171689766,-861.2342540065066,30,False
2021-06-01 07:15:00+00:00,18,GBP_JPY,SHORT,155.769,155.9349360181809,155.67219194545723,155.67219194545723,155.67219194545723,5138.26,3,ASIAN,2.5,0.09388117662171586,27.224614022065325,52.98201407899436,155.72822290306914,155.5848380430088,20.61747260673883,False,-0.001238399471424477,80.19234186762516,7.577709693086376,0.47093023255808286,7,1,failed_breakout_short,155.67219194545723,TP3,2021-06-01 08:00:00+00:00,9.680824294907486,497.42592241551347,45,True
2021-06-02 06:30:00+00:00,18,GBP_JPY,SHORT,155.245,155.36116688487033,155.17749934538904,155.17749934538904,155.17749934538904,7382.45,2,ASIAN,2.5,0.07030992904488569,28.181235264513926,62.7490286970366,155.163957672329,155.3182207932122,5.600422981459019,False,0.0016423543143592595,76.61439278496526,11.604232767101053,0.35416666666667285,6,2,failed_breakout_short,155.17749934538904,TP3,2021-06-02 07:00:00+00:00,6.7500746044914655,498.32088263928017,30,True
2021-06-04 00:30:00+00:00,18,GBP_JPY,LONG,155.534,155.4212413181335,155.59427604559949,155.59427604559949,155.59427604559949,7649.78,4,ASIAN,2.5,0.06240898060919821,28.103256880879904,43.594408972372726,155.52782060808718,155.4337832993996,-6.354204028116328,False,-0.010092371527496844,27.301291725491996,-2.882060808718734,0.18749999999981495,0,4,failed_breakout_long,155.4212413181335,SL,2021-06-04 01:00:00+00:00,-11.275868186649518,-862.5791093686775,30,False
2021-06-04 12:45:00+00:00,18,GBP_JPY,SHORT,155.59,155.7269193823879,155.4812418528363,155.4812418528363,155.4812418528363,6236.91,4,LONDON,2.5,0.09227885300611142,38.64858410403504,60.336834034662516,155.51372824632068,155.45094252198066,2.3739163748388137,False,0.005919128138279391,60.34019204389486,10.527175367931818,0.16326530612233653,12,4,failed_breakout_short,155.4812418528363,TP3,2021-06-04 13:45:00+00:00,10.875832154196551,678.3158632083001,60,True
2021-06-08 01:15:00+00:00,18,GBP_JPY,SHORT,155.0,155.07314965385524,154.95055103843424,154.95055103843424,154.95055103843424,11766.79,4,ASIAN,2.5,0.054277928588334134,27.134221847121406,65.92142102044613,154.9286560811853,155.05393997488497,19.245492861165303,False,0.01277388644620171,75.641172490668,10.634391881470151,0.17857142857113856,1,1,failed_breakout_short,154.95055103843424,TP3,2021-06-08 02:45:00+00:00,4.9449003589931255,581.8560409519673,90,True
2021-06-11 00:15:00+00:00,18,GBP_JPY,SHORT,154.964,155.07564599587417,154.8980620123775,154.8980620123775,154.8980620123775,7761.63,2,ASIAN,2.5,0.06812827805203078,22.89726813470297,51.762573770902335,154.93061823122048,154.83526530132846,14.211119324880883,False,-0.0015601202693312118,50.505050505040536,6.838176877951696,0.4810126582279392,0,4,failed_breakout_short,155.07564599587417,SL,2021-06-11 00:45:00+00:00,-11.164599587417,-866.5549109568342,30,False
2021-06-16 01:00:00+00:00,18,GBP_JPY,SHORT,154.994,155.0723820026681,154.95285399199574,154.95285399199574,154.95285399199574,10944.99,4,ASIAN,2.5,0.04942371924072804,33.04608945948967,54.9277141600728,155.01412195930263,155.03461808430046,4.977231171423568,False,0.008064825349429065,58.88791410786604,1.4878040697368533,0.5312499999996947,1,2,failed_breakout_short,155.0723820026681,SL,2021-06-16 05:15:00+00:00,-7.838200266809281,-857.8902353822491,255,False
2021-06-21 01:15:00+00:00,18,GBP_JPY,SHORT,152.246,152.47650752700113,152.12647741899667,152.12647741899667,152.12647741899667,3684.53,4,ASIAN,2.5,0.1010139787163549,30.222827546809267,51.279289790812854,152.36691284180938,153.25666689271318,-26.89720808619427,False,0.025269169096026053,57.75444589773563,-8.591284180937464,0.6533333333335203,1,0,failed_breakout_short,152.12647741899667,TP3,2021-06-21 01:45:00+00:00,11.952290539364267,440.38573061003825,30,True
2021-06-21 23:45:00+00:00,18,GBP_JPY,SHORT,153.651,153.77336279134985,153.57991162595042,153.57991162595042,153.57991162595042,6976.92,3,NY,2.5,0.07024518393545492,24.89777561566884,61.27524759174771,153.37505368351603,153.1027903331526,64.94533096912676,False,-0.02107886667796212,60.342261904765415,31.094631648397808,0.6406250000000209,23,0,failed_breakout_short,153.57991162595042,TP3,2021-06-22 00:00:00+00:00,7.108847594036295,495.97860955783705,15,True
2021-06-28 13:45:00+00:00,18,GBP_JPY,LONG,154.106,153.8307178814717,154.25484635558482,154.25484635558482,154.25484635558482,3119.25,2,OVERLAP,2.5,0.1260239344096457,21.205319993287407,52.17462799972198,153.98145214253168,154.0629877418125,1.8862151031839858,False,-0.014771967802152182,32.04887452191188,9.55478574683184,0.6547085201792733,13,0,failed_breakout_long,153.8307178814717,SL,2021-06-28 14:45:00+00:00,-27.52821185282812,-858.6737482193412,60,False
2021-06-30 15:00:00+00:00,18,GBP_JPY,SHORT,153.256,153.42956772617853,153.08529682146437,153.08529682146437,153.08529682146437,4897.73,4,OVERLAP,2.5,0.13691149147443282,32.573629643364654,59.73496340545293,153.08918364999036,153.2480546225235,18.28212513178471,False,0.011843332340698391,66.33325861406517,19.581635000963615,0.1344086021505631,15,2,failed_breakout_short,153.42956772617853,SL,2021-06-30 17:45:00+00:00,-17.356772617853267,-850.0878595363847,165,False
2021-07-05 08:15:00+00:00,18,GBP_JPY,LONG,153.615,153.49595014301235,153.69414957096302,153.69414957096302,153.69414957096302,7069.2,2,LONDON,2.5,0.0703068772628196,16.12210820210206,47.807976164770785,153.58695270697666,153.52680899781865,1.7683235096768612,False,-0.004737552869445753,36.81330852383933,-0.09527069766477325,0.25531914893619595,8,0,failed_breakout_long,153.49595014301235,SL,2021-07-05 10:15:00+00:00,-11.904985698765815,-841.5872490171529,120,False
2021-07-06 06:30:00+00:00,18,GBP_JPY,SHORT,153.901,154.0148858548639,153.83134243540823,153.83134243540823,153.83134243540823,7315.84,2,ASIAN,2.5,0.0710023018901463,33.52433797277388,62.64349045676691,153.76575274384606,153.62541301314462,27.312293308290236,False,0.0011933500343797657,77.47931081264134,17.02472561539423,0.3604651162790851,6,1,failed_breakout_short,154.0148858548639,SL,2021-07-06 06:45:00+00:00,-11.388585486389502,-833.1706924474778,15,False
2021-07-09 01:45:00+00:00,18,GBP_JPY,LONG,151.28,151.1797355092122,151.40179347236338,151.40179347236338,151.40179347236338,8226.64,2,ASIAN,2.5,0.1045626257487599,32.531534851850566,41.3234702446443,151.36684804424803,151.96805941828222,1.5331118956936507,False,-0.025138317656961853,12.210827994674155,-12.184804424802564,0.0,1,4,failed_breakout_long,151.1797355092122,SL,2021-07-09 02:00:00+00:00,-10.026449078779365,-824.8398704944947,15,False
2021-07-09 02:00:00+00:00,18,GBP_JPY,LONG,151.317,151.13471868712563,151.43884393862314,151.43884393862314,151.43884393862314,4479.84,2,ASIAN,2.5,0.1047367239095627,35.49619893863133,44.55059358034084,151.3635206699638,151.96123295640876,5.208958463870772,False,-0.026527741242621264,23.659662847765002,-8.152066996379403,0.3457943925234241,2,4,failed_breakout_long,151.43884393862314,TP3,2021-07-09 03:00:00+00:00,12.184421060592054,545.8425684408271,60,True
2021-07-09 08:15:00+00:00,18,GBP_JPY,SHORT,151.654,151.77032523093004,151.4780243072099,151.4780243072099,151.4780243072099,7066.82,3,LONDON,2.5,0.13724685744148277,17.16457374363448,60.55375845576111,151.47345441249433,151.8638248645248,2.9899136226674727,False,0.007426918136284266,78.33240431066243,20.954558750565866,0.07586206896549696,8,4,failed_breakout_short,151.77032523093004,SL,2021-07-09 08:45:00+00:00,-11.632523093004465,-822.0494684410581,30,False
2021-07-13 00:15:00+00:00,18,GBP_JPY,SHORT,153.20600000000002,153.2761162901284,153.1536511296148,153.1536511296148,153.1536511296148,11606.85,3,ASIAN,2.5,0.058858824524190556,18.620507640187537,60.42942987834641,153.1108096358031,152.72685170120425,34.55551797171381,False,-0.002453160336774618,68.83874239352343,13.019036419692043,0.014925373134404335,0,1,failed_breakout_short,153.2761162901284,SL,2021-07-13 00:30:00+00:00,-7.011629012839649,-813.8292620767787,15,False
2021-07-21 09:00:00+00:00,18,GBP_JPY,SHORT,149.845,150.16895240281397,149.64614279155802,149.64614279155802,149.64614279155802,2487.06,3,LONDON,2.5,0.161268748083129,28.780845887543055,57.11547914688234,149.68940834133176,149.94694664618441,-8.175947350423485,False,0.04910370449191243,72.22963595601732,18.459165866823923,0.5865724381625598,9,2,failed_breakout_short,150.16895240281397,SL,2021-07-21 12:30:00+00:00,-32.395240281397264,-805.6890629425188,210,False
2021-07-26 06:15:00+00:00,18,GBP_JPY,LONG,151.67,151.56656497022624,151.75930508932126,151.75930508932126,151.75930508932126,7711.45,4,ASIAN,2.5,0.08459362672269811,28.56445462833282,39.374127210870824,151.82682205021854,151.6203840967868,-23.034940749755606,False,0.0015887544803516243,49.50946421534231,-19.18220502185477,0.21495327102800263,6,0,failed_breakout_long,151.56656497022624,SL,2021-07-26 06:30:00+00:00,-10.343502977374895,-797.6340603487764,15,False
2021-07-26 08:15:00+00:00,18,GBP_JPY,LONG,151.552,151.36566059162354,151.6920182251294,151.6920182251294,151.6920182251294,4237.74,4,LONDON,2.5,0.114273186984873,31.99037524657161,37.88957052946673,151.75565465857738,151.61638858871154,2.7526462091714166,False,-0.005803343230130653,43.77965648986935,-23.265465857738832,0.33333333333326315,8,0,failed_breakout_long,151.6920182251294,TP3,2021-07-26 08:30:00+00:00,14.001855553718634,593.3622335421561,15,True
2021-07-27 13:45:00+00:00,18,GBP_JPY,LONG,151.864,151.60856473008687,152.0463058097394,152.0463058097394,152.0463058097394,3114.65,4,OVERLAP,2.5,0.14423692983867126,31.089052755205955,45.88992091373931,152.0139020315303,152.00866389743345,0.46545638307975423,False,0.007757084499768127,34.94566719564589,-17.890203153029915,0.6276595744680031,13,1,failed_breakout_long,152.0463058097394,TP3,2021-07-27 14:15:00+00:00,18.230639505656555,567.8206133629319,30,True
2021-07-27 15:15:00+00:00,18,GBP_JPY,SHORT,152.192,152.57621107498977,151.9473667750307,151.9473667750307,151.9473667750307,2085.49,2,OVERLAP,2.5,0.1882491392667066,31.35621325091017,57.882341965961075,152.04463272951742,152.0168372961224,29.4502630540336,False,0.05895711554148561,79.03182549615583,17.63672704825865,0.7159090909090371,15,1,failed_breakout_short,152.404,TIME,2021-07-27 23:15:00+00:00,-21.19999999999891,-442.1238799999772,480,False
2021-07-28 19:00:00+00:00,18,GBP_JPY,SHORT,152.828,152.9962250299287,152.6883249102139,152.6883249102139,152.6883249102139,4736.8,3,NY,2.5,0.11520362701043245,35.30783105845912,58.21769575110543,152.68780278769012,152.3812849579199,14.245164410252187,False,0.005138506415433897,72.67996499293615,17.51972123098824,0.5656565656567425,19,2,failed_breakout_short,152.6883249102139,TP3,2021-07-29 00:00:00+00:00,13.96753846583505,661.6143620496747,300,True
2021-07-30 00:15:00+00:00,18,GBP_JPY,LONG,152.82999999999998,152.70191279512497,152.90326161462508,152.90326161462508,152.90326161462508,6272.79,5,ASIAN,2.5,0.07280480905362971,33.87864533687326,39.87336705366513,152.9247723274746,152.7871812209033,-32.90616855875612,False,0.001073622194113312,39.61648721861243,-12.977232747462608,0.5185185185186095,0,4,failed_breakout_long,152.70191279512497,SL,2021-07-30 00:45:00+00:00,-12.808720487501546,-803.4641378679482,30,False
2021-08-11 12:45:00+00:00,18,GBP_JPY,SHORT,153.088,153.2191503137625,152.9785490587125,152.9785490587125,152.9785490587125,6065.02,4,LONDON,2.5,0.09227915413034517,21.6843792353527,57.51048363350512,153.03191406470634,152.95011613805758,5.585481868831721,False,0.015445799143346083,61.23015873015805,8.508593529364816,0.4565217391303878,12,2,failed_breakout_short,153.2191503137625,SL,2021-08-11 13:30:00+00:00,-13.115031376250386,-795.4292759758612,45,False
2021-08-11 13:45:00+00:00,18,GBP_JPY,SHORT,153.094,153.2838138304709,152.96755850858725,152.96755850858725,152.96755850858725,4148.67,2,OVERLAP,2.5,0.10858282801740857,22.61048810072572,54.92737463641419,153.0465810940626,152.95718047342004,4.565151640608178,False,0.01335187856140773,60.11436857971473,7.641890593740186,0.5086705202313373,13,2,failed_breakout_short,153.2838138304709,SL,2021-08-11 17:00:00+00:00,-18.98138304709107,-787.4749440597532,195,False
2021-08-16 08:15:00+00:00,18,GBP_JPY,SHORT,151.59,151.6981545033449,151.47753648996527,151.47753648996527,151.47753648996527,7208.21,3,LONDON,2.5,0.09292979192625417,32.10033855200262,52.37092003137631,151.70043115344157,152.19278368767712,-0.4026586717969849,False,0.028313577339870055,89.47182242508308,-8.143115344157081,0.2933333333332626,8,0,failed_breakout_short,151.47753648996527,TP3,2021-08-16 09:30:00+00:00,11.246366605614085,810.661722302535,75,True
2021-08-18 08:30:00+00:00,18,GBP_JPY,SHORT,150.751,150.900472610467,150.634582168599,150.634582168599,150.634582168599,5269.91,3,LONDON,2.5,0.09659199086727967,30.442428029520453,60.8051655321747,150.65656569068602,150.9823407815579,0.3228633404944503,False,0.011474586771068765,73.22639313254903,12.343430931397847,0.40217391304361255,8,2,failed_breakout_short,150.900472610467,SL,2021-08-18 10:30:00+00:00,-14.947261046700076,-787.707204626152,120,False
2021-08-20 01:00:00+00:00,18,GBP_JPY,SHORT,149.71200000000002,149.88572487823944,149.6218253652817,149.6218253652817,149.6218253652817,4488.88,4,ASIAN,2.5,0.08598905958753007,27.39360106532724,51.2364179386576,149.84787620050218,150.43010058278412,-21.746233063257137,False,0.029983733772828702,70.52518575020498,-10.087620050217083,0.6554621848737369,1,4,failed_breakout_short,149.6218253652817,TP3,2021-08-20 01:30:00+00:00,9.017483560280846,404.7840160407349,30,True
2021-08-20 02:00:00+00:00,18,GBP_JPY,LONG,149.515,149.36524836663378,149.64425490009864,149.64425490009864,149.64425490009864,5234.52,4,ASIAN,2.5,0.10739589053726013,33.65472384668361,34.9256948372515,149.8002446713012,150.39475747063935,-45.663373132643414,False,-0.01597999961555001,20.560510628592457,-32.02446713011966,0.31249999999977796,2,4,failed_breakout_long,149.64425490009864,TP3,2021-08-20 04:00:00+00:00,12.925514702655247,676.5886522134296,120,True
2021-08-20 07:00:00+00:00,18,GBP_JPY,LONG,149.498,149.26832477321696,149.6360256803491,149.6360256803491,149.6360256803491,3442.44,4,ASIAN,2.5,0.12346827831135086,24.97386595650032,46.12551435108099,149.6323849133306,150.23308072086692,-39.35791212337847,False,-0.005367495348160278,38.97189695550157,-16.938491333061734,0.5283842794759338,7,4,failed_breakout_long,149.26832477321696,SL,2021-08-20 07:15:00+00:00,-22.967522678303,-790.6431876869738,15,False
2021-08-20 14:00:00+00:00,18,GBP_JPY,SHORT,149.608,149.75577829730156,149.44266510809533,149.44266510809533,149.44266510809533,5296.7,4,OVERLAP,2.5,0.12980255213146571,34.74291300965446,64.26603211725654,149.46576067139833,150.0204348471551,23.3224545797043,False,0.04966766694173813,76.22399816285817,17.1239328601672,0.3609022556390849,14,4,failed_breakout_short,149.44266510809533,TP3,2021-08-22 21:00:00+00:00,16.533520405165966,875.7309753004257,3300,True
2021-08-24 13:15:00+00:00,18,GBP_JPY,LONG,150.296,150.04219811840332,150.46440564479002,150.46440564479002,150.46440564479002,3118.55,2,OVERLAP,2.5,0.1354177801081042,28.8160923709433,40.51220996920194,150.49676660182735,150.33705577560195,-13.755659714814783,False,-0.02843102749039214,25.714610897709438,-22.97666018273503,0.8054054054054004,13,1,failed_breakout_long,150.46440564479002,TP3,2021-08-24 13:30:00+00:00,16.840618480267693,525.1831076163882,15,True
2021-08-24 21:30:00+00:00,18,GBP_JPY,LONG,150.573,150.41376521758085,150.65270434725747,150.65270434725747,150.65270434725747,5003.6,3,NY,2.5,0.07400745306413649,34.07913384037644,50.698838147365095,150.52214137507673,150.38934108440003,9.077529813734486,False,-0.006386925584387179,60.59685112489755,1.5858624923282605,0.5000000000003384,21,1,failed_breakout_long,150.65270434725747,TP3,2021-08-25 00:00:00+00:00,7.970450655146429,398.80946898090673,150,True
2021-08-25 00:45:00+00:00,18,GBP_JPY,SHORT,150.627,150.74888064175795,150.56335807472615,150.56335807472615,150.56335807472615,6569.83,4,ASIAN,2.5,0.06527833469334346,30.306137771767972,58.892399569511625,150.5579120216844,150.4156588924103,19.534712441608804,False,0.010905907959838212,74.98840396374024,10.408797831561856,0.11864406779664283,0,2,failed_breakout_short,150.74888064175795,SL,2021-08-25 01:45:00+00:00,-12.188064175794011,-800.7350966405677,60,False
2021-08-26 15:15:00+00:00,18,GBP_JPY,LONG,151.024,150.85324672188258,151.20125983435224,151.20125983435224,151.20125983435224,4642.53,4,OVERLAP,2.5,0.13697037364661638,26.00254760966004,41.01199942072167,151.19983625549486,150.98857572957124,-17.74888934487251,False,-0.016608422025809665,23.540553301997317,-20.483625549485396,0.4923076923076553,15,3,failed_breakout_long,150.85324672188258,SL,2021-08-26 17:00:00+00:00,-17.07532781174166,-792.72721625845,105,False
2021-08-30 01:00:00+00:00,18,GBP_JPY,LONG,151.076,150.96575824455624,151.1347252663313,151.1347252663313,151.1347252663313,7118.9,3,ASIAN,2.5,0.06523468868127555,34.626407523281735,40.42852412051774,151.1132957044715,150.99388024738474,-11.528085971059454,False,-0.013678610153239242,16.209067646326677,-7.2295704471514455,0.29702970297031095,1,0,failed_breakout_long,151.1347252663313,TP3,2021-08-30 02:15:00+00:00,5.872534882334503,418.0598857385109,75,True
2021-08-30 07:30:00+00:00,18,GBP_JPY,LONG,151.109,151.0024194079447,151.17474177616594,151.17474177616594,151.17474177616594,7402.67,3,ASIAN,2.5,0.06764967095985797,22.141923185486032,46.32171071187845,151.1124795015257,151.02167486858426,-7.559833292063445,False,-0.005191149186486369,20.29358588409526,-3.847950152569979,0.4459459459460809,7,0,failed_breakout_long,151.17474177616594,TP3,2021-08-30 08:00:00+00:00,6.574186497413112,486.66533158805123,30,True
2021-09-01 13:15:00+00:00,18,GBP_JPY,LONG,151.683,151.5228599857739,151.80142004267836,151.80142004267836,151.80142004267836,4957.21,3,OVERLAP,2.5,0.09926002641993599,25.125930339180986,45.56977957196424,151.61898292963895,151.38343488365507,-9.36196437161243,False,-0.02712534174249083,19.807717640113626,3.5017070361050173,0.20535714285706583,13,2,failed_breakout_long,151.80142004267836,TP3,2021-09-01 14:00:00+00:00,11.842028156282469,587.0342039660502,45,True
2021-09-06 00:30:00+00:00,18,GBP_JPY,SHORT,152.084,152.19685761148875,152.00242716553367,152.00242716553367,152.00242716553367,7086.08,3,ASIAN,2.5,0.07694984990773313,18.133095547217582,51.94902618421,152.09372409361688,151.9555243059484,6.825564311631638,False,0.0058126138166064,54.516527649060656,2.5275906383114943,0.4029850746266251,0,0,failed_breakout_short,152.00242716553367,TP3,2021-09-06 04:45:00+00:00,8.157294958333882,578.0324465835055,255,True
2021-09-08 06:30:00+00:00,18,GBP_JPY,LONG,151.988,151.9085405503678,152.0293783488966,152.0293783488966,152.0293783488966,10137.22,5,ASIAN,2.5,0.050710406459809974,22.47337504973367,43.90639482467833,151.9814367144254,151.96407619587922,6.882061385553584,False,-0.0035246057565794936,51.24114839142729,-2.8436714425396303,0.20833333333313597,6,2,failed_breakout_long,151.9085405503678,SL,2021-09-08 06:45:00+00:00,-7.945944963219632,-805.4979220004931,15,False
2021-09-08 15:00:00+00:00,18,GBP_JPY,LONG,151.66,151.4581896732351,151.80443098029468,151.80443098029468,151.80443098029468,3951.45,2,OVERLAP,2.5,0.11757632113480396,21.799234864856743,43.75334654785004,151.7797832311772,151.89139243794563,-5.62628163967247,False,-0.014709035405930167,17.960439432860934,-14.878323117719106,0.6223776223776099,15,2,failed_breakout_long,151.80443098029468,TP3,2021-09-08 15:45:00+00:00,14.443134580856155,570.7132413952405,45,True
2021-09-15 07:30:00+00:00,18,GBP_JPY,SHORT,151.388,151.57863710358978,151.28608868923064,151.28608868923064,151.28608868923064,4212.98,4,ASIAN,2.5,0.09004033523818444,28.37377060680972,54.721996310403824,151.4587153017503,151.86699930233047,-56.33586958641672,False,0.02302377989439633,65.15717658431693,-3.57153017502867,0.810810810810707,7,2,failed_breakout_short,151.28608868923064,TP3,2021-09-15 07:45:00+00:00,10.191155266776379,429.35133315823543,15,True
2021-09-21 02:00:00+00:00,18,GBP_JPY,SHORT,149.644,149.78095654534536,149.5171303639639,149.5171303639639,149.5171303639639,5895.62,3,ASIAN,2.5,0.10541929849854109,33.33624078526344,61.0419763544935,149.58764995380994,150.32836176625824,0.6105020314805643,False,0.026607239521511325,74.39200765414013,9.135004619005826,0.2191780821916368,2,1,failed_breakout_short,149.78095654534536,SL,2021-09-21 02:45:00+00:00,-13.695654534535606,-807.4437478689881,45,False
2021-09-21 06:30:00+00:00,18,GBP_JPY,SHORT,149.797,149.94304555931728,149.69086332204813,149.69086332204813,149.69086332204813,5473.42,3,ASIAN,2.5,0.09558461016067211,24.48767476767732,57.1731176043406,149.69578614392674,150.24046798819563,14.289976939937787,False,-0.0065538524909601326,80.27455515961202,13.621385607325465,0.3652173913043328,6,1,failed_breakout_short,149.94304555931728,SL,2021-09-21 07:15:00+00:00,-14.604555931728669,-799.3686852784233,45,False
2021-09-22 13:45:00+00:00,18,GBP_JPY,LONG,149.393,149.17058935555124,149.5272319333463,149.5272319333463,149.5272319333463,3558.17,2,OVERLAP,2.5,0.1131911968334093,17.686456600309974,50.10852136053669,149.37349787995018,149.63674094755947,2.13584961816764,False,-0.0037268474065278202,42.115431055304704,-0.9497879950174593,0.5588235294117991,13,2,failed_breakout_long,149.5272319333463,TP3,2021-09-22 14:00:00+00:00,13.423231059620129,477.6213805940856,15,True
2021-09-22 14:15:00+00:00,18,GBP_JPY,SHORT,149.41,149.5966601985298,149.2600194044106,149.2600194044106,149.2600194044106,4265.25,3,OVERLAP,2.5,0.1210832258410531,22.271052401976362,53.90381942636971,149.3818502152097,149.63369229138644,8.278179639617633,False,0.012752114964708683,75.88739601058636,5.714978479028332,0.6180555555555226,14,2,failed_breakout_short,149.5966601985298,SL,2021-09-22 14:45:00+00:00,-18.666019852980753,-796.1524117792616,30,False
2021-10-01 00:15:00+00:00,18,GBP_JPY,SHORT,150.01,150.18668906839562,149.90493279481305,149.90493279481305,149.90493279481305,4460.89,4,ASIAN,2.5,0.09177969844905393,22.318627677270964,47.19047066234105,150.1606212122382,150.49590270112935,-33.63766110324491,False,0.021868818230981864,39.57599110189726,-11.56212122382101,0.02816901408463108,0,4,failed_breakout_short,149.90493279481305,TP3,2021-10-01 00:45:00+00:00,10.506744071663414,468.69429561842617,30,True
2021-10-04 08:15:00+00:00,18,GBP_JPY,SHORT,150.603,150.84598091155357,150.43405726533933,150.43405726533933,150.43405726533933,3263.12,2,LONDON,2.5,0.1353216928851769,31.196857520359934,57.03974300951077,150.45080487661448,150.36718187318715,-11.194314642602876,False,0.034578168764463256,74.45122593273508,18.119512338552113,0.7877094972066454,8,0,failed_breakout_short,150.84598091155357,SL,2021-10-04 09:00:00+00:00,-24.298091155355905,-792.8758721086496,45,False
2021-10-05 07:30:00+00:00,18,GBP_JPY,SHORT,151.244,151.41709155821312,151.10772532536066,151.10772532536066,151.10772532536066,4534.87,3,ASIAN,2.5,0.1171700366814942,26.461213177019903,65.55630834127166,151.0587592176403,150.7728779996891,23.87970437079332,False,0.01940999207552182,78.57579039649372,22.02407823596957,0.326923076923168,7,1,failed_breakout_short,151.41709155821312,SL,2021-10-05 08:30:00+00:00,-17.309155821311606,-784.9477145939136,60,False
2021-10-05 14:15:00+00:00,18,GBP_JPY,SHORT,151.725,151.87491363224643,151.5292591032607,151.5292591032607,151.5292591032607,5183.64,2,OVERLAP,2.5,0.14912531702909196,29.522409018808254,63.15876616469222,151.36435073557232,150.94450194632265,23.782543075341778,False,0.010730132128667302,83.602946760841,38.96492644276748,0.04285714285713996,14,1,failed_breakout_short,151.87491363224643,SL,2021-10-05 14:30:00+00:00,-14.991363224643806,-777.0983006579262,15,False
2021-10-07 06:30:00+00:00,18,GBP_JPY,SHORT,151.397,151.5067755041902,151.32767348742942,151.32767348742942,151.32767348742942,7008.19,3,ASIAN,2.5,0.06858307921035357,28.50381801416879,57.14108862408873,151.36132685002113,151.35513064353225,22.11961479220861,False,0.005728626482192718,70.90801362760735,7.067314997885887,0.32142857142851705,6,3,failed_breakout_short,151.5067755041902,SL,2021-10-07 07:00:00+00:00,-10.97755041901962,-769.3275907106912,30,False
2021-10-07 09:30:00+00:00,18,GBP_JPY,SHORT,151.425,151.6221301876823,151.2496094369531,151.2496094369531,151.2496094369531,3863.61,4,LONDON,2.5,0.13624177712426577,35.433078068388824,57.63256602181613,151.3420192951094,151.34954649239273,12.941620838594758,False,0.023023154154522316,70.0942699790103,11.198070489061251,0.4117647058822423,9,3,failed_breakout_short,151.6221301876823,SL,2021-10-07 13:30:00+00:00,-19.713018768229063,-761.6341644311749,240,False
2021-10-08 13:15:00+00:00,18,GBP_JPY,LONG,152.267,152.0588406705087,152.42147798847392,152.42147798847392,152.42147798847392,3622.31,3,OVERLAP,2.5,0.12265304048386232,19.141633481575326,48.18929734005845,152.21570731912382,151.8557947230351,-4.351653411592338,False,-0.019281938598845787,24.72851451337812,2.2292680876176973,0.6062992125983653,13,4,failed_breakout_long,152.42147798847392,TP3,2021-10-08 13:30:00+00:00,15.447841493656826,559.5687072088806,15,True
2021-10-12 01:45:00+00:00,18,GBP_JPY,LONG,154.076,153.93248891849427,154.2045332445172,154.2045332445172,154.2045332445172,5293.07,3,ASIAN,2.5,0.10494915136778381,27.30681017397418,46.37296064562027,154.0717655839151,153.36889120865683,-8.365992352474905,False,-0.0018136593271380202,27.684591642921372,-3.0765583915098205,0.6346153846148801,1,1,failed_breakout_long,154.2045332445172,TP3,2021-10-12 06:00:00+00:00,12.853348735027165,680.3367458891024,255,True
2021-10-12 07:00:00+00:00,18,GBP_JPY,LONG,153.91,153.78846520476444,154.0206043857067,154.0206043857067,154.0206043857067,6306.16,5,ASIAN,2.5,0.10527890543747358,37.15515337338777,37.154322698029006,154.044183146843,153.49423913199763,-22.226198650966467,False,-0.02424833422910925,21.293600645997554,-16.918314684301095,0.08490566037736608,7,1,failed_breakout_long,153.78846520476444,SL,2021-10-12 07:15:00+00:00,-12.153479523556143,-766.417864322688,15,False
2021-10-13 13:00:00+00:00,18,GBP_JPY,LONG,154.695,154.45085381044083,154.84943856867753,154.84943856867753,154.84943856867753,3107.78,4,OVERLAP,2.5,0.12634292346704643,25.48347371849477,51.135029562796575,154.5878193435173,154.18451450940267,-3.0380387381967466,False,-0.02937913954765805,52.09711970973274,7.818065648268657,0.8156424581004744,13,2,failed_breakout_long,154.45085381044083,SL,2021-10-13 14:45:00+00:00,-24.414618955916012,-758.7526449881667,105,False
2021-10-14 09:00:00+00:00,18,GBP_JPY,SHORT,155.457,155.61500181605172,155.32399455184486,155.32399455184486,155.32399455184486,4754.16,3,LONDON,2.5,0.10686051552461026,33.68461564788352,67.95358705165545,155.11868442783228,154.62778997815232,6.3245522158837275,False,0.01425117105255802,83.32408032955162,36.73155721677119,0.3586956521740306,9,3,failed_breakout_short,155.61500181605172,SL,2021-10-14 10:00:00+00:00,-15.800181605172268,-751.1659138004579,60,False
2021-10-18 07:30:00+00:00,18,GBP_JPY,SHORT,156.975,157.2472377659619,156.8202867021143,156.8202867021143,156.8202867021143,2731.63,4,ASIAN,2.5,0.13201299392924346,25.869738090140064,51.65916550523357,156.98104642248117,156.36664218319765,-5.825183331265293,False,0.02445331980738629,72.61018782758029,2.8953577518819884,0.6715686274509571,7,0,failed_breakout_short,156.8202867021143,TP3,2021-10-18 08:45:00+00:00,15.47138642629167,422.62103303651116,75,True
2021-10-18 12:15:00+00:00,18,GBP_JPY,LONG,156.922,156.74131731478485,157.08704805564545,157.08704805564545,157.08704805564545,4139.19,3,LONDON,2.5,0.12848212968528175,18.40466673267585,44.99958826335569,156.98628146419847,156.4750449734475,-8.632159480583823,False,-0.012166342745516211,46.87276188321911,-9.328146419846917,0.3504273504273525,12,0,failed_breakout_long,156.74131731478485,SL,2021-10-18 14:00:00+00:00,-18.068268521514597,-747.87996381568,105,False
2021-10-19 00:30:00+00:00,18,GBP_JPY,SHORT,157.04,157.15599369101975,156.97601892694075,156.97601892694075,156.97601892694075,6383.12,4,ASIAN,2.5,0.0691311404652391,34.70560147435421,64.840593173337,156.92986038060778,156.63846424101104,16.303369246111288,False,0.019622324909903493,79.02170056901728,14.513961939221076,0.26363636363662435,0,1,failed_breakout_short,156.97601892694075,TP3,2021-10-19 00:45:00+00:00,6.3981173294034654,408.3995068766185,15,True
2021-10-21 13:45:00+00:00,18,GBP_JPY,LONG,157.208,156.9382902216067,157.43912933517993,157.43912933517993,157.43912933517993,2760.32,5,OVERLAP,2.5,0.17303244558756983,30.900018464105045,41.4441944031313,157.50106546013595,157.58808577454195,-16.47604171694752,False,-0.024202571041184062,27.69549898343958,-32.20654601359456,0.2857142857142857,13,3,failed_breakout_long,157.43912933517993,TP3,2021-10-21 14:30:00+00:00,23.113017250797526,637.9932377772143,45,True
2021-10-22 01:30:00+00:00,18,GBP_JPY,SHORT,157.53,157.6602779782341,157.3901660652977,157.3901660652977,157.3901660652977,5763.56,3,ASIAN,2.5,0.11558767386332652,35.786702615836425,69.89092899785508,157.25061285565369,157.4307425917793,30.85386106738781,False,0.045614468262873596,86.17700416021286,31.438714434631265,0.05825242718446334,1,4,failed_breakout_short,157.3901660652977,TP3,2021-10-22 02:15:00+00:00,13.983417731959221,805.9426710321089,45,True
2021-10-25 06:15:00+00:00,18,GBP_JPY,LONG,156.484,156.35159131019873,156.6032260694038,156.6032260694038,156.6032260694038,5731.68,3,ASIAN,2.5,0.10311613820234125,33.59589582409382,46.34330051751917,156.48836456806782,156.85218156734254,-12.946798735828224,False,-0.03461498979251963,29.39072952691473,-3.9364568067810524,0.4299065420562709,6,0,failed_breakout_long,156.6032260694038,TP3,2021-10-25 07:00:00+00:00,11.922627741622572,683.3668697410326,45,True
2021-10-28 06:15:00+00:00,18,GBP_JPY,LONG,156.083,155.93252985923615,156.18141042229155,156.18141042229155,156.18141042229155,5089.1,3,ASIAN,2.5,0.0935874042757211,35.13412056897695,44.13831019098561,156.1911952229923,156.51425607945689,-11.462265702544983,False,7.615159099980118e-05,48.953785716938306,-14.319522299228993,0.44805194805188336,6,3,failed_breakout_long,156.18141042229155,TP3,2021-10-28 06:45:00+00:00,9.841061566645429,500.8214641881526,30,True
2021-10-28 13:15:00+00:00,18,GBP_JPY,SHORT,156.114,156.51211064877185,155.91166805368445,155.91166805368445,155.91166805368445,1936.06,4,OVERLAP,2.5,0.1613483477191592,23.506777351312966,46.2961699828903,156.22969854500826,156.45077692476733,-10.02607326568068,False,-0.0008247458136917771,66.30581118713535,-8.66985450082609,0.736220472440936,13,3,failed_breakout_short,156.51211064877185,SL,2021-10-28 14:15:00+00:00,-39.811064877184776,-770.7661026612236,60,False
2021-11-01 00:15:00+00:00,18,GBP_JPY,SHORT,156.241,156.37221059300518,156.1313682209845,156.1313682209845,156.1313682209845,5815.53,4,ASIAN,2.5,0.09774824415244697,26.235152234321028,59.33421784439396,156.23461664241066,156.4242568266935,-17.638876029815265,False,0.0321844675872357,79.64736264140357,4.138335758935341,0.24347826086953298,0,0,failed_breakout_short,156.1313682209845,TP3,2021-11-01 00:45:00+00:00,10.963196753104329,637.5679961358081,30,True
2021-11-01 07:15:00+00:00,18,GBP_JPY,LONG,156.197,156.06984107185147,156.3154767844456,156.3154767844456,156.3154767844456,6050.97,2,ASIAN,2.5,0.10065229513298739,21.738568756977138,45.657265846454294,156.22861740052898,156.3724266404498,-23.304249038901048,False,-0.018273052897454886,21.736404548968633,-6.661740052896903,0.31645569620257263,7,0,failed_breakout_long,156.3154767844456,TP3,2021-11-01 08:00:00+00:00,11.847698024359389,716.9006531445793,45,True
2021-11-01 08:30:00+00:00,18,GBP_JPY,SHORT,156.328,156.49835501094978,156.18193496715068,156.18193496715068,156.18193496715068,4558.74,3,LONDON,2.5,0.11994502033529647,23.01520291310078,55.59035770580015,156.2455746071239,156.36983051676938,-1.1921065133549291,False,0.00822064924330642,80.5558303591106,11.14253928761002,0.45679012345692876,8,0,failed_breakout_short,156.18193496715068,TP3,2021-11-01 08:45:00+00:00,14.606535325590949,665.8739685018447,15,True
2021-11-05 12:45:00+00:00,18,GBP_JPY,SHORT,153.137,153.40796637941182,152.91710086176454,152.91710086176454,152.91710086176454,2890.63,4,LONDON,2.5,0.16815184747910222,32.22674640683679,50.9106683649455,153.28194209570466,154.22297444088264,7.033875492840025,False,0.0346213637272067,54.022540252608934,-11.594209570466774,0.18274111675127344,12,4,failed_breakout_short,152.91710086176454,TP3,2021-11-05 13:15:00+00:00,21.989989896630004,635.6492449489559,30,True
2021-11-09 01:00:00+00:00,18,GBP_JPY,LONG,153.529,153.41310150617068,153.619695481488,153.619695481488,153.619695481488,6813.02,4,ASIAN,2.5,0.08274005996876393,28.958073221626517,46.82581668777222,153.46489971445,153.52275478867244,15.251357767775175,False,-0.01754333762099137,31.442817882501345,2.9100285549986893,0.1449275362317766,1,1,failed_breakout_long,153.41310150617068,SL,2021-11-09 01:15:00+00:00,-11.589849382932016,-789.6187564290349,15,False
2021-11-10 00:15:00+00:00,18,GBP_JPY,SHORT,153.019,153.17166767238797,152.94099698283608,152.94099698283608,152.94099698283608,5120.42,4,ASIAN,2.5,0.07452567729194724,20.117906877344787,50.14071564001758,153.07742044413698,153.27212081917932,-5.496280314420687,False,0.007784789009904591,46.02154001065684,-2.3420444136974083,0.3593749999999792,0,2,failed_breakout_short,152.94099698283608,TP3,2021-11-10 00:45:00+00:00,7.800316950106905,399.40898917666397,30,True
2021-11-10 18:30:00+00:00,18,GBP_JPY,LONG,152.99099999999999,152.84281641105716,153.19055076682852,153.19055076682852,153.19055076682852,5302.32,2,NY,2.5,0.1490552366081478,38.42124395767095,35.657167194715996,153.21531792582394,153.21285321991314,-28.86734138140241,False,-0.07376926343684809,16.639573612026897,-25.93179258239502,0.018518518518079913,18,2,failed_breakout_long,152.84281641105716,SL,2021-11-10 18:45:00+00:00,-14.818358894282824,-785.716807323337,15,False
2021-11-11 23:15:00+00:00,18,GBP_JPY,LONG,152.476,152.34304643604042,152.56086069187876,152.56086069187876,152.56086069187876,5850.61,2,NY,2.5,0.07934233306780825,15.163912479302105,46.7436413383752,152.54081345422958,152.82296530871213,-17.513568043685268,False,0.0075657703481029626,46.906906906911814,-9.981345422957588,0.402777777777712,23,3,failed_breakout_long,152.56086069187876,TP3,2021-11-12 00:15:00+00:00,8.486083692464687,496.4876611197082,60,True
2021-11-12 14:45:00+00:00,18,GBP_JPY,LONG,152.606,152.41370376264092,152.73688871207727,152.73688871207727,152.73688871207727,4070.93,2,OVERLAP,2.5,0.10997872652403237,23.52333389541032,43.62867784616091,152.66012769612948,152.75099053103136,-10.5697227593339,False,-0.02160340075022419,31.115525219668882,-8.312769612948046,0.3506493506493722,14,4,failed_breakout_long,152.73688871207727,TP3,2021-11-12 15:00:00+00:00,13.088903359769883,532.8400935438801,15,True
2021-11-15 08:45:00+00:00,18,GBP_JPY,LONG,152.888,152.71800565950778,152.99698302147672,152.99698302147672,152.99698302147672,4636.35,2,LONDON,2.5,0.09441806091415471,31.289050614669893,44.76324250527952,152.88845629995532,152.81484435839326,1.7940571456819043,False,-0.021292306412949807,20.17063195703886,-2.9456299955313625,0.4841269841270217,8,0,failed_breakout_long,152.71800565950778,SL,2021-11-15 09:45:00+00:00,-16.999434049222373,-788.1532605411215,60,False
2021-11-17 03:45:00+00:00,18,GBP_JPY,LONG,154.138,153.94204578522059,154.24686264433825,154.24686264433825,154.24686264433825,3981.91,5,ASIAN,2.5,0.099843541733202,26.880382968117317,47.5116568736896,154.04532348681727,153.55122262717634,22.58108315424181,False,-0.02012183668055672,40.94579495780052,5.767651318274147,0.3774834437086915,3,2,failed_breakout_long,154.24686264433825,TP3,2021-11-17 05:00:00+00:00,10.886291773127605,433.4823407433454,75,True
2021-11-18 07:45:00+00:00,18,GBP_JPY,SHORT,154.001,154.21221431678993,153.88535704963024,153.88535704963024,153.88535704963024,3714.74,2,ASIAN,2.5,0.102755159752701,24.37913526352527,52.41869021931058,154.0060273129196,153.9039069912151,-10.89027645785734,False,0.0110240014294588,66.39718320940527,2.997268708040224,0.4962406015037417,7,3,failed_breakout_short,154.21221431678993,SL,2021-11-18 09:00:00+00:00,-21.121431678992053,-784.6062711521894,75,False
2021-11-19 00:15:00+00:00,18,GBP_JPY,SHORT,154.229,154.33995723422026,154.1591282973392,154.1591282973392,154.1591282973392,7000.54,4,ASIAN,2.5,0.06992057783764322,27.459693934860454,57.51225429243374,154.16202146172944,154.01473294790776,18.08102143160113,False,0.0019462044202532558,50.1931401931397,10.197853827057202,0.2571428571428919,0,4,failed_breakout_short,154.1591282973392,TP3,2021-11-19 01:30:00+00:00,6.987180246982365,489.1403480620992,75,True
2021-11-22 08:30:00+00:00,18,GBP_JPY,LONG,153.331,153.11294928329053,153.47015215012843,153.47015215012843,153.47015215012843,3584.72,3,LONDON,2.5,0.12109418817474552,26.213735086492402,45.474825623337146,153.37283967085702,153.5966647213888,4.872767413729662,False,-0.02987513237801551,19.233338335054388,-7.083967085702625,0.5546218487395179,8,0,failed_breakout_long,153.47015215012843,TP3,2021-11-22 11:15:00+00:00,13.91525383098033,498.8228871299181,165,True
2021-11-22 12:00:00+00:00,18,GBP_JPY,SHORT,153.361,153.58951078381602,153.18146764855192,153.18146764855192,153.18146764855192,3442.46,4,LONDON,2.5,0.13894859851546612,21.59938674799929,51.307887896904504,153.36779903727893,153.56481737384544,6.717936880133379,False,0.011503125321008986,48.78552886125279,2.2200962721058204,0.014492753623257058,12,0,failed_breakout_short,153.58951078381602,SL,2021-11-22 14:00:00+00:00,-22.851078381603433,-786.6392328553454,120,False
2021-11-22 14:30:00+00:00,18,GBP_JPY,SHORT,153.56900000000002,153.8167077202698,153.37087683919071,153.37087683919071,153.37087683919071,3143.92,3,OVERLAP,2.5,0.15631433764386007,28.61466504508243,58.5548666606553,153.40732902863803,153.5566531688132,18.656595522804764,False,0.02982727627858318,77.2325990993268,19.067097136198186,0.5454545454544397,14,0,failed_breakout_short,153.8167077202698,SL,2021-11-22 14:45:00+00:00,-24.77077202697728,-778.7732559105442,15,False
2021-11-24 01:15:00+00:00,18,GBP_JPY,SHORT,153.981,154.16959132049874,153.87022603850377,153.87022603850377,153.87022603850377,4088.13,3,ASIAN,2.5,0.09959816664051584,21.675321752286795,53.472603913116906,153.90573230436382,153.77283484625502,32.841804374865546,False,-0.003495099102237026,51.85955447266818,11.026769563616767,0.6335877862595287,1,2,failed_breakout_short,153.87022603850377,TP3,2021-11-24 03:00:00+00:00,11.077423246109156,452.85946295116224,105,True
2021-11-24 15:15:00+00:00,18,GBP_JPY,SHORT,153.737,153.94773709701386,153.56578870895842,153.56578870895842,153.56578870895842,3680.01,3,OVERLAP,2.5,0.13344032302572756,16.370878224791742,49.202998621214434,153.78810467246817,153.7785706634018,1.1616515395473925,False,0.00806495994260166,52.2507693221641,-2.210467246817416,0.7293233082708422,15,2,failed_breakout_short,153.835,TIME,2021-11-24 23:15:00+00:00,-9.800000000001319,-360.64098000004856,480,False
2021-11-25 20:45:00+00:00,18,GBP_JPY,LONG,153.707,153.58630770989154,153.77907687032544,153.77907687032544,153.77907687032544,6395.67,2,NY,2.5,0.06942853877289527,29.57516781376694,51.05448433311538,153.68823401845162,153.76384817741865,-0.2824621912253633,False,-0.001845452140666318,31.934791934775546,-1.6234018451626753,0.27272727272739017,20,3,failed_breakout_long,153.58630770989154,SL,2021-11-25 22:00:00+00:00,-12.069229010845104,-771.9080590779172,75,False
2021-11-30 15:00:00+00:00,18,GBP_JPY,LONG,150.511,150.29250421536875,150.75048735389373,150.75048735389373,150.75048735389373,3497.5,3,OVERLAP,2.5,0.18477788574374204,27.76019050534273,40.34788926558888,150.77415395346077,151.3504341238113,-16.781740292356062,False,-0.004103746912125464,50.00897857130221,-29.21539534607689,0.169230769230818,15,1,failed_breakout_long,150.75048735389373,TP3,2021-11-30 15:30:00+00:00,23.94880386324177,837.609415116881,30,True
2021-12-01 01:15:00+00:00,18,GBP_JPY,SHORT,150.714,150.8824733282131,150.51658001536066,150.51658001536066,150.51658001536066,4585.68,3,ASIAN,2.5,0.15237903811005798,30.539419359872642,61.47944890079726,150.4986129730356,151.01998669839887,27.9323274090018,False,0.018109263787863206,80.62261752439936,25.038702696440396,0.14285714285710874,1,2,failed_breakout_short,150.8824733282131,SL,2021-12-01 01:45:00+00:00,-16.847332821311056,-772.5647717202969,30,False
2021-12-07 14:45:00+00:00,18,GBP_JPY,LONG,150.43699999999998,150.0969391619585,150.64218251412453,150.64218251412453,150.64218251412453,2249.12,2,OVERLAP,2.5,0.15389869921996133,33.606788124179005,44.795532814868004,150.57150765010232,150.3767941709071,-13.992760535219873,False,0.0007747167070020489,45.706707048510374,-16.350765010233204,0.7039999999999509,14,1,failed_breakout_long,150.367,TIME,2021-12-07 22:45:00+00:00,-6.999999999999318,-157.43839999998465,480,False
2021-12-10 01:15:00+00:00,18,GBP_JPY,LONG,149.974,149.80829188145904,150.07012435562288,150.07012435562288,150.07012435562288,4606.08,4,ASIAN,2.5,0.09431507729036662,26.21060344002686,49.539282581724024,149.93102796881524,150.0664836938432,12.320084312688095,False,-0.012337409265321956,35.66575785787065,0.797203118474954,0.33695652173904483,1,4,failed_breakout_long,150.07012435562288,TP3,2021-12-10 02:00:00+00:00,9.612456431304732,442.757433191041,45,True
2021-12-10 13:45:00+00:00,18,GBP_JPY,SHORT,150.135,150.32763277849338,149.9911016645199,149.9911016645199,149.9911016645199,3985.26,5,OVERLAP,2.5,0.11981801720194926,26.37207329607807,53.11050906803826,150.0929554250576,150.08280846281033,4.115436372265435,False,0.009051304899809105,63.855218855213685,7.104457494239114,0.4189944134079117,13,4,failed_breakout_short,149.9911016645199,TP3,2021-12-10 14:00:00+00:00,14.389869655649347,573.4737194387312,15,True
2021-12-14 07:15:00+00:00,18,GBP_JPY,SHORT,150.073,150.20705607756707,149.99683176729874,149.99683176729874,149.99683176729874,5769.43,4,ASIAN,2.5,0.07481842976744955,27.17750604028629,61.01312690209703,150.04891953987453,150.16909114935132,-19.036334692268042,False,0.026011781958028914,73.46281573470803,5.9080460125471745,0.11904761904750626,7,1,failed_breakout_short,150.20705607756707,SL,2021-12-14 08:30:00+00:00,-13.405607756706672,-773.4271555977618,75,False
2021-12-21 14:45:00+00:00,18,GBP_JPY,SHORT,150.776,151.0204076015595,150.6297771953215,150.6297771953215,150.6297771953215,3132.85,2,OVERLAP,2.5,0.11361411718193185,34.33705605986115,61.0455144304866,150.5131359614913,150.4173929902171,16.96984904996839,False,0.005315584145012736,57.06528333940187,29.18640385087201,0.47222222222209065,14,1,failed_breakout_short,151.0204076015595,SL,2021-12-21 16:00:00+00:00,-24.440760155948738,-765.69235454564,75,False
2021-12-22 07:15:00+00:00,18,GBP_JPY,SHORT,151.223,151.3562316082962,151.1433051751114,151.1433051751114,151.1433051751114,5689.61,2,ASIAN,2.5,0.07800155826437591,21.448947063551802,49.781246433070535,151.2189991251015,150.8301605154999,26.554554026949972,False,0.004292524726483608,73.09926189442228,3.9000874898505344,0.275510204081461,7,2,failed_breakout_short,151.3562316082962,SL,2021-12-22 07:30:00+00:00,-13.323160829619951,-758.0358908781396,15,False
2021-12-24 06:15:00+00:00,18,GBP_JPY,LONG,153.231,153.11539016369935,153.31782950890195,153.31782950890195,153.31782950890195,6491.28,4,ASIAN,2.5,0.07798969598691662,30.505824463734072,40.821293323210774,153.31152522740047,152.71211925075983,-12.741603545293856,False,-0.007016347297899392,20.233775721415483,-11.552522740046811,0.30555555555542396,6,4,failed_breakout_long,153.31782950890195,TP3,2021-12-24 06:45:00+00:00,8.68296426652653,563.6355228401834,30,True
2021-12-24 21:45:00+00:00,18,GBP_JPY,SHORT,153.147,153.41497747218844,152.97506758343465,152.97506758343465,152.97506758343465,2821.48,2,NY,2.5,0.14074387692140022,13.725197533664776,48.272582035987924,153.23190690316466,152.96424050424437,-9.146125309831632,False,0.010536867015637413,26.495726495727713,-4.990690316466839,0.11864406779669998,21,4,failed_breakout_short,152.97506758343465,TP3,2021-12-26 22:00:00+00:00,17.193302593494987,485.10559401494237,2895,True
2021-12-29 08:15:00+00:00,18,GBP_JPY,SHORT,154.24,154.3601149602615,154.1636551192154,154.1636551192154,154.1636551192154,6335.12,3,LONDON,2.5,0.07214206905712604,26.90917435786602,53.00550319719349,154.23685602273386,154.07221193322064,-2.5703089498506415,False,-0.0013719585616670058,61.55130697226328,3.214397726614493,0.08247422680392434,8,2,failed_breakout_short,154.3601149602615,SL,2021-12-29 08:45:00+00:00,-12.011496026150326,-760.9426870518545,30,False
2022-01-03 03:45:00+00:00,18,GBP_JPY,LONG,155.643,155.5392282498561,155.73631525043166,155.73631525043166,155.73631525043166,7259.52,3,ASIAN,2.5,0.08407610741006878,32.099164312062115,42.69836480098958,155.66389171979313,155.37123701707742,1.3708145961743412,False,-0.023933562467205148,21.99738246250182,-5.589171979312368,0.1230769230770778,3,0,failed_breakout_long,155.73631525043166,TP3,2022-01-03 06:00:00+00:00,9.331537897355954,677.424859966135,135,True
2022-01-05 01:00:00+00:00,18,GBP_JPY,SHORT,157.129,157.3003530110701,157.02794096678974,157.02794096678974,157.02794096678974,4435.92,3,ASIAN,2.5,0.09051273484444228,23.505619064323025,53.04861545850319,157.0116375333588,156.2600692319107,22.984998695693548,False,0.001225465124982332,38.68032975333526,15.236246664119335,0.48863636363647006,1,2,failed_breakout_short,157.02794096678974,TP3,2022-01-05 01:45:00+00:00,10.105926103003119,448.29079718833594,45,True
2022-01-05 10:15:00+00:00,18,GBP_JPY,LONG,156.819,156.68978856124627,156.94963431626113,156.94963431626113,156.94963431626113,5917.36,3,LONDON,2.5,0.10717838625688689,31.253114743106213,35.90414090995459,156.9576046788379,156.4738932515745,-14.17104467622039,False,-0.02485380894249995,17.122368350816284,-16.760467883790398,0.08547008547001488,10,2,failed_breakout_long,156.68978856124627,SL,2022-01-05 10:30:00+00:00,-12.9211438753714,-764.590599223677,15,False
2022-01-05 16:00:00+00:00,18,GBP_JPY,SHORT,157.023,157.1379585105122,156.85712446846344,156.85712446846344,156.85712446846344,6584.5,2,OVERLAP,2.5,0.12842294809406368,36.19752505486814,61.92931251734379,156.8911217128365,156.54544312862836,18.608164061677712,False,0.0344241541871307,81.72580619063787,16.08782871634844,0.11009174311926127,16,2,failed_breakout_short,157.1379585105122,SL,2022-01-05 16:15:00+00:00,-11.495851051219574,-756.9443124675529,15,False
2022-01-06 14:45:00+00:00,18,GBP_JPY,SHORT,156.647,157.03530643980395,156.4380806805881,156.4380806805881,156.4380806805881,1929.86,3,OVERLAP,2.5,0.16606910249307208,25.229609558492747,48.06417062168754,156.7645745071798,156.77009131555056,3.6702496351722402,False,0.004429391047086086,49.14729625572573,-8.857450717979987,0.8669201520913641,14,3,failed_breakout_short,156.4380806805881,TP3,2022-01-06 15:00:00+00:00,20.892040197395286,403.18712695345266,15,True
2022-01-10 03:00:00+00:00,18,GBP_JPY,SHORT,157.209,157.3822442471037,157.11426725868893,157.11426725868893,157.11426725868893,4348.81,2,ASIAN,2.5,0.08481074462114417,28.787957828226844,59.17109030806011,157.08974340369042,156.93234836624103,29.42670234631919,False,0.011136775978520988,60.9654580371248,15.425659630957966,0.6031746031746175,3,0,failed_breakout_short,157.11426725868893,TP3,2022-01-10 08:15:00+00:00,9.473295914708574,411.97564006843794,315,True
2022-01-10 10:15:00+00:00,18,GBP_JPY,LONG,157.166,157.0052316194552,157.27130514163446,157.27130514163446,157.27130514163446,4711.91,3,LONDON,2.5,0.08792699244037629,35.11829092872447,42.4184290258731,157.19028655587667,157.01247517209495,-3.84996642322335,False,-0.017451654662197287,33.552839934914225,-5.328655587666731,0.2985074626868141,10,0,failed_breakout_long,157.0052316194552,SL,2022-01-10 10:30:00+00:00,-16.07683805447948,-757.5261399728241,15,False
2022-01-11 01:45:00+00:00,18,GBP_JPY,SHORT,156.586,156.7191386366042,156.4795840901874,156.4795840901874,156.4795840901874,5632.86,3,ASIAN,2.5,0.09218603940781213,24.42449303842175,60.93993123777824,156.49725068901458,156.73291983361256,11.598435775073312,False,0.016301636131319748,70.54301515026414,12.37493109854313,0.2923076923073492,1,1,failed_breakout_short,156.7191386366042,SL,2022-01-11 02:00:00+00:00,-13.313863660420111,-749.9513005823402,15,False
2022-01-13 01:45:00+00:00,18,GBP_JPY,LONG,157.07,156.95488851579393,157.1673344526182,157.1673344526182,157.1673344526182,6449.85,3,ASIAN,2.5,0.08970704209698578,27.532165937002574,43.14285474631664,157.1310929793495,157.0880732977309,-21.940642462445226,False,-0.00925256354400907,21.779667337960053,-9.609297934949268,0.27522935779815316,1,3,failed_breakout_long,157.1673344526182,TP3,2022-01-13 02:00:00+00:00,9.733460352785077,627.7935925641084,15,True
2022-01-13 15:45:00+00:00,18,GBP_JPY,LONG,156.764,156.60164843860065,156.96105468419802,156.96105468419802,156.96105468419802,4611.78,4,OVERLAP,2.5,0.15308147117019344,33.599325449009754,37.62516385418601,157.07308510362273,157.0970511368717,-31.968330114202104,False,-0.018198109489132988,24.87671330019693,-33.808510362271704,0.22282608695666192,15,3,failed_breakout_long,156.60164843860065,SL,2022-01-13 16:30:00+00:00,-16.23515613993618,-748.7296838303487,45,False
2022-01-14 08:15:00+00:00,18,GBP_JPY,SHORT,156.202,156.31938834171515,156.05883497485456,156.05883497485456,156.05883497485456,6314.45,4,LONDON,2.5,0.11386406318527569,19.777041444613417,52.724925272104365,156.2945500845599,156.71505500926955,0.31957312664872006,False,0.020067459891491647,76.21296253103198,-6.355008455989264,0.029411764706021675,8,4,failed_breakout_short,156.31938834171515,SL,2022-01-14 08:30:00+00:00,-11.738834171515576,-741.2428143432653,15,False
2022-01-18 00:30:00+00:00,18,GBP_JPY,LONG,156.361,156.28151059092323,156.40846822723032,156.40846822723032,156.40846822723032,9231.8,4,ASIAN,2.5,0.05619461685686128,15.487462656103702,42.248230875970336,156.37854548466123,156.41343489548055,-10.351565277289865,False,-0.0022275112955258344,27.14420803782872,-5.254548466123765,0.041666666666469294,0,1,failed_breakout_long,156.40846822723032,TP3,2022-01-18 00:45:00+00:00,4.746827864849664,438.21765482719127,15,True
2022-01-20 08:30:00+00:00,18,GBP_JPY,LONG,155.91899999999998,155.77524571627004,156.03626285118992,156.03626285118992,156.03626285118992,5135.24,3,LONDON,2.5,0.09768652692710687,33.913281763951005,51.55498862262978,155.82738465542735,155.89204231003862,2.280293139949663,False,-0.019136617480345543,37.727087160642505,6.261534457263451,0.32999999999988916,8,3,failed_breakout_long,155.77524571627004,SL,2022-01-20 08:45:00+00:00,-14.375428372994747,-738.2127479813754,15,False
2022-01-24 15:15:00+00:00,18,GBP_JPY,LONG,153.4,153.05634322611743,153.62797032164767,153.62797032164767,153.62797032164767,2126.63,3,OVERLAP,2.5,0.18321972292473393,30.12864107939667,42.84123148010002,153.68892541346654,154.37577130712836,-12.046483889815818,False,0.020943927063569373,57.64524328249829,-31.79254134665257,0.36686390532543633,15,0,failed_breakout_long,153.62797032164767,TP3,2022-01-24 15:30:00+00:00,22.7971393626903,484.81080482878076,15,True
2022-01-25 08:15:00+00:00,18,GBP_JPY,SHORT,153.397,153.64452814842,153.22941555474006,153.22941555474006,153.22941555474006,2972.1,4,LONDON,2.5,0.13669513277995282,25.02858849941488,50.903329065177516,153.43639881889953,153.9052739869509,-7.795018809704857,False,0.024362723463387,69.42592592592374,-1.0398818899545859,0.6619047619047844,8,1,failed_breakout_short,153.64452814842,SL,2022-01-25 08:30:00+00:00,-24.752814842000248,-735.6784099190894,15,False
2022-01-25 16:00:00+00:00,18,GBP_JPY,SHORT,153.498,153.73918142009433,153.28345573971697,153.28345573971697,153.28345573971697,3019.81,4,OVERLAP,2.5,0.16226549446090596,19.88896490695836,51.12049344806938,153.50095720966652,153.80897775393794,-0.42707179640331105,False,0.019797131540795206,80.38548752834426,2.6042790333463017,0.7453416149069858,16,1,failed_breakout_short,153.73918142009433,SL,2022-01-25 16:45:00+00:00,-24.11814200943354,-728.322064215075,45,False
2022-01-26 20:30:00+00:00,18,GBP_JPY,LONG,154.254,153.8533056275304,154.48208311740882,154.48208311740882,154.48208311740882,1799.47,2,NY,2.5,0.17500383458641858,33.13694566275254,42.906008715544466,154.29444949996847,154.02438305798066,-8.999870965737955,False,-0.04965231460745534,36.37725952787745,-7.5449499968470946,0.12352941176463605,20,2,failed_breakout_long,154.48208311740882,TP3,2022-01-26 23:45:00+00:00,22.808438491046797,410.4310081148398,195,True
2022-01-28 00:30:00+00:00,18,GBP_JPY,SHORT,154.41400000000002,154.54890446611697,154.3022866016491,154.3022866016491,154.3022866016491,5375.23,3,ASIAN,2.5,0.09775115136008976,30.58139512675119,57.72477882486516,154.33852808135424,154.2044156644019,8.899981644094623,False,0.01916554227497745,77.48218525331299,11.047191864577144,0.21649484536066765,0,4,failed_breakout_short,154.54890446611697,SL,2022-01-28 00:45:00+00:00,-13.490446611695006,-725.1425334058134,15,False
2022-01-28 07:45:00+00:00,18,GBP_JPY,SHORT,154.78300000000002,154.93567817499604,154.66896547501187,154.66896547501187,154.66896547501187,4701.99,2,ASIAN,2.5,0.10354518213551604,23.35696471770462,60.31867516107641,154.60502782260616,154.3312509293908,38.38224015601668,False,-0.003163329428038694,72.73894294280332,21.297217739385133,0.32911392405055323,7,4,failed_breakout_short,154.66896547501187,TP3,2022-01-28 08:00:00+00:00,11.403476751210524,536.1903364942438,15,True
2022-01-28 15:00:00+00:00,18,GBP_JPY,LONG,154.676,154.51801854662102,154.85694436013694,154.85694436013694,154.85694436013694,4578.09,2,OVERLAP,2.5,0.1391084134181011,24.538504914495842,44.79357164067353,154.68313048988773,154.425090389282,-5.3057120158740645,False,-0.010826686842255722,27.88907247888751,-3.613048988773926,0.0390624999999601,15,4,failed_breakout_long,154.51801854662102,SL,2022-01-28 15:30:00+00:00,-15.798145337896585,-723.2533118997098,30,False
2022-02-02 15:15:00+00:00,18,GBP_JPY,LONG,155.03799999999998,154.79509450491884,155.1767164852435,155.1767164852435,155.1767164852435,2947.73,3,OVERLAP,2.5,0.11189591943646883,25.63026927675876,47.14726808995744,155.06042002439028,154.93997261812297,-2.9332197865954868,False,-0.01307260416712925,33.95572152573769,-5.142002439029625,0.09734513274332499,15,2,failed_breakout_long,155.1767164852435,TP3,2022-02-02 15:30:00+00:00,13.871695583100733,408.90013221173524,15,True
2022-02-03 00:15:00+00:00,18,GBP_JPY,LONG,155.23,155.07490123901243,155.3152962829627,155.3152962829627,155.3152962829627,4642.91,4,ASIAN,2.5,0.08139769897690438,29.097206682601396,46.272229085078344,155.20784782133086,155.033957015721,8.920192434086971,False,-0.024447030731120954,35.85711080662873,-1.2847821330865372,0.4736842105261898,0,3,failed_breakout_long,155.07490123901243,SL,2022-02-03 02:00:00+00:00,-15.509876098755626,-720.1095883767348,105,False
2022-02-03 23:00:00+00:00,18,GBP_JPY,SHORT,156.309,156.4447631330844,156.17671060074682,156.17671060074682,156.17671060074682,5251.12,2,NY,2.5,0.10763153287101024,16.774998760027774,57.483314437780535,156.1115255535984,155.54040100286764,29.59239795866324,False,-0.004771868147374202,67.00995807127872,23.247444640159642,0.38461538461560885,23,3,failed_breakout_short,156.4447631330844,SL,2022-02-04 00:15:00+00:00,-13.57631330843958,-712.9085034021325,75,False
2022-02-09 09:00:00+00:00,18,GBP_JPY,SHORT,156.50300000000001,156.6606318177262,156.38010454682146,156.38010454682146,156.38010454682146,4477.39,2,LONDON,2.5,0.10245909006290987,28.824038832476436,53.61191885223726,156.47040885011367,156.22964798316656,6.786560251555329,False,0.004622267695460888,81.66735832004456,6.1591149886339736,0.30508474576273636,9,2,failed_breakout_short,156.6606318177262,SL,2022-02-09 10:00:00+00:00,-15.763181772618395,-705.7791243690389,60,False
2022-02-11 09:15:00+00:00,18,GBP_JPY,SHORT,157.28300000000002,157.49509303123799,157.12572090628603,157.12572090628603,157.12572090628603,3294.41,2,LONDON,2.5,0.12424420087056066,26.77182951532312,59.589666892159876,157.19137085805465,156.93942369770596,8.331448701417798,False,0.04539818571344534,83.64306891097252,12.062914194535779,0.3999999999998636,9,4,failed_breakout_short,157.49509303123799,SL,2022-02-11 12:00:00+00:00,-21.209303123796985,-698.7214030406802,165,False
2022-02-14 07:15:00+00:00,18,GBP_JPY,LONG,156.249,156.04802184237096,156.37593447288714,156.37593447288714,156.37593447288714,3441.84,3,ASIAN,2.5,0.10595943559680175,35.358489746288,39.355643609950036,156.49834478872114,156.8072888014066,-63.603448152670694,False,-0.011385366134784303,46.21826657516075,-28.434478872114255,0.6874999999999778,7,0,failed_breakout_long,156.04802184237096,SL,2022-02-14 08:00:00+00:00,-20.09781576290379,-691.7346620539279,45,False
2022-02-14 13:00:00+00:00,18,GBP_JPY,SHORT,155.972,156.38366396133503,155.7050081159949,155.7050081159949,155.7050081159949,1663.53,3,OVERLAP,2.5,0.20644735676505913,30.912452441291393,53.9478966188164,156.04595463800783,156.58740950629138,25.359483015853357,False,0.08530209187262952,78.8289081436996,-4.495463800782318,0.7569230769231321,13,0,failed_breakout_short,156.38366396133503,SL,2022-02-14 15:00:00+00:00,-41.1663961335023,-684.8153495996509,120,False
2022-02-15 01:45:00+00:00,18,GBP_JPY,LONG,156.222,156.0903935558085,156.3448193325745,156.3448193325745,156.3448193325745,5151.49,2,ASIAN,2.5,0.10176911064135505,24.033721115997263,42.47756233224559,156.26104924719095,156.47301995137252,11.122919837498557,False,-0.02011756663198734,27.018131101813534,-7.404924719094197,0.7017543859650698,1,1,failed_breakout_long,156.0903935558085,SL,2022-02-15 05:00:00+00:00,-13.160644419150458,-677.9692811880939,195,False
2022-02-16 01:15:00+00:00,18,GBP_JPY,SHORT,156.64000000000001,156.7459266595911,156.5582200212267,156.5582200212267,156.5582200212267,6336.36,2,ASIAN,2.5,0.07550665352633745,35.468485793716475,60.76990134599825,156.54497036833413,156.48785582777387,9.263685191666582,False,0.014502663425267778,65.95441172100362,13.002963166587733,0.24444444444426197,1,2,failed_breakout_short,156.7459266595911,SL,2022-02-16 02:00:00+00:00,-10.592665959109127,-671.189448766607,45,False
2022-02-25 01:15:00+00:00,18,GBP_JPY,LONG,154.672,154.3349361229561,154.8771916311317,154.8771916311317,154.8771916311317,1971.37,3,ASIAN,2.5,0.16826148593866505,20.82220856618056,56.48402644614721,154.45083094073624,155.04415029252476,53.061382095782506,False,-0.014516492903159636,50.1904761904786,18.61690592637615,0.4087591240875708,1,4,failed_breakout_long,154.3349361229561,SL,2022-02-25 08:15:00+00:00,-33.706387704390295,-664.4776152880389,420,False
2022-02-28 07:30:00+00:00,18,GBP_JPY,SHORT,154.468,154.62246017184052,154.31261948447846,154.31261948447846,154.31261948447846,4258.91,3,ASIAN,2.5,0.12635460484666602,31.48949774915348,60.05687255201433,154.45268929168856,154.70005092594442,-4.2700302111171595,False,0.03966391623110513,71.08650217633021,5.03107083114287,0.07563025210096276,7,0,failed_breakout_short,154.62246017184052,SL,2022-02-28 07:45:00+00:00,-15.446017184052605,-657.8319704533349,15,False
2022-02-28 07:45:00+00:00,18,GBP_JPY,SHORT,154.421,154.64617730242333,154.26646809272998,154.26646809272998,154.26646809272998,2892.18,3,ASIAN,2.5,0.13211499021476086,34.85899103399263,55.19273581468269,154.45281912338703,154.69762255852208,-8.92777920049923,False,0.0339659948538489,58.87856874953272,0.31808766129586274,0.22705314009661107,7,0,failed_breakout_short,154.64617730242333,SL,2022-02-28 10:00:00+00:00,-22.517730242333304,-651.2532905227152,135,False
2022-02-28 16:15:00+00:00,18,GBP_JPY,LONG,154.672,154.32509628493906,154.91871114518284,154.91871114518284,154.91871114518284,1858.56,2,OVERLAP,2.5,0.19024975654175882,28.64099486425369,50.79390570748366,154.5973163978363,154.68288756799294,1.6748146808623687,False,-0.02073354403053187,30.972278210178256,4.568360216370593,0.8211678832116553,16,0,failed_breakout_long,154.32509628493906,SL,2022-02-28 17:00:00+00:00,-34.69037150609324,-644.7413686636465,45,False
2022-03-02 08:45:00+00:00,18,GBP_JPY,SHORT,153.177,153.3178665196637,152.99940044100887,152.99940044100887,152.99940044100887,4531.2,5,LONDON,2.5,0.14032353651830212,29.67886162449368,55.42293824131041,153.16221532913406,153.73072923211495,5.115461822884981,False,0.021907623748484522,74.69749704820032,4.3784670865932185,0.18390804597706595,8,2,failed_breakout_short,152.99940044100887,TP3,2022-03-02 09:15:00+00:00,17.75999509392983,804.7408976961484,30,True
2022-03-06 23:15:00+00:00,18,GBP_JPY,LONG,151.881,151.58249804046702,152.09950587859893,152.09950587859893,152.09950587859893,2165.29,3,NY,2.5,0.17186078198981897,30.476009451368625,41.803876179306755,152.2997647630703,153.36559399991842,-68.8595798394573,False,0.01813539094581386,57.37319659308461,-45.376476307029634,0.1339712918659864,23,6,failed_breakout_long,151.58249804046702,SL,2022-03-07 01:30:00+00:00,-29.850195953298456,-646.3433079571761,135,False
2022-03-07 09:00:00+00:00,18,GBP_JPY,LONG,151.552,151.27136647903586,151.78290056289245,151.78290056289245,151.78290056289245,2280.12,3,LONDON,2.5,0.18017653893342508,33.7014596510225,40.11307094046177,151.8771599577744,152.85180222649836,-1.983817291298351,False,-0.05559643200127361,20.0201607653885,-35.41599577744137,0.5259259259258908,9,0,failed_breakout_long,151.27136647903586,SL,2022-03-07 10:30:00+00:00,-28.063352096413045,-639.878103820733,90,False
2022-03-08 06:30:00+00:00,18,GBP_JPY,LONG,151.383,151.25050347379954,151.51448957860143,151.51448957860143,151.51448957860143,4781.1,2,ASIAN,2.5,0.10742212008659482,23.819334137881953,46.59248866325008,151.4014492387597,152.02009634193334,-18.589014929318637,False,-0.020190940391725875,38.82449361901781,-5.344923875969698,0.44262295081987074,6,1,failed_breakout_long,151.25050347379954,SL,2022-03-08 07:00:00+00:00,-13.249652620046957,-633.4791414170652,30,False
2022-03-11 11:45:00+00:00,18,GBP_JPY,SHORT,153.19,153.34445057395865,152.99864827812397,152.99864827812397,152.99864827812397,4060.49,3,LONDON,2.5,0.15169392306610466,38.773877785568516,71.03398608627032,152.67706384019357,152.4410884176688,27.08389410266534,False,0.025541013188316336,85.27326156923073,54.19361598064256,0.02336448598128731,11,4,failed_breakout_short,153.34445057395865,SL,2022-03-11 12:00:00+00:00,-15.445057395865547,-627.1450110533809,15,False
2022-03-15 13:45:00+00:00,18,GBP_JPY,SHORT,154.07500000000002,154.39314455342918,153.8515663397125,153.8515663397125,153.8515663397125,1951.54,2,OVERLAP,2.5,0.16869702779704554,18.173310478695466,54.15089905404811,153.97010091054887,153.60173709653296,22.569564232782113,False,0.034787646015114845,67.16267571499135,13.389908945114826,0.44252873563215667,13,1,failed_breakout_short,154.39314455342918,SL,2022-03-15 14:30:00+00:00,-31.814455342916403,-620.8718217991508,45,False
2022-03-21 08:00:00+00:00,18,GBP_JPY,LONG,156.936,156.7432113227074,157.03536603187783,157.03536603187783,157.03536603187783,3188.28,4,LONDON,2.5,0.0936789721148456,18.609298327942273,52.63910063147067,156.86668982745823,156.4117478055502,1.300000000000523,False,0.0027998734348007176,45.000991637275185,4.031017254177982,0.5728643216081084,8,0,failed_breakout_long,156.7432113227074,SL,2022-03-21 09:00:00+00:00,-19.27886772926115,-614.6642840384875,60,False
2022-03-21 09:15:00+00:00,18,GBP_JPY,LONG,156.833,156.68035261189905,156.95894216430284,156.95894216430284,156.95894216430284,3986.43,4,LONDON,2.5,0.10505943504462002,20.255176460754733,45.535236799294566,156.85619926146518,156.4311708039639,-3.54180520316163,False,-0.006576267555345832,31.017118685482973,-5.2199261465176505,0.09374999999999306,9,0,failed_breakout_long,156.68035261189905,SL,2022-03-21 10:15:00+00:00,-15.264738810094514,-608.5181273472507,60,False
2022-03-24 14:00:00+00:00,18,GBP_JPY,SHORT,160.566,160.85871972581774,160.33184082254678,160.33184082254678,160.33184082254678,2058.05,2,OVERLAP,2.5,0.17769377651866086,29.953003894406624,56.5993410173654,160.31486617830487,159.7771352920653,16.48077552839311,False,0.004000814306910766,60.65319072383871,28.01338216951308,0.7922705314009291,14,3,failed_breakout_short,160.85871972581774,SL,2022-03-24 14:45:00+00:00,-29.2719725817733,-602.4318317191854,45,False
2022-03-30 10:15:00+00:00,18,GBP_JPY,SHORT,159.993,160.55400586191413,159.59298241425762,159.59298241425762,159.59298241425762,1063.11,2,LONDON,2.5,0.28979660069765734,27.195730612468132,50.83540714687954,160.1368905619175,160.8741846546957,1.8083834475845606,False,0.05573230083186826,62.84019621715976,-11.489056191751956,0.7079646017699411,10,2,failed_breakout_short,160.55400586191413,SL,2022-03-30 13:15:00+00:00,-56.10058619141398,-596.4109418595411,180,False
2022-04-01 00:30:00+00:00,18,GBP_JPY,SHORT,160.135,160.3223347995758,159.97999560127255,159.97999560127255,159.97999560127255,3151.81,3,ASIAN,2.5,0.12647891349793194,29.129721212274656,59.75824314469897,159.9547689457876,160.1985848069946,30.165735089099144,False,0.01600388081995388,70.90295182400247,21.523105421238142,0.38709677419357796,0,4,failed_breakout_short,160.3223347995758,SL,2022-04-01 00:45:00+00:00,-18.73347995758081,-590.4436946510277,15,False
2022-04-05 00:15:00+00:00,18,GBP_JPY,SHORT,160.95000000000002,161.09983405065995,160.86249784802013,160.86249784802013,160.86249784802013,3901.25,3,ASIAN,2.5,0.08283466551136544,21.720607077639492,49.8579715777033,160.9585734978876,160.7740183939118,6.374637506090153,False,-0.001788487799755347,69.02013205330987,2.6426502112400385,0.49999999999971,0,1,failed_breakout_short,160.86249784802013,TP3,2022-04-05 00:30:00+00:00,8.750237627249422,341.36864543306814,15,True
2022-04-06 00:45:00+00:00,18,GBP_JPY,SHORT,161.739,161.87288107820336,161.60935676538992,161.60935676538992,161.60935676538992,4391.61,2,ASIAN,2.5,0.109707716663385,33.922957857925965,60.36152824822546,161.5946208774066,161.1898335308376,19.285892591096854,False,0.019851032760635413,73.8746127167177,17.937912259338873,0.07339449541292777,0,2,failed_breakout_short,161.87288107820336,SL,2022-04-06 01:00:00+00:00,-13.388107820335902,-587.9534818486535,15,False
2022-04-06 07:15:00+00:00,18,GBP_JPY,SHORT,161.877,162.05818225770284,161.72845322689156,161.72845322689156,161.72845322689156,3212.64,2,ASIAN,2.5,0.12148133573380256,26.02323606382975,54.26996083141362,161.78600737643407,161.35139535242934,24.277048629181763,False,-0.0066708282685784895,55.114795437375825,12.5992623565935,0.22727272727275077,7,2,failed_breakout_short,161.72845322689156,TP3,2022-04-06 07:30:00+00:00,14.854723549070583,477.2287906268611,15,True
2022-04-06 07:45:00+00:00,18,GBP_JPY,LONG,161.898,161.67038366555215,162.05984900334352,162.05984900334352,162.05984900334352,2578.23,4,ASIAN,2.5,0.12900176397455448,26.043771252559928,50.6791172850826,161.791475475132,161.36140767187828,18.865427692793446,False,-0.0086094266691246,55.16878277950039,7.152452486801053,0.13000000000005968,7,2,failed_breakout_long,162.05984900334352,TP3,2022-04-06 08:15:00+00:00,16.18496310959051,417.28557438039536,30,True
2022-04-07 00:45:00+00:00,18,GBP_JPY,LONG,161.658,161.45896401926817,161.8061079421955,161.8061079421955,161.8061079421955,2969.41,5,ASIAN,2.5,0.12635253564483573,38.2894039198915,41.93945452298648,161.80246783796366,161.61415715502406,-29.76261844460737,False,-0.02269380966861164,26.455311707906635,-17.94678379636707,0.554945054945,0,3,failed_breakout_long,161.8061079421955,TP3,2022-04-07 02:30:00+00:00,14.810844097453282,439.7946857141875,105,True
2022-04-12 01:30:00+00:00,18,GBP_JPY,LONG,163.285,163.03743754607012,163.43768736178959,163.43768736178959,163.43768736178959,2405.12,3,ASIAN,2.5,0.1274731287268856,31.29971088199421,43.40611494077004,163.3515566412346,162.78347640210254,-22.879098816474652,False,-0.01736743366131216,27.80728912063545,-10.155664123459474,0.8782051282050979,1,1,failed_breakout_long,163.43768736178959,TP3,2022-04-12 05:15:00+00:00,15.268799663259777,367.23295446099354,225,True
2022-04-14 07:45:00+00:00,18,GBP_JPY,LONG,164.606,164.32407208168658,164.7717837549402,164.7717837549402,164.7717837549402,2124.97,5,ASIAN,2.5,0.136794705439175,35.45663499873367,49.197808571122316,164.527369560905,163.92335070724914,37.003870311940545,False,-0.012819778383717579,43.391417350898735,4.36304390950113,0.79999999999987,7,3,failed_breakout_long,164.32407208168658,SL,2022-04-14 13:00:00+00:00,-28.192791831341424,-599.0883685784557,315,False
2022-04-15 00:30:00+00:00,18,GBP_JPY,SHORT,164.721,164.9942305421394,164.53930837358178,164.53930837358178,164.53930837358178,2170.69,3,ASIAN,2.5,0.14421386397318922,24.49008634767082,55.51520520071849,164.6283041940348,164.2431528425181,28.09670613146693,False,0.010565298606140291,68.72394782842473,12.769580596520314,0.8368794326241307,0,4,failed_breakout_short,164.9942305421394,SL,2022-04-15 00:45:00+00:00,-27.323054213940168,-593.0988055165778,15,False
2022-04-15 06:45:00+00:00,18,GBP_JPY,SHORT,165.189,165.45253450920492,164.97939647238528,164.97939647238528,164.97939647238528,2228.05,3,ASIAN,2.5,0.16520694566624744,30.8392625231573,59.838071467406955,164.9432718338538,164.4347740328849,48.71721193942449,False,2.0099872198281465e-05,70.08438330828669,28.072816614619,0.6528497409326265,6,4,failed_breakout_short,165.19,TIME,2022-04-15 14:45:00+00:00,-0.10000000000047747,-2.2280500000106387,480,False
2022-04-21 14:15:00+00:00,18,GBP_JPY,SHORT,167.485,167.8531483444813,167.24655496655612,167.24655496655612,167.24655496655612,1594.86,2,OVERLAP,2.5,0.1881326397509806,32.426990786342785,55.229908567689584,167.3462807389541,167.07547735268142,16.46774078928388,False,0.05562489722812719,74.76096026554414,16.771926104590307,0.5949367088607174,14,3,failed_breakout_short,167.8531483444813,SL,2022-04-21 15:30:00+00:00,-36.81483444812841,-587.1450686794207,75,False
2022-04-25 22:15:00+00:00,18,GBP_JPY,SHORT,163.109,163.43665572542668,162.87203282372002,162.87203282372002,162.87203282372002,1774.04,4,NY,2.5,0.180503490078092,28.07337815853706,53.73321485439171,163.12074542252796,164.46886897432398,19.34208186137596,False,0.013817029348793197,69.17989417989477,2.3254577472044957,0.482352941176388,22,0,failed_breakout_short,162.87203282372002,TP3,2022-04-25 23:45:00+00:00,23.696851202876797,420.3916190795156,90,True
2022-04-27 22:00:00+00:00,18,GBP_JPY,SHORT,160.916,161.24024525524123,160.7432642342763,160.7432642342763,160.7432642342763,1805.66,4,NY,2.5,0.14724118830514232,25.216992304502128,47.806626158375074,160.9274492555355,161.52364651218772,10.493714596339032,False,-0.002447066449800313,49.118050088922985,2.3550744464500895,0.5708812260536528,22,2,failed_breakout_short,161.24024525524123,SL,2022-04-28 00:30:00+00:00,-32.42452552412374,-585.4766875788927,150,False
2022-04-28 14:30:00+00:00,18,GBP_JPY,SHORT,162.859,163.25488454787435,162.36634635637694,162.36634635637694,162.36634635637694,1464.12,3,OVERLAP,2.5,0.34042844605238315,31.2471378679545,51.44670493176789,162.64524252930946,162.02512231220447,-12.175608197637189,False,0.011364616173470177,66.77043710377271,24.275747069054887,0.41632653061225294,14,3,failed_breakout_short,163.25488454787435,SL,2022-04-28 16:45:00+00:00,-39.58845478743456,-579.6224842337868,135,False
2022-04-29 08:15:00+00:00,18,GBP_JPY,LONG,163.173,162.91141096450022,163.4067671064993,163.4067671064993,163.4067671064993,2193.62,3,LONDON,2.5,0.17752249449957044,25.829077678146486,48.925501234693,163.10426768177362,162.5730521257448,3.0865463517017133,False,-0.0062779370404796725,36.41799906696588,3.9732318226384677,0.07211538461545622,8,4,failed_breakout_long,163.4067671064993,TP3,2022-04-29 08:45:00+00:00,23.37681721674949,512.7985378300601,30,True
2022-05-02 06:15:00+00:00,18,GBP_JPY,SHORT,163.567,163.74335560665875,163.41493318002378,163.41493318002378,163.41493318002378,3282.88,2,ASIAN,2.5,0.12966041236623269,25.11036569388404,55.16594235199919,163.4555866936878,163.05116894112052,27.901408771734282,False,-0.00031293566651276195,54.27234790813009,14.641330631221194,0.3865979381442944,6,0,failed_breakout_short,163.74335560665875,SL,2022-05-02 07:15:00+00:00,-17.63556066587455,-578.9542939878625,60,False
2022-05-03 00:45:00+00:00,18,GBP_JPY,SHORT,162.606,162.7652470652767,162.4722588041699,162.4722588041699,162.4722588041699,3599.22,4,ASIAN,2.5,0.12038740694243173,18.86660121938842,50.644913419496575,162.74330114279485,162.95605370615382,-34.56167541484945,False,0.019785261469827307,47.34358958757125,-10.230114279485747,0.27354260089687643,0,1,failed_breakout_short,162.7652470652767,SL,2022-05-03 01:45:00+00:00,-15.924706527670194,-573.1652222852111,60,False
2022-05-04 18:15:00+00:00,18,GBP_JPY,SHORT,162.31300000000002,162.61834734045286,162.13695797864145,162.13695797864145,162.13695797864145,1858.32,4,NY,2.5,0.14171648941245388,16.902354074299303,44.69507300302715,162.49229690550516,162.6649274656178,-17.03071261300977,False,0.0036770991723230548,20.677966101698207,-14.429690550514351,0.4064516129031465,18,2,failed_breakout_short,162.61834734045286,SL,2022-05-04 18:30:00+00:00,-30.534734045284036,-567.4330697103223,15,False
2022-05-05 20:00:00+00:00,18,GBP_JPY,LONG,160.893,160.61393741653168,161.15218775040495,161.15218775040495,161.15218775040495,2013.02,2,NY,2.5,0.19068765501258844,21.398443121924142,42.76351397879744,161.347542086454,162.16553992774047,-52.473296562320115,False,0.024111679593963153,34.774752194643405,-48.954208645400854,0.8333333333332544,20,3,failed_breakout_long,161.15218775040495,TP3,2022-05-05 23:45:00+00:00,25.918903796170532,521.752717197672,225,True
2022-05-09 01:30:00+00:00,18,GBP_JPY,LONG,161.077,160.7314365803609,161.2656902589173,161.2656902589173,161.2656902589173,1640.73,2,ASIAN,2.5,0.14947492218688765,24.605824911836475,47.677535058909434,161.08589155005834,161.4144424309901,2.956505673515153,False,-0.031338336812979456,22.505324683771587,-4.389155005833345,0.8506493506492152,1,0,failed_breakout_long,160.7314365803609,SL,2022-05-09 06:15:00+00:00,-34.556341963909176,-566.976269504447,285,False
2022-05-16 00:30:00+00:00,18,GBP_JPY,SHORT,158.674,158.82671638679759,158.46685083960728,158.46685083960728,158.46685083960728,3675.49,3,ASIAN,2.5,0.15690186119550187,26.56134843668871,63.141634992178,158.20342107022717,158.0348023308868,92.63006777630949,False,0.0035743774674713014,79.66549658702719,50.557892977283814,0.30208333333328397,0,0,failed_breakout_short,158.82671638679759,SL,2022-05-16 00:45:00+00:00,-15.271638679757869,-561.3075525106325,15,False
2022-05-16 02:30:00+00:00,18,GBP_JPY,LONG,157.885,157.6712042784122,158.2183871647634,158.2183871647634,158.2183871647634,2599.18,3,ASIAN,2.5,0.24376348294877723,36.41969680471333,34.06175092916641,158.23543732987235,158.05901225838895,-1.2035255503661801,False,-0.1259316644002281,14.509232289705409,-38.54373298723601,0.20909090909087502,2,0,failed_breakout_long,157.6712042784122,SL,2022-05-16 03:15:00+00:00,-21.379572158778615,-555.693563636542,45,False
2022-05-16 07:45:00+00:00,18,GBP_JPY,SHORT,158.025,158.4316270750891,157.68311877473278,157.68311877473278,157.68311877473278,1352.93,3,ASIAN,2.5,0.2566645680225643,28.19576297080832,52.37363943796711,158.02826643432724,158.02160586406316,19.599421229253267,False,0.04521465857849695,71.88705234159794,3.1733565672766417,0.09480122324160882,7,0,failed_breakout_short,158.4316270750891,SL,2022-05-16 10:30:00+00:00,-40.66270750890908,-550.1379687002836,165,False
2022-05-17 01:00:00+00:00,18,GBP_JPY,SHORT,159.135,159.38169310636965,158.96092068089104,158.96092068089104,158.96092068089104,2207.75,5,ASIAN,2.5,0.14721576897221567,30.784731813020827,59.69475572232886,158.82180619569044,158.36683536139907,62.76225790209651,False,0.012124329212854917,73.44027219332152,34.81938043095454,0.481927710843346,1,1,failed_breakout_short,159.38169310636965,SL,2022-05-17 01:30:00+00:00,-24.669310636966202,-544.6367055876213,30,False
2022-05-19 00:45:00+00:00,18,GBP_JPY,SHORT,158.52700000000002,158.80168046712438,158.22995859862684,158.22995859862684,158.22995859862684,1962.97,3,ASIAN,2.5,0.225978010373863,24.33531438227643,52.425766853728994,158.79677161515133,159.63423311997738,-62.46248210219392,False,0.06945446021087834,90.01271575362274,-23.477161515131684,0.4125874125873931,0,3,failed_breakout_short,158.80168046712438,SL,2022-05-19 01:00:00+00:00,-27.468046712436944,-539.1895165511235,15,False
2022-05-19 13:00:00+00:00,18,GBP_JPY,LONG,158.327,157.81909450069426,158.7717164979172,158.7717164979172,158.7717164979172,1050.98,2,OVERLAP,2.5,0.3171816415677965,28.45637517297676,44.01356710515315,158.68001574324555,159.29666190168808,-15.570564426684541,False,-0.02701998684482125,21.043064144799434,-38.2015743245546,0.6835820895522626,13,3,failed_breakout_long,158.7717164979172,TP3,2022-05-19 13:30:00+00:00,44.472072936306745,467.3925921459967,30,True
2022-05-20 14:00:00+00:00,18,GBP_JPY,SHORT,159.723,160.1761224098112,159.3826327705664,159.3826327705664,159.3826327705664,1188.36,2,OVERLAP,2.5,0.2552273325065135,30.284015381277055,52.362128006932345,159.58648655013442,159.41727991672997,0.927375754108084,False,0.01479278393469867,76.6111390137246,16.551344986558547,0.6935483870967508,14,4,failed_breakout_short,159.3826327705664,TP3,2022-05-20 15:00:00+00:00,34.037009360969705,404.48220444201957,60,True
2022-05-23 02:30:00+00:00,18,GBP_JPY,LONG,159.744,159.35119533436975,160.0354139968908,160.0354139968908,160.0354139968908,1381.13,3,ASIAN,2.5,0.2147086647419243,28.663633883186307,47.82452618260046,159.71644311659168,159.51835060949168,4.606316113810749,False,-0.05822693775768702,25.212601800641266,-0.7443116591673515,0.6836158192090114,2,0,failed_breakout_long,160.0354139968908,TP3,2022-05-23 05:30:00+00:00,29.14161068587126,402.48352766577375,180,True
2022-05-24 07:15:00+00:00,18,GBP_JPY,SHORT,160.395,160.7523142852039,160.1530571443883,160.1530571443883,160.1530571443883,1529.58,3,ASIAN,2.5,0.18622652966438455,22.494489422881507,46.76994926958819,160.5224456325572,160.20376120854672,-8.293809103537342,False,0.018466863768063134,44.141381669513244,-9.244563255720095,0.2028985507246516,7,1,failed_breakout_short,160.1530571443883,TP3,2022-05-24 07:45:00+00:00,24.194443737177345,370.0733725151172,30,True
2022-05-25 00:15:00+00:00,18,GBP_JPY,LONG,159.026,158.78211769914125,159.1946469025762,159.1946469025762,159.1946469025762,2256.18,3,ASIAN,2.5,0.1373528444519253,25.80414064401583,51.28391358753912,159.03737941156064,159.58872177486424,11.64325153572463,False,-0.010650012893729417,24.87880605753453,-4.6379411560621975,0.5189873417722407,0,2,failed_breakout_long,158.78211769914125,SL,2022-05-25 01:15:00+00:00,-24.38823008587576,-550.2423695515117,60,False
2022-05-27 02:00:00+00:00,18,GBP_JPY,SHORT,160.314,160.62125195448866,160.06624413653395,160.06624413653395,160.06624413653395,1772.94,4,ASIAN,2.5,0.18518220119326517,21.194177444120317,54.60808820595584,160.16152415533455,159.88629219954748,40.08860764032249,False,0.003259718000823461,53.842422146832384,18.747584466544254,0.9507042253520859,2,4,failed_breakout_short,160.62125195448866,SL,2022-05-27 07:00:00+00:00,-30.725195448866312,-544.7392801911304,300,False
2022-05-27 12:45:00+00:00,18,GBP_JPY,SHORT,160.34300000000002,160.56385778174098,160.10542665477706,160.10542665477706,160.10542665477706,2441.81,3,LONDON,2.5,0.17459302323326095,25.688364826291178,56.61919886670968,160.24506841396308,160.02769200165892,14.43383508664624,False,0.036872796309614445,78.60159525953442,12.693158603693178,0.4850746268657049,12,4,failed_breakout_short,160.56385778174098,SL,2022-05-27 13:45:00+00:00,-22.08577817409605,-539.2927400328947,60,False
2022-06-02 13:00:00+00:00,18,GBP_JPY,LONG,162.811,162.51308995971746,163.01573012084762,163.01573012084762,163.01573012084762,1792.15,3,OVERLAP,2.5,0.15904721766757163,18.584803839361765,54.78296856972411,162.62516607917212,162.3056223235306,0.9218467134388675,False,-0.020452439613587434,56.40247040658784,15.683392082789283,0.12935323383088376,13,3,failed_breakout_long,163.01573012084762,TP3,2022-06-02 14:00:00+00:00,20.47312632191838,366.90913337826026,60,True
2022-06-08 01:15:00+00:00,18,GBP_JPY,SHORT,167.116,167.4401110188801,166.94966694335974,166.94966694335974,166.94966694335974,1658.59,3,ASIAN,2.5,0.1440633207772991,28.159071254867754,55.02513045008453,166.8203889336323,165.57530795561317,74.60842023556609,False,-0.003193124022813118,71.4206114989093,33.06110663677089,0.8235294117646936,1,2,failed_breakout_short,167.4401110188801,SL,2022-06-08 05:30:00+00:00,-32.411101888007465,-537.567294804303,255,False
2022-06-15 01:00:00+00:00,18,GBP_JPY,LONG,162.509,162.00477063220615,162.7866881033816,162.7866881033816,162.7866881033816,1055.46,3,ASIAN,2.5,0.2164973973314801,18.93265863626132,56.19029923315208,162.32626271479486,163.39448788404545,22.73283245924631,False,-0.017704725236735414,56.310423529917244,14.773728520512464,0.6417445482865738,1,2,failed_breakout_long,162.7866881033816,TP3,2022-06-15 02:00:00+00:00,27.769073434919324,293.0914624761995,60,True
2022-06-20 00:00:00+00:00,18,GBP_JPY,SHORT,165.14600000000002,165.554830970855,164.91150708743507,164.91150708743507,164.91150708743507,1308.91,4,ASIAN,2.5,0.19532894587353528,24.61260140501238,53.040059568312074,165.00274359594508,164.180309359968,3.4352530834723893,False,0.02949419904586728,62.492177940396886,17.82564040549346,0.6290726817041999,0,0,failed_breakout_short,164.91150708743507,TP3,2022-06-20 01:15:00+00:00,23.449470407782716,306.9324631145088,75,True
2022-06-20 02:15:00+00:00,18,GBP_JPY,LONG,164.75,164.44962386844816,165.03712839465547,165.03712839465547,165.03712839465547,1791.73,4,ASIAN,2.5,0.21198424431052482,33.86778964212837,40.40753347824047,164.97597310629362,164.2452443583154,-39.984278243937865,False,-0.08361811049754823,18.485047968453163,-26.097310629361914,0.6931818181818347,2,0,failed_breakout_long,165.03712839465547,TP3,2022-06-20 03:15:00+00:00,28.712999717590755,514.4594298399888,60,True
2022-06-24 14:15:00+00:00,18,GBP_JPY,LONG,166.10999999999999,165.52310588067763,166.44968235796708,166.44968235796708,166.44968235796708,925.78,4,OVERLAP,2.5,0.24208907874153202,17.65732306438976,59.801670403646916,165.68025623518915,165.7521699401269,26.685790623466232,False,-0.01713668092628784,62.18589082979232,40.07437648108407,0.8865979381443676,14,4,failed_breakout_long,166.012,TIME,2022-06-26 23:30:00+00:00,-9.799999999998477,-90.7264399999859,3435,False
2022-06-27 12:45:00+00:00,18,GBP_JPY,LONG,165.977,165.7650939740808,166.2357180777576,166.2357180777576,166.2357180777576,2559.77,3,LONDON,2.5,0.18818261956423044,23.647639368258606,49.03021909991971,165.90941634732678,165.8140980256695,-11.18140845313178,False,-0.029711872449243268,21.194168953671156,3.8583652673224833,0.5886524822695293,12,0,failed_breakout_long,166.2357180777576,TP3,2022-06-27 14:45:00+00:00,25.871908846590365,662.2613610823662,120,True
2022-06-29 00:30:00+00:00,18,GBP_JPY,SHORT,165.876,166.10520143988924,165.71539568033225,165.71539568033225,165.71539568033225,2395.5,3,ASIAN,2.5,0.1315883883657455,22.50848275960488,48.70294748122571,166.0253926744183,166.0766992109432,-37.69878316891493,False,0.0292404336256588,70.73184940591092,-11.43926744182977,0.5986394557823064,0,2,failed_breakout_short,166.10520143988924,SL,2022-06-29 01:30:00+00:00,-22.920143988923765,-549.0520492546689,60,False
2022-06-29 01:45:00+00:00,18,GBP_JPY,SHORT,165.999,166.19571759110934,165.81584722667193,165.81584722667193,165.81584722667193,2763.16,2,ASIAN,2.5,0.14476124063165957,19.887159570876005,54.71495695328531,166.01465950166383,166.07112750393597,-22.765859051781945,False,0.032958534686365226,72.73374329243728,1.9340498336163137,0.18382352941181235,1,2,failed_breakout_short,166.19571759110934,SL,2022-06-29 03:15:00+00:00,-19.671759110934772,-543.5621790497053,90,False
2022-06-29 13:30:00+00:00,18,GBP_JPY,SHORT,165.942,166.39323412128883,165.65229763613354,165.65229763613354,165.65229763613354,1192.57,2,OVERLAP,2.5,0.2247919395363768,18.79909162184066,50.04433182521846,165.96697424243766,166.02822013857477,-0.4383500477160851,False,0.015590015562966016,70.47212064086985,0.40257575623456887,0.6077922077922452,13,2,failed_breakout_short,165.65229763613354,TP3,2022-06-29 14:00:00+00:00,28.970479309379918,345.49324509987207,30,True
2022-06-30 01:15:00+00:00,18,GBP_JPY,LONG,165.57399999999998,165.3800874172908,165.74273774812755,165.74273774812755,165.74273774812755,2792.92,2,ASIAN,2.5,0.1342662250313461,26.267749331176372,44.87148335985273,165.65734903834849,165.87282015961262,-26.001989311387774,False,0.002239654203780918,28.634154516506555,-11.834903834849797,0.3157894736842893,1,3,failed_breakout_long,165.74273774812755,TP3,2022-06-30 02:00:00+00:00,16.873835229005167,471.2727188779311,45,True
2022-06-30 08:45:00+00:00,18,GBP_JPY,SHORT,165.382,165.8636406815512,165.06707795534638,165.06707795534638,165.06707795534638,1134.24,3,LONDON,2.5,0.23054698002367724,26.66827855557982,46.45794236327079,165.57095879415508,165.79238720465256,-7.89141062890053,False,-0.00012651244769758263,56.95052270027916,-15.995879415507375,0.6923076923076215,8,3,failed_breakout_short,165.06707795534638,TP3,2022-06-30 11:00:00+00:00,31.492482115634882,357.2003291483771,135,True
2022-07-04 00:15:00+00:00,18,GBP_JPY,LONG,163.463,163.25352952249037,163.68441143252892,163.68441143252892,163.68441143252892,2625.03,3,ASIAN,2.5,0.16608802966075867,32.14757564072209,47.77182803027133,163.43493114831858,164.21435791960755,41.012960135944354,False,-0.06005638011891637,14.2883499959639,-0.6931148318585656,0.2815533980582712,0,0,failed_breakout_long,163.25352952249037,SL,2022-07-04 01:15:00+00:00,-20.94704775096261,-549.8662875770939,60,False
2022-07-04 01:45:00+00:00,18,GBP_JPY,LONG,163.381,163.11968935023646,163.62293194929057,163.62293194929057,163.62293194929057,2083.22,4,ASIAN,2.5,0.1845054924179687,34.85968928207026,46.60686676284807,163.41701746471517,164.1642386754458,30.218888211797434,False,-0.05221849105350929,42.72733412538474,-7.10174647151689,0.5027322404372493,1,0,failed_breakout_long,163.62293194929057,TP3,2022-07-04 05:15:00+00:00,24.19331106271076,503.999894720603,210,True
2022-07-06 01:45:00+00:00,18,GBP_JPY,LONG,161.862,161.55283624175217,162.12149127474353,162.12149127474353,162.12149127474353,1777.08,3,ASIAN,2.5,0.20016126531742706,32.62400705444982,39.36653997199838,162.3514934276718,163.34896932080315,-74.72709901400947,False,-0.04103603195193324,17.060499826410368,-52.449342767181406,0.44399999999996,1,2,failed_breakout_long,161.55283624175217,SL,2022-07-06 04:45:00+00:00,-30.916375824781994,-549.4087315070359,180,False
2022-07-12 07:45:00+00:00,18,GBP_JPY,LONG,162.634,162.3457450659439,162.8997648021683,162.8997648021683,162.8997648021683,1886.92,2,ASIAN,2.5,0.20075916324704826,33.510503149011996,37.976945198914144,163.0580212688712,163.30293646935064,-72.79311062481497,False,-0.034093365192174166,13.429526666645202,-45.90212688711972,0.6960784313725995,7,1,failed_breakout_long,162.3457450659439,SL,2022-07-12 08:00:00+00:00,-28.825493405608423,-543.9140001691065,15,False
2022-07-13 12:45:00+00:00,18,GBP_JPY,LONG,163.137,162.7545659505523,163.45730214834313,163.45730214834313,163.45730214834313,1408.02,3,LONDON,2.5,0.24494894897431294,35.08474014763995,45.47524103214415,163.11974799878232,163.00650011616708,-11.0661471452147,False,-0.01350865131567465,36.769872639438326,-1.1747998782311697,0.17661691542288627,12,2,failed_breakout_long,163.45730214834313,TP3,2022-07-13 13:15:00+00:00,32.0304423184031,450.9950339315793,30,True
2022-07-14 01:15:00+00:00,18,GBP_JPY,SHORT,163.493,163.69341986916925,163.28974039249223,163.28974039249223,163.28974039249223,2709.23,3,ASIAN,2.5,0.15763689988575288,34.2160142728745,58.342787510418695,163.35247452820016,163.16783121043258,16.031875932694106,False,0.0357772224495818,82.14954360069812,17.55254717998298,0.08450704225352676,1,3,failed_breakout_short,163.69341986916925,SL,2022-07-14 02:15:00+00:00,-20.04198691692522,-542.9835221494133,60,False
2022-07-17 23:30:00+00:00,18,GBP_JPY,SHORT,164.38,164.48007845780324,164.2527646265902,164.2527646265902,164.2527646265902,5371.33,2,NY,2.5,0.11128856449178426,12.816954440749026,57.941157287797296,164.30567188661726,164.10122110156433,17.254816864948452,False,0.0054882235212166015,72.4727506718833,10.93281133827304,0.01973684210535911,23,6,failed_breakout_short,164.48007845780324,SL,2022-07-17 23:45:00+00:00,-10.00784578032494,-537.5544227523277,15,False
2022-07-20 07:00:00+00:00,18,GBP_JPY,LONG,165.969,165.70228458306298,166.16714625081107,166.16714625081107,166.16714625081107,1995.31,3,ASIAN,2.5,0.16661434574017922,19.59044292324734,49.259916392764026,165.88993930273892,165.41009048383836,27.173489220965052,False,-0.020751800530066616,30.18844532605925,4.406069726107376,0.04166666666668564,7,2,failed_breakout_long,166.16714625081107,TP3,2022-07-20 07:15:00+00:00,19.814724387105777,395.3651771683603,15,True
2022-07-20 07:15:00+00:00,18,GBP_JPY,LONG,166.058,165.69269282712992,166.27292151861027,166.27292151861027,166.27292151861027,1467.62,4,ASIAN,2.5,0.17557046390159511,18.196679219969226,53.71250620710291,165.89515736929818,165.41618908598923,35.35597923626028,False,-0.010650981781261292,52.72264259027756,12.784263070182078,0.3047945205479389,7,2,failed_breakout_long,165.69269282712992,SL,2022-07-20 07:45:00+00:00,-36.53071728700752,-536.1321130475798,30,False
2022-07-21 01:00:00+00:00,18,GBP_JPY,SHORT,165.609,165.84293379688583,165.47619860934256,165.47619860934256,165.47619860934256,2268.89,3,ASIAN,2.5,0.11559133707365804,17.440429414812904,52.42859447227321,165.61070202520662,165.50761164971456,4.935645349010542,False,0.0036705868867432864,53.350401086310036,3.329797479338481,0.2865853658536628,1,3,failed_breakout_short,165.84293379688583,SL,2022-07-21 02:00:00+00:00,-23.393379688582172,-530.770052416272,60,False
2022-07-21 03:15:00+00:00,18,GBP_JPY,SHORT,165.75,165.93101260973148,165.54796217080553,165.54796217080553,165.54796217080553,2902.91,3,ASIAN,2.5,0.1559519895013269,27.82194637852877,57.02865558806889,165.65172695015676,165.52776836970892,17.46596464853667,False,0.008757065594012521,70.8787471590417,13.327304984323973,0.26356589147282383,3,3,failed_breakout_short,165.54796217080553,TP3,2022-07-21 04:00:00+00:00,20.203852517825254,586.4996551252011,45,True
2022-07-21 13:45:00+00:00,18,GBP_JPY,LONG,165.069,164.5483891065932,165.46483268022038,165.46483268022038,165.46483268022038,1020.59,4,OVERLAP,2.5,0.2879916591840571,34.45121173563352,38.31044401802747,165.55908960060168,165.54720861576266,-42.99551557675443,False,-0.08408321589971897,23.412985923317905,-51.90896006016885,0.6514285714285255,13,3,failed_breakout_long,164.5483891065932,SL,2022-07-21 19:15:00+00:00,-52.06108934067971,-531.330271702043,330,False
2022-07-25 00:30:00+00:00,18,GBP_JPY,SHORT,163.364,163.679802769185,163.16559169244502,163.16559169244502,163.16559169244502,1665.64,4,ASIAN,2.5,0.16484799991498805,20.34603109411577,48.16227559024857,163.54644260215017,164.36208953625047,-30.874797622760752,False,0.016107987716354143,55.06136232600388,-14.744260215016425,0.49473684210523794,0,0,failed_breakout_short,163.16559169244502,TP3,2022-07-25 01:45:00+00:00,19.840949873859916,330.47879747896036,75,True
2022-07-25 02:15:00+00:00,18,GBP_JPY,LONG,163.18699999999998,162.98503285390882,163.41290143827354,163.41290143827354,163.41290143827354,2620.82,2,ASIAN,2.5,0.17386755702648315,22.7659280178029,39.260419343681086,163.47271953278874,164.28688666747604,-51.47344099734141,False,-0.03451931987702351,20.701268131904737,-32.07195327887575,0.2543352601155044,2,0,failed_breakout_long,163.41290143827354,TP3,2022-07-25 06:45:00+00:00,22.590230022301252,592.0492664704757,270,True
2022-07-25 07:15:00+00:00,18,GBP_JPY,SHORT,163.35,163.63309999862705,163.15970000411886,163.15970000411886,163.15970000411886,1890.64,4,ASIAN,2.5,0.16439999745021724,21.049501703016457,53.85271403763102,163.37090898433402,164.10416354300943,-21.366970463947155,False,0.03494447260446261,75.94154062738106,1.4091015665968598,0.4641833810888567,7,0,failed_breakout_short,163.63309999862705,SL,2022-07-25 07:45:00+00:00,-28.309999862705126,-535.2401814042482,30,False
2022-07-26 02:00:00+00:00,18,GBP_JPY,SHORT,164.626,164.83106175852387,164.47181472442836,164.47181472442836,164.47181472442836,2584.04,2,ASIAN,2.5,0.122186122972922,31.7521522012945,55.97706894744361,164.51794430236347,164.3408801570791,14.20472816634799,False,0.02971099494065088,79.7022528969785,14.30556976365267,0.14084507042241118,2,1,failed_breakout_short,164.83106175852387,SL,2022-07-26 02:45:00+00:00,-20.506175852386832,-529.8877864960167,45,False
2022-07-26 07:15:00+00:00,18,GBP_JPY,LONG,164.66899999999998,164.5095129065343,164.85146128039705,164.85146128039705,164.85146128039705,3289.23,5,ASIAN,2.5,0.15283317357913584,25.590139627293404,46.990005555963016,164.63393066964497,164.41393668109524,7.773299236060893,False,-0.017742946644203148,22.763073013241563,0.006933035501788254,0.16862745098030868,7,1,failed_breakout_long,164.5095129065343,SL,2022-07-26 08:00:00+00:00,-15.948709346568537,-524.5897324401362,45,False
2022-07-29 15:00:00+00:00,18,GBP_JPY,SHORT,162.386,162.81224797502736,161.9972560749179,161.9972560749179,161.9972560749179,1218.41,3,OVERLAP,2.5,0.2826033821936596,33.329056510197724,54.162072900759895,162.4230283731601,163.461031508461,23.70515729143392,False,0.03098984423659425,74.37757802307867,-0.802837316010141,0.4226190476190194,15,4,failed_breakout_short,161.9972560749179,TP3,2022-07-31 21:00:00+00:00,38.87471156659173,473.6533731985103,3240,True
2022-08-01 14:15:00+00:00,18,GBP_JPY,SHORT,161.656,162.15435204371923,161.31494386884233,161.31494386884233,161.31494386884233,1051.63,5,OVERLAP,2.5,0.24572522404997924,18.564681774056957,47.85453188545209,161.74828306483346,162.45850794497636,-9.501612170564044,False,-0.015981515424019262,44.03445595443972,-6.328306483345614,0.3819742489270261,14,0,failed_breakout_short,161.31494386884233,TP3,2022-08-01 19:15:00+00:00,34.10593742767452,358.6682697706536,300,True
2022-08-02 13:30:00+00:00,18,GBP_JPY,SHORT,160.284,160.51520198370284,159.94639404889148,159.94639404889148,159.94639404889148,2282.27,3,OVERLAP,2.5,0.24894654116240694,30.184586703820813,60.34039174539594,160.1390455470829,161.245526687335,41.12165870961633,False,0.07142174493623647,88.20403131048057,17.39544529170871,0.23376623376624814,13,1,failed_breakout_short,160.51520198370284,SL,2022-08-02 13:45:00+00:00,-23.12019837028458,-527.665351345494,15,False
2022-08-02 14:00:00+00:00,18,GBP_JPY,SHORT,160.26500000000001,160.59951089411112,159.91746731766665,159.91746731766665,159.91746731766665,1561.65,3,OVERLAP,2.5,0.254591660492076,31.36336765264218,57.69754625003606,160.15729041082128,161.2283400496313,32.19086399446667,False,0.07256355084772526,79.39319738846997,13.670958917873577,0.5514950166112556,14,1,failed_breakout_short,160.59951089411112,SL,2022-08-02 14:30:00+00:00,-33.4510894111105,-522.3889377886072,30,False
2022-08-03 14:30:00+00:00,18,GBP_JPY,SHORT,162.668,163.0631213402086,162.31563597937424,162.31563597937424,162.31563597937424,1308.88,3,OVERLAP,2.5,0.25165391753023925,31.157760020154214,55.768065981672834,162.30560125370314,161.79030428594126,18.565119289428367,False,0.0030172135240501413,75.78450261903438,39.13987462968578,0.5963302752292884,14,2,failed_breakout_short,162.618,TIME,2022-08-03 22:30:00+00:00,5.000000000001137,65.44400000001488,480,True
2022-08-04 00:15:00+00:00,18,GBP_JPY,LONG,162.682,162.35826071182845,162.8682178645146,162.8682178645146,162.8682178645146,1599.5,4,ASIAN,2.5,0.15130153517572165,29.46799513208902,49.756010289700214,162.6016904886026,162.08380351645337,4.914367896230942,False,-0.0028829153137596587,34.15940043729,4.530951139739159,0.7263681592039372,0,3,failed_breakout_long,162.35826071182845,SL,2022-08-04 00:45:00+00:00,-32.373928817153796,-517.820991430375,30,False
2022-08-10 07:30:00+00:00,18,GBP_JPY,SHORT,163.06,163.25171741527384,162.95784775417846,162.95784775417846,162.95784775417846,2673.95,2,ASIAN,2.5,0.09790377122286384,24.153606080131354,49.42207933335906,163.12091747847407,163.05069116312842,-15.441835758056754,False,0.009615434471402184,63.25884050228799,-2.5917478474070776,0.29670329670332757,7,2,failed_breakout_short,163.25171741527384,SL,2022-08-10 08:30:00+00:00,-19.171741527384253,-512.6427825714912,60,False
2022-08-12 00:45:00+00:00,18,GBP_JPY,SHORT,162.343,162.55401288480127,162.1859613455962,162.1859613455962,162.1859613455962,2405.14,4,ASIAN,2.5,0.1286667860594705,26.518477228854607,57.75842138218896,162.19597694387176,162.37978108280745,40.314653588032456,False,0.017026357885166724,75.18094854102974,18.20230561282301,0.2846715328468289,0,4,failed_breakout_short,162.55401288480127,SL,2022-08-12 02:30:00+00:00,-21.101288480127778,-507.51552975094523,105,False
2022-08-12 07:15:00+00:00,18,GBP_JPY,SHORT,162.497,162.79430579528582,162.33008261414258,162.33008261414258,162.33008261414258,1689.98,4,ASIAN,2.5,0.14371076267363814,27.615774779398972,54.047936657448886,162.38464087982854,162.401602150531,44.77724335031894,False,0.010822961136563607,64.82451809163236,14.735912017147257,0.4045801526717342,7,4,failed_breakout_short,162.33008261414258,TP3,2022-08-12 07:45:00+00:00,16.691837354595915,282.0887129252,30,True
2022-08-16 07:15:00+00:00,18,GBP_JPY,LONG,160.771,160.49640261796262,160.95979214611214,160.95979214611214,160.95979214611214,1840.01,3,ASIAN,2.5,0.1483237094979926,10.992161997351516,53.07556733479888,160.686783856322,161.20779583828585,2.778061383909858,False,-0.0068726515830195185,41.94788578956669,4.9216143677995206,0.40145985401443957,7,1,failed_breakout_long,160.95979214611214,TP3,2022-08-16 07:45:00+00:00,18.879317215084534,347.381324689277,30,True
2022-08-17 02:15:00+00:00,18,GBP_JPY,LONG,162.368,162.1532786462025,162.55116406139254,162.55116406139254,162.55116406139254,2369.28,3,ASIAN,2.5,0.14112537133824765,26.783365281102984,47.60029322842464,162.2440551714617,161.72469897490748,27.180314306195896,False,-0.02639927224653161,31.103174603175166,8.894482853830254,0.6823529411765492,2,2,failed_breakout_long,162.55116406139254,TP3,2022-08-17 04:45:00+00:00,18.316483447154617,433.9687790167449,150,True
2022-08-18 06:15:00+00:00,18,GBP_JPY,SHORT,162.598,162.75753950744783,162.45138147765655,162.45138147765655,162.45138147765655,3215.97,3,ASIAN,2.5,0.12021622811738027,30.54919197289066,52.01084646879223,162.6584559176339,162.43303681369207,-27.468727058024456,False,0.021813648548198138,58.262108262111816,-2.5455917633877334,0.3027522935778381,6,3,failed_breakout_short,162.45138147765655,TP3,2022-08-18 06:45:00+00:00,14.661897825107765,471.5222354861182,30,True
2022-08-18 07:00:00+00:00,18,GBP_JPY,LONG,162.569,162.35082769757184,162.73551690728445,162.73551690728445,162.73551690728445,2373.31,5,ASIAN,2.5,0.14024856165229138,29.923192248818914,45.48318513383833,162.64392268624974,162.43590214430498,-35.31647413497012,False,0.0021146494622307846,43.2956792028066,-10.9922686249746,0.07373271889396395,7,3,failed_breakout_long,162.35082769757184,SL,2022-08-18 07:15:00+00:00,-21.81723024281439,-517.7905070757382,15,False
2022-08-18 07:45:00+00:00,18,GBP_JPY,SHORT,162.669,162.81914032377355,162.4575790286793,162.4575790286793,162.4575790286793,3414.22,2,ASIAN,2.5,0.1633320298651921,24.197268198227423,56.314237808177054,162.64102720759436,162.44121261991668,-16.87299179291415,False,0.013490433634252645,68.01413622878914,6.297279240564535,0.052980132450203984,7,3,failed_breakout_short,162.81914032377355,SL,2022-08-18 08:00:00+00:00,-15.014032377354171,-512.6120962341015,15,False
2022-08-19 01:15:00+00:00,18,GBP_JPY,SHORT,162.266,162.47699041219587,162.1060287634124,162.1060287634124,162.1060287634124,2405.26,3,ASIAN,2.5,0.13005362264944637,28.831985803289832,56.04182872541406,162.2370857376241,162.36872510867045,-9.457458816805797,False,0.030692050853621342,64.4282919613514,6.391426237587439,0.6183206106871537,1,4,failed_breakout_short,162.1060287634124,TP3,2022-08-19 04:15:00+00:00,15.997190167674566,384.77401622700927,180,True
2022-08-24 00:15:00+00:00,18,GBP_JPY,LONG,161.856,161.63141878404912,161.9907436478526,161.9907436478526,161.9907436478526,2276.83,3,ASIAN,2.5,0.11315082962305333,26.30628067946511,55.68432974781594,161.70888300846238,161.75155387134748,17.307678965116224,False,-0.004116979535677662,41.79112059331436,11.211699153761856,0.8407079646017632,0,2,failed_breakout_long,161.63141878404912,SL,2022-08-24 01:15:00+00:00,-22.458121595087732,-511.333249913436,60,False
2022-08-24 02:00:00+00:00,18,GBP_JPY,LONG,161.674,161.5587317352104,161.81980479436888,161.81980479436888,161.81980479436888,4391.67,3,ASIAN,2.5,0.11771249175216034,29.274441630087615,43.684942729599605,161.69729239154933,161.74558356014234,-1.1593864798157938,False,-0.019171533308531805,25.995879120878495,-5.8292391549315425,0.17283950617292615,2,2,failed_breakout_long,161.5587317352104,SL,2022-08-24 02:30:00+00:00,-11.526826478961993,-506.22018042863016,30,False
2022-08-26 01:00:00+00:00,18,GBP_JPY,LONG,161.509,161.3284386722757,161.62268398317283,161.62268398317283,161.62268398317283,2775.56,3,ASIAN,2.5,0.09897103720222918,23.785633694465275,47.42282216664364,161.51382944833486,161.56487603680787,-5.399870694031961,False,-0.0036123322437129515,53.651353283917466,-3.9829448334870676,0.10309278350508214,1,4,failed_breakout_long,161.62268398317283,TP3,2022-08-26 02:00:00+00:00,11.368439276220354,315.5378531750617,60,True
2022-08-26 07:45:00+00:00,18,GBP_JPY,LONG,161.614,161.35826353641858,161.7462093907442,161.7462093907442,161.7462093907442,1972.01,2,ASIAN,2.5,0.11365343236546151,18.6874392965867,51.66750937673156,161.55189386938832,161.56766476777864,4.3072809086538655,False,-0.0038841852376157353,57.94772862982696,2.7106130611684875,0.8521126760562577,7,4,failed_breakout_long,161.35826353641858,SL,2022-08-26 08:00:00+00:00,-25.573646358142813,-504.31486354721204,15,False
2022-08-26 14:00:00+00:00,18,GBP_JPY,SHORT,162.186,162.4967643121053,161.93670706368408,161.93670706368408,161.93670706368408,1606.59,2,OVERLAP,2.5,0.21599086533842016,38.595588318644545,65.94721126381026,161.80730211467565,161.64559720012417,25.34115201103475,False,0.021631111029704816,60.84120478770726,40.769788532435314,0.05718954248365505,14,4,failed_breakout_short,161.93670706368408,TP3,2022-08-26 14:30:00+00:00,24.929448800575432,400.5140314851648,30,True
2022-08-30 06:15:00+00:00,18,GBP_JPY,SHORT,162.05,162.22437688931637,161.91886933205092,161.91886933205092,161.91886933205092,2886.14,2,ASIAN,2.5,0.11362850873038775,23.76992244982438,45.939583928312835,162.17566184493177,161.98535496202845,-12.221060122067229,False,0.012895819782081132,69.76042256178258,-9.06618449317591,0.20529801324505803,6,1,failed_breakout_short,162.22437688931637,SL,2022-08-30 06:30:00+00:00,-17.43768893163633,-503.2761153315288,15,False
2022-08-30 07:00:00+00:00,18,GBP_JPY,SHORT,162.169,162.39883984177405,162.0184804746778,162.0184804746778,162.0184804746778,2167.78,2,ASIAN,2.5,0.12884542043755984,28.844982299145894,53.13357497865687,162.1837530089813,161.9931262363964,-0.5194914082409241,False,0.029536835389789497,70.2535049531834,2.024699101869487,0.11224489795914076,7,1,failed_breakout_short,162.39883984177405,SL,2022-08-30 07:30:00+00:00,-22.983984177403727,-498.24221220092255,30,False
2022-09-01 01:45:00+00:00,18,GBP_JPY,SHORT,161.506,161.7326606396866,161.3350180809402,161.3350180809402,161.3350180809402,2176.21,3,ASIAN,2.5,0.13465547370368564,13.999516029180706,54.66619334191251,161.4452914699196,161.60730635639817,20.063104668511755,False,-0.005422568110896586,64.43127394635984,9.570853008040103,0.4800000000000455,1,3,failed_breakout_short,161.3350180809402,TP3,2022-09-01 06:15:00+00:00,17.098270474648366,372.0942718963452,270,True
2022-09-01 06:15:00+00:00,18,GBP_JPY,LONG,161.439,161.32914650008115,161.5625604997566,161.5625604997566,161.5625604997566,4524.04,2,ASIAN,2.5,0.10787078556360405,27.280551327742202,41.33492230184871,161.47517832807895,161.59211827215486,4.292271767661759,False,-0.020357882796968117,40.48916313563753,-7.117832807895752,0.007352941176505931,6,3,failed_breakout_long,161.5625604997566,TP3,2022-09-01 06:30:00+00:00,12.356077287641444,558.993878923814,15,True
2022-09-01 08:45:00+00:00,18,GBP_JPY,LONG,161.476,161.1900398291072,161.68688051267844,161.68688051267844,161.68688051267844,1757.49,2,LONDON,2.5,0.15771174594380397,22.35300224659475,45.75551389172019,161.49737914137327,161.58771488383957,-5.052304095573845,False,-0.0076390527058043224,37.4165818270806,-5.037914137326993,0.22480620155037565,8,3,failed_breakout_long,161.1900398291072,SL,2022-09-01 10:30:00+00:00,-28.596017089279258,-502.572140742374,105,False
2022-09-02 00:30:00+00:00,18,GBP_JPY,LONG,161.73499999999999,161.578990563381,161.85902830985697,161.85902830985697,161.85902830985697,3189.2,3,ASIAN,2.5,0.10580323943527012,34.40120232166427,48.754222685763665,161.64275170533907,161.57471140053994,28.07816872200135,False,-0.022532425139049815,49.54083692364471,5.724829466092274,0.04854368932034013,0,4,failed_breakout_long,161.85902830985697,TP3,2022-09-02 03:15:00+00:00,12.402869875799109,395.5523260789852,165,True
2022-09-07 11:15:00+00:00,18,GBP_JPY,LONG,165.682,165.15333731668872,165.99998804993385,165.99998804993385,165.99998804993385,948.62,3,LONDON,2.5,0.23423069757810785,28.97734781972467,56.36563103942447,165.24266624945685,163.9512193237605,3.1791812059793756,False,-0.02928405230766354,41.04460676982699,41.03337505431455,0.37132352941173435,11,2,failed_breakout_long,165.99998804993385,TP3,2022-09-07 17:00:00+00:00,31.799140204587403,301.65300380875703,345,True
2022-09-08 01:45:00+00:00,18,GBP_JPY,LONG,165.873,165.6461874329359,166.07443770119224,166.07443770119224,166.07443770119224,2224.38,3,ASIAN,2.5,0.1573661959761572,23.64523386117134,44.65378154687426,165.82059366590408,164.7670250557899,16.162575493621034,False,-0.04613752438543983,15.384900994082557,1.7406334095909415,0.39610389610395125,1,3,failed_breakout_long,165.6461874329359,SL,2022-09-08 03:00:00+00:00,-22.681256706408707,-504.51733792601397,75,False
2022-09-09 01:00:00+00:00,18,GBP_JPY,SHORT,165.924,166.09403872747166,165.75788381758497,165.75788381758497,165.75788381758497,2937.4,2,ASIAN,2.5,0.13100049387598198,32.71843795011645,64.66813640547193,165.68421153438018,165.28178429894174,37.507479551968004,False,0.024651377993378076,85.29914529914696,27.478846561982095,0.1648351648350001,1,4,failed_breakout_short,166.09403872747166,SL,2022-09-09 02:00:00+00:00,-17.003872747164905,-499.47175807522194,60,False
2022-09-13 06:15:00+00:00,18,GBP_JPY,SHORT,166.529,166.7423312227585,166.3620063317245,166.3620063317245,166.3620063317245,2317.89,2,ASIAN,2.5,0.13761512798005754,16.80436894712865,49.32694086064078,166.5936756618099,166.1928310074114,-8.44429700137539,False,0.006986255396122111,50.76737542781772,-2.9675661809903886,0.636363636363651,6,1,failed_breakout_short,166.7423312227585,SL,2022-09-13 07:00:00+00:00,-21.333122275851224,-494.4783079197279,45,False
2022-09-15 01:30:00+00:00,18,GBP_JPY,LONG,165.019,164.7685612967505,165.18931610974843,165.18931610974843,165.18931610974843,1954.7,3,ASIAN,2.5,0.13895759174902034,20.031696141177985,45.688133973610526,165.16818372690742,165.667584682635,-27.17923510662672,False,-0.002561611138247988,25.908460632170275,-18.418372690740625,0.6204819277109073,1,3,failed_breakout_long,165.18931610974843,TP3,2022-09-15 02:00:00+00:00,17.031698106427974,332.9186028863476,30,True
2022-09-16 06:30:00+00:00,18,GBP_JPY,LONG,164.11599999999999,163.93104572884968,164.278862813451,164.278862813451,164.278862813451,2664.78,4,ASIAN,2.5,0.13820078927920737,26.666227236115454,39.40303770273506,164.34880004842853,164.94186882107388,-63.148149602369585,False,-0.017850253011977298,25.53805581410465,-26.780004842854055,0.04090909090902808,6,4,failed_breakout_long,163.93104572884968,SL,2022-09-16 06:45:00+00:00,-18.495427115030335,-492.86244267590547,15,False
2022-09-16 15:00:00+00:00,18,GBP_JPY,SHORT,163.278,163.64562086625878,162.99913740122363,162.99913740122363,162.99913740122363,1327.27,3,OVERLAP,2.5,0.20801018019488865,29.857333723288416,51.27247600177015,163.48116006304699,164.43557388528941,16.202562311917745,False,0.0678270090201371,70.020057511604,-17.41600630469975,0.4467213114754466,15,4,failed_breakout_short,162.99913740122363,TP3,2022-09-16 16:15:00+00:00,27.886469980025364,370.1287501038827,75,True
2022-09-19 07:15:00+00:00,18,GBP_JPY,LONG,163.273,163.0776515941213,163.41004521763608,163.41004521763608,163.41004521763608,2516.71,2,ASIAN,2.5,0.11464703948899926,19.031586459619007,49.59182009935434,163.2519367545919,163.84984051669028,7.227267300532958,False,-0.0034745581084679464,28.353983220343327,-1.3936754591895806,0.40350877192974144,7,0,failed_breakout_long,163.41004521763608,TP3,2022-09-19 07:45:00+00:00,13.704576217724314,344.9044401290896,30,True
2022-09-23 01:30:00+00:00,18,GBP_JPY,LONG,159.852,159.69447720769128,160.07956837692623,160.07956837692623,160.07956837692623,3142.94,2,ASIAN,2.5,0.17282804285909462,36.8024171363612,33.555177331869245,160.35577230842063,161.69692821315275,-62.7394674943929,False,-0.04955637399298769,10.531017497057933,-53.87723084206186,0.20833333333333334,1,4,failed_breakout_long,159.69447720769128,SL,2022-09-23 02:15:00+00:00,-15.752279230872546,-495.0846848587856,45,False
2022-09-27 13:45:00+00:00,18,GBP_JPY,LONG,155.94,155.3293728039476,156.39288158815728,156.39288158815728,156.39288158815728,802.67,2,OVERLAP,2.5,0.31959336409736383,27.8832110447263,51.36876342292152,155.73156980985962,155.97218367644368,-0.353513472023792,False,-0.03065857483726303,45.91916124450098,17.943019014037986,0.4865771812080851,13,1,failed_breakout_long,155.3293728039476,SL,2022-09-27 16:00:00+00:00,-61.06271960524054,-490.13213145538424,135,False
2022-10-03 14:30:00+00:00,18,GBP_JPY,SHORT,162.806,163.3246322645655,162.3321032063035,162.3321032063035,162.3321032063035,935.6,2,OVERLAP,2.5,0.33717420562165623,31.427853228800277,58.42634314897638,162.23503010351703,160.72581386405145,24.067421387778154,False,0.017397881036926854,71.56687340163951,59.99698964829747,0.5276243093922383,14,0,failed_breakout_short,163.3246322645655,SL,2022-10-03 15:00:00+00:00,-51.86322645654968,-485.23234672747884,30,False
2022-10-04 01:15:00+00:00,18,GBP_JPY,SHORT,163.836,164.0706727835375,163.61098164938753,163.61098164938753,163.61098164938753,2047.02,2,ASIAN,2.5,0.17174945514106194,31.699145261889225,62.045302032588154,163.36955736518257,161.70265341076302,89.5471674045865,False,-0.0060307583267680265,75.10714285714432,50.14426348174368,0.5231788079468466,1,1,failed_breakout_short,163.61098164938753,TP3,2022-10-04 01:45:00+00:00,22.50194498609096,460.61931425427923,30,True
2022-10-10 01:15:00+00:00,18,GBP_JPY,SHORT,161.343,161.51238042969632,161.10685871091098,161.10685871091098,161.10685871091098,2863.29,3,ASIAN,2.5,0.17613508372176,35.859486444693914,61.66897529288098,161.27316032413842,162.0782868241832,-18.649285051643005,False,0.06191772763350019,83.77905018931932,10.48396758615695,0.1982758620691535,1,0,failed_breakout_short,161.51238042969632,SL,2022-10-10 01:45:00+00:00,-16.938042969633216,-484.9852905452109,30,False
2022-10-10 07:30:00+00:00,18,GBP_JPY,SHORT,161.038,161.44653279958987,160.77440160123044,160.77440160123044,160.77440160123044,1175.27,3,ASIAN,2.5,0.2064180563811718,25.374830526416027,48.52401559541963,161.17965437657105,161.87169690063527,-40.325487277172556,False,0.017541863910818162,73.795018687667,-10.665437657104349,0.8476821192052401,7,0,failed_breakout_short,160.77440160123044,TP3,2022-10-10 08:00:00+00:00,26.360064164481752,309.8019261059047,30,True
2022-10-10 09:15:00+00:00,18,GBP_JPY,SHORT,160.946,161.53650791365519,160.59547625903446,160.59547625903446,160.59547625903446,818.34,3,LONDON,2.5,0.2489432682167667,30.85372633276815,48.904834826128734,161.09780994242863,161.80205652543108,11.820331328900124,False,-0.0032996941904283733,55.44517984709426,-12.28099424286313,0.21428571428572465,9,0,failed_breakout_short,160.91,TIME,2022-10-10 17:15:00+00:00,3.6000000000001364,29.460240000001118,480,True
2022-10-13 01:00:00+00:00,18,GBP_JPY,SHORT,163.031,163.23137045044174,162.83388864867473,162.83388864867473,162.83388864867473,2413.17,3,ASIAN,2.5,0.1521165508204109,20.189556980092227,60.89892411707523,162.65072137302218,161.77370246206306,68.06841523296328,False,0.001965610620279515,78.30535897341053,41.527862697782325,0.21186440677971818,1,3,failed_breakout_short,162.83388864867473,TP3,2022-10-13 01:15:00+00:00,19.711216814030074,475.6651707911296,15,True
2022-10-13 01:45:00+00:00,18,GBP_JPY,LONG,162.907,162.65997781354938,163.11206655935192,163.11206655935192,163.11206655935192,1976.69,3,ASIAN,2.5,0.1646126319797514,19.010028354389856,50.28221360532484,162.66871784468032,161.8042992163797,47.09042335028357,False,-0.02409712135218453,14.955742104962427,20.328215531969818,0.4598214285714886,1,3,failed_breakout_long,162.65997781354938,SL,2022-10-13 03:45:00+00:00,-24.702218645063567,-488.286285735107,120,False
2022-10-13 07:15:00+00:00,18,GBP_JPY,LONG,162.517,162.339904211662,162.70128736501405,162.70128736501405,162.70128736501405,2729.61,5,ASIAN,2.5,0.14932074977061036,25.982058559610962,37.521596389137216,162.6750208395738,161.98062358484918,4.116734579071135,False,-0.03362936512790052,25.383101018695942,-19.302083957379068,0.18421052631577373,7,3,failed_breakout_long,162.70128736501405,TP3,2022-10-13 07:30:00+00:00,18.428804015579942,503.0344772896717,15,True
2022-10-14 00:15:00+00:00,18,GBP_JPY,LONG,166.57,166.3121813325383,166.84645600238505,166.84645600238505,166.84645600238505,1894.48,3,ASIAN,2.5,0.20937752528599496,30.897974631441727,51.289184275285656,166.0367398753093,163.84870992957394,102.949675974088,False,-0.07711272193300486,20.500877476122003,49.826012469068814,0.3793103448275609,0,4,failed_breakout_long,166.84645600238505,TP3,2022-10-14 01:30:00+00:00,27.645746165621883,523.7431319584734,75,True
2022-10-17 00:00:00+00:00,18,GBP_JPY,SHORT,166.933,167.22432560039127,166.6010231988262,166.6010231988262,166.6010231988262,1694.56,2,ASIAN,2.5,0.2402475435837733,30.297020553510592,61.08264123864162,166.46142017867962,165.42683301982876,76.67681878962753,False,0.03813648803433886,79.48994904022167,50.657982132037205,0.6010928961749619,0,0,failed_breakout_short,167.22432560039127,SL,2022-10-17 05:00:00+00:00,-29.132560039127497,-493.6687093990389,300,False
2022-10-18 07:30:00+00:00,18,GBP_JPY,LONG,168.914,168.52652726718063,169.28841819845815,169.28841819845815,169.28841819845815,1261.34,4,ASIAN,2.5,0.2700207895217068,30.596701104686005,44.02259496486084,169.04207160786748,167.79688821059926,0.8234212670146235,False,-0.06008168636218872,35.87203961537844,-16.307160786749364,0.49568965517233193,7,1,failed_breakout_long,168.52652726718063,SL,2022-10-18 08:45:00+00:00,-38.747273281936145,-488.73485681437336,75,False
2022-10-19 13:45:00+00:00,18,GBP_JPY,SHORT,168.262,168.76491655583706,167.93725033248882,167.93725033248882,167.93725033248882,962.08,3,OVERLAP,2.5,0.24184503226882798,29.684511634711747,46.40566327666632,168.53934798161185,168.42391044791606,-3.2383857974735974,False,0.04568256035094531,61.724085059344134,-24.834798161185745,0.8124999999999167,13,2,failed_breakout_short,167.93725033248882,TP3,2022-10-19 16:15:00+00:00,32.47530430066478,312.43840761583573,150,True
2022-10-21 08:15:00+00:00,18,GBP_JPY,LONG,168.133,167.95546277213992,168.4116116835802,168.4116116835802,168.4116116835802,2742.92,3,LONDON,2.5,0.2071405660258192,20.209793538201996,42.72078379054595,168.37801760072662,168.36627991601466,-1.0458470350300786,False,-0.014152268287375085,12.66250620145761,-27.401760072660863,0.13675213675219386,8,4,failed_breakout_long,167.95546277213992,SL,2022-10-21 08:30:00+00:00,-17.753722786008552,-486.9704130419858,15,False
2022-10-26 01:00:00+00:00,18,GBP_JPY,LONG,169.474,169.31846098756637,169.66261703730092,169.66261703730092,169.66261703730092,3099.55,4,ASIAN,2.5,0.14964388023390757,24.316682072683,41.453135757404524,169.4640473079801,168.82381120068163,6.720984446096168,False,-0.036564883625724416,41.929346581621,-2.5047307980116784,0.07643312101911981,1,2,failed_breakout_long,169.66261703730092,TP3,2022-10-26 01:15:00+00:00,18.861764583132015,584.6298241364684,15,True
2022-10-26 01:15:00+00:00,18,GBP_JPY,LONG,169.645,169.29817805988304,169.83446582035089,169.83446582035089,169.83446582035089,1406.91,3,ASIAN,2.5,0.15645503164577163,22.582807040717327,51.42857939137889,169.4697709429613,168.83163397480422,23.412662872866008,False,-0.023544897975678585,44.68521175937167,14.022905703870947,0.7102040816326668,1,2,failed_breakout_long,169.83446582035089,TP3,2022-10-26 02:00:00+00:00,18.94671670313337,266.5632519680537,45,True
2022-10-31 08:15:00+00:00,18,GBP_JPY,LONG,171.401,171.17802428512343,171.57292714462977,171.57292714462977,171.57292714462977,2200.3,3,LONDON,2.5,0.13709775619937925,34.67018972466442,44.72324296938956,171.3636758649588,170.49486795282917,4.592586566985801,False,-0.022262199802789484,32.548593780313745,0.832413504122087,0.269662921348329,8,0,failed_breakout_long,171.17802428512343,SL,2022-10-31 08:45:00+00:00,-22.29757148765827,-490.613465442945,30,False
2022-11-01 01:00:00+00:00,18,GBP_JPY,SHORT,170.65800000000002,170.83530837936337,170.50307486190985,170.50307486190985,170.50307486190985,2739.33,3,ASIAN,2.5,0.13085841881771992,22.29957849497515,55.74967600855871,170.71374398545325,170.6469365724158,-30.88691709686202,False,0.040302224022906126,76.23005174925036,-2.0743985453236746,0.24731182795693832,1,1,failed_breakout_short,170.50307486190985,TP3,2022-11-01 01:15:00+00:00,15.492570364866923,424.3926277759091,15,True
2022-11-01 01:30:00+00:00,18,GBP_JPY,LONG,170.517,170.34449430554892,170.70551708335324,170.70551708335324,170.70551708335324,2840.2,5,ASIAN,2.5,0.1513677182662999,24.828688933051286,43.700207917718515,170.69535921148528,170.64352281389665,-50.04890601631473,False,0.011938253936253074,44.256868395776074,-21.335921148528314,0.09890109890109375,1,1,failed_breakout_long,170.70551708335324,TP3,2022-11-01 04:30:00+00:00,18.85177470990514,535.4281053107258,180,True
2022-11-01 22:30:00+00:00,18,GBP_JPY,SHORT,170.102,170.34401418346962,169.93295744959119,169.93295744959119,169.93295744959119,2046.59,3,NY,2.5,0.13331205501498344,19.93553247942189,51.22789850467944,170.12458519606358,170.36716115298012,13.007514306323742,False,-0.005635112662452833,22.476029328817038,1.2414803936422913,0.6020408163265987,22,1,failed_breakout_short,169.93295744959119,TP3,2022-11-01 23:00:00+00:00,16.904337638055853,345.9624836666873,30,True
2022-11-07 07:45:00+00:00,18,GBP_JPY,LONG,166.758,166.53644340073163,166.93166979780514,166.93166979780514,166.93166979780514,2251.18,2,ASIAN,2.5,0.14010511292698583,24.526653246569122,52.86764877695198,166.58812303419333,166.68430932526496,53.85972704036135,False,-0.02169619721042825,44.35786435786732,13.487696580668285,0.5032679738564106,7,0,failed_breakout_long,166.93166979780514,TP3,2022-11-07 08:00:00+00:00,17.3670569266312,390.9637121209362,15,True
2022-11-08 01:15:00+00:00,18,GBP_JPY,SHORT,168.867,169.0893371419065,168.6729885742805,168.6729885742805,168.6729885742805,2260.86,3,ASIAN,2.5,0.15384040639776536,24.388547155899868,57.51379852260389,168.49804778202773,167.54474475623144,81.31266939797399,False,-0.007755634371138298,79.9131132766789,40.3952217972261,0.6331360946745105,1,1,failed_breakout_short,168.6729885742805,TP3,2022-11-08 02:15:00+00:00,19.401228385057117,438.6346120664024,60,True
2022-11-08 07:15:00+00:00,18,GBP_JPY,LONG,168.567,168.36078064579561,168.73065806261317,168.73065806261317,168.73065806261317,2458.84,4,ASIAN,2.5,0.13476451495101008,30.810450765710524,44.22904318869957,168.5723635522507,167.77882503055397,33.91133165385156,False,-0.011783435618205967,41.35141607238096,-4.036355225068178,0.4909090909092193,7,1,failed_breakout_long,168.36078064579561,SL,2022-11-08 07:30:00+00:00,-20.621935420439286,-507.0603968919294,15,False
2022-11-10 01:45:00+00:00,18,GBP_JPY,SHORT,166.478,166.6060015163554,166.2909954509338,166.2909954509338,166.2909954509338,3921.75,4,ASIAN,2.5,0.1452171018028986,37.06766799521487,58.69312876300226,166.51583262651525,167.2222113985288,-26.898517136703504,False,0.04754496403249535,79.57923614915218,-0.2832626515242964,0.1376146788989821,1,3,failed_breakout_short,166.6060015163554,SL,2022-11-10 02:30:00+00:00,-12.800151635539692,-501.98994676677785,45,False
2022-11-10 02:45:00+00:00,18,GBP_JPY,SHORT,166.505,166.69091635799217,166.30625092602352,166.30625092602352,166.30625092602352,2673.08,3,ASIAN,2.5,0.15398752198543772,31.198706670236483,56.96871254444056,166.51220462646535,167.19347668922288,-23.02400195330847,False,0.03356538161375681,53.47220755075975,2.779537353464434,0.47692307692318453,2,3,failed_breakout_short,166.69091635799217,SL,2022-11-10 03:30:00+00:00,-18.591635799216988,-496.96929822170944,45,False
2022-11-14 01:15:00+00:00,18,GBP_JPY,LONG,164.19,163.81077117082495,164.5906864875251,164.5906864875251,164.5906864875251,1297.37,3,ASIAN,2.5,0.2877821113250558,29.6188303597105,45.1826863745181,164.33254928272717,165.24519621946897,-3.7759983680274445,False,-0.048786470234890605,17.56567683316079,-17.754928272717052,0.15810276679837856,1,0,failed_breakout_long,163.81077117082495,SL,2022-11-14 01:45:00+00:00,-37.92288291750481,-492.0001061068321,30,False
2022-11-14 07:15:00+00:00,18,GBP_JPY,LONG,164.016,163.5878469032108,164.2634592903676,164.2634592903676,164.2634592903676,1137.63,2,ASIAN,2.5,0.1881414654656524,25.8546016625826,50.368322050209564,164.06955515710644,164.96003983273,-16.137172508530284,False,0.012348673123246917,62.51861201426565,-8.855515710644113,0.5537634408602405,7,0,failed_breakout_long,164.2634592903676,TP3,2022-11-14 07:45:00+00:00,24.746146558529382,281.51958709379784,30,True
2022-11-15 01:00:00+00:00,18,GBP_JPY,SHORT,164.811,165.12171428548226,164.57685714355324,164.57685714355324,164.57685714355324,1576.67,3,ASIAN,2.5,0.17568367303847346,28.30571634451225,55.06720817451819,164.72658244075606,164.91170747859104,-17.027380763218503,False,0.057904593695129195,71.97370200735561,11.941755924394215,0.16535433070854336,1,1,failed_breakout_short,165.12171428548226,SL,2022-11-15 02:30:00+00:00,-31.071428548224844,-489.8938924912967,90,False
2022-11-15 18:45:00+00:00,18,GBP_JPY,LONG,164.826,164.56083110606968,165.22050668179094,165.22050668179094,165.22050668179094,1829.01,2,NY,2.5,0.2866708030134398,33.84732222220876,32.23828249084552,165.3561632206007,165.1179253826923,-60.84119101012391,False,-0.12266897207157011,13.786795916580175,-56.516322060070934,0.0962199312714498,18,1,failed_breakout_long,164.56083110606968,SL,2022-11-15 19:00:00+00:00,-26.51688939303085,-484.99655868747357,15,False
2022-11-16 13:45:00+00:00,18,GBP_JPY,SHORT,165.905,166.42769210330238,165.62892369009288,165.62892369009288,165.62892369009288,918.6,3,OVERLAP,2.5,0.2174281918472703,23.151066160178456,50.151397187482694,165.82393093668355,165.42284133095848,1.6421120792671218,False,0.00016479383523428093,57.1980969957321,11.006906331644473,0.5125000000000239,13,2,failed_breakout_short,165.62892369009288,TP3,2022-11-16 14:00:00+00:00,27.607931531002023,253.60645904378458,15,True
2022-11-17 09:45:00+00:00,18,GBP_JPY,LONG,165.972,165.69648814528028,166.2025355641591,166.2025355641591,166.2025355641591,1751.95,2,LONDON,2.5,0.17187915876513868,31.91401484898533,45.27464345715376,165.9860324849502,165.70939989736195,-14.686009913077669,False,-0.024623075577805867,23.93897321979452,-4.303248495017442,0.27388535031854283,9,3,failed_breakout_long,165.69648814528028,SL,2022-11-17 11:15:00+00:00,-27.551185471972417,-482.6829938762208,90,False
2022-11-18 08:30:00+00:00,18,GBP_JPY,SHORT,166.49,166.7321328474873,166.2846014575381,166.2846014575381,166.2846014575381,1973.53,3,LONDON,2.5,0.16110385961928486,25.30756440937419,52.9917922091361,166.3940419701143,166.02709054875743,-5.507180681942714,False,0.013113425761673517,67.28188612246456,12.495802988570404,0.17857142857137873,8,4,failed_breakout_short,166.7321328474873,SL,2022-11-18 08:45:00+00:00,-24.21328474872837,-477.85643850157896,15,False
2022-11-18 14:45:00+00:00,18,GBP_JPY,LONG,166.358,166.09445674246865,166.630629772594,166.630629772594,166.630629772594,1795.06,3,OVERLAP,2.5,0.1975803354153302,28.731499801539428,40.788851867098685,166.54601495490428,166.16848278588688,-33.114452821342866,False,-0.05183324874409514,27.096368402242614,-21.70149549042719,0.1812080536913763,14,4,failed_breakout_long,166.630629772594,TP3,2022-11-18 15:15:00+00:00,27.263129137205112,489.38952589031413,30,True
2022-11-22 00:30:00+00:00,18,GBP_JPY,SHORT,168.055,168.25755366651515,167.89633900045462,167.89633900045462,167.89633900045462,2359.72,4,ASIAN,2.5,0.13395680924237552,21.608140130726834,63.36624383853566,167.69602528784708,166.9690926577631,65.41109486796302,False,-0.0019841059373930797,68.21695109442422,39.39747121529251,0.3908629441624219,0,1,failed_breakout_short,167.89633900045462,TP3,2022-11-22 07:15:00+00:00,15.866167191753375,374.3971204572427,405,True
2022-11-24 01:30:00+00:00,18,GBP_JPY,LONG,167.938,167.65989729979069,168.15530810062796,168.15530810062796,168.15530810062796,1732.15,3,ASIAN,2.5,0.16604787181731093,35.76687365716527,36.04726449092883,168.19767500890788,167.97490980869011,-49.2042917984719,False,-0.026938984481364954,23.153918725077087,-29.467500890788756,0.2826086956520709,1,3,failed_breakout_long,167.65989729979069,SL,2022-11-24 04:15:00+00:00,-27.81027002093026,-481.71559216754355,165,False
2022-11-24 08:15:00+00:00,18,GBP_JPY,SHORT,167.761,168.13898441012313,167.5590467696306,167.5590467696306,167.5590467696306,1261.69,2,LONDON,2.5,0.16575676165724182,28.834146014504444,46.36080213419877,167.96478854172304,167.94465650251257,-15.287562628262208,False,0.011026654285711077,76.87554735762987,-17.478854172304636,0.7899686520376058,8,3,failed_breakout_short,167.5590467696306,TP3,2022-11-24 09:00:00+00:00,20.195483102588696,254.80439075705132,45,True
2022-11-30 01:00:00+00:00,18,GBP_JPY,SHORT,165.92600000000002,166.19563796208632,165.73108611374101,165.73108611374101,165.73108611374101,1778.11,4,ASIAN,2.5,0.1513276438746098,35.937344436595986,57.17716735968587,165.85553918917955,166.39324659133143,4.561787326582589,False,0.035842141087780034,58.99630681296023,10.546081082046044,0.30952380952369674,1,2,failed_breakout_short,166.19563796208632,SL,2022-11-30 03:00:00+00:00,-26.963796208630697,-479.44595676528326,120,False
2022-11-30 19:00:00+00:00,18,GBP_JPY,LONG,166.22899999999998,165.9305761567821,166.54327152965368,166.54327152965368,166.54327152965368,1590.53,2,NY,2.5,0.23300142311894395,28.844745382080585,42.27609591861831,166.43079963174526,166.3862234377002,-35.667511243997296,False,-0.05094158539418392,38.01321484232337,-23.679963174527074,0.6042553191489568,19,2,failed_breakout_long,166.54327152965368,TP3,2022-11-30 23:00:00+00:00,31.42735055455652,499.8614387753878,240,True
2022-12-07 15:15:00+00:00,18,GBP_JPY,LONG,167.018,166.3828467681044,167.34345969568685,167.34345969568685,167.34345969568685,755.17,4,OVERLAP,2.5,0.249856002091847,32.28618498573637,51.79515353366846,166.85012610260628,166.52428950471838,0.538229098791021,False,-0.05021290303375354,69.39954237992916,13.887389739372225,0.8896713615022919,15,2,failed_breakout_long,166.3828467681044,SL,2022-12-07 16:30:00+00:00,-63.515323189560036,-479.6486661306005,75,False
2022-12-08 07:15:00+00:00,18,GBP_JPY,LONG,166.988,166.68621313178545,167.1653606046437,167.1653606046437,167.1653606046437,1573.47,3,ASIAN,2.5,0.142675612398481,17.153833900685754,55.35986561538258,166.80477659383894,166.61804201117153,14.14628923581347,False,-0.014141171508897862,54.4212146408644,14.822340616106544,0.14649681528658962,7,3,failed_breakout_long,166.68621313178545,SL,2022-12-08 08:45:00+00:00,-30.178686821454903,-474.85258352954645,90,False
2022-12-08 14:15:00+00:00,18,GBP_JPY,SHORT,166.802,167.03256663002745,166.5443001099177,166.5443001099177,166.5443001099177,2038.91,2,OVERLAP,2.5,0.18719517005093864,35.302247103368614,56.15026510788568,166.71347693307257,166.63114877058214,13.414166653649318,False,0.04427569373364165,74.31164843571537,11.752306692741854,0.11764705882367693,14,3,failed_breakout_short,167.03256663002745,SL,2022-12-08 17:45:00+00:00,-23.056663002745378,-470.10460762927585,210,False
2022-12-09 13:45:00+00:00,18,GBP_JPY,SHORT,166.89600000000002,167.06709747264708,166.60370758205883,166.60370758205883,166.60370758205883,2720.11,4,OVERLAP,2.5,0.21675244920167563,25.87985479639861,56.0620824854953,166.83956764698928,166.80834971472012,12.903379233685541,False,0.029189873425317828,68.76486280487971,8.543235301073082,0.06799999999998363,13,4,failed_breakout_short,167.06709747264708,SL,2022-12-09 14:00:00+00:00,-17.109747264706243,-465.403946322001,15,False
2022-12-12 01:00:00+00:00,18,GBP_JPY,LONG,167.43699999999998,167.11338739989355,167.62283780031933,167.62283780031933,167.62283780031933,1423.77,4,ASIAN,2.5,0.16135197162626636,28.90196238454996,51.42557300844616,167.3346269568025,167.04750246157178,19.76409722695962,False,-0.01306460337103858,40.157713194149956,6.73730431974775,0.5420289855072,1,0,failed_breakout_long,167.11338739989355,SL,2022-12-12 07:00:00+00:00,-32.36126001064292,-460.7499116535307,360,False
2022-12-13 01:15:00+00:00,18,GBP_JPY,SHORT,168.952,169.20888286257102,168.7293514122869,168.7293514122869,168.7293514122869,1775.68,2,ASIAN,2.5,0.16578245906049274,29.266344768207784,56.722469568784675,168.66148424498002,167.85345730656718,61.079529334091376,False,0.013259222590815162,68.51694533800432,32.55157550199783,0.14772727272734246,1,1,failed_breakout_short,169.20888286257102,SL,2022-12-13 07:00:00+00:00,-25.68828625710182,-456.14176141010563,345,False
2022-12-14 08:15:00+00:00,18,GBP_JPY,SHORT,167.434,167.65868263464458,167.24195209606626,167.24195209606626,167.24195209606626,2009.86,3,LONDON,2.5,0.14976775005422335,23.644537205420527,52.7127503867409,167.49149184493805,167.83060672760223,-5.750414481838106,False,0.01836776599667452,75.66625739328738,-2.8491844938059785,0.4861878453038787,8,2,failed_breakout_short,167.24195209606626,TP3,2022-12-14 10:00:00+00:00,19.204885946250368,385.99132067930765,105,True
2022-12-19 02:15:00+00:00,18,GBP_JPY,SHORT,165.788,166.19996529828128,165.46310410515616,165.46310410515616,165.46310410515616,1105.53,4,ASIAN,2.5,0.2390784110938052,29.6580516634033,48.152442780414376,166.10336044110744,167.00357712389643,-63.39591205330066,False,0.03956172009194875,68.9576520931732,-28.03604411074332,0.9122807017543444,2,0,failed_breakout_short,166.19996529828128,SL,2022-12-19 09:00:00+00:00,-41.196529828127375,-455.4399962088966,405,False
2022-12-19 22:30:00+00:00,18,GBP_JPY,LONG,166.201,165.9871120914406,166.36366372567818,166.36366372567818,166.36366372567818,2108.05,2,NY,2.5,0.12636325875315638,35.056144774366956,40.630796909194565,166.28013271667334,166.5504732554253,-7.3641903586349144,False,-0.03288999265836863,27.309195224438568,-11.413271667333902,0.7678571428570975,22,0,failed_breakout_long,166.36366372567818,TP3,2022-12-19 23:00:00+00:00,16.26644973094363,342.90489355315725,30,True
2022-12-21 07:15:00+00:00,18,GBP_JPY,LONG,160.634,160.38905171952635,160.87784484142097,160.87784484142097,160.87784484142097,1854.74,3,ASIAN,2.5,0.18361823516536546,18.276341876095742,48.12145369946871,160.64301734020137,162.50231316074687,14.98676755878705,False,-0.04108318823185008,34.19796607338808,-4.401734020137837,0.7077922077920975,7,2,failed_breakout_long,160.38905171952635,SL,2022-12-21 07:45:00+00:00,-24.49482804736363,-454.31537372567215,30,False
2022-12-22 13:45:00+00:00,18,GBP_JPY,LONG,159.253,158.88742318054085,159.51973045837744,159.51973045837744,159.51973045837744,1230.31,3,OVERLAP,2.5,0.19571409328126874,28.680867609671623,42.96019496960342,159.55097386636336,160.56002946678475,-25.622432991022492,False,-0.010012157407032346,48.60834806955577,-32.697386636337455,0.2768361581919788,13,3,failed_breakout_long,158.88742318054085,SL,2022-12-22 14:15:00+00:00,-36.55768194591359,-449.77281674876957,30,False
2022-12-23 08:30:00+00:00,18,GBP_JPY,SHORT,159.779,160.06342498847684,159.59072503456954,159.59072503456954,159.59072503456954,1565.53,3,LONDON,2.5,0.1420035500283673,29.24013673712163,55.61286489617944,159.6064025869647,159.98053637056415,-9.618587248630206,False,0.004753742956983692,71.92658370062968,20.159741303530154,0.6476190476192255,8,4,failed_breakout_short,160.06342498847684,SL,2022-12-23 09:45:00+00:00,-28.442498847684305,-445.2758522101521,75,False
2022-12-27 08:45:00+00:00,18,GBP_JPY,LONG,160.678,160.41084799552476,160.8594560134257,160.8594560134257,160.8594560134257,1650.08,2,LONDON,2.5,0.14592515116829227,20.63811659057032,51.13747875485773,160.5554977659345,160.2820483518851,1.2835712954995415,False,-0.01616585465761894,44.481224024419724,9.350223406551095,0.23287671232871734,8,1,failed_breakout_long,160.8594560134257,TP3,2022-12-27 10:15:00+00:00,18.14571131057991,299.4187531936169,90,True
2022-12-27 16:00:00+00:00,18,GBP_JPY,LONG,160.393,160.17248687288674,160.60253938133985,160.60253938133985,160.60253938133985,2012.65,3,OVERLAP,2.5,0.15988152178180717,19.653366135420697,44.97417518757267,160.48797596691367,160.33319572515174,-11.66767002374911,False,-0.00040882964064055394,36.70673298333091,-12.397596691366175,0.5087719298246868,16,1,failed_breakout_long,160.60253938133985,TP3,2022-12-27 20:15:00+00:00,20.954042245172573,421.7315312474658,255,True
2023-01-02 05:15:00+00:00,18,GBP_JPY,LONG,158.06199999999998,157.8005011042763,158.2714966871711,158.2714966871711,158.2714966871711,1713.33,3,ASIAN,2.5,0.15999794920116778,21.315783983622573,44.39050834029722,158.32294097615141,159.36623799984173,-71.11011194643879,False,0.010762978484942592,69.63369963369801,-29.5940976151428,0.2479338842973343,5,0,failed_breakout_long,157.8005011042763,SL,2023-01-02 08:45:00+00:00,-26.149889572369037,-448.03390301027036,210,False
2023-01-05 08:30:00+00:00,18,GBP_JPY,SHORT,159.43200000000002,159.69427456083056,159.1451763175083,159.1451763175083,159.1451763175083,1691.18,2,LONDON,2.5,0.21408132725677315,27.277585968314472,55.04896817640972,159.2322750308565,158.33708100309053,1.8580628103507024,False,0.019652256232536736,82.61975737325484,22.87249691435136,0.3576923076922791,8,3,failed_breakout_short,159.1451763175083,TP3,2023-01-05 11:15:00+00:00,28.682537848909465,485.0733435931871,165,True
2023-01-06 07:15:00+00:00,18,GBP_JPY,LONG,159.691,159.2704895168926,159.9215314493222,159.9215314493222,159.9215314493222,1066.33,4,ASIAN,2.5,0.18466232577089137,30.956183641473615,57.00325381663047,159.35723564453295,158.86787617402206,40.21771051789642,False,-0.026662521289369384,39.466972126765604,29.876435546705693,0.6126760563380077,7,4,failed_breakout_long,159.9215314493222,TP3,2023-01-06 08:00:00+00:00,23.053361123689164,245.82490567023464,45,True
2023-01-10 01:45:00+00:00,18,GBP_JPY,LONG,160.218,159.98592779195238,160.4892166241428,160.4892166241428,160.4892166241428,1942.77,3,ASIAN,2.5,0.20541981494555983,34.72957751098219,38.9470444745432,160.51157206828742,160.00822732825648,-45.768133187303306,False,-0.053521666889626784,14.495882678973516,-32.85720682874285,0.36486486486480085,1,1,failed_breakout_long,160.4892166241428,TP3,2023-01-10 04:00:00+00:00,27.1218020173358,526.9142330521947,135,True
2023-01-10 07:15:00+00:00,18,GBP_JPY,SHORT,160.449,160.658694564338,160.24791630698604,160.24791630698604,160.24791630698604,2175.22,4,ASIAN,2.5,0.15728990519912142,22.222271729885815,51.109693121003986,160.47251438916365,160.09270484837393,-11.488817619789415,False,0.016446479679594304,55.55230286666548,1.1485610836359683,0.5384615384616366,7,1,failed_breakout_short,160.658694564338,SL,2023-01-10 07:45:00+00:00,-20.969456433797973,-456.13181023926023,30,False
2023-01-10 15:00:00+00:00,18,GBP_JPY,LONG,160.623,160.22606851238513,160.83979446284462,160.83979446284462,160.83979446284462,1137.65,3,OVERLAP,2.5,0.17637276271334992,19.435299919675142,53.908722099051694,160.5125132908672,160.21048490331293,8.854040908866523,False,-0.008254574653910302,52.050455440902816,8.148670913280398,0.3864306784660789,15,1,failed_breakout_long,160.83979446284462,TP3,2023-01-10 16:15:00+00:00,21.679636847872732,246.63838859982417,75,True
2023-01-11 01:00:00+00:00,18,GBP_JPY,SHORT,160.75900000000001,160.90495842396476,160.58412472810576,160.58412472810576,160.58412472810576,3110.72,3,ASIAN,2.5,0.13799421593453376,30.717358252087127,57.6354050474457,160.63648647780852,160.36195039127105,22.173025435486693,False,0.02594694662909805,78.19108031888327,15.75135221914934,0.11504424778740584,1,2,failed_breakout_short,160.90495842396476,SL,2023-01-11 02:00:00+00:00,-14.595842396474266,-454.0357885956043,60,False
2023-01-11 15:15:00+00:00,18,GBP_JPY,SHORT,160.779,161.08842916138877,160.5487125158337,160.5487125158337,160.5487125158337,1452.66,3,OVERLAP,2.5,0.17322558543627317,23.99004050640985,50.596760297445115,160.799374520673,160.57384529327237,-1.3379185141388916,False,0.025609093887807886,71.69396497588771,0.8625479326980212,0.6179775280899737,15,2,failed_breakout_short,160.5487125158337,TP3,2023-01-11 23:00:00+00:00,23.028906944767158,334.53171962385466,465,True
2023-01-16 22:15:00+00:00,18,GBP_JPY,LONG,156.736,156.57303475054593,156.85689574836218,156.85689574836218,156.85689574836218,2778.76,4,NY,2.5,0.09964974898610407,22.61157177931317,46.828287202083274,156.7195002034981,157.0919350238876,-1.8788448873692687,False,-0.011801013705760102,68.83107874875712,-1.850020349809256,0.5681818181821705,22,0,failed_breakout_long,156.57303475054593,SL,2023-01-16 23:00:00+00:00,-16.296524945406077,-452.8413165729659,45,False
2023-01-17 02:15:00+00:00,18,GBP_JPY,SHORT,156.979,157.21447074787977,156.76058775636068,156.76058775636068,156.76058775636068,1903.9,3,ASIAN,2.5,0.16487424606244025,29.01771109397225,59.30801611781749,156.7621541360507,157.0466932798906,26.6432303240407,False,0.04072943686630411,68.31839329370418,25.18458639493133,0.06249999999979382,2,1,failed_breakout_short,157.21447074787977,SL,2023-01-17 02:30:00+00:00,-23.54707478797593,-448.3127568882738,15,False
2023-01-17 14:30:00+00:00,18,GBP_JPY,SHORT,157.71800000000002,157.95299598115702,157.39601205652897,157.39601205652897,157.39601205652897,1888.67,3,OVERLAP,2.5,0.23456396500588106,25.53695883392195,59.81749826647066,157.2945618542086,157.13735097572746,30.323598599505885,False,0.0027414999994240796,82.9560439801579,45.24381457914046,0.16942148760329948,14,1,failed_breakout_short,157.95299598115702,SL,2023-01-17 15:00:00+00:00,-23.499598115699882,-443.829859731789,30,False
2023-01-17 23:15:00+00:00,18,GBP_JPY,SHORT,157.46200000000002,157.64863015498298,157.28210953505106,157.28210953505106,157.28210953505106,2354.34,3,NY,2.5,0.14245600211125545,18.74926379090999,52.90781078123147,157.39074940358486,157.21890208573652,4.496647978277224,False,0.008319551952689203,83.36507936508235,10.625059641515122,0.5984848484846691,23,1,failed_breakout_short,157.64863015498298,SL,2023-01-18 00:00:00+00:00,-18.66301549829643,-439.3908390825922,45,False
2023-01-23 00:15:00+00:00,18,GBP_JPY,LONG,160.557,160.38021591250546,160.7223522624836,160.7223522624836,160.7223522624836,2460.61,5,ASIAN,2.5,0.13367044820414045,18.293794754604352,45.31146881102213,160.51554886681942,159.67706562290903,2.4164387396922393,False,-0.017474782381662536,28.58943247856995,0.6451133180576107,0.46666666666661055,0,0,failed_breakout_long,160.7223522624836,TP3,2023-01-23 00:45:00+00:00,16.5352934480658,406.8690841124519,30,True
2023-01-25 15:15:00+00:00,18,GBP_JPY,SHORT,160.111,160.46612167621208,159.81863497136376,159.81863497136376,159.81863497136376,1236.38,3,OVERLAP,2.5,0.22758311296527484,26.823867256129205,52.67305690531309,160.17813860996975,160.48637414482792,11.3119256461232,False,0.06836548742366856,79.67562762211158,-3.8138609969763593,0.3142144638404027,15,2,failed_breakout_short,160.46612167621208,SL,2023-01-25 17:45:00+00:00,-35.5121676212093,-439.0653380351076,150,False
2023-01-26 07:30:00+00:00,18,GBP_JPY,SHORT,160.514,160.70399773056636,160.33600680830094,160.33600680830094,160.33600680830094,2287.79,3,ASIAN,2.5,0.13928149962323216,25.58010656228287,59.769698723024206,160.39102793461524,160.45833387727131,32.31519260540665,False,0.036760950737854584,75.3162675619195,15.797206538476871,0.2884615384615122,7,3,failed_breakout_short,160.70399773056636,SL,2023-01-26 08:00:00+00:00,-18.99977305663469,-434.67490801238284,30,False
2023-01-30 04:30:00+00:00,18,GBP_JPY,LONG,160.56799999999998,160.19162264497174,160.8161320650848,160.8161320650848,160.8161320650848,1143.34,4,ASIAN,2.5,0.19370080219534883,39.35568346935377,35.25082307646569,160.95603018022115,160.86892060368683,-24.52684004612138,False,-0.1004285748269213,17.779633964672684,-42.303018022116134,0.275193798449594,4,0,failed_breakout_long,160.8161320650848,TP3,2023-01-30 08:00:00+00:00,24.813423532344704,283.7017966147099,210,True
2023-01-30 15:00:00+00:00,18,GBP_JPY,SHORT,161.141,161.41681898840386,160.94254303478843,160.94254303478843,160.94254303478843,1570.47,2,OVERLAP,2.5,0.15209240703573115,22.84757165628399,54.1588977790009,161.02629198244992,160.9029926526152,6.7749598625624685,False,-0.011162801570953493,67.36337844033555,14.370801755006823,0.21518987341782853,15,0,failed_breakout_short,160.94254303478843,TP3,2023-01-30 22:00:00+00:00,19.845822889036693,311.67269472545456,420,True
2023-02-01 20:15:00+00:00,18,GBP_JPY,SHORT,159.35,159.68859678153885,159.07420965538347,159.07420965538347,159.07420965538347,1288.5,4,NY,2.5,0.20553688000069723,34.26519199103498,51.093398034810264,159.55282348210977,160.1630510243872,-18.4133285045732,False,0.06717999978003253,60.85595269996136,-16.78234821097817,0.6195652173913363,20,2,failed_breakout_short,159.07420965538347,TP3,2023-02-02 00:00:00+00:00,27.579248501500803,355.35861694183785,225,True
2023-02-02 09:00:00+00:00,18,GBP_JPY,SHORT,159.387,159.61644307216386,159.18667078350836,159.18667078350836,159.18667078350836,1916.97,4,LONDON,2.5,0.1508228483043377,29.22268508960113,55.20968350390965,159.33444861479953,159.81825698383884,3.4657406268195246,False,0.011181874813969948,55.629283489095336,8.15513852004699,0.16935483870980497,9,3,failed_breakout_short,159.18667078350836,TP3,2023-02-02 09:15:00+00:00,20.03302615221635,384.02710143014184,15,True
2023-02-06 08:15:00+00:00,18,GBP_JPY,SHORT,158.93,159.20400728865738,158.6979781340278,158.6979781340278,158.6979781340278,1619.21,4,LONDON,2.5,0.17579925036374824,24.343950741632643,52.510092451114055,158.76467859713628,158.4308042795599,-2.7530772149304994,False,-0.009571795477528778,55.389233359804514,19.432140286372146,0.5879396984923769,8,0,failed_breakout_short,159.20400728865738,SL,2023-02-06 11:45:00+00:00,-27.40072886573728,-443.6753418669046,210,False
2023-02-08 08:15:00+00:00,18,GBP_JPY,SHORT,158.225,158.46646333491748,158.05760999524756,158.05760999524756,158.05760999524756,1819.07,4,LONDON,2.5,0.13286047913246332,32.76329814336611,60.82393776599299,158.06142521928365,158.37827467553885,-3.221787641680862,False,0.023274211278862637,72.77762649845515,19.257478071634182,0.550632911392462,8,2,failed_breakout_short,158.05760999524756,TP3,2023-02-08 09:00:00+00:00,16.73909249479448,304.4958098450579,45,True
2023-02-08 22:15:00+00:00,18,GBP_JPY,LONG,158.563,158.43510485258332,158.68968544225,158.68968544225,158.68968544225,3458.18,3,NY,2.5,0.10394813091667633,28.44111107191555,47.606246412077326,158.48688271198384,158.42544654693742,7.858381101900136,False,-0.01229688954917504,48.89382716049287,4.1117288016153,0.12962962962971736,22,2,failed_breakout_long,158.43510485258332,SL,2023-02-08 22:30:00+00:00,-12.789514741666606,-442.28444089336625,15,False
2023-02-14 02:15:00+00:00,18,GBP_JPY,LONG,160.4,160.19239039280734,160.573828821578,160.573828821578,160.573828821578,2109.06,4,ASIAN,2.5,0.13741784192922535,27.874065866553295,39.25438934016916,160.4787062883275,159.67921260776603,-0.4321488766947823,False,-0.03441203914955869,33.147379409125286,-11.370628832747798,0.25438596491223914,2,1,failed_breakout_long,160.19239039280734,SL,2023-02-14 05:00:00+00:00,-20.760960719266564,-437.8611181457634,165,False
2023-02-14 07:15:00+00:00,18,GBP_JPY,SHORT,160.338,160.53944264970139,160.16167205089582,160.16167205089582,160.16167205089582,2151.89,4,ASIAN,2.5,0.1421792065883015,30.300679364096474,51.19369992632234,160.38211854749437,159.7937788101547,1.2519740610400731,False,0.023492025995389063,60.091932930223585,-0.9118547494381346,0.283018867924643,7,1,failed_breakout_short,160.53944264970139,SL,2023-02-14 08:30:00+00:00,-20.144264970139147,-433.4824234659273,75,False
2023-02-16 08:00:00+00:00,18,GBP_JPY,LONG,161.253,160.98096886535183,161.3980934039445,161.3980934039445,161.3980934039445,1577.57,3,LONDON,2.5,0.12484353577517487,21.77484854778321,51.86866119332923,161.2042493571889,161.0805423667352,4.566666666664787,False,-0.00758280895989562,43.738090672951095,1.9750642811089847,0.31799163179912987,8,3,failed_breakout_long,161.3980934039445,TP3,2023-02-16 09:15:00+00:00,14.509432367171476,228.89645219478706,75,True
2023-02-16 13:15:00+00:00,18,GBP_JPY,LONG,161.333,161.10176876911314,161.4786936926606,161.4786936926606,161.4786936926606,1865.83,3,OVERLAP,2.5,0.12064371450418211,23.078321660038288,51.310666552241734,161.26688180150393,161.1252798311885,1.3902276024850835,False,-0.01736428247212943,37.404949933391855,3.711819849607423,0.4514285714286596,13,3,failed_breakout_long,161.10176876911314,SL,2023-02-16 13:30:00+00:00,-23.12312308868627,-431.43816752563504,15,False
2023-02-16 14:00:00+00:00,18,GBP_JPY,LONG,161.045,160.8563143169612,161.23405704911636,161.23405704911636,161.23405704911636,2263.67,4,OVERLAP,2.5,0.14770198278632773,31.179639913496104,38.355714213260846,161.23621989329246,161.12145716066883,-19.09838844433125,False,-0.04418258471172864,23.753120704647387,-22.021989329246594,0.4494382022471085,14,3,failed_breakout_long,160.8563143169612,SL,2023-02-16 15:00:00+00:00,-18.86856830387842,-427.1221201244046,60,False
2023-02-17 07:15:00+00:00,18,GBP_JPY,SHORT,160.857,161.06752267030882,160.73743198907349,160.73743198907349,160.73743198907349,2008.58,3,ASIAN,2.5,0.10354210200213486,29.29700325331408,51.075684244315504,160.8643735967589,160.96846082516822,-7.370642419712681,False,-0.011244687658249701,56.27054361567494,2.762640324110066,0.8181818181817477,7,4,failed_breakout_short,160.73743198907349,TP3,2023-02-17 08:15:00+00:00,11.956860621279054,240.1631110668868,60,True
2023-02-17 15:15:00+00:00,18,GBP_JPY,SHORT,161.249,161.4515130016487,161.03046099505394,161.03046099505394,161.03046099505394,2099.88,2,OVERLAP,2.5,0.16938128877611755,33.52365552917147,58.514268328326,161.02909183924572,160.9947038494957,20.42982373021971,False,0.01581516761056804,55.34393704615463,24.89081607542687,0.2831858407080603,15,4,failed_breakout_short,161.4515130016487,SL,2023-02-17 17:30:00+00:00,-20.251300164869686,-425.25300190206565,135,False
2023-02-20 08:00:00+00:00,18,GBP_JPY,SHORT,161.51,161.60955608620787,161.39633174137643,161.39633174137643,161.39633174137643,4228.78,2,LONDON,2.5,0.09753273152886514,16.867853355144867,56.607138622888876,161.44570054869914,161.22833000745158,1.0333333333306882,False,0.01881982328673901,83.878558142903,9.329945130085093,0.03875968992266849,8,0,failed_breakout_short,161.60955608620787,SL,2023-02-20 08:15:00+00:00,-9.955608620788325,-421.0007862341725,15,False
2023-02-21 00:15:00+00:00,18,GBP_JPY,SHORT,161.617,161.74617841063417,161.54946476809744,161.54946476809744,161.54946476809744,3226.47,3,ASIAN,2.5,0.06840276260634365,20.581166222654513,57.135904031490305,161.5326248730341,161.34576716839217,24.052532346306066,False,-0.003401419955175483,67.81736720396715,11.93751269658776,0.11594202898566842,0,1,failed_breakout_short,161.54946476809744,TP3,2023-02-21 00:45:00+00:00,6.753544121871607,217.90107502895083,30,True
2023-02-21 23:15:00+00:00,18,GBP_JPY,SHORT,163.388,163.60014639663564,163.21856081009315,163.21856081009315,163.21856081009315,1974.91,2,NY,2.5,0.13077187946614163,15.282690317222446,54.727450562658035,163.14650896076765,162.2188148999058,43.10255432336305,False,-0.010814283309895006,55.50160030499213,27.64910392323543,0.7796610169490545,23,1,failed_breakout_short,163.21856081009315,TP3,2023-02-22 00:45:00+00:00,16.944004786589925,334.6288449308431,90,True
2023-02-24 13:30:00+00:00,18,GBP_JPY,SHORT,162.40200000000002,162.7686443892136,162.2010668323593,162.2010668323593,162.2010668323593,1151.84,2,OVERLAP,2.5,0.18348243711092463,31.077075861968254,55.37930471122762,162.20646937796346,162.25318010895202,5.425060131042869,False,0.0037478929881245293,72.603183204608,22.45306220365535,0.3107638888888807,13,4,failed_breakout_short,162.7686443892136,SL,2023-02-24 14:30:00+00:00,-36.6644389213576,-422.3156732717654,60,False
2023-02-27 02:00:00+00:00,18,GBP_JPY,LONG,162.892,162.7105570439183,163.05632886824503,163.05632886824503,163.05632886824503,2304.27,3,ASIAN,2.5,0.13296548986596304,21.266064073304463,48.369447061284085,162.80592225339157,162.50641770099566,20.088783279948075,False,-0.012330558984298162,31.111924950687087,5.107774660842779,0.022388059701601754,2,0,failed_breakout_long,162.7105570439183,SL,2023-02-27 02:30:00+00:00,-18.144295608169614,-418.09356041036995,30,False
2023-02-27 06:45:00+00:00,18,GBP_JPY,LONG,162.736,162.57045706438453,162.87362880684637,162.87362880684637,162.87362880684637,2500.33,3,ASIAN,2.5,0.11336545185728265,17.085499807471642,43.391609605667085,162.78596876624613,162.55234743406376,3.3665034672537786,False,-0.011068116071797383,37.84471267320064,-8.496876624613492,0.2857142857140626,6,0,failed_breakout_long,162.87362880684637,TP3,2023-02-27 07:15:00+00:00,13.762935728894831,344.1188109102761,30,True
2023-03-02 07:15:00+00:00,18,GBP_JPY,SHORT,163.732,163.94387790410482,163.60836628768553,163.60836628768553,163.60836628768553,1969.78,3,ASIAN,2.5,0.11298753619466745,18.141789022799962,50.51960025082181,163.72379173886407,163.78886538273036,20.633871692939465,False,-0.00019346550614371405,61.34342622147464,4.320826113593057,0.4057971014493032,7,3,failed_breakout_short,163.60836628768553,TP3,2023-03-02 08:00:00+00:00,12.363433996686135,243.53245017992415,45,True
2023-03-02 10:15:00+00:00,18,GBP_JPY,LONG,163.611,163.2141706669157,163.86048799925288,163.86048799925288,163.86048799925288,1057.86,3,LONDON,2.5,0.19368304715655624,25.60377402584303,48.3392144349341,163.65058844524046,163.76064414453919,7.627974031251483,False,-0.021964057483189157,28.600877192981798,-6.8588445240465035,0.8221476510067216,10,3,failed_breakout_long,163.2141706669157,SL,2023-03-02 14:15:00+00:00,-39.68293330842982,-419.7898782965557,240,False
2023-03-10 13:45:00+00:00,18,GBP_JPY,LONG,163.781,163.32636453160796,164.12290640517608,164.12290640517608,164.12290640517608,914.12,4,OVERLAP,2.5,0.24346586987090496,35.778975498108615,53.393980775267345,163.34961557764916,162.74845171338438,10.6843150361982,False,-0.0677871639366629,39.10346640779904,40.238442235084904,0.3608247422681741,13,4,failed_breakout_long,163.32636453160796,SL,2023-03-10 14:15:00+00:00,-45.46354683920413,-415.59137436653276,30,False
2023-03-14 01:00:00+00:00,18,GBP_JPY,LONG,162.139,161.77306437751258,162.37380686746226,162.37380686746226,162.37380686746226,1124.34,2,ASIAN,2.5,0.17845187033378276,26.954260231507583,49.853420378697365,162.04434350020847,162.2103238626212,66.67350609476728,False,-0.039007260256424675,57.27289022654725,5.965649979154364,0.44375000000009546,1,1,failed_breakout_long,162.37380686746226,TP3,2023-03-14 01:15:00+00:00,23.480895585960223,264.00510143118515,15,True
2023-03-14 12:45:00+00:00,18,GBP_JPY,SHORT,163.40200000000002,163.60966235086497,163.03301294740513,163.03301294740513,163.03301294740513,1993.98,4,LONDON,2.5,0.2562300801777907,22.389083198569477,66.43316906976212,162.77711230438874,162.43378256631965,33.84250811408265,False,0.031390355730893715,65.69503299390763,65.38876956112745,0.0797101449275019,12,1,failed_breakout_short,163.60966235086497,SL,2023-03-14 13:00:00+00:00,-20.76623508649504,-414.07457437769386,15,False
2023-03-14 14:00:00+00:00,18,GBP_JPY,SHORT,163.733,164.19232464754214,163.37702605737357,163.37702605737357,163.37702605737357,892.47,2,OVERLAP,2.5,0.2529600597211222,30.555350033847414,66.80037554464195,162.96825983153093,162.50188232660196,45.811890215745166,False,0.05606296143821249,72.41369088428065,79.37401684690713,0.5609756097561077,14,1,failed_breakout_short,163.37702605737357,TP3,2023-03-14 15:15:00+00:00,35.5977931264065,317.6996243152401,75,True
2023-03-17 14:45:00+00:00,18,GBP_JPY,LONG,160.52,159.99773441424298,160.96579675727105,160.96579675727105,160.96579675727105,791.0,2,OVERLAP,2.5,0.31727894497731457,31.00210315931414,39.63374842155442,161.13342942074345,161.3068880977207,-46.317172286040886,False,-0.010773823390520909,31.847875734842187,-64.242942074344,0.5657492354740162,14,4,failed_breakout_long,160.96579675727105,TP3,2023-03-17 16:30:00+00:00,44.58023931339639,352.62969296896546,105,True
2023-03-28 12:45:00+00:00,18,GBP_JPY,LONG,160.905,160.66730367934375,161.18408896196877,161.18408896196877,161.18408896196877,1752.81,2,LONDON,2.5,0.20465030979019236,29.678202121956335,40.45149751094831,161.16704393754122,160.92955144220934,-26.900312892396983,False,-0.04373623895538914,14.591593259853658,-29.104393754121816,0.16923076923085445,12,1,failed_breakout_long,161.18408896196877,TP3,2023-03-28 13:30:00+00:00,27.909055420615765,489.1927143180951,45,True
2023-03-31 08:15:00+00:00,18,GBP_JPY,LONG,164.784,164.37617793943437,165.07246618169685,165.07246618169685,165.07246618169685,1033.61,5,LONDON,2.5,0.21895525533614196,26.237377101389455,51.55381582951316,164.61831500384835,163.7285631061205,12.193412049168728,False,-0.0027132772253719286,52.24217757567866,13.668499615164365,0.1433121019107914,8,4,failed_breakout_long,165.07246618169685,TP3,2023-03-31 08:30:00+00:00,28.846897255784103,298.1644147255101,15,True
2023-04-03 14:30:00+00:00,18,GBP_JPY,LONG,164.275,164.12266803545998,164.53499589362002,164.53499589362002,164.53499589362002,2786.75,3,OVERLAP,2.5,0.18804507700285994,33.70057964998122,38.601699228946515,164.39382356872486,164.10797455802634,-32.249858893931105,False,-0.07708559285519903,12.099968749560354,-14.78235687248457,0.12500000000013878,14,0,failed_breakout_long,164.12266803545998,SL,2023-04-03 14:45:00+00:00,-15.233196454002497,-424.51110218191457,15,False
2023-04-04 00:30:00+00:00,18,GBP_JPY,SHORT,164.32500000000002,164.54017222282647,164.1704833315206,164.1704833315206,164.1704833315206,1953.16,2,ASIAN,2.5,0.131676985249176,21.146278812694916,51.95070434680473,164.31283449015936,164.15655948340643,-4.758668411724898,False,0.004725614802769996,74.80690532686789,4.716550984065293,0.378109452736298,0,1,failed_breakout_short,164.54017222282647,SL,2023-04-04 00:45:00+00:00,-21.51722228264532,-420.26577873571534,15,False
2023-04-05 00:15:00+00:00,18,GBP_JPY,LONG,164.376,164.10631958077576,164.5500412576727,164.5500412576727,164.5500412576727,1542.8,5,ASIAN,2.5,0.1399064928449978,37.667997328659304,41.262194277706236,164.6624039164183,164.61144102105334,-87.91999665482138,False,-0.004610117177335921,37.63668430335225,-32.14039164182907,0.14285714285722573,0,2,failed_breakout_long,164.10631958077576,SL,2023-04-05 00:45:00+00:00,-26.96804192242439,-416.0629507791635,30,False
2023-04-05 08:30:00+00:00,18,GBP_JPY,LONG,163.849,163.6876290029342,164.09711299119743,164.09711299119743,164.09711299119743,2552.52,4,LONDON,2.5,0.18633185169364885,33.75352693718736,31.671203673168577,164.33862735824573,164.51258410672042,-3.9927678755816487,False,-0.041085130999931774,16.193780565325852,-51.86273582457375,0.1497584541062928,8,2,failed_breakout_long,164.09711299119743,TP3,2023-04-05 08:45:00+00:00,24.811396322897135,633.315853421214,15,True
2023-04-07 01:45:00+00:00,18,GBP_JPY,LONG,163.774,163.62732963845633,163.89701108463106,163.89701108463106,163.89701108463106,2851.53,3,ASIAN,2.5,0.10253067143828017,17.77738237595242,43.169364936560825,163.79998718183842,163.82786946175813,-1.2539565614730463,False,-0.010136928968725083,20.89229393947342,-6.098718183841356,0.6363636363636364,1,4,failed_breakout_long,163.89701108463106,TP3,2023-04-07 02:30:00+00:00,12.3011516017314,350.7710282688514,45,True
2023-04-10 10:45:00+00:00,18,GBP_JPY,SHORT,164.40800000000002,164.71046194837777,164.20761415486666,164.20761415486666,164.20761415486666,1394.37,2,LONDON,2.5,0.15135790413016229,37.97582413956412,53.839669675234,164.35057956379433,164.11134961569505,14.549500034158314,False,0.02705072598931863,59.46094601589184,8.64204362056853,0.33587786259528735,10,0,failed_breakout_short,164.71046194837777,SL,2023-04-10 11:15:00+00:00,-30.246194837775416,-421.7438669594891,30,False
2023-04-12 01:00:00+00:00,18,GBP_JPY,SHORT,166.047,166.21310064135486,165.93469807593536,165.93469807593536,165.93469807593536,2513.69,3,ASIAN,2.5,0.097472619659061,21.609654530254236,53.17725256727591,165.9585665554401,165.36179586289882,29.622489177609168,False,-0.006594431822083791,47.45305991273034,12.343344455990746,0.7272727272726979,1,2,failed_breakout_short,166.21310064135486,SL,2023-04-12 01:30:00+00:00,-16.610064135485914,-417.5255211672959,30,False
2023-04-13 01:00:00+00:00,18,GBP_JPY,SHORT,166.221,166.4317185179006,166.06784444629818,166.06784444629818,166.06784444629818,1961.62,4,ASIAN,2.5,0.12654867610113277,28.55791862950211,53.39438291136498,166.16790935712206,165.85484490200508,23.334379676143158,False,0.014083516321639514,71.64177670145305,8.8090642877944,0.6666666666666666,1,3,failed_breakout_short,166.4317185179006,SL,2023-04-13 02:00:00+00:00,-21.071851790060236,-413.34965908417956,60,False
2023-04-13 06:15:00+00:00,18,GBP_JPY,SHORT,166.399,166.55181612530632,166.28155162408103,166.28155162408103,166.28155162408103,2677.84,2,ASIAN,2.5,0.10094423271174716,25.183697867219024,55.590989948756054,166.30447439019835,165.9587827044175,36.01911213926883,False,-0.0037020926268872406,61.02206736353234,12.952560980164662,0.5652173913043612,6,3,failed_breakout_short,166.28155162408103,TP3,2023-04-13 06:45:00+00:00,11.744881451267048,314.5091334546095,30,True
2023-04-14 01:30:00+00:00,18,GBP_JPY,LONG,166.02,165.77353344944314,166.16039965167056,166.16039965167056,166.16039965167056,1673.1,4,ASIAN,2.5,0.11793787960557164,30.90017189667075,46.57538566871684,166.06705000214723,166.04594107102844,-11.109880373322767,False,0.0009721066711191814,47.9783081552984,-8.20500021472128,0.07633587786274282,1,4,failed_breakout_long,166.16039965167056,TP3,2023-04-14 05:30:00+00:00,14.040049082930624,234.90406120651224,240,True
2023-04-17 12:45:00+00:00,18,GBP_JPY,SHORT,166.339,166.54176186769266,166.12871439692202,166.12871439692202,166.12871439692202,2045.31,3,LONDON,2.5,0.16148632571493587,29.028616206100676,55.713333419126435,166.20416383476106,166.08385259164407,17.319997499151896,False,0.018979979641425407,59.829260651628935,16.38361652389335,0.3262032085562164,12,0,failed_breakout_short,166.54176186769266,SL,2023-04-17 13:15:00+00:00,-20.27618676926579,-414.71087561047017,30,False
2023-04-20 00:15:00+00:00,18,GBP_JPY,LONG,167.446,167.32262297343885,167.55313107968345,167.55313107968345,167.55313107968345,3327.72,3,ASIAN,2.5,0.09255733504213612,20.01274897364156,42.26530063332228,167.46007279200992,167.03139912996448,-4.958729638502746,False,-0.008920658853139064,32.861857221586575,-4.9072792009923205,0.015625000000076328,0,3,failed_breakout_long,167.55313107968345,TP3,2023-04-20 00:45:00+00:00,10.713140161883347,356.5033077950245,30,True
2023-04-26 00:30:00+00:00,18,GBP_JPY,LONG,165.9,165.71049403700167,166.07051788899497,166.07051788899497,166.07051788899497,2185.31,2,ASIAN,2.5,0.1388682169968829,25.93204779694826,45.94004076637889,166.0947261696933,166.70730549648664,-44.15930543504771,False,8.324605830467222e-05,29.855286890521203,-22.97261696932935,0.4723926380368494,0,2,failed_breakout_long,165.71049403700167,SL,2023-04-26 01:30:00+00:00,-18.950596299833933,-414.1292759999009,60,False
2023-04-28 04:30:00+00:00,18,GBP_JPY,SHORT,167.989,168.2355925356249,167.54822239312526,167.54822239312526,167.54822239312526,1662.61,3,ASIAN,2.5,0.3084575661605612,32.94562779373529,70.51897791091957,167.25376835993276,166.89024349301522,96.75002381301567,False,0.08071869805364809,90.96158175108843,77.02316400672373,0.051282051282006434,4,4,failed_breakout_short,168.2355925356249,SL,2023-04-28 05:15:00+00:00,-24.659253562489877,-409.987215655313,45,False
2023-05-01 01:00:00+00:00,18,GBP_JPY,SHORT,171.506,171.75893217586744,171.29820347239763,171.29820347239763,171.29820347239763,1604.73,2,ASIAN,2.5,0.15958832661098363,32.33940083862303,69.11226450676276,170.80369536315206,168.88061869935683,123.72695999453072,False,0.021317010556961752,84.16111691477401,73.73046368479379,0.6230769230770778,1,0,failed_breakout_short,171.75893217586744,SL,2023-05-01 02:00:00+00:00,-25.293217586744277,-405.88785057976145,60,False
2023-05-03 13:45:00+00:00,18,GBP_JPY,LONG,169.381,169.06598224750817,169.67905325747552,169.67905325747552,169.67905325747552,1275.58,3,OVERLAP,2.5,0.21881868319912107,13.081623802458202,42.169128649145804,169.76700593782445,170.34203511869143,-23.47190551554661,False,-0.01868014587077582,34.22896495667863,-41.50059378244464,0.4061135371179576,13,2,failed_breakout_long,169.67905325747552,TP3,2023-05-03 15:30:00+00:00,29.805559408519528,380.19375470319335,105,True
2023-05-04 07:45:00+00:00,18,GBP_JPY,SHORT,169.241,169.45433071253484,169.0170078623955,169.0170078623955,169.0170078623955,1901.42,3,ASIAN,2.5,0.17397132327897777,22.957317891375215,52.556738348553985,169.28917089384635,169.83625790244972,-25.500019476447733,False,0.01493665934553827,87.80150600192898,-1.3170893846336185,0.28272251308901225,7,3,failed_breakout_short,169.0170078623955,TP3,2023-05-04 08:45:00+00:00,22.399331563008,425.9053702053468,60,True
2023-05-04 12:30:00+00:00,18,GBP_JPY,LONG,169.088,168.87124855745478,169.3372543276357,169.3372543276357,169.3372543276357,1891.06,5,LONDON,2.5,0.19903839329828335,19.89191283143152,45.64199654634156,169.2045872635647,169.71502416241327,-6.876353059936946,False,-0.007915582580541654,52.92484207017773,-14.558726356469265,0.2400000000000091,12,3,failed_breakout_long,169.3372543276357,TP3,2023-05-04 12:45:00+00:00,24.925564570243,471.35738136203724,15,True
2023-05-08 07:30:00+00:00,18,GBP_JPY,SHORT,170.513,170.713302241534,170.37309327539802,170.37309327539802,170.37309327539802,2069.89,2,ASIAN,2.5,0.11770416284883618,25.76143347146975,54.11409490294697,170.40060511780308,169.84643571792378,59.46293509094005,False,0.007912862171557459,62.04816716561967,14.73948821969202,0.15909090909083567,7,0,failed_breakout_short,170.713302241534,SL,2023-05-08 08:00:00+00:00,-20.03022415339899,-414.60360672879034,30,False
2023-05-09 13:45:00+00:00,18,GBP_JPY,SHORT,170.26,170.39676561733194,170.07370314800417,170.07370314800417,170.07370314800417,3001.18,2,OVERLAP,2.5,0.14263614647359688,28.63788036007059,55.80829718457188,170.22887475309815,170.19435578788608,10.395411241424313,False,0.023713100365467546,75.43495265441179,6.012524690183341,0.2442748091603865,13,1,failed_breakout_short,170.39676561733194,SL,2023-05-09 15:00:00+00:00,-13.676561733194605,-410.4582354242898,75,False
2023-05-11 07:30:00+00:00,18,GBP_JPY,LONG,169.216,169.0354018924518,169.37479432264462,169.37479432264462,169.37479432264462,2250.04,4,ASIAN,2.5,0.13003934258951597,22.864066048020142,41.70870240665137,169.4358245074804,169.93249264935395,-64.93330989571575,False,-0.019093364184013806,37.914853778384064,-25.482450748037877,0.2836879432625743,7,3,failed_breakout_long,169.37479432264462,TP3,2023-05-11 08:00:00+00:00,15.879502838460862,357.2951656665048,30,True
2023-05-12 13:45:00+00:00,18,GBP_JPY,LONG,168.647,168.46446616722923,168.8656014983123,168.8656014983123,168.8656014983123,2245.75,3,OVERLAP,2.5,0.16741997514569998,31.587291352136212,44.32110672214781,168.69340709509513,168.99695174602465,-14.562373780591997,False,-0.03367893457008232,42.27295390481388,-7.540709509513022,0.07070707070698516,13,4,failed_breakout_long,168.8656014983123,TP3,2023-05-12 14:15:00+00:00,21.860247171315674,490.9265008498217,30,True
2023-05-12 14:45:00+00:00,18,GBP_JPY,SHORT,168.704,169.071806793986,168.43657961804203,168.43657961804203,168.43657961804203,1127.86,3,OVERLAP,2.5,0.19985547454540542,23.699417846918596,49.3953921091263,168.70418935094634,168.98781904086673,-2.9942945580302194,False,-0.004856660933019711,71.80869689266915,2.8810649053667703,0.6899563318777179,14,4,failed_breakout_short,169.071806793986,SL,2023-05-12 17:15:00+00:00,-36.78067939860057,-414.83457066505633,150,False
2023-05-14 22:45:00+00:00,18,GBP_JPY,SHORT,168.975,169.12170326045413,168.87289021863756,168.87289021863756,168.87289021863756,2799.44,3,NY,2.5,0.08873462655770036,23.17191046418246,57.518150119104526,168.87657573360573,168.9734483228968,19.404414768609968,False,0.008157659156558587,75.72106801982262,13.342426639425753,0.6666666666666666,22,6,failed_breakout_short,169.12170326045413,SL,2023-05-14 23:30:00+00:00,-14.670326045413162,-410.68697544571427,45,False
2023-05-16 12:45:00+00:00,18,GBP_JPY,LONG,170.332,169.93856025037604,170.5503192488718,170.5503192488718,170.5503192488718,1033.4,5,LONDON,2.5,0.16645953501588528,29.04812261551792,57.06827526262083,170.15809822201038,169.87723029348916,14.315350929985016,False,0.004818314956907453,52.643815010159244,14.490177798961668,0.791443850267309,12,1,failed_breakout_long,170.5503192488718,TP3,2023-05-16 13:30:00+00:00,21.832136150243358,225.6132949766149,45,True
2023-05-18 01:45:00+00:00,18,GBP_JPY,LONG,171.564,171.37388712036176,171.7033386389147,171.7033386389147,171.7033386389147,2150.49,3,ASIAN,2.5,0.11578106218528159,37.57038173946536,41.41233720708477,171.56120413369757,170.80779636677744,30.280498722731863,False,-0.04779794667474041,29.415564614029723,-3.22041336975758,0.627272727272544,1,3,failed_breakout_long,171.7033386389147,TP3,2023-05-18 02:45:00+00:00,13.93392868537168,299.6477429860494,60,True
2023-05-18 06:15:00+00:00,18,GBP_JPY,LONG,171.468,171.33167360409763,171.5899791877071,171.5899791877071,171.5899791877071,3020.93,3,ASIAN,2.5,0.10953473524724908,31.743761925461246,38.020388910700966,171.57293730558314,170.93779331245352,16.45356573611423,False,-0.025152542719368884,22.665314943936377,-13.99373055831461,0.27167630057801473,6,3,failed_breakout_long,171.33167360409763,SL,2023-05-18 06:30:00+00:00,-13.63263959023584,-411.83249917331153,15,False
2023-05-22 07:30:00+00:00,18,GBP_JPY,LONG,171.426,171.25994913238722,171.5681526028383,171.5681526028383,171.5681526028383,2455.36,5,ASIAN,2.5,0.12002303985228929,35.57025385051123,38.59419851828782,171.584076814105,171.58658801801928,-38.31008235374327,False,-0.022802176313760532,31.124453942012376,-19.30768141050123,0.2206896551722759,7,0,failed_breakout_long,171.5681526028383,TP3,2023-05-22 09:15:00+00:00,14.21531817864172,349.03723643109737,105,True
2023-05-25 07:45:00+00:00,18,GBP_JPY,LONG,172.23499999999999,171.92076671398354,172.42569985804937,172.42569985804937,172.42569985804937,1308.6,3,ASIAN,2.5,0.15193324545913417,35.85829709632643,46.41553397882248,172.25355658648468,172.09979103718524,16.527030411108967,False,-0.022602777183117678,31.978552863211046,-5.355658648468875,0.6198830409355656,7,3,failed_breakout_long,172.42569985804937,TP3,2023-05-25 08:30:00+00:00,19.070131533089217,249.55174124200548,45,True
2023-05-25 14:00:00+00:00,18,GBP_JPY,LONG,172.263,172.0233307624132,172.51800771276044,172.51800771276044,172.51800771276044,1726.13,3,OVERLAP,2.5,0.19088572694692751,29.381021611422305,43.26372586583362,172.37007322631504,172.17923784216828,-18.190902950226473,False,-0.03979071473775585,23.99632331139476,-13.607322631503393,0.32227488151662537,14,3,failed_breakout_long,172.51800771276044,TP3,2023-05-25 14:30:00+00:00,25.500919009824898,440.17901330429055,30,True
2023-05-26 06:30:00+00:00,18,GBP_JPY,SHORT,172.393,172.53253226042094,172.2704032187372,172.2704032187372,172.2704032187372,2996.45,3,ASIAN,2.5,0.10863134078173765,14.935554387742082,53.255749116543875,172.40280939827338,172.29473142148558,1.3819868855478035,False,0.011718217362123015,71.04279913767112,2.51906017266208,0.25161290322590585,6,4,failed_breakout_short,172.53253226042094,SL,2023-05-26 07:00:00+00:00,-13.953226042093547,-418.1014417383121,30,False
2023-05-26 08:00:00+00:00,18,GBP_JPY,LONG,172.436,172.16064055117207,172.6210783464838,172.6210783464838,172.6210783464838,1503.2,3,LONDON,2.5,0.14323897639474045,20.832917028209607,50.700827443107876,172.40141365898032,172.30075670020685,4.466666666667152,False,-0.0011635236592017857,22.88834622167745,0.5586341019693464,0.76,8,4,failed_breakout_long,172.6210783464838,TP3,2023-05-26 08:30:00+00:00,18.507957771282722,278.2116212179219,30,True
2023-05-29 06:15:00+00:00,18,GBP_JPY,LONG,173.499,173.33029612348716,173.60411162953852,173.60411162953852,173.60411162953852,2470.03,3,ASIAN,2.5,0.0943786278095539,26.81236051448202,43.83993156212856,173.50916750037578,172.98122892672265,20.498973226665385,False,-0.009146641682876634,41.89593188268977,-4.5167500375782765,0.10280373831771729,6,0,failed_breakout_long,173.60411162953852,TP3,2023-05-29 07:15:00+00:00,10.511205508651448,259.6299294253434,60,True
2023-05-30 07:30:00+00:00,18,GBP_JPY,LONG,173.34199999999998,172.89167141936545,173.58698574190365,173.58698574190365,173.58698574190365,931.1,4,ASIAN,2.5,0.18068164974987627,32.32731650957177,48.965918216170515,173.35135360919034,173.20996382493144,-0.044682861923206474,False,-0.013493264549763342,25.502234717516714,-4.435360919035247,0.14563106796106057,7,1,failed_breakout_long,173.58698574190365,TP3,2023-05-30 09:00:00+00:00,24.49883730468463,228.1086741439186,90,True
2023-05-31 00:30:00+00:00,18,GBP_JPY,SHORT,173.389,173.61466750543238,173.26599748370293,173.26599748370293,173.26599748370293,1868.15,2,ASIAN,2.5,0.10366822437438022,19.874489678921847,48.594031185479025,173.4562172407584,173.36385488385469,-23.193615905651654,False,0.006015527015314203,56.55624568667813,-3.2217240758399157,0.5243902439025574,0,2,failed_breakout_short,173.61466750543238,SL,2023-05-31 01:30:00+00:00,-22.566750543236935,-421.5807502734808,60,False
2023-05-31 14:15:00+00:00,18,GBP_JPY,SHORT,173.172,173.53807624359987,172.8827712692003,172.8827712692003,172.8827712692003,1140.1,4,OVERLAP,2.5,0.22142730954266487,30.144042033201742,56.305933427838404,173.02042684522192,173.20432222848615,19.451202905145237,False,0.05450677534081365,56.579055358916,18.05731547780738,0.5321637426901304,14,2,failed_breakout_short,173.223,TIME,2023-05-31 22:15:00+00:00,-5.100000000001614,-58.1451000000184,480,False
2023-06-01 08:45:00+00:00,18,GBP_JPY,SHORT,173.741,173.91711361540186,173.53865915379447,173.53865915379447,173.53865915379447,2366.56,2,LONDON,2.5,0.152925285746281,24.644493120763293,61.55247493163266,173.46111540843805,173.28951735282962,5.23805836543545,False,0.0039003357003889877,75.71965597767418,30.88845915619629,0.44852941176456296,8,3,failed_breakout_short,173.91711361540186,SL,2023-06-01 09:45:00+00:00,-17.61136154018459,-416.7834376653924,60,False
2023-06-01 13:45:00+00:00,18,GBP_JPY,LONG,173.742,173.4270963665777,173.97971090026687,173.97971090026687,173.97971090026687,1310.29,4,OVERLAP,2.5,0.1771781763556819,23.053161761985205,47.67348756292601,173.66412794568978,173.3905623734967,-8.387162866031872,False,-0.046398442003506665,47.1656266319502,4.887205431020902,0.3905325443786873,13,3,failed_breakout_long,173.4270963665777,SL,2023-06-01 14:00:00+00:00,-31.49036334222899,-412.6150818368922,15,False
2023-06-02 08:15:00+00:00,18,GBP_JPY,SHORT,174.054,174.24888457444203,173.91234627667396,173.91234627667396,173.91234627667396,2096.06,2,LONDON,2.5,0.11414278110659307,23.656369623416264,52.35396781383735,173.99437105195943,173.69199458633017,-6.035981584736305,False,-0.003893096251607428,57.45562721864303,8.86289480405651,0.5714285714286738,8,4,failed_breakout_short,173.91234627667396,TP3,2023-06-02 09:00:00+00:00,14.165439913553117,296.91611985202144,45,True
2023-06-05 01:30:00+00:00,18,GBP_JPY,LONG,174.21099999999998,174.0464959650135,174.33051210495958,174.33051210495958,174.33051210495958,2501.21,3,ASIAN,2.5,0.105436064974979,21.826679622197297,47.13013176039505,174.20112431480226,173.94568606952612,-4.215876506737004,False,-0.008899814617780555,36.09134011460893,-2.512431480226951,0.3430656934306342,1,0,failed_breakout_long,174.33051210495958,TP3,2023-06-05 01:45:00+00:00,11.951258277675318,298.92606716704285,15,True
2023-06-05 07:30:00+00:00,18,GBP_JPY,LONG,174.149,173.96935234652491,174.29594296042524,174.29594296042524,174.29594296042524,2307.0,5,ASIAN,2.5,0.12327421359657414,20.027079054774212,47.006997088748356,174.16329708370938,173.9889220399515,-9.10831853207128,False,0.0015458697602842367,43.4930090179555,-4.929708370937647,0.06711409395967009,7,0,failed_breakout_long,173.96935234652491,SL,2023-06-05 08:15:00+00:00,-17.96476534750866,-414.4471365670248,45,False
2023-06-05 08:45:00+00:00,18,GBP_JPY,LONG,174.059,173.84257688444228,174.2232693466732,174.2232693466732,174.2232693466732,1895.84,3,LONDON,2.5,0.1332143574643627,24.976829013779497,43.480846271617416,174.13576314654077,173.99007660297616,3.1540939078183783,False,-0.010655477241135268,30.360926441234284,-10.576314654076668,0.4157894736842562,8,0,failed_breakout_long,173.84257688444228,SL,2023-06-05 10:00:00+00:00,-21.642311555771695,-410.30359939894214,75,False
2023-06-06 01:30:00+00:00,18,GBP_JPY,SHORT,173.593,173.73518088976525,173.45045733070418,173.45045733070418,173.45045733070418,2856.92,2,ASIAN,2.5,0.11555022384979093,30.799372962637243,58.68454483065909,173.55202266565976,173.77096386833236,11.23813598461254,False,0.037879776511173587,87.2516810552076,7.597733434022302,0.26582278481029054,1,1,failed_breakout_short,173.73518088976525,SL,2023-06-06 04:30:00+00:00,-14.218088976525676,-406.1994275881574,180,False
2023-06-06 04:45:00+00:00,18,GBP_JPY,SHORT,173.573,173.76326193513344,173.46621419459973,173.46621419459973,173.46621419459973,2113.6,4,ASIAN,2.5,0.09584359381922264,24.607213764067996,52.033468858652874,173.58446607551502,173.7541051538542,7.983738280933039,False,0.0019544052566299666,60.17956021788459,2.3533924484979707,0.7168141592919397,4,1,failed_breakout_short,173.46621419459973,TP3,2023-06-06 06:00:00+00:00,10.678631063213587,225.70354615208237,75,True
2023-06-08 09:15:00+00:00,18,GBP_JPY,SHORT,174.20600000000002,174.4273319051828,174.0330042844517,174.0330042844517,174.0330042844517,1827.1,2,LONDON,2.5,0.13404496676801292,28.14818418583411,54.66423162783671,174.11844941434703,173.8362242429163,1.4542279633303679,False,0.02500719935068111,71.99120968194558,11.65505856529876,0.5079365079365473,9,3,failed_breakout_short,174.0330042844517,TP3,2023-06-08 12:30:00+00:00,17.299666238054826,316.08220183549975,195,True
2023-06-12 06:15:00+00:00,18,GBP_JPY,SHORT,175.397,175.50925888950226,175.29322333149315,175.29322333149315,175.29322333149315,3630.5,2,ASIAN,2.5,0.09462365193280518,32.244030556964915,58.94331513182074,175.2979220082988,174.8648726382568,19.67431375118167,False,0.014044558313378723,81.0534967124915,13.407799170119006,0.01639344262303102,6,0,failed_breakout_short,175.50925888950226,SL,2023-06-12 07:00:00+00:00,-11.225888950227159,-407.555898337997,45,False
2023-06-14 07:45:00+00:00,18,GBP_JPY,LONG,176.679,176.44088561551888,176.8033431534434,176.8033431534434,176.8033431534434,1694.48,4,ASIAN,2.5,0.10806957117924292,15.358508102215435,51.10599482196416,176.55916888613652,175.81527897153146,58.73057777024542,False,-0.004397037636955235,33.00497799929038,8.483111386348696,0.9318181818182895,7,2,failed_breakout_long,176.8033431534434,TP3,2023-06-14 08:45:00+00:00,12.434388725643949,210.6982300782916,60,True
2023-06-14 18:15:00+00:00,18,GBP_JPY,LONG,176.993,176.66492331244726,177.16223006265824,177.16223006265824,177.16223006265824,1236.26,4,NY,2.5,0.13685670545510778,29.211632041956122,54.10682696580864,176.8478310533292,176.19284332443354,3.194279183173876,False,-0.002218685964512525,41.11992280308843,11.016894667079669,0.1095890410958184,18,2,failed_breakout_long,177.16223006265824,TP3,2023-06-14 18:45:00+00:00,16.92314315455543,209.21404956250694,30,True
2023-06-19 22:30:00+00:00,18,GBP_JPY,SHORT,181.599,181.72440087963474,181.4467973610958,181.4467973610958,181.4467973610958,3251.01,2,NY,2.5,0.12088734789307215,16.905743001828245,59.57023515411331,181.53840067898312,180.87399907992355,0.514073352911737,False,0.029733318201782283,82.17199217863117,9.559932101686286,0.3857142857143843,22,0,failed_breakout_short,181.72440087963474,SL,2023-06-20 00:15:00+00:00,-12.540087963475344,-407.6795137013798,105,False
2023-06-22 06:45:00+00:00,18,GBP_JPY,SHORT,180.809,181.05564016156777,180.67707951529667,180.67707951529667,180.67707951529667,1636.4,2,ASIAN,2.5,0.11754601434015488,31.344867168874867,45.11100107508995,180.92553306517632,180.85170023116225,3.395503023872948,False,0.005801808354153195,59.2781377762737,-8.153306517633041,0.6532663316582283,6,3,failed_breakout_short,181.05564016156777,SL,2023-06-22 07:45:00+00:00,-24.664016156776825,-403.60196038949596,60,False
2023-06-26 01:45:00+00:00,18,GBP_JPY,SHORT,182.657,182.90515334602213,182.45153996193355,182.45153996193355,182.45153996193355,1610.16,3,ASIAN,2.5,0.15978478546972016,24.704653008818404,52.40459410920621,182.55427133404464,182.02017565248704,40.58900301533015,False,0.010780308827774275,72.48706577974708,13.77286659553647,0.8627450980392958,1,0,failed_breakout_short,182.45153996193355,TP3,2023-06-26 04:30:00+00:00,20.54613140889575,330.82558949347583,165,True
2023-06-27 12:45:00+00:00,18,GBP_JPY,LONG,182.86599999999999,182.48431198770243,183.08506403689273,183.08506403689273,183.08506403689273,1055.51,4,LONDON,2.5,0.16463487998121856,26.19726428027938,51.95631178119477,182.73077851309765,182.43164123243636,-1.1614523479522632,False,-0.03372977551486525,49.394976881961576,10.622148690234212,0.5290322580644712,12,1,failed_breakout_long,183.08506403689273,TP3,2023-06-27 14:00:00+00:00,21.906611232582485,231.22647222103137,75,True
2023-06-28 07:45:00+00:00,18,GBP_JPY,SHORT,183.374,183.6020268186597,183.20791954402088,183.20791954402088,183.20791954402088,1776.93,3,ASIAN,2.5,0.1331212346537433,30.01964721782667,56.49933995159429,183.30438389057858,182.93805868658652,20.0402484059083,False,0.032770622895278954,73.71397584163581,10.46161094214142,0.34710743801651534,7,2,failed_breakout_short,183.20791954402088,TP3,2023-06-28 08:30:00+00:00,16.60813906273884,295.1150054475253,45,True
2023-06-29 01:00:00+00:00,18,GBP_JPY,LONG,182.344,182.16975013900563,182.45974958298314,182.45974958298314,182.45974958298314,2342.26,4,ASIAN,2.5,0.10089259898956052,34.61302477388762,39.17820720267804,182.5257765224256,182.73708251048618,-27.245936401379822,False,-0.02289163730811726,20.268316385787028,-21.67765224255902,0.6415094339621428,1,3,failed_breakout_long,182.45974958298314,TP3,2023-06-29 04:15:00+00:00,11.575007716219535,271.1167757339237,195,True
2023-06-30 00:15:00+00:00,18,GBP_JPY,SHORT,182.597,182.738663489869,182.48600953039303,182.48600953039303,182.48600953039303,2900.18,3,ASIAN,2.5,0.09623219547097639,27.445116537859484,54.4571178578863,182.57871984163296,182.62582385258364,8.356108306290366,False,0.010763021628995645,79.27440204466791,5.3280158367044805,0.14634146341460033,0,4,failed_breakout_short,182.738663489869,SL,2023-06-30 00:45:00+00:00,-14.166348986898923,-410.8496200482452,30,False
2023-07-03 14:15:00+00:00,18,GBP_JPY,LONG,183.307,183.07524736763122,183.5112578971063,183.5112578971063,183.5112578971063,1755.07,4,OVERLAP,2.5,0.15582631725629195,24.67307293766909,43.720724226232086,183.40388177048519,183.15029589913263,-10.081894414824433,False,-0.02669398681352253,23.71968727592134,-12.588177048519356,0.66249999999998,14,0,failed_breakout_long,183.5112578971063,TP3,2023-07-03 16:00:00+00:00,20.425906092255804,358.4889500533539,105,True
2023-07-04 00:15:00+00:00,18,GBP_JPY,LONG,183.505,183.37998784112025,183.59303647663918,183.59303647663918,183.59303647663918,3282.29,4,ASIAN,2.5,0.08037972363378583,37.779399140380875,40.25802930504191,183.53260368705045,183.28600782784278,5.483522672230379,False,-0.017812411980945197,34.49390585197613,-6.260368705045494,0.13559322033915452,0,1,failed_breakout_long,183.37998784112025,SL,2023-07-04 01:45:00+00:00,-12.501215887974128,-410.326158969386,90,False
2023-07-11 01:00:00+00:00,18,GBP_JPY,SHORT,181.719,181.99638632639574,181.5758410208128,181.5758410208128,181.5758410208128,1464.47,4,ASIAN,2.5,0.12236032044922754,21.801317310941922,49.82839572037631,181.8044147532494,182.34243461484422,-1.0742997962097434,False,0.011164655685503778,57.53385890438691,-5.0414753249413025,0.8047337278107076,1,1,failed_breakout_short,181.5758410208128,TP3,2023-07-11 01:30:00+00:00,14.315995673525505,209.65346184007896,30,True
2023-07-13 01:45:00+00:00,18,GBP_JPY,SHORT,180.04500000000002,180.2811714690278,179.83648559291657,179.83648559291657,179.83648559291657,1728.91,3,ASIAN,2.5,0.1611041567659381,29.859850393687548,60.26195820180333,179.94692118255776,180.71377274370815,-3.9323040230726747,False,0.05064971584101653,84.33453090291685,13.30788174422537,0.6068965517240528,1,3,failed_breakout_short,180.2811714690278,SL,2023-07-13 05:00:00+00:00,-23.617146902779496,-408.319214516845,195,False
2023-07-13 06:15:00+00:00,18,GBP_JPY,SHORT,180.252,180.40434586915705,180.0729623925288,180.0729623925288,180.0729623925288,2653.41,5,ASIAN,2.5,0.14128518557741584,27.303092088254367,60.83877329338597,180.0903768240108,180.63254567296053,14.86280867472658,False,0.0013298497141349813,53.51147129968307,19.662317598920254,0.2926829268293021,6,3,failed_breakout_short,180.0729623925288,TP3,2023-07-13 06:45:00+00:00,17.903828221655733,475.06196841623535,30,True
2023-07-18 07:15:00+00:00,18,GBP_JPY,LONG,181.198,180.95934129264788,181.37197612205634,181.37197612205634,181.37197612205634,1713.69,4,ASIAN,2.5,0.14579474222534228,35.39532847804422,43.001916204412915,181.33350140330825,181.33738387927306,-25.19605625763006,False,-0.018868556896450575,41.388900885337776,-17.050140330823638,0.30869565217391787,7,1,failed_breakout_long,180.95934129264788,SL,2023-07-18 07:45:00+00:00,-23.86587073521298,-408.9870402022713,30,False
2023-07-19 12:45:00+00:00,18,GBP_JPY,LONG,180.384,179.9095078782895,180.7074763651314,180.7074763651314,180.7074763651314,853.33,2,LONDON,2.5,0.23219965460516817,34.414372965420434,41.73940603724578,180.79955995731234,181.08818847057918,-23.17749453272029,False,-0.041827529591402623,28.903513149714474,-44.45599573123502,0.5357142857142391,12,2,failed_breakout_long,179.9095078782895,SL,2023-07-19 14:45:00+00:00,-47.449212171048316,-404.8983622192066,120,False
2023-07-20 00:15:00+00:00,18,GBP_JPY,LONG,180.628,180.4442456231554,180.7692631305337,180.7692631305337,180.7692631305337,2181.43,3,ASIAN,2.5,0.12225812842562639,28.030234867618628,51.88445589742088,180.56150953184826,180.85348830367403,18.784329028642333,False,-0.017131782129371095,35.91970652404907,3.149046815173051,0.4619565217390255,0,3,failed_breakout_long,180.4442456231554,SL,2023-07-20 01:00:00+00:00,-18.37543768445755,-400.84731028006235,45,False
2023-07-20 12:45:00+00:00,18,GBP_JPY,LONG,180.007,179.62622320185707,180.21733039442876,180.21733039442876,180.21733039442876,1042.18,3,LONDON,2.5,0.161156910836846,21.71986008717386,47.27115121999793,180.15618380171733,180.58559098213968,-1.4206196049741493,False,0.0013898764950012882,47.827006871124844,-17.81838017173243,0.7197802197801563,12,3,failed_breakout_long,180.21733039442876,TP3,2023-07-20 14:30:00+00:00,21.033241260598054,219.20423376970083,105,True
2023-07-24 01:00:00+00:00,18,GBP_JPY,SHORT,182.102,182.36019779046552,181.9534066286035,181.9534066286035,181.9534066286035,1545.45,3,ASIAN,2.5,0.13122446800737114,18.62633889926041,48.30811669697366,182.04886098069056,181.3055326498541,10.530455218784596,False,-0.0033775152265080287,66.5416622022191,8.813901930943757,0.552845528455246,1,0,failed_breakout_short,181.9534066286035,TP3,2023-07-24 01:15:00+00:00,14.859433288586398,229.6451117584585,15,True
2023-07-24 02:15:00+00:00,18,GBP_JPY,LONG,181.938,181.71011189308155,182.12166432075534,182.12166432075534,182.12166432075534,1761.07,3,ASIAN,2.5,0.1457207699914132,30.935323976836745,39.91912005900609,182.02703668601043,181.33607906053126,-12.416194326448249,False,-0.04256112567844832,21.51431611503393,-12.40366860104416,0.7448275862068722,2,0,failed_breakout_long,182.12166432075534,TP3,2023-07-24 05:00:00+00:00,18.366536366858814,323.44756199584054,165,True
2023-07-24 06:15:00+00:00,18,GBP_JPY,SHORT,182.11,182.3475821239666,181.94225362810027,181.94225362810027,181.94225362810027,1702.83,2,ASIAN,2.5,0.13586680165221013,32.34618171153208,54.67682273677688,182.02704413865322,181.4360386809444,11.78186373306005,False,0.035710065408946154,72.66961431439456,11.795586134678615,0.20689655172413118,6,0,failed_breakout_short,181.94225362810027,TP3,2023-07-24 07:15:00+00:00,16.774735700319535,285.6452319257511,60,True
2023-07-25 02:00:00+00:00,18,GBP_JPY,SHORT,181.324,181.52228616966582,181.1871414910026,181.1871414910026,181.1871414910026,2054.7,3,ASIAN,2.5,0.1132457436650614,16.701933937464254,50.09001527190075,181.36727554852797,181.37638498621467,13.65860017078262,False,-0.0011084649286814477,56.969255201931894,-0.8275548527961973,0.33333333333323467,2,1,failed_breakout_short,181.52228616966582,SL,2023-07-25 04:15:00+00:00,-19.828616966580626,-407.41859281233207,135,False
2023-07-26 13:45:00+00:00,18,GBP_JPY,SHORT,181.345,181.48705228133466,181.139843155996,181.139843155996,181.139843155996,2839.41,2,OVERLAP,2.5,0.15723995105008798,25.44726295198354,54.961577462855864,181.36985833326906,181.47766557968262,18.411962327047604,False,0.038665613123264844,89.47171583096652,0.41416667309306376,0.08139534883725541,13,2,failed_breakout_short,181.48705228133466,SL,2023-07-26 14:15:00+00:00,-14.205228133465654,-403.3446681444371,30,False
2023-07-26 19:15:00+00:00,18,GBP_JPY,LONG,181.421,181.13779046951382,181.62062859145857,181.62062859145857,181.62062859145857,1409.95,4,NY,2.5,0.1606748423314973,24.960126342204745,48.54710908811826,181.4181960136681,181.4735460756362,6.524987029095541,False,-0.02112611177812247,40.501262361973666,-3.2196013668112755,0.3611111111111586,19,2,failed_breakout_long,181.62062859145857,TP3,2023-07-26 20:00:00+00:00,19.963000731439774,281.4683288129351,45,True
2023-07-27 08:00:00+00:00,18,GBP_JPY,SHORT,181.673,181.82875667863937,181.42672996408191,181.42672996408191,181.42672996408191,2581.76,2,LONDON,2.5,0.18790526033023536,20.629141642746642,60.89804589685841,181.42891072203767,181.45548455794324,4.633333333333667,False,0.03606385118147387,82.21424502049634,27.30892779623275,0.1102040816327132,8,3,failed_breakout_short,181.82875667863937,SL,2023-07-27 08:45:00+00:00,-15.575667863936358,-402.1263626439634,45,False
2023-07-27 12:45:00+00:00,18,GBP_JPY,LONG,181.486,181.26869333186562,181.7369200044031,181.7369200044031,181.7369200044031,1831.99,4,LONDON,2.5,0.1914980979638252,29.313863833787032,44.719226045878194,181.54287206452145,181.49041041304446,-13.71005436857331,False,-0.040644117041588546,25.503308741268842,-8.587206452145324,0.050980392156884165,12,3,failed_breakout_long,181.26869333186562,SL,2023-07-27 13:00:00+00:00,-21.730666813436983,-398.1036429554842,15,False
2023-08-01 14:15:00+00:00,18,GBP_JPY,SHORT,182.88400000000001,183.24509452975835,182.609716410725,182.609716410725,182.609716410725,1091.47,4,OVERLAP,2.5,0.20138984097976265,37.23001393067886,51.43442630291105,182.87092533885087,182.22810333141405,2.4636781648837314,False,0.02752571748203426,53.01838148194855,4.207466114914382,0.6178010471203845,14,1,failed_breakout_short,182.609716410725,TP3,2023-08-01 15:15:00+00:00,27.428610224914834,299.37505202187793,60,True
2023-08-04 12:45:00+00:00,18,GBP_JPY,LONG,181.317,180.97272792528156,181.5408162241553,181.5408162241553,181.5408162241553,1153.5,3,LONDON,2.5,0.16921956733422677,23.36571261002888,51.55899482546982,181.2812860919739,181.57029813382414,4.476781785987782,False,-0.003411140073007357,44.725491691455794,0.6713908026114268,0.4269662921349606,12,4,failed_breakout_long,180.97272792528156,SL,2023-08-04 13:45:00+00:00,-34.42720747184467,-397.11783818772824,60,False
2023-08-09 08:15:00+00:00,18,GBP_JPY,SHORT,182.734,183.00219917243675,182.57040248268973,182.57040248268973,182.57040248268973,1465.87,2,LONDON,2.5,0.13072703452541615,31.145737015474143,52.658054698864795,182.65581164243815,182.24983501157496,-3.451247808914104,False,0.007008397784558085,46.023991437827,10.718835756185285,0.0496894409936726,8,2,failed_breakout_short,182.57040248268973,TP3,2023-08-09 09:30:00+00:00,16.3598633354112,239.81432867479216,75,True
2023-08-09 12:30:00+00:00,18,GBP_JPY,LONG,182.65,182.30426130200397,182.82421609398813,182.82421609398813,182.82421609398813,1144.06,3,LONDON,2.5,0.13737186770693027,15.493927337536471,49.70188508804226,182.62482028409343,182.30419566600798,-0.5107394618306671,False,-0.0002399078634283923,49.748055295115826,-0.3820284093421833,0.35802469135814163,12,2,failed_breakout_long,182.82421609398813,TP3,2023-08-09 14:30:00+00:00,17.421761677620957,199.31540664899032,120,True
2023-08-10 01:00:00+00:00,18,GBP_JPY,SHORT,182.76,182.93046739877957,182.65859780366125,182.65859780366125,182.65859780366125,2332.04,3,ASIAN,2.5,0.09393945487635647,27.52201927521387,52.631569607576765,182.74673346441173,182.4803304706065,9.47377669396019,False,0.0066342771665068995,50.38206700895577,4.8266535588254555,0.2030075187970921,1,3,failed_breakout_short,182.93046739877957,SL,2023-08-10 02:00:00+00:00,-17.04673987795786,-397.5367926499285,60,False
2023-08-11 01:15:00+00:00,18,GBP_JPY,SHORT,183.568,183.69162894670902,183.463113159873,183.463113159873,183.463113159873,3183.41,2,ASIAN,2.5,0.09202518674530116,26.13720274677501,55.065655884522876,183.53672465211025,183.11608266718036,-8.597494768505953,False,0.02035356471529953,79.01783678758169,6.627534788975709,0.4342105263154942,1,4,failed_breakout_short,183.463113159873,TP3,2023-08-11 04:15:00+00:00,10.488716960654344,333.89886459716644,180,True
2023-08-14 00:30:00+00:00,18,GBP_JPY,SHORT,183.969,184.17687121152292,183.83638636543122,183.83638636543122,183.83638636543122,1909.36,3,ASIAN,2.5,0.11597510711400065,32.99260930385894,53.1138173778668,183.9355717106039,183.57697394935494,10.63505667786444,False,0.003330850259577944,68.65965258370223,6.842828939608125,0.4502923976607536,0,0,failed_breakout_short,183.83638636543122,TP3,2023-08-14 01:00:00+00:00,13.261432911372005,253.2084954365725,30,True
2023-08-14 06:15:00+00:00,18,GBP_JPY,LONG,183.657,183.4881798436871,183.78646046893874,183.78646046893874,183.78646046893874,2366.03,4,ASIAN,2.5,0.10809457600969104,33.294409200871854,42.4106124012162,183.76873056541328,183.59494167737301,-22.829438618856557,False,0.011120710066960748,37.93938415594315,-14.673056541326446,0.35227272727281905,6,0,failed_breakout_long,183.78646046893874,TP3,2023-08-14 07:15:00+00:00,12.946101610199186,306.30864792779585,60,True
2023-08-14 07:30:00+00:00,18,GBP_JPY,SHORT,183.69400000000002,183.86799997638238,183.5460000708528,183.5460000708528,183.5460000708528,2313.2,2,ASIAN,2.5,0.12171424185303384,25.822390299409875,52.04525665373256,183.75483533203496,183.59957402763618,-11.090657211917687,False,0.022276106231567235,66.56904868785895,-2.583533203494426,0.46610169491509096,7,0,failed_breakout_short,183.86799997638238,SL,2023-08-14 08:15:00+00:00,-17.399997638236187,-402.4967453676794,45,False
2023-08-14 13:00:00+00:00,18,GBP_JPY,LONG,183.986,183.81036556129655,184.16590331611033,184.16590331611033,184.16590331611033,2268.75,3,OVERLAP,2.5,0.13696395759211924,35.5968812072676,48.00077780553235,183.92906420137916,183.68805967241462,-7.609289120748031,False,-0.034331496747239135,23.24437995356999,2.7935798620831065,0.009345794392568049,13,0,failed_breakout_long,183.81036556129655,SL,2023-08-14 13:15:00+00:00,-17.56344387034403,-398.4706328084302,15,False
2023-08-15 01:45:00+00:00,18,GBP_JPY,LONG,184.522,184.30830103812292,184.64809688563125,184.64809688563125,184.64809688563125,1845.99,4,ASIAN,2.5,0.10629807205744134,30.39240017972937,50.24914680854267,184.40016639173763,183.98122845276507,32.7592148463566,False,-0.020824978871527098,51.16133194705734,8.683360826236708,0.8695652173910089,1,1,failed_breakout_long,184.64809688563125,TP3,2023-08-15 03:15:00+00:00,12.609756871667686,232.77485087529834,90,True
2023-08-16 06:45:00+00:00,18,GBP_JPY,SHORT,184.94,185.17597217841507,184.79808346475474,184.79808346475474,184.79808346475474,1681.61,3,ASIAN,2.5,0.11944833134229538,27.480356171513254,58.55976137564142,184.8717446665013,184.6181338973452,-3.1429444290523634,False,0.031577679695386746,76.75712265876143,10.325533349870852,0.12230215827334305,6,2,failed_breakout_short,185.17597217841507,SL,2023-08-16 07:00:00+00:00,-23.59721784150679,-396.8131749445623,15,False
2023-08-17 06:15:00+00:00,18,GBP_JPY,SHORT,186.202,186.33728949647434,186.11013151057696,186.11013151057696,186.11013151057696,2903.74,2,ASIAN,2.5,0.08668049345236059,18.90713748862295,54.17233374609252,186.12482357499024,185.47507955496735,30.876332727922318,False,-0.0002037679427973893,55.009920634919354,11.21764250097499,0.19298245614026777,6,3,failed_breakout_short,186.33728949647434,SL,2023-08-17 06:30:00+00:00,-13.528949647434274,-392.84552249240795,15,False
2023-08-17 12:45:00+00:00,18,GBP_JPY,SHORT,186.145,186.37078929600912,185.9286321119726,185.9286321119726,185.9286321119726,1722.48,3,LONDON,2.5,0.16253726401696067,20.788461462569717,52.414282885989515,186.1162534463068,185.62288167582582,8.456758823783161,False,0.015237150916007323,59.25488717057555,5.774655369319248,0.6040268456376031,12,3,failed_breakout_short,186.37078929600912,SL,2023-08-17 15:45:00+00:00,-22.57892960091112,-388.9175465897739,180,False
2023-08-21 07:15:00+00:00,18,GBP_JPY,LONG,185.283,185.01517190852474,185.43348427442575,185.43348427442575,185.43348427442575,1437.6,5,ASIAN,2.5,0.12046645559690687,15.83083143990383,55.203351439636585,185.15545116435746,185.30842051986934,18.326866494132332,False,3.9131757444826887e-07,61.48222000664779,9.254883564253191,0.0,7,0,failed_breakout_long,185.01517190852474,SL,2023-08-21 08:30:00+00:00,-26.7828091475252,-385.02966430482223,75,False
2023-08-22 06:30:00+00:00,18,GBP_JPY,SHORT,186.577,186.70656758016221,186.47229725951337,186.47229725951337,186.47229725951337,2941.93,2,ASIAN,2.5,0.09476836315839217,28.676130339641443,60.93335779769683,186.44002599361747,185.9383330984064,39.98131986566591,False,0.017281364800671144,76.82838364349207,17.197400638252702,0.008620689655212545,6,1,failed_breakout_short,186.47229725951337,TP3,2023-08-22 06:45:00+00:00,10.470309638476643,308.02918034723587,15,True
2023-08-25 00:30:00+00:00,18,GBP_JPY,SHORT,183.808,183.9602010993852,183.6863967018444,183.6863967018444,183.6863967018444,2524.68,3,ASIAN,2.5,0.10287347028679572,20.040893575881928,49.198232090894095,183.94057701218526,184.4187846079896,-32.26030741384136,False,0.026546630757531824,67.71919336450479,-9.757701218526904,0.7469879518073856,0,4,failed_breakout_short,183.9602010993852,SL,2023-08-25 01:00:00+00:00,-15.220109938519498,-384.2590715958141,30,False
2023-08-28 14:00:00+00:00,18,GBP_JPY,SHORT,184.42000000000002,184.62469879506855,184.28790361479435,184.28790361479435,184.28790361479435,1858.42,3,OVERLAP,2.5,0.1096549051273135,20.54361381993415,52.79416048857087,184.3931671509461,184.2896683469534,5.757991664157203,False,0.013852276372023232,67.22486053094498,5.583284905389974,0.5539568345324344,14,0,failed_breakout_short,184.28790361479435,TP3,2023-08-28 15:45:00+00:00,13.209709600508742,245.4918851577746,105,True
2023-08-29 00:15:00+00:00,18,GBP_JPY,SHORT,184.617,184.76504880633385,184.5288535809984,184.5288535809984,184.5288535809984,2586.11,2,ASIAN,2.5,0.08266206890575127,24.16434508023411,55.86185501752979,184.5548441156973,184.38445246554386,18.59689157940352,False,0.0007833208517917314,59.97286778754944,9.715588430267985,0.02222222222201169,0,1,failed_breakout_short,184.76504880633385,SL,2023-08-29 01:45:00+00:00,-14.80488063338612,-382.8704985480618,90,False
2023-08-31 07:30:00+00:00,18,GBP_JPY,LONG,185.483,185.20719079145252,185.63042762564243,185.63042762564243,185.63042762564243,1374.29,5,ASIAN,2.5,0.12743138730244571,27.38220728164067,42.97623629308049,185.59897148263977,185.20697783903495,-4.74422815991602,False,-0.020175780044521127,33.35785527566579,-15.097148263976123,0.6847290640394482,7,3,failed_breakout_long,185.20719079145252,SL,2023-08-31 08:00:00+00:00,-27.58092085474857,-379.0418372147241,30,False
2023-08-31 14:00:00+00:00,18,GBP_JPY,SHORT,185.012,185.36817457683046,184.79747626950862,184.79747626950862,184.79747626950862,1053.56,2,OVERLAP,2.5,0.1706813569708528,25.073221033739213,46.0425525818272,185.2452917046593,185.17254291434435,-1.5447280864123059,False,0.047209079362760656,75.1672634989411,-20.42917046593118,0.7240143369175657,14,3,failed_breakout_short,184.79747626950862,TP3,2023-08-31 14:45:00+00:00,21.45257666709085,226.01576673380237,45,True
2023-08-31 15:15:00+00:00,18,GBP_JPY,LONG,184.576,184.30514489748484,184.84656530754546,184.84656530754546,184.84656530754546,1393.78,2,OVERLAP,2.5,0.20165947609957624,32.74581186683126,34.082332941229964,185.13938378971946,185.14798959719616,-41.90569565063811,False,-0.04576190279007672,15.636932109789258,-59.238378971946304,0.5374449339206999,15,3,failed_breakout_long,184.30514489748484,SL,2023-08-31 16:15:00+00:00,-27.085510251515643,-377.5124247835747,60,False
