timestamp,strategy_id,pair,signal_direction,entry_price,sl_price,tp1_price,tp2_price,tp3_price,lot_size,confluence_score,session,spread_at_entry,atr_at_entry,adx_at_entry,rsi_at_entry,ema_50_value,ema_200_value,vwap_deviation,news_within_60min,macd_hist_at_entry,stoch_k_at_entry,distance_from_ema50_pips,candle_body_ratio,hour_of_day,day_of_week,entry_pattern,exit_price,exit_reason,exit_time,pnl_pips,pnl_dollars,hold_time_minutes,win
2021-01-06 01:45:00+00:00,18,EUR_USD,LONG,1.22916,1.228401257713991,1.2302562268580273,1.2302562268580273,1.2302562268580273,1317970.57,5,ASIAN,1.5,0.0008962356740168774,23.847683362748086,43.19703983576474,1.2290800558123955,1.2276561381217668,6.410684716153803,False,-0.00013083843724873823,14.765847368338179,-1.7005581239559753,0.04545454545459133,1,2,failed_breakout_long,1.228401257713991,SL,2021-01-06 02:15:00+00:00,-7.587422860091396,-1000.000003174569,30,False
2021-01-08 01:30:00+00:00,18,EUR_USD,LONG,1.225,1.2233203111823108,1.2259190664530681,1.2259190664530681,1.2259190664530681,589394.89,3,ASIAN,1.5,0.0008115649471374804,34.590857578925174,38.71243583054314,1.2267654145797482,1.2286358716324919,-21.12019683779609,False,-0.00028559054455056215,15.77740006295179,-20.15414579748187,0.8211382113820346,1,4,failed_breakout_long,1.2259190664530681,TP3,2021-01-08 02:30:00+00:00,9.190664686614417,541.6930801993989,60,True
2021-01-12 01:45:00+00:00,18,EUR_USD,LONG,1.2151500000000002,1.2137757434768535,1.2158427695694392,1.2158427695694392,1.2158427695694392,724331.24,3,ASIAN,1.5,0.0006429049715575142,28.282735761714186,43.90939141715279,1.2158698180253127,1.219643825528805,-12.750990522727434,False,-7.403957932275505e-05,19.23588039867573,-9.698180253125965,0.6144578313252336,1,1,failed_breakout_long,1.2158427695694392,TP3,2021-01-12 06:45:00+00:00,6.927695790032426,501.79464819369673,300,True
2021-01-14 08:15:00+00:00,18,EUR_USD,SHORT,1.2145599999999999,1.2158930733179982,1.2136607800460053,1.2136607800460053,1.2136607800460053,750472.51,5,LONDON,1.5,0.0007492790191395317,31.213021163635375,46.06839994954887,1.2154612429139,1.217113871539817,-3.3593430176481753,False,2.5967294401690286e-05,52.97517907712683,-7.11242913900012,0.4380952380951495,8,3,failed_breakout_short,1.2158930733179982,SL,2021-01-14 08:30:00+00:00,-13.330733179983678,-1000.4348789722633,15,False
2021-01-14 08:45:00+00:00,18,EUR_USD,SHORT,1.21566,1.2163121652588862,1.2146435042233414,1.2146435042233414,1.2146435042233414,1518680.3,3,LONDON,1.5,0.0008018783379315281,26.439306562772227,57.341940477113816,1.215491889364196,1.2170890420249079,5.0964051095214735,False,0.00013502021021431044,75.98080345792023,3.5811063580415414,0.051948051947819755,8,3,failed_breakout_short,1.2163121652588862,SL,2021-01-14 09:30:00+00:00,-6.521652588862281,-990.4305310149147,45,False
2021-01-15 06:00:00+00:00,18,EUR_USD,LONG,1.21435,1.2136352585356647,1.214774224393006,1.214774224393006,1.214774224393006,1371861.4,3,ASIAN,1.5,0.0004523770051941635,32.24649235100277,37.66663832900311,1.2149008271808572,1.2158215857597614,-3.5128836712505773,False,-9.310857980844543e-05,29.575057686914988,-8.008271808572776,0.2653061224488501,6,4,failed_breakout_long,1.2136352585356647,SL,2021-01-15 06:30:00+00:00,-7.147414643353666,-980.5262259011661,30,False
2021-01-18 07:15:00+00:00,18,EUR_USD,SHORT,1.20772,1.2085394671180805,1.2071915986457586,1.2071915986457586,1.2071915986457586,1184575.85,3,ASIAN,1.5,0.0005332960764350497,32.1822476005382,54.97965451536407,1.208085929033643,1.2115303683901948,-21.195203572377252,False,0.0001299311167091485,74.49078241157507,-1.159290336429919,0.4166666666667181,7,0,failed_breakout_short,1.2071915986457586,TP3,2021-01-18 07:45:00+00:00,5.284013587019389,625.9314886255042,30,True
2021-01-20 00:45:00+00:00,18,EUR_USD,SHORT,1.21397,1.214613492886841,1.2134295213394772,1.2134295213394772,1.2134295213394772,1518245.65,4,ASIAN,1.5,0.0005122010755617744,23.103906520404557,69.56506491175696,1.2127081172760095,1.2110811172895186,15.415867959354124,False,0.00014106932036816116,86.76975945016943,15.118827239906096,0.156249999999588,0,2,failed_breakout_short,1.214613492886841,SL,2021-01-20 02:15:00+00:00,-6.434928868410682,-976.9802762523941,90,False
2021-01-28 07:45:00+00:00,18,EUR_USD,LONG,1.20963,1.2079552742654187,1.2105041772037437,1.2105041772037437,1.2105041772037437,577533.65,2,ASIAN,1.5,0.0007816335070795687,30.296605332859173,48.63685369796102,1.2098971817257957,1.2122069717347586,-10.052921391523473,False,-2.968335088674275e-05,29.287059456553653,-5.171817257958455,0.6333333333331791,7,3,failed_breakout_long,1.2105041772037437,TP3,2021-01-28 08:00:00+00:00,8.741772188801058,504.8667599666764,15,True
2021-01-28 08:15:00+00:00,18,EUR_USD,SHORT,1.21017,1.210972544128287,1.2090923676151393,1.2090923676151393,1.2090923676151393,1211471.25,4,LONDON,1.5,0.0008797248096757584,32.455552907177065,55.968463937885076,1.2099365372255424,1.2121713840664385,0.29332886245514445,False,0.0001003180869807505,70.56918023223655,4.2346277445770575,0.06766917293227058,8,3,failed_breakout_short,1.2090923676151393,TP3,2021-01-28 08:45:00+00:00,10.776323937559308,1305.5206631039898,30,True
2021-01-28 14:15:00+00:00,18,EUR_USD,SHORT,1.2125599999999999,1.2136229288793141,1.2110612133620575,1.2110612133620575,1.2110612133620575,926980.5,4,OVERLAP,1.5,0.0011111536330119655,30.558715533325895,63.88886654611435,1.2104513943278958,1.2118520203960217,20.217590189235413,False,0.00026007921005922357,81.13867025683453,22.986056721041592,0.1739130434782294,14,3,failed_breakout_short,1.2136229288793141,SL,2021-01-28 14:30:00+00:00,-10.629288793142509,-985.314344011164,15,False
2021-02-02 09:00:00+00:00,18,EUR_USD,SHORT,1.2080499999999998,1.2090197704630512,1.2072506886108463,1.2072506886108463,1.2072506886108463,1005868.13,3,LONDON,1.5,0.0006695737170951471,31.31219179261825,58.832834393233455,1.2075648317420116,1.2093823053257902,4.253371624356461,False,0.00013133666160913455,83.2155309984966,6.751682579884122,0.5250000000000208,9,1,failed_breakout_short,1.2072506886108463,TP3,2021-02-02 09:30:00+00:00,7.993113971000503,804.0018602887151,30,True
2021-02-03 14:45:00+00:00,18,EUR_USD,SHORT,1.2024599999999999,1.2033326524124068,1.2014120427627797,1.2014120427627797,1.2014120427627797,1127025.16,3,OVERLAP,1.5,0.0007984973373268151,31.767211868049586,54.32204549647636,1.2027344762187695,1.2050801944754774,3.5959073281865983,False,0.00019669359151807444,73.35025720634464,-0.8447621876950251,0.06666666666663378,14,2,failed_breakout_short,1.2014120427627797,TP3,2021-02-03 15:15:00+00:00,10.47957246518613,1181.0741834307994,30,True
2021-02-03 16:00:00+00:00,18,EUR_USD,LONG,1.2022100000000002,1.2000613059343583,1.2033060821969255,1.2033060821969255,1.2033060821969255,463217.16,2,OVERLAP,1.5,0.000873288979049073,28.35730139407216,49.64678761576877,1.202506591660393,1.2049045725055227,-1.4108429005821321,False,2.3837844391966147e-05,31.93447538839578,-4.865916603928877,0.8971962616823904,16,2,failed_breakout_long,1.2033060821969255,TP3,2021-02-03 20:30:00+00:00,10.960822205876353,507.72409334709795,270,True
2021-02-09 15:00:00+00:00,18,EUR_USD,LONG,1.20988,1.2086204311171518,1.2108887066485443,1.2108887066485443,1.2108887066485443,794231.44,4,OVERLAP,1.5,0.0008127707824322891,24.57511213406317,50.64734472171212,1.208933197519915,1.2055914726671324,-1.450341345434758,False,-0.00017647485537359138,39.54522809940794,7.5680248008502815,0.565656565656432,15,1,failed_breakout_long,1.2108887066485443,TP3,2021-02-09 17:15:00+00:00,10.087066612446561,801.1465440979354,135,True
2021-02-18 01:00:00+00:00,18,EUR_USD,SHORT,1.20447,1.205116693561305,1.2040999193160853,1.2040999193160853,1.2040999193160853,1559317.63,4,ASIAN,1.5,0.0004152880424233659,19.922398924093912,56.12587550284267,1.2047507926533099,1.208138859502742,-2.325014474557907,False,8.019436958133248e-05,77.26207613005441,-0.3079265330985237,0.318181818181887,1,3,failed_breakout_short,1.2040999193160853,TP3,2021-02-18 02:00:00+00:00,3.700806862879922,577.0733386513655,60,True
2021-02-24 01:30:00+00:00,18,EUR_USD,SHORT,1.21553,1.2165089201283124,1.2148532396150629,1.2148532396150629,1.2148532396150629,1036010.37,3,ASIAN,1.5,0.0006058516668659024,20.566911941418873,58.716424135971536,1.2152187051767576,1.2144632728424383,6.32922066719388,False,0.00010609880498406828,73.13320825516303,5.612948232425197,0.13333333333320174,1,2,failed_breakout_short,1.2165089201283124,SL,2021-02-24 01:45:00+00:00,-9.78920128312355,-1014.1714043333303,15,False
2021-03-03 09:00:00+00:00,18,EUR_USD,LONG,1.2085000000000001,1.2071022687613109,1.2092931937160674,1.2092931937160674,1.2092931937160674,718328.15,3,LONDON,1.5,0.0006686437289940677,24.4331863734618,48.5810585153063,1.2081701558394438,1.2071669346760618,2.044609214322257,False,-9.569859901542337e-05,19.17481689329099,1.3984416055623505,0.9166666666666446,9,2,failed_breakout_long,1.2092931937160674,TP3,2021-03-03 09:30:00+00:00,7.931937271094504,569.7733825861364,30,True
2021-03-04 15:30:00+00:00,18,EUR_USD,LONG,1.2035000000000002,1.2023705805343958,1.2044482583968128,1.2044482583968128,1.2044482583968128,894023.39,4,OVERLAP,1.5,0.0007860647218364055,32.560567097326896,44.94167865147149,1.2042718990942993,1.2057867891400538,-4.078714801121208,False,2.1338640348436417e-05,41.904761904762104,-9.618990942992234,0.39473684210526827,15,3,failed_breakout_long,1.2044482583968128,TP3,2021-03-04 16:00:00+00:00,9.48258407419202,847.7651959969163,30,True
2021-03-10 13:00:00+00:00,18,EUR_USD,LONG,1.1894000000000002,1.1881613910976907,1.1902258267069277,1.1902258267069277,1.1902258267069277,822055.35,3,OVERLAP,1.5,0.0007288451042885499,25.401850399651728,52.61030462783381,1.1888628887594663,1.189186644753201,1.2672594759988165,False,-7.947018502045224e-05,52.777093596066756,3.4711124053377063,0.5000000000000793,13,2,failed_breakout_long,1.1902258267069277,TP3,2021-03-10 13:30:00+00:00,8.25826716973312,678.875270860847,30,True
2021-03-11 07:45:00+00:00,18,EUR_USD,SHORT,1.19357,1.1944344244471046,1.193026726658686,1.193026726658686,1.193026726658686,1185752.94,4,ASIAN,1.5,0.0005382168303373061,25.68604318758271,63.638080805243916,1.1924527060843795,1.1907697722089001,30.180937722017465,False,0.00012495119210575214,78.50723247841843,13.672939156206265,0.36363636363611895,7,3,failed_breakout_short,1.1944344244471046,SL,2021-03-11 08:00:00+00:00,-8.644244471045504,-1024.993829562095,15,False
2021-03-17 01:45:00+00:00,18,EUR_USD,LONG,1.1899300000000002,1.1891975105536832,1.1903174683389508,1.1903174683389508,1.1903174683389508,1385335.85,2,ASIAN,1.5,0.00041390897173136085,32.76393265756292,40.449116484616866,1.1905700395832213,1.19212565545637,-17.289281135945966,False,-5.856600190465568e-05,22.265641347565918,-8.900395832212027,0.3333333333338816,1,2,failed_breakout_long,1.1903174683389508,TP3,2021-03-17 03:00:00+00:00,3.874683417475744,536.7737845629665,75,True
2021-03-18 12:45:00+00:00,18,EUR_USD,LONG,1.193,1.1921319393985164,1.1940941818044513,1.1940941818044513,1.1940941818044513,1175161.76,2,LONDON,1.5,0.0008435411170413714,35.08116290657837,33.07931827441604,1.1949882122975242,1.1938463324983768,-12.64267980546796,False,-7.087364331335587e-05,26.041396417896383,-21.7821229752424,0.14705882352939256,12,3,failed_breakout_long,1.1921319393985164,SL,2021-03-18 13:00:00+00:00,-8.680606014837,-1020.1116242262435,15,False
2021-03-19 08:00:00+00:00,18,EUR_USD,SHORT,1.19302,1.1937696460939435,1.1923410617181698,1.1923410617181698,1.1923410617181698,1347183.05,3,LONDON,1.5,0.0005921998887520561,34.71992095856127,66.39581876518048,1.1919677005556413,1.1927172847399072,-0.7333333333314762,False,0.0001683584455235998,74.85346730608121,12.422994443588298,0.013157894736634515,8,4,failed_breakout_short,1.1923410617181698,TP3,2021-03-19 08:45:00+00:00,6.789382868698765,914.6541520671353,45,True
2021-03-19 16:00:00+00:00,18,EUR_USD,SHORT,1.1902599999999999,1.1913196803475656,1.189190958957303,1.189190958957303,1.189190958957303,961664.58,3,OVERLAP,1.5,0.0008429777883362384,36.38879947131185,57.06406669362894,1.1902395922978724,1.191907089220228,6.896262786952878,False,0.0003090837424397409,87.04975355790951,2.1040770212765736,0.47191011235961783,16,4,failed_breakout_short,1.189190958957303,TP3,2021-03-21 21:00:00+00:00,10.69041053813352,1028.0589160181746,3180,True
2021-03-23 00:30:00+00:00,18,EUR_USD,LONG,1.19344,1.1926348361048558,1.193865491685433,1.193865491685433,1.193865491685433,1278420.02,4,ASIAN,1.5,0.0004531615195538438,23.83305256899008,48.14069661006953,1.192903316265763,1.191695757733523,11.733016535351304,False,-5.402472990366157e-05,46.42572680206899,2.866837342370143,0.42857142857142855,0,1,failed_breakout_long,1.1926348361048558,SL,2021-03-23 01:45:00+00:00,-8.051638951442895,-1029.3376429336406,75,False
2021-03-23 02:00:00+00:00,18,EUR_USD,LONG,1.19323,1.192594588015708,1.193686235952876,1.193686235952876,1.193686235952876,1603753.61,4,ASIAN,1.5,0.00046719368511370353,21.075712810197412,44.50786770405238,1.192974284930181,1.1917859213417756,8.737913818319676,False,-4.624877654625938e-05,40.95774422878066,0.057150698189456506,0.04761904761882104,2,1,failed_breakout_long,1.192594588015708,SL,2021-03-23 02:15:00+00:00,-6.354119842919558,-1019.0442636454876,15,False
2021-03-25 01:45:00+00:00,18,EUR_USD,LONG,1.18144,1.1806711634703015,1.1818465095890955,1.1818465095890955,1.1818465095890955,1312182.48,4,ASIAN,1.5,0.00044212498372586066,37.55648246736291,44.470649139510016,1.1818746942924112,1.1849285688493445,-12.811537203412104,False,4.2559456945082206e-05,53.90946502057809,-6.846942924112476,0.34000000000004443,1,3,failed_breakout_long,1.1818465095890955,TP3,2021-03-25 02:00:00+00:00,4.065095921934593,533.4147648282021,15,True
2021-03-25 08:15:00+00:00,18,EUR_USD,LONG,1.18121,1.1801987193758159,1.1818338418725518,1.1818338418725518,1.1818338418725518,1002874.92,3,LONDON,1.5,0.0005688068734844496,32.94411533726626,41.43599272221758,1.1817903725582313,1.1842249588657396,3.6903854433623096,False,-0.00014437459963009488,27.34360028457031,-7.703725582313137,0.5164835164835031,8,3,failed_breakout_long,1.1801987193758159,SL,2021-03-25 12:30:00+00:00,-10.112806241842074,-1014.1879750762873,255,False
2021-03-29 15:15:00+00:00,18,EUR_USD,LONG,1.17721,1.1758723859453757,1.178242842163873,1.178242842163873,1.178242842163873,750624.66,2,OVERLAP,1.5,0.000806997530016737,27.43816192675717,43.08658945264713,1.1778937280941597,1.1789291486065236,-5.695818184388024,False,-0.00016196726384966513,18.28460038986034,-8.737280941597536,0.9142857142854877,15,0,failed_breakout_long,1.178242842163873,TP3,2021-03-29 15:45:00+00:00,10.328421776327733,775.2768084192601,30,True
2021-03-31 12:15:00+00:00,18,EUR_USD,LONG,1.173,1.1718147002476988,1.1738158992569037,1.1738158992569037,1.1738158992569037,853622.77,2,LONDON,1.5,0.0006805566828452188,28.20103536800916,48.811019820873696,1.1726491457653345,1.1740997892157885,-6.534637273285515,False,-0.00016986943880727986,30.626998274054316,1.6085423466538629,0.43209876543192616,12,2,failed_breakout_long,1.1738158992569037,TP3,2021-03-31 13:45:00+00:00,8.158992664616958,696.470191878001,90,True
2021-03-31 14:30:00+00:00,18,EUR_USD,SHORT,1.17383,1.1749440490372456,1.1729278528882634,1.1729278528882634,1.1729278528882634,914469.23,3,OVERLAP,1.5,0.0007296624977417688,34.3783135778563,58.58975649710556,1.172888551602095,1.1740389261663853,5.4139029725952525,False,0.0001062817417409858,84.22091800760454,11.314483979050216,0.5999999999997632,14,2,failed_breakout_short,1.1749440490372456,SL,2021-03-31 14:45:00+00:00,-11.140490372456568,-1018.7635652722771,15,False
2021-04-01 01:00:00+00:00,18,EUR_USD,SHORT,1.17264,1.1733279999628778,1.1721460001113662,1.1721460001113662,1.1721460001113662,1465953.46,3,ASIAN,1.5,0.0004912856453447516,28.366841451157597,50.628147312261525,1.172973986400904,1.173750737943257,-7.0260247235287565,False,6.336225482278217e-05,71.33557800224635,-0.8398640090390153,0.16279069767439458,1,3,failed_breakout_short,1.1721460001113662,TP3,2021-04-01 04:30:00+00:00,4.939998920035646,724.1808509222519,210,True
2021-04-01 12:45:00+00:00,18,EUR_USD,SHORT,1.1743299999999999,1.175511556032328,1.1733753319030162,1.1733753319030162,1.1733753319030162,859728.79,3,LONDON,1.5,0.0007550326314662116,21.575575430041702,57.30976402267144,1.1735098550847942,1.173583587911221,4.094275781041379,False,2.2488153557200083e-05,65.77375677709654,10.101449152057906,0.3230769230769704,12,3,failed_breakout_short,1.175511556032328,SL,2021-04-01 13:00:00+00:00,-11.815560323280572,-1015.8177379906015,15,False
2021-04-01 13:30:00+00:00,18,EUR_USD,SHORT,1.17532,1.1765199758028515,1.1742800725914455,1.1742800725914455,1.1742800725914455,838066.53,3,OVERLAP,1.5,0.00082281220529566,32.80085233481779,62.171572446560624,1.1737620936206359,1.173647395783832,11.024460524498014,False,0.00012672117713428792,78.75491899687655,17.479063793641725,0.56976744186027,13,3,failed_breakout_short,1.1742800725914455,TP3,2021-04-01 14:00:00+00:00,10.399274209630583,871.5283651383596,30,True
2021-04-02 09:00:00+00:00,18,EUR_USD,SHORT,1.17796,1.178685516285301,1.1775334511440971,1.1775334511440971,1.1775334511440971,1398142.07,3,LONDON,1.5,0.00040095881555889053,20.040102401285964,56.756195343903826,1.177508294858348,1.175718236724017,0.06488708223839623,False,5.273583968993118e-05,72.12543554007104,6.417051416520714,0.07407407407373903,9,4,failed_breakout_short,1.1775334511440971,TP3,2021-04-02 11:15:00+00:00,4.265488589535903,596.3759046135109,135,True
2021-04-02 12:45:00+00:00,18,EUR_USD,LONG,1.17704,1.176186818732614,1.1777295438021573,1.1777295438021573,1.1777295438021573,1195922.41,4,LONDON,1.5,0.0005873366394308306,30.218099581222006,35.10174618042264,1.177482973525067,1.1759678880880933,-5.880715538963965,False,-0.0001287787859529392,33.71126228269,-6.32973525066971,0.08333333333311746,12,4,failed_breakout_long,1.176186818732614,SL,2021-04-02 13:00:00+00:00,-8.531812673859829,-1020.338597459099,15,False
2021-04-06 09:15:00+00:00,18,EUR_USD,SHORT,1.18095,1.1824738189065558,1.1799885432803328,1.1799885432803328,1.1799885432803328,662897.15,3,LONDON,1.5,0.0007728065407464846,20.341455219482338,51.3619950284013,1.180773965419394,1.1787240271626487,0.505334268776636,False,5.338243534905148e-05,73.08596812124118,3.660345806060228,0.8333333333332893,9,1,failed_breakout_short,1.1824738189065558,SL,2021-04-06 12:30:00+00:00,-15.238189065558405,-1010.135210271983,195,False
2021-04-09 01:00:00+00:00,18,EUR_USD,SHORT,1.19157,1.1921275128804905,1.1912274613585285,1.1912274613585285,1.1912274613585285,1793741.27,2,ASIAN,1.5,0.0003882382066252391,27.975529450227103,58.70362091538455,1.1908822607526868,1.18816986057725,21.65059470716102,False,-9.68053076022329e-06,74.45240939865586,9.377392473133295,0.3333333333333333,1,4,failed_breakout_short,1.1912274613585285,TP3,2021-04-09 01:30:00+00:00,3.425386433811228,614.4257012025323,30,True
2021-04-13 00:30:00+00:00,18,EUR_USD,LONG,1.1908,1.1901309451350444,1.191147164594867,1.191147164594867,1.191147164594867,1503879.83,4,ASIAN,1.5,0.0003825304634890717,29.810465240660147,41.14107005645724,1.1908328567343982,1.1899027107368474,-0.7936837454236567,False,-8.842327913759026e-05,23.89664580324347,-2.828567343982069,0.5,0,1,failed_breakout_long,1.1901309451350444,SL,2021-04-13 01:00:00+00:00,-6.690548649557204,-1006.1781165702819,30,False
2021-04-15 01:00:00+00:00,18,EUR_USD,SHORT,1.1983199999999998,1.1988433210983538,1.1980500367049383,1.1980500367049383,1.1980500367049383,1903451.51,4,ASIAN,1.5,0.0003618820398001443,33.662319615313464,63.47540052180856,1.1976602303792963,1.19504324476291,18.208331693454483,False,1.3017928593106123e-05,61.31090868111162,9.097696207036599,0.053571428571768435,1,3,failed_breakout_short,1.1980500367049383,TP3,2021-04-15 01:30:00+00:00,2.699632964798535,513.8620443291549,30,True
2021-04-28 13:45:00+00:00,18,EUR_USD,LONG,1.2073500000000001,1.2057898908466578,1.208240327460027,1.208240327460027,1.208240327460027,641785.2,4,OVERLAP,1.5,0.0007216312847786538,32.1843888626929,51.49416902720926,1.207216962041557,1.207535675330053,1.223421891192178,False,2.8856504924945343e-05,64.66591337099635,-0.5696204155691831,0.6891891891892379,13,2,failed_breakout_long,1.208240327460027,TP3,2021-04-28 14:00:00+00:00,8.903274738996,571.3989959021495,15,True
2021-04-28 19:00:00+00:00,18,EUR_USD,SHORT,1.2112699999999998,1.213766267745829,1.209761196762513,1.209761196762513,1.209761196762513,403389.8,3,NY,1.5,0.0012130686708251594,26.42038283638304,64.65825633692896,1.2086359953053087,1.2079267918121794,28.022604078241642,False,0.00029793483472431975,83.63173181882351,28.84004694691189,0.47701149425297623,19,2,failed_breakout_short,1.213766267745829,SL,2021-04-29 00:45:00+00:00,-24.96267745829117,-1006.9689467364584,345,False
2021-04-29 07:00:00+00:00,18,EUR_USD,LONG,1.21238,1.2116641039535156,1.212867688139453,1.212867688139453,1.212867688139453,1392519.57,5,ASIAN,1.5,0.0005059498006137144,33.45842839358408,36.49754659972463,1.2124719803092674,1.209913664567402,21.561883845075958,False,-0.00018689265472360847,19.076193695866436,-3.4198030926746448,0.11594202898532535,7,3,failed_breakout_long,1.2116641039535156,SL,2021-04-29 07:30:00+00:00,-7.158960464843656,-996.8992548151087,30,False
2021-04-29 13:15:00+00:00,18,EUR_USD,LONG,1.2123700000000002,1.211013436499759,1.2133396905007234,1.2133396905007234,1.2133396905007234,727522.35,4,OVERLAP,1.5,0.000779332214733587,27.499757402164857,47.740822770943446,1.2123387557681262,1.2104176628669887,-0.32754777041787975,False,-4.273219809225695e-06,24.546861184796086,-1.587557681261842,0.40697674418609153,13,3,failed_breakout_long,1.211013436499759,SL,2021-04-29 13:45:00+00:00,-13.565635002412701,-986.9302656197544,30,False
2021-05-04 15:15:00+00:00,18,EUR_USD,LONG,1.20188,1.2002973209746328,1.2031380370761013,1.2031380370761013,1.2031380370761013,617346.25,4,OVERLAP,1.5,0.0010185467613960447,25.24162977036151,47.197813151728845,1.2025239171941948,1.204569221561517,-0.77369081167733,False,-1.1163731022752383e-06,53.724340175955035,-8.339171941948997,0.5204678362572507,15,1,failed_breakout_long,1.20148,TIME,2021-05-04 23:15:00+00:00,-3.9999999999995595,-246.9384999999728,480,False
2021-05-05 01:00:00+00:00,18,EUR_USD,SHORT,1.20162,1.2022411740441397,1.201296477867581,1.201296477867581,1.201296477867581,1568950.9,3,ASIAN,1.5,0.0003807517962593855,28.496201767972806,55.6052981946887,1.2017578781759664,1.2036017778659887,1.288298160320167,False,8.77878472480184e-05,76.8893387314459,1.1212182403363968,0.2499999999998458,1,2,failed_breakout_short,1.2022411740441397,SL,2021-05-05 02:00:00+00:00,-6.211740441397494,-974.5915756096997,60,False
2021-05-06 03:00:00+00:00,18,EUR_USD,LONG,1.20028,1.1996545314358193,1.2006764056925419,1.2006764056925419,1.2006764056925419,1542596.57,4,ASIAN,1.5,0.0004215844763354136,31.485065979217868,42.3387752331301,1.2004376052880457,1.2015798002998552,-1.486272056225868,False,-7.188943251316426e-05,28.83620041663978,-4.076052880457315,0.09999999999992598,3,3,failed_breakout_long,1.2006764056925419,TP3,2021-05-06 05:15:00+00:00,3.9640569511157593,611.4940656075828,135,True
2021-05-10 13:45:00+00:00,18,EUR_USD,SHORT,1.21572,1.2179319407023022,1.2145241778930935,1.2145241778930935,1.2145241778930935,438963.22,3,OVERLAP,1.5,0.0009307470185611186,16.319833477410167,46.391573296372215,1.2160349827583927,1.2118990190619008,-4.887785377791776,False,-6.351975391814417e-05,50.71778077143506,-1.249827583926777,0.617647058823427,13,0,failed_breakout_short,1.2145241778930935,TP3,2021-05-10 18:30:00+00:00,11.958221341483515,524.9219345530323,285,True
2021-05-11 01:00:00+00:00,18,EUR_USD,LONG,1.21323,1.2124635514010795,1.2137193457967612,1.2137193457967612,1.2137193457967612,1273679.44,4,ASIAN,1.5,0.0004862616837093154,33.94018748043237,36.05993418422369,1.214419957958203,1.2128447717275836,-28.36595577430545,False,1.9979140018558373e-05,15.178159966081887,-14.399579582029531,0.5250000000001666,1,1,failed_breakout_long,1.2137193457967612,TP3,2021-05-11 01:45:00+00:00,4.893458006031724,623.2696852786003,45,True
2021-05-11 08:15:00+00:00,18,EUR_USD,SHORT,1.2141,1.2150337482328,1.2133187553015998,1.2133187553015998,1.2133187553015998,1052149.27,2,LONDON,1.5,0.0006433895752001176,25.44984628375896,53.448059077737184,1.2141369203314039,1.2131397053264426,-1.8740231194414037,False,6.33466732270105e-05,84.65289315900122,1.5307966859623434,0.6101694915251877,8,1,failed_breakout_short,1.2150337482328,SL,2021-05-11 08:30:00+00:00,-9.337482328000135,-982.4425215043243,15,False
2021-05-13 02:00:00+00:00,18,EUR_USD,SHORT,1.20814,1.209108311623916,1.207615065128252,1.207615065128252,1.207615065128252,1004447.4,3,ASIAN,1.5,0.0005025787301298015,31.300731749586845,56.212299497678615,1.2084267331595953,1.2113034069059494,-12.050072454650174,False,0.0001617733764018796,76.96826800275352,-0.3673315959518142,0.6874999999994362,2,3,failed_breakout_short,1.207615065128252,TP3,2021-05-13 03:30:00+00:00,5.249348769740902,527.2694723459448,90,True
2021-05-14 01:45:00+00:00,18,EUR_USD,SHORT,1.2080199999999999,1.2085817176974905,1.207604846907529,1.207604846907529,1.207604846907529,1740893.68,4,ASIAN,1.5,0.00043890429533923207,33.85704594417119,57.23458766223781,1.2078496179829885,1.209188572130262,5.201758572999093,False,6.139749462335761e-05,89.16156045751063,4.203820170114447,0.23684210526351157,1,4,failed_breakout_short,1.207604846907529,TP3,2021-05-14 02:45:00+00:00,4.151530948556893,722.7373990667099,60,True
2021-05-25 13:30:00+00:00,18,EUR_USD,LONG,1.2255600000000002,1.2242497035528068,1.2264508893415798,1.2264508893415798,1.2264508893415798,751828.46,3,OVERLAP,1.5,0.0007691219733588162,25.929976032120955,52.259538939450856,1.2244531269057042,1.2220694981346487,-0.5431880018069712,False,-0.00014393634641484548,35.952099621016856,9.168730942958891,0.35714285714301575,13,1,failed_breakout_long,1.2242497035528068,SL,2021-05-25 14:45:00+00:00,-13.10296447193382,-985.1181600368717,75,False
2021-05-27 14:30:00+00:00,18,EUR_USD,SHORT,1.21996,1.2215117370731494,1.218824788780552,1.218824788780552,1.218824788780552,628500.15,2,OVERLAP,1.5,0.000882511707277446,23.08454757155843,55.58372085726841,1.2196607678343971,1.221015153129947,4.879257403713755,False,7.404552503476424e-05,76.93804296026322,4.892321656029264,0.17241379310331625,14,3,failed_breakout_short,1.218824788780552,TP3,2021-05-27 15:30:00+00:00,11.352112375102669,713.4804330568884,60,True
2021-05-28 11:00:00+00:00,18,EUR_USD,LONG,1.2180600000000001,1.2169871553388363,1.2188385339834908,1.2188385339834908,1.2188385339834908,915698.07,2,LONDON,1.5,0.0006345686564467067,32.44117544579261,38.92026211467671,1.218753985605829,1.219832021358733,-10.20736978956327,False,-0.00014709642870496168,25.94578754579109,-8.839856058289186,0.2653061224488501,11,4,failed_breakout_long,1.2169871553388363,SL,2021-05-28 11:30:00+00:00,-10.728446611638631,-982.4017856375534,30,False
2021-06-01 08:30:00+00:00,18,EUR_USD,LONG,1.2224400000000002,1.2214689805633272,1.2232730583100186,1.2232730583100186,1.2232730583100186,1001604.84,5,LONDON,1.5,0.0007011789538209842,32.17662218447367,44.06617110197248,1.2226394756999293,1.221174532003845,-0.23018306661626298,False,-6.764361109642912e-05,16.99745951096018,-3.8947569992919817,0.3578947368421102,8,1,failed_breakout_long,1.2232730583100186,TP3,2021-06-01 09:00:00+00:00,8.330583183356882,834.3952436472861,30,True
2021-06-04 12:15:00+00:00,18,EUR_USD,SHORT,1.2113099999999999,1.2121069236437085,1.2107292290688747,1.2107292290688747,1.2107292290688747,1230885.45,3,LONDON,1.5,0.000536429624029954,17.188774978004915,52.28102743665582,1.211706101414226,1.2152632524841918,2.2433359465878766,False,7.553252735688138e-05,70.26190173036632,-2.0610141422605643,0.2891566265060853,12,4,failed_breakout_short,1.2121069236437085,SL,2021-06-04 12:30:00+00:00,-7.969236437086469,-980.9217178019575,15,False
2021-06-08 12:45:00+00:00,18,EUR_USD,SHORT,1.21739,1.218716383609555,1.216720849171335,1.216720849171335,1.216720849171335,732150.56,4,LONDON,1.5,0.0005954267034592965,19.783375493247956,47.16862428751112,1.21789007174172,1.2173935391110966,-0.43542298242549293,False,7.024583400977007e-05,57.45210263865098,-3.1007174171993057,0.5730337078650368,12,1,failed_breakout_short,1.218716383609555,SL,2021-06-08 14:00:00+00:00,-13.263836095549486,-971.112502510477,75,False
2021-06-08 14:15:00+00:00,18,EUR_USD,SHORT,1.21793,1.2191635489091297,1.217089353272611,1.217089353272611,1.217089353272611,779378.4,2,OVERLAP,1.5,0.0006830194026693933,15.75471449744406,52.7207893963204,1.21792640387772,1.2174319170165773,3.7388772882107624,False,6.219646795131226e-05,76.86694677871255,1.9359612228009304,0.7142857142855632,14,1,failed_breakout_short,1.2191635489091297,SL,2021-06-08 14:45:00+00:00,-12.335489091297445,-961.4013751192858,30,False
2021-06-08 15:00:00+00:00,18,EUR_USD,SHORT,1.21793,1.2193907149975796,1.2170378550072618,1.2170378550072618,1.2170378550072618,651590.05,2,OVERLAP,1.5,0.0007048992812188889,20.85700342846789,51.38398703518057,1.217987003112,1.2174625400594024,2.666344304469437,False,5.9922653256724715e-05,52.727661227659716,1.3299688800016973,0.9795918367345552,15,1,failed_breakout_short,1.21712,TIME,2021-06-08 23:00:00+00:00,8.099999999999774,527.7879404999853,480,True
2021-06-09 08:30:00+00:00,18,EUR_USD,SHORT,1.2184,1.2191172911481225,1.2179681265556321,1.2179681265556321,1.2179681265556321,1334277.23,3,LONDON,1.5,0.0004199692750848829,29.901400902182882,59.51782799753294,1.2179690310481066,1.2176437900657349,-1.4002313417149637,False,6.876437618989065e-05,76.45494878319631,6.209689518934525,0.5510204081631358,8,2,failed_breakout_short,1.2191172911481225,SL,2021-06-09 09:45:00+00:00,-7.172911481225785,-957.0652462205138,75,False
2021-06-10 12:00:00+00:00,18,EUR_USD,SHORT,1.2171299999999998,1.2182196540824501,1.2163610377526493,1.2163610377526493,1.2163610377526493,869537.04,5,LONDON,1.5,0.0006979290102646944,30.67632241558768,55.3393178604532,1.2170566056472962,1.2175642160344662,2.5210922685769965,False,0.00011664693984431986,56.58737155000146,2.6339435270372746,0.21379310344830543,12,3,failed_breakout_short,1.2182196540824501,SL,2021-06-10 12:30:00+00:00,-10.896540824503198,-947.494585477767,30,False
2021-06-10 13:00:00+00:00,18,EUR_USD,SHORT,1.2171199999999998,1.219643460283446,1.2157696191496619,1.2157696191496619,1.2157696191496619,371719.6,3,OVERLAP,1.5,0.0011014262406853932,26.649715162521467,51.098677584244456,1.217173428909524,1.2175751720865253,-1.3447333344984713,False,0.00010100352022256713,70.92027437180734,1.365710904759343,0.623188405797103,13,3,failed_breakout_short,1.2157696191496619,TP3,2021-06-10 13:15:00+00:00,13.503808866658385,501.96304303907084,15,True
2021-06-14 08:00:00+00:00,18,EUR_USD,SHORT,1.2112699999999998,1.2122639766288066,1.2105180701135805,1.2105180701135805,1.2105180701135805,948753.97,3,LONDON,1.5,0.0006195280249264141,23.48921881759184,61.932557117062906,1.210733729582708,1.2136081647367019,-1.100000000000545,False,0.00019605682106150853,87.95015371102595,7.262704172918966,0.6666666666666666,8,0,failed_breakout_short,1.2122639766288066,SL,2021-06-14 10:45:00+00:00,-9.939766288067363,-943.0392726676075,165,False
2021-06-28 06:45:00+00:00,18,EUR_USD,SHORT,1.19281,1.193420522556655,1.192488432330035,1.192488432330035,1.192488432330035,1529196.38,3,ASIAN,1.5,0.0003809704623591855,28.15210152510637,55.264411095425515,1.19308467682944,1.1934606603991293,-13.716064140714135,False,0.000131279037394109,80.58704453441061,-0.24676829440073433,0.02631578947385336,6,0,failed_breakout_short,1.193420522556655,SL,2021-06-28 07:00:00+00:00,-6.105225566550575,-933.6088835452589,15,False
2021-06-29 01:00:00+00:00,18,EUR_USD,LONG,1.1922700000000002,1.1917188766272035,1.192563370118389,1.192563370118389,1.192563370118389,1677070.58,2,ASIAN,1.5,0.0003656576923360172,30.294514738098304,42.13722348725784,1.1925209893963458,1.1930268718525006,-6.1335143574248185,False,-5.668510809581988e-05,23.04546677428517,-5.009893963456857,0.21951219512229467,1,1,failed_breakout_long,1.1917188766272035,SL,2021-06-29 01:45:00+00:00,-5.511233727966135,-924.272794467573,45,False
2021-07-05 08:00:00+00:00,18,EUR_USD,SHORT,1.18691,1.1875088413208286,1.1862334760375144,1.1862334760375144,1.1862334760375144,1528000.88,3,LONDON,1.5,0.0005735624529673597,30.148108213835727,63.088340566445126,1.1857776898256087,1.1855751146642572,0.2666666666661932,False,0.000169186474018256,86.75664736285529,13.22310174391328,0.15384615384592393,8,0,failed_breakout_short,1.1875088413208286,SL,2021-07-05 09:15:00+00:00,-5.98841320828658,-915.0300652065517,75,False
2021-07-07 07:15:00+00:00,18,EUR_USD,LONG,1.18267,1.1815732708414426,1.1832501874756725,1.1832501874756725,1.1832501874756725,825983.11,4,ASIAN,1.5,0.0005796398658924086,26.99444439959116,49.243801588753165,1.1825548806338495,1.184101791044244,-6.534231886112796,False,-4.7902388249897906e-05,46.67641058432768,-1.348806338494768,0.5978260869565558,7,2,failed_breakout_long,1.1815732708414426,SL,2021-07-07 07:30:00+00:00,-10.967291585575188,-905.8797612130226,15,False
2021-07-07 12:30:00+00:00,18,EUR_USD,SHORT,1.1821599999999999,1.1835625764099027,1.1813222707702915,1.1813222707702915,1.1813222707702915,639409.7,4,LONDON,1.5,0.000726213332676692,19.726947276479137,49.958495068026195,1.1824143703019683,1.1837601849486221,-0.322876108289627,False,4.8664561007646974e-05,62.80372292232885,-0.6437030196826399,0.34126984126983567,12,2,failed_breakout_short,1.1813222707702915,TP3,2021-07-07 12:45:00+00:00,8.37729242809976,535.6522038263539,15,True
2021-07-08 01:15:00+00:00,18,EUR_USD,LONG,1.17934,1.1787077902359462,1.1796666292921616,1.1796666292921616,1.1796666292921616,1427022.39,3,ASIAN,1.5,0.00038981813324284194,32.746178171560636,38.85604773136964,1.1799675173657567,1.1821596088332011,-16.48765113835271,False,-2.4529390462468587e-06,37.29292929292024,-8.77517365756697,0.17391304347847075,1,3,failed_breakout_long,1.1787077902359462,SL,2021-07-08 01:45:00+00:00,-6.322097640538704,-902.1774884814902,30,False
2021-07-09 01:00:00+00:00,18,EUR_USD,LONG,1.18438,1.1836595911613572,1.1847912265159286,1.1847912265159286,1.1847912265159286,1239790.06,3,ASIAN,1.5,0.00044575927176539155,21.28332766132416,45.519416058747396,1.1840695692039336,1.1829052613551767,1.0644286693284322,False,-7.099889847418118e-05,18.245832038938797,0.6043079606632418,0.17647058823514045,1,4,failed_breakout_long,1.1836595911613572,SL,2021-07-09 01:45:00+00:00,-7.2040883864277205,-893.1557172854527,45,False
2021-07-09 01:45:00+00:00,18,EUR_USD,LONG,1.1841700000000002,1.183613078273142,1.1845707651805741,1.1845707651805741,1.1845707651805741,1587699.16,3,ASIAN,1.5,0.0004285689213077793,28.24031491845058,42.44793739391636,1.1840565176837987,1.1829363166729094,-1.0058893398356972,False,-8.58539961912229e-05,24.704413225488906,-1.365176837986315,0.2500000000004626,1,4,failed_breakout_long,1.183613078273142,SL,2021-07-09 02:00:00+00:00,-5.569217268581728,-884.2241579184703,15,False
2021-07-09 08:15:00+00:00,18,EUR_USD,SHORT,1.1837199999999999,1.1845577571036663,1.183046728689001,1.183046728689001,1.183046728689001,1044911.36,4,LONDON,1.5,0.0005751203353804055,29.242307189120183,54.965947993767564,1.18368236939114,1.1830622184529858,-1.718421037171236,False,0.00013423043898566815,76.42457127831149,2.2763060885999664,0.5636363636363709,8,4,failed_breakout_short,1.183046728689001,TP3,2021-07-09 09:00:00+00:00,6.732713174422583,703.5088479575819,45,True
2021-07-13 03:00:00+00:00,18,EUR_USD,SHORT,1.1870399999999999,1.187546869330916,1.186729392007252,1.186729392007252,1.186729392007252,1740916.15,2,ASIAN,1.5,0.0003806144717011479,34.75045154298601,66.70289320035016,1.1863445388398528,1.1857741439865348,12.36177711877895,False,7.550060261382878e-05,91.21393848530386,9.454611601471541,0.08510638297881387,3,1,failed_breakout_short,1.186729392007252,TP3,2021-07-13 04:30:00+00:00,3.106079945321217,540.7424740000823,90,True
2021-07-14 09:15:00+00:00,18,EUR_USD,LONG,1.1786900000000002,1.1776976440891085,1.1794070677326747,1.1794070677326747,1.1794070677326747,894663.32,3,LONDON,1.5,0.0005943752630842494,27.91927289171194,47.92752618536473,1.178828050298256,1.1817253734462827,-1.975828784694933,False,-8.320599109243033e-05,29.864340227039907,-3.280502982558886,0.326086956522012,9,2,failed_breakout_long,1.1794070677326747,TP3,2021-07-14 10:00:00+00:00,7.170677406893819,641.5342055500614,45,True
2021-07-15 02:15:00+00:00,18,EUR_USD,LONG,1.18282,1.1822644946559142,1.1831565160322577,1.1831565160322577,1.1831565160322577,1609777.08,4,ASIAN,1.5,0.00038236706758813734,26.910059305479415,37.794820381367444,1.1827377284960168,1.1821759118837771,8.770506588995364,False,-0.00013600793140081273,25.076774589803602,-1.6772849601687234,0.2592592592584978,2,3,failed_breakout_long,1.1822644946559142,SL,2021-07-15 02:45:00+00:00,-5.555053440857716,-894.2397707267887,30,False
2021-07-26 08:30:00+00:00,18,EUR_USD,LONG,1.1781100000000002,1.1766758848528327,1.1788923454415021,1.1788923454415021,1.1788923454415021,617312.62,3,LONDON,1.5,0.0006690709875965584,22.777046230624816,50.76213716614634,1.1776120660149745,1.177586122865213,5.007164682317988,False,-9.382349420406253e-05,17.548550335477916,3.079339850255991,0.7978723404254239,8,0,failed_breakout_long,1.1788923454415021,TP3,2021-07-26 09:00:00+00:00,7.823454541753157,482.9517220620541,30,True
2021-07-29 01:00:00+00:00,18,EUR_USD,LONG,1.18473,1.1838492136030339,1.1851723591908987,1.1851723591908987,1.1851723591908987,1010604.72,3,ASIAN,1.5,0.00046003188008021857,13.796320558489223,61.163384964462885,1.1832017566071082,1.1815378173119495,30.192739615222397,False,-0.00014496332551483786,42.49379036265294,12.782433928917314,0.318181818181887,1,3,failed_breakout_long,1.1851723591908987,TP3,2021-07-29 02:30:00+00:00,4.423591952758067,447.05029068113197,90,True
2021-08-17 07:45:00+00:00,18,EUR_USD,SHORT,1.1769699999999998,1.1775483661741672,1.176564901477498,1.176564901477498,1.176564901477498,1546766.45,3,ASIAN,1.5,0.0004391086091679251,31.466612424524808,54.70003788329731,1.1772132145759542,1.177189215662787,-3.7859818562568925,False,7.633000419443261e-05,87.5925925925955,0.06785424045752109,0.08510638297881387,7,1,failed_breakout_short,1.1775483661741672,SL,2021-08-17 08:00:00+00:00,-5.783661741673995,-894.5973940169903,15,False
2021-08-19 07:15:00+00:00,18,EUR_USD,SHORT,1.16739,1.1683386225798125,1.1668041322605627,1.1668041322605627,1.1668041322605627,933618.32,4,ASIAN,1.5,0.0005817276482230986,28.517310950053027,42.48838472206815,1.1688111164590425,1.1714893714467465,-28.160126726559653,False,0.00013953969409649701,66.19565217390846,-11.711164590424428,0.23333333333340736,7,3,failed_breakout_short,1.1683386225798125,SL,2021-08-19 07:45:00+00:00,-9.486225798125414,-885.6514192786508,30,False
2021-08-19 08:45:00+00:00,18,EUR_USD,SHORT,1.16848,1.1697040284681341,1.1677279145955972,1.1677279145955972,1.1677279145955972,716319.05,5,LONDON,1.5,0.0006531957265350838,29.760993861590805,55.200307270232294,1.1687634014575283,1.1713192558913117,-2.026267427914785,False,0.0002445005161257688,71.84440084214329,-0.9340145752823048,0.41836734693857897,8,3,failed_breakout_short,1.1697040284681341,SL,2021-08-19 09:45:00+00:00,-12.240284681341864,-876.7949094668356,60,False
2021-08-20 08:00:00+00:00,18,EUR_USD,LONG,1.1684800000000002,1.1675975456076326,1.1689273631771024,1.1689273631771024,1.1689273631771024,983650.79,2,LONDON,1.5,0.0004317010143967382,25.952369857290535,50.36913649075052,1.1682621691873964,1.1695268888848718,0.5333333333323864,False,-5.092174367366416e-05,47.01953882947418,0.27830812603601984,0.6200000000001332,8,4,failed_breakout_long,1.1675975456076326,SL,2021-08-20 08:15:00+00:00,-8.824543923675597,-868.0269601913202,15,False
2021-08-24 07:45:00+00:00,18,EUR_USD,LONG,1.17406,1.1734271015442699,1.17441869536719,1.17441869536719,1.17441869536719,1357795.52,4,ASIAN,1.5,0.00039681141778423836,32.70961627817477,44.288903893506344,1.1739761991016373,1.1723148170549236,3.4810756857628355,False,-4.143475933924466e-05,33.50741106158882,-1.6619910163728768,0.10714285714274385,7,1,failed_breakout_long,1.1734271015442699,SL,2021-08-24 08:00:00+00:00,-6.328984557302243,-859.3466878054168,15,False
2021-08-24 13:00:00+00:00,18,EUR_USD,SHORT,1.1747699999999999,1.1753258192137572,1.174162542358728,1.174162542358728,1.174162542358728,1530629.38,3,OVERLAP,1.5,0.0005343785398350183,35.136627477062675,65.23151501234076,1.1739285926516472,1.172595702424003,11.089813210998223,False,0.00017756390879258453,76.94245942969381,10.314073483528308,0.17543859649122123,13,1,failed_breakout_short,1.1753258192137572,SL,2021-08-24 13:15:00+00:00,-5.558192137573581,-850.7532185455125,15,False
2021-08-25 08:45:00+00:00,18,EUR_USD,SHORT,1.17492,1.1759380682909775,1.1742757951270673,1.1742757951270673,1.1742757951270673,827297.83,3,LONDON,1.5,0.0005656982546726671,32.50180786492558,58.287011430569386,1.174417359566266,1.1737091592807443,0.7847389037829444,False,0.00018202230636189855,80.92458301131079,6.926404337341818,0.3043478260866627,8,2,failed_breakout_short,1.1742757951270673,TP3,2021-08-25 10:45:00+00:00,6.442048807195632,532.9492998947035,120,True
2021-08-25 14:15:00+00:00,18,EUR_USD,SHORT,1.1745999999999999,1.1754412454758854,1.1736462635723437,1.1736462635723437,1.1736462635723437,1007524.21,4,OVERLAP,1.5,0.0007565987409301303,25.13584994923412,55.61463442343966,1.1743106322591372,1.1738212122774216,3.824629284689962,False,0.00011464586439946017,77.86196608040376,4.793677408627683,0.2794117647057479,14,2,failed_breakout_short,1.1754412454758854,SL,2021-08-25 14:45:00+00:00,-8.412454758854881,-847.5751835076005,30,False
2021-08-26 07:45:00+00:00,18,EUR_USD,SHORT,1.17672,1.1773417317094321,1.1763348048717037,1.1763348048717037,1.1763348048717037,1349616.59,4,ASIAN,1.5,0.00043964460323112976,23.86560765068783,57.848518357624165,1.1764382326668745,1.175193439407646,15.120692389243295,False,8.352325828244795e-05,83.31366619957295,5.317673331255435,0.21538461538464693,7,3,failed_breakout_short,1.1763348048717037,TP3,2021-08-26 08:00:00+00:00,3.851951311503751,519.8657393877721,15,True
2021-08-26 13:15:00+00:00,18,EUR_USD,LONG,1.1757300000000002,1.1748247524803253,1.176605742559024,1.176605742559024,1.176605742559024,932670.97,3,OVERLAP,1.5,0.0007040311079671385,35.991187005986966,37.54348716750314,1.1765342711481868,1.1754776281599155,-9.019449153440107,False,-0.00022062412215106102,19.949376030136843,-9.942711481867317,0.322580645161221,13,3,failed_breakout_long,1.176605742559024,TP3,2021-08-26 14:00:00+00:00,8.757425684134038,816.7796707524208,45,True
2021-08-26 15:00:00+00:00,18,EUR_USD,LONG,1.1761700000000002,1.1744295199187431,1.1772114402437712,1.1772114402437712,1.1772114402437712,489787.78,3,OVERLAP,1.5,0.0008337487223345023,26.847656638432653,47.32817736167871,1.1763499981326662,1.1754980001411803,-2.12743259934145,False,-6.323356642864208e-05,42.96539530184386,-3.6999813266613835,0.6100000000000666,15,3,failed_breakout_long,1.17564,TIME,2021-08-26 23:00:00+00:00,-5.300000000001415,-259.5875234000693,480,False
2021-08-31 13:15:00+00:00,18,EUR_USD,LONG,1.1824000000000001,1.1816619845089928,1.1831940464730217,1.1831940464730217,1.1831940464730217,1151561.2,4,OVERLAP,1.5,0.000654171626156307,33.66489178721725,43.909169051296836,1.182313141200608,1.1801865969937704,-7.809947984749321,False,-0.00018645486905832418,28.909789761803808,-1.0314120060805898,0.3492063492062205,13,1,failed_breakout_long,1.1831940464730217,TP3,2021-08-31 14:30:00+00:00,7.940464799170055,914.3931172690028,75,True
2021-09-01 02:15:00+00:00,18,EUR_USD,LONG,1.1804100000000002,1.1798974759109337,1.180677572267199,1.180677572267199,1.180677572267199,1676045.98,3,ASIAN,1.5,0.0003332590225516538,24.57547262729981,37.750130380462416,1.1808827621768547,1.1804292464411994,-15.625175611277964,False,-4.464374784064873e-05,31.67415114195241,-7.2276217685463,0.16666666666769464,2,2,failed_breakout_long,1.1798974759109337,SL,2021-09-01 04:45:00+00:00,-5.12524089066435,-859.0139391329604,150,False
2021-09-03 09:15:00+00:00,18,EUR_USD,LONG,1.1875700000000002,1.18693900234315,1.18795299297055,1.18795299297055,1.18795299297055,1347744.78,4,LONDON,1.5,0.00038685279129266066,21.105942927986984,44.034680627773476,1.187517653141439,1.185454967686579,-2.6496998319447407,False,-5.127130882569618e-05,27.64496103552757,-1.37653141438987,0.48888888888930554,9,4,failed_breakout_long,1.18693900234315,SL,2021-09-03 09:30:00+00:00,-6.309976568501518,-850.4237982120234,15,False
2021-09-08 13:45:00+00:00,18,EUR_USD,LONG,1.18192,1.1807839594392062,1.1826181216823812,1.1826181216823812,1.1826181216823812,741099.91,2,OVERLAP,1.5,0.0006205038986170448,28.57013014392131,42.44378931940035,1.1828535965211138,1.1847924388792985,-2.7485320735731733,False,-7.835239393803102e-06,21.6479853915649,-11.235965211138232,0.6060606060605109,13,2,failed_breakout_long,1.1807839594392062,SL,2021-09-08 14:15:00+00:00,-11.360405607938604,-841.9195573606796,30,False
2021-09-22 19:15:00+00:00,18,EUR_USD,LONG,1.17056,1.1683682615768831,1.1723252152693506,1.1723252152693506,1.1723252152693506,380291.9,3,NY,1.5,0.0013760856429313882,33.23311044614706,37.416278526370924,1.1727632129810492,1.1729846827514812,-21.751601795947373,False,-0.0004500093050346643,15.781468440944778,-24.532129810492798,0.42777777777773734,19,2,failed_breakout_long,1.1683682615768831,SL,2021-09-23 00:30:00+00:00,-21.917384231169287,-833.5003692301409,315,False
2021-09-23 12:45:00+00:00,18,EUR_USD,SHORT,1.17271,1.1735966470921821,1.171830058723454,1.171830058723454,1.171830058723454,930658.17,3,LONDON,1.5,0.0007109160283380351,26.2273102191131,62.604921007076825,1.1714565513001534,1.1718649311904368,8.408675841076185,False,3.9713982703485295e-05,81.59162256153675,14.434486998466944,0.17647058823519807,12,3,failed_breakout_short,1.1735966470921821,SL,2021-09-23 13:45:00+00:00,-8.866470921822245,-825.1653602461304,60,False
2021-09-28 14:30:00+00:00,18,EUR_USD,SHORT,1.16838,1.1697518543991918,1.1672744368024244,1.1672744368024244,1.1672744368024244,595481.35,5,OVERLAP,1.5,0.000914872455642159,22.297733889014808,52.23320458997819,1.1685245648486446,1.1700037243152848,3.5566387945840106,False,0.00010005511958778293,58.47427181783619,0.45435151355466274,0.43037974683533453,14,1,failed_breakout_short,1.1672744368024244,TP3,2021-09-28 14:45:00+00:00,11.05563216141473,658.3422764582662,15,True
2021-09-30 07:45:00+00:00,18,EUR_USD,SHORT,1.1601899999999998,1.1611326402660196,1.1595620792019417,1.1595620792019417,1.1595620792019417,873607.0,4,ASIAN,1.5,0.0005813319226075689,23.553596750078633,51.68534688115883,1.160591727861386,1.164171707048505,-25.715441717519827,False,2.212544452051161e-05,82.38304093567015,-1.5172786138606398,0.2641509433962106,7,3,failed_breakout_short,1.1595620792019417,TP3,2021-09-30 10:00:00+00:00,6.279208052458595,548.5560109084197,135,True
2021-10-05 14:15:00+00:00,18,EUR_USD,LONG,1.1589800000000001,1.1582864477895962,1.1597306566312118,1.1597306566312118,1.1597306566312118,1195270.78,3,OVERLAP,1.5,0.000640882676464378,30.318151799993906,40.70550575403154,1.1599529609876447,1.1605211336477292,-8.401473031547368,False,-0.00011419799274745037,40.020729904725364,-11.62960987644679,0.2439024390243506,14,1,failed_breakout_long,1.1597306566312118,TP3,2021-10-05 15:00:00+00:00,7.506566374918771,897.2379446070933,45,True
2021-10-13 13:45:00+00:00,18,EUR_USD,SHORT,1.1562599999999998,1.1570350610226805,1.1553548169319585,1.1553548169319585,1.1553548169319585,1081147.22,5,OVERLAP,1.5,0.0007243990421209198,26.738640025267955,58.30696037791846,1.1553363001056758,1.1552219679939666,8.201592778300792,False,1.3435850528845876e-05,86.84839376827627,11.136998943241938,0.06153846153851935,13,2,failed_breakout_short,1.1570350610226805,SL,2021-10-13 14:30:00+00:00,-7.750610226806564,-837.9550700015486,45,False
2021-10-14 13:45:00+00:00,18,EUR_USD,LONG,1.15985,1.1591032867993725,1.1606101396018824,1.1606101396018824,1.1606101396018824,1110969.41,3,OVERLAP,1.5,0.0006353245154511082,32.9447658844602,40.88268905221202,1.1601569083969918,1.1580276218769197,-11.507901013498856,False,-0.00019982073156711938,29.082067495290058,-4.969083969919019,0.3030303030303234,13,3,failed_breakout_long,1.1591032867993725,SL,2021-10-14 14:30:00+00:00,-7.4671320062758,-829.5755239404342,45,False
2021-10-21 00:30:00+00:00,18,EUR_USD,SHORT,1.1653399999999998,1.1658164331844019,1.1650907004467943,1.1650907004467943,1.1650907004467943,1723808.9,2,ASIAN,1.5,0.00032909019960348585,28.54665119850849,59.93126985513485,1.1648813650855945,1.1637214595636294,14.518624689683346,False,2.2295082820926118e-05,72.04806687564407,7.08634914405426,0.10714285714362183,0,3,failed_breakout_short,1.1658164331844019,SL,2021-10-21 01:30:00+00:00,-4.764331844020475,-821.2797635275906,60,False
2021-10-21 12:15:00+00:00,18,EUR_USD,LONG,1.16395,1.1631671186927963,1.164488643921611,1.164488643921611,1.164488643921611,1038557.14,5,LONDON,1.5,0.0004939224276641398,28.63319540372914,40.39605035340086,1.1645637863188258,1.1641323274057451,-1.9715438834233545,False,3.3767676619119976e-05,48.51726392106648,-8.037863188259387,0.11666666666670368,12,3,failed_breakout_long,1.164488643921611,TP3,2021-10-21 12:30:00+00:00,5.386439267975344,559.4124960932168,15,True
2021-10-21 12:45:00+00:00,18,EUR_USD,SHORT,1.1641199999999998,1.1647886068414155,1.1635341794757534,1.1635341794757534,1.1635341794757534,1224428.23,3,LONDON,1.5,0.0005545555626287715,24.702758780520885,50.22853808845245,1.164548793137832,1.1641370277368113,2.6880558384645425,False,8.396296318708156e-05,65.39220895357464,-2.387931378320385,0.1057692307692903,12,3,failed_breakout_short,1.1647886068414155,SL,2021-10-21 13:30:00+00:00,-6.686068414156753,-818.661091400486,45,False
2021-11-01 08:00:00+00:00,18,EUR_USD,SHORT,1.15587,1.1566442759965587,1.1552371720103234,1.1552371720103234,1.1552371720103234,1046751.4,4,LONDON,1.5,0.000575083993609348,20.381343936043503,55.33294138424576,1.1561952624806038,1.1598821028876893,-2.3333333333330764,False,8.980846352182057e-05,72.56673077785132,-1.3526248060369284,0.31521739130422977,8,0,failed_breakout_short,1.1566442759965587,SL,2021-11-01 08:15:00+00:00,-7.742759965587708,-810.4744833842886,15,False
2021-11-03 12:30:00+00:00,18,EUR_USD,LONG,1.15873,1.1576357174742282,1.159362847577315,1.159362847577315,1.159362847577315,733238.19,3,LONDON,1.5,0.0005558104050046175,19.540824535144097,48.66386777704767,1.1585346632965194,1.1588813204878867,-1.4976652908127441,False,-5.920010825800166e-05,42.6887926887909,0.05336703480463001,0.16923076923055902,12,2,failed_breakout_long,1.1576357174742282,SL,2021-11-03 13:15:00+00:00,-10.94282525771817,-802.3697385455554,45,False
2021-11-03 18:15:00+00:00,18,EUR_USD,SHORT,1.1579899999999999,1.1591337911848267,1.1569986264455199,1.1569986264455199,1.1569986264455199,694485.19,4,NY,1.5,0.0008720407718209547,35.57245312986843,51.17230960861993,1.158181483042558,1.1586759088107619,-0.22585070146963204,False,7.158196067884646e-05,33.58208955223915,0.5851695744185648,0.23448275862066642,18,2,failed_breakout_short,1.1591337911848267,SL,2021-11-03 18:30:00+00:00,-11.43791184826881,-794.3460383148216,15,False
2021-11-11 01:15:00+00:00,18,EUR_USD,LONG,1.1481000000000001,1.1472947978050747,1.1487356065847765,1.1487356065847765,1.1487356065847765,976652.3,3,ASIAN,1.5,0.0005725183620045228,30.025568886581052,35.318276627681286,1.1502773555494377,1.1548235500453952,-53.874429368410134,False,0.0001671790645334727,23.98506101037208,-24.273555494376264,0.5294117647060744,1,3,failed_breakout_long,1.1472947978050747,SL,2021-11-11 02:45:00+00:00,-8.05202194925414,-786.402575638954,90,False
2021-11-11 16:00:00+00:00,18,EUR_USD,SHORT,1.1466699999999999,1.14803847588135,1.1456945723559502,1.1456945723559502,1.1456945723559502,568909.23,3,OVERLAP,1.5,0.0007564552082212867,13.53080697212983,51.001399857895855,1.147140444015447,1.1513214381703287,3.063766463473616,False,0.00010297234664695809,63.65364167995579,-2.8044401544691233,0.34693877551013935,16,3,failed_breakout_short,1.1456945723559502,TP3,2021-11-11 17:30:00+00:00,9.754276611952514,554.9297996512914,90,True
2021-11-12 15:30:00+00:00,18,EUR_USD,SHORT,1.1441299999999999,1.145894915740809,1.1431952527775733,1.1431952527775733,1.1431952527775733,444263.62,5,OVERLAP,1.5,0.0007662720900737051,28.900297874833186,48.08164215078426,1.1445737176622808,1.147191906475882,-3.2320442190525434,False,-6.457051845013316e-06,65.41095890410624,-2.537176622807724,0.7653061224490235,15,4,failed_breakout_short,1.14429,TIME,2021-11-14 23:30:00+00:00,-1.6000000000016,-71.08217920007108,3360,False
2021-11-15 08:15:00+00:00,18,EUR_USD,LONG,1.14525,1.144682441934785,1.145652674195645,1.145652674195645,1.145652674195645,1380258.83,4,LONDON,1.5,0.0003997506925422101,31.554429825261224,42.468857523960594,1.1452286607297708,1.146149057536298,1.2246258992032466,False,-0.0001266343257091996,26.019692637679942,-1.68660729770842,0.13043478260854874,8,0,failed_breakout_long,1.144682441934785,SL,2021-11-15 08:30:00+00:00,-5.675580652151345,-783.3770310509054,15,False
2021-11-17 14:15:00+00:00,18,EUR_USD,LONG,1.13104,1.1293616929204617,1.1320749212386148,1.1320749212386148,1.1320749212386148,462098.54,2,OVERLAP,1.5,0.0008725702905710311,26.44089942446249,47.03055206335529,1.1313441088870442,1.1350441647206377,-4.487255590923667,False,-0.00018876111536887062,20.32139228061766,-4.941088870442645,0.5312499999999957,14,2,failed_breakout_long,1.1320749212386148,TP3,2021-11-17 14:45:00+00:00,10.349212610108212,478.2356037280594,30,True
2021-11-22 02:00:00+00:00,18,EUR_USD,LONG,1.12762,1.1267876485630568,1.1284570543108299,1.1284570543108299,1.1284570543108299,937495.37,3,ASIAN,1.5,0.0007157955257518382,26.352367776011935,39.14333913731462,1.1291496308417017,1.1319923433807646,-24.004497474405806,False,1.2396840834416872e-07,25.881123058544574,-17.796308417017404,0.19999999999985196,2,0,failed_breakout_long,1.1267876485630568,SL,2021-11-22 02:45:00+00:00,-8.323514369432683,-780.325618347161,45,False
2021-12-01 09:00:00+00:00,18,EUR_USD,LONG,1.1321500000000002,1.1299426791117686,1.133391962664694,1.133391962664694,1.133391962664694,349981.9,4,LONDON,1.5,0.0010028816495723958,23.2618533504426,44.88961582659225,1.1327598860574022,1.1312495938122937,-3.6519033614901275,False,-0.00022614530604442252,14.566354970801058,-7.998860574021105,0.6932515337423689,9,2,failed_breakout_long,1.133391962664694,TP3,2021-12-01 10:00:00+00:00,12.41962700180268,434.6644655382206,60,True
2021-12-01 14:00:00+00:00,18,EUR_USD,SHORT,1.1333399999999998,1.1344335415880693,1.132079375235792,1.132079375235792,1.132079375235792,710415.6,2,OVERLAP,1.5,0.0009422915207000875,25.37352754238121,57.080122765982736,1.132688467939537,1.1314974966420202,9.713355065832374,False,0.00017484050837192008,88.6209846776053,8.415320604628906,0.3064516129035204,14,2,failed_breakout_short,1.1344335415880693,SL,2021-12-01 14:15:00+00:00,-10.935415880695132,-776.869003413356,15,False
2021-12-06 14:45:00+00:00,18,EUR_USD,LONG,1.1292900000000001,1.1281190736388127,1.1302427790835623,1.1302427790835623,1.1302427790835623,656830.64,3,OVERLAP,1.5,0.0007831489564910048,19.699258782409963,47.41239658924896,1.1293928940285671,1.1300716294268913,-3.086738306521397,False,-7.399292102043114e-05,30.184435447596524,-2.9289402856713664,0.3018867924529685,14,0,failed_breakout_long,1.1281190736388127,SL,2021-12-06 15:30:00+00:00,-11.709263611874299,-769.1003112116107,45,False
2021-12-08 08:00:00+00:00,18,EUR_USD,LONG,1.12894,1.1283793064482788,1.129322080655164,1.129322080655164,1.129322080655164,1357977.65,4,LONDON,1.5,0.00040843088176825476,26.579999270060735,52.328306171058664,1.128127729571124,1.1279714767807545,-1.5333333333344967,False,-0.00014192094935026813,39.10193836284322,6.222704288758596,0.17105263157892814,8,2,failed_breakout_long,1.1283793064482788,SL,2021-12-08 08:15:00+00:00,-5.606935517212808,-761.4093117366183,15,False
2021-12-08 09:00:00+00:00,18,EUR_USD,LONG,1.1285200000000002,1.1278581463835196,1.1290555608494415,1.1290555608494415,1.1290555608494415,1138915.31,4,LONDON,1.5,0.00047558528774944487,24.540432504129598,44.3735012615099,1.1281552688470522,1.1279849360026142,-1.7936359628678566,False,-0.0001590240091073409,22.215379991929066,1.7473115294786012,0.02702702702660532,9,2,failed_breakout_long,1.1278581463835196,SL,2021-12-08 10:00:00+00:00,-6.618536164806343,-753.7952167886629,60,False
2021-12-08 10:45:00+00:00,18,EUR_USD,SHORT,1.1290099999999998,1.1296959341855313,1.1282221974434061,1.1282221974434061,1.1282221974434061,1087942.96,4,LONDON,1.5,0.0006503063445580435,28.294543956985873,58.33480431094198,1.1282697086705873,1.1280268401313107,6.004128944849807,False,2.9738838351824524e-05,79.61816553092396,9.302913294126913,0.22222222222230054,10,2,failed_breakout_short,1.1282221974434061,TP3,2021-12-08 11:30:00+00:00,7.878025638349317,857.0842531941645,45,True
2021-12-21 16:00:00+00:00,18,EUR_USD,LONG,1.12697,1.1257635631632275,1.1280593105103178,1.1280593105103178,1.1280593105103178,625667.32,3,OVERLAP,1.5,0.0008598112682920875,31.759285776110197,36.50964125507688,1.12832797599861,1.1282286739274636,-17.591338189815175,False,-0.00021874786756647188,39.588113186930954,-15.479759986101183,0.38947368421050416,16,1,failed_breakout_long,1.1280593105103178,TP3,2021-12-21 19:30:00+00:00,10.89310527728177,681.5459985314741,210,True
2021-12-23 23:15:00+00:00,18,EUR_USD,LONG,1.1329600000000002,1.1322653002547387,1.1334140992357844,1.1334140992357844,1.1334140992357844,1096363.68,5,NY,1.5,0.0004701566697711635,24.292113882367016,50.238320802419366,1.1325462118838316,1.1314510223458307,10.348491822487205,False,-8.988005754287915e-05,60.44444444445182,1.6378811616846178,0.29166666666684016,23,3,failed_breakout_long,1.1322653002547387,SL,2021-12-23 23:45:00+00:00,-6.946997452614844,-761.6435692099436,30,False
2021-12-24 00:00:00+00:00,18,EUR_USD,LONG,1.13286,1.1320162589867568,1.1333112230397295,1.1333112230397295,1.1333112230397295,893671.3,4,ASIAN,1.5,0.0004733761674516303,28.4059619795316,49.10707238910742,1.1325424402523985,1.1314824148123435,8.799460349397936,False,-8.805038261450726e-05,40.239234449752956,0.6755974760142003,0.61818181818162,0,4,failed_breakout_long,1.1333112230397295,TP3,2021-12-24 04:45:00+00:00,4.512230447786476,403.24508501729224,285,True
2021-12-27 15:00:00+00:00,18,EUR_USD,SHORT,1.1327699999999998,1.1333386629376434,1.1320040111870697,1.1320040111870697,1.1320040111870697,1333056.07,3,OVERLAP,1.5,0.0006318025984805622,28.880530402152857,67.0725397210131,1.1316979817689736,1.1318441134589043,14.250876488652864,False,0.00022417838897669168,86.09701489030897,12.620182310263406,0.0,15,0,failed_breakout_short,1.1320040111870697,TP3,2021-12-27 15:30:00+00:00,7.659888186762183,1021.1060442884623,30,True
2022-01-03 10:30:00+00:00,18,EUR_USD,SHORT,1.1349799999999999,1.1362777275991989,1.133946817202403,1.133946817202403,1.133946817202403,592012.26,2,LONDON,1.5,0.0007936369699410673,28.318196315677177,53.00067948495596,1.1350031033049504,1.134230019729706,3.6707741682429074,False,0.00020178878390821956,81.60714285714413,1.6689669504965643,0.6862745098040496,10,0,failed_breakout_short,1.1362777275991989,SL,2022-01-03 11:15:00+00:00,-12.977275991989945,-768.270648866171,45,False
2022-01-07 02:15:00+00:00,18,EUR_USD,SHORT,1.1296499999999998,1.1302707755265986,1.1292976734202038,1.1292976734202038,1.1292976734202038,1225222.17,4,ASIAN,1.5,0.0003864402636832976,19.988306138174877,54.60372642446855,1.129873979231227,1.1304961640848032,-7.667763498149238,False,8.106006740296804e-05,74.27173945535671,0.2602076877300519,0.6315789473686055,2,4,failed_breakout_short,1.1302707755265986,SL,2022-01-07 04:45:00+00:00,-6.207755265987824,-760.5879377822529,150,False
2022-01-07 09:45:00+00:00,18,EUR_USD,SHORT,1.1312699999999998,1.1317722202977438,1.130853339106768,1.130853339106768,1.130853339106768,1499306.3,2,LONDON,1.5,0.00040555198152439397,33.921501634637266,72.53229634825571,1.1303502045995575,1.1304758727871713,3.3418048974853676,False,0.00010521438111933299,79.9473553821367,11.09795400442426,0.09523809523817077,9,4,failed_breakout_short,1.1317722202977438,SL,2022-01-07 10:00:00+00:00,-5.022202977440493,-752.982056395529,15,False
2022-01-11 10:00:00+00:00,18,EUR_USD,LONG,1.1336600000000001,1.1328593262579192,1.1343420212262425,1.1343420212262425,1.1343420212262425,931031.2,4,LONDON,1.5,0.0005912512352930343,28.265807824759303,43.10007030308379,1.1337567466106977,1.1329615412210334,-7.7694767524794095,False,-0.0001277505343557783,15.151515151514623,-2.86746610697719,0.20833333333314058,10,1,failed_breakout_long,1.1328593262579192,SL,2022-01-11 10:15:00+00:00,-8.00673742080926,-745.4522348980952,15,False
2022-01-12 02:15:00+00:00,18,EUR_USD,SHORT,1.13692,1.137523518290845,1.136589445127465,1.136589445127465,1.136589445127465,1222825.76,2,ASIAN,1.5,0.000372248254426487,20.5442161828021,59.40709560668984,1.136102594416253,1.1342359114385667,27.842155150969994,False,-3.549901845213547e-05,77.88072904751321,10.67405583746961,0.4444444444447186,2,2,failed_breakout_short,1.137523518290845,SL,2022-01-12 03:15:00+00:00,-6.035182908450398,-737.9977126764869,60,False
2022-01-13 15:45:00+00:00,18,EUR_USD,LONG,1.14626,1.1448303787744956,1.1475088636765134,1.1475088636765134,1.1475088636765134,511056.86,4,OVERLAP,1.5,0.0009914394187940804,27.215875589572764,47.51322893252305,1.1458516757079054,1.141631685454126,-5.032869951255847,False,-0.00016078501924769826,20.864350540577707,2.183242920945627,0.4609929078012453,15,3,failed_breakout_long,1.14564,TIME,2022-01-13 23:45:00+00:00,-6.200000000000649,-316.8552532000332,480,False
2022-01-16 23:15:00+00:00,18,EUR_USD,LONG,1.14128,1.1404306506362856,1.1417480480911435,1.1417480480911435,1.1417480480911435,856478.17,4,NY,1.5,0.000478791675469805,29.990256838080015,41.38354320678617,1.1424495456764292,1.1434516824285628,-29.635036894193334,False,8.376925219046792e-05,52.03896103896119,-14.195456764292125,0.4583333333330635,23,6,failed_breakout_long,1.1404306506362856,SL,2022-01-17 00:00:00+00:00,-8.493493637145022,-727.4491887248613,45,False
2022-01-18 09:00:00+00:00,18,EUR_USD,LONG,1.13979,1.1388399057173288,1.1406802828480131,1.1406802828480131,1.1406802828480131,758003.4,4,LONDON,1.5,0.0007366036678177262,22.705594376806786,45.40074564072678,1.140331323326478,1.1414829713941759,-1.820150934011,False,2.0985601258100494e-05,32.700857415051075,-7.313233264780727,0.13684210526315052,9,1,failed_breakout_long,1.1388399057173288,SL,2022-01-18 09:30:00+00:00,-9.500942826712322,-720.1746965853552,30,False
2022-01-20 15:30:00+00:00,18,EUR_USD,LONG,1.1345800000000001,1.1327184210228856,1.1355647369313433,1.1355647369313433,1.1355647369313433,382993.66,2,OVERLAP,1.5,0.0007886466717839213,29.49977641873065,49.22578867985123,1.1346069326795873,1.13531442030032,-2.1207307136417164,False,1.5026195299384156e-05,48.190874154164355,-2.1693267958733387,0.6627906976744786,15,3,failed_breakout_long,1.1327184210228856,SL,2022-01-20 17:45:00+00:00,-18.615789771145863,-712.9729458241716,135,False
2022-01-21 08:45:00+00:00,18,EUR_USD,SHORT,1.1333699999999998,1.1342448815817914,1.132765355254626,1.132765355254626,1.132765355254626,806787.15,3,LONDON,1.5,0.0005333515090410507,23.084253718198354,61.41426766238507,1.1326127940714685,1.1337671868093675,0.5635135929726864,False,4.97921917977791e-05,82.65785851912983,9.472059285313694,0.0,8,4,failed_breakout_short,1.1342448815817914,SL,2022-01-21 09:30:00+00:00,-8.748815817916089,-705.8432179611441,45,False
2022-01-24 09:45:00+00:00,18,EUR_USD,SHORT,1.1323299999999998,1.1339541345610822,1.1315175963167539,1.1315175963167539,1.1315175963167539,430250.55,3,LONDON,1.5,0.000659107042009555,21.894443918969063,48.414601250109065,1.1329563380578254,1.1335903194444328,0.4335591278636919,False,0.00011974830508889781,67.30921509958554,-4.363380578253917,0.4629629629631305,9,0,failed_breakout_short,1.1315175963167539,TP3,2022-01-24 10:45:00+00:00,8.124037021280836,349.53713966264417,60,True
2022-01-28 01:15:00+00:00,18,EUR_USD,SHORT,1.11436,1.1149649652270037,1.1139051043189891,1.1139051043189891,1.1139051043189891,1160860.37,4,ASIAN,1.5,0.00046064970729246964,17.24712532859947,51.771704804356894,1.1152440509640162,1.1211914151468305,-15.591320058325753,False,8.983548356958525e-05,89.45502053004157,-6.340509640161418,0.0,1,4,failed_breakout_short,1.1149649652270037,SL,2022-01-28 02:15:00+00:00,-6.049652270037064,-702.2801572566567,60,False
2022-02-01 01:00:00+00:00,18,EUR_USD,LONG,1.12273,1.12211911997321,1.1230826400803704,1.1230826400803704,1.1230826400803704,1138124.22,3,ASIAN,1.5,0.00039806290689600607,34.12853656559279,47.25062956074257,1.1216406154772929,1.118897017052709,33.34907717428281,False,-0.00023541986666291104,25.24500752776011,8.393845227070429,0.2857142857141951,1,1,failed_breakout_long,1.1230826400803704,TP3,2022-02-01 02:30:00+00:00,3.5264008346882445,401.3482199386907,90,True
2022-02-01 13:45:00+00:00,18,EUR_USD,LONG,1.12677,1.1251594478045746,1.1276916565862762,1.1276916565862762,1.1276916565862762,434180.8,3,OVERLAP,1.5,0.0007395969343615475,30.536798179299097,56.09061673305623,1.1251162641434602,1.1213781642972245,3.236414606386795,False,-0.00014852368663287102,53.48787768401028,14.63735856539694,0.3472222222220038,13,1,failed_breakout_long,1.1251594478045746,SL,2022-02-01 15:00:00+00:00,-16.105521954254964,-699.2708406515984,75,False
2022-02-04 07:30:00+00:00,18,EUR_USD,LONG,1.14596,1.1451067271191646,1.146559818642506,1.146559818642506,1.146559818642506,811320.91,4,ASIAN,1.5,0.0005775067786941188,28.815168182194697,51.75495505178219,1.1442976951338149,1.1364325054192574,75.773370454415,False,-0.00020656419751344208,50.98971944348951,14.123048661851545,0.2500000000001542,7,4,failed_breakout_long,1.146559818642506,TP3,2022-02-04 07:45:00+00:00,5.998186498989126,486.6454128709572,15,True
2022-02-04 08:30:00+00:00,18,EUR_USD,LONG,1.14569,1.1438114244911097,1.1466657265266713,1.1466657265266713,1.1466657265266713,371102.77,4,LONDON,1.5,0.0007809259450823231,27.23708082036123,49.85782167158429,1.1444503936372492,1.1367818237141374,4.939751886097188,False,-0.00020687437334039762,29.010241867644197,10.496063627507546,0.7228915662650796,8,4,failed_breakout_long,1.1466657265266713,TP3,2022-02-04 10:00:00+00:00,9.757265529638397,362.0948265674327,90,True
2022-02-09 17:45:00+00:00,18,EUR_USD,SHORT,1.1434799999999998,1.1450178385994252,1.1424464842017246,1.1424464842017246,1.1424464842017246,455682.11,2,NY,1.5,0.000831700256075176,22.534413456522305,52.833557856607044,1.1431171676192242,1.1424910464243512,5.240927562981668,False,-4.331471772406022e-06,51.44781144780935,6.1283238077569635,0.8269230769236025,17,2,failed_breakout_short,1.1424464842017246,TP3,2022-02-09 20:15:00+00:00,10.335158209558955,470.95467001156464,150,True
2022-02-11 09:00:00+00:00,18,EUR_USD,SHORT,1.1383199999999998,1.1398228840501026,1.1373613478496925,1.1373613478496925,1.1373613478496925,469414.18,2,LONDON,1.5,0.0007903560930475056,26.257714116504744,44.59032753044204,1.139959724457551,1.1418933225757395,-4.270273181450346,False,0.00021184794976667582,58.324141030355655,-14.497244575510937,0.711711711711809,9,4,failed_breakout_short,1.1398228840501026,SL,2022-02-11 10:45:00+00:00,-15.02884050102793,-705.4750840140814,105,False
2022-02-11 14:45:00+00:00,18,EUR_USD,LONG,1.13901,1.1382336031797653,1.1401891904607038,1.1401891904607038,1.1401891904607038,899566.19,4,OVERLAP,1.5,0.0009225940947214412,23.106500323385305,43.936996757210565,1.139753412899947,1.1414216965675559,-5.944449097823323,False,-0.00018716219032400007,24.016368994356387,-9.334128999469726,0.04761904761893685,14,4,failed_breakout_long,1.1401891904607038,TP3,2022-02-11 15:15:00+00:00,11.791904738121286,1060.7598818114714,30,True
2022-02-11 19:00:00+00:00,18,EUR_USD,LONG,1.1353600000000001,1.1336426175393435,1.1370521473819697,1.1370521473819697,1.1370521473819697,412853.83,3,NY,1.5,0.0013944245697907127,35.29498367965097,26.268675927981732,1.1392622986167897,1.1410351411954371,-31.567819385989182,False,-0.0005803350366855958,21.2525129478357,-41.52298616789673,0.014869888475852081,19,4,failed_breakout_long,1.1336426175393435,SL,2022-02-11 19:45:00+00:00,-17.17382460656669,-709.0279264569301,45,False
2022-02-14 08:00:00+00:00,18,EUR_USD,LONG,1.1341400000000001,1.1334254657080973,1.1348636028757078,1.1348636028757078,1.1348636028757078,982370.83,3,LONDON,1.5,0.0006669922563904896,27.961483026489407,40.34254628236835,1.1352811851709168,1.138508299329917,2.3333333333330764,False,-2.355136379828527e-05,48.10764076191526,-13.311851709167932,0.09859154929579667,8,0,failed_breakout_long,1.1334254657080973,SL,2022-02-14 08:15:00+00:00,-7.145342919028241,-701.9376454000396,15,False
2022-02-15 07:00:00+00:00,18,EUR_USD,SHORT,1.13181,1.132466099323523,1.1313817020294312,1.1313817020294312,1.1313817020294312,1059166.26,3,ASIAN,1.5,0.00044632731511411026,22.555570741407255,59.40570602420454,1.131432560078303,1.1340374227121075,8.777541786963994,False,-1.2514108228016158e-05,82.55938269883467,6.274399216970039,0.3243243243240648,7,1,failed_breakout_short,1.132466099323523,SL,2022-02-15 07:15:00+00:00,-6.5609932352295175,-694.9182666843349,15,False
2022-02-17 14:00:00+00:00,18,EUR_USD,LONG,1.1369500000000001,1.1349321306202702,1.1383436081391891,1.1383436081391891,1.1383436081391891,340938.36,2,OVERLAP,1.5,0.0011003288480694788,21.413026671536052,50.51874333460543,1.1367372149540733,1.1363884257380756,2.3103982363714692,False,-7.610123552207168e-05,38.56839202233103,0.22785045926676517,0.5059523809524202,14,3,failed_breakout_long,1.1365,TIME,2022-02-17 22:00:00+00:00,-4.500000000000614,-153.42226200002094,480,False
2022-02-18 02:15:00+00:00,18,EUR_USD,SHORT,1.13646,1.137374032765836,1.1359179017024925,1.1359179017024925,1.1359179017024925,750995.9,2,ASIAN,1.5,0.0005160608508380297,33.66492679426725,55.70312874012178,1.1363848770826743,1.1363626979521269,2.3605234217138893,False,7.564584261121917e-05,77.71697070204819,3.251229173257819,0.8333333333334362,2,4,failed_breakout_short,1.137374032765836,SL,2022-02-18 08:30:00+00:00,-9.140327658359038,-686.4348596084238,375,False
2022-02-22 07:00:00+00:00,18,EUR_USD,SHORT,1.1301299999999999,1.1313084550305563,1.129424634908331,1.129424634908331,1.129424634908331,576662.24,3,ASIAN,1.5,0.0006271307710331989,21.165196349654934,48.800141355328016,1.1309789054878554,1.133268934472605,-25.858342420497227,False,0.00010466738028543931,49.166666666662984,-5.989054878554612,0.059999999999928944,7,1,failed_breakout_short,1.129424634908331,TP3,2022-02-22 07:15:00+00:00,7.05365103900711,406.7574208332167,15,True
2022-02-23 02:00:00+00:00,18,EUR_USD,SHORT,1.1330799999999999,1.1337724332784112,1.1326327001647662,1.1326327001647662,1.1326327001647662,987298.14,3,ASIAN,1.5,0.00047023323133514567,19.25490038713183,52.89708222779314,1.1331400035348356,1.1333089504372775,-3.6534805962173955,False,6.403750727760536e-05,45.87670485542193,1.8999646516437707,0.29629629629660087,2,2,failed_breakout_short,1.1326327001647662,TP3,2022-02-23 02:30:00+00:00,4.472998397641613,441.6182998214545,30,True
2022-02-23 08:00:00+00:00,18,EUR_USD,SHORT,1.13353,1.1342578027222656,1.1329165918332034,1.1329165918332034,1.1329165918332034,945385.68,5,LONDON,1.5,0.0005444907699217543,29.332166632011283,61.62540272686252,1.132871558299258,1.1331672202869918,-1.1333333333340967,False,0.0001736631036090126,86.49668325041534,8.48441700742164,0.3939393939392206,8,2,failed_breakout_short,1.1342578027222656,SL,2022-02-23 08:30:00+00:00,-7.278027222656913,-688.0542714950018,30,False
2022-02-24 08:15:00+00:00,18,EUR_USD,SHORT,1.12512,1.1262372901029085,1.1232781296912742,1.1232781296912742,1.1232781296912742,609665.95,4,LONDON,1.5,0.0013321101911160785,19.913910376658563,49.64613464608695,1.126816233078419,1.130660657188195,-0.5754607443120285,False,0.0003854854415797271,64.97904809556961,-15.06233078419017,0.21153846153832193,8,3,failed_breakout_short,1.1232781296912742,TP3,2022-02-24 09:30:00+00:00,18.418703389368744,1122.9256299647716,75,True
2022-02-25 07:15:00+00:00,18,EUR_USD,LONG,1.12125,1.1196725987977372,1.1222222036067881,1.1222222036067881,1.1222222036067881,438951.73,3,ASIAN,1.5,0.0008151736613450591,31.73925707279654,50.028798060447095,1.1205426601924777,1.1238568972229739,23.447895679622466,False,-0.00023473924251561824,30.71987247693778,4.573398075222723,0.5679012345677997,7,4,failed_breakout_long,1.1196725987977372,SL,2022-02-25 08:00:00+00:00,-15.77401202262907,-692.4029866373829,45,False
2022-02-25 09:00:00+00:00,18,EUR_USD,LONG,1.1187200000000002,1.1169258175082009,1.1200725474753976,1.1200725474753976,1.1200725474753976,382056.43,2,LONDON,1.5,0.0010584817704841964,33.99035202585725,39.8782122181308,1.120119443919691,1.123519651605513,1.467924020988054,False,-0.00043992936794384573,17.06240903554743,-15.894439196910692,0.544827586206962,9,4,failed_breakout_long,1.1169258175082009,SL,2022-02-25 10:30:00+00:00,-17.94182491799301,-685.4789575853453,90,False
2022-03-02 16:45:00+00:00,18,EUR_USD,SHORT,1.11004,1.1129439855333174,1.1071580434000476,1.1071580434000476,1.1071580434000476,233687.17,5,OVERLAP,1.5,0.0020138302761610804,34.287231262052906,53.46754449322366,1.1098807172600913,1.1139774792807065,10.346926246975752,False,0.00014198213291938597,62.46352587078221,3.492827399087517,0.22292993630562707,16,2,failed_breakout_short,1.1129439855333174,SL,2022-03-02 18:30:00+00:00,-29.039855333174984,-678.624161001907,105,False
2022-03-03 08:15:00+00:00,18,EUR_USD,LONG,1.1097100000000002,1.1087860462858325,1.1104918611425025,1.1104918611425025,1.1104918611425025,727133.75,3,LONDON,1.5,0.0006530568977395786,32.30192189756032,42.006487971521594,1.1102752622754681,1.112443636862904,0.14060835835882912,False,-2.9347744519429007e-05,38.15889509898216,-7.552622754680716,0.2916666666667052,8,3,failed_breakout_long,1.1087860462858325,SL,2022-03-03 08:30:00+00:00,-9.239537141676468,-671.8379290091492,15,False
2022-03-06 22:00:00+00:00,18,EUR_USD,SHORT,1.0924399999999999,1.094213250125957,1.0910902496221289,1.0910902496221289,1.0910902496221289,375085.01,3,NY,1.5,0.0010703216624915533,19.10635476776847,47.90119413110381,1.0943642130185482,1.1019843343380986,-17.37079871415137,False,0.00020514366375587407,61.817505369063895,-16.742130185483095,0.8536585365852272,22,6,failed_breakout_short,1.0910902496221289,TP3,2022-03-06 23:00:00+00:00,13.49750413856181,506.2711474787498,60,True
2022-03-07 07:30:00+00:00,18,EUR_USD,SHORT,1.0869,1.0895554213382246,1.0852737359853264,1.0852737359853264,1.0852737359853264,252382.64,5,ASIAN,1.5,0.001312925342416986,29.94297405323329,47.69609587558285,1.0886950869299907,1.097280959138305,-38.28491658331101,False,0.00021282410558012637,48.350787958232644,-15.450869299906689,0.6603773584904554,7,0,failed_breakout_short,1.0852737359853264,TP3,2022-03-07 09:30:00+00:00,16.262640791100292,410.440821622958,120,True
2022-03-08 07:45:00+00:00,18,EUR_USD,SHORT,1.08587,1.0881096376327126,1.0847110871018621,1.0847110871018621,1.0847110871018621,301069.54,5,ASIAN,1.5,0.0009950413178948139,29.914788899011004,47.37319991261735,1.0866275043647062,1.0907267533164906,-12.109736140695215,False,4.179720513412149e-05,68.82051282051303,-5.0750436470625715,0.8372093023255633,7,1,failed_breakout_short,1.0881096376327126,SL,2022-03-08 08:00:00+00:00,-22.39637632712732,-674.2866718475111,15,False
2022-03-11 01:30:00+00:00,18,EUR_USD,LONG,1.0995300000000001,1.0976772797787968,1.1006081606636093,1.1006081606636093,1.1006081606636093,360304.7,3,ASIAN,1.5,0.000885766125091478,34.22866538745336,46.810908825109564,1.1003993006345951,1.1001930420259545,-47.14214522195448,False,2.8954976894932387e-05,20.53891755263841,-11.193006345950884,0.6966292134833479,1,4,failed_breakout_long,1.1006081606636093,TP3,2022-03-11 04:30:00+00:00,10.78160693532798,388.4663652351268,180,True
2022-03-15 01:15:00+00:00,18,EUR_USD,SHORT,1.0944099999999999,1.0958899433611167,1.09355016991665,1.09355016991665,1.09355016991665,453685.24,4,ASIAN,1.5,0.0007948948135022354,26.29391278596389,47.64749246457618,1.095042275886085,1.0957172033003415,-11.909925112485453,False,0.00018834477180639723,68.99989807399395,-3.8227588608497065,0.5496688741722935,1,1,failed_breakout_short,1.0958899433611167,SL,2022-03-15 02:00:00+00:00,-14.799433611167865,-671.428458974676,45,False
2022-03-17 07:15:00+00:00,18,EUR_USD,SHORT,1.10382,1.1045686953235905,1.1029939140292284,1.1029939140292284,1.1029939140292284,887830.01,2,ASIAN,1.5,0.0007254341723825164,26.451743632612523,60.07978522931375,1.1026550028294284,1.0998224725996286,34.31373970661955,False,6.895576189447966e-05,85.8634328743873,14.149971705716968,0.04819277108411173,7,3,failed_breakout_short,1.1045686953235905,SL,2022-03-17 07:45:00+00:00,-7.4869532359045365,-664.7141766302657,30,False
2022-03-18 07:30:00+00:00,18,EUR_USD,LONG,1.10813,1.107235160777075,1.1088545176687752,1.1088545176687752,1.1088545176687752,735402.54,4,ASIAN,1.5,0.0006582728425751539,26.872668853657554,42.528669411716315,1.1086005863044381,1.1052190751617228,1.5596400925987908,False,-1.5839718391905664e-05,19.641104110058063,-7.205863044381644,0.2987012987012613,7,4,failed_breakout_long,1.107235160777075,SL,2022-03-18 08:00:00+00:00,-8.948392229251034,-658.0670374307473,30,False
2022-03-21 00:15:00+00:00,18,EUR_USD,LONG,1.1046,1.103768286283992,1.1052851411480238,1.1052851411480238,1.1052851411480238,783306.03,5,ASIAN,1.5,0.0006310397583005139,19.28975035096414,44.63499575959695,1.1049687521961484,1.1049325573854192,-0.6842704916421027,False,-0.00010480112052587326,47.286195286202606,-6.187521961484865,0.04109589041092974,0,0,failed_breakout_long,1.1052851411480238,TP3,2022-03-21 01:00:00+00:00,6.851411567705477,536.6751994995454,45,True
2022-03-21 16:45:00+00:00,18,EUR_USD,LONG,1.1043800000000001,1.1024046227612054,1.1055561317163833,1.1055561317163833,1.1055561317163833,332520.34,4,OVERLAP,1.5,0.0009314148720468402,25.033934349206557,49.549781399559606,1.1043462155811006,1.1046831013626812,-3.3225541329495734,False,5.2906659597062636e-05,43.93441060108099,-1.5621558110057165,0.07499999999993061,16,0,failed_breakout_long,1.1024046227612054,SL,2022-03-21 17:15:00+00:00,-19.753772387947066,-656.8531110722771,30,False
2022-03-27 22:15:00+00:00,18,EUR_USD,LONG,1.0984200000000002,1.0976812945022802,1.0990361164931592,1.0990361164931592,1.0990361164931592,880302.89,2,NY,1.5,0.0005583102100508966,28.85633100540011,40.00205213021153,1.0994514431975737,1.10027507960821,-22.049181752468172,False,4.7913016505122586e-05,37.84113060428795,-12.814431975736174,0.09677419354829467,22,6,failed_breakout_long,1.0976812945022802,SL,2022-03-28 00:15:00+00:00,-7.387054977199269,-650.2845845017401,120,False
2022-03-30 22:30:00+00:00,18,EUR_USD,SHORT,1.1157199999999998,1.1164987683468848,1.1151936949593453,1.1151936949593453,1.1151936949593453,826666.55,3,NY,1.5,0.0004948555013576312,30.582919510595307,55.90360492111025,1.1149058730165886,1.109667632700032,16.572479892684733,False,-1.6846950942310025e-05,38.2013449764019,10.641269834112954,0.9500000000007771,22,2,failed_breakout_short,1.1164987683468848,SL,2022-03-31 00:00:00+00:00,-7.7876834688495045,-643.7817425685853,90,False
2022-03-31 23:00:00+00:00,18,EUR_USD,SHORT,1.10676,1.1078404603339918,1.1060786189980247,1.1060786189980247,1.1060786189980247,589881.83,2,NY,1.5,0.0006158549059846701,23.356360053299934,44.81388045910758,1.1085464384957453,1.110321414843854,-27.138142846925284,False,0.00020135082042285475,64.33110870611601,-15.364384957452515,0.5454545454544354,23,3,failed_breakout_short,1.1060786189980247,TP3,2022-04-01 00:30:00+00:00,6.8138101352637825,401.9342791861948,90,True
2022-04-04 01:45:00+00:00,18,EUR_USD,SHORT,1.10465,1.1056091611410532,1.10415251657684,1.10415251657684,1.10415251657684,668671.03,4,ASIAN,1.5,0.0004920135476705026,23.8294774723282,54.544871098857286,1.1046537227775355,1.1068253307809945,-0.7495670544810373,False,6.355242479650814e-05,61.61987229948357,2.4627722246450823,0.7804878048782469,1,0,failed_breakout_short,1.10415251657684,TP3,2022-04-04 06:00:00+00:00,4.974834305997998,332.65275794710163,255,True
2022-04-05 05:00:00+00:00,18,EUR_USD,LONG,1.0967600000000002,1.09610011174578,1.0971396647626597,1.0971396647626597,1.0971396647626597,976968.13,2,ASIAN,1.5,0.0004169353292654303,21.30770533677343,39.801746696800684,1.097544448372223,1.1015651949646699,-28.146609577310855,False,-4.0602803726953984e-05,24.07485577600694,-10.344483722228848,0.18421052631580484,5,1,failed_breakout_long,1.0971396647626597,TP3,2022-04-05 05:30:00+00:00,3.7966476654564585,370.9203769989862,30,True
2022-04-05 07:00:00+00:00,18,EUR_USD,SHORT,1.09716,1.0980156304948667,1.0966131085153998,1.0966131085153998,1.0966131085153998,757802.58,5,ASIAN,1.5,0.0005775994904668044,24.801435707881765,56.00479387096516,1.0974104192602645,1.101216985854853,-16.925487386993954,False,0.00011680870553827302,70.71756664923477,-0.00419260264505894,0.14406779661017746,7,1,failed_breakout_short,1.0980156304948667,SL,2022-04-05 07:15:00+00:00,-8.556304948668103,-648.3989965367456,15,False
2022-04-05 14:45:00+00:00,18,EUR_USD,LONG,1.0939900000000002,1.0930604897889964,1.095298530633011,1.095298530633011,1.095298530633011,690594.9,3,OVERLAP,1.5,0.0009940903918639074,36.49341810951259,31.578785448048563,1.0966950395913475,1.100007733567294,-23.9426642288465,False,-0.00031864072004532195,13.81273408239616,-28.950395913474036,0.08602150537644164,14,1,failed_breakout_long,1.0930604897889964,SL,2022-04-05 15:00:00+00:00,-9.295102110038476,-641.9150112171811,15,False
2022-04-07 01:15:00+00:00,18,EUR_USD,SHORT,1.09031,1.0915080679646116,1.0896657961061653,1.0896657961061653,1.0896657961061653,530433.9,4,ASIAN,1.5,0.0005821262199928513,33.97848646629718,54.58675751884325,1.0902623260776358,1.0928086470765306,-0.7570390035360752,False,0.00015468349415541778,73.82362381640415,2.976739223641278,0.7750000000001666,1,3,failed_breakout_short,1.0915080679646116,SL,2022-04-07 04:45:00+00:00,-11.980679646117487,-635.4958629340719,210,False
2022-04-08 06:30:00+00:00,18,EUR_USD,SHORT,1.0860999999999998,1.0870295098374458,1.0856014704876624,1.0856014704876624,1.0856014704876624,676852.33,4,ASIAN,1.5,0.0005026611266851729,29.03968946627849,48.81674118863112,1.0869734996450313,1.0896465461126268,-30.237367044962937,False,0.0001346999559362922,71.4553124758346,-6.23499645031389,0.21818181818201637,6,4,failed_breakout_short,1.0856014704876624,TP3,2022-04-08 07:00:00+00:00,4.985295197028303,337.43086698464157,30,True
2022-04-11 06:45:00+00:00,18,EUR_USD,LONG,1.08846,1.087166943877961,1.089209168366117,1.089209168366117,1.089209168366117,489163.0,3,ASIAN,1.5,0.0006671042266439181,21.84751917949029,48.08219002875106,1.0882576000954847,1.0885271028727566,9.195996228752445,False,-3.362983924058039e-05,24.703476482610867,-0.47600095484767735,0.7205882352939256,6,0,failed_breakout_long,1.089209168366117,TP3,2022-04-11 07:15:00+00:00,7.491683814322482,366.46545296654284,30,True
2022-04-18 22:15:00+00:00,18,EUR_USD,SHORT,1.07809,1.078870424876463,1.0775887253706111,1.0775887253706111,1.0775887253706111,815171.17,3,NY,1.5,0.0005043604848598527,26.430137392268616,50.10159597936707,1.0786834895603445,1.080568138512107,-9.062016000294104,False,8.114974495223294e-05,61.508930378469366,-3.4348956034446765,0.45454545454516093,22,0,failed_breakout_short,1.0775887253706111,TP3,2022-04-18 23:30:00+00:00,5.012746355381877,408.6246311429881,75,True
2022-04-19 01:00:00+00:00,18,EUR_USD,LONG,1.0782200000000002,1.0770865091647686,1.078790472505695,1.078790472505695,1.078790472505695,564862.18,3,ASIAN,1.5,0.0005421972654300923,22.702278706449984,47.433453104623446,1.0784405121103393,1.0803015016835575,-10.50126925098649,False,4.060709627343309e-06,31.599200399797883,-4.7051211033921625,0.1458333333333526,1,1,failed_breakout_long,1.0770865091647686,SL,2022-04-19 02:15:00+00:00,-11.334908352316207,-640.2661041989542,75,False
2022-04-25 12:15:00+00:00,18,EUR_USD,SHORT,1.0741999999999998,1.076069013857837,1.072442958426489,1.072442958426489,1.072442958426489,339143.26,3,LONDON,1.5,0.0012781685931258406,34.228036860434145,49.95657968122868,1.0755578370478265,1.0796210618620938,3.824178599223238,False,0.0003205447996585211,73.20359584328212,-11.678370478265254,0.21568627450990635,12,0,failed_breakout_short,1.072442958426489,TP3,2022-04-25 13:30:00+00:00,17.570416253191055,595.88882476642,75,True
2022-04-27 22:15:00+00:00,18,EUR_USD,LONG,1.05555,1.0549082869516222,1.0562951391451332,1.0562951391451332,1.0562951391451332,997053.65,2,NY,1.5,0.0006281813755586728,22.843076067024093,41.71561954500238,1.0568404057190268,1.0634684085077821,-19.294910986189517,False,-1.7158920289416857e-05,15.956587498271361,-15.40405719026916,0.29411764705813204,22,2,failed_breakout_long,1.0549082869516222,SL,2022-04-28 00:15:00+00:00,-6.4171304837779,-639.8223371377021,120,False
2022-05-02 01:30:00+00:00,18,EUR_USD,LONG,1.05308,1.0522070236441523,1.0541289290675429,1.0541289290675429,1.0541289290675429,725591.37,2,ASIAN,1.5,0.0008476703751456795,28.899183060554396,39.14093852918369,1.054336054302415,1.0548277245070194,-20.203940714123014,False,-0.0001564673982770966,14.039033811981545,-15.060543024150164,0.19672131147524274,1,0,failed_breakout_long,1.0522070236441523,SL,2022-05-02 01:45:00+00:00,-8.729763558477098,-633.4241100171473,15,False
2022-05-03 00:15:00+00:00,18,EUR_USD,SHORT,1.0507499999999999,1.0516010710806176,1.0502167867581471,1.0502167867581471,1.0502167867581471,736824.32,3,ASIAN,1.5,0.0005105605782898252,16.65082381453798,52.70715924073228,1.0510957888023378,1.0528354024080984,-7.1554550048524845,False,8.128339008823985e-05,59.921273930921,-0.9578880233784837,0.5277777777782746,0,1,failed_breakout_short,1.0516010710806176,SL,2022-05-03 00:30:00+00:00,-8.510710806177714,-627.0898702478545,15,False
2022-05-03 07:45:00+00:00,18,EUR_USD,SHORT,1.05162,1.052817296732576,1.0505881098022722,1.0505881098022722,1.0505881098022722,518517.22,3,ASIAN,1.5,0.0008828367890696103,23.81934726587765,56.547535005750625,1.0511546037426127,1.0524312093026373,3.4436967437967425,False,0.00014133386279928834,82.32416529830145,7.1539625738736845,0.19200000000001846,7,1,failed_breakout_short,1.0505881098022722,TP3,2022-05-03 08:30:00+00:00,10.318902176285476,535.0528469899496,45,True
2022-05-04 01:15:00+00:00,18,EUR_USD,LONG,1.05284,1.0516108243541178,1.0534575269376467,1.0534575269376467,1.0534575269376467,509422.31,2,ASIAN,1.5,0.0005841833423527122,25.201858077377064,52.328359890615474,1.0524423465303026,1.0525404670428695,-2.4288454608112353,False,3.7619959220100776e-05,39.67876843401122,1.4765346969736193,0.9696969696971023,1,2,failed_breakout_long,1.0516108243541178,SL,2022-05-04 03:30:00+00:00,-12.291756458822078,-626.1694969210563,135,False
2022-05-05 01:45:00+00:00,18,EUR_USD,SHORT,1.0623,1.063808927863991,1.060723216408027,1.060723216408027,1.060723216408027,410826.67,4,ASIAN,1.5,0.0011815803188406073,28.244444021221376,61.95130147910304,1.0591999478141016,1.0551188993017975,52.859759365242454,False,-7.531478492604554e-05,70.93390967649755,33.500521858984555,0.15492957746455527,1,3,failed_breakout_short,1.060723216408027,TP3,2022-05-05 05:00:00+00:00,15.767836303538582,647.7847681687865,195,True
2022-05-05 07:00:00+00:00,18,EUR_USD,LONG,1.0606200000000001,1.0589206085432321,1.0617781743703039,1.0617781743703039,1.0617781743703039,368594.09,2,ASIAN,1.5,0.0009831555625690234,32.550994896477974,44.39814430668924,1.0603107550423378,1.0562869683022216,24.182823969236544,False,-0.00025948297377298993,18.280336634764403,0.5924495766218563,0.5705128205128552,7,3,failed_breakout_long,1.0589206085432321,SL,2022-05-05 07:15:00+00:00,-16.993914567680065,-626.3856475611778,15,False
2022-05-06 00:30:00+00:00,18,EUR_USD,SHORT,1.0540399999999999,1.0554200705268548,1.053029788419435,1.053029788419435,1.053029788419435,449340.66,3,ASIAN,1.5,0.0008201309784449038,22.838880140524914,53.55369887619131,1.0543568245829236,1.0554187015463834,-1.152602573615269,False,-1.9528426652015333e-05,40.4334038054943,-0.6682458292361915,0.03571428571452645,0,4,failed_breakout_short,1.053029788419435,TP3,2022-05-06 01:15:00+00:00,10.102116030468885,453.9291484527469,45,True
2022-05-09 07:45:00+00:00,18,EUR_USD,SHORT,1.05093,1.0525988623279399,1.049713413016181,1.049713413016181,1.049713413016181,374303.55,5,ASIAN,1.5,0.0010243157518880497,25.088743188098295,46.64625428591682,1.0522593032619294,1.054132188098189,-40.65015348258205,False,0.00018811414607081307,65.02174239016593,-10.793032619293985,0.2760736196319361,7,0,failed_breakout_short,1.0525988623279399,SL,2022-05-09 09:45:00+00:00,-16.68862327939946,-624.661093809186,120,False
2022-05-10 10:15:00+00:00,18,EUR_USD,LONG,1.05458,1.0531364932651746,1.0560505202044763,1.0560505202044763,1.0560505202044763,428411.22,3,LONDON,1.5,0.0010872267932472285,32.02698545494416,37.990277675055715,1.0562244060847814,1.0552855730278792,-11.663137075916818,False,-0.0002823438403531961,16.145341780857397,-18.344060847814703,0.04819277108437925,10,1,failed_breakout_long,1.0560505202044763,TP3,2022-05-10 11:15:00+00:00,14.70520238801214,629.9873695395194,60,True
2022-05-11 14:00:00+00:00,18,EUR_USD,SHORT,1.0552,1.057812923721196,1.052891228836412,1.052891228836412,1.052891228836412,239086.33,4,OVERLAP,1.5,0.0016825726250782969,24.053068815904336,51.57331041375389,1.0548449589175286,1.054676369853597,5.65876811022159,False,8.932433597498782e-05,77.46342068109789,5.4504108247144245,0.3526315789473389,14,2,failed_breakout_short,1.052891228836412,TP3,2022-05-11 16:30:00+00:00,23.08771260154276,551.995647399761,150,True
2022-05-12 00:15:00+00:00,18,EUR_USD,LONG,1.05194,1.0506607970962791,1.0525876087111623,1.0525876087111623,1.0525876087111623,492677.36,2,ASIAN,1.5,0.0006320911069099355,20.686675692482495,47.29875222163258,1.0525567674327097,1.0539001077803711,-23.51114213131167,False,0.00012102083850885339,49.695685595725315,-8.667674327096364,0.33644859813079264,0,3,failed_breakout_long,1.0525876087111623,TP3,2022-05-12 00:30:00+00:00,6.476087243068882,319.0621566044855,15,True
2022-05-15 22:30:00+00:00,18,EUR_USD,SHORT,1.0398399999999999,1.0416033060887755,1.0388500817336737,1.0388500817336737,1.0388500817336737,359225.74,3,NY,1.5,0.0008282827362972701,20.705743163487234,49.83514541874799,1.03987212465021,1.0423858134022534,10.56421491244075,False,-2.8362109477753344e-05,66.85583395981772,2.1787534978989775,0.8352941176470281,22,6,failed_breakout_short,1.0416033060887755,SL,2022-05-16 01:00:00+00:00,-17.63306088775618,-633.4249345869271,150,False
2022-05-16 01:15:00+00:00,18,EUR_USD,SHORT,1.04098,1.041746622557331,1.0401301323280066,1.0401301323280066,1.0401301323280066,817991.43,3,ASIAN,1.5,0.0007444418921865189,20.328599592028397,59.149858409410726,1.0401005766403808,1.0421875696746987,19.48377251243416,False,9.48994223648516e-05,81.88460569412852,11.29423359619297,0.0337078651685169,1,0,failed_breakout_short,1.0401301323280066,TP3,2022-05-16 01:45:00+00:00,8.498676823831541,695.1844808233822,30,True
2022-05-16 02:15:00+00:00,18,EUR_USD,LONG,1.04007,1.0393386244830296,1.0409941265509113,1.0409941265509113,1.0409941265509113,866917.9,3,ASIAN,1.5,0.0007682688172308347,19.127830013015757,45.433034873708394,1.040098455584253,1.0421055058697077,4.380573822067024,False,-7.803692028266577e-05,20.750279128486845,-2.784555842529901,0.10344827586197655,2,0,failed_breakout_long,1.0393386244830296,SL,2022-05-16 03:00:00+00:00,-7.31375516970445,-634.0425272834326,45,False
2022-05-17 18:15:00+00:00,18,EUR_USD,SHORT,1.0530199999999998,1.0558155604932606,1.0516033185202183,1.0516033185202183,1.0516033185202183,224535.33,3,NY,1.5,0.0011617552017695312,27.771094907431003,50.74531182874024,1.0515136020305849,1.046207025671043,11.088480906780163,False,-0.00025883885094424546,32.32300327538149,17.56397969415069,0.071428571428554,18,1,failed_breakout_short,1.0558155604932606,SL,2022-05-18 00:00:00+00:00,-27.955604932607955,-627.7020978892755,345,False
2022-05-20 08:30:00+00:00,18,EUR_USD,LONG,1.05773,1.0559841900927172,1.058847429721848,1.058847429721848,1.058847429721848,355952.32,4,LONDON,1.5,0.0008936469706678113,31.60166830057529,50.61522289328428,1.057291771650959,1.054032478993283,8.509848245403795,False,-9.237543409902372e-05,40.07244449510243,2.482283490410353,0.8050847457627454,8,4,failed_breakout_long,1.058847429721848,TP3,2022-05-20 09:15:00+00:00,11.174297532405976,397.7517131030183,45,True
2022-05-25 18:15:00+00:00,18,EUR_USD,SHORT,1.06734,1.0692627745369274,1.065931676389218,1.065931676389218,1.065931676389218,325260.49,3,NY,1.5,0.0010994384257223004,34.86090434971927,56.034004997500986,1.067449407887931,1.0678672559412206,7.989623794031342,False,0.00020471030911965095,72.09714805764077,1.4059211206896016,0.2941176470587851,18,2,failed_breakout_short,1.0692627745369274,SL,2022-05-25 19:00:00+00:00,-19.227745369274626,-625.4025880405496,45,False
2022-05-30 08:30:00+00:00,18,EUR_USD,LONG,1.0757,1.073604537090266,1.0768163887292024,1.0768163887292024,1.0768163887292024,295471.02,3,LONDON,1.5,0.0009194311180777462,25.3621848655937,53.592718378437745,1.0744504247826445,1.0726699125944195,6.902634334162716,False,-0.00016525727997556019,49.388595251804254,10.595752173554462,0.8580645161289768,8,0,failed_breakout_long,1.0768163887292024,TP3,2022-05-30 09:00:00+00:00,11.163887669856358,329.86052769778814,30,True
2022-05-31 09:15:00+00:00,18,EUR_USD,LONG,1.0734400000000002,1.072070677448954,1.0745379676531384,1.0745379676531384,1.0745379676531384,454565.78,4,LONDON,1.5,0.0008744561662284232,27.638079954038478,40.292449075684885,1.0749481917355066,1.0747419552806012,-1.879873917989272,False,-5.497105722861379e-05,29.04640633842742,-16.9819173550656,0.3055555555555099,9,1,failed_breakout_long,1.072070677448954,SL,2022-05-31 10:00:00+00:00,-13.693225510462701,-622.4471734879377,45,False
2022-06-01 08:15:00+00:00,18,EUR_USD,SHORT,1.0723399999999998,1.0741799811792516,1.0711500564622451,1.0711500564622451,1.0711500564622451,334907.07,3,LONDON,1.5,0.0009092507614673355,34.02663718099283,54.659566567019,1.0721850841204612,1.073234047408381,-0.5893482464358613,False,0.00015870554165724977,40.69623140797058,3.4491587953877634,0.23376623376627495,8,2,failed_breakout_short,1.0711500564622451,TP3,2022-06-01 11:15:00+00:00,11.899435732852595,398.52051559429657,180,True
2022-06-02 03:00:00+00:00,18,EUR_USD,LONG,1.06542,1.064279929498197,1.0660102115054084,1.0660102115054084,1.0660102115054084,544008.38,2,ASIAN,1.5,0.0005658452176337843,28.768912973114205,46.58319934415371,1.06605566494349,1.0697751678344418,-34.483610799993514,False,1.453702739315632e-05,39.70490816019764,-8.85664943490072,0.3281250000000813,3,3,failed_breakout_long,1.0660102115054084,TP3,2022-06-02 05:45:00+00:00,5.9021151625769805,321.08001081669397,165,True
2022-06-03 07:45:00+00:00,18,EUR_USD,SHORT,1.0753599999999999,1.076094338702046,1.074816983893862,1.074816983893862,1.074816983893862,848952.54,2,ASIAN,1.5,0.0005294861609426444,23.065385925230927,54.87573251921417,1.0747797070801728,1.0721053185748162,36.47831007250968,False,-1.436130425885408e-06,64.26449904856344,8.302929198271691,0.18518518518516996,7,4,failed_breakout_short,1.076094338702046,SL,2022-06-03 08:00:00+00:00,-7.343387020461999,-623.4187063224247,15,False
2022-06-03 08:15:00+00:00,18,EUR_USD,SHORT,1.0757899999999998,1.0763511900032947,1.0751064299901156,1.0751064299901156,1.0751064299901156,1099778.18,3,LONDON,1.5,0.0005979242918331992,19.254921938039132,58.87033445698527,1.0748742624757766,1.0721826341150291,1.9513631217282779,False,5.965429153372199e-05,82.79920001950615,11.057375242233825,0.06250000000013878,8,4,failed_breakout_short,1.0751064299901156,TP3,2022-06-03 08:45:00+00:00,6.835700160996975,751.775388208696,30,True
2022-06-03 08:45:00+00:00,18,EUR_USD,SHORT,1.07513,1.0765047505640655,1.0744357483078038,1.0744357483078038,1.0744357483078038,454411.36,3,LONDON,1.5,0.000613108190407202,20.07533895711943,48.94820543197869,1.074925115034348,1.0722490931805966,-4.1254616963692925,False,1.8568502737191913e-05,62.83580003810911,3.9488496565209807,0.4891304347824172,8,4,failed_breakout_short,1.0744357483078038,TP3,2022-06-03 09:45:00+00:00,6.942517074742126,315.4758625756791,60,True
2022-06-06 00:15:00+00:00,18,EUR_USD,SHORT,1.0725099999999999,1.073234113488743,1.0719976595337708,1.0719976595337708,1.0719976595337708,867069.93,3,ASIAN,1.5,0.0005076393362370303,27.22867980641818,56.782377790456046,1.0725419208479314,1.0723707842052916,-2.336720516395996,False,0.00012600867041593085,64.3854908080574,2.180791520685066,0.4,0,0,failed_breakout_short,1.0719976595337708,TP3,2022-06-06 00:45:00+00:00,5.123404721379266,444.2350173127991,30,True
2022-06-06 13:45:00+00:00,18,EUR_USD,LONG,1.0716,1.0705335523099284,1.0724493430702147,1.0724493430702147,1.0724493430702147,592902.39,3,OVERLAP,1.5,0.0007119742815615204,35.77532094944851,40.03049749439612,1.0727002253788418,1.0725329529718637,-18.44699566615038,False,-0.00022334724093050904,21.7089377281644,-12.90225378841825,0.47916666666653174,13,0,failed_breakout_long,1.0705335523099284,SL,2022-06-06 14:15:00+00:00,-10.664476900716922,-632.2993842534856,30,False
2022-06-13 07:15:00+00:00,18,EUR_USD,LONG,1.04847,1.0465631259977932,1.04953062200662,1.04953062200662,1.04953062200662,328273.6,3,ASIAN,1.5,0.0008884802898124312,31.229969070796805,44.945585175994964,1.0499066689352567,1.0575121999737507,-42.160866206994996,False,-1.5091716748532225e-06,40.975609756096304,-16.866689352568187,0.10185185185169955,7,0,failed_breakout_long,1.0465631259977932,SL,2022-06-13 07:45:00+00:00,-19.06874002206793,-625.9763934508319,30,False
2022-06-14 01:00:00+00:00,18,EUR_USD,SHORT,1.04107,1.0427513572556586,1.0400859282330244,1.0400859282330244,1.0400859282330244,368581.17,3,ASIAN,1.5,0.0008489491890801928,15.242793165914998,45.44842553145862,1.0427680335092837,1.0503061765103627,-27.243593161732083,False,0.00022321228100329645,78.70894158872525,-14.48033509283686,0.7815126050418961,1,1,failed_breakout_short,1.0400859282330244,TP3,2022-06-14 01:45:00+00:00,9.840717936744854,362.7103330765404,45,True
2022-06-16 11:30:00+00:00,18,EUR_USD,SHORT,1.0397699999999999,1.0431893880234309,1.0376518359297073,1.0376518359297073,1.0376518359297073,182296.87,3,LONDON,1.5,0.001609577757800239,26.176423498194914,44.81447433501171,1.041889211621554,1.0437959347852293,-5.233487786207025,False,0.0001591266801709391,44.752791963635026,-19.292116215539057,0.7470355731224665,11,3,failed_breakout_short,1.0431893880234309,SL,2022-06-16 12:45:00+00:00,-34.19388023431002,-623.3437339869585,75,False
2022-06-20 01:30:00+00:00,18,EUR_USD,SHORT,1.04927,1.050257331364763,1.0483880059057111,1.0483880059057111,1.0483880059057111,625028.55,3,ASIAN,1.5,0.0007514725345597906,20.974803531242657,55.19469031179933,1.0492212972227335,1.0489567419973547,0.8181574455456975,False,7.447147649946827e-05,73.37336704593308,2.9870277726651295,0.19718309859159333,1,0,failed_breakout_short,1.050257331364763,SL,2022-06-20 02:15:00+00:00,-9.873313647630331,-617.1102912873598,45,False
2022-06-23 14:15:00+00:00,18,EUR_USD,SHORT,1.0518699999999999,1.0551833832857132,1.0497098501428608,1.0497098501428608,1.0497098501428608,184385.31,4,OVERLAP,1.5,0.0015991403877528348,28.27166340749987,50.14680888152512,1.0529012060154532,1.0536995292508278,8.641869872323404,False,0.00045362803386156457,59.07986456822321,-8.41206015453233,0.5990099009900924,14,3,failed_breakout_short,1.0497098501428608,TP3,2022-06-23 16:00:00+00:00,21.60149974293201,398.2999226565439,105,True
2022-06-24 14:45:00+00:00,18,EUR_USD,SHORT,1.0541299999999998,1.0578020196848836,1.052213940945349,1.052213940945349,1.052213940945349,167461.57,2,OVERLAP,1.5,0.001397322271926798,31.285216831313,52.082071411323774,1.0535945456026314,1.0533288027703926,3.3230688571528333,False,0.0002153722884285964,54.97619587394974,7.254543973684857,0.2366412213740846,14,4,failed_breakout_short,1.05708,TIME,2022-06-26 23:30:00+00:00,-29.500000000002302,-494.01163150003856,3405,False
2022-07-06 18:15:00+00:00,18,EUR_USD,SHORT,1.01833,1.0203237537562189,1.016738738731343,1.016738738731343,1.016738738731343,305946.54,4,NY,1.5,0.001264114118692463,27.124870563598662,48.34181433666093,1.020234864551848,1.0283671080896768,-10.958194200287874,False,0.00034121598437203513,66.17341225403933,-16.548645518479344,0.23563218390807825,18,2,failed_breakout_short,1.01913,TIME,2022-07-07 02:15:00+00:00,-8.00000000000134,-244.75723200004097,480,False
2022-07-07 09:15:00+00:00,18,EUR_USD,LONG,1.01912,1.0175627235569973,1.0208118293290076,1.0208118293290076,1.0208118293290076,390126.3,4,LONDON,1.5,0.0012499419655761619,29.2672321055102,44.95798530835909,1.019654278771001,1.024291489432345,-6.2551160033752495,False,-0.00017974109100627302,41.79927346625845,-7.242787710011189,0.12605042016795748,9,3,failed_breakout_long,1.0208118293290076,TP3,2022-07-07 09:30:00+00:00,16.918293723737722,660.027133275502,15,True
2022-07-12 01:30:00+00:00,18,EUR_USD,LONG,1.00251,1.0007262840393287,1.0036511478820136,1.0036511478820136,1.0036511478820136,344300.77,4,ASIAN,1.5,0.0009433296412465243,33.80901001822468,37.43569942354554,1.005626888256491,1.0115874820443322,-52.96188564566817,False,-0.00016569094876629352,18.843011059701805,-33.66888256491007,0.8260869565217559,1,1,failed_breakout_long,1.0007262840393287,SL,2022-07-12 05:00:00+00:00,-17.837159606712838,-614.1347787204128,210,False
2022-07-15 06:15:00+00:00,18,EUR_USD,LONG,1.0021600000000002,1.0014502821157294,1.0029891536528122,1.0029891536528122,1.0029891536528122,856669.16,3,ASIAN,1.5,0.0007230474993598889,25.746122709194303,43.747145412392406,1.0022984023167718,1.0030960146448702,5.745003131987225,False,-0.0001618873810955825,33.218544991455325,-3.8840231677172987,0.05194805194810812,6,4,failed_breakout_long,1.0014502821157294,SL,2022-07-15 06:30:00+00:00,-7.097178842707663,-607.9934237552146,15,False
2022-07-19 01:15:00+00:00,18,EUR_USD,LONG,1.0136,1.0125732106062388,1.0141803681812835,1.0141803681812835,1.0141803681812835,586209.3,2,ASIAN,1.5,0.0005668945884136064,21.46910889824121,39.86898441039001,1.0143094004996953,1.0107485616296403,-15.747216467534297,False,-8.281014177019395e-05,22.54489337822527,-9.594004996953398,0.4729729729730946,1,1,failed_breakout_long,1.0125732106062388,SL,2022-07-19 01:45:00+00:00,-10.267893937612182,-601.9134917641882,30,False
2022-07-21 01:00:00+00:00,18,EUR_USD,SHORT,1.01809,1.0192773931917505,1.0174178204247484,1.0174178204247484,1.0174178204247484,501850.91,3,ASIAN,1.5,0.0006123016418224556,27.52506739229379,49.30158518129025,1.0190060814258284,1.0193214627595488,-24.168624100702196,False,0.0001236796941939277,61.511733880159795,-6.660814258283576,0.603448275862168,1,3,failed_breakout_short,1.0192773931917505,SL,2022-07-21 01:30:00+00:00,-11.87393191750541,-595.8943538078134,30,False
2022-07-25 07:15:00+00:00,18,EUR_USD,LONG,1.02045,1.018944016629094,1.0213279501127184,1.0213279501127184,1.0213279501127184,391727.71,4,ASIAN,1.5,0.0009561119745398964,27.497610083055463,49.95037277790747,1.0202715630272743,1.0199755937064554,4.369940813058193,False,-1.628806901315854e-05,40.89822763289163,-0.7156302727429065,0.008310249307472409,7,0,failed_breakout_long,1.018944016629094,SL,2022-07-25 08:00:00+00:00,-15.059833709061275,-589.935417183138,45,False
2022-07-28 01:45:00+00:00,18,EUR_USD,SHORT,1.02034,1.0217659974297943,1.0189220077106171,1.0189220077106171,1.0189220077106171,409563.19,3,ASIAN,1.5,0.0010925666553323078,29.247466219922128,61.06486148810423,1.0178729634045793,1.0167494185398296,51.73981108737679,False,-0.00013195701298165095,76.45612108714359,27.170365954207742,0.0714285714284959,1,3,failed_breakout_short,1.0217659974297943,SL,2022-07-28 04:30:00+00:00,-14.259974297943234,-584.0360562783642,165,False
2022-07-28 04:45:00+00:00,18,EUR_USD,SHORT,1.01996,1.0220519077537342,1.0187342767387972,1.0187342767387972,1.0187342767387972,276396.36,3,ASIAN,1.5,0.0009628286855064374,23.778214063685137,51.968866791958156,1.0189287341995028,1.0171884352897194,44.85724783247047,False,-0.00011668121227640955,26.927959377976887,12.812658004972555,0.5217391304347686,4,3,failed_breakout_short,1.0220519077537342,SL,2022-07-28 05:45:00+00:00,-20.919077537342453,-578.1956885879218,60,False
2022-08-01 07:00:00+00:00,18,EUR_USD,SHORT,1.0230199999999998,1.0244360669001233,1.0221117992996298,1.0221117992996298,1.0221117992996298,404227.89,2,ASIAN,1.5,0.0007826956716577055,33.38751162280629,58.265562945635565,1.0221329743474727,1.0203016437046055,24.357783890454066,False,2.7330434018431706e-05,80.49656685778706,11.370256525271571,0.07608695652175225,7,0,failed_breakout_short,1.0244360669001233,SL,2022-08-01 08:00:00+00:00,-14.160669001235249,-572.4137351357732,60,False
2022-08-03 00:00:00+00:00,18,EUR_USD,LONG,1.0158900000000002,1.0152590097415897,1.016542970775231,1.016542970775231,1.016542970775231,898095.64,2,ASIAN,1.5,0.0006189819084761931,29.491769401356827,32.07717282858715,1.0185076690288954,1.0216334686560384,-48.6121341925827,False,4.014608617629789e-05,10.219093552431564,-28.676690288953477,0.023809523809681155,0,2,failed_breakout_long,1.0152590097415897,SL,2022-08-03 00:15:00+00:00,-6.3099025841051315,-566.6895999609552,15,False
2022-08-03 00:45:00+00:00,18,EUR_USD,LONG,1.01604,1.0147005919833356,1.0167482240499934,1.0167482240499934,1.0167482240499934,418858.7,2,ASIAN,1.5,0.0006489006023769001,26.29983701471421,39.24703290024473,1.0181467338623946,1.0214465519359108,-45.1403583219867,False,3.8213270402809134e-05,22.263636520508328,-23.567338623946554,0.9487179487178976,0,2,failed_breakout_long,1.0167482240499934,TP3,2022-08-03 01:45:00+00:00,7.0822406690180175,296.64581197120174,60,True
2022-08-04 07:30:00+00:00,18,EUR_USD,SHORT,1.01756,1.018808494406432,1.016704516780704,1.016704516780704,1.016704516780704,451735.44,4,ASIAN,1.5,0.0007429181833737437,31.721213643200958,60.9824104926711,1.0166386139769932,1.0181245792738447,10.113093579280363,False,0.0001727727544378282,81.83409997786596,11.713860230069262,0.7560975609753786,7,3,failed_breakout_short,1.018808494406432,SL,2022-08-04 08:45:00+00:00,-12.484944064319325,-563.9891700270679,75,False
2022-08-08 14:00:00+00:00,18,EUR_USD,SHORT,1.01978,1.0214155014882818,1.0185134955351547,1.0185134955351547,1.0185134955351547,341393.31,3,OVERLAP,1.5,0.0009595027639519053,18.40797020322395,54.572540585816114,1.0190186175668579,1.0193670373104733,5.735703722515861,False,5.502836523191366e-05,59.91972445963595,9.513824331421894,0.1975308641974598,14,0,failed_breakout_short,1.0214155014882818,SL,2022-08-08 14:45:00+00:00,-16.35501488281843,-558.3492665944646,45,False
2022-08-12 00:45:00+00:00,18,EUR_USD,LONG,1.03153,1.0305233374246128,1.0321699877261616,1.0321699877261616,1.0321699877261616,549107.31,4,ASIAN,1.5,0.0005973733542905167,28.54968931188458,40.490645270238325,1.032147772977631,1.0294133775424903,-20.398121227971355,False,-7.842941299481096e-05,23.532904922479236,-8.67772977630965,0.30769230769225514,0,4,failed_breakout_long,1.0305233374246128,SL,2022-08-12 01:45:00+00:00,-10.06662575387285,-552.7657788485843,60,False
2022-08-16 07:30:00+00:00,18,EUR_USD,LONG,1.0147300000000001,1.0133406211056135,1.0155281366831594,1.0155281366831594,1.0155281366831594,393872.49,3,ASIAN,1.5,0.0007038465181463502,32.40935245617126,36.35808471279583,1.0162950516151632,1.0209930061377825,-36.057740541795,False,-0.00021628966412270544,22.383818018896644,-18.150516151631546,0.6623376623377297,7,1,failed_breakout_long,1.0155281366831594,TP3,2022-08-16 07:45:00+00:00,7.981367034231458,314.364090737666,15,True
2022-08-17 07:00:00+00:00,18,EUR_USD,LONG,1.01678,1.0159277634513149,1.0174667096460552,1.0174667096460552,1.0174667096460552,645808.68,3,ASIAN,1.5,0.0006370107332723224,28.177962644944984,41.585714197131374,1.0170928848093816,1.0183494313288883,5.554081805092537,False,-0.00017062396116179128,19.863916947247393,-5.62884809381714,0.27499999999981267,7,2,failed_breakout_long,1.0159277634513149,SL,2022-08-17 07:15:00+00:00,-8.52236548685159,-550.3817605541184,15,False
2022-08-19 06:45:00+00:00,18,EUR_USD,SHORT,1.00779,1.0089807083891074,1.0071078748326778,1.0071078748326778,1.0071078748326778,457608.22,4,ASIAN,1.5,0.000654887008342386,20.512015351613886,48.69748923959472,1.0088772884861528,1.0131755672953995,-42.748390772757716,False,0.00011198750021062078,65.5553756325656,-8.372884861527208,0.3027522935779181,6,4,failed_breakout_short,1.0089807083891074,SL,2022-08-19 07:15:00+00:00,-11.907083891073977,-544.8779464785036,30,False
2022-08-19 07:45:00+00:00,18,EUR_USD,SHORT,1.00873,1.0094131462750233,1.0078605611749298,1.0078605611749298,1.0078605611749298,789624.69,3,ASIAN,1.5,0.0007358430821862564,17.124787899082126,58.48638126652979,1.0088488194396978,1.012999118193002,-30.68351636597688,False,0.00016917237993974954,72.93190957973702,1.3118056030214653,0.06666666666671602,7,4,failed_breakout_short,1.0078605611749298,TP3,2022-08-19 08:15:00+00:00,8.694388360808537,686.5303714143049,30,True
2022-08-23 00:45:00+00:00,18,EUR_USD,SHORT,0.99372,0.9948482039300659,0.9930753882098026,0.9930753882098026,0.9930753882098026,484216.07,5,ASIAN,1.5,0.0005945215844079165,21.240501621389605,46.51238133626588,0.9953403742459904,1.0017155202499546,-34.68361817302479,False,0.00010812542873316424,73.72222222221937,-13.703742459904023,0.9649122807017168,0,1,failed_breakout_short,0.9948482039300659,SL,2022-08-23 01:00:00+00:00,-11.28203930065852,-546.2944731750417,15,False
2022-08-24 12:45:00+00:00,18,EUR_USD,LONG,0.99302,0.9911145505456511,0.9943463483630465,0.9943463483630465,0.9943463483630465,283834.1,2,LONDON,1.5,0.0010801204152192604,26.689285993989166,42.8200999963429,0.9943723916096178,0.9964813818222185,-8.989077356166275,False,-9.477626364248846e-05,33.79544036393896,-15.42391609617777,0.4494949494949266,12,2,failed_breakout_long,0.9911145505456511,SL,2022-08-24 14:00:00+00:00,-19.054494543488953,-540.8315309706097,75,False
2022-08-25 00:45:00+00:00,18,EUR_USD,SHORT,0.99797,0.9986481984221827,0.9972654047334523,0.9972654047334523,0.9972654047334523,789478.7,5,ASIAN,1.5,0.0006266542126247717,35.42904445917867,66.7259600889027,0.996361631944202,0.9964201312086259,33.97432763827424,False,9.836482993608934e-05,82.93839803127672,18.583680557979765,0.1599999999999556,0,3,failed_breakout_short,0.9986481984221827,SL,2022-08-25 01:15:00+00:00,-6.781984221826409,-535.4232086868025,30,False
2022-08-30 00:15:00+00:00,18,EUR_USD,SHORT,1.00039,1.0014405357240437,0.9997683928278691,0.9997683928278691,0.9997683928278691,504570.16,4,ASIAN,1.5,0.0005895663446524311,31.668929334194686,57.12312574523308,0.9994711125021885,0.9978790703296424,16.057564118719945,False,8.21514700621328e-05,70.74691665283811,11.688874978115216,0.028571428571618894,0,1,failed_breakout_short,0.9997683928278691,TP3,2022-08-30 01:30:00+00:00,6.21607184450317,313.64443651524596,75,True
2022-08-30 07:15:00+00:00,18,EUR_USD,LONG,0.99985,0.9982945607399917,1.000816317780025,1.000816317780025,1.000816317780025,342800.54,5,ASIAN,1.5,0.0008508157685869191,24.108238591021966,48.85084698072956,0.9996046125233731,0.9983175672823902,3.9184394396840627,False,-7.879732850644264e-05,34.28500027016539,-0.046125233730265336,0.5766423357664807,7,1,failed_breakout_long,1.000816317780025,TP3,2022-08-30 07:30:00+00:00,9.663178082140167,331.25426646738134,15,True
2022-09-07 00:45:00+00:00,18,EUR_USD,LONG,0.98929,0.9882485680575855,0.9900342958272433,0.9900342958272433,0.9900342958272433,515173.33,3,ASIAN,1.5,0.0006740878930553578,28.86352422609446,38.67597951278798,0.9906398322801911,0.9929404554284008,-24.615492430146713,False,-7.85288369285446e-05,23.37359098228374,-15.998322801911158,0.3292682926829004,0,2,failed_breakout_long,0.9882485680575855,SL,2022-09-07 01:00:00+00:00,-10.414319424144614,-536.5179617420263,15,False
2022-09-07 01:15:00+00:00,18,EUR_USD,LONG,0.98929,0.9879613163353672,0.9900860509938986,0.9900860509938986,0.9900860509938986,399758.65,2,ASIAN,1.5,0.0007111268057467157,27.30576344107843,41.69694174485671,0.9904945856611839,0.9928574083666272,-24.107791811577293,False,-7.641940413014318e-05,31.99332873245923,-14.545856611838381,0.6629213483145409,1,2,failed_breakout_long,0.9879613163353672,SL,2022-09-07 02:00:00+00:00,-13.286836646327902,-531.152788050657,45,False
2022-09-07 08:15:00+00:00,18,EUR_USD,SHORT,0.9913799999999999,0.9933381637227157,0.990015508831853,0.990015508831853,0.990015508831853,268537.94,3,LONDON,1.5,0.0010637326279005252,33.2761353818943,61.14939898411998,0.9899786522248629,0.9920324460888383,-5.579849244837787,False,0.00029583421654139444,75.63479278138917,15.913477751370309,0.38028169014088914,8,2,failed_breakout_short,0.990015508831853,TP3,2022-09-07 09:00:00+00:00,13.64491218958822,366.41766108729104,45,True
2022-09-12 13:45:00+00:00,18,EUR_USD,LONG,1.01255,1.0102253178628195,1.014534046411541,1.014534046411541,1.014534046411541,227775.41,3,OVERLAP,1.5,0.0014301239690492512,28.467280264219063,43.8822753177045,1.0124627496996053,1.0068198394060408,-18.94384050919795,False,-0.0004803615920578472,32.88564127623897,-1.027496996053312,0.7711864406779645,13,0,failed_breakout_long,1.01188,TIME,2022-09-12 21:45:00+00:00,-6.700000000001704,-152.60952470003883,480,False
2022-09-14 08:15:00+00:00,18,EUR_USD,SHORT,0.99936,1.0007684423803989,0.9978746728588037,0.9978746728588037,0.9978746728588037,374867.55,4,LONDON,1.5,0.001127107277883442,31.807388659699733,58.19295597524405,0.9990769715024869,1.0042195853521334,-0.11669208085929306,False,0.0001511518865897193,83.71803397961686,4.730284975131838,0.4047619047618481,8,2,failed_breakout_short,1.0007684423803989,SL,2022-09-14 08:30:00+00:00,-14.084423803988333,-527.9793444562787,15,False
2022-09-15 02:30:00+00:00,18,EUR_USD,LONG,0.9979,0.9967520162297877,0.9984839513106367,0.9984839513106367,0.9984839513106367,455319.63,2,ASIAN,1.5,0.0005433984303941384,26.200787633970343,46.67489965172592,0.9982136495838364,1.001326975886376,-15.865454110459698,False,2.3450078532329376e-05,44.0771349862252,-5.636495838363675,0.3947368421051709,2,3,failed_breakout_long,0.9967520162297877,SL,2022-09-15 04:45:00+00:00,-11.47983770212302,-522.6995454990704,135,False
2022-09-20 06:45:00+00:00,18,EUR_USD,SHORT,1.0025,1.0039907717166596,1.0016976848500216,1.0016976848500216,1.0016976848500216,347117.23,3,ASIAN,1.5,0.0007185760452247643,17.66042834458958,50.6536425950737,1.002331889845486,1.0007996937308754,25.82581060310618,False,2.950377023466092e-05,80.26836158192368,4.181101545139843,0.5,6,1,failed_breakout_short,1.0039907717166596,SL,2022-09-20 07:30:00+00:00,-14.907717166596779,-517.4725488492522,45,False
2022-09-22 00:45:00+00:00,18,EUR_USD,LONG,0.9817899999999999,0.9807805466154094,0.9832183601537717,0.9832183601537717,0.9832183601537717,507500.23,2,ASIAN,1.5,0.0010918419999539277,38.87630577071643,30.735087645870053,0.9860188046823269,0.9927270821747657,-66.38067709553552,False,-7.940703025377679e-05,25.094536627525773,-44.78804682326975,0.06756756756756352,0,3,failed_breakout_long,0.9832183601537717,TP3,2022-09-22 02:45:00+00:00,14.283601819168055,724.8931208456206,120,True
2022-09-27 01:15:00+00:00,18,EUR_USD,SHORT,0.96297,0.9643326595021505,0.9617420214935485,0.9617420214935485,0.9617420214935485,381274.09,4,ASIAN,1.5,0.0009749390754223673,31.50354133038688,58.58144804886659,0.9624894779805179,0.9690529497843527,-8.577103990933255,False,0.0003637477533680347,64.55119529585617,7.305220194820938,0.4523809523809744,1,1,failed_breakout_short,0.9643326595021505,SL,2022-09-27 03:30:00+00:00,-13.626595021505315,-519.5467616622971,135,False
2022-09-28 00:15:00+00:00,18,EUR_USD,SHORT,0.95902,0.9603241520698611,0.9581475437904166,0.9581475437904166,0.9581475437904166,394395.18,3,ASIAN,1.5,0.0007519967011706598,20.856649005620813,48.799927761725364,0.9600299317454236,0.9643132550047022,-20.912771204484315,False,0.00012288392576525797,75.51461961572949,-7.599317454236587,0.7125000000000676,0,2,failed_breakout_short,0.9581475437904166,TP3,2022-09-28 00:30:00+00:00,8.724562317047987,344.09253254533576,15,True
2022-09-28 10:15:00+00:00,18,EUR_USD,SHORT,0.95765,0.9597055337398984,0.9552433987803048,0.9552433987803048,0.9552433987803048,251901.59,5,LONDON,1.5,0.001782419802668439,27.92898794377686,56.5283283947016,0.9567875860011994,0.9615477597350003,14.018698116967654,False,0.0002445362712852775,53.68515665125735,10.524139988006276,0.26122448979591284,10,2,failed_breakout_short,0.9552433987803048,TP3,2022-09-28 11:00:00+00:00,24.066013152325162,606.2266978031621,45,True
2022-09-30 07:30:00+00:00,18,EUR_USD,SHORT,0.9814700000000001,0.9840816436952575,0.9796750689142276,0.9796750689142276,0.9796750689142276,200584.21,2,ASIAN,1.5,0.001383766862621023,23.757190250140845,54.18415051709098,0.9802891610656653,0.9735169971603058,64.67299718825092,False,7.991657727604272e-05,65.7437655986846,14.308389343347105,0.2181818181817766,7,4,failed_breakout_short,0.9840816436952575,SL,2022-09-30 08:00:00+00:00,-26.116436952574595,-523.8544874146983,30,False
2022-09-30 08:30:00+00:00,18,EUR_USD,SHORT,0.98315,0.9856679037531302,0.9810962887406095,0.9810962887406095,0.9810962887406095,205971.31,2,LONDON,1.5,0.001473249827241742,29.344951194900997,59.95215640298505,0.9807718876527852,0.9739105838340807,-5.546412833471459,False,0.0002855182942200573,68.5171393698668,25.681123472147682,0.19491525423734873,8,4,failed_breakout_short,0.9810962887406095,TP3,2022-09-30 09:30:00+00:00,20.537113590990753,423.00561899551695,60,True
2022-10-03 00:15:00+00:00,18,EUR_USD,LONG,0.97986,0.9783944289811441,0.9811567130565674,0.9811567130565674,0.9811567130565674,356752.41,4,ASIAN,1.5,0.0010260604635893601,20.560930160419932,49.57102892189637,0.9794786918929738,0.9762663649743777,8.967286155553422,False,-0.00012736709052120886,39.052633832059826,1.3130810702621787,0.5729166666665606,0,0,failed_breakout_long,0.9811567130565674,TP3,2022-10-03 01:00:00+00:00,12.96713092915125,462.60552097602476,45,True
2022-10-03 23:30:00+00:00,18,EUR_USD,SHORT,0.98304,0.983892239526749,0.9821132814197532,0.9821132814197532,0.9821132814197532,618924.64,2,NY,1.5,0.000770587692533774,31.119040339316882,62.447520445271785,0.9813112103106911,0.9788751549248549,36.003630958525434,False,1.7941648710557436e-05,78.28929284956415,19.787896893088686,0.2881355932203549,23,0,failed_breakout_short,0.9821132814197532,TP3,2022-10-04 00:30:00+00:00,9.267185952198874,573.5689729277746,60,True
2022-10-04 04:00:00+00:00,18,EUR_USD,SHORT,0.98278,0.984909407107953,0.9816817786761409,0.9816817786761409,0.9816817786761409,250401.97,2,ASIAN,1.5,0.0009296132004841351,29.50508625559034,53.90700118694962,0.9819886999367988,0.979485747267712,29.06972151717868,False,0.00011615429634915587,72.72051897318092,10.413000632011338,0.9022556390977757,4,1,failed_breakout_short,0.984909407107953,SL,2022-10-04 05:45:00+00:00,-21.294071079530625,-533.2077347634496,105,False
2022-10-05 01:00:00+00:00,18,EUR_USD,LONG,0.9983,0.9970937423460325,0.9991187729619021,0.9991187729619021,0.9991187729619021,437614.35,4,ASIAN,1.5,0.00073447850022509,24.000837302634,52.516985234853344,0.9962784173617956,0.9878951558289287,55.52693647655315,False,-0.00022110164188298483,30.090925258992893,17.715826382044273,0.4803921568627259,1,2,failed_breakout_long,0.9970937423460325,SL,2022-10-05 01:30:00+00:00,-12.062576539674241,-527.8756591734792,30,False
2022-10-05 02:15:00+00:00,18,EUR_USD,LONG,0.99745,0.9960660135042049,0.9985319594873853,0.9985319594873853,0.9985319594873853,377602.6,4,ASIAN,1.5,0.0008745463493337515,21.03598644340177,46.13061383249059,0.9964671826880844,0.9883557543230671,43.94964250332256,False,-0.00024469155567625783,18.42167117170056,7.328173119155457,0.29999999999988897,2,2,failed_breakout_long,0.9960660135042049,SL,2022-10-05 02:45:00+00:00,-13.839864957950754,-522.5968991771095,30,False
2022-10-07 08:45:00+00:00,18,EUR_USD,SHORT,0.9799599999999999,0.9820669597911456,0.9786891206265632,0.9786891206265632,0.9786891206265632,245553.3,3,LONDON,1.5,0.0009800681835560893,26.905955475119026,52.41459643551187,0.980203681002762,0.9844166056563499,-5.955150342428217,False,0.00021858194168304632,65.54916618746343,-0.5368100276204046,0.7264150943396266,8,4,failed_breakout_short,0.9786891206265632,TP3,2022-10-07 12:30:00+00:00,12.708794251924724,312.06863675811474,225,True
2022-10-09 23:15:00+00:00,18,EUR_USD,LONG,0.97373,0.9725181737114097,0.974625478865771,0.974625478865771,0.974625478865771,429510.09,2,NY,1.5,0.0007283916788106118,28.120662752060053,39.594218473694326,0.9754898115573712,0.9806981302713722,-38.226602146090855,False,0.00013258028360230362,48.81184707862921,-20.098115573712327,0.2592592592593202,23,6,failed_breakout_long,0.9725181737114097,SL,2022-10-10 00:30:00+00:00,-12.118262885902896,-520.4916182767813,75,False
2022-10-10 00:30:00+00:00,18,EUR_USD,LONG,0.9737199999999999,0.9723849140366188,0.9745352578901437,0.9745352578901437,0.9745352578901437,385957.7,3,ASIAN,1.5,0.0007494453605652185,32.397204525822225,44.12360024776068,0.9750771061445921,0.9803331126038041,-35.7845852300176,False,0.0001277568321223679,47.36462906675299,-16.07106144592141,0.5317460317459745,0,0,failed_breakout_long,0.9745352578901437,TP3,2022-10-10 01:30:00+00:00,8.152579112667912,314.65506833933483,60,True
2022-10-10 14:45:00+00:00,18,EUR_USD,SHORT,0.97004,0.9728471704204403,0.9681984887386791,0.9681984887386791,0.9681984887386791,184681.79,4,OVERLAP,1.5,0.001374030780817704,26.03683957811847,47.299695627426395,0.9713588209653594,0.9765061565984303,0.7084862038442274,False,0.00011676315300137842,39.48840860034115,-11.288209653593784,0.6073619631901368,14,0,failed_breakout_short,0.97083,TIME,2022-10-10 22:45:00+00:00,-7.899999999999572,-145.89861409999213,480,False
2022-10-11 01:00:00+00:00,18,EUR_USD,SHORT,0.97131,0.9725132682620026,0.9706201952139921,0.9706201952139921,0.9706201952139921,429641.74,4,ASIAN,1.5,0.0006332124865762699,17.83217441622204,58.53836155179967,0.9708532769692022,0.9745033880101588,12.503576138631622,False,0.00012467391567590498,80.03677436301534,7.067230307977734,0.6111111111110598,1,1,failed_breakout_short,0.9706201952139921,TP3,2022-10-11 01:30:00+00:00,6.898048020632344,296.36893541880363,30,True
2022-10-12 12:45:00+00:00,18,EUR_USD,LONG,0.9707100000000001,0.9691762639756707,0.9722112080729882,0.9722112080729882,0.9722112080729882,339000.94,3,LONDON,1.5,0.0011247954737545925,23.859328346881345,45.44662622138932,0.9709822204447904,0.9718599817334974,-3.598427519153624,False,-8.164864616687156e-05,56.21242026675583,-4.622204447903844,0.11926605504593604,12,2,failed_breakout_long,0.9691762639756707,SL,2022-10-12 13:45:00+00:00,-15.337360243293796,-519.9379539595226,60,False
2022-10-14 14:15:00+00:00,18,EUR_USD,LONG,0.97419,0.9698994296316616,0.9770017111050149,0.9770017111050149,0.9770017111050149,119969.73,2,OVERLAP,1.5,0.0020432021126282735,24.223295194978494,48.290061793185984,0.9752019075907894,0.9742894128610339,0.0718064561722187,False,0.00012350340803346472,21.443714732165915,-12.019075907894194,0.6602316602316609,14,4,failed_breakout_long,0.97311,TIME,2022-10-16 22:15:00+00:00,-10.799999999999699,-129.5673083999964,3360,False
2022-10-17 07:45:00+00:00,18,EUR_USD,SHORT,0.97444,0.9760481535895853,0.9732555392312442,0.9732555392312442,0.9732555392312442,319274.79,4,ASIAN,1.5,0.0009658566663725994,29.765816329036753,53.4802581231593,0.9740833220355167,0.9739855287355511,7.626955032480343,False,1.9666749146928354e-05,63.45181021656316,6.066779644832154,0.48623853211015344,7,0,failed_breakout_short,0.9732555392312442,TP3,2022-10-17 08:30:00+00:00,11.84460805854254,378.16847505234773,45,True
2022-10-17 08:45:00+00:00,18,EUR_USD,LONG,0.97402,0.9725160409810458,0.9754318770568625,0.9754318770568625,0.9754318770568625,343908.7,3,LONDON,1.5,0.001067352463772066,29.20554521808357,47.68032885342231,0.974058441020994,0.9739832754610227,0.2533818223215967,False,-0.00010382659120049453,31.7742191216099,-2.284410209940635,0.3301886792452623,8,0,failed_breakout_long,0.9754318770568625,TP3,2022-10-17 09:15:00+00:00,14.118770979163543,485.5568173041861,30,True
2022-10-18 23:15:00+00:00,18,EUR_USD,SHORT,0.98626,0.987212786610183,0.985511640169451,0.985511640169451,0.985511640169451,547950.77,2,NY,1.5,0.0006516037046255242,26.648945383229645,60.143813977417274,0.9853003502202204,0.9819865705045071,19.692515189644322,False,4.124632634402395e-05,60.83829365079446,12.096497797795536,0.29787234042561234,23,1,failed_breakout_short,0.985511640169451,TP3,2022-10-19 00:15:00+00:00,7.4835984420642285,410.0643528699895,60,True
2022-10-19 00:30:00+00:00,18,EUR_USD,LONG,0.98618,0.9851083296880492,0.9868950109358526,0.9868950109358526,0.9868950109358526,490991.3,4,ASIAN,1.5,0.0006338162936230612,24.381633352541492,51.50003724456355,0.9854251299561955,0.9821823141976394,13.203878541037106,False,-0.00010444295612488787,22.55738837784476,5.048700438045062,0.6470588235292837,0,2,failed_breakout_long,0.9851083296880492,SL,2022-10-19 02:30:00+00:00,-10.716703119507674,-526.1807996361129,120,False
2022-10-20 04:30:00+00:00,18,EUR_USD,SHORT,0.9763200000000001,0.9775164023631309,0.9755007929106074,0.9755007929106074,0.9755007929106074,435404.52,5,ASIAN,1.5,0.0006983186743859221,37.82308448622581,52.47406559396306,0.9769688108761003,0.9796771430898957,-15.494052912687906,False,0.00011314734415715895,35.625663022921366,-3.988108761002751,0.31372549019595036,4,3,failed_breakout_short,0.9775164023631309,SL,2022-10-20 04:45:00+00:00,-11.964023631307885,-520.9189966458267,15,False
2022-10-24 07:45:00+00:00,18,EUR_USD,LONG,0.98368,0.9823802670361538,0.9852891988915388,0.9852891988915388,0.9852891988915388,396781.35,3,ASIAN,1.5,0.0012587897900001976,21.118813202405704,44.85796542277444,0.9839067604179651,0.9812882965002412,22.23489424831193,False,-6.377268369508754e-05,32.21694036300743,-4.76760417965072,0.25165562913910206,7,0,failed_breakout_long,0.9823802670361538,SL,2022-10-24 08:00:00+00:00,-12.99732963846223,-515.7098000344055,15,False
2022-10-24 08:15:00+00:00,18,EUR_USD,LONG,0.98319,0.9819587761689286,0.9849836714932145,0.9849836714932145,0.9849836714932145,414670.91,5,LONDON,1.5,0.0013215585434185391,24.662429382240504,42.82326943962886,0.9838321383173911,0.9813209101187113,2.2912367397376343,False,-0.0001581883466628025,28.34797313762213,-8.321383173911512,0.12213740458010221,8,0,failed_breakout_long,0.9819587761689286,SL,2022-10-24 08:30:00+00:00,-12.312238310714374,-510.5527064440792,15,False
2022-10-25 01:15:00+00:00,18,EUR_USD,SHORT,0.98854,0.990038095731631,0.987775712805107,0.987775712805107,0.987775712805107,337393.11,3,ASIAN,1.5,0.000730749215886086,25.707777679808984,58.815204924163275,0.9873479299959863,0.983967851494573,32.362938512077164,False,1.7415659020403253e-05,66.45486385948551,14.420700040136403,0.2569444444445092,1,1,failed_breakout_short,0.987775712805107,TP3,2022-10-25 04:45:00+00:00,7.642872175456861,257.8652412609856,210,True
2022-10-26 00:15:00+00:00,18,EUR_USD,LONG,0.996,0.9952073206833831,0.9966880379498504,0.9966880379498504,0.9966880379498504,640897.04,4,ASIAN,1.5,0.000618547302288313,34.61320696191275,48.79401612134782,0.9946334509224184,0.9891100244448194,33.82685368603533,False,-0.00020644955538480421,33.983303615733725,11.1654907758163,0.15094339622637953,0,2,failed_breakout_long,0.9952073206833831,SL,2022-10-26 00:30:00+00:00,-7.92679316616862,-508.0258276889698,15,False
2022-10-26 13:00:00+00:00,18,EUR_USD,LONG,1.00093,0.9992297195970375,1.0026308412088873,1.0026308412088873,1.0026308412088873,295801.55,3,OVERLAP,1.5,0.001264806462644524,30.132942356221005,48.511827476250495,0.9995777968922913,0.9931579449001201,-14.077504603051683,False,-0.00045096249986836844,33.3403340334016,11.622031077086481,0.24999999999995795,13,2,failed_breakout_long,1.0026308412088873,TP3,2022-10-26 13:30:00+00:00,17.00841266386651,503.1114829011342,30,True
2022-10-28 00:15:00+00:00,18,EUR_USD,LONG,0.99667,0.9956610809145604,0.9974367572563186,0.9974367572563186,0.9974367572563186,503486.05,4,ASIAN,1.5,0.0006751354443877356,27.829891274333704,42.02050928901402,0.998485468697058,0.9998799695423736,-43.72114916434521,False,0.00012606478474056697,22.617492312341145,-20.65468697058037,0.6093750000000271,0,4,failed_breakout_long,0.9974367572563186,TP3,2022-10-28 01:00:00+00:00,7.667572715476625,386.05158996030997,45,True
2022-10-28 06:30:00+00:00,18,EUR_USD,LONG,0.9973799999999999,0.9962735770612448,0.9983192688162655,0.9983192688162655,0.9983192688162655,462605.38,3,ASIAN,1.5,0.0008162140291168014,17.248767165147925,41.325378197163346,0.9982386171306649,0.9994988406201177,-29.668332744533508,False,-0.00021894525347072587,21.093962056368486,-11.086171306649018,0.05357142857138255,6,4,failed_breakout_long,0.9962735770612448,SL,2022-10-28 07:00:00+00:00,-11.064229387551803,-511.837204023557,30,False
2022-10-31 01:45:00+00:00,18,EUR_USD,LONG,0.99507,0.9941607614751091,0.9959577155746725,0.9959577155746725,0.9959577155746725,557300.22,4,ASIAN,1.5,0.000754300117654376,18.174223812812706,43.439823660017716,0.9955400330383511,0.9972618295643098,-5.799324056030564,False,-0.00013225931391630178,19.74690585454087,-7.200330383511089,0.3714285714286077,1,0,failed_breakout_long,0.9959577155746725,TP3,2022-10-31 03:45:00+00:00,8.877155906013448,494.72409393955934,120,True
2022-11-02 01:00:00+00:00,18,EUR_USD,SHORT,0.98841,0.9890662274383778,0.9877113176848666,0.9877113176848666,0.9877113176848666,779708.44,3,ASIAN,1.5,0.0006179938141301637,28.813070281845533,59.72964862035462,0.9885123199479932,0.9909851847228681,-15.134885163999856,False,0.00021402283055184674,84.60312897500755,1.4768005200682666,0.13953488372109235,1,2,failed_breakout_short,0.9890662274383778,SL,2022-11-02 02:30:00+00:00,-6.5622743837778765,-511.66607226274095,90,False
2022-11-02 07:30:00+00:00,18,EUR_USD,LONG,0.98798,0.987176264768095,0.9886712056957151,0.9886712056957151,0.9886712056957151,630244.13,3,ASIAN,1.5,0.000624794002109355,25.87116764828131,40.63042617787666,0.9885050084476114,0.9904364643729343,-20.524197655775733,False,-0.0001533028852885997,23.153910849452604,-7.750084476113583,0.37288135593221294,7,2,failed_breakout_long,0.9886712056957151,TP3,2022-11-02 08:00:00+00:00,6.912057066823937,435.62833925908046,30,True
2022-11-02 08:45:00+00:00,18,EUR_USD,SHORT,0.9898,0.990904144776841,0.9888675656694771,0.9888675656694771,0.9888675656694771,462716.22,3,LONDON,1.5,0.000733411728418947,33.300271102683496,63.509596970874625,0.98870078700259,0.990393587340933,2.975199959240893,False,0.00021916279488197227,85.25446491162876,12.892129974100275,0.7407407407406799,8,2,failed_breakout_short,0.9888675656694771,TP3,2022-11-02 09:15:00+00:00,9.324343506742457,431.45249814214145,30,True
2022-11-03 01:45:00+00:00,18,EUR_USD,SHORT,0.98284,0.984202370464316,0.9815528886070518,0.9815528886070518,0.9815528886070518,378179.23,4,ASIAN,1.5,0.001012259433729861,32.27544351135639,50.28140628469804,0.9843999804226052,0.9880710768319356,-50.17801115227871,False,0.0004758444487110423,80.9964965870192,-13.09980422605217,0.5764705882352711,1,3,failed_breakout_short,0.9815528886070518,TP3,2022-11-03 06:00:00+00:00,12.871114269826652,486.75880838050557,255,True
2022-11-07 14:30:00+00:00,18,EUR_USD,SHORT,0.99892,1.0012032382669729,0.9971202851990816,0.9971202851990816,0.9971202851990816,227785.17,2,OVERLAP,1.5,0.001356728210092363,31.958429090544715,57.29316298924122,0.9965068178244373,0.9894709429731247,7.779508649992106,False,-3.401547277507829e-05,62.732393640701865,26.031821755627682,0.07428571428569689,14,0,failed_breakout_short,1.0012032382669729,SL,2022-11-07 17:00:00+00:00,-22.83238266972854,-520.0878167929169,150,False
2022-11-09 01:15:00+00:00,18,EUR_USD,LONG,1.0071,1.0057672634087653,1.008028209773704,1.008028209773704,1.008028209773704,386338.11,3,ASIAN,1.5,0.0007729393837215273,21.965110916747754,49.761891107447866,1.005914871375476,1.0001233714002369,31.78322904397568,False,-0.00022504050683641304,32.45436694203034,9.351286245240509,0.5573770491803398,1,2,failed_breakout_long,1.008028209773704,TP3,2022-11-09 02:30:00+00:00,9.282097977298431,358.6028189384299,75,True
2022-11-09 09:15:00+00:00,18,EUR_USD,LONG,1.0064000000000002,1.0050909939613673,1.0077370181158987,1.0077370181158987,1.0077370181158987,396081.41,3,LONDON,1.5,0.0010124397860324567,29.30703456667065,45.20217637641972,1.006591296288143,1.0019805282371124,-9.315940397101041,False,-2.5242588890398115e-05,25.580316307185004,-3.8129628814287386,0.3191489361701223,9,2,failed_breakout_long,1.0050909939613673,SL,2022-11-09 09:45:00+00:00,-13.090060386329316,-518.472957480246,30,False
2022-11-16 14:00:00+00:00,18,EUR_USD,LONG,1.0405000000000002,1.037676729777319,1.0425398106680424,1.0425398106680424,1.0425398106680424,181806.27,3,OVERLAP,1.5,0.0015060732706928858,28.49919141567882,47.79512958296792,1.0396184379830766,1.0357105536024251,-8.68737604246661,False,-0.0004428311696966201,40.600231859370076,6.9156201692344155,0.6988636363635912,14,2,failed_breakout_long,1.037676729777319,SL,2022-11-16 14:45:00+00:00,-28.232702226811398,-513.2882283877275,45,False
2022-11-17 08:00:00+00:00,18,EUR_USD,SHORT,1.0389,1.0398228637211315,1.0377314088366054,1.0377314088366054,1.0377314088366054,550628.8,2,LONDON,1.5,0.000963889767815778,29.387183553218364,58.46172762206039,1.0382761370609517,1.037071267222909,-2.333333333330856,False,0.00017956985545669704,74.28373497771285,8.138629390483931,0.09883720930233084,8,3,failed_breakout_short,1.0398228637211315,SL,2022-11-17 08:15:00+00:00,-9.228637211315949,-508.15534333022475,15,False
2022-11-23 14:15:00+00:00,18,EUR_USD,SHORT,1.0328099999999998,1.0345959453404143,1.031332163978757,1.031332163978757,1.031332163978757,281684.88,2,OVERLAP,1.5,0.0011153270607695302,34.22055389822592,55.8942672349818,1.0318111560659615,1.029971929440557,8.210040487901527,False,0.00019192955222941204,67.36392262707714,11.888439340383972,0.715517241379373,14,2,failed_breakout_short,1.0345959453404143,SL,2022-11-23 14:45:00+00:00,-17.859453404145405,-503.0737989012291,30,False
2022-11-24 10:45:00+00:00,18,EUR_USD,LONG,1.04072,1.0394192835629261,1.0422421493112215,1.0422421493112215,1.0422421493112215,382899.02,4,LONDON,1.5,0.0011149019545657018,30.94994094893631,40.622747245388716,1.0414060409367416,1.0361380277602188,-6.902703504176877,False,-0.00020079753283654437,20.519918509431577,-8.76040936741651,0.48051948051935695,10,3,failed_breakout_long,1.0394192835629261,SL,2022-11-24 11:15:00+00:00,-13.007164370739677,-498.0430490535139,30,False
2022-11-29 08:15:00+00:00,18,EUR_USD,LONG,1.0368600000000001,1.034606820750962,1.0384495377471135,1.0384495377471135,1.0384495377471135,218829.74,3,LONDON,1.5,0.0011973328910703256,30.26614526509539,48.380050689391524,1.0369960889579803,1.0382258135578761,4.575343067136917,False,-0.00026073853595810445,44.87737168274007,-3.2608895798036386,0.9696969696969391,8,1,failed_breakout_long,1.0384495377471135,TP3,2022-11-29 08:30:00+00:00,15.895378197514496,347.8381478163766,15,True
2022-12-02 08:15:00+00:00,18,EUR_USD,LONG,1.05305,1.051191915241117,1.0542042542766483,1.0542042542766483,1.0542042542766483,267232.7,3,LONDON,1.5,0.0009278716950679995,24.50498600538434,53.607976989092734,1.0517377700144506,1.046036255020082,4.774820155655224,False,-2.9330880742775307e-05,37.413349178055626,11.22229985549339,0.5298507462686889,8,4,failed_breakout_long,1.0542042542766483,TP3,2022-12-02 08:30:00+00:00,11.542543198411343,308.4544983778099,15,True
2022-12-02 08:45:00+00:00,18,EUR_USD,SHORT,1.05334,1.0547436547155673,1.0520190358532981,1.0520190358532981,1.0520190358532981,355946.19,2,LONDON,1.5,0.0010075016146249582,24.89984632923391,57.867753888285385,1.0518808557495947,1.0461860215106127,4.602713758941057,False,3.1959115634150066e-05,66.2355643664052,16.4914425040541,0.1485148514850288,8,4,failed_breakout_short,1.0520190358532981,TP3,2022-12-02 09:30:00+00:00,13.209641838131413,470.1921683547473,45,True
2022-12-06 07:00:00+00:00,18,EUR_USD,LONG,1.0489300000000001,1.04713590999108,1.0499522700267603,1.0499522700267603,1.0499522700267603,281104.89,3,ASIAN,1.5,0.0008668814451372494,33.86165129932035,44.098767789953534,1.05001648939905,1.0510474983138107,-35.475555463755356,False,-5.910166180873546e-05,58.330743464896464,-13.36489399049956,0.2522522522523171,7,1,failed_breakout_long,1.0499522700267603,TP3,2022-12-06 08:00:00+00:00,10.222700631262832,287.3651136454069,60,True
2022-12-12 16:15:00+00:00,18,EUR_USD,LONG,1.0530800000000002,1.0514134683358698,1.054769594992391,1.054769594992391,1.054769594992391,304345.33,3,OVERLAP,1.5,0.001234987376241995,32.60860192144755,39.00414332306648,1.0546612743126746,1.0538675650291558,-24.204267340042218,False,-0.0005813949352310784,12.086183234902299,-17.712743126745423,0.46000000000017766,16,0,failed_breakout_long,1.054769594992391,TP3,2022-12-12 16:45:00+00:00,16.89595047906461,514.2203624214577,30,True
2022-12-13 02:00:00+00:00,18,EUR_USD,SHORT,1.05435,1.0550522390664216,1.0537532828007348,1.0537532828007348,1.0537532828007348,729585.34,3,ASIAN,1.5,0.0005598725519260956,34.38092274067334,59.14398132361226,1.0539084743281628,1.0537503589959583,-0.29909663128657726,False,9.068370796833539e-05,72.58202790117983,6.915256718371676,0.10000000000022205,2,1,failed_breakout_short,1.0550522390664216,SL,2022-12-13 02:30:00+00:00,-7.022390664217503,-512.3433280365953,30,False
2022-12-14 01:15:00+00:00,18,EUR_USD,SHORT,1.06293,1.064220729590937,1.061947811227189,1.061947811227189,1.061947811227189,392971.46,2,ASIAN,1.5,0.0008106406688830601,27.151723415575614,53.752267606432774,1.0617965578643722,1.057498235556939,20.251499333165945,False,-2.3043244460408503e-05,69.91021885386284,13.834421356277993,0.3432835820895077,1,2,failed_breakout_short,1.061947811227189,TP3,2022-12-14 08:00:00+00:00,9.821887978048725,385.9721658690256,405,True
2022-12-14 08:15:00+00:00,18,EUR_USD,LONG,1.06325,1.0615954352818824,1.0641836941543528,1.0641836941543528,1.0641836941543528,308890.68,4,LONDON,1.5,0.0007613344765041331,21.973562283913335,52.21218318926903,1.0625315871867536,1.0588125608187053,1.9408395630904351,False,-1.0181944469890076e-05,49.83377041768117,5.284128132463373,0.20652173913033248,8,2,failed_breakout_long,1.0641836941543528,TP3,2022-12-14 08:30:00+00:00,9.33694184580071,288.40943158698366,15,True
2022-12-14 19:45:00+00:00,18,EUR_USD,LONG,1.06661,1.0621958214595275,1.068862535621417,1.068862535621417,1.068862535621417,116434.74,5,NY,1.5,0.0018063315751629405,27.089143938243343,54.11836815352407,1.0650489187062182,1.061231593051476,12.165876734553382,False,-4.791716510991724e-05,55.148342563238835,13.110812937817684,0.16944444444444204,19,2,failed_breakout_long,1.068862535621417,TP3,2022-12-14 20:00:00+00:00,22.52535814875985,262.27342194577346,15,True
2022-12-21 15:15:00+00:00,18,EUR_USD,LONG,1.06203,1.0596577281097532,1.0634968156707405,1.0634968156707405,1.0634968156707405,217760.22,4,OVERLAP,1.5,0.0011185049390299315,32.40304757418134,49.71131980785425,1.0619216706147343,1.0618339391954807,-1.5134129942362406,False,-0.00013615509816226838,51.62982068287383,-0.8167061473440818,0.36153846153841684,15,2,failed_breakout_long,1.0596577281097532,SL,2022-12-21 16:45:00+00:00,-23.722718902468017,-516.5864487199594,90,False
2022-12-23 14:45:00+00:00,18,EUR_USD,LONG,1.0611100000000002,1.0588335449805373,1.0627693650583883,1.0627693650583883,1.0627693650583883,224656.57,4,OVERLAP,1.5,0.0012377021790022605,33.621145874887,47.97650805595348,1.0610608790213398,1.061163228021188,-2.8177392298256443,False,-0.00014369836744826533,34.44999924697484,-1.4087902133974595,0.47692307692309793,14,4,failed_breakout_long,1.0627693650583883,TP3,2022-12-23 15:30:00+00:00,16.593651322503387,372.78727898895744,45,True
2022-12-27 02:15:00+00:00,18,EUR_USD,SHORT,1.06443,1.0656222628085323,1.0638332115744031,1.0638332115744031,1.0638332115744031,432076.26,3,ASIAN,1.5,0.0005727737872743457,29.718488397956186,59.85124853170227,1.0635378796422712,1.0624033141965343,6.750060309612671,False,5.722095467105301e-05,56.04464266477032,11.421203577288708,0.5882352941175703,2,1,failed_breakout_short,1.0638332115744031,TP3,2022-12-27 03:30:00+00:00,5.967884394089589,257.8581169110596,75,True
2022-12-30 14:45:00+00:00,18,EUR_USD,SHORT,1.0686399999999998,1.0705677893093428,1.0668266320719717,1.0668266320719717,1.0668266320719717,268559.97,2,OVERLAP,1.5,0.0013930372887794467,24.72108876010485,59.142981690727176,1.066668254502315,1.0652761939620572,16.983212555412575,False,9.86975458636064e-05,81.12857886517544,21.61745497684997,0.13084112149535232,14,4,failed_breakout_short,1.0668266320719717,TP3,2022-12-30 15:45:00+00:00,18.133679955500085,486.99805448387036,60,True
2023-01-04 13:30:00+00:00,18,EUR_USD,LONG,1.0616,1.059233914428316,1.0630782567150519,1.0630782567150519,1.0630782567150519,220869.87,3,OVERLAP,1.5,0.0010870160616988078,21.19624715269717,56.66466891534907,1.0594664243021534,1.0604144983227384,0.9695722440850041,False,-0.0001838506044433073,58.00464682721721,19.435756978465335,0.09210526315792933,13,2,failed_breakout_long,1.059233914428316,SL,2023-01-04 15:00:00+00:00,-23.660855716840512,-522.5970126267321,90,False
2023-01-05 01:15:00+00:00,18,EUR_USD,SHORT,1.0620699999999998,1.0634947373672554,1.0611657878982337,1.0611657878982337,1.0611657878982337,363134.33,3,ASIAN,1.5,0.0007587979677600427,33.73927287144638,60.862455859584315,1.0607617761408172,1.0605719575762693,15.604221048894917,False,0.0002310141513589387,81.03712359323431,15.582238591826947,0.8709677419353683,1,3,failed_breakout_short,1.0611657878982337,TP3,2023-01-05 02:00:00+00:00,9.042121266663761,328.35046479486965,45,True
2023-01-05 07:15:00+00:00,18,EUR_USD,LONG,1.0610300000000001,1.059824152041822,1.0617875438745341,1.0617875438745341,1.0617875438745341,431774.62,2,ASIAN,1.5,0.0006665747794734677,29.498592042534657,47.58589915008786,1.0609179156684945,1.0606767061931133,-0.3691674355588148,False,-2.6974786055139107e-05,21.658254460268935,-1.3791566849441494,0.20000000000022206,7,3,failed_breakout_long,1.059824152041822,SL,2023-01-05 07:45:00+00:00,-12.05847958178241,-520.6545439201859,30,False
2023-01-05 08:00:00+00:00,18,EUR_USD,LONG,1.0612300000000001,1.059625685873135,1.0621929423805945,1.0621929423805945,1.0621929423805945,321288.7,4,LONDON,1.5,0.0008122976641775742,29.581306829082216,51.149246722577445,1.0608748439173674,1.060672274774828,-0.9333333333327865,False,-2.490580156657652e-05,44.80813304342405,1.651560826325671,0.3768115942029102,8,3,failed_breakout_long,1.0621929423805945,TP3,2023-01-05 08:15:00+00:00,9.629424105656057,309.3825152654897,15,True
2023-01-05 08:30:00+00:00,18,EUR_USD,SHORT,1.0615599999999998,1.062431781058368,1.0604246568248954,1.0604246568248954,1.0604246568248954,594807.4,4,LONDON,1.5,0.0009018791083980264,27.12158335162878,56.32277494589854,1.0609496732970394,1.0606955855884252,1.4803972735233373,False,0.00010102165433485802,73.88071698416248,8.003267029605965,0.17543859649118707,8,3,failed_breakout_short,1.062431781058368,SL,2023-01-05 08:45:00+00:00,-8.717810583682706,-518.5418246972793,15,False
2023-01-05 09:45:00+00:00,18,EUR_USD,SHORT,1.0621299999999998,1.063241546610982,1.0609353601670544,1.0609353601670544,1.0609353601670544,461839.75,3,LONDON,1.5,0.000936443706109114,21.429864709048395,58.41096181517733,1.0611400043462031,1.0607586106663542,4.905182921151052,False,0.0001668653736859978,66.96696696696313,11.799956537967837,0.18918918918923786,9,3,failed_breakout_short,1.0609353601670544,TP3,2023-01-05 11:15:00+00:00,11.946398588124094,551.7321737339585,90,True
2023-01-10 08:30:00+00:00,18,EUR_USD,SHORT,1.0734499999999998,1.0747924393384718,1.0724626819845844,1.0724626819845844,1.0724626819845844,386515.59,3,LONDON,1.5,0.0008152444857334167,23.777968710681698,52.784310397090145,1.073139303970602,1.0681201095780928,-2.397006303271887,False,3.1418451828429464e-05,71.48049328306739,5.006960293978402,0.22314049586777465,8,1,failed_breakout_short,1.0747924393384718,SL,2023-01-10 09:15:00+00:00,-13.424393384720013,-518.8737329487153,45,False
2023-01-11 18:30:00+00:00,18,EUR_USD,LONG,1.07545,1.0730259862237872,1.0769820413286382,1.0769820413286382,1.0769820413286382,211915.05,3,NY,1.5,0.001186739870109332,27.652483271104302,50.98098675085116,1.0748103268097415,1.0726910621998074,2.0731911955418347,False,-9.121599592298648e-05,51.4195145361316,3.896731902583994,0.829059829059675,18,2,failed_breakout_long,1.0769820413286382,TP3,2023-01-12 00:00:00+00:00,15.320414009332257,324.66263008083456,330,True
2023-01-13 01:45:00+00:00,18,EUR_USD,LONG,1.0858,1.0841805412655345,1.0866883762033965,1.0866883762033965,1.0866883762033965,319200.24,4,ASIAN,1.5,0.0007489947925788483,27.565626623625164,57.318764377013956,1.0834768902456384,1.0782485624758478,50.9150737497599,False,-0.0001730703905579008,53.05176971843398,20.731097543615906,0.2580645161289052,1,4,failed_breakout_long,1.0841805412655345,SL,2023-01-13 02:00:00+00:00,-16.19458734465562,-516.9316167115037,15,False
2023-01-17 08:15:00+00:00,18,EUR_USD,SHORT,1.0828699999999998,1.0839188517162373,1.0819234448512882,1.0819234448512882,1.0819234448512882,487926.27,2,LONDON,1.5,0.0007635817587263472,26.914890788704373,54.79100640750455,1.0824242382398483,1.0821741106276521,-2.3909697801971497,False,5.2405305636654546e-05,82.28143289706209,6.357617601515653,0.5000000000001321,8,1,failed_breakout_short,1.0819234448512882,TP3,2023-01-17 09:00:00+00:00,9.465551681111116,461.84913252567765,45,True
2023-01-19 07:15:00+00:00,18,EUR_USD,LONG,1.0795700000000001,1.0787392139964591,1.0802823580106227,1.0802823580106227,1.0802823580106227,621556.93,3,ASIAN,1.5,0.0007307454351472905,21.897291872950213,48.01104403056065,1.0797490780793368,1.0807426225178767,-34.08862755266861,False,-1.2934727594532218e-05,25.043384456640734,-4.290780793367865,0.037037037037041386,7,3,failed_breakout_long,1.0802823580106227,TP3,2023-01-19 07:30:00+00:00,7.1235802208339205,442.7710652670254,15,True
2023-01-19 16:00:00+00:00,18,EUR_USD,LONG,1.0797400000000001,1.078121179170213,1.0814364624893615,1.0814364624893615,1.0814364624893615,321720.91,3,OVERLAP,1.5,0.0012492386838904165,34.425597381058374,39.99058553199816,1.0808777585919778,1.080952090031969,-17.524077138286742,False,-0.0003094417103052133,17.839316239313877,-13.277585919777568,0.5526315789472198,16,3,failed_breakout_long,1.0814364624893615,TP3,2023-01-19 17:00:00+00:00,16.964625420922687,545.787472822838,60,True
2023-01-24 15:15:00+00:00,18,EUR_USD,LONG,1.0863300000000002,1.0834154714499922,1.087983585650024,1.087983585650024,1.087983585650024,180566.56,4,OVERLAP,1.5,0.0012555530214433052,26.140120497606357,48.003770604078746,1.0868320061046781,1.0864932639423797,-0.5288800751435119,False,-6.30219686720644e-05,45.323385006203836,-6.920061046780113,0.5062500000001804,15,1,failed_breakout_long,1.087983585650024,TP3,2023-01-24 15:45:00+00:00,16.535857416013386,298.58228902600257,30,True
2023-01-26 13:45:00+00:00,18,EUR_USD,LONG,1.0904300000000002,1.0882266496837332,1.0915400509488007,1.0915400509488007,1.0915400509488007,240203.38,5,OVERLAP,1.5,0.0009376505873527527,29.96061461214446,50.36632262493833,1.0905030965196711,1.0895870022511842,2.1796611735691584,False,3.832604529743609e-05,77.12293807827429,-2.6309651967104664,0.44086021505379297,13,3,failed_breakout_long,1.0915400509488007,TP3,2023-01-26 14:15:00+00:00,11.100509950134173,266.638000974586,30,True
2023-01-26 14:15:00+00:00,18,EUR_USD,SHORT,1.0896499999999998,1.0913031949155565,1.08839041525333,1.08839041525333,1.08839041525333,321751.89,3,OVERLAP,1.5,0.0010702191288909082,29.018990583120782,45.700115163314095,1.0904675566104307,1.0895960509925284,-2.351188712650387,False,8.20004916174523e-05,72.1706805377376,-6.275566104307906,0.16528925619841459,14,3,failed_breakout_short,1.08839041525333,TP3,2023-01-26 14:45:00+00:00,12.595847858175759,405.2737854520503,30,True
2023-02-01 00:15:00+00:00,18,EUR_USD,LONG,1.08634,1.0857335753971928,1.0867992738084218,1.0867992738084218,1.0867992738084218,883821.86,3,ASIAN,1.5,0.0004676456909277935,17.62474391174219,48.496707054148544,1.085798143603043,1.0859144813505015,16.230817508933182,False,-0.00011198447560348753,27.328885594251478,2.9185639695694654,0.12500000000027756,0,2,failed_breakout_long,1.0857335753971928,SL,2023-02-01 01:45:00+00:00,-6.064246028072429,-535.9713204028586,90,False
2023-02-01 10:15:00+00:00,18,EUR_USD,SHORT,1.0883399999999999,1.0891952084016785,1.0874643747949646,1.0874643747949646,1.0874643747949646,620447.14,2,LONDON,1.5,0.0007111013174028992,34.805607593541765,62.659560939676105,1.087045489378913,1.0862874921958685,3.24493037689777,False,4.0146116566361725e-05,59.41486040495457,14.845106210870096,0.04166666666662812,10,2,failed_breakout_short,1.0891952084016785,SL,2023-02-01 10:45:00+00:00,-8.552084016786308,-530.6116069254778,30,False
2023-02-01 19:15:00+00:00,18,EUR_USD,SHORT,1.09087,1.0929359493355497,1.0897221519933509,1.0897221519933509,1.0897221519933509,254268.33,3,NY,1.5,0.0009417630517352865,29.166275376694635,54.29653725787301,1.0899329197118146,1.0875874697909944,9.19171664601981,False,-0.000123682969203794,63.320319762039695,11.870802881854825,0.0467289719625024,19,2,failed_breakout_short,1.0929359493355497,SL,2023-02-01 19:30:00+00:00,-20.659493355497105,-525.3054874148345,15,False
2023-02-06 07:15:00+00:00,18,EUR_USD,LONG,1.0792700000000002,1.0783270481065297,1.079898855680411,1.079898855680411,1.079898855680411,551515.34,3,ASIAN,1.5,0.000604767802159183,22.08036156412188,44.63075773997439,1.0802361935433076,1.0860940627100355,-55.364365540497836,False,-8.309725929737835e-06,36.42334162397321,-12.161935433074866,0.09411764705891573,7,0,failed_breakout_long,1.0783270481065297,SL,2023-02-06 07:45:00+00:00,-9.429518934704895,-520.0524341310207,30,False
2023-02-07 04:45:00+00:00,18,EUR_USD,LONG,1.0735100000000002,1.0727634200817553,1.0739697397547339,1.0739697397547339,1.0739697397547339,689613.93,2,ASIAN,1.5,0.00045936270531138145,37.30058774684238,46.60263487112611,1.0737065624214284,1.0791204783538642,-14.49793609591632,False,-8.962708956469648e-05,21.281420369576555,-4.4656242142826486,0.6428571428572561,4,1,failed_breakout_long,1.0739697397547339,TP3,2023-02-07 05:30:00+00:00,4.59739761400304,317.04294363652605,45,True
2023-02-10 09:30:00+00:00,18,EUR_USD,LONG,1.0722800000000001,1.0713273788090167,1.07350786357295,1.07350786357295,1.07350786357295,543786.29,4,LONDON,1.5,0.0009634393546833188,29.955356140844785,42.587604939353284,1.0732123189554044,1.0738540620542651,-11.789312742818137,False,-7.794196241846182e-05,22.355265279789318,-11.223189554043778,0.11666666666668209,9,4,failed_breakout_long,1.0713273788090167,SL,2023-02-10 09:45:00+00:00,-9.526211909833826,-518.0223432202351,15,False
2023-02-14 00:15:00+00:00,18,EUR_USD,SHORT,1.0729099999999998,1.0734511894607677,1.0724664316176973,1.0724664316176973,1.0724664316176973,947620.3,4,ASIAN,1.5,0.0004493518557111317,39.373564716471776,68.17136456609974,1.071327820367385,1.0704782736826464,32.4075537017765,False,1.9780159583938244e-05,75.07861635220202,18.321796326148387,0.14285714285736945,0,1,failed_breakout_short,1.0734511894607677,SL,2023-02-14 03:15:00+00:00,-5.411894607678657,-512.8421191696832,180,False
2023-02-14 13:45:00+00:00,18,EUR_USD,SHORT,1.0758599999999998,1.0774689499179972,1.0739531502460082,1.0739531502460082,1.0739531502460082,315555.94,4,OVERLAP,1.5,0.0015323355619948893,35.84267353147667,59.7542438804163,1.0744876841846116,1.0721314758486369,3.894619397430965,False,-3.699547463723962e-05,45.57011570781393,15.623158153883487,0.03048780487804589,13,1,failed_breakout_short,1.0739531502460082,TP3,2023-02-14 14:00:00+00:00,19.068498144198433,601.7177856280792,15,True
2023-02-14 14:30:00+00:00,18,EUR_USD,LONG,1.0734100000000002,1.0709181257398543,1.0758356227804373,1.0758356227804373,1.0758356227804373,206162.44,3,OVERLAP,1.5,0.0018363379116992666,28.59075113974613,38.34320372035888,1.0743497987699706,1.072165333827052,-18.203108756760233,False,-0.0003842750786009125,20.10124876376826,-11.29798769970547,0.2236842105263254,14,1,failed_breakout_long,1.0758356227804373,TP3,2023-02-14 15:00:00+00:00,24.256228980930217,500.0723351907287,30,True
2023-02-14 16:00:00+00:00,18,EUR_USD,LONG,1.0722800000000001,1.06983433441772,1.0750469967468406,1.0750469967468406,1.0750469967468406,212102.42,2,OVERLAP,1.5,0.0019398075099489674,24.07503544158331,39.14194433900864,1.074256483426523,1.0722717821438694,-26.578393613101436,False,-0.0003996542863770483,25.748543427094646,-21.66483426522925,0.34640522875816043,16,1,failed_breakout_long,1.07332,TIME,2023-02-15 00:00:00+00:00,10.399999999999299,220.58651679998513,480,True
2023-02-15 01:45:00+00:00,18,EUR_USD,SHORT,1.07371,1.0746136498745276,1.0731690503764173,1.0731690503764173,1.0731690503764173,576481.53,4,ASIAN,1.5,0.0005196354812654679,28.307487221193135,53.94762968070541,1.073702638793494,1.072640904657632,-1.8402818017770883,False,6.171036103213925e-05,70.00378322141982,2.573612065059905,0.4285714285715041,1,2,failed_breakout_short,1.0731690503764173,TP3,2023-02-15 02:00:00+00:00,5.409496329662846,311.84747206534223,15,True
2023-02-16 14:00:00+00:00,18,EUR_USD,LONG,1.06824,1.066933733291195,1.069598800126415,1.069598800126415,1.069598800126415,401186.02,3,OVERLAP,1.5,0.0010544953163522115,33.49727764894837,36.54976282253431,1.069944451327018,1.0705699374502213,-15.763147312977122,False,-0.00024057731522174992,31.108855302404624,-18.94451327018043,0.10447761194031087,14,3,failed_breakout_long,1.066933733291195,SL,2023-02-16 14:15:00+00:00,-13.062667088050706,-524.0559419640052,15,False
2023-02-21 09:00:00+00:00,18,EUR_USD,LONG,1.0669000000000002,1.0656329866648446,1.0677810400054661,1.0677810400054661,1.0677810400054661,409479.02,3,LONDON,1.5,0.0007244533367170361,23.188719572747388,47.23754435561054,1.0672755154608056,1.067786990182061,-4.250717010214622,False,2.349662267513512e-05,27.924726478519577,-5.655154608055213,0.7906976744187487,9,1,failed_breakout_long,1.0656329866648446,SL,2023-02-21 09:15:00+00:00,-12.670133351555533,-518.8153788064276,15,False
2023-02-21 15:00:00+00:00,18,EUR_USD,LONG,1.06621,1.0640382689401333,1.0675551931796001,1.0675551931796001,1.0675551931796001,236505.91,3,OVERLAP,1.5,0.001122500539752494,21.050054411820852,50.43633068666727,1.0663336787810458,1.0673533505802921,-0.39375474405023425,False,5.129578395909315e-05,42.56792867158874,-3.1367878104582303,0.4979253112032599,15,1,failed_breakout_long,1.0675551931796001,TP3,2023-02-21 15:30:00+00:00,13.451932364778067,318.1461505190289,30,True
2023-02-22 10:15:00+00:00,18,EUR_USD,LONG,1.06386,1.063177522088865,1.0647574337334047,1.0647574337334047,1.0647574337334047,757253.35,3,LONDON,1.5,0.0007388875492505673,33.50443767560016,26.70320805099108,1.0651741249396978,1.0662508331994307,-7.171563594128294,False,-0.0001849093412799241,23.956006768188384,-15.041249396978706,0.04347826086936584,10,2,failed_breakout_long,1.063177522088865,SL,2023-02-22 10:30:00+00:00,-6.824779111349599,-516.8086845079507,15,False
2023-02-23 07:45:00+00:00,18,EUR_USD,LONG,1.06189,1.0609108236498082,1.0623875290505758,1.0623875290505758,1.0623875290505758,522521.4,3,ASIAN,1.5,0.0004956132217850771,31.589018887729004,46.79180271471684,1.0619318435475675,1.06380646181207,-11.70868686745985,False,-0.00011549320583064893,18.914334830660604,-2.918435475676162,0.6739130434779881,7,3,failed_breakout_long,1.0609108236498082,SL,2023-02-23 08:00:00+00:00,-9.79176350191846,-511.64059734913366,15,False
2023-02-27 01:15:00+00:00,18,EUR_USD,SHORT,1.0551599999999999,1.0558157047890404,1.0546428856328791,1.0546428856328791,1.0546428856328791,772488.17,3,ASIAN,1.5,0.0004948803225034001,19.76104172530161,54.777211514484456,1.0555503774430095,1.0585192646196655,-4.365998640136759,False,9.957474342469787e-05,83.68062754854948,-1.403774430095428,0.2857142857147389,1,0,failed_breakout_short,1.0558157047890404,SL,2023-02-27 01:30:00+00:00,-6.557047890405343,-506.5241925461584,15,False
2023-02-27 08:45:00+00:00,18,EUR_USD,SHORT,1.0550399999999998,1.0562547666954305,1.0542256999137083,1.0542256999137083,1.0542256999137083,412802.68,3,LONDON,1.5,0.0006788524343710527,37.588136360621455,54.30711447433348,1.0549843822581197,1.0575428594345138,-2.6364985674232067,False,0.00017953293214400485,64.37371010926334,2.456177418801442,0.7125000000001076,8,0,failed_breakout_short,1.0562547666954305,SL,2023-02-27 10:30:00+00:00,-12.147666954307468,-501.458947448556,105,False
2023-03-03 15:15:00+00:00,18,EUR_USD,LONG,1.0615800000000002,1.0598144657037134,1.0628166028888597,1.0628166028888597,1.0628166028888597,281186.47,4,OVERLAP,1.5,0.0009881351216750327,24.814418829538823,49.889776558654056,1.0612672688749156,1.0615465907873072,-0.3116578508022272,False,-5.944732034204521e-05,41.135559350690336,1.2273112508442985,0.5510204081632191,15,4,failed_breakout_long,1.0598144657037134,SL,2023-03-03 15:45:00+00:00,-17.65534296286786,-496.4443564368154,30,False
2023-03-06 02:00:00+00:00,18,EUR_USD,SHORT,1.06276,1.063919800119751,1.062170599640747,1.062170599640747,1.062170599640747,423762.6,2,ASIAN,1.5,0.0005774859366805435,22.68991608482352,51.797570688283436,1.0625214767393085,1.0619182812140677,13.557106381569817,False,-2.8419130832491827e-06,70.12969415408001,4.885232606914869,0.7160493827161002,2,0,failed_breakout_short,1.063919800119751,SL,2023-03-06 02:30:00+00:00,-11.598001197510309,-491.47991422600825,30,False
2023-03-06 07:45:00+00:00,18,EUR_USD,SHORT,1.06457,1.0655254226305875,1.063993732108238,1.063993732108238,1.063993732108238,509266.9,3,ASIAN,1.5,0.0005579277425194265,30.079888045847543,57.81714937549738,1.0637218645001,1.0624455346601125,26.70417528233715,False,-8.268974308581374e-07,65.17358146594682,10.981354999000104,0.6307692307688839,7,0,failed_breakout_short,1.0655254226305875,SL,2023-03-06 08:15:00+00:00,-9.554226305874547,-486.56512126911826,30,False
2023-03-07 06:30:00+00:00,18,EUR_USD,LONG,1.0686,1.0679253981558794,1.0689638055323618,1.0689638055323618,1.0689638055323618,714050.03,3,ASIAN,1.5,0.00040283199622397693,34.973983952021875,45.528853605597206,1.0681416737474498,1.0654424373070999,17.248654985932976,False,-0.0001238778773952248,22.207918222409536,2.0832625255007287,0.2812499999998699,6,1,failed_breakout_long,1.0679253981558794,SL,2023-03-07 06:45:00+00:00,-6.7460184412060356,-481.69946703237235,15,False
2023-03-07 13:30:00+00:00,18,EUR_USD,SHORT,1.0662299999999998,1.0675471322431835,1.0651686032704488,1.0651686032704488,1.0651686032704488,362061.2,2,OVERLAP,1.5,0.0008103884516268201,26.799127982239472,47.28129480548605,1.0670750085531766,1.0657480013545377,-0.8717519724554812,False,0.00013257731091642584,68.04624311121408,-6.550085531766836,0.3600000000001776,13,1,failed_breakout_short,1.0651686032704488,TP3,2023-03-07 14:00:00+00:00,10.613967588663629,384.290584191266,30,True
2023-03-08 00:30:00+00:00,18,EUR_USD,LONG,1.05484,1.0539900183570976,1.0553399449287073,1.0553399449287073,1.0553399449287073,565571.49,2,ASIAN,1.5,0.0004999659082473958,27.894537620904217,30.145380938808557,1.0578454419466883,1.0625422499180819,-63.92271008667682,False,0.0002153008480128807,23.77522856650101,-32.554419466883644,0.5799999999998667,0,2,failed_breakout_long,1.0539900183570976,SL,2023-03-08 02:15:00+00:00,-8.499816429023976,-480.72538424895697,105,False
2023-03-08 08:30:00+00:00,18,EUR_USD,SHORT,1.0542299999999998,1.054994180899621,1.0535074573011365,1.0535074573011365,1.0535074573011365,622782.02,3,LONDON,1.5,0.000601335956439296,32.18948301274623,55.27024192196235,1.0549310446938238,1.0601494156964861,0.7258176868552013,False,0.00019140803621649482,65.95443111455319,-5.110446938239033,0.11764705882386235,8,2,failed_breakout_short,1.0535074573011365,TP3,2023-03-08 08:45:00+00:00,7.225427104651486,449.9866087597605,15,True
2023-03-08 15:30:00+00:00,18,EUR_USD,SHORT,1.05527,1.0566791629741288,1.0538425110776137,1.0538425110776137,1.0538425110776137,340924.37,5,OVERLAP,1.5,0.0011484455233820219,24.521209139792486,58.07002090750813,1.0546074577086493,1.0587318822171445,8.255223646589371,False,0.0001389196874642861,58.37754506017588,8.525422913507885,0.16019417475725697,15,2,failed_breakout_short,1.0566791629741288,SL,2023-03-08 16:15:00+00:00,-14.091629741288523,-480.41799918220534,45,False
2023-03-09 09:45:00+00:00,18,EUR_USD,SHORT,1.05564,1.0569587116508394,1.0549338650474818,1.0549338650474818,1.0549338650474818,360665.51,3,LONDON,1.5,0.0006054644944161104,29.064731109605788,55.02857974779216,1.055147947733775,1.0567706437082471,0.4304112784958569,False,6.395150853696744e-05,71.63988320050971,6.820522662249751,0.7605633802816814,9,3,failed_breakout_short,1.0569587116508394,SL,2023-03-09 11:00:00+00:00,-13.187116508395214,-475.61381009297793,75,False
2023-03-15 01:00:00+00:00,18,EUR_USD,SHORT,1.0729199999999999,1.0738094275437238,1.0723917173688284,1.0723917173688284,1.0723917173688284,529394.08,3,ASIAN,1.5,0.0005153654383442534,19.7930406209009,51.12106928048468,1.072834363658028,1.0704403878508302,9.086035710941243,False,-2.860671719482066e-05,64.90708597100708,3.356363419719788,0.42553191489339587,1,2,failed_breakout_short,1.0738094275437238,SL,2023-03-15 01:45:00+00:00,-8.894275437238974,-470.8576762363724,45,False
2023-03-15 07:45:00+00:00,18,EUR_USD,LONG,1.07396,1.0726877561678034,1.0746767314965897,1.0746767314965897,1.0746767314965897,366399.18,3,ASIAN,1.5,0.0006755956883650918,25.00213655289729,46.803016208427195,1.073719134613684,1.0713517573717934,11.232393551809938,False,-0.00010370326612743596,51.40408610996341,-0.0913461368412527,0.19444444444449013,7,2,failed_breakout_long,1.0726877561678034,SL,2023-03-15 08:15:00+00:00,-12.722438321965955,-466.1490968768902,30,False
2023-03-15 08:30:00+00:00,18,EUR_USD,LONG,1.0739100000000001,1.0723695518588425,1.0748313444234723,1.0748313444234723,1.0748313444234723,299580.1,3,LONDON,1.5,0.0007429751192922966,20.24419458034924,48.192016996578175,1.073696950857252,1.0714158609137918,2.7514538985773385,False,-5.498201830051374e-05,48.543341011690096,0.23049142747977314,0.5064935064936937,8,2,failed_breakout_long,1.0723695518588425,SL,2023-03-15 09:00:00+00:00,-15.404481411576132,-461.48760817281186,30,False
2023-03-16 01:15:00+00:00,18,EUR_USD,SHORT,1.0587499999999999,1.0602347663561627,1.057755700931512,1.057755700931512,1.057755700931512,307706.82,4,ASIAN,1.5,0.0008152803757306563,30.41446762810832,59.788193776010324,1.058891419544941,1.064889336563033,1.9043695876685973,False,9.972770924876928e-05,67.01382541370158,1.0858045505890423,0.349206349206573,1,3,failed_breakout_short,1.0602347663561627,SL,2023-03-16 04:45:00+00:00,-14.847663561627922,-456.8727338978402,210,False
2023-03-16 13:30:00+00:00,18,EUR_USD,LONG,1.05909,1.0567335568317184,1.0614393295048448,1.0614393295048448,1.0614393295048448,191943.52,4,OVERLAP,1.5,0.0017755373125230467,39.981039047812985,43.52610127362257,1.0602397874713523,1.0631736224013786,-14.777770005436341,False,-0.00035627895126270773,45.39140774811981,-13.397874713523272,0.445614035087675,13,3,failed_breakout_long,1.0614393295048448,TP3,2023-03-16 13:45:00+00:00,23.49329627241594,450.9385982930394,15,True
2023-03-22 06:45:00+00:00,18,EUR_USD,LONG,1.07691,1.0763216561694537,1.0772550314916385,1.0772550314916385,1.0772550314916385,776439.5,3,ASIAN,1.5,0.0003976385424429491,21.546466548338152,42.52059819240327,1.076780478973665,1.0736360479040277,2.1248845172960884,False,-3.622179706771819e-05,34.44954128440905,-1.2047897366507243,0.09756097560984855,6,2,failed_breakout_long,1.0763216561694537,SL,2023-03-22 07:00:00+00:00,-5.883438305462896,-456.8133896174458,15,False
2023-03-22 13:45:00+00:00,18,EUR_USD,LONG,1.0783200000000002,1.0775370521086762,1.0792188436739716,1.0792188436739716,1.0792188436739716,577618.59,3,OVERLAP,1.5,0.0007154746553157511,32.28995295979116,46.82283142299617,1.0779364349180436,1.0747937661085523,-3.867424648040796,False,-0.00019562392203072187,29.31434048699138,1.9356508195644828,0.25862068965532425,13,2,failed_breakout_long,1.0792188436739716,TP3,2023-03-22 14:45:00+00:00,8.988436895326139,519.1888245782262,60,True
2023-03-27 01:15:00+00:00,18,EUR_USD,LONG,1.0769300000000002,1.0757699213564569,1.0776102359306294,1.0776102359306294,1.0776102359306294,394315.63,3,ASIAN,1.5,0.0006108603380085935,31.155465511938075,49.369285103135574,1.0768698499430065,1.0797126314524401,10.459873826400568,False,-0.00015041658298960088,29.200400590346234,-1.898499430064149,0.5306122448983939,1,0,failed_breakout_long,1.0757699213564569,SL,2023-03-27 01:30:00+00:00,-11.600786435432829,-457.4371411783151,15,False
2023-03-27 08:00:00+00:00,18,EUR_USD,LONG,1.0765500000000001,1.0747176609685205,1.0775070170944385,1.0775070170944385,1.0775070170944385,247150.1,5,LONDON,1.5,0.0008372010584619671,22.74212938666273,49.67636580405372,1.0765666706327468,1.0789452637807513,2.8666666666654628,False,-5.0975291341332196e-05,34.138632460904766,-2.066706327468193,0.7022471910111757,8,0,failed_breakout_long,1.0775070170944385,TP3,2023-03-27 11:15:00+00:00,9.57017133160506,236.52688016233242,195,True
2023-03-28 07:45:00+00:00,18,EUR_USD,SHORT,1.0817899999999998,1.0831471160879689,1.0810586517360932,1.0810586517360932,1.0810586517360932,335437.8,3,ASIAN,1.5,0.0007103584490851155,31.18297528004525,57.954343211647064,1.0808076799488653,1.0795686064680097,30.147293383313567,False,8.532094705723028e-05,72.05671673966846,12.323200511346055,0.520833333333314,7,1,failed_breakout_short,1.0810586517360932,TP3,2023-03-28 09:00:00+00:00,7.313482857094374,245.3218599921451,75,True
2023-04-05 07:30:00+00:00,18,EUR_USD,SHORT,1.09564,1.096540653530398,1.095048039408806,1.095048039408806,1.095048039408806,508165.73,3,ASIAN,1.5,0.0005869279850249264,34.707035297084886,54.06396922918115,1.095344465536815,1.0920202039577824,20.560388895387582,False,4.845169988089178e-05,77.72792014234702,5.4553446318506005,0.23913043478247753,7,2,failed_breakout_short,1.095048039408806,TP3,2023-04-05 07:45:00+00:00,5.919606028428968,300.8140918749007,15,True
2023-04-05 08:15:00+00:00,18,EUR_USD,LONG,1.0952000000000002,1.094338722373803,1.0959738328785908,1.0959738328785908,1.0959738328785908,534890.71,4,LONDON,1.5,0.0006245155915086527,30.339351834810024,44.137160876456605,1.0952957130058634,1.0921057096499995,2.007523278397816,False,-5.3331287051649494e-05,19.168834386226518,-2.857130058633306,0.7179487179490683,8,2,failed_breakout_long,1.094338722373803,SL,2023-04-05 08:30:00+00:00,-8.612776261971433,-460.68940098370456,15,False
2023-04-10 01:45:00+00:00,18,EUR_USD,LONG,1.0903,1.0896211769574318,1.0907364691277044,1.0907364691277044,1.0907364691277044,671872.46,4,ASIAN,1.5,0.00045209993619796775,34.51794369300615,40.17034743043365,1.0907119697306038,1.0911735474487647,-4.7423691932446665,False,-8.497611259654486e-05,23.985622790927696,-6.619697306038397,0.3157894736840875,1,0,failed_breakout_long,1.0896211769574318,SL,2023-04-10 04:00:00+00:00,-6.788230425682773,-456.08250751503317,135,False
2023-04-17 07:45:00+00:00,18,EUR_USD,SHORT,1.0989399999999998,1.1001569405165816,1.098299178450255,1.098299178450255,1.098299178450255,371030.2,2,ASIAN,1.5,0.0005850323879373797,35.73618105362396,56.85291270335047,1.0989663796454303,1.10039304046071,-20.000026230322376,False,9.468970330538915e-05,57.003575818521945,2.2362035456957585,0.0,7,0,failed_breakout_short,1.098299178450255,TP3,2023-04-17 08:00:00+00:00,6.408215670162865,237.76415417436618,15,True
2023-04-19 10:00:00+00:00,18,EUR_USD,LONG,1.0936100000000002,1.0921524731427013,1.0947925805718965,1.0947925805718965,1.0947925805718965,311417.47,2,LONDON,1.5,0.0009075498778407275,30.097023916529306,34.48373948394348,1.0960666423565921,1.0965016786578918,-11.601640505474187,False,-0.0002690888257287588,14.565212112381674,-26.46642356592066,0.5185185185186404,10,2,failed_breakout_long,1.0921524731427013,SL,2023-04-19 11:15:00+00:00,-14.575268572989408,-453.89932635708715,75,False
2023-04-20 13:00:00+00:00,18,EUR_USD,SHORT,1.0972099999999998,1.0983451477348214,1.0958545567955358,1.0958545567955358,1.0958545567955358,395860.66,4,OVERLAP,1.5,0.0010188457932396417,28.165920998242836,56.544772446484984,1.0961742903840324,1.0960521326225952,9.080647751953386,False,6.468287096813521e-05,83.00236073980255,12.25709615967574,0.39080459770119047,13,3,failed_breakout_short,1.0983451477348214,SL,2023-04-20 14:00:00+00:00,-11.351477348215953,-449.36033150398174,60,False
2023-04-25 07:45:00+00:00,18,EUR_USD,LONG,1.10351,1.1022492890768438,1.1043121327694683,1.1043121327694683,1.1043121327694683,352869.73,4,ASIAN,1.5,0.0007041774287185735,36.45216976108557,35.26361204274434,1.1045342089997616,1.1014933331422878,2.715853901629206,False,-0.0002821475101434222,13.068359287849802,-12.742089997617168,0.6621621621620324,7,1,failed_breakout_long,1.1043121327694683,TP3,2023-04-25 09:00:00+00:00,8.021327921999745,283.0483818077511,75,True
2023-04-28 01:00:00+00:00,18,EUR_USD,SHORT,1.1031499999999999,1.1037579434590914,1.1027461696227259,1.1027461696227259,1.1027461696227259,736412.58,4,ASIAN,1.5,0.0004183235668839808,36.77576889798936,59.73696381135284,1.1028249348804051,1.1027477178671952,10.284771336810383,False,5.3534904735347613e-05,50.684479630548275,5.750651195948198,0.26315789473721113,1,4,failed_breakout_short,1.1027461696227259,TP3,2023-04-28 01:45:00+00:00,4.038303827577355,297.3857740490115,45,True
2023-05-03 18:45:00+00:00,18,EUR_USD,LONG,1.1062400000000001,1.1035823224251835,1.1077230327244498,1.1077230327244498,1.1077230327244498,169573.27,4,NY,1.5,0.0012035440675165585,26.72071971813744,58.08151194611893,1.1042891533004042,1.101693103763262,12.570950115979862,False,4.3505652805618153e-05,36.08399953891105,17.008466995958038,0.33879781420768607,18,2,failed_breakout_long,1.1077230327244498,TP3,2023-05-03 22:00:00+00:00,14.830328119064687,251.4827234322748,195,True
2023-05-12 06:45:00+00:00,18,EUR_USD,SHORT,1.09263,1.0932492736083006,1.092252179175098,1.092252179175098,1.092252179175098,731802.37,3,ASIAN,1.5,0.00043365098684406485,19.259878608961824,60.69059579553419,1.0922948805769956,1.094334406398888,6.088914303052917,False,3.76316617211876e-05,70.5125039361988,5.851194230044321,0.12698412698391998,6,4,failed_breakout_short,1.0932492736083006,SL,2023-05-12 07:00:00+00:00,-6.1927360830060785,-453.1858942328365,15,False
2023-05-12 08:15:00+00:00,18,EUR_USD,LONG,1.0912700000000002,1.090291664107721,1.0920350076768375,1.0920350076768375,1.0920350076768375,458588.96,2,LONDON,1.5,0.0006376237999469954,29.91215466531785,37.314563147539204,1.0922048075292707,1.0941937663777348,1.967494172425699,False,-0.00022846241811970468,11.338519273671857,-11.248075292706883,0.5384615384616173,8,4,failed_breakout_long,1.090291664107721,SL,2023-05-12 09:15:00+00:00,-9.783358922792473,-448.65403937101206,60,False
2023-05-17 14:15:00+00:00,18,EUR_USD,LONG,1.0831300000000001,1.0809323393530863,1.084252981940741,1.084252981940741,1.084252981940741,202109.23,2,OVERLAP,1.5,0.0008999412014110092,31.030351601868198,48.31868191684451,1.0840129077832488,1.0863291407121225,1.0873387213905517,False,5.385790935108839e-05,34.872283711167164,-10.729077832487555,0.8770491803277912,14,2,failed_breakout_long,1.084252981940741,TP3,2023-05-17 16:45:00+00:00,11.229819963039061,226.9650265768453,150,True
2023-05-22 12:45:00+00:00,18,EUR_USD,SHORT,1.0817299999999999,1.0832841502154351,1.0808875493536945,1.0808875493536945,1.0808875493536945,287254.82,3,LONDON,1.5,0.0007127075429509885,25.148602779677407,50.92462811143498,1.0816574584398497,1.0810695808364266,2.262818224880725,False,2.9628796387067317e-05,58.38947872501873,2.6254156015026453,0.17475728155345038,12,0,failed_breakout_short,1.0808875493536945,TP3,2023-05-22 13:15:00+00:00,8.424506756330343,241.9980171878457,30,True
2023-05-22 14:30:00+00:00,18,EUR_USD,LONG,1.0814400000000002,1.080064182847211,1.082557451458367,1.082557451458367,1.082557451458367,326247.66,3,OVERLAP,1.5,0.0008736604266080425,15.936351204486286,47.20980877769835,1.0815277496608602,1.0810737495462068,-2.492010690562374,False,-0.00012166564545511509,36.34259259259155,-2.777496608601382,0.6888888888890369,14,0,failed_breakout_long,1.080064182847211,SL,2023-05-22 14:45:00+00:00,-13.758171527891161,-448.8571266853116,15,False
2023-05-23 02:15:00+00:00,18,EUR_USD,LONG,1.0809000000000002,1.080209451073495,1.0812516467795155,1.0812516467795155,1.0812516467795155,643500.46,2,ASIAN,1.5,0.00040030514922382774,31.960316987068573,41.19879005549923,1.0811819463860564,1.081099057919897,-6.223291903930672,False,-8.035548902862334e-05,24.23758865248887,-5.319463860562479,0.3589743589743298,2,1,failed_breakout_long,1.080209451073495,SL,2023-05-23 05:30:00+00:00,-6.9054892650521875,-444.3685518586145,195,False
2023-05-23 14:30:00+00:00,18,EUR_USD,SHORT,1.07791,1.0797901494833717,1.0767195515498846,1.0767195515498846,1.0767195515498846,233983.99,3,OVERLAP,1.5,0.0009274204691191202,24.367698294017554,47.763706415653864,1.0790088687749428,1.0803286451649825,-1.9067143905204809,False,0.0002256037264752684,71.74396540998121,-9.088687749427837,0.7254901960783802,14,1,failed_breakout_short,1.0767195515498846,TP3,2023-05-23 16:00:00+00:00,11.904485009926352,278.5458901517758,90,True
2023-05-24 08:15:00+00:00,18,EUR_USD,SHORT,1.0781299999999998,1.0792711117765166,1.0772966646704503,1.0772966646704503,1.0772966646704503,387964.03,5,LONDON,1.5,0.0006784932992450245,28.674470796043487,53.939244499917685,1.077874684102614,1.0789254405900532,-2.9733332966119796,False,8.408077663758404e-06,71.25273188215112,4.45315897386056,0.7936507936508216,8,2,failed_breakout_short,1.0772966646704503,TP3,2023-05-24 10:00:00+00:00,8.33335351029251,323.3041411267729,105,True
2023-05-26 01:30:00+00:00,18,EUR_USD,SHORT,1.0724,1.072972302700943,1.0720730918971715,1.0720730918971715,1.0720730918971715,779208.92,5,ASIAN,1.5,0.0003849907303224376,22.430876224526152,54.742523583253565,1.0725092351550545,1.0744426226762205,2.2870254806117707,False,1.9612437961102363e-05,70.51767676767619,1.407648449456289,0.20512820512789856,1,4,failed_breakout_short,1.072972302700943,SL,2023-05-26 01:45:00+00:00,-5.723027009429948,-445.943369514874,15,False
2023-05-26 08:00:00+00:00,18,EUR_USD,SHORT,1.07327,1.074682380918324,1.0725228572450287,1.0725228572450287,1.0725228572450287,312581.35,4,LONDON,1.5,0.0006272788483156099,27.66433277622716,50.352173379497344,1.0732205582439969,1.0742535644913105,-2.1333333333339866,False,-5.671283840056896e-05,53.158783783786056,2.394417560032114,0.8939393939393532,8,4,failed_breakout_short,1.074682380918324,SL,2023-05-26 11:00:00+00:00,-14.123809183239631,-441.4839341639441,180,False
2023-06-02 08:00:00+00:00,18,EUR_USD,LONG,1.0764500000000001,1.0758196415349663,1.0770710753951007,1.0770710753951007,1.0770710753951007,693365.95,4,LONDON,1.5,0.0005442371493480285,31.320930984919798,44.97822631556991,1.0760988680957422,1.072968629915992,-0.2333333333326415,False,-0.00011606462817853066,11.51983688726047,1.6113190425781632,0.15254237288126024,8,4,failed_breakout_long,1.0770710753951007,TP3,2023-06-02 08:30:00+00:00,6.210754040579865,430.6325375562997,30,True
2023-06-05 06:45:00+00:00,18,EUR_USD,LONG,1.0696100000000002,1.0689654501712533,1.06997364948624,1.06997364948624,1.06997364948624,684780.92,2,ASIAN,1.5,0.0004177353962437518,21.94883109475723,40.97498085396105,1.070444598548583,1.0720542987379464,-37.86325311178506,False,-2.9603001027388875e-05,18.442399948484063,-10.845985485830045,0.16981132075501737,6,0,failed_breakout_long,1.0689654501712533,SL,2023-06-05 07:00:00+00:00,-6.445498287468432,-441.37542471510574,15,False
2023-06-12 14:00:00+00:00,18,EUR_USD,LONG,1.076,1.074877772086724,1.076926683739828,1.076926683739828,1.076926683739828,389369.81,4,OVERLAP,1.5,0.0007591375532268524,31.94443009331447,42.81387438688531,1.076151730927331,1.0753443687051887,-12.357859215503808,False,-0.00025429267257436777,37.22023499018584,-3.4173092733102983,0.5368421052631652,14,0,failed_breakout_long,1.074877772086724,SL,2023-06-12 14:45:00+00:00,-11.22227913276097,-436.9616693690104,45,False
2023-06-19 00:15:00+00:00,18,EUR_USD,SHORT,1.09394,1.0945125778311267,1.0935222665066198,1.0935222665066198,1.0935222665066198,755516.59,4,ASIAN,1.5,0.0004340731149496182,20.424550536832484,55.51710490653776,1.093974184647524,1.0910188382642194,-1.3921467920141595,False,3.592091107647503e-05,39.3939393939473,2.1581535247605643,0.03448275862092728,0,0,failed_breakout_short,1.0935222665066198,TP3,2023-06-19 00:45:00+00:00,4.177334989092565,315.6045886246902,30,True
2023-06-20 08:00:00+00:00,18,EUR_USD,SHORT,1.0937,1.0949463433550874,1.0928509699347375,1.0928509699347375,1.0928509699347375,349621.23,2,LONDON,1.5,0.0007046376594482468,33.42057955134192,62.50691874336522,1.0923755810301476,1.0919819906180386,-0.9999999999998899,False,0.0002210744316949057,82.39843722988336,15.144189698523824,0.5465116279068897,8,1,failed_breakout_short,1.0928509699347375,TP3,2023-06-20 09:15:00+00:00,8.490300895466618,296.83894421431404,75,True
2023-06-20 15:00:00+00:00,18,EUR_USD,LONG,1.0910400000000002,1.0892262466920914,1.0921812599237253,1.0921812599237253,1.0921812599237253,241883.22,4,OVERLAP,1.5,0.0008891132861155915,30.27666742129761,41.79444954470614,1.092102229683883,1.0920388763165427,-12.095967301359867,False,-0.00019152676905245087,32.33960200260896,-12.522296838828328,0.7912087912086866,15,1,failed_breakout_long,1.0921812599237253,TP3,2023-06-20 23:00:00+00:00,11.412599709073156,276.05163662016787,480,True
2023-06-26 07:45:00+00:00,18,EUR_USD,LONG,1.09046,1.0895133169908193,1.0909800490275416,1.0909800490275416,1.0909800490275416,466340.9,4,ASIAN,1.5,0.0005409827313353487,21.72197350347443,47.809244327881125,1.0902376865474137,1.0916898170312959,12.805602711267738,False,-7.207826557272833e-05,42.349646226412744,-0.27686547413807716,0.42222222222197003,7,0,failed_breakout_long,1.0895133169908193,SL,2023-06-26 08:00:00+00:00,-9.466830091806598,-441.47700651601724,15,False
2023-06-26 15:00:00+00:00,18,EUR_USD,LONG,1.0913000000000002,1.0899729875478692,1.0920610373563922,1.0920610373563922,1.0920610373563922,329358.05,3,OVERLAP,1.5,0.0006287374110999442,20.82335145514624,53.24966329811758,1.090633004787399,1.0914319322253934,5.914485225100297,False,-9.686388352916377e-05,36.35034556086887,4.769952126009169,0.5178571428572561,15,0,failed_breakout_long,1.09087,TIME,2023-06-26 23:00:00+00:00,-4.300000000001525,-141.62396150005023,480,False
2023-07-07 00:45:00+00:00,18,EUR_USD,LONG,1.0887600000000002,1.0881216999911751,1.0891049000264743,1.0891049000264743,1.0891049000264743,682509.77,3,ASIAN,1.5,0.0003918428735316199,32.001673551515005,48.07869050315968,1.0881795708739175,1.0876322195634138,11.963096558902375,False,-0.00013073343228107688,15.524136550413843,3.3042912608260977,0.21212121212129367,0,4,failed_breakout_long,1.0891049000264743,TP3,2023-07-07 01:15:00+00:00,3.449000315275454,235.3976411908578,30,True
2023-07-07 07:30:00+00:00,18,EUR_USD,LONG,1.0884500000000001,1.0876192466966201,1.0891022599101399,1.0891022599101399,1.0891022599101399,527232.29,2,ASIAN,1.5,0.000612827563419855,33.202509284136454,42.458946115375184,1.0886323547846586,1.0879252693916495,5.966717314658254,False,-0.00013345493439160722,25.918621783969687,-4.323547846585285,0.05263157894742993,7,4,failed_breakout_long,1.0876192466966201,SL,2023-07-07 07:45:00+00:00,-8.307533033800052,-437.9999665661049,15,False
2023-07-13 02:00:00+00:00,18,EUR_USD,SHORT,1.11398,1.1147311031120481,1.113566690663855,1.113566690663855,1.113566690663855,577310.84,3,ASIAN,1.5,0.00045419149380403765,29.246696598307476,61.71244096384151,1.1121139290481776,1.1054310135562504,53.16847876793318,False,-5.914485145949017e-05,78.66235801018276,21.16070951822424,0.426229508196602,2,3,failed_breakout_short,1.1147311031120481,SL,2023-07-13 02:45:00+00:00,-7.511031120481792,-433.61996854314845,45,False
2023-07-21 06:45:00+00:00,18,EUR_USD,SHORT,1.1140299999999999,1.1146786627416891,1.113684011774932,1.113684011774932,1.113684011774932,661798.1,3,ASIAN,1.5,0.0004296593774230198,20.808342191691622,58.22101626062066,1.1141681479648249,1.1175228838780373,-19.183608855875,False,5.752382550619259e-05,88.0532059553196,1.1185203517505293,0.1058823529413455,6,4,failed_breakout_short,1.113684011774932,TP3,2023-07-21 07:15:00+00:00,3.4598823029581967,228.9743534321359,30,True
2023-07-21 13:30:00+00:00,18,EUR_USD,SHORT,1.11242,1.1138472328281446,1.1115383015155664,1.1115383015155664,1.1115383015155664,302384.8,3,OVERLAP,1.5,0.0007327181094113234,31.094792344482897,47.12006963065004,1.1132146591247407,1.1163958940009653,-1.4613947317210219,False,9.221901026664606e-05,59.733793282999876,-6.046591247406141,0.6082474226803297,13,4,failed_breakout_short,1.1115383015155664,TP3,2023-07-21 13:45:00+00:00,8.816985135916967,266.6122286927225,15,True
2023-07-28 03:30:00+00:00,18,EUR_USD,SHORT,1.0978999999999999,1.0988956544742379,1.0972630365772866,1.0972630365772866,1.0972630365772866,436134.87,3,ASIAN,1.5,0.0006340725950129842,20.134961763741522,48.22976369127833,1.099412339965173,1.1042324013479419,-48.10582539990893,False,0.00010310788696461028,69.57541333498914,-12.623399651729983,0.025210084033596196,3,4,failed_breakout_short,1.0972630365772866,TP3,2023-07-28 03:45:00+00:00,6.369634373179787,277.8019659294298,15,True
2023-07-30 23:15:00+00:00,18,EUR_USD,SHORT,1.10229,1.103048183340554,1.1016754499783377,1.1016754499783377,1.1016754499783377,576401.03,3,NY,1.5,0.0005509119181720257,28.495419675037006,55.905893253995146,1.1016242001020329,1.1023135073349928,17.81446715779955,False,4.3287300864982485e-05,76.67060431289244,9.157998979671955,0.4999999999989907,23,6,failed_breakout_short,1.1016754499783377,TP3,2023-07-31 01:45:00+00:00,6.145500323241782,354.2272716181896,150,True
2023-07-31 14:15:00+00:00,18,EUR_USD,SHORT,1.1036599999999999,1.104962391269632,1.1026128261911035,1.1026128261911035,1.1026128261911035,338270.03,3,OVERLAP,1.5,0.000823726643602643,31.58790534251592,58.79830861794809,1.1025282256277138,1.102304391837016,8.595554200154787,False,7.860699302177408e-05,79.87360977715046,13.217743722861997,0.4814814814816338,14,0,failed_breakout_short,1.1026128261911035,TP3,2023-07-31 14:45:00+00:00,10.471738398531487,354.22752622233986,30,True
2023-08-02 08:15:00+00:00,18,EUR_USD,LONG,1.09905,1.0977383693494482,1.1000348919516556,1.1000348919516556,1.1000348919516556,338587.85,4,LONDON,1.5,0.0007858854938820735,17.307286473110647,49.362020186195956,1.098876799809953,1.09937547931748,3.2281946534329364,False,-1.1028746756044713e-05,49.289793965487355,-0.1679980995294983,0.6341463414632033,8,2,failed_breakout_long,1.0977383693494482,SL,2023-08-02 09:45:00+00:00,-13.116306505518427,-444.1022019644497,90,False
2023-08-03 07:15:00+00:00,18,EUR_USD,LONG,1.09226,1.0915807424717958,1.0929677725846125,1.0929677725846125,1.0929677725846125,647267.29,4,ASIAN,1.5,0.0006479068380935012,33.163768454081804,35.486120492790505,1.0937214814051728,1.09631271357728,-29.371193349960745,False,-8.60313811576614e-05,14.25336571062978,-17.114814051728544,0.077922077922018,7,3,failed_breakout_long,1.0915807424717958,SL,2023-08-03 08:00:00+00:00,-6.792575282041912,-439.66117949282545,45,False
2023-08-07 01:45:00+00:00,18,EUR_USD,LONG,1.1003100000000001,1.0993656147041593,1.1008231558875223,1.1008231558875223,1.1008231558875223,460897.23,2,ASIAN,1.5,0.0005074298351327778,31.84973012802228,43.283750559414784,1.1002673075758924,1.0977120845224146,4.5258370051048935,False,-7.359862360615366e-05,14.975562072331186,-2.0730757589237925,0.7346938775514829,1,0,failed_breakout_long,1.0993656147041593,SL,2023-08-07 04:00:00+00:00,-9.443852958408439,-435.26456690577544,135,False
2023-08-09 03:00:00+00:00,18,EUR_USD,SHORT,1.0965699999999998,1.0971614923058397,1.0962155230824804,1.0962155230824804,1.0962155230824804,728516.53,3,ASIAN,1.5,0.00039562856798833765,27.304568167715445,64.1798470181302,1.0960270355893484,1.097144113713552,12.879484674932495,False,6.0934852739675784e-05,62.69571037773678,7.929644106514644,0.03333333333355538,3,2,failed_breakout_short,1.0971614923058397,SL,2023-08-09 05:00:00+00:00,-5.914923058398801,-430.91192217216826,120,False
2023-08-09 13:15:00+00:00,18,EUR_USD,SHORT,1.0981599999999998,1.0990391881591297,1.097362435522611,1.097362435522611,1.097362435522611,485223.56,3,OVERLAP,1.5,0.0006463494383835631,22.845337403127168,59.05235409799199,1.0973402905741387,1.0972924932180863,5.557471895936139,False,4.93271179054927e-05,90.00878348704337,10.09709425861205,0.08163265306132622,13,2,failed_breakout_short,1.097362435522611,TP3,2023-08-09 13:45:00+00:00,7.975644938258197,386.9970830237623,30,True
2023-08-15 02:00:00+00:00,18,EUR_USD,SHORT,1.0906399999999998,1.0916029189944885,1.0901312430165346,1.0901312430165346,1.0901312430165346,447049.83,4,ASIAN,1.5,0.0004932781326212993,21.60720244559597,50.88314432198774,1.0912074081950531,1.0939297165103927,-7.529837849342691,False,7.818633089372084e-05,57.78981871697038,-3.1740819505321483,0.3636363636367918,2,1,failed_breakout_short,1.0916029189944885,SL,2023-08-15 02:30:00+00:00,-9.629189944886372,-430.4727727899163,30,False
2023-08-15 13:30:00+00:00,18,EUR_USD,SHORT,1.0937199999999998,1.0954612353001627,1.092346294099512,1.092346294099512,1.092346294099512,244750.41,3,OVERLAP,1.5,0.0010551512717307423,25.00945136949843,58.82332033762146,1.0925078915417197,1.0933839773635143,9.108915889926017,False,2.8536122243888527e-05,83.51780351780225,14.021084582802601,0.16393442622949028,13,1,failed_breakout_short,1.092346294099512,TP3,2023-08-15 15:15:00+00:00,13.737059566147162,336.215096100894,105,True
2023-08-17 11:15:00+00:00,18,EUR_USD,SHORT,1.0881599999999998,1.0890713510678336,1.0874159467964988,1.0874159467964988,1.0874159467964988,471311.46,3,LONDON,1.5,0.0006125091259768645,28.197004791257257,58.10974526824038,1.0877370346712745,1.0896226851227062,4.62906993877521,False,0.0001001517325530967,77.87393162393012,6.129653287254566,0.6458333333333526,11,3,failed_breakout_short,1.0890713510678336,SL,2023-08-17 11:30:00+00:00,-9.113510678337988,-429.5302023533068,15,False
2023-08-21 13:45:00+00:00,18,EUR_USD,LONG,1.0889000000000002,1.088235113051536,1.0898646608453917,1.0898646608453917,1.0898646608453917,639559.7,4,OVERLAP,1.5,0.0007697900471471448,36.16390326497709,41.76369658103369,1.088986875040632,1.088333993439187,-8.48792070667903,False,-0.0002622412951993106,26.439827193112148,-2.768750406318965,0.012987012987095379,13,0,failed_breakout_long,1.088235113051536,SL,2023-08-21 14:00:00+00:00,-6.6488694846422725,-425.23489729369663,15,False
2023-08-24 01:45:00+00:00,18,EUR_USD,LONG,1.08634,1.0857490234873806,1.0867829295378584,1.0867829295378584,1.0867829295378584,712350.73,2,ASIAN,1.5,0.00045395638057902976,25.643940937929177,46.46017658981428,1.08585060639937,1.0860407608610858,23.097270049488028,False,-0.00012312267237810963,11.875911803434306,2.3939360062996684,0.11428571428580492,1,3,failed_breakout_long,1.0867829295378584,TP3,2023-08-24 03:15:00+00:00,4.429295440761518,315.5211840612139,90,True
2023-08-25 08:15:00+00:00,18,EUR_USD,LONG,1.0779900000000002,1.0764923567738205,1.0788129296785385,1.0788129296785385,1.0788129296785385,283203.47,3,LONDON,1.5,0.0006720517057618449,31.79171364369582,42.05712628772227,1.0793327944077842,1.0826956488091604,1.7016968098326757,False,-9.196765767730257e-06,34.45199267984268,-15.327944077840883,0.04761904761936651,8,4,failed_breakout_long,1.0788129296785385,TP3,2023-08-25 09:00:00+00:00,8.229297075961487,233.05654875731466,45,True
2023-08-28 13:45:00+00:00,18,EUR_USD,LONG,1.0809000000000002,1.079742599863191,1.0816322004104266,1.0816322004104266,1.0816322004104266,368470.95,3,OVERLAP,1.5,0.0006244573969307276,16.618214576009617,48.43373583712647,1.0807312557102478,1.0811390398807879,-0.3431511447660185,False,-2.553294409816248e-05,49.114708233420096,-0.21255710247691795,0.026666666666840356,13,0,failed_breakout_long,1.0816322004104266,TP3,2023-08-28 19:30:00+00:00,7.32200430297751,269.79458814222113,345,True
2023-08-30 08:15:00+00:00,18,EUR_USD,LONG,1.0862900000000002,1.0852692346470145,1.0869722960589565,1.0869722960589565,1.0869722960589565,420435.77,4,LONDON,1.5,0.0005935642269730181,32.82395480984974,43.37929386087689,1.0864415341055838,1.0841889744320143,1.031297698053102,False,-5.614896776565833e-05,34.147898710576136,-3.4153410558368513,0.413333333333361,8,2,failed_breakout_long,1.0869722960589565,TP3,2023-08-30 09:00:00+00:00,6.822960751846175,286.8616757382226,45,True
