timestamp,strategy_id,pair,signal_direction,entry_price,sl_price,tp1_price,tp2_price,tp3_price,lot_size,confluence_score,session,spread_at_entry,atr_at_entry,adx_at_entry,rsi_at_entry,ema_50_value,ema_200_value,vwap_deviation,news_within_60min,macd_hist_at_entry,stoch_k_at_entry,distance_from_ema50_pips,candle_body_ratio,hour_of_day,day_of_week,entry_pattern,exit_price,exit_reason,exit_time,pnl_pips,pnl_dollars,hold_time_minutes,win
2025-01-03 16:15:00+00:00,21,EUR_USD,LONG,1.0297500000000002,1.0282918111347636,1.0311800390745667,1.0311800390745667,1.0311800390745667,712312.76,4,OVERLAP,1.5,0.000810019537283301,19.180288316927026,54.748257541855786,1.0287081279655383,1.0312300609338267,5.592274234804684,False,-8.774566063349753e-05,66.02863202544977,8.51872034461687,0.9538461538461959,16,4,ema_ribbon_bounce_long,1.02972,TIME,2025-01-06 00:15:00+00:00,-0.3000000000019653,-21.369382800139995,3360,False
2025-01-09 11:45:00+00:00,21,EUR_USD,SHORT,1.02992,1.0319813201935446,1.0287733376011527,1.0287733376011527,1.0287733376011527,503790.17,4,LONDON,1.5,0.0006683311994236689,21.155017372625597,45.587461926287176,1.0306745306968723,1.0325344782511143,-1.4474502923644827,False,-1.6506671514283884e-05,31.267155810539247,-5.645306968722341,0.08333333333294785,11,3,ema_ribbon_bounce_short,1.02979,TIME,2025-01-09 19:45:00+00:00,1.2999999999996346,65.49272209998159,480,True
2025-01-10 11:15:00+00:00,21,EUR_USD,LONG,1.0304200000000001,1.029566398722115,1.0312523340249424,1.0312523340249424,1.0312523340249424,1217345.61,3,LONDON,1.5,0.0005111670124712178,47.59729761905799,54.578235240697644,1.0298663704874096,1.0309201773296057,-0.4292040811559872,False,2.611679487416423e-05,39.04496469714477,3.63629512590391,0.2653061224488501,11,4,ema_ribbon_bounce_long,1.029566398722115,SL,2025-01-10 13:30:00+00:00,-8.5360127788503,-1039.1277683237313,135,False
2025-01-14 01:00:00+00:00,21,EUR_USD,LONG,1.02495,1.0222184752433896,1.0263196835601651,1.0263196835601651,1.0263196835601651,376616.21,2,ASIAN,1.5,0.0008098417800825897,31.65908856266911,56.806879574070024,1.0231140826625948,1.0245563533095905,34.98424838065617,False,-0.0001857712721945212,8.856471751178896,15.859173374050961,0.19230769230772515,1,1,ema_ribbon_bounce_long,1.0263196835601651,TP3,2025-01-14 07:00:00+00:00,13.696835965332435,515.8450450255193,360,True
2025-01-14 10:45:00+00:00,21,EUR_USD,LONG,1.02618,1.0234938191446472,1.0276149532243146,1.0276149532243146,1.0276149532243146,384894.02,3,LONDON,1.5,0.0008124766121572867,29.765646620351774,54.839503040817924,1.0250051997650447,1.0248045752054002,-1.3222813819324664,False,-6.014852339836734e-05,49.59478505989885,9.848002349552853,0.5199999999999112,10,1,ema_ribbon_bounce_long,1.0276149532243146,TP3,2025-01-14 15:00:00+00:00,14.349532615963028,552.3049293679127,255,True
2025-01-15 15:15:00+00:00,21,EUR_USD,LONG,1.0328100000000002,1.0285923823465501,1.0350455363026294,1.0350455363026294,1.0350455363026294,246446.71,4,OVERLAP,1.5,0.0012127681513146096,34.813320125110906,57.06492451076553,1.030926186381257,1.0283658102542714,5.3694248038893555,False,0.00012356067244218125,30.450845784226757,16.938136187429897,0.29523809523812744,15,2,ema_ribbon_bounce_long,1.0285923823465501,SL,2025-01-15 16:30:00+00:00,-42.17617653450079,-1039.417994730692,75,False
2025-01-15 21:00:00+00:00,21,EUR_USD,SHORT,1.0291899999999998,1.030285871703869,1.0280201455768454,1.0280201455768454,1.0280201455768454,939000.26,4,NY,1.5,0.00070992721157723,17.811513412498915,47.59990148606804,1.029884381770348,1.0285331969889242,-17.400572083519084,False,0.00012860280295025388,59.723626558812555,-4.443817703481123,0.5555555555559211,21,2,ema_ribbon_bounce_short,1.02848,TIME,2025-01-16 05:00:00+00:00,7.099999999997663,666.6901845997807,480,True
2025-01-16 14:45:00+00:00,21,EUR_USD,SHORT,1.02772,1.029669489721832,1.0262129400321283,1.0262129400321283,1.0262129400321283,531262.47,4,OVERLAP,1.5,0.0008485299839359301,27.63589619984233,48.232455325148635,1.0284721024193513,1.0286068556309047,-1.8416747498917196,False,2.846466282355691e-05,63.74295008307897,-5.621024193511737,0.23287671232873378,14,3,ema_ribbon_bounce_short,1.029669489721832,SL,2025-01-16 15:00:00+00:00,-19.494897218319537,-1035.6907248600567,15,False
2025-01-16 18:00:00+00:00,21,EUR_USD,LONG,1.03051,1.0280244425452087,1.0324442751514533,1.0324442751514533,1.0324442751514533,412516.64,3,NY,1.5,0.0010921375757267314,40.48188641598582,56.0222393427614,1.0291444254318765,1.0287892121932067,15.486353844120782,False,9.70760026883293e-05,27.114193250115093,11.155745681235008,0.864864864864873,18,3,ema_ribbon_bounce_long,1.03068,TIME,2025-01-17 02:00:00+00:00,1.7000000000000346,70.12782880000144,480,True
2025-01-17 18:15:00+00:00,21,EUR_USD,SHORT,1.02822,1.0305065899209738,1.026400822464302,1.026400822464302,1.026400822464302,448718.45,5,NY,1.5,0.001034588767849023,19.353575033969538,44.97957143314081,1.0293757519109752,1.0293038268045034,-10.076259240037189,False,-0.00014645375854302256,30.6615931469388,-9.057519109751944,0.1348314606740676,18,4,ema_ribbon_bounce_short,1.02874,TIME,2025-01-20 02:15:00+00:00,-5.20000000000076,-233.33359400003408,3360,False
2025-01-21 03:45:00+00:00,21,EUR_USD,SHORT,1.03849,1.038154333789843,1.03618968220504,1.03618968220504,1.03618968220504,3049761.1,2,ASIAN,1.5,0.001275158897480031,19.375648610962347,46.54333874468367,1.0389252696517597,1.0342240040538022,15.945143923232763,False,8.892692698665879e-06,51.18919502097347,-1.8526965175968968,0.3692307692309006,3,1,ema_ribbon_bounce_short,1.038154333789843,SL,2025-01-21 04:00:00+00:00,3.3566621015701514,1023.7017503212898,15,True
2025-01-21 04:15:00+00:00,21,EUR_USD,LONG,1.0399800000000001,1.03577244781534,1.0421425699354503,1.0421425699354503,1.0421425699354503,245734.03,5,ASIAN,1.5,0.001206284967725135,16.95148299221941,51.72801000839214,1.0389634111625816,1.0343268246957904,25.67262848826024,False,9.42420808373658e-05,45.04669334858431,7.665888374184249,0.7032967032967006,4,1,ema_ribbon_bounce_long,1.03577244781534,SL,2025-01-21 08:30:00+00:00,-42.07552184660067,-1033.9387547718227,255,False
2025-01-22 02:15:00+00:00,21,EUR_USD,SHORT,1.0407,1.0405084229236017,1.0394471047741767,1.0394471047741767,1.0394471047741767,5343015.98,4,ASIAN,1.5,0.0007514476129116462,27.022634370746665,45.18586399236663,1.0409582473104437,1.0375643543255602,23.092299448954634,False,-0.00012170581071285575,24.473493100945053,-0.08247310443687539,0.5272727272724997,2,2,ema_ribbon_bounce_short,1.0405084229236017,SL,2025-01-22 02:30:00+00:00,1.915770763982749,1023.5993805976639,15,True
2025-01-22 05:30:00+00:00,21,EUR_USD,SHORT,1.04087,1.0407035449442132,1.0399931070752377,1.0399931070752377,1.0399931070752377,6210898.01,3,ASIAN,1.5,0.0005634464623811699,20.374347161780655,45.38971359949039,1.0411504238450655,1.038035489467048,23.387350616150826,False,-2.4041593521259574e-05,28.61832061068813,-0.30423845065463695,0.10000000000011103,5,2,ema_ribbon_bounce_short,1.0407035449442132,SL,2025-01-22 05:45:00+00:00,1.664550557867184,1033.8353747401682,15,True
2025-01-22 18:45:00+00:00,21,EUR_USD,SHORT,1.04135,1.0423812018519205,1.0401682811440087,1.0401682811440087,1.0401682811440087,1012579.38,3,NY,1.5,0.0007158594279957057,21.762218394624302,44.289876635954855,1.0422116323308979,1.039877798784321,-11.539668308728768,False,3.5353229028454634e-05,73.13332581021712,-6.116323308977822,0.5937499999997506,18,2,ema_ribbon_bounce_short,1.0401682811440087,TP3,2025-01-23 02:00:00+00:00,11.817188676616583,1196.5841583511442,435,True
2025-01-23 20:00:00+00:00,21,EUR_USD,LONG,1.04282,1.0403333894059852,1.0443333583522356,1.0443333583522356,1.0443333583522356,424730.58,4,NY,1.5,0.0008816791761178111,13.11674477679649,58.40631240332548,1.0414138549793401,1.040619415265039,17.047431935244273,False,-2.4956565208468647e-05,45.429242949036755,11.5614502065986,0.3191489361701977,20,3,ema_ribbon_bounce_long,1.0443333583522356,TP3,2025-01-24 02:30:00+00:00,15.13358387866558,642.7695858264282,390,True
2025-01-29 18:45:00+00:00,21,EUR_USD,LONG,1.04221,1.041350439922054,1.0434774187691285,1.0434774187691285,1.0434774187691285,1236175.68,4,NY,1.5,0.0007587093845642054,21.97625806265521,55.878082408246,1.0415322792661494,1.0431553674597482,10.992539823160286,False,7.600866257016439e-05,60.398009950248316,4.277207338505562,0.29032258064524213,18,2,ema_ribbon_bounce_long,1.041350439922054,SL,2025-01-29 19:00:00+00:00,-8.595600779461863,-1062.56726385598,15,False
2025-01-29 22:15:00+00:00,21,EUR_USD,LONG,1.04217,1.0410275375755198,1.0437704740279077,1.0437704740279077,1.0437704740279077,920766.91,4,NY,1.5,0.0009252370139539055,11.16486963067562,53.418357492978714,1.0415167499281754,1.0429332127960558,9.504089799481363,False,1.6641792757718865e-05,78.58401604369395,4.0325007182451245,0.4693877551018466,22,2,ema_ribbon_bounce_long,1.04144,TIME,2025-01-30 06:15:00+00:00,-7.3000000000011935,-672.15984430011,480,False
2025-02-03 19:00:00+00:00,21,EUR_USD,LONG,1.02932,1.0268297017573613,1.0322773666672178,1.0322773666672178,1.0322773666672178,419716.79,4,NY,1.5,0.0016036833336089153,16.255575597114323,56.329178843966716,1.0273035002075503,1.0317401909039363,14.526061144448654,False,-0.00023138458826717397,48.86953155245436,17.66499792449583,0.9842519685038351,19,0,ema_ribbon_bounce_long,1.0322773666672178,TP3,2025-02-03 21:30:00+00:00,29.573667376788027,1241.2564739913191,150,True
2025-02-06 23:00:00+00:00,21,EUR_USD,LONG,1.0387600000000001,1.037661055253511,1.039421293885015,1.039421293885015,1.039421293885015,962407.4,5,NY,1.5,0.0004556469425074342,21.640833592968264,55.23052357574139,1.0379837276158899,1.0378547726396166,16.55683934508101,False,-9.271193360741294e-05,39.52470293935409,5.262723841101824,0.8529411764709339,23,3,ema_ribbon_bounce_long,1.037661055253511,SL,2025-02-07 01:00:00+00:00,-10.989447464890834,-1057.6325562122179,120,False
2025-02-11 13:45:00+00:00,21,EUR_USD,LONG,1.03241,1.0308195558977706,1.033292707801061,1.033292707801061,1.033292707801061,658342.05,4,OVERLAP,1.5,0.000536353900530475,20.496116668177063,57.39009097356622,1.0313698986187694,1.0322724548200897,4.364175498359213,False,-6.156486551102028e-05,25.640096618355017,8.501013812305391,0.6833333333334444,13,1,ema_ribbon_bounce_long,1.033292707801061,TP3,2025-02-11 14:30:00+00:00,8.827078144689644,581.1236721285178,45,True
2025-02-12 19:45:00+00:00,21,EUR_USD,LONG,1.03935,1.0353658253594835,1.0416180606148553,1.0416180606148553,1.0416180606148553,264262.38,4,NY,1.5,0.0012590303074277095,18.892067190275164,52.990753917084355,1.0377389073019254,1.0354030515469173,18.957630708245077,False,-0.0001643942640141646,26.421479876865632,13.610926980744953,0.28571428571383256,19,2,ema_ribbon_bounce_long,1.0416180606148553,TP3,2025-02-13 03:30:00+00:00,22.680607006813812,599.3631187465295,465,True
2025-02-13 18:00:00+00:00,21,EUR_USD,LONG,1.04271,1.0395659258657826,1.0445619122045116,1.0445619122045116,1.0445619122045116,336779.94,3,NY,1.5,0.001050956102255851,30.10927560973865,53.32443243117241,1.0415613618712773,1.0388515802774485,11.903167005320459,False,8.402900688312336e-05,23.314015740911344,8.986381287225953,0.0810810810810162,18,3,ema_ribbon_bounce_long,1.0395659258657826,SL,2025-02-13 18:30:00+00:00,-31.440741342174665,-1058.8610982773105,30,False
2025-02-16 23:45:00+00:00,21,EUR_USD,SHORT,1.0485799999999998,1.0481708654475341,1.0478469807705535,1.0478469807705535,1.0478469807705535,2562170.53,4,NY,1.5,0.0004915096147231767,27.994913905221686,44.4628129402878,1.0489074266077067,1.0451583951475354,0.2203014819657234,False,-7.072138317031427e-05,32.967032967030605,-0.7742660770682086,0.23333333333323464,23,6,ema_ribbon_bounce_short,1.0481708654475341,SL,2025-02-17 00:00:00+00:00,4.091345524657175,1048.2724931324,15,True
2025-02-17 11:30:00+00:00,21,EUR_USD,SHORT,1.04774,1.0489141069351522,1.046763620053091,1.046763620053091,1.046763620053091,901753.65,3,LONDON,1.5,0.0005831899734544906,26.962539988337593,43.682629888430725,1.048639357346281,1.0465362330979213,-0.9127826720933818,False,8.429381472399068e-05,37.620435743832715,-7.093573462810809,0.6111111111110198,11,0,ema_ribbon_bounce_short,1.046763620053091,TP3,2025-02-17 13:15:00+00:00,9.763799577364802,880.4541906757169,105,True
2025-02-17 14:00:00+00:00,21,EUR_USD,SHORT,1.0471799999999998,1.0487420160782628,1.0462200747028614,1.0462200747028614,1.0462200747028614,683449.92,3,OVERLAP,1.5,0.0005749626485692641,36.349844908045156,43.286033645790496,1.0482346381376453,1.0466217501614166,-4.355897257022345,False,-2.3051841683243562e-05,66.34341199605561,-8.646381376453682,0.09090909090927442,14,0,ema_ribbon_bounce_short,1.04778,TIME,2025-02-17 22:00:00+00:00,-6.00000000000156,-410.06995200010664,480,False
2025-02-20 07:45:00+00:00,21,EUR_USD,LONG,1.04338,1.042562427877837,1.0441137880138902,1.0441137880138902,1.0441137880138902,1300752.59,4,ASIAN,1.5,0.0004918940069451622,13.057209220346067,54.703696708879434,1.0427714617151396,1.043848961245429,4.281142397959403,False,-1.7515056312396597e-05,61.02384388097624,3.5853828486032135,0.5185185185182292,7,3,ema_ribbon_bounce_long,1.0441137880138902,TP3,2025-02-20 08:30:00+00:00,7.337880195314926,954.4766669165597,45,True
2025-02-20 09:45:00+00:00,21,EUR_USD,LONG,1.0438800000000001,1.0425317269613914,1.0448596427989787,1.0448596427989787,1.0448596427989787,795835.71,5,LONDON,1.5,0.0005848213994893292,13.036610819821668,57.34510002248353,1.042962642097626,1.0438204522397412,2.4806778952468633,False,2.1255112112936853e-05,46.39557315463539,7.273579023741039,0.7857142857144443,9,3,ema_ribbon_bounce_long,1.0448596427989787,TP3,2025-02-20 13:15:00+00:00,9.796428112881637,779.6347322679118,210,True
2025-02-21 18:00:00+00:00,21,EUR_USD,SHORT,1.0458399999999999,1.0479190750874239,1.0445995952106788,1.0445995952106788,1.0445995952106788,519846.63,4,NY,1.5,0.0007452023946605611,21.308057036147115,45.976351690953244,1.0469703079172057,1.046625609235746,-7.290291249431036,False,8.256480043051677e-05,81.70560737374156,-8.803079172057249,0.23076923076931835,18,4,ema_ribbon_bounce_short,1.0479190750874239,SL,2025-02-23 22:45:00+00:00,-20.79075087423998,-1080.8001777143209,3165,False
2025-02-25 11:00:00+00:00,21,EUR_USD,LONG,1.0478100000000001,1.046657683661364,1.0488740060369546,1.0488740060369546,1.0488740060369546,928557.67,5,LONDON,1.5,0.000627003018477248,26.063939872072325,55.760616712313976,1.0471399870491795,1.0473292010575765,5.7359334437245835,False,3.563495868625884e-05,81.6084574559085,4.80012950820452,0.6909090909091129,11,1,ema_ribbon_bounce_long,1.0488740060369546,TP3,2025-02-25 11:30:00+00:00,10.64006048413142,987.9909771804145,30,True
2025-02-26 10:15:00+00:00,21,EUR_USD,SHORT,1.0491099999999998,1.0504901397546043,1.04803991746615,1.04803991746615,1.04803991746615,782436.76,4,LONDON,1.5,0.0006300412669248504,21.45684592499173,42.29116781714031,1.0500838494060347,1.049186315064563,-6.402940167158366,False,5.543804309622781e-06,21.487846074757567,-7.8384940603482,0.23880597014951094,10,2,ema_ribbon_bounce_short,1.04803991746615,TP3,2025-02-26 12:45:00+00:00,10.700825475259402,837.2719214187427,150,True
2025-02-26 23:45:00+00:00,21,EUR_USD,SHORT,1.0485099999999998,1.0499042932761176,1.0477072045241416,1.0477072045241416,1.0477072045241416,780499.21,4,NY,1.5,0.0005263977379291826,22.12259750275563,47.93668867502132,1.0491597668701822,1.0491801709383175,-8.237457212412203,False,9.896454736664102e-05,68.0942073799142,-3.997668701822832,0.8378378378379676,23,2,ema_ribbon_bounce_short,1.0477072045241416,TP3,2025-02-27 00:45:00+00:00,8.027954861439312,626.5812427269043,60,True
2025-03-03 03:15:00+00:00,21,EUR_USD,LONG,1.04159,1.0396603378637406,1.0428434220164977,1.0428434220164977,1.0428434220164977,567203.24,3,ASIAN,1.5,0.0007517110082489332,32.672308115143736,55.238026419981544,1.0403328465748904,1.0418216651644885,14.12034480914759,False,-9.71261500078203e-05,30.847675359871406,10.07153425109486,0.4615384615381988,3,0,ema_ribbon_bounce_long,1.0396603378637406,SL,2025-03-03 08:15:00+00:00,-19.29662136259447,-1094.5106157916798,300,False
2025-03-04 04:45:00+00:00,21,EUR_USD,SHORT,1.0475299999999999,1.0471447936195133,1.046563313698638,1.046563313698638,1.046563313698638,2812947.97,3,ASIAN,1.5,0.0006083431506809248,27.56952420473959,44.785275408699434,1.047884682444966,1.0450815659006714,8.37670211244701,False,-7.818797912939841e-05,68.55738829322983,-1.0468244496597556,0.31428571428580493,4,1,ema_ribbon_bounce_short,1.0471447936195133,SL,2025-03-04 05:00:00+00:00,3.8520638048655798,1083.565506020711,15,True
2025-03-06 10:45:00+00:00,21,EUR_USD,SHORT,1.0789699999999998,1.077541308768644,1.0767633212733831,1.0767633212733831,1.0767633212733831,766016.57,3,LONDON,1.5,0.0011983393633084244,13.559308747378331,44.994856602885044,1.0793024010025432,1.0697661916258152,-5.604848591413969,False,-0.00015053138735929362,43.350780342681055,-1.424010025432576,0.523809523809549,10,3,ema_ribbon_bounce_short,1.077541308768644,SL,2025-03-06 11:00:00+00:00,14.286912313556941,1094.4011566321653,15,True
2025-03-06 20:15:00+00:00,21,EUR_USD,SHORT,1.0794599999999999,1.079908255222437,1.077181095811063,1.077181095811063,1.077181095811063,2465883.54,2,NY,1.5,0.0012644520944684323,21.760593303594483,46.87687302474507,1.0802558966194402,1.073230675663804,-11.918646363722196,False,3.919562836004163e-06,63.221978121363655,-5.45896619440267,0.5660377358490803,20,3,ema_ribbon_bounce_short,1.079908255222437,SL,2025-03-06 20:30:00+00:00,-4.482552224371883,-1105.3451747269014,15,False
2025-03-06 22:45:00+00:00,21,EUR_USD,SHORT,1.07852,1.079570366907091,1.0768353285314838,1.0768353285314838,1.0768353285314838,1041818.54,3,NY,1.5,0.0009673357342581221,29.806763228103293,45.60878837793713,1.0796510439372597,1.0737243053395396,-20.201355912494723,False,4.435478644481707e-05,77.89115912134112,-8.8104393725974,0.1219512195124461,22,3,ema_ribbon_bounce_short,1.079570366907091,SL,2025-03-06 23:15:00+00:00,-10.503669070911492,-1094.2917176100168,30,False
2025-03-06 23:30:00+00:00,21,EUR_USD,SHORT,1.0787,1.0795209395899719,1.077183807136906,1.077183807136906,1.077183807136906,1319644.97,3,NY,1.5,0.0008830964315470332,22.659551014898746,47.1148002721204,1.0795998339113515,1.0738861989198174,-18.265679647566646,False,0.0001468549532064971,77.38325914288151,-6.498339113514273,0.56716417910426,23,3,ema_ribbon_bounce_short,1.0795209395899719,SL,2025-03-07 02:15:00+00:00,-8.209395899718698,-1083.3488005802403,165,False
2025-03-07 16:45:00+00:00,21,EUR_USD,LONG,1.0860400000000001,1.0810458683397097,1.0891419817605104,1.0891419817605104,1.0891419817605104,214755.11,5,OVERLAP,1.5,0.0016459908802551966,30.80330300476626,52.87362115166444,1.084388825117576,1.0787419609114943,2.240192929816587,False,-0.0001186877718219974,32.84394085503169,14.611748824240323,0.642857142857062,16,4,ema_ribbon_bounce_long,1.086,TIME,2025-03-09 23:45:00+00:00,-0.4000000000004,-8.59020440000859,3300,False
2025-03-10 12:15:00+00:00,21,EUR_USD,LONG,1.0856800000000002,1.08260922251038,1.0881293217653472,1.0881293217653472,1.0881293217653472,349237.1,4,LONDON,1.5,0.001319660882673588,32.07597499892674,57.040786557998985,1.0842543693064068,1.0818166247147645,15.198032261647398,False,0.00010937352095485495,72.40759879915463,12.35630693593226,0.5514018691590123,12,0,ema_ribbon_bounce_long,1.08260922251038,SL,2025-03-10 15:30:00+00:00,-30.707774896201467,-1072.42942522022,195,False
2025-03-10 20:00:00+00:00,21,EUR_USD,SHORT,1.0828,1.0846595283587055,1.0810590942943106,1.0810590942943106,1.0810590942943106,570953.98,4,NY,1.5,0.0009954528528447405,27.164966025400858,48.55785895802635,1.0835438053050994,1.0822412334005178,-7.232923779352252,False,3.644497018171026e-05,75.78269964032135,-4.938053050993485,0.21153846153810843,20,0,ema_ribbon_bounce_short,1.0846595283587055,SL,2025-03-11 00:00:00+00:00,-18.59528358705509,-1061.705117325778,240,False
2025-03-12 06:30:00+00:00,21,EUR_USD,SHORT,1.08988,1.0904376314031003,1.0892046544716771,1.0892046544716771,1.0892046544716771,1884915.49,3,ASIAN,1.5,0.00046267276416148373,30.5273905638536,45.0730212923745,1.0906191326150358,1.087966419148692,-10.813446871280608,False,9.552863093945519e-05,59.80118355696348,-4.891326150358033,0.5499999999994727,6,2,ema_ribbon_bounce_short,1.0892046544716771,TP3,2025-03-12 06:45:00+00:00,6.753455319057191,1272.9692541913794,15,True
2025-03-12 10:45:00+00:00,21,EUR_USD,SHORT,1.0904099999999999,1.0910559248991323,1.0890177700305173,1.0890177700305173,1.0890177700305173,1646968.19,3,LONDON,1.5,0.0007911149847413772,31.87663673451777,46.60522186837654,1.0908249326881108,1.0884329244801934,-8.21709044917629,False,-1.0313884130348761e-05,16.16888993600677,-2.2493268811074607,0.6530612244894075,10,2,ema_ribbon_bounce_short,1.0910559248991323,SL,2025-03-12 11:00:00+00:00,-6.459248991323995,-1063.8177620000206,15,False
2025-03-13 15:15:00+00:00,21,EUR_USD,SHORT,1.0855,1.0889315816121734,1.083293486870332,1.083293486870332,1.083293486870332,306907.92,4,OVERLAP,1.5,0.0011982565648340758,26.724718513212004,47.91833083074797,1.0867311773297217,1.0880866777339666,-3.779377060419975,False,0.00025981928487483835,61.59791242308531,-10.411773297216431,0.681818181818113,15,3,ema_ribbon_bounce_short,1.08522,TIME,2025-03-13 23:15:00+00:00,2.7999999999983594,85.93421759994965,480,True
2025-03-14 16:30:00+00:00,21,EUR_USD,LONG,1.08878,1.085621664126334,1.0907897519909233,1.0907897519909233,1.0907897519909233,333732.37,4,OVERLAP,1.5,0.0010998759954617028,31.483930484021204,56.52549149268892,1.0871864679605925,1.086903156327006,5.0745399651974665,False,-0.0001568034540887088,71.02253006775616,14.035320394074624,0.716666666666497,16,4,ema_ribbon_bounce_long,1.08764,TIME,2025-03-17 00:30:00+00:00,-11.400000000001407,-380.454901800047,3360,False
2025-03-18 05:15:00+00:00,21,EUR_USD,SHORT,1.09076,1.0909298615973992,1.0904635444904076,1.0904635444904076,1.0904635444904076,6182882.96,4,ASIAN,1.5,0.0002732277547962087,23.439672514944448,42.30983963500795,1.0912413713078812,1.089619618436385,5.750319702748641,False,2.6904496364183925e-05,61.85364281108406,-2.3137130788120075,0.3913043478258351,5,1,ema_ribbon_bounce_short,1.0909298615973992,SL,2025-03-18 05:30:00+00:00,-1.6986159739929005,-1050.2343761184509,15,False
2025-03-20 01:15:00+00:00,21,EUR_USD,LONG,1.0909300000000002,1.0900754520630573,1.0918821355872097,1.0918821355872097,1.0918821355872097,1216704.16,4,ASIAN,1.5,0.0006010677936048291,23.642087876945386,52.51246484518056,1.0903254576613604,1.090911553283401,10.26085020510159,False,-5.693460818495587e-05,40.32527515723871,3.545423386397406,0.18750000000060715,1,3,ema_ribbon_bounce_long,1.0900754520630573,SL,2025-03-20 04:45:00+00:00,-8.5454793694284,-1039.732029797771,210,False
2025-03-21 18:45:00+00:00,21,EUR_USD,SHORT,1.08182,1.084590653450729,1.0803301933129572,1.0803301933129572,1.0803301933129572,371513.34,5,NY,1.5,0.0008699033435213882,28.558357441186335,47.68401746739416,1.082813396766712,1.0853677874840832,-8.103305576334652,False,0.00011179614789542621,75.8353723571102,-7.433967667118679,0.5857142857143809,18,4,ema_ribbon_bounce_short,1.08248,TIME,2025-03-24 02:45:00+00:00,-6.600000000001049,-245.198804400039,3360,False
2025-03-24 10:00:00+00:00,21,EUR_USD,LONG,1.0844,1.0824769561278933,1.0858318562051037,1.0858318562051037,1.0858318562051037,533988.19,4,LONDON,1.5,0.0008109281025518725,27.85738090638431,55.54399486971193,1.0832950175660954,1.0842759893434342,0.825116725688968,False,-7.05980751382364e-05,52.619985254716234,9.14982433904532,0.4153846153845786,10,0,ema_ribbon_bounce_long,1.0824769561278933,SL,2025-03-24 12:15:00+00:00,-19.230438721067333,-1026.882716556866,135,False
2025-03-24 19:30:00+00:00,21,EUR_USD,SHORT,1.07978,1.0828853953459274,1.0781973778973943,1.0781973778973943,1.0781973778973943,327370.2,5,NY,1.5,0.0009163110513028731,37.34644427340471,47.278755804849084,1.0811294964859,1.0832329883126883,-16.445036931480583,False,0.00025777296196862213,54.61924289231249,-10.99496485899909,0.7105263157893661,19,0,ema_ribbon_bounce_short,1.08012,TIME,2025-03-25 03:30:00+00:00,-3.4000000000000696,-111.30586800000228,480,False
2025-03-25 15:00:00+00:00,21,EUR_USD,LONG,1.08193,1.0800841047117475,1.083419177469314,1.083419177469314,1.083419177469314,550140.0,4,OVERLAP,1.5,0.0008395887346570731,24.566444944110337,54.918261213980344,1.0809162451103238,1.0817608212137817,6.210774867041469,False,-0.00014481111114636425,57.33857362040155,8.237548896761204,0.8749999999999505,15,1,ema_ribbon_bounce_long,1.0800841047117475,SL,2025-03-25 15:45:00+00:00,-18.458952882525193,-1015.500833879241,45,False
2025-03-25 18:00:00+00:00,21,EUR_USD,SHORT,1.0804099999999999,1.0816596772341462,1.0791788309311463,1.0791788309311463,1.0791788309311463,804484.39,4,NY,1.5,0.0007405845344268236,22.80184429560322,45.92596853633844,1.0809089313992357,1.081664019375419,-3.7227243038473468,False,-7.583807951639439e-05,26.29753499318699,-2.4893139923576335,0.6279069767442701,18,1,ema_ribbon_bounce_short,1.0791788309311463,TP3,2025-03-25 19:15:00+00:00,12.311690841573938,990.4563096552197,75,True
2025-03-27 18:00:00+00:00,21,EUR_USD,LONG,1.07983,1.0770736201061741,1.0815616954834248,1.0815616954834248,1.0815616954834248,368327.46,4,NY,1.5,0.00099084774171239,45.181926812840935,53.07965634048872,1.0785339018253148,1.0784014777083788,10.851982530080129,False,-9.664211440958595e-05,13.836302064686473,10.460981746851505,0.8857142857141951,18,3,ema_ribbon_bounce_long,1.07935,TIME,2025-03-28 02:00:00+00:00,-4.800000000000359,-176.79718080001325,480,False
2025-03-28 17:15:00+00:00,21,EUR_USD,LONG,1.08203,1.0785281981430184,1.0838106597031718,1.0838106597031718,1.0838106597031718,289417.41,3,NY,1.5,0.0010153298515858677,36.536468245906384,55.28448056571332,1.0802611258052033,1.0791414862611861,17.524548257354944,False,-0.00014661322899739535,21.82173382173453,15.188741947966822,0.32584269662933124,17,4,ema_ribbon_bounce_long,1.0838106597031718,TP3,2025-03-31 00:30:00+00:00,17.8065976469742,515.3539371899368,3315,True
2025-04-01 16:00:00+00:00,21,EUR_USD,SHORT,1.0794199999999998,1.0818096666221557,1.0776018307649837,1.0776018307649837,1.0776018307649837,426266.97,5,OVERLAP,1.5,0.0010040846175080637,23.04633398640239,47.11833777965958,1.080345432855389,1.0809054294158316,-4.045222603801246,False,0.00011019949978062954,16.613675144409736,-7.354328553890177,0.3658536585365259,16,1,ema_ribbon_bounce_short,1.07898,TIME,2025-04-02 00:00:00+00:00,4.399999999997739,187.5574667999036,480,True
2025-04-07 12:00:00+00:00,21,EUR_USD,SHORT,1.09516,1.0999606709679048,1.0914863042464054,1.0914863042464054,1.0914863042464054,212576.85,3,LONDON,1.5,0.0019318478767973717,21.658230580545418,44.42744556211926,1.0973786685310463,1.0976684650288988,-17.539605624168342,False,-0.00027664968416385937,55.42375037714501,-20.286685310462182,0.9080459770115221,12,0,ema_ribbon_bounce_short,1.0914863042464054,TP3,2025-04-07 15:00:00+00:00,36.73695926411854,780.9427078944638,180,True
2025-04-08 11:45:00+00:00,21,EUR_USD,SHORT,1.0932,1.0961140948081385,1.090707323229382,1.090707323229382,1.090707323229382,352878.35,2,LONDON,1.5,0.0013413383853090417,27.089428100464108,46.89725070267742,1.0943081652922249,1.0954836784502817,2.8452545875934376,False,7.829382359118842e-05,54.3964147946482,-9.181652922247707,0.26050420168074284,11,1,ema_ribbon_bounce_short,1.0961140948081385,SL,2025-04-08 12:30:00+00:00,-29.14094808138534,-1028.3209676394924,45,False
2025-04-08 20:45:00+00:00,21,EUR_USD,LONG,1.09559,1.0928776241006095,1.0981334092114758,1.0981334092114758,1.0981334092114758,375330.63,3,NY,1.5,0.0013967046057379586,25.287578944127528,55.21629159965074,1.0940732709684458,1.0949477824799958,20.508871289919295,False,-1.5708353559121778e-05,28.34650172900385,12.667290315542257,0.6333333333333135,20,1,ema_ribbon_bounce_long,1.0981334092114758,TP3,2025-04-08 23:30:00+00:00,25.43409279240276,954.619407125099,165,True
2025-04-09 09:30:00+00:00,21,EUR_USD,LONG,1.1036400000000002,1.0976452939189432,1.1071128680820748,1.1071128680820748,1.1071128680820748,171415.23,5,LONDON,1.5,0.0018314340410373517,31.918341765678843,51.13864319072781,1.1017843115546373,1.0977950619342918,12.603450297878904,False,-0.0003818735301273203,87.09355096568042,16.656884453627452,0.441176470588243,9,2,ema_ribbon_bounce_long,1.1071128680820748,TP3,2025-04-09 12:15:00+00:00,34.728682846743254,595.3025157771551,165,True
2025-04-09 15:15:00+00:00,21,EUR_USD,LONG,1.1063800000000001,1.0996040817148047,1.1101198191729853,1.1101198191729853,1.1101198191729853,152530.91,5,OVERLAP,1.5,0.001964909586492682,18.818784259687984,55.61034947239784,1.1038262291124143,1.0993027654458076,17.1861804808926,False,-0.00014430191867176854,81.47816315079587,23.63770887585659,0.6241134751773385,15,2,ema_ribbon_bounce_long,1.0996040817148047,SL,2025-04-09 17:00:00+00:00,-67.75918285195415,-1033.5369821264962,105,False
2025-04-09 22:30:00+00:00,21,EUR_USD,SHORT,1.0951799999999998,1.1014783133616721,1.0915470632665587,1.0915470632665587,1.0915470632665587,162456.45,2,NY,1.5,0.0019414683667205962,20.236002096385892,43.241116408754614,1.0988296308152568,1.0987671678537816,-62.14149975013239,False,0.0004023313023144223,63.505374898032755,-33.99630815256849,0.6176470588236447,22,2,ema_ribbon_bounce_short,1.09779,TIME,2025-04-10 06:30:00+00:00,-26.10000000000223,-424.0113345000363,480,False
2025-04-14 18:00:00+00:00,21,EUR_USD,SHORT,1.13366,1.136843967482649,1.1304526140957198,1.1304526140957198,1.1304526140957198,320028.86,4,NY,1.5,0.0017286929521401068,27.301559673357357,43.433878040553765,1.1358618349079725,1.1302769928448624,-22.071575458910697,False,-7.86042667270207e-05,34.1645778840272,-19.518349079725716,0.06338028169008798,18,0,ema_ribbon_bounce_short,1.136843967482649,SL,2025-04-14 19:30:00+00:00,-31.83967482649042,-1018.9614837492426,90,False
2025-04-14 20:45:00+00:00,21,EUR_USD,SHORT,1.1347099999999999,1.1365370813329503,1.1322421551495052,1.1322421551495052,1.1322421551495052,552122.04,3,NY,1.5,0.0013589224252473456,16.854212806375973,47.586499450078925,1.1357091417475154,1.1308141221079109,-11.012846544249388,False,8.194277656020183e-05,24.603202447446915,-7.491417475153916,0.2222222222223136,20,0,ema_ribbon_bounce_short,1.1322421551495052,TP3,2025-04-15 00:30:00+00:00,24.678448951921233,1362.5515579370615,225,True
2025-04-15 15:00:00+00:00,21,EUR_USD,SHORT,1.13147,1.135596924598239,1.1282132623790535,1.1282132623790535,1.1282132623790535,247738.33,2,OVERLAP,1.5,0.0017233688104733276,23.96113321013782,46.1332353399235,1.133235557761425,1.132287663978032,-12.801934511672552,False,5.9779603406978936e-05,79.0951276102096,-15.755577614249283,0.6703296703296945,15,1,ema_ribbon_bounce_short,1.1282132623790535,TP3,2025-04-15 15:45:00+00:00,32.567377524052404,806.8187720288278,45,True
2025-04-16 10:00:00+00:00,21,EUR_USD,LONG,1.13681,1.131848476795865,1.1397781319780123,1.1397781319780123,1.1397781319780123,207691.38,5,LONDON,1.5,0.00157906598900615,33.08567875163639,54.07830539267312,1.1344584741852635,1.1324435575113907,2.875536525934752,False,-0.0003226099651932572,49.293252669800495,21.61525814736498,0.38554216867468427,10,2,ema_ribbon_bounce_long,1.13681,TIME,2025-04-16 18:00:00+00:00,0.0,0.0,480,False
2025-04-17 11:30:00+00:00,21,EUR_USD,SHORT,1.1362999999999999,1.137726977240691,1.1344975738034802,1.1344975738034802,1.1344975738034802,722131.75,3,LONDON,1.5,0.000996213098259876,23.653565204418783,46.596892044607834,1.1369967952548623,1.1355531774612988,-6.445937902526122,False,-7.993556983327024e-05,52.30602941867502,-5.067952548623023,0.22033898305075178,11,3,ema_ribbon_bounce_short,1.1344975738034802,TP3,2025-04-17 12:15:00+00:00,18.024262214795097,1301.589201562886,45,True
2025-04-17 16:15:00+00:00,21,EUR_USD,SHORT,1.13485,1.138036649383534,1.1320317592053684,1.1320317592053684,1.1320317592053684,327454.12,4,OVERLAP,1.5,0.0015041203973158303,18.874735763016474,43.27178677869822,1.1365338556955864,1.1356461185378486,-12.422945450103473,False,-5.290755773585723e-05,36.20727625088043,-14.938556955863547,0.7153284671533379,16,3,ema_ribbon_bounce_short,1.138036649383534,SL,2025-04-18 00:15:00+00:00,-31.8664938353419,-1043.4814696337307,480,False
2025-04-18 03:45:00+00:00,21,EUR_USD,LONG,1.13758,1.1361293170012055,1.1385476699707477,1.1385476699707477,1.1385476699707477,712110.54,5,ASIAN,1.5,0.0006088349853738794,16.488945537526146,54.34956803284471,1.1369205591571345,1.1360727400619557,7.61417108941842,False,-5.212674364600607e-05,33.0200501253235,4.094408428654273,0.7499999999998739,3,4,ema_ribbon_bounce_long,1.1361293170012055,SL,2025-04-18 07:00:00+00:00,-14.506829987945837,-1033.0466536404303,195,False
2025-04-21 20:15:00+00:00,21,EUR_USD,SHORT,1.1503599999999998,1.1500992120219877,1.1487786452295374,1.1487786452295374,1.1487786452295374,3921638.55,4,NY,1.5,0.0009156773852312495,19.964974501871186,44.88686335343231,1.15110561255827,1.1455250875914114,-18.639672824969367,False,4.193757605665309e-05,3.123345161558651,-4.956125582700199,0.925925925926261,20,0,ema_ribbon_bounce_short,1.1500992120219877,SL,2025-04-21 20:30:00+00:00,2.607879780121003,1022.7161879488049,15,True
2025-04-22 15:30:00+00:00,21,EUR_USD,SHORT,1.1476499999999998,1.150795495378197,1.1453418230712562,1.1453418230712562,1.1453418230712562,328388.13,3,OVERLAP,1.5,0.0012490884643718454,33.6567294675027,47.280557274521385,1.1491130624098804,1.1479139705275951,-6.422439633277932,False,0.00022693357410216318,57.63610254515109,-12.730624098804544,0.33333333333300436,15,1,ema_ribbon_bounce_short,1.1453418230712562,TP3,2025-04-22 16:00:00+00:00,23.08176999031707,757.9779284210341,30,True
2025-04-24 16:45:00+00:00,21,EUR_USD,LONG,1.13816,1.1354772442982004,1.1404819500852996,1.1404819500852996,1.1404819500852996,387856.09,5,OVERLAP,1.5,0.001255975042649801,26.947313159483958,56.38608897418227,1.1367882692927247,1.1382203261211126,4.78492521660101,False,7.324346729025441e-06,93.27425054143255,11.817307072752303,0.542553191489407,16,3,ema_ribbon_bounce_long,1.1354772442982004,SL,2025-04-25 00:30:00+00:00,-26.827557017996554,-1040.5231369252203,465,False
2025-04-25 08:30:00+00:00,21,EUR_USD,SHORT,1.13465,1.1369492224556128,1.1328089342968288,1.1328089342968288,1.1328089342968288,448028.81,4,LONDON,1.5,0.0010155328515855985,32.33241405982066,49.36861223641785,1.1353492810556765,1.1371196434178743,-4.8702988130511216,False,0.0002264228354401269,24.918510277854125,-5.092810556763805,0.2318840579708979,8,4,ema_ribbon_bounce_short,1.1369492224556128,SL,2025-04-25 14:00:00+00:00,-22.992224556128704,-1030.1179007135122,330,False
2025-04-25 17:30:00+00:00,21,EUR_USD,LONG,1.13781,1.1350968927812375,1.1395222818483601,1.1395222818483601,1.1395222818483601,375885.15,5,NY,1.5,0.0009811409241801195,23.08290176510969,57.39399835099142,1.136138902376769,1.1368204322438724,18.05791005306423,False,-9.40042328054821e-06,27.913279132787604,14.210976232309491,0.8910891089106364,17,4,ema_ribbon_bounce_long,1.1350968927812375,SL,2025-04-27 22:15:00+00:00,-27.131072187625005,-1019.8167138906254,3165,False
2025-04-28 02:45:00+00:00,21,EUR_USD,SHORT,1.13507,1.1367065206976728,1.1338001565002138,1.1338001565002138,1.1338001565002138,616929.9,4,ASIAN,1.5,0.000759921749893122,23.679284456214397,47.37184873992108,1.135796733964488,1.1365356546602634,-5.131896824994708,False,-1.672960640549363e-05,44.645593869735556,-4.767339644879964,0.1960784313729588,2,0,ema_ribbon_bounce_short,1.1367065206976728,SL,2025-04-28 04:45:00+00:00,-16.365206976727276,-1009.618550363166,120,False
2025-04-29 02:45:00+00:00,21,EUR_USD,SHORT,1.1395499999999998,1.1398812355060166,1.1378863336396288,1.1378863336396288,1.1378863336396288,3017558.05,4,ASIAN,1.5,0.0009568331801856081,18.68851253647483,44.86974180504907,1.1401007387972162,1.1379835346538754,15.505239826674178,False,-9.409532647524289e-05,51.37614678899083,-3.0073879721626007,0.9870129870129046,2,1,ema_ribbon_bounce_short,1.1398812355060166,SL,2025-04-29 03:00:00+00:00,-3.312355060167693,-999.5223676267257,15,False
2025-04-29 16:00:00+00:00,21,EUR_USD,LONG,1.14057,1.137798515560147,1.14298795434887,1.14298795434887,1.14298795434887,357038.68,4,OVERLAP,1.5,0.0013039771744349608,20.298145068212857,55.651851349870455,1.1393938927564802,1.138463335333356,10.140777341551832,False,3.991349986149362e-05,74.10973661422693,9.861072435197737,0.5954198473282818,16,1,ema_ribbon_bounce_long,1.137798515560147,SL,2025-04-29 18:00:00+00:00,-27.71484439852978,-989.5271460456466,120,False
2025-04-29 20:30:00+00:00,21,EUR_USD,SHORT,1.13858,1.139972902106794,1.1369582590887046,1.1369582590887046,1.1369582590887046,703302.74,3,NY,1.5,0.0009358704556477421,19.67278434242182,49.09182691386961,1.1391013747118455,1.1385385043024465,-5.344079261484502,False,9.426025732106862e-06,87.91683680413296,-2.7137471184546236,0.36363636363611895,20,1,ema_ribbon_bounce_short,1.1369582590887046,TP3,2025-04-30 01:45:00+00:00,16.217409343542304,1140.5748427014903,315,True
2025-04-30 04:30:00+00:00,21,EUR_USD,SHORT,1.13692,1.1392984908182573,1.1356034531334693,1.1356034531334693,1.1356034531334693,416666.57,4,ASIAN,1.5,0.0007832734332653631,28.448859876453504,44.49578039103428,1.1381683743789088,1.1383899942147329,-17.781601178674666,False,2.470712576553585e-05,47.26368159204154,-9.983743789088173,0.2727272727273339,4,2,ema_ribbon_bounce_short,1.1392984908182573,SL,2025-04-30 06:30:00+00:00,-23.784908182573616,-991.0376110197883,120,False
2025-04-30 18:15:00+00:00,21,EUR_USD,SHORT,1.13411,1.13841399481997,1.1317417622121162,1.1317417622121162,1.1317417622121162,227957.35,5,NY,1.5,0.0013091188939419486,17.06307929592828,42.082064357847266,1.1363451276127792,1.1376133217564453,-19.10425933267401,False,1.2137578733612529e-05,18.93387887017464,-19.851276127791362,0.7199999999999527,18,2,ema_ribbon_bounce_short,1.1317417622121162,TP3,2025-04-30 20:15:00+00:00,23.68237891773266,539.8572339782205,120,True
2025-05-05 04:30:00+00:00,21,EUR_USD,LONG,1.1336300000000001,1.1312734180716972,1.1349954455641142,1.1349954455641142,1.1349954455641142,418625.72,3,ASIAN,1.5,0.0008077227820570764,27.322579426487398,55.515314931752854,1.1323812672309388,1.132277449431448,0.6156032783466436,False,-4.3831764325361934e-05,62.10487331982676,9.987327690612613,0.3023255813953128,4,0,ema_ribbon_bounce_long,1.1312734180716972,SL,2025-05-05 08:00:00+00:00,-23.565819283029033,-986.5258064747912,210,False
2025-05-05 19:45:00+00:00,21,EUR_USD,SHORT,1.1312099999999998,1.1332964108900627,1.1298499328522447,1.1298499328522447,1.1298499328522447,468105.57,5,NY,1.5,0.0008050335738776257,39.5454196149352,46.635903341695546,1.1323197698235654,1.1325288216142748,-17.52515510688779,False,0.00022714175494048896,77.32154415164138,-8.597698235655038,0.3281250000000813,19,0,ema_ribbon_bounce_short,1.1298499328522447,TP3,2025-05-06 00:00:00+00:00,13.600671768098715,636.6550210388757,255,True
2025-05-06 05:30:00+00:00,21,EUR_USD,LONG,1.13206,1.1309631449382227,1.1332511070822362,1.1332511070822362,1.1332511070822362,896223.34,3,ASIAN,1.5,0.0007205535411181266,38.89809820159859,56.57511075859208,1.131327221614459,1.1320285630715476,-5.948030551381489,False,0.00016098299221247792,42.88101531743209,4.8277838554100505,0.07352941176453301,5,1,ema_ribbon_bounce_long,1.1332511070822362,TP3,2025-05-06 06:30:00+00:00,11.911070955264243,1067.497979450391,60,True
2025-05-06 15:45:00+00:00,21,EUR_USD,LONG,1.1345200000000002,1.1314998110049144,1.1366850462243725,1.1366850462243725,1.1366850462243725,329019.84,5,OVERLAP,1.5,0.001177523112186233,21.472574396363832,54.600838192609224,1.1331759493533549,1.1324832018500395,7.379305467098973,False,-4.0201354192015144e-05,33.312114735094866,11.540506466451994,0.19000000000011324,15,1,ema_ribbon_bounce_long,1.1366850462243725,TP3,2025-05-06 17:15:00+00:00,21.650462901752103,712.3431839860414,90,True
2025-05-07 03:00:00+00:00,21,EUR_USD,SHORT,1.1337599999999999,1.1353032306961253,1.1316915026595251,1.1316915026595251,1.1316915026595251,648526.19,3,ASIAN,1.5,0.001159248670237431,15.627505210169403,46.70896254250374,1.1346339038056115,1.1334903598752308,-1.7118121835024702,False,5.186572160365677e-05,52.871441976855806,-6.239038056115032,0.1230769230770387,3,2,ema_ribbon_bounce_short,1.1353032306961253,SL,2025-05-07 05:00:00+00:00,-15.43230696125386,-1000.8255236492444,120,False
2025-05-07 10:00:00+00:00,21,EUR_USD,LONG,1.1367300000000002,1.1338916682754632,1.1385110132992182,1.1385110132992182,1.1385110132992182,349084.38,5,LONDON,1.5,0.0009855066496090611,21.771866767189454,55.427184786149276,1.1355040906980478,1.1340574176247575,5.071426511260579,False,-8.702759496448159e-05,59.801693433731906,10.35909301952298,0.8240740740741502,10,2,ema_ribbon_bounce_long,1.1338916682754632,SL,2025-05-07 16:00:00+00:00,-28.383317245370684,-990.8172702943534,360,False
2025-05-08 04:45:00+00:00,21,EUR_USD,SHORT,1.13153,1.1340427405803701,1.1300306972185263,1.1300306972185263,1.1300306972185263,390374.2,5,ASIAN,1.5,0.0008746513907368291,32.15188597731513,46.716828165625785,1.1324765781793633,1.1334786567731157,-22.31589517185606,False,-8.41018298275984e-06,15.494370031264106,-6.965781793633052,0.904761904761653,4,3,ema_ribbon_bounce_short,1.1300306972185263,TP3,2025-05-08 05:00:00+00:00,14.99302819880398,585.2891388685546,15,True
2025-05-09 10:00:00+00:00,21,EUR_USD,LONG,1.1246900000000002,1.1241851209187899,1.1260961933027929,1.1260961933027929,1.1260961933027929,1954452.1,3,LONDON,1.5,0.0007980966513964324,28.039308638487004,53.129955174362415,1.1239227897391388,1.1273302901768616,-5.878388709359417,False,-7.694653021081042e-05,21.261375571722883,5.772102608612162,0.2500000000001262,10,4,ema_ribbon_bounce_long,1.1260961933027929,TP3,2025-05-09 13:00:00+00:00,14.061933099875008,2748.3374677110223,180,True
2025-05-09 15:15:00+00:00,21,EUR_USD,LONG,1.12667,1.124256936172565,1.1286268803272543,1.1286268803272543,1.1286268803272543,420314.35,2,OVERLAP,1.5,0.0010734401636271838,41.22975133172415,54.4888393799429,1.1251568125382436,1.127067870249806,7.316464117026467,False,-4.836121607766099e-06,21.989628612827104,13.231874617563033,0.24242424242419144,15,4,ema_ribbon_bounce_long,1.124256936172565,SL,2025-05-11 21:00:00+00:00,-24.13063827435113,-1014.2453541369018,3225,False
2025-05-12 02:30:00+00:00,21,EUR_USD,SHORT,1.1230399999999998,1.1254078986346956,1.121453467549518,1.121453467549518,1.121453467549518,424048.09,4,ASIAN,1.5,0.0009182662252409831,13.134927800267423,48.741987093398684,1.1239043113257141,1.1259798133839098,-17.42950103997165,False,0.00013798878570210534,72.60085444256701,-6.143113257142119,0.694915254237218,2,0,ema_ribbon_bounce_short,1.121453467549518,TP3,2025-05-12 05:45:00+00:00,15.865324878957669,672.7660712151481,195,True
2025-05-15 04:15:00+00:00,21,EUR_USD,LONG,1.11992,1.1183954800089575,1.1209131361101086,1.1209131361101086,1.1209131361101086,663048.42,3,ASIAN,1.5,0.0006215680550543469,25.235127044668236,57.55817852198913,1.119147850055367,1.1184642085339096,-16.403992172491222,False,3.22228831508362e-05,48.88074888074653,5.221499446328437,0.18181818181805948,4,3,ema_ribbon_bounce_long,1.1209131361101086,TP3,2025-05-15 06:15:00+00:00,9.931361250868736,658.497338583774,120,True
2025-05-15 10:15:00+00:00,21,EUR_USD,LONG,1.1209500000000001,1.1186453000506988,1.1225155351236817,1.1225155351236817,1.1225155351236817,441452.49,3,LONDON,1.5,0.0008777675618408618,20.218443828338426,55.241084503553175,1.119910197325505,1.1188607009047573,3.786844123365718,False,-6.301071151223065e-05,36.95687287998655,8.498026744949705,0.6969696969694421,10,3,ema_ribbon_bounce_long,1.1186453000506988,SL,2025-05-15 11:30:00+00:00,-23.0469994930127,-1017.4155313219193,75,False
2025-05-15 17:00:00+00:00,21,EUR_USD,SHORT,1.11774,1.120484032490986,1.1156718897576121,1.1156718897576121,1.1156718897576121,367066.13,5,NY,1.5,0.0011590551211939166,17.24174113255118,43.81792541819242,1.1192697852012674,1.1189175919577332,-16.22936555325527,False,-9.345298026787295e-05,40.66957251314604,-12.797852012673694,0.05405405405399999,17,3,ema_ribbon_bounce_short,1.120484032490986,SL,2025-05-16 00:45:00+00:00,-27.440324909859815,-1007.2413870604842,465,False
2025-05-20 11:15:00+00:00,21,EUR_USD,SHORT,1.1246699999999998,1.1249970309857544,1.1232178173304144,1.1232178173304144,1.1232178173304144,3049157.46,3,LONDON,1.5,0.0008210913347928074,29.911838352570257,46.5013678842099,1.1249802137471465,1.1227516955595296,-5.670170934000129,False,-0.0002142920611915255,39.40664802733899,-1.2021374714654698,0.1276595744679846,11,1,ema_ribbon_bounce_short,1.1232178173304144,TP3,2025-05-20 12:15:00+00:00,14.521826743480366,4427.933634771067,60,True
2025-05-22 04:00:00+00:00,21,EUR_USD,SHORT,1.13275,1.1331825417217034,1.1315247449500057,1.1315247449500057,1.1315247449500057,2407740.69,4,ASIAN,1.5,0.0007376275249971971,18.561409436810056,46.40423420465459,1.133207424690703,1.130273985529265,-5.575747461927794,False,-4.121986299693455e-05,8.639429246872693,-2.0742469070289538,0.7894736842103418,4,3,ema_ribbon_bounce_short,1.1331825417217034,SL,2025-05-22 04:45:00+00:00,-4.325417217034833,-1041.4483034681327,45,False
2025-05-22 11:30:00+00:00,21,EUR_USD,SHORT,1.1305299999999998,1.1329081039991442,1.1287651301151838,1.1287651301151838,1.1287651301151838,433552.87,2,LONDON,1.5,0.0009774349424080452,37.894090320775646,47.41567418109112,1.13173175183701,1.130569520827368,2.205038887279631,False,9.990399288204398e-05,88.03420763773687,-10.117518370100775,0.16249999999997225,11,3,ema_ribbon_bounce_short,1.1287651301151838,TP3,2025-05-22 12:45:00+00:00,17.648699255231993,765.1644213872694,75,True
2025-05-22 13:15:00+00:00,21,EUR_USD,SHORT,1.1295099999999998,1.1327740112877545,1.127580055839903,1.127580055839903,1.127580055839903,318223.61,3,OVERLAP,1.5,0.0010599720800485348,24.664303925159924,43.05903568740479,1.1313707925120606,1.1305500787116975,-7.326496617596767,False,6.650572736736698e-05,46.55703211517002,-16.707925120607037,0.7281553398057917,13,3,ema_ribbon_bounce_short,1.127580055839903,TP3,2025-05-22 14:45:00+00:00,19.299442207442635,614.1538170238764,90,True
2025-05-23 14:30:00+00:00,21,EUR_USD,LONG,1.1338800000000002,1.1300956765466386,1.1371278983371185,1.1371278983371185,1.1371278983371185,276093.47,4,OVERLAP,1.5,0.0017189491685591907,21.477240454894094,52.4228258034992,1.132629518659261,1.130988538750146,4.041630630355897,False,-6.249645180369819e-05,85.11973641915989,10.604813407391056,0.24489795918369658,14,4,ema_ribbon_bounce_long,1.1371278983371185,TP3,2025-05-25 22:00:00+00:00,32.47898454755886,896.7235545811905,3330,True
2025-05-26 13:30:00+00:00,21,EUR_USD,SHORT,1.1376099999999998,1.1381287463871832,1.1364469106828687,1.1364469106828687,1.1364469106828687,2031424.73,3,OVERLAP,1.5,0.0006765446585655538,35.35248930754556,43.847082468006334,1.1384101807408276,1.1354213864862177,-3.25889178008687,False,5.9716596256997575e-05,72.94768394054422,-6.101807408276372,0.2142857142858729,13,0,ema_ribbon_bounce_short,1.1381287463871832,SL,2025-05-26 13:45:00+00:00,-5.187463871834108,-1053.7942395225357,15,False
2025-05-26 16:00:00+00:00,21,EUR_USD,SHORT,1.1377499999999998,1.1381265871829578,1.1368199827558567,1.1368199827558567,1.1368199827558567,2770291.57,3,OVERLAP,1.5,0.0005600086220716712,16.907786768226543,46.639262642474236,1.1383013976432934,1.1356748257968443,-1.7312302929184398,False,8.067756525853632e-05,40.3921568627303,-3.613976432934596,0.5925925925923794,16,0,ema_ribbon_bounce_short,1.1381265871829578,SL,2025-05-26 16:15:00+00:00,-3.765871829579659,-1043.2562983185005,15,False
2025-05-26 18:45:00+00:00,21,EUR_USD,SHORT,1.13781,1.1380768288315835,1.137263923016381,1.137263923016381,1.137263923016381,3870735.14,4,NY,1.5,0.00039803849180952206,12.483031934623831,48.13431402342005,1.1382418232193958,1.1359311066308795,-0.5242027393936866,False,2.9564903415448804e-05,54.08496732025128,-1.818232193957492,0.12499999999930611,18,0,ema_ribbon_bounce_short,1.1380768288315835,SL,2025-05-26 19:00:00+00:00,-2.668288315834655,-1032.8237347752618,15,False
2025-05-30 11:30:00+00:00,21,EUR_USD,SHORT,1.13289,1.1346907556639227,1.131426458588667,1.131426458588667,1.131426458588667,567814.68,3,LONDON,1.5,0.0008267707056665368,15.8677134390342,44.98865240944067,1.1341310262051212,1.1331802579537782,-0.0070593633649806975,False,8.963830448869658e-05,57.54988342872392,-10.510262051210972,0.13114754098337383,11,4,ema_ribbon_bounce_short,1.1346907556639227,SL,2025-05-30 12:00:00+00:00,-18.007556639227925,-1022.4955010685082,30,False
2025-05-30 14:15:00+00:00,21,EUR_USD,SHORT,1.13279,1.135075047304655,1.1304881972503578,1.1304881972503578,1.1304881972503578,442997.63,3,OVERLAP,1.5,0.0012459013748211682,26.663287623626115,46.01624552447187,1.1339540866448818,1.1332358867529202,-4.975404915879,False,-8.628158504056814e-05,38.331393965537295,-9.740866448817442,0.056910569105529614,14,4,ema_ribbon_bounce_short,1.135075047304655,SL,2025-05-30 14:45:00+00:00,-22.85047304654952,-1012.2705404000319,30,False
2025-06-01 22:45:00+00:00,21,EUR_USD,LONG,1.13572,1.1338200059086776,1.1368491716854325,1.1368491716854325,1.1368491716854325,527447.87,4,NY,1.5,0.0006895858427162658,29.36039386500005,54.393039231039396,1.1348777321603065,1.1338052037259414,11.39981240074972,False,-1.7110563432633927e-05,56.34920634920374,5.922678396934611,0.718309859154956,22,6,ema_ribbon_bounce_long,1.1368491716854325,TP3,2025-06-02 00:00:00+00:00,11.29171706840687,595.5792116373848,75,True
2025-06-02 04:15:00+00:00,21,EUR_USD,LONG,1.1366500000000002,1.1345688031739305,1.1377029435745818,1.1377029435745818,1.1377029435745818,484386.49,5,ASIAN,1.5,0.000651471787290813,22.722354192780244,52.39995467385405,1.1358239605212481,1.1343392617038457,15.646118604502046,False,-0.0001364004828109019,66.58008658009204,5.760394787519552,0.5800000000003108,4,0,ema_ribbon_bounce_long,1.1377029435745818,TP3,2025-06-02 05:30:00+00:00,10.529435963193073,510.03165278908614,75,True
2025-06-03 05:00:00+00:00,21,EUR_USD,SHORT,1.14197,1.1423983964804745,1.141101828630938,1.141101828630938,1.141101828630938,2365108.01,3,ASIAN,1.5,0.0005590856845310112,36.946787488430154,40.94741278443326,1.1428862017846488,1.1396003852374321,-6.569188220426625,False,-2.6404736661008452e-05,74.00040969084442,-6.662017846488233,0.40540540540538106,5,1,ema_ribbon_bounce_short,1.1423983964804745,SL,2025-06-03 05:15:00+00:00,-4.283964804745466,-1013.2039474261586,15,False
2025-06-03 09:30:00+00:00,21,EUR_USD,SHORT,1.1411799999999999,1.1426159241814597,1.1397723130055721,1.1397723130055721,1.1397723130055721,698554.92,3,LONDON,1.5,0.0007988434972138905,27.738089436323477,42.518954223563206,1.142292146543281,1.139960044274116,2.1400474567934147,False,-2.446902672638017e-05,72.77365972022345,-9.221465432809328,0.06250000000006506,9,1,ema_ribbon_bounce_short,1.1397723130055721,TP3,2025-06-03 10:30:00+00:00,14.076870145791405,983.3466898543705,60,True
2025-06-04 11:00:00+00:00,21,EUR_USD,LONG,1.1387500000000002,1.1378194584456114,1.1399294881259328,1.1399294881259328,1.1399294881259328,1088511.7,5,LONDON,1.5,0.0006847440629663352,22.21889275804367,53.21125216270261,1.138153559728839,1.1387133547836157,-2.003609312866139,False,-0.00010800866808164655,53.63592552026311,4.064402711609905,0.9736842105261466,11,2,ema_ribbon_bounce_long,1.1378194584456114,SL,2025-06-04 11:45:00+00:00,-9.30541554388764,-1012.905369288356,45,False
2025-06-05 11:45:00+00:00,21,EUR_USD,LONG,1.1427900000000002,1.1406206484435752,1.1440100832931213,1.1440100832931213,1.1440100832931213,462247.03,4,LONDON,1.5,0.0007050416465606462,15.0482910154291,56.344825167375134,1.1417729398126237,1.1406104550415734,6.643939207906513,False,6.094515642831642e-05,42.88573390852565,8.270601873763272,0.5833333333334876,11,3,ema_ribbon_bounce_long,1.1440100832931213,TP3,2025-06-05 12:30:00+00:00,12.20083319515682,563.9798907986651,45,True
2025-06-05 16:45:00+00:00,21,EUR_USD,LONG,1.14497,1.1413811929815834,1.1472539761604095,1.1472539761604095,1.1472539761604095,280989.23,5,OVERLAP,1.5,0.0012369880802047494,23.876527947251326,52.37562610194306,1.1436625021280284,1.1414536595664817,1.444279657967229,False,-0.00034533239112286603,61.50149432157599,11.174978719714623,0.957446808510593,16,3,ema_ribbon_bounce_long,1.145,TIME,2025-06-06 00:45:00+00:00,0.29999999999974486,8.429676899992831,480,True
2025-06-06 15:45:00+00:00,21,EUR_USD,SHORT,1.13946,1.1434416481548726,1.1370889788560776,1.1370889788560776,1.1370889788560776,253287.18,4,OVERLAP,1.5,0.001280510571961184,33.341106591326685,45.2540603592894,1.1413595694836236,1.1420909684283749,-7.025392074004877,False,8.867205802432095e-05,55.699033831935644,-17.09569483623552,0.7611940298508205,15,4,ema_ribbon_bounce_short,1.14061,TIME,2025-06-08 23:45:00+00:00,-11.499999999999842,-291.280256999996,3360,False
2025-06-09 04:00:00+00:00,21,EUR_USD,LONG,1.1416600000000001,1.1405014430191884,1.1425592526722188,1.1425592526722188,1.1425592526722188,867965.61,4,ASIAN,1.5,0.0005746263361093921,26.533854583757694,55.587016844873695,1.1407398804742537,1.1414024992071892,10.849702136008776,False,-1.9568035442933934e-05,16.0002160930287,6.701195257463599,0.5111111111111879,4,0,ema_ribbon_bounce_long,1.1425592526722188,TP3,2025-06-09 06:45:00+00:00,8.992526825791511,780.5204031789492,165,True
2025-06-09 10:00:00+00:00,21,EUR_USD,LONG,1.1429600000000002,1.1409554261710273,1.1441080750642079,1.1441080750642079,1.1441080750642079,505540.28,4,LONDON,1.5,0.0006690375321038453,27.23848768291611,53.84523462008264,1.1418786633069236,1.141632014865929,-2.2091072181806837,False,-3.046213396174825e-05,33.43762668140797,8.913366930765054,0.37500000000011563,10,0,ema_ribbon_bounce_long,1.1409554261710273,SL,2025-06-09 11:30:00+00:00,-20.045738289728998,-1013.392814779632,90,False
2025-06-09 22:00:00+00:00,21,EUR_USD,LONG,1.1425100000000001,1.141313794242293,1.1431190644240128,1.1431190644240128,1.1431190644240128,838700.94,4,NY,1.5,0.0004295322120063903,16.548746875966614,53.48664011519934,1.1419237401584488,1.1416780957545127,6.151350817162893,False,-6.998081480586193e-05,57.92100797067237,3.3625984155127853,0.6944444444448385,22,0,ema_ribbon_bounce_long,1.1431190644240128,TP3,2025-06-10 00:00:00+00:00,6.090644312746485,510.82291103061306,120,True
2025-06-10 14:15:00+00:00,21,EUR_USD,LONG,1.1433900000000001,1.140778837065051,1.1449348055799646,1.1449348055799646,1.1449348055799646,386175.49,3,OVERLAP,1.5,0.0008674027899823567,53.68168622646588,56.942933654309776,1.1419514571609777,1.1415764646965643,9.273943697190035,False,-6.904106972529535e-06,35.659395153433216,12.485428390223152,0.0,14,1,ema_ribbon_bounce_long,1.1428,TIME,2025-06-10 22:15:00+00:00,-5.900000000000904,-227.84353910003492,480,False
2025-06-13 08:30:00+00:00,21,EUR_USD,SHORT,1.1525299999999998,1.1561887139976879,1.1498197978778046,1.1498197978778046,1.1498197978778046,274984.24,4,LONDON,1.5,0.0014501010610976312,19.654016575693486,43.009293795964375,1.154773997685815,1.15257181927654,-10.17508573228465,False,0.00016886959417941128,29.966997898032005,-20.539976858149345,0.7767441860465851,8,4,ema_ribbon_bounce_short,1.1498197978778046,TP3,2025-06-13 10:45:00+00:00,27.10202220753646,745.2628979202536,135,True
2025-06-13 19:45:00+00:00,21,EUR_USD,LONG,1.15524,1.1530844690839852,1.1569085672073502,1.1569085672073502,1.1569085672073502,470204.95,5,NY,1.5,0.0009592836036751468,23.243182615688156,55.876740699056555,1.1540012845311272,1.152875887349469,20.16024228201463,False,-0.00010980813888907546,69.45372503840058,9.887154688728028,0.550561797752638,19,4,ema_ribbon_bounce_long,1.1530844690839852,SL,2025-06-15 21:00:00+00:00,-21.555309160148358,-1013.5413065882102,2955,False
2025-06-18 22:30:00+00:00,21,EUR_USD,SHORT,1.1480299999999999,1.1510523451122765,1.1463830159785002,1.1463830159785002,1.1463830159785002,331995.8,5,NY,1.5,0.000948492010749841,17.914994134100734,46.115963154461625,1.1493359285442248,1.151328666769149,-15.079810948397387,False,0.0001418505869963413,74.08521878320026,-10.559285442248711,0.8837209302328103,22,2,ema_ribbon_bounce_short,1.1463830159785002,TP3,2025-06-19 01:00:00+00:00,16.469840711082334,546.7917942748348,150,True
2025-06-22 23:45:00+00:00,21,EUR_USD,SHORT,1.1497,1.151899266351295,1.1479622315196842,1.1479622315196842,1.1479622315196842,458731.98,2,NY,1.5,0.000993884240157929,27.19818713483177,47.58679152841046,1.1508707027978162,1.1505958074255453,-16.017731218263,False,0.00017895167495793514,81.71483718650002,-9.207027978161975,0.5967741935482946,23,6,ema_ribbon_bounce_short,1.1479622315196842,TP3,2025-06-23 01:15:00+00:00,17.377685181977043,797.1699931344989,90,True
2025-06-23 03:30:00+00:00,21,EUR_USD,SHORT,1.1492,1.1513495866000523,1.147701321907968,1.147701321907968,1.147701321907968,473042.36,4,ASIAN,1.5,0.0008743390460161333,17.19027699865952,48.248792123330276,1.1501569386786765,1.1504047218162636,-14.920928203230321,False,0.00017582056842404436,26.17028546578838,-7.069386786764387,0.11538461538450043,3,0,ema_ribbon_bounce_short,1.1513495866000523,SL,2025-06-23 05:45:00+00:00,-21.495866000522664,-1016.8455183131003,135,False
2025-06-23 12:00:00+00:00,21,EUR_USD,SHORT,1.1469099999999999,1.1505070053149864,1.1449642879615736,1.1449642879615736,1.1449642879615736,279865.32,3,LONDON,1.5,0.0010678560192132532,29.744315666886198,43.52171290913763,1.1486527810296903,1.1498549021749545,-2.0574035079690134,False,3.1830692043688684e-05,71.39961017836573,-15.527810296902533,0.14545454545447573,12,0,ema_ribbon_bounce_short,1.1505070053149864,SL,2025-06-23 14:00:00+00:00,-35.97005314986523,-1006.6770435204041,120,False
2025-06-25 04:15:00+00:00,21,EUR_USD,SHORT,1.1612799999999999,1.1611367137554411,1.1603736028516343,1.1603736028516343,1.1603736028516343,6955380.07,3,ASIAN,1.5,0.0005781985741828129,26.275180765546462,46.82873409955275,1.1615498529267998,1.1582535941884522,2.4717802862173066,False,-0.00012288319004776847,22.95081967212992,-0.1985292679984596,0.20588235294121487,4,2,ema_ribbon_bounce_short,1.1611367137554411,SL,2025-06-25 04:30:00+00:00,1.4328624455872683,996.6102897089147,15,True
2025-06-25 04:30:00+00:00,21,EUR_USD,SHORT,1.16113,1.1611359665976844,1.1602576312193749,1.1602576312193749,1.1602576312193749,168701904.58,4,ASIAN,1.5,0.0005611843903126125,26.012020567321972,45.13722271831873,1.1615431920277097,1.1582847027039902,0.9649337910233591,False,-0.00012915700412112371,29.51778352986385,-1.6319202770964658,0.41176470588242975,4,2,ema_ribbon_bounce_short,1.1611359665976844,SL,2025-06-25 04:45:00+00:00,-0.05966597684370356,-1006.5763932158968,15,False
2025-06-25 10:45:00+00:00,21,EUR_USD,SHORT,1.1601599999999999,1.1613073079323892,1.1589411728554988,1.1589411728554988,1.1589411728554988,868564.23,3,LONDON,1.5,0.0007044135722505924,21.476289660797026,46.47887501526108,1.1609348902240086,1.15881479430802,1.70020383517544,False,6.214876159275597e-05,86.44802623963581,-5.848902240086495,0.7608695652173388,10,2,ema_ribbon_bounce_short,1.1613073079323892,SL,2025-06-25 11:00:00+00:00,-11.47307932389374,-996.5106308686688,15,False
2025-06-25 11:30:00+00:00,21,EUR_USD,SHORT,1.1598399999999998,1.161354123040693,1.1585220578584294,1.1585220578584294,1.1585220578584294,651562.32,4,LONDON,1.5,0.0007539710707851867,20.797093854932513,44.28252003390104,1.1608911676501827,1.1588663605795915,-2.254872297027255,False,6.66804898605362e-05,46.219430580235176,-8.61167650182848,0.6025641025643471,11,2,ema_ribbon_bounce_short,1.161354123040693,SL,2025-06-25 14:00:00+00:00,-15.141230406932047,-986.5455211595189,150,False
2025-06-27 09:15:00+00:00,21,EUR_USD,LONG,1.17104,1.1689509619238139,1.1725893311788906,1.1725893311788906,1.1725893311788906,467526.22,4,LONDON,1.5,0.0008696655894453989,26.452518404748435,52.4712231199018,1.1703377742938001,1.1678375725283479,-4.894644331945308,False,-2.0341770711448167e-05,17.296941540845655,5.122257061997981,0.48148148148116166,9,4,ema_ribbon_bounce_long,1.1725893311788906,TP3,2025-06-27 12:30:00+00:00,15.493312120294712,724.3529650881572,195,True
2025-06-27 16:00:00+00:00,21,EUR_USD,LONG,1.1732200000000002,1.1696030139051214,1.1753322189028879,1.1753322189028879,1.1753322189028879,272028.58,5,OVERLAP,1.5,0.0011511094514439167,16.33147457415979,57.07774883436012,1.1715170328264974,1.1688275126774332,8.855387798796244,False,-3.95519903665555e-05,86.61949336614879,15.129671735025774,0.5645161290321368,16,4,ema_ribbon_bounce_long,1.1696030139051214,SL,2025-06-27 17:45:00+00:00,-36.16986094878705,-983.9235912695993,105,False
2025-06-30 03:15:00+00:00,21,EUR_USD,SHORT,1.1715499999999999,1.1721635015744243,1.170347315108699,1.170347315108699,1.170347315108699,1587745.5,3,ASIAN,1.5,0.0007263424456505088,15.826968760830388,46.0958584299685,1.1719748128481933,1.1698745186620736,-0.9617705315911884,False,-0.00011869503951786501,18.839982981287605,-1.7481284819331755,0.4042553191492478,3,0,ema_ribbon_bounce_short,1.1721635015744243,SL,2025-06-30 04:30:00+00:00,-6.135015744244132,-974.0843640352772,75,False
2025-06-30 10:30:00+00:00,21,EUR_USD,SHORT,1.17159,1.172762086770961,1.1701304758483162,1.1701304758483162,1.1701304758483162,822757.79,4,LONDON,1.5,0.0008247620758419005,12.469915345534224,43.54568476802358,1.1723708739981582,1.1705556676399431,-4.6905480379422215,False,-0.0001176151251618492,22.953906813196962,-5.90873998158159,0.8461538461538725,10,0,ema_ribbon_bounce_short,1.172762086770961,SL,2025-06-30 11:00:00+00:00,-11.720867709610337,-964.3435213641364,30,False
2025-06-30 13:30:00+00:00,21,EUR_USD,SHORT,1.17156,1.1726627329720969,1.1702951940182986,1.1702951940182986,1.1702951940182986,865758.17,3,OVERLAP,1.5,0.0007274029908507404,19.272637107508316,45.62609400093808,1.1721921133185083,1.1707123633851781,-1.7804259061016126,False,-4.779028703873981e-05,69.31317116394881,-4.42113318508186,0.048387096774147334,13,0,ema_ribbon_bounce_short,1.1726627329720969,SL,2025-06-30 14:00:00+00:00,-11.027329720969535,-954.7000799213197,30,False
2025-07-01 18:00:00+00:00,21,EUR_USD,SHORT,1.17773,1.1788982625961335,1.1762222534940794,1.1762222534940794,1.1762222534940794,809024.52,3,NY,1.5,0.0008788732529602923,35.51938077378859,46.765210662040474,1.1786177313775856,1.1760584778606942,-13.728148779097449,False,0.00013387433598749453,87.59953474644963,-6.377313775856042,0.5490196078432397,18,1,ema_ribbon_bounce_short,1.1788982625961335,SL,2025-07-01 19:00:00+00:00,-11.682625961335622,-945.1530860709092,60,False
2025-07-02 10:15:00+00:00,21,EUR_USD,SHORT,1.17708,1.1794047965189771,1.1758424289224265,1.1758424289224265,1.1758424289224265,402487.51,4,LONDON,1.5,0.0007137855387867541,45.74551264123473,40.003778985846736,1.17862053656302,1.177509559215552,-1.5014739319796355,False,2.225180683948372e-05,51.86191626408623,-13.505365630199773,0.9230769230769887,10,2,ema_ribbon_bounce_short,1.1758424289224265,TP3,2025-07-02 11:30:00+00:00,12.375711083214465,498.10691383623936,75,True
2025-07-02 13:15:00+00:00,21,EUR_USD,SHORT,1.1763199999999998,1.1794075236090105,1.1741003806235257,1.1741003806235257,1.1741003806235257,304672.2,3,OVERLAP,1.5,0.001204809688237142,43.64804888830009,46.78302645385061,1.1777731706367602,1.1773847275890272,-1.8733541380444585,False,9.821265190730632e-05,41.65058538359594,-12.631706367602913,0.5957446808509733,13,2,ema_ribbon_bounce_short,1.1794075236090105,SL,2025-07-02 17:00:00+00:00,-30.87523609010656,-940.6826105092165,225,False
2025-07-04 10:00:00+00:00,21,EUR_USD,LONG,1.1779600000000001,1.176669237472593,1.1789053229322881,1.1789053229322881,1.1789053229322881,721492.74,4,LONDON,1.5,0.0005676614661440604,30.49118623423838,54.27908537419321,1.1772290698106946,1.177437138613853,2.610488388821164,False,-1.4353649111863804e-05,73.76708259061068,5.409301893053442,0.07894736842097574,10,4,ema_ribbon_bounce_long,1.176669237472593,SL,2025-07-04 12:00:00+00:00,-12.907625274070078,-931.2757925882072,120,False
2025-07-04 16:45:00+00:00,21,EUR_USD,SHORT,1.1772299999999998,1.1779147874894154,1.1763663360631453,1.1763663360631453,1.1763663360631453,1346349.12,3,OVERLAP,1.5,0.0005268319684272704,25.09723103599696,46.5132038916829,1.1774950304507998,1.1774715881391515,-1.3730291817570794,False,-2.8841595809935504e-05,23.76087384184002,-0.7503045079992887,0.3999999999998224,16,4,ema_ribbon_bounce_short,1.1779147874894154,SL,2025-07-04 18:45:00+00:00,-6.8478748941558365,-921.9630337616804,120,False
2025-07-04 18:45:00+00:00,21,EUR_USD,LONG,1.1781300000000001,1.1770030771368731,1.178703895432629,1.178703895432629,1.178703895432629,809943.11,5,NY,1.5,0.0004119477163144373,21.881780490588326,54.85149742005652,1.1775168534900622,1.177479096398004,3.3447662384245014,False,-1.6461058973571717e-05,65.79281183931455,3.631465099378506,0.8709677419353683,18,4,ema_ribbon_bounce_long,1.178703895432629,TP3,2025-07-07 00:00:00+00:00,5.738954397144945,464.8226572571752,3195,True
2025-07-08 09:15:00+00:00,21,EUR_USD,LONG,1.1750600000000002,1.173434256203522,1.1761574300481157,1.1761574300481157,1.1761574300481157,564290.41,4,LONDON,1.5,0.0006437150240577755,25.791406970734933,53.96367362329335,1.1741394421404068,1.174789297371683,-3.1882352014855897,False,-4.058847937717791e-05,13.818766832975635,7.30557859593306,0.17647058823579354,9,1,ema_ribbon_bounce_long,1.173434256203522,SL,2025-07-08 10:15:00+00:00,-16.25743796478174,-917.3916334696254,60,False
2025-07-09 15:15:00+00:00,21,EUR_USD,SHORT,1.1704599999999998,1.172426876835282,1.168961921398925,1.168961921398925,1.168961921398925,461756.27,4,OVERLAP,1.5,0.0008440393005374279,21.337395132861,46.35477707429698,1.171197318357167,1.172451175185863,-3.6372684691565738,False,3.63415782395522e-05,33.146674571970465,-5.47318357166926,0.4918032786884709,15,2,ema_ribbon_bounce_short,1.172426876835282,SL,2025-07-09 22:00:00+00:00,-19.668768352820717,-908.217711009254,405,False
2025-07-11 15:00:00+00:00,21,EUR_USD,LONG,1.1696300000000002,1.1683233377912692,1.1712376147499346,1.1712376147499346,1.1712376147499346,688116.28,4,OVERLAP,1.5,0.0008988073749672805,24.875577971644653,54.780480996403014,1.1688641462425153,1.1700992143930462,4.1280761676198985,False,-1.4644622431381573e-05,63.250409701122926,5.758537574847011,0.4032258064517053,15,4,ema_ribbon_bounce_long,1.1683233377912692,SL,2025-07-11 20:15:00+00:00,-13.066622087309907,-899.135538288553,315,False
2025-07-14 04:30:00+00:00,21,EUR_USD,SHORT,1.1675499999999999,1.1692218582059322,1.166541215006715,1.166541215006715,1.166541215006715,532428.04,4,ASIAN,1.5,0.0006293924966424699,18.37975980964915,45.91726943841485,1.1682634257907791,1.1693583041058773,-10.067656413181858,False,-5.9134106259601914e-05,33.890746934231345,-4.634257907791817,0.0,4,0,ema_ribbon_bounce_short,1.166541215006715,TP3,2025-07-14 05:30:00+00:00,10.087850122318184,537.1054268439632,60,True
2025-07-15 09:45:00+00:00,21,EUR_USD,LONG,1.1686800000000002,1.1672080808655465,1.1696299765626998,1.1696299765626998,1.1696299765626998,608399.75,4,LONDON,1.5,0.000569988281349962,23.413318581109255,54.180614792570815,1.1678915694106504,1.1681684381778106,-1.5380281164745213,False,-5.5993113860784574e-05,28.72287228723128,5.984305893496078,0.5853658536585498,9,1,ema_ribbon_bounce_long,1.1672080808655465,SL,2025-07-15 11:15:00+00:00,-14.719191344536585,-895.5152334218222,90,False
2025-07-16 19:45:00+00:00,21,EUR_USD,LONG,1.16382,1.160891429433325,1.1664968821801036,1.1664968821801036,1.1664968821801036,302727.92,4,NY,1.5,0.0014634410900517614,15.703422961579715,53.52596965923781,1.1623548568039739,1.1635014967445667,9.99700929728009,False,-0.0002076461079695425,62.469309658068376,12.151431960261139,0.7710843373494717,19,2,ema_ribbon_bounce_long,1.16188,TIME,2025-07-17 03:45:00+00:00,-19.400000000000528,-587.2921648000159,480,False
2025-07-17 17:15:00+00:00,21,EUR_USD,SHORT,1.15842,1.161208231695419,1.1570030491689998,1.1570030491689998,1.1570030491689998,315858.67,5,NY,1.5,0.0008334754155001755,22.1958231565318,45.93815864244656,1.1595183074610276,1.1616648262790588,-0.7256026013302552,False,4.6252085763071765e-07,21.648978821753786,-8.483074610274866,0.558139534883853,17,3,ema_ribbon_bounce_short,1.161208231695419,SL,2025-07-17 22:30:00+00:00,-27.882316954190856,-880.6871549669174,315,False
2025-07-20 22:30:00+00:00,21,EUR_USD,SHORT,1.16224,1.1633630273519355,1.1612872760503206,1.1612872760503206,1.1612872760503206,776366.03,4,NY,1.5,0.0006013619748397239,26.65095697181592,44.66845652741516,1.1630587899828795,1.162455364265958,-18.960233127041093,False,0.0001197200151572243,41.43834300993809,-5.687899828794585,0.5161290322578104,22,6,ema_ribbon_bounce_short,1.1633630273519355,SL,2025-07-21 00:00:00+00:00,-11.230273519355904,-871.8802868036472,90,False
2025-07-21 10:30:00+00:00,21,EUR_USD,LONG,1.1642100000000002,1.1625192113250375,1.1652530900228932,1.1652530900228932,1.1652530900228932,510508.2,4,LONDON,1.5,0.0006165450114465959,33.778877903097865,53.38187232659716,1.163480711797695,1.1627664326252956,-1.3576916844626474,False,-7.47728880574343e-05,30.23647087100652,5.392882023049772,0.05263157894770672,10,0,ema_ribbon_bounce_long,1.1652530900228932,TP3,2025-07-21 11:00:00+00:00,10.430900433254303,532.5060204559875,30,True
2025-07-23 04:45:00+00:00,21,EUR_USD,SHORT,1.17322,1.1730547123698682,1.1723261727354388,1.1723261727354388,1.1723261727354388,5254395.32,3,ASIAN,1.5,0.0005719136322805419,22.588257177050323,43.60382450602708,1.1736925906361817,1.1702261036755832,12.837213657319602,False,-3.7544583486784095e-05,25.203001336211447,-2.225906361816854,0.20754716981145513,4,2,ema_ribbon_bounce_short,1.1730547123698682,SL,2025-07-23 05:00:00+00:00,1.65287630131683,868.4865502178063,15,True
2025-07-24 19:30:00+00:00,21,EUR_USD,LONG,1.17693,1.1752777771879264,1.178286772357084,1.178286772357084,1.178286772357084,530903.83,4,NY,1.5,0.0008033861785420762,11.691410775745428,51.46479262505652,1.1764039706735507,1.1747935903629714,5.388444273453086,False,-3.64985297336899e-05,52.026334250703655,2.7602932644921196,0.21428571428565765,19,3,ema_ribbon_bounce_long,1.1752777771879264,SL,2025-07-24 20:30:00+00:00,-16.52222812073667,-877.1714189432801,60,False
2025-07-24 23:15:00+00:00,21,EUR_USD,SHORT,1.17508,1.1763558877719338,1.1742354459733644,1.1742354459733644,1.1742354459733644,680623.89,4,NY,1.5,0.000547277013317858,28.071245420296567,47.54674893252503,1.175780704398316,1.1748270936194305,-6.953782303686928,False,4.7497132542189866e-05,84.76943048464743,-4.507043983159598,0.35999999999957366,23,3,ema_ribbon_bounce_short,1.1742354459733644,TP3,2025-07-25 01:15:00+00:00,8.445540390440518,574.8236553693746,120,True
2025-07-25 16:00:00+00:00,21,EUR_USD,SHORT,1.1722199999999998,1.1750246541015306,1.1704727859224273,1.1704727859224273,1.1704727859224273,311677.63,3,OVERLAP,1.5,0.0009686070387862975,21.371591603011197,46.51133832578226,1.1733270189363645,1.1742282046490458,-2.7036499672306036,False,0.00013580181484902648,32.32747987171759,-9.170189363645331,0.542553191489407,16,4,ema_ribbon_bounce_short,1.1750246541015306,SL,2025-07-27 21:00:00+00:00,-28.046541015307458,-874.1479433348823,3180,False
2025-07-28 03:30:00+00:00,21,EUR_USD,LONG,1.1757300000000002,1.1740331232735022,1.176742468168762,1.176742468168762,1.176742468168762,509999.6,4,ASIAN,1.5,0.0006312340843808973,20.70291476835319,52.16985827808844,1.1749227742431685,1.1745023479571335,20.96611947185467,False,-0.00011729974768728631,66.23468328141756,5.572257568315919,0.4426229508196602,3,0,ema_ribbon_bounce_long,1.1740331232735022,SL,2025-07-28 05:15:00+00:00,-16.968767264979867,-865.4064517632826,105,False
2025-07-31 16:00:00+00:00,21,EUR_USD,SHORT,1.14244,1.1459876821892443,1.140387748406598,1.140387748406598,1.140387748406598,241496.38,4,OVERLAP,1.5,0.001121125796701012,24.960175635132376,45.373382599638774,1.1435209062425609,1.1485505447064923,-7.2836550563759594,False,5.6707643564363826e-05,21.021357583208452,-8.909062425608294,0.3364485981307228,16,3,ema_ribbon_bounce_short,1.14233,TIME,2025-08-01 00:00:00+00:00,1.0999999999983245,26.56460179995954,480,True
2025-08-04 10:00:00+00:00,21,EUR_USD,SHORT,1.156,1.1551213137525,1.1543469342620536,1.1543469342620536,1.1543469342620536,975340.22,4,LONDON,1.5,0.000921532868973241,19.485597143412445,46.02934157883464,1.1563417816779602,1.1516611667735634,-0.661969351603009,False,2.3007768326392057e-05,54.32534032701639,-1.5178167796014996,0.4107142857141158,10,0,ema_ribbon_bounce_short,1.1551213137525,SL,2025-08-04 10:15:00+00:00,8.786862474998712,857.0180379474989,15,True
2025-08-04 16:00:00+00:00,21,EUR_USD,SHORT,1.15621,1.1565952084823092,1.1540040535604912,1.1540040535604912,1.1540040535604912,2247064.28,4,OVERLAP,1.5,0.0011979732197544073,33.591574172296795,44.971989652871095,1.1569473998669024,1.1528742758612736,-6.428062811487667,False,-0.00016740200858759687,40.184622390548945,-5.473998669023317,0.3258426966290817,16,0,ema_ribbon_bounce_short,1.1565952084823092,SL,2025-08-04 16:30:00+00:00,-3.8520848230927385,-865.5882209501812,30,False
2025-08-04 21:45:00+00:00,21,EUR_USD,SHORT,1.1564999999999999,1.156604692910566,1.1554916613541226,1.1554916613541226,1.1554916613541226,8185199.29,5,NY,1.5,0.000629169322938646,18.02662597450779,46.67022727958124,1.1569614550248344,1.1537142758578922,-2.659013150370093,False,-8.38541351804682e-06,23.884372177042007,-2.1145502483443934,1.0,21,0,ema_ribbon_bounce_short,1.156604692910566,SL,2025-08-04 22:00:00+00:00,-1.0469291056613983,-856.9323372340012,15,False
2025-08-05 18:45:00+00:00,21,EUR_USD,LONG,1.1576000000000002,1.1552613408103984,1.1588398834607856,1.1588398834607856,1.1588398834607856,362756.15,4,NY,1.5,0.0007449417303927799,25.43948388915993,55.89571129282653,1.156317799638682,1.1549815432392865,22.38534066945519,False,-0.0001415798463240283,22.78789140049894,10.322003613181252,0.37037037037033993,18,1,ema_ribbon_bounce_long,1.15691,TIME,2025-08-06 02:45:00+00:00,-6.900000000000794,-250.30174350002883,480,False
2025-08-07 16:30:00+00:00,21,EUR_USD,SHORT,1.1633799999999999,1.1656926028447439,1.1614321165810757,1.1614321165810757,1.1614321165810757,365761.03,3,OVERLAP,1.5,0.0010689417094621749,24.937233417673486,43.2839329882636,1.1650024758777546,1.1626100851404877,-8.673033316515255,False,0.00014973845918034474,69.22681637260054,-14.324758777546354,0.8651685393257166,16,3,ema_ribbon_bounce_short,1.1656926028447439,SL,2025-08-07 20:00:00+00:00,-23.12602844743994,-845.8599984744934,210,False
2025-08-08 04:45:00+00:00,21,EUR_USD,SHORT,1.16557,1.1659322184387633,1.1648092378826709,1.1648092378826709,1.1648092378826709,2311868.5,4,ASIAN,1.5,0.0005053810586645798,20.70985491674364,45.123207125822944,1.1658975831859277,1.1638507010897834,9.558199878909601,False,-8.358820539283536e-05,34.12384716732873,-0.7758318592765434,0.6296296296296601,4,4,ema_ribbon_bounce_short,1.1659322184387633,SL,2025-08-08 05:00:00+00:00,-3.6221843876327315,-837.4013986959902,15,False
2025-08-08 11:15:00+00:00,21,EUR_USD,SHORT,1.1639799999999998,1.1657323211516502,1.1627538452119723,1.1627538452119723,1.1627538452119723,473102.42,3,LONDON,1.5,0.0007080773940137546,26.26701530266088,46.52505900162093,1.1649077563866759,1.1639917421111843,0.3580575516481943,False,1.2102394793460835e-05,60.05934543744592,-7.377563866759473,0.05479452054799104,11,4,ema_ribbon_bounce_short,1.1657323211516502,SL,2025-08-08 14:00:00+00:00,-17.5232115165036,-829.0273774629724,165,False
2025-08-08 16:30:00+00:00,21,EUR_USD,LONG,1.1658100000000002,1.164376564304606,1.1671098574567398,1.1671098574567398,1.1671098574567398,572566.4,5,OVERLAP,1.5,0.0007449287283698647,21.20446709434221,54.458407021580896,1.16516502212248,1.1642358297529534,8.083681510830942,False,1.644943945883925e-05,22.729042596449673,4.549778775200242,0.7608695652177061,16,4,ema_ribbon_bounce_long,1.164376564304606,SL,2025-08-08 19:15:00+00:00,-14.334356953942251,-820.7371157433681,165,False
2025-08-10 22:15:00+00:00,21,EUR_USD,SHORT,1.16442,1.16566024109859,1.1634450107473564,1.1634450107473564,1.1634450107473564,655138.54,4,NY,1.5,0.0006124946263217979,29.427440276459098,47.96987009809318,1.1649728670402995,1.164385070495311,-2.4285443310634314,False,2.2623387294431e-05,65.16969931604979,-3.028670402993594,0.8571428571419508,22,6,ema_ribbon_bounce_short,1.16566024109859,SL,2025-08-11 01:45:00+00:00,-12.402410985898891,-812.5297425781762,210,False
2025-08-14 11:15:00+00:00,21,EUR_USD,SHORT,1.16838,1.1702563689703842,1.1671338595157705,1.1671338595157705,1.1671338595157705,428702.7,3,LONDON,1.5,0.0007180702421148131,34.26888277748589,45.962466942302186,1.1694351067319593,1.1685812067196408,1.2380974477466111,False,0.00017335696526673113,62.414750063924636,-8.651067319591643,0.7053571428569995,11,3,ema_ribbon_bounce_short,1.1671338595157705,TP3,2025-08-14 12:30:00+00:00,12.461405132971487,534.2238026298736,75,True
2025-08-18 02:15:00+00:00,21,EUR_USD,SHORT,1.1696799999999998,1.169832948051745,1.1689625841163145,1.1689625841163145,1.1689625841163145,5294259.52,3,ASIAN,1.5,0.0004837079418427228,23.34977194972321,43.878616565474,1.1701014134290264,1.1685787509645538,1.025654073256721,False,-9.168425172748895e-05,68.38901838901852,-1.7141342902649015,0.6176470588236447,2,0,ema_ribbon_bounce_short,1.169832948051745,SL,2025-08-18 02:30:00+00:00,-1.5294805174526083,-809.7466790177997,15,False
2025-08-18 02:30:00+00:00,21,EUR_USD,SHORT,1.1696199999999999,1.1698394238472165,1.168910256679435,1.168910256679435,1.168910256679435,3653427.93,3,ASIAN,1.5,0.0004798716602825233,22.95838823615137,43.081369177681985,1.170092338392594,1.1685915992136626,0.422250609473096,False,-8.343314441579643e-05,54.415954415957685,-2.2233839259411248,0.13953488372083417,2,0,ema_ribbon_bounce_short,1.1698394238472165,SL,2025-08-18 02:45:00+00:00,-2.1942384721662656,-801.6492119292762,15,False
2025-08-20 16:15:00+00:00,21,EUR_USD,LONG,1.1661100000000002,1.1642525230341059,1.1675232933262296,1.1675232933262296,1.1675232933262296,427263.83,5,OVERLAP,1.5,0.0008016466631147773,22.23273062145669,54.14771492061573,1.1650414425805824,1.1656689087130068,6.134914712621065,False,-0.00011957886905674585,44.07133407077629,8.785574194176693,0.8000000000000683,16,2,ema_ribbon_bounce_long,1.16469,TIME,2025-08-21 00:15:00+00:00,-14.200000000001987,-606.714638600085,480,False
2025-08-25 11:30:00+00:00,21,EUR_USD,SHORT,1.16908,1.1693907330961055,1.1681844090185094,1.1681844090185094,1.1681844090185094,2534540.36,4,LONDON,1.5,0.0005427954907453274,34.58667126403808,41.67049369718621,1.1699106550773473,1.1671525423231075,-3.873598039654258,False,-6.183497425668323e-05,70.5874782345346,-6.406550773472297,0.32653061224470376,11,0,ema_ribbon_bounce_short,1.1693907330961055,SL,2025-08-25 11:45:00+00:00,-3.1073309610563093,-787.5655732674804,15,False
2025-08-25 12:15:00+00:00,21,EUR_USD,SHORT,1.16929,1.1694938263388726,1.1682899841886536,1.1682899841886536,1.1682899841886536,3825265.77,3,LONDON,1.5,0.0005950079056732795,29.80208931648683,45.972941891244396,1.1698887093138752,1.1672285450792301,-1.9668469632838637,False,3.9651560619228155e-05,57.31218052192305,-4.087093138751552,0.051282051282401646,12,0,ema_ribbon_bounce_short,1.1694938263388726,SL,2025-08-25 12:30:00+00:00,-2.038263388726147,-779.6899171138334,15,False
2025-08-26 15:45:00+00:00,21,EUR_USD,LONG,1.16572,1.163746793957312,1.1673336530368856,1.1673336530368856,1.1673336530368856,391187.24,5,OVERLAP,1.5,0.0009018265184428086,14.417130681289661,56.446973360644144,1.1644348251489312,1.1651527622862965,11.057382044772357,False,-3.326971325503549e-05,40.12529550827272,10.95174851068803,0.14285714285714285,15,1,ema_ribbon_bounce_long,1.163746793957312,SL,2025-08-26 17:45:00+00:00,-19.73206042688025,-771.8930257904507,120,False
2025-08-26 23:15:00+00:00,21,EUR_USD,SHORT,1.16388,1.1650114672270453,1.1631675253675657,1.1631675253675657,1.1631675253675657,675383.32,5,NY,1.5,0.000481237316217188,16.94235492751368,45.64836433787516,1.1643823624931695,1.1649582900454405,-3.099160922137578,False,4.802877410803273e-06,16.713533780376054,-2.523624931694002,0.03846153846091437,23,1,ema_ribbon_bounce_short,1.1631675253675657,TP3,2025-08-27 01:30:00+00:00,7.124746429834792,481.19348979399683,135,True
2025-08-28 08:45:00+00:00,21,EUR_USD,LONG,1.1644100000000002,1.1627168908754548,1.1655463356432738,1.1655463356432738,1.1655463356432738,454185.74,3,LONDON,1.5,0.000663167821636876,17.368306555742993,52.302121610520096,1.1638414679856177,1.1634117792079723,5.091464106137256,False,-8.092737645068877e-06,55.41950113379045,3.7853201438231565,0.31707317073160163,8,3,ema_ribbon_bounce_long,1.1655463356432738,TP3,2025-08-28 10:15:00+00:00,11.363356682928286,516.1074563919728,90,True
2025-08-28 15:30:00+00:00,21,EUR_USD,LONG,1.16734,1.1637751826469327,1.169142605720222,1.169142605720222,1.169142605720222,217163.19,4,OVERLAP,1.5,0.0009963028601111291,27.67077385290793,54.782097690059,1.1657947326107094,1.1641822743998316,4.926040309298774,False,-0.0001280878158141243,26.492700648939337,13.55267389290482,0.5454545454544354,15,3,ema_ribbon_bounce_long,1.169142605720222,TP3,2025-08-28 17:00:00+00:00,18.02605803229026,391.4596265417276,90,True
2025-09-03 11:00:00+00:00,21,EUR_USD,LONG,1.1647600000000002,1.1638264261777644,1.1660676814304243,1.1660676814304243,1.1660676814304243,833422.78,3,LONDON,1.5,0.0007488407152120846,21.501342588948855,52.4765197937378,1.1640540255782539,1.165768856067011,-4.705117380323642,False,-7.848336658589284e-05,17.31606836597245,5.1597442174622365,0.4464285714288051,11,2,ema_ribbon_bounce_long,1.1660676814304243,TP3,2025-09-03 14:00:00+00:00,13.076814461145277,1089.85150617519,180,True
2025-09-03 22:30:00+00:00,21,EUR_USD,LONG,1.16643,1.1650928808194698,1.1671136366341177,1.1671136366341177,1.1671136366341177,590044.79,4,NY,1.5,0.00046681831705888606,19.129046066303054,50.94886899350832,1.165878080248883,1.165925595775013,2.9420469319174636,False,-2.2274087222363742e-05,53.47222222222327,3.0191975111693026,0.8095238095245144,22,2,ema_ribbon_bounce_long,1.1650928808194698,SL,2025-09-04 02:45:00+00:00,-13.371191805302551,-788.9602060809465,255,False
2025-09-04 11:00:00+00:00,21,EUR_USD,SHORT,1.1643999999999999,1.1661177652102295,1.1631946847268717,1.1631946847268717,1.1631946847268717,454701.61,4,LONDON,1.5,0.0006976576365641257,21.456578280714105,42.42041398089057,1.1653531653786149,1.1657098980899818,-5.416854388178294,False,1.0038271960056188e-05,53.911987680642966,-7.631653786148718,0.6874999999998266,11,3,ema_ribbon_bounce_short,1.1631946847268717,TP3,2025-09-04 12:30:00+00:00,12.053152996360009,548.058807302122,90,True
2025-09-08 10:15:00+00:00,21,EUR_USD,LONG,1.1727200000000002,1.170527663960321,1.1738183976346888,1.1738183976346888,1.1738183976346888,358773.1,5,LONDON,1.5,0.0006441988173443396,23.58723209390516,52.67892873494825,1.1719793227971875,1.169681598333582,-2.7607091547698914,False,-9.583718060372461e-05,35.905515610681164,5.5067720281254395,0.7058823529414325,10,0,ema_ribbon_bounce_long,1.1738183976346888,TP3,2025-09-08 12:45:00+00:00,10.983976653039369,394.0755354138559,150,True
2025-09-10 10:45:00+00:00,21,EUR_USD,SHORT,1.16983,1.17223475303691,1.1686024942312148,1.1686024942312148,1.1686024942312148,328720.64,4,LONDON,1.5,0.0007087528843926051,22.169460335254872,44.86970512657584,1.1707316263000804,1.172035202163261,-2.269280209912239,False,-1.6777840909503236e-05,14.315619967801274,-7.116263000803702,0.09999999999977796,10,2,ema_ribbon_bounce_short,1.17223475303691,SL,2025-09-10 12:30:00+00:00,-24.047530369100123,-790.4919573350029,105,False
2025-09-10 16:15:00+00:00,21,EUR_USD,SHORT,1.17074,1.1723025224143058,1.1691868758253556,1.1691868758253556,1.1691868758253556,500848.51,4,OVERLAP,1.5,0.0008715620873222405,32.74292130929475,46.97741703263844,1.1710873960019346,1.1718732787999027,-0.6959302665454636,False,-0.00010759518814694745,4.111623143879271,-1.5739600193453995,0.1458333333333526,16,2,ema_ribbon_bounce_short,1.16986,TIME,2025-09-11 00:15:00+00:00,8.799999999999919,440.746688799996,480,True
2025-09-12 15:45:00+00:00,21,EUR_USD,SHORT,1.1712099999999999,1.1730510417944389,1.1697478555681708,1.1697478555681708,1.1697478555681708,427472.37,4,OVERLAP,1.5,0.000826072215914587,23.122624403437392,44.748306673424864,1.1722252812557554,1.1719746097068562,-5.723697923996074,False,6.843391490623407e-05,26.23305638979687,-8.252812557554279,0.725000000000111,15,4,ema_ribbon_bounce_short,1.1730510417944389,SL,2025-09-12 16:45:00+00:00,-18.410417944390023,-786.9944991378932,60,False
2025-09-12 20:15:00+00:00,21,EUR_USD,LONG,1.17345,1.171995267713552,1.1743042628151747,1.1743042628151747,1.1743042628151747,535579.34,5,NY,1.5,0.0005521314075873749,31.18829999501711,52.3021054663075,1.1727910285570362,1.1721882619013888,10.426500706126607,False,-4.1991680340101325e-05,19.750675759051994,4.089714429638125,0.6428571428572561,20,4,ema_ribbon_bounce_long,1.17338,TIME,2025-09-15 04:15:00+00:00,-0.700000000000145,-37.49055380000776,3360,False
2025-09-15 05:45:00+00:00,21,EUR_USD,SHORT,1.17259,1.1730406687063535,1.172215271997954,1.172215271997954,1.172215271997954,1727986.96,3,ASIAN,1.5,0.00031236400102313094,31.196003578444547,47.279583396601254,1.1728809083800833,1.1724068088668784,5.684114622388492,False,-1.3378278052228885e-05,4.226690149976796,-0.4090838008319331,0.11111111111056285,5,0,ema_ribbon_bounce_short,1.172215271997954,TP3,2025-09-15 06:15:00+00:00,3.7472800421465755,647.5251048297533,30,True
2025-09-17 11:45:00+00:00,21,EUR_USD,SHORT,1.18373,1.1846070632653714,1.1826465207398247,1.1826465207398247,1.1826465207398247,895288.78,4,LONDON,1.5,0.0006367396300876609,19.72828729208623,43.917219420346726,1.184701184021768,1.1816191858686693,-2.705223589161143,False,2.0588967505055875e-05,58.267787086167516,-7.811840217679666,0.4871794871792609,11,2,ema_ribbon_bounce_short,1.1846070632653714,SL,2025-09-17 13:00:00+00:00,-8.770632653714028,-785.2249008371795,75,False
2025-09-17 23:45:00+00:00,21,EUR_USD,SHORT,1.1822599999999999,1.1845328477486154,1.1808207484714788,1.1808207484714788,1.1808207484714788,342025.84,4,NY,1.5,0.0008446257642605531,17.54199720237887,47.483647157087795,1.1834167315812238,1.1824024116287177,-23.149820506291885,False,0.00019941565165831877,88.76039522700965,-9.067315812238963,0.7297297297297459,23,2,ema_ribbon_bounce_short,1.1808207484714788,TP3,2025-09-18 01:45:00+00:00,14.392515706012892,492.26122740622526,120,True
2025-09-18 02:30:00+00:00,21,EUR_USD,SHORT,1.18145,1.184103280472672,1.1801085859463356,1.1801085859463356,1.1801085859463356,294840.77,4,ASIAN,1.5,0.0007957070268321437,16.745135619410686,45.10571826128003,1.1828247048281693,1.182335954722064,-27.44553430445773,False,6.921744611529932e-05,64.01886336663236,-11.247048281692873,0.7777777777779605,2,3,ema_ribbon_bounce_short,1.1801085859463356,TP3,2025-09-18 04:45:00+00:00,13.414140991605004,395.50356588533833,135,True
2025-09-22 15:15:00+00:00,21,EUR_USD,LONG,1.1774200000000001,1.1751881249586043,1.1787588630327646,1.1787588630327646,1.1787588630327646,352282.4,5,OVERLAP,1.5,0.0007644315163823218,34.86047442447291,52.692170446750275,1.1763321425119966,1.1766725872633108,-1.3291051250385877,False,-0.0002317328763877233,49.1569004783494,8.978574880034174,0.8888888888886696,15,0,ema_ribbon_bounce_long,1.1787588630327646,TP3,2025-09-22 16:15:00+00:00,13.388630707698166,471.65789584216094,60,True
2025-09-26 16:15:00+00:00,21,EUR_USD,LONG,1.1696000000000002,1.167727336848824,1.171194287251832,1.171194287251832,1.171194287251832,422375.42,4,OVERLAP,1.5,0.0008921436259159117,46.784168874101994,56.724113525055564,1.1682038532012824,1.1704675686685535,11.085403072645938,False,2.856800525331371e-05,28.89509264309696,12.061467987176666,0.8375000000000729,16,4,ema_ribbon_bounce_long,1.171194287251832,TP3,2025-09-29 00:00:00+00:00,15.942872895774892,673.3877635359536,3345,True
2025-09-29 09:45:00+00:00,21,EUR_USD,SHORT,1.1715699999999998,1.171643842786852,1.1704955506100867,1.1704955506100867,1.1704955506100867,10802690.25,4,LONDON,1.5,0.0006322246949566444,32.72872316283818,44.65381681226011,1.171817675062581,1.1710481799018961,-3.096046796167151,False,-0.00010629226540616184,49.04591175602139,-0.5767506258114174,0.770833333333237,9,0,ema_ribbon_bounce_short,1.171643842786852,SL,2025-09-29 10:00:00+00:00,-0.7384278685229617,-797.700753562128,15,False
2025-09-29 10:30:00+00:00,21,EUR_USD,SHORT,1.17149,1.171644758567819,1.1705077422340964,1.1705077422340964,1.1705077422340964,5102940.39,4,LONDON,1.5,0.0005861288829517935,34.22801492850494,43.98126355059462,1.1718176783698395,1.1710709740186351,-3.3825422876621047,False,-0.00010117797011516603,27.256024309233315,-1.376783698394668,0.5952380952379568,10,0,ema_ribbon_bounce_short,1.171644758567819,SL,2025-09-29 10:45:00+00:00,-1.5475856781899109,-789.7237464220839,15,False
2025-09-29 16:30:00+00:00,21,EUR_USD,SHORT,1.1723999999999999,1.172611362866601,1.1710249607083143,1.1710249607083143,1.1710249607083143,3698977.6,5,OVERLAP,1.5,0.0007825196458428997,19.046885683495795,46.53378656125824,1.1726106640958183,1.171495917993476,-5.064605905087394,False,-0.00014091674764245293,39.36373276776353,-0.20664095818245798,0.8974358974358244,16,0,ema_ribbon_bounce_short,1.172611362866601,SL,2025-09-29 16:45:00+00:00,-2.1136286660117243,-781.8265090295249,15,False
2025-09-29 20:00:00+00:00,21,EUR_USD,SHORT,1.17227,1.1725768456295493,1.1714512406240074,1.1714512406240074,1.1714512406240074,2522467.88,4,NY,1.5,0.0005343796879962464,15.201104854896892,46.06746614923295,1.1726537627021554,1.1716531764696971,-5.270360133675656,False,-1.0462796491116625e-05,27.76719576718138,-1.3376270215537112,0.5675675675677135,20,0,ema_ribbon_bounce_short,1.1725768456295493,SL,2025-09-29 20:15:00+00:00,-3.0684562954941264,-774.0082446567723,15,False
2025-09-30 02:30:00+00:00,21,EUR_USD,SHORT,1.17191,1.172685028028462,1.171204762989927,1.171204762989927,1.171204762989927,988697.35,4,ASIAN,1.5,0.00047761850503653643,38.387907544811256,45.63770006388768,1.1725001208342027,1.1718389407139407,-7.020763825422716,False,-5.733702887665841e-05,64.87703118138438,-3.401208342026507,0.16666666666703675,2,1,ema_ribbon_bounce_short,1.172685028028462,SL,2025-09-30 04:45:00+00:00,-7.7502802846196595,-766.2681579160703,135,False
2025-09-30 19:15:00+00:00,21,EUR_USD,SHORT,1.17357,1.1742893475722394,1.1723705233308397,1.1723705233308397,1.1723705233308397,1054574.32,3,NY,1.5,0.0007247383345801523,20.37602671689,46.2147669779743,1.174029861753007,1.1728850281055858,-3.4705438539628375,False,-0.00011980665294284638,24.948190853089418,-2.0986175300685694,0.1458333333333526,19,1,ema_ribbon_bounce_short,1.17373,TIME,2025-10-01 03:15:00+00:00,-1.5999999999993797,-168.7318911999346,480,False
2025-10-01 09:15:00+00:00,21,EUR_USD,SHORT,1.1741499999999998,1.175189260102417,1.1724794660052678,1.1724794660052678,1.1724794660052678,728324.08,5,LONDON,1.5,0.0009302669973661057,22.461779321021538,44.751426876158376,1.174743491411538,1.173563415594539,-10.526568134796577,False,-0.00020648663165179204,19.05697158094277,-4.0349141153805945,0.8977272727273587,9,2,ema_ribbon_bounce_short,1.1724794660052678,TP3,2025-10-01 10:15:00+00:00,16.705340176687333,1216.690151527284,60,True
2025-10-01 11:45:00+00:00,21,EUR_USD,SHORT,1.1732399999999998,1.1749188439951823,1.1716957351758874,1.1716957351758874,1.1716957351758874,458103.95,4,LONDON,1.5,0.0008671324120562197,27.026336047842936,45.239629397506114,1.1742083656222138,1.1735206075522768,-5.856807110304896,False,-8.585935554795033e-05,87.36706194583648,-7.783656222137836,0.5211267605633627,11,2,ema_ribbon_bounce_short,1.1749188439951823,SL,2025-10-01 12:15:00+00:00,-16.78843995182477,-769.0850656268739,30,False
2025-10-01 19:45:00+00:00,21,EUR_USD,SHORT,1.17279,1.1746226389013068,1.171407911270709,1.171407911270709,1.171407911270709,415463.3,5,NY,1.5,0.0008160443646455231,17.623341506341525,46.76171093568175,1.1736509403483555,1.1735391616989275,-10.044374232853759,False,9.212202316741412e-05,17.340696686488926,-6.109403483554043,0.5535714285711949,19,2,ema_ribbon_bounce_short,1.17346,TIME,2025-10-02 03:45:00+00:00,-6.699999999999484,-278.36041099997857,480,False
2025-10-02 10:15:00+00:00,21,EUR_USD,LONG,1.17527,1.1733584283748801,1.1763125183980165,1.1763125183980165,1.1763125183980165,396851.78,4,LONDON,1.5,0.0006162591990083554,29.531078658085583,55.58337369103588,1.1742372540075416,1.1737077708500308,-1.8044589271060119,False,-3.037719014038786e-05,42.05693296602061,8.427459924582603,0.43999999999962697,10,3,ema_ribbon_bounce_long,1.1733584283748801,SL,2025-10-02 13:30:00+00:00,-19.115716251199007,-758.6106020263255,195,False
2025-10-03 15:00:00+00:00,21,EUR_USD,LONG,1.1742700000000001,1.1722338383072686,1.1757364264555605,1.1757364264555605,1.1757364264555605,368843.25,5,OVERLAP,1.5,0.0008282132277802446,29.46523359949545,55.44668454108167,1.1733154096930218,1.1730714462531462,1.4834162528254424,False,-5.9423167698393e-06,22.418082770955635,7.645903069781745,0.0,15,4,ema_ribbon_bounce_long,1.1722338383072686,SL,2025-10-05 21:00:00+00:00,-20.36161692731575,-751.0244962726156,3240,False
2025-10-06 04:30:00+00:00,21,EUR_USD,SHORT,1.17207,1.1733041920323466,1.1712577074796728,1.1712577074796728,1.1712577074796728,602429.96,4,ASIAN,1.5,0.0005311462601635587,27.538951705901177,49.13945076390023,1.1725682567359839,1.1729269394722757,-10.263693598033807,False,5.9862142463676154e-05,31.453024703364747,-2.482567359838317,0.36363636363611895,4,0,ema_ribbon_bounce_short,1.1712577074796728,TP3,2025-10-06 06:00:00+00:00,8.122925338107079,489.3493586518834,90,True
2025-10-06 20:00:00+00:00,21,EUR_USD,LONG,1.17145,1.1701147427394873,1.1722753584837182,1.1722753584837182,1.1722753584837182,560497.05,4,NY,1.5,0.0005376792418590729,32.39071083204108,57.29288180894507,1.1703676907758402,1.1713931097334336,32.15897987077998,False,-8.49239030303445e-05,50.28423772609347,8.323092241597774,0.34883720930260176,20,0,ema_ribbon_bounce_long,1.1701147427394873,SL,2025-10-07 01:30:00+00:00,-13.352572605127564,-748.4077555084816,330,False
2025-10-07 02:45:00+00:00,21,EUR_USD,SHORT,1.1698899999999999,1.1711151057783575,1.1692323996020353,1.1692323996020353,1.1692323996020353,604783.43,5,ASIAN,1.5,0.00045380019898229643,23.127265225210795,43.782880258854775,1.170537058564173,1.1712287117645497,18.147805143946538,False,-6.314615153501321e-05,65.57879552830403,-3.970585641730473,0.3809523809521544,2,1,ema_ribbon_bounce_short,1.1692323996020353,TP3,2025-10-07 05:00:00+00:00,6.576004088379064,397.70583082639143,135,True
2025-10-09 10:30:00+00:00,21,EUR_USD,SHORT,1.1614999999999998,1.163647413400393,1.1603136574475785,1.1603136574475785,1.1603136574475785,346882.78,4,LONDON,1.5,0.0006881712762106884,31.189374478226433,40.46263425509205,1.1626290217317785,1.1641468536303847,1.0040654402976301,False,0.0001240443124086162,60.51871262514201,-9.39021731778622,0.7415730337079353,10,3,ema_ribbon_bounce_short,1.1603136574475785,TP3,2025-10-09 13:30:00+00:00,11.86342586621326,411.52181447959646,180,True
2025-10-10 10:45:00+00:00,21,EUR_USD,SHORT,1.15695,1.1586572002994462,1.1558686146627914,1.1558686146627914,1.1558686146627914,438739.35,4,LONDON,1.5,0.0006356926686043172,17.80230885015605,46.54284565300983,1.1573751917577044,1.1598473337923303,-7.150251682406239,False,-7.555608021856029e-05,42.49327638031682,-2.3519175770436718,0.6744186046510428,10,4,ema_ribbon_bounce_short,1.1586572002994462,SL,2025-10-10 15:00:00+00:00,-17.07200299446265,-749.0159496988598,255,False
2025-10-12 23:15:00+00:00,21,EUR_USD,LONG,1.16104,1.1584367381060803,1.1624146143558143,1.1624146143558143,1.1624146143558143,284844.87,4,NY,1.5,0.0008123071779071943,21.391320675097937,53.54498200493745,1.159842409885212,1.1598272123480329,12.227416471242147,False,-0.00013898827812402342,64.65004180137483,9.47590114787955,0.5584415584415136,23,6,ema_ribbon_bounce_long,1.1624146143558143,TP3,2025-10-13 02:00:00+00:00,13.746144040725579,391.55186122817526,165,True
2025-10-15 17:15:00+00:00,21,EUR_USD,LONG,1.16354,1.1610282837171535,1.1648064223436916,1.1648064223436916,1.1648064223436916,296785.63,4,NY,1.5,0.0007582111718458794,24.975642276228832,52.72317020398219,1.1626720343945645,1.1606974041924294,4.4637657800028485,False,6.649480169951228e-05,44.91917968825092,6.179656054354776,0.22448979591843207,17,2,ema_ribbon_bounce_long,1.1648064223436916,TP3,2025-10-15 22:30:00+00:00,12.664223863628468,375.8559657828009,315,True
2025-10-16 11:00:00+00:00,21,EUR_USD,SHORT,1.16491,1.1652310323472657,1.163812023996597,1.163812023996597,1.163812023996597,2333720.8,4,LONDON,1.5,0.0006439880017015472,13.448055478281562,43.43063019340074,1.1654280818997467,1.163078322289845,-5.4513109930298675,False,-3.5207728990385455e-05,19.00110027021227,-3.2808189974664614,0.7540983606555826,11,3,ema_ribbon_bounce_short,1.1652310323472657,SL,2025-10-16 11:30:00+00:00,-3.2103234726577057,-749.1998662869519,30,False
2025-10-17 16:30:00+00:00,21,EUR_USD,SHORT,1.1671399999999998,1.1691746650097095,1.1657813881698642,1.1657813881698642,1.1657813881698642,364535.62,4,OVERLAP,1.5,0.0007743059150678791,31.231418087830267,45.64974897370471,1.1683858122048083,1.1670826327789698,-9.647093673146312,False,0.00019522591059942295,85.34493466349362,-10.558122048083263,0.7833333333333703,16,4,ema_ribbon_bounce_short,1.1657813881698642,TP3,2025-10-17 20:30:00+00:00,13.586118674052956,495.2624194239472,240,True
2025-10-21 16:30:00+00:00,21,EUR_USD,SHORT,1.1610699999999998,1.1637425199573617,1.1596646421165564,1.1596646421165564,1.1596646421165564,279384.44,4,OVERLAP,1.5,0.0007976789417217584,20.047069261844506,48.17840685886956,1.1619299917663464,1.164139779450358,-0.8464231587934634,False,0.00013055875062564456,46.21408311752551,-6.699917663464117,0.4852941176469628,16,1,ema_ribbon_bounce_short,1.16058,TIME,2025-10-22 00:30:00+00:00,4.899999999998793,136.8983755999663,480,True
2025-10-22 20:00:00+00:00,21,EUR_USD,LONG,1.16127,1.1601923623773385,1.1619647932699668,1.1619647932699668,1.1619647932699668,694138.23,4,NY,1.5,0.000472396634983494,31.906493538723645,53.9451850243764,1.1605557843416832,1.1615968877087746,9.598805802601973,False,-0.00014203786408918656,38.333333333329804,4.6421565831678,1.0,20,2,ema_ribbon_bounce_long,1.1601923623773385,SL,2025-10-23 00:00:00+00:00,-10.776376226615534,-748.0294719756987,240,False
2025-10-23 17:30:00+00:00,21,EUR_USD,LONG,1.1610800000000001,1.1597748538625523,1.1618457679218415,1.1618457679218415,1.1618457679218415,567407.1,4,NY,1.5,0.0005078839609206938,32.08217591762845,54.42571215007323,1.1603339203196517,1.160771048726981,5.380679721589399,False,-7.756949376464098e-05,22.7920227920162,4.9607968034837135,0.7857142857151354,17,3,ema_ribbon_bounce_long,1.1618457679218415,TP3,2025-10-23 19:00:00+00:00,7.657679353372709,434.5021634627084,90,True
2025-10-24 14:30:00+00:00,21,EUR_USD,LONG,1.16291,1.1604047306558358,1.164606755427318,1.164606755427318,1.164606755427318,297330.99,2,OVERLAP,1.5,0.0009433777136590048,30.93185057750957,55.49153991995588,1.161730628175019,1.16119714148649,3.4330470080101705,False,4.087704302895679e-05,42.65920740880613,9.893718249809336,0.15662650602403191,14,4,ema_ribbon_bounce_long,1.16304,TIME,2025-10-26 22:30:00+00:00,1.2999999999996348,38.65302869998914,3360,True
2025-10-27 14:45:00+00:00,21,EUR_USD,LONG,1.16426,1.1624799951023344,1.1651895117090731,1.1651895117090731,1.1651895117090731,418695.89,4,OVERLAP,1.5,0.0005597558545366275,18.960432294346393,55.11106839434574,1.1634705747482879,1.1624571572254974,3.331064363658598,False,-6.361806662037785e-05,75.66030562257266,5.994252517120824,0.6774193548384209,14,0,ema_ribbon_bounce_long,1.1651895117090731,TP3,2025-10-27 18:45:00+00:00,9.295117312732351,389.18274159088804,240,True
2025-10-28 18:30:00+00:00,21,EUR_USD,LONG,1.16625,1.1645709150208554,1.1673047066726414,1.1673047066726414,1.1673047066726414,446179.06,4,NY,1.5,0.0006523533363207017,22.791350744278642,52.78858126895775,1.1655924365370143,1.164418954125202,7.2921490376809395,False,5.178379093903997e-07,21.275713546988026,4.075634629856495,0.46296296296271927,18,1,ema_ribbon_bounce_long,1.1645709150208554,SL,2025-10-29 02:00:00+00:00,-16.79084979144596,-749.1725576548555,450,False
2025-11-05 18:30:00+00:00,21,EUR_USD,SHORT,1.1477,1.149297025387363,1.1468066384904203,1.1468066384904203,1.1468066384904203,464413.93,5,NY,1.5,0.0005716807547898708,15.224639122829155,46.887589642792555,1.148356423898738,1.1498070160930143,-3.3791665266336146,False,2.8251756670470175e-05,59.91949396205627,-4.064238987380175,0.7692307692302437,18,2,ema_ribbon_bounce_short,1.149297025387363,SL,2025-11-05 21:15:00+00:00,-15.970253873629488,-741.6808364549995,165,False
2025-11-10 03:15:00+00:00,21,EUR_USD,SHORT,1.15519,1.1559058808678424,1.154452437631161,1.154452437631161,1.154452437631161,1025679.08,3,ASIAN,1.5,0.0004937811844195573,17.417864685108714,44.68629615323211,1.1558313144520245,1.1542724741550496,-7.99980933731792,False,8.097341610544277e-05,37.55868544600606,-3.9131445202444937,0.7435897435896998,3,0,ema_ribbon_bounce_short,1.1559058808678424,SL,2025-11-10 04:00:00+00:00,-7.158808678424666,-734.2640299182627,45,False
2025-11-10 10:30:00+00:00,21,EUR_USD,SHORT,1.1559599999999999,1.1564672047432727,1.1549787165017689,1.1549787165017689,1.1549787165017689,1433191.22,4,LONDON,1.5,0.000585641749115597,18.582121251585768,45.73828269421374,1.1563216965788115,1.1548187623962216,-9.062681283509288,False,-8.951202480739678e-05,28.805163090863115,-1.7169657881144218,0.8947368421056937,10,0,ema_ribbon_bounce_short,1.1564672047432727,SL,2025-11-10 12:00:00+00:00,-5.072047432728155,-726.9213848009532,90,False
2025-11-10 23:45:00+00:00,21,EUR_USD,SHORT,1.1554,1.1562648149772943,1.1549453470792943,1.1549453470792943,1.1549453470792943,832145.83,4,NY,1.5,0.00035232646035291874,29.708962074468413,45.22660898966892,1.155943192233385,1.1552857184146736,-4.453519599658673,False,-2.3855600639504213e-05,37.87878787880107,-2.9319223338486466,0.9230769230764633,23,0,ema_ribbon_bounce_short,1.1549453470792943,TP3,2025-11-11 01:00:00+00:00,4.546529261692989,378.33753660907996,75,True
2025-11-11 23:00:00+00:00,21,EUR_USD,SHORT,1.15803,1.1581096614487936,1.1575358353060332,1.1575358353060332,1.1575358353060332,9081375.74,4,NY,1.5,0.00037208234698334953,23.49511697713822,43.31491832622512,1.158396127032559,1.1567903683571779,-2.490577032387975,False,-4.0413871794382704e-05,68.18430407438426,-1.1612703255892143,0.9032258064517054,23,1,ema_ribbon_bounce_short,1.1581096614487936,SL,2025-11-11 23:15:00+00:00,-0.7966144879367753,-723.4355484881554,15,False
2025-11-14 19:30:00+00:00,21,EUR_USD,SHORT,1.16142,1.1629874543058967,1.1605406095367363,1.1605406095367363,1.1605406095367363,456919.98,3,NY,1.5,0.0005646952316318666,25.062282244731847,45.797688226444464,1.1623031395834256,1.1616692319802104,-8.848961920728815,False,7.436759735799791e-05,79.34952711438292,-6.331395834255904,0.46153846153865863,19,4,ema_ribbon_bounce_short,1.1605406095367363,TP3,2025-11-17 00:15:00+00:00,8.793904825096236,401.8110816804876,3165,True
2025-11-18 11:45:00+00:00,21,EUR_USD,SHORT,1.15828,1.1599720269114882,1.1573957452802595,1.1573957452802595,1.1573957452802595,425654.76,4,LONDON,1.5,0.0005371273598703119,34.8891854318523,43.287730406967434,1.1591182657122199,1.1599496244705088,-6.798251358008933,False,-6.681604422403614e-05,59.659442724462735,-6.482657122197644,0.40740740740720943,11,1,ema_ribbon_bounce_short,1.1599720269114882,SL,2025-11-18 13:15:00+00:00,-16.92026911488176,-720.2193089230408,90,False
2025-11-18 18:45:00+00:00,21,EUR_USD,SHORT,1.15794,1.159711114104765,1.1569563402135772,1.1569563402135772,1.1569563402135772,402581.13,4,NY,1.5,0.0006168298932113913,37.09805164020566,46.898335843136174,1.1587310787009444,1.1596417421813414,-8.184846543664026,False,1.792791278298569e-05,88.80019351717608,-5.4107870094433075,0.6444444444441374,18,1,ema_ribbon_bounce_short,1.15787,TIME,2025-11-19 02:45:00+00:00,0.700000000000145,28.180679100005836,480,True
2025-11-21 02:45:00+00:00,21,EUR_USD,LONG,1.1538000000000002,1.1527934546265637,1.1543834944810576,1.1543834944810576,1.1543834944810576,708660.47,3,ASIAN,1.5,0.00041674724052873406,27.77617262562544,55.6596559717542,1.1531075230090786,1.1542287304389343,6.939648304322699,False,4.728008957462058e-05,64.67661691542158,4.42476990921481,0.23809523809516256,2,4,ema_ribbon_bounce_long,1.1543834944810576,TP3,2025-11-21 06:15:00+00:00,5.834944892912003,413.499479023512,210,True
2025-11-21 13:00:00+00:00,21,EUR_USD,SHORT,1.1515799999999998,1.1539314580274718,1.1500592189893246,1.1500592189893246,1.1500592189893246,305101.73,3,OVERLAP,1.5,0.00085539050533772,41.18192867721277,44.95116776076397,1.152806274354575,1.1538445308439904,-8.481862429861042,False,1.2399039459278036e-05,82.9559168948476,-10.362743545750952,0.7391304347825982,13,4,ema_ribbon_bounce_short,1.1500592189893246,TP3,2025-11-21 15:45:00+00:00,15.207810605202567,463.992932515965,165,True
2025-11-21 17:00:00+00:00,21,EUR_USD,SHORT,1.1504699999999999,1.1533948900668836,1.1488589697584461,1.1488589697584461,1.1488589697584461,246872.13,4,NY,1.5,0.0009305151207769629,30.557904928193793,46.24233262864927,1.151851979663059,1.1534047922588708,-11.300624441024087,False,-6.027530026701919e-06,55.15330131651703,-11.319796630591128,0.29113924050624373,17,4,ema_ribbon_bounce_short,1.15063,TIME,2025-11-24 01:00:00+00:00,-1.6000000000016,-39.499540800039505,3360,False
2025-11-24 20:45:00+00:00,21,EUR_USD,SHORT,1.15197,1.1529598697862102,1.1512432036155396,1.1512432036155396,1.1512432036155396,729064.43,5,NY,1.5,0.0004883981922301814,21.9984055719074,45.451539703829134,1.1525669798227007,1.1526825251847277,-8.092541039457224,False,4.732974441557563e-05,15.48821548821636,-3.4697982270071037,0.2500000000001735,20,0,ema_ribbon_bounce_short,1.1529598697862102,SL,2025-11-25 01:30:00+00:00,-9.898697862102956,-721.6788514576311,285,False
2025-11-25 12:15:00+00:00,21,EUR_USD,LONG,1.1533700000000002,1.1520419613748887,1.1541606880359792,1.1541606880359792,1.1541606880359792,537982.89,3,LONDON,1.5,0.0004903440179895075,28.769201818204404,54.0569887739816,1.1526850502288701,1.152593214633541,0.5419055496824754,False,-8.69743855599231e-05,37.76571284170271,4.9494977112996,0.6607142857145123,12,1,ema_ribbon_bounce_long,1.1541606880359792,TP3,2025-11-25 12:30:00+00:00,7.9068805067619685,425.3766425912469,15,True
2025-11-26 10:45:00+00:00,21,EUR_USD,SHORT,1.15715,1.157466433576347,1.156046411525779,1.156046411525779,1.156046411525779,2271300.77,3,LONDON,1.5,0.0006467942371105326,42.03499612078406,43.58633600890295,1.1576832853209333,1.1555257071060232,-1.3512558446460154,False,-7.441888289677832e-05,54.59815546771924,-3.4328532093330644,0.4285714285713719,10,2,ema_ribbon_bounce_short,1.157466433576347,SL,2025-11-26 11:00:00+00:00,-3.164335763470305,-718.7158256108642,15,False
2025-11-27 12:00:00+00:00,21,EUR_USD,SHORT,1.1583299999999999,1.1593230863065784,1.157587855320842,1.157587855320842,1.157587855320842,716482.2,3,LONDON,1.5,0.00046607233957890763,23.584003017163045,46.537118678300224,1.1590157744429102,1.1578362123793824,0.640986020994383,False,8.490968670365107e-05,68.16479400750053,-4.957744429101574,0.36363636363691415,12,3,ema_ribbon_bounce_short,1.1593230863065784,SL,2025-11-27 13:30:00+00:00,-9.930863065785722,-711.5286617272899,90,False
2025-11-28 04:30:00+00:00,21,EUR_USD,SHORT,1.1584999999999999,1.1595488507255467,1.1579054316216346,1.1579054316216346,1.1579054316216346,671604.99,4,ASIAN,1.5,0.0004222841891826755,22.297938809411857,45.144541630343454,1.1591306077527657,1.1585237002695175,-1.0339069381837263,False,2.1103442941166673e-05,68.90064667842799,-3.806077527657159,0.850000000000111,4,4,ema_ribbon_bounce_short,1.1579054316216346,TP3,2025-11-28 07:45:00+00:00,5.945683872181931,399.3150957519907,195,True
2025-11-28 12:30:00+00:00,21,EUR_USD,SHORT,1.15661,1.1589791174236876,1.1554202908159141,1.1554202908159141,1.1554202908159141,299017.06,4,LONDON,1.5,0.0006898545920429426,35.3734374396764,45.86000907631949,1.1577393367364088,1.158225674323992,-1.536089067406543,False,9.685689780517838e-05,79.42609358495837,-9.393367364087801,0.5714285714283902,12,4,ema_ribbon_bounce_short,1.1589791174236876,SL,2025-11-28 15:30:00+00:00,-23.691174236877277,-708.4065268258787,180,False
2025-12-04 07:15:00+00:00,21,EUR_USD,SHORT,1.1654499999999999,1.1659507886090124,1.1650453321273975,1.1650453321273975,1.1650453321273975,1400436.14,3,ASIAN,1.5,0.0003273339363012629,24.73790334414327,45.14087614600552,1.1659989718853958,1.164467470137531,-3.37673611233269,False,3.2506803333165035e-05,56.38888888888303,-2.9897188539584896,0.02777777777796624,7,3,ema_ribbon_bounce_short,1.1659507886090124,SL,2025-12-04 07:45:00+00:00,-5.0078860901248134,-701.3224665614085,30,False
2025-12-04 15:30:00+00:00,21,EUR_USD,LONG,1.16758,1.165639298962998,1.1687970561963636,1.1687970561963636,1.1687970561963636,357762.08,5,OVERLAP,1.5,0.0007035280981818577,28.31742760324183,54.670015053951715,1.1667997890911208,1.1652134877811269,3.324785408358455,False,-6.311195586337857e-06,66.57133323799604,5.902109088791185,0.48148148148135966,15,3,ema_ribbon_bounce_long,1.165639298962998,SL,2025-12-04 16:30:00+00:00,-19.407010370020572,-694.309239656013,60,False
2025-12-05 18:30:00+00:00,21,EUR_USD,SHORT,1.16407,1.1656912208007437,1.163084334436753,1.163084334436753,1.163084334436753,423980.59,3,NY,1.5,0.0006178327816234755,20.70095845586455,47.64593536538965,1.1647641471183257,1.165066327005022,-4.524979300042364,False,5.3973881998638316e-05,69.88550901595143,-4.441471183256329,0.19354838709658934,18,4,ema_ribbon_bounce_short,1.16514,TIME,2025-12-08 02:30:00+00:00,-10.700000000001264,-453.65923130005365,3360,False
2025-12-08 10:30:00+00:00,21,EUR_USD,SHORT,1.1647299999999998,1.1656381558274471,1.163904842822622,1.163904842822622,1.163904842822622,751885.89,4,LONDON,1.5,0.0005075785886890164,15.367364148179979,43.88516242524643,1.1652381630361555,1.1650676831644518,-3.3421976906944373,False,-0.00010552231882436015,43.22820037104779,-3.1816303615550545,0.4285714285715041,10,0,ema_ribbon_bounce_short,1.1656381558274471,SL,2025-12-08 13:00:00+00:00,-9.081558274472988,-682.8295525788988,150,False
2025-12-09 11:15:00+00:00,21,EUR_USD,SHORT,1.1638399999999998,1.1649026681273482,1.162981056557759,1.162981056557759,1.162981056557759,636135.82,3,LONDON,1.5,0.0005244717211204867,25.59082603703074,44.180024287835025,1.1643717291203661,1.1645247691174563,-4.937285243531431,False,-8.129500773215414e-05,17.273457888128988,-3.417291203662298,0.22413793103441015,11,1,ema_ribbon_bounce_short,1.162981056557759,TP3,2025-12-09 13:15:00+00:00,8.589434557433169,546.4046995529086,120,True
2025-12-09 17:15:00+00:00,21,EUR_USD,SHORT,1.16254,1.1647235590650151,1.1613412655169653,1.1613412655169653,1.1613412655169653,312089.25,5,NY,1.5,0.0007243672415173446,24.767860772841995,43.789346914602916,1.1637491142136762,1.1642839430732244,-8.571619183517232,False,4.305651169972388e-05,44.16938540983596,-9.591142136762265,0.7922077922078559,17,1,ema_ribbon_bounce_short,1.16245,TIME,2025-12-10 01:15:00+00:00,0.8999999999992346,28.088032499976116,480,True
2025-12-12 03:30:00+00:00,21,EUR_USD,SHORT,1.17325,1.1728180526733338,1.17271795609232,1.17271795609232,1.17271795609232,1578308.62,4,ASIAN,1.5,0.0003910219538399441,25.20577647200212,43.51685101967526,1.173672902007802,1.1701637339847992,2.18545255258773,False,-3.9371855298965834e-05,53.154960981053414,-1.729020078020671,0.5263157894732536,3,4,ema_ribbon_bounce_short,1.1728180526733338,SL,2025-12-12 03:45:00+00:00,4.319473266660711,681.746189063016,15,True
2025-12-14 22:45:00+00:00,21,EUR_USD,SHORT,1.17336,1.1738790681249809,1.1726033221026553,1.1726033221026553,1.1726033221026553,1326538.11,3,NY,1.5,0.0005033389486723843,30.477507845083707,45.81700774381182,1.1737445939787212,1.1719950144645723,0.5879332075031662,False,-0.00010489436803343668,52.66423145561012,-1.3459397872117584,0.20833333333375736,22,6,ema_ribbon_bounce_short,1.1738790681249809,SL,2025-12-14 23:00:00+00:00,-5.190681249809258,-688.5636494734413,15,False
2025-12-15 20:00:00+00:00,21,EUR_USD,LONG,1.17514,1.173843747574842,1.1758772907562753,1.1758772907562753,1.1758772907562753,525883.69,4,NY,1.5,0.0004936453781376686,30.761728302330734,51.323257580134715,1.1746993754927884,1.1733834259883928,-2.189001160222137,False,-3.715734084136404e-05,93.25600325600296,1.9062450721163415,0.04000000000024869,20,0,ema_ribbon_bounce_long,1.1758772907562753,TP3,2025-12-16 03:00:00+00:00,7.372907702953008,387.7291908858352,420,True
2025-12-16 11:30:00+00:00,21,EUR_USD,LONG,1.1760700000000002,1.1745025604913548,1.176954748073741,1.176954748073741,1.176954748073741,437372.74,5,LONDON,1.5,0.0005373740368704458,18.19802976863392,56.30009747983766,1.1753234138846915,1.1742690389189934,3.161573634913317,False,1.7163569497121334e-05,45.15151515152275,5.565861153085105,0.8125000000001734,11,1,ema_ribbon_bounce_long,1.176954748073741,TP3,2025-12-16 12:15:00+00:00,8.847480939695348,386.9646980692329,45,True
2025-12-16 17:00:00+00:00,21,EUR_USD,LONG,1.1778000000000002,1.1749413618169118,1.1794522398817968,1.1794522398817968,1.1794522398817968,241172.51,5,NY,1.5,0.0009511199408983474,26.50157186777433,53.76060205560641,1.1765691880903877,1.1748919752518203,5.3556310209978975,False,-0.00017090269327605035,54.07946691958307,9.808119096124113,0.7647058823529719,17,1,ema_ribbon_bounce_long,1.1749413618169118,SL,2025-12-16 18:15:00+00:00,-28.58638183088402,-689.4249457972695,75,False
2025-12-16 19:45:00+00:00,21,EUR_USD,SHORT,1.1755099999999998,1.1767789406335714,1.1739002475194489,1.1739002475194489,1.1739002475194489,537874.42,3,NY,1.5,0.0009298762402755144,33.9592535859353,46.45986562428486,1.1762378979057908,1.1749751620310094,-10.564429940762565,False,-0.00016491514045851522,77.16791419195458,-4.778979057908916,0.15517241379334767,19,1,ema_ribbon_bounce_short,1.1739002475194489,TP3,2025-12-17 02:15:00+00:00,16.097525104789877,865.8446979174296,390,True
2025-12-17 19:45:00+00:00,21,EUR_USD,LONG,1.1747400000000001,1.173305420706428,1.175594486636877,1.175594486636877,1.175594486636877,481806.17,5,NY,1.5,0.0005522433184385328,27.40701930226049,54.804821514687504,1.1738001238015734,1.174048041042371,12.564173319822292,False,-0.00015307748788699496,34.554802370906984,6.898761984266422,0.7749999999997363,19,2,ema_ribbon_bounce_long,1.17392,TIME,2025-12-18 03:45:00+00:00,-8.20000000000043,-395.08105940002065,480,False
2025-12-18 20:45:00+00:00,21,EUR_USD,SHORT,1.17194,1.1737581229308456,1.170889020843252,1.170889020843252,1.170889020843252,377993.33,3,NY,1.5,0.0006504895783739597,16.156313111097717,45.271870404117294,1.1727659982705991,1.1734848210853537,-8.176435140478944,False,2.827029040393435e-05,50.82086167799514,-5.759982705990652,0.6964285714285077,20,3,ema_ribbon_bounce_short,1.17177,TIME,2025-12-19 04:45:00+00:00,1.7000000000000346,64.25886610000131,480,True
2025-12-19 10:15:00+00:00,21,EUR_USD,SHORT,1.1712699999999998,1.172785306830018,1.1703992365178204,1.1703992365178204,1.1703992365178204,453954.88,3,LONDON,1.5,0.0005303817410898061,20.39960503682402,48.454817107634916,1.1718161496058843,1.1728164216473187,1.7533259848634408,False,5.850611522844785e-05,61.039426523296356,-3.561496058843705,0.27500000000016656,10,4,ema_ribbon_bounce_short,1.1703992365178204,TP3,2025-12-19 13:15:00+00:00,8.70763501361123,395.2873407687684,180,True
2025-12-19 19:45:00+00:00,21,EUR_USD,LONG,1.1726,1.171489457030899,1.1734473335547149,1.1734473335547149,1.1734473335547149,622968.96,4,NY,1.5,0.0005486667773574805,16.04787771409924,55.84585006407636,1.1718824505260779,1.172500740800474,6.576331180130346,False,1.3452215058952355e-05,54.6084500923227,4.675494739221353,0.6851851851851699,19,4,ema_ribbon_bounce_long,1.171489457030899,SL,2025-12-19 20:45:00+00:00,-11.105429691011803,-691.8337984962744,60,False
2025-12-21 22:15:00+00:00,21,EUR_USD,SHORT,1.17091,1.1724448410906703,1.1701109300403953,1.1701109300403953,1.1701109300403953,446245.2,5,NY,1.5,0.0005245349798023148,35.549210848548014,43.11153649123167,1.1717145187732367,1.1723956099650357,-5.058175501031492,False,-8.69098260031069e-05,59.13532269258051,-5.5451877323675625,0.654545454545506,22,6,ema_ribbon_bounce_short,1.17168,TIME,2025-12-22 06:15:00+00:00,-7.7000000000015945,-343.6088040000712,480,False
2025-12-23 17:00:00+00:00,21,EUR_USD,SHORT,1.1770699999999998,1.1777943435758425,1.175982560609568,1.175982560609568,1.175982560609568,940823.39,4,NY,1.5,0.0006687196952159506,37.392056290145476,42.59647147859237,1.1778884043699627,1.175797677957015,-9.71863377878135,False,-3.0283389649679907e-05,52.249701754858826,-5.684043699627495,0.3750000000001487,17,1,ema_ribbon_bounce_short,1.1777943435758425,SL,2025-12-23 18:45:00+00:00,-7.24343575842612,-681.4793785489684,105,False
2025-12-24 11:30:00+00:00,21,EUR_USD,SHORT,1.17902,1.1793557885889032,1.1782311831979748,1.1782311831979748,1.1782311831979748,2009194.49,3,LONDON,1.5,0.0004894084010126173,22.807302097657875,45.58580256097721,1.1793670456660366,1.1776411452812534,-1.3566387324304152,False,-1.8665441402948675e-05,37.96713942493219,-1.5704566603647052,0.6388888888885119,11,2,ema_ribbon_bounce_short,1.1782311831979748,TP3,2025-12-24 14:15:00+00:00,7.888168059511735,1584.886380136497,165,True
2025-12-24 17:30:00+00:00,21,EUR_USD,SHORT,1.17787,1.1790937285416925,1.177190883364586,1.177190883364586,1.177190883364586,564270.12,3,NY,1.5,0.00046455831770693764,38.51575454542587,44.994036269252724,1.1786416552335235,1.1777757639775233,-5.631165809438787,False,4.7712948789828164e-05,71.92509363296203,-5.216552335234326,0.05000000000033307,17,2,ema_ribbon_bounce_short,1.177190883364586,TP3,2025-12-24 22:00:00+00:00,6.791166474491787,383.2052321501458,270,True
2025-12-26 03:30:00+00:00,21,EUR_USD,LONG,1.1789800000000001,1.1777222145932689,1.1796578619849771,1.1796578619849771,1.1796578619849771,552038.12,5,ASIAN,1.5,0.00046393099248849957,15.217993178287232,54.115756358891765,1.1782491863085798,1.1778749826582076,2.343934205319975,False,-1.0171609069358541e-05,48.83597883597571,4.808136914202787,0.14705882352971908,3,4,ema_ribbon_bounce_long,1.1777222145932689,SL,2025-12-26 06:30:00+00:00,-12.57785406731271,-694.3454912953662,180,False
2025-12-26 09:00:00+00:00,21,EUR_USD,SHORT,1.1770599999999998,1.1785939910658176,1.1761386585892653,1.1761386585892653,1.1761386585892653,448113.46,4,LONDON,1.5,0.0005556707053673494,32.142838003262725,43.473723168200785,1.177936224997103,1.1778600767856395,0.43084515529479006,False,-4.574679548031415e-05,61.426561885122226,-6.862249971031353,0.7924528301886318,9,4,ema_ribbon_bounce_short,1.1785939910658176,SL,2025-12-26 13:00:00+00:00,-15.339910658178633,-687.4020441127306,240,False
2025-12-29 13:15:00+00:00,21,EUR_USD,SHORT,1.1760199999999998,1.1778902626634136,1.1748559885395444,1.1748559885395444,1.1748559885395444,363867.62,3,OVERLAP,1.5,0.0006770057302277822,21.38499774235373,44.52590623186507,1.1769563168538346,1.1774308128326507,-7.812184569087055,False,-7.503315236789858e-05,58.91035733249208,-7.4631685383463875,0.6400000000000237,13,0,ema_ribbon_bounce_short,1.1778902626634136,SL,2025-12-29 14:30:00+00:00,-18.702626634137243,-680.528024111213,75,False
2025-12-30 01:30:00+00:00,21,EUR_USD,LONG,1.17755,1.1766022978859683,1.1780512313414504,1.1780512313414504,1.1780512313414504,710901.38,5,ASIAN,1.5,0.00037561567072517894,13.540828112894152,55.70977144420339,1.1769032637714256,1.1771920949348185,3.794625984319122,False,-1.429971693028877e-05,38.271604938290615,3.967362285743903,0.8064516129034106,1,1,ema_ribbon_bounce_long,1.1766022978859683,SL,2025-12-30 08:00:00+00:00,-9.47702114031834,-673.7227406941483,390,False
2025-12-30 10:30:00+00:00,21,EUR_USD,LONG,1.1777600000000001,1.1766332847076957,1.1786039256714373,1.1786039256714373,1.1786039256714373,591973.43,4,LONDON,1.5,0.0005169628357186356,21.58348939546576,54.028900639942975,1.177203509799279,1.1772314749052315,4.1055971962444815,False,3.82620541974674e-05,67.0450331432799,3.6649020072099248,0.7209302325583317,10,1,ema_ribbon_bounce_long,1.1766332847076957,SL,2025-12-30 11:45:00+00:00,-11.267152923044586,-666.9855162189231,75,False
2025-12-30 17:15:00+00:00,21,EUR_USD,SHORT,1.17552,1.177353019007584,1.1745095527825615,1.1745095527825615,1.1745095527825615,360233.94,5,NY,1.5,0.0006302236087191835,17.123130268374773,45.50443353400316,1.1764597965950143,1.1769763060927747,-5.5118555528599344,False,7.533220645339648e-05,54.34096022461569,-6.897965950143359,0.6666666666666666,17,1,ema_ribbon_bounce_short,1.1745095527825615,TP3,2025-12-30 19:45:00+00:00,10.10447245488121,363.9973924043331,150,True
