timestamp,strategy_id,pair,signal_direction,entry_price,sl_price,tp1_price,tp2_price,tp3_price,lot_size,confluence_score,session,spread_at_entry,atr_at_entry,adx_at_entry,rsi_at_entry,ema_50_value,ema_200_value,vwap_deviation,news_within_60min,macd_hist_at_entry,stoch_k_at_entry,distance_from_ema50_pips,candle_body_ratio,hour_of_day,day_of_week,entry_pattern,exit_price,exit_reason,exit_time,pnl_pips,pnl_dollars,hold_time_minutes,win
2021-01-06 21:00:00+00:00,21,GBP_JPY,SHORT,140.189,140.2840008830954,139.9810507753298,139.9810507753298,139.9810507753298,10526.22,4,NY,2.5,0.12147461233509588,24.965233919130082,45.08701896030411,140.24496552842382,140.15410757195343,-1.0478137486416017,False,-0.027606179849102724,33.08315924311822,-2.0965528423829483,0.13793103448245447,21,2,ema_ribbon_bounce_short,140.2840008830954,SL,2021-01-06 21:30:00+00:00,-9.500088309539478,-1000.0001956564064,30,False
2021-01-07 05:45:00+00:00,21,GBP_JPY,SHORT,140.168,140.3077232800681,140.0218903473029,140.0218903473029,140.0218903473029,7085.43,4,ASIAN,2.5,0.09055482634855375,22.27981720021508,45.41620109470992,140.26183133861434,140.1890436552465,-4.405105126343756,False,-0.007692040149696974,29.397432008901305,-5.883133861433976,0.13235294117629848,5,3,ema_ribbon_bounce_short,140.3077232800681,SL,2021-01-07 07:00:00+00:00,-13.972328006809676,-989.9995202928949,75,False
2021-01-07 18:00:00+00:00,21,GBP_JPY,LONG,140.83599999999998,140.40620800470097,141.05895880122333,141.05895880122333,141.05895880122333,2280.41,4,NY,2.5,0.1289794006116648,15.797551247966885,52.910377550946464,140.6819434226523,140.39079509062702,2.774747829869284,False,-0.015222398096382764,64.60651507820724,11.905657734769193,0.7499999999998224,18,3,ema_ribbon_bounce_long,140.788,TIME,2021-01-08 02:00:00+00:00,-4.79999999999734,-109.45967999993933,480,False
2021-01-08 17:00:00+00:00,21,GBP_JPY,LONG,141.19,140.83270442486108,141.40338314981435,141.40338314981435,141.40338314981435,2740.04,4,NY,2.5,0.1241915749071783,21.810787423880587,53.370142885638295,141.06896753462172,140.76129809766167,2.4330405211941297,False,-0.004692040237244144,85.92962224497815,8.603246537828113,0.4563106796115835,17,4,ema_ribbon_bounce_long,140.83270442486108,SL,2021-01-10 22:00:00+00:00,-35.72955751389202,-979.0041677036469,3180,False
2021-01-11 21:30:00+00:00,21,GBP_JPY,LONG,140.88,140.63858779023667,141.00354127081997,141.00354127081997,141.00354127081997,4014.77,4,NY,2.5,0.07927063540997922,26.148374098872086,58.357691117801195,140.7193205172761,140.71533682194053,27.983727598515884,False,-0.01720753623960447,47.54211512061149,12.56794827239105,0.593023255813723,21,0,ema_ribbon_bounce_long,141.00354127081997,TP3,2021-01-12 01:00:00+00:00,12.354157853690262,495.99102326260055,210,True
2021-01-13 22:00:00+00:00,21,GBP_JPY,SHORT,141.616,141.80910798748195,141.49932607780605,141.49932607780605,141.49932607780605,5044.72,4,NY,2.5,0.0758369610969886,24.302379027647756,46.9712681528504,141.73251884439173,141.57201622302776,-23.66737125636007,False,0.016295614598783495,63.37048294495879,-8.151884439172363,0.19767441860490478,22,2,ema_ribbon_bounce_short,141.80910798748195,SL,2021-01-14 00:30:00+00:00,-19.310798748193747,-974.1757266098797,150,False
2021-01-14 06:00:00+00:00,21,GBP_JPY,LONG,141.906,141.6826163030079,142.03177671461916,142.03177671461916,142.03177671461916,4317.39,4,ASIAN,2.5,0.08038835730957958,26.31689160825089,55.88263930006016,141.7852309200629,141.63193748527553,0.6041107914626309,False,-0.010292433536662836,50.52593139472774,8.576907993710847,0.5666666666670035,6,3,ema_ribbon_bounce_long,142.03177671461916,TP3,2021-01-14 07:45:00+00:00,12.577700594496145,543.0283876967171,105,True
2021-01-14 10:00:00+00:00,21,GBP_JPY,LONG,141.993,141.71241991341253,142.17345160765814,142.17345160765814,142.17345160765814,3456.64,4,LONDON,2.5,0.10472580382906595,27.009142576693684,53.70891448893826,141.8686324666021,141.6804498148211,-5.22159300781766,False,-0.012440179590355593,42.26957701767745,9.536753339790494,0.33333333333303256,10,3,ema_ribbon_bounce_long,141.966,TIME,2021-01-14 18:00:00+00:00,-2.699999999998681,-93.32927999995441,480,False
2021-01-15 04:00:00+00:00,21,GBP_JPY,SHORT,141.93200000000002,142.020325649786,141.82741978460317,141.82741978460317,141.82741978460317,10969.98,3,ASIAN,2.5,0.06979010769843072,25.296862171769668,45.50529135573038,141.99320163282707,141.83730751675495,-0.8446588108114383,False,-0.002962396013718628,26.644632792736644,-2.6201632827053345,0.01923076923086383,4,4,ema_ribbon_bounce_short,141.82741978460317,TP3,2021-01-15 06:15:00+00:00,10.45803107299467,1147.2439171013007,135,True
2021-01-18 23:00:00+00:00,21,GBP_JPY,LONG,140.881,140.78861256623537,140.9561977559509,140.9561977559509,140.9561977559509,10611.86,4,NY,2.5,0.05509887797544715,28.17944802858779,55.261435372689895,140.78519237516062,141.05058470715255,18.45161048302657,False,-0.010189749513887195,50.297619047620536,6.080762483938429,0.5319148936171757,23,0,ema_ribbon_bounce_long,140.78861256623537,SL,2021-01-18 23:30:00+00:00,-9.238743376462821,-980.4025128695076,30,False
2021-01-21 12:15:00+00:00,21,GBP_JPY,LONG,141.933,141.59027373649639,142.11571033172896,142.11571033172896,142.11571033172896,2831.99,5,LONDON,2.5,0.1058551658644845,20.992498644786206,52.55996692524745,141.77892573536522,141.6055826318534,-7.049869106444362,False,-0.02521897440454933,23.076129298557124,12.5074264634776,0.5199999999999091,12,3,ema_ribbon_bounce_long,142.11571033172896,TP3,2021-01-21 14:00:00+00:00,18.271097689484865,517.4356594564424,105,True
2021-01-22 04:15:00+00:00,21,GBP_JPY,SHORT,141.991,142.0218595355676,141.9058011373074,141.9058011373074,141.9058011373074,31619.83,4,ASIAN,2.5,0.0600994313462987,24.474876719686698,46.42481752403301,142.04061359711326,141.82193502477884,-1.2742155626625618,False,-0.005419294400164101,78.24579124578862,-1.4613597113253718,0.6499999999994316,4,4,ema_ribbon_bounce_short,142.0218595355676,SL,2021-01-22 04:30:00+00:00,-3.085953556757204,-975.7732685255814,15,False
2021-01-22 11:15:00+00:00,21,GBP_JPY,SHORT,141.63400000000001,141.99057706275804,141.44935253350482,141.44935253350482,141.44935253350482,2709.14,4,LONDON,2.5,0.10682373324759153,25.22053534184431,42.67294407999879,141.85331206981505,141.81390072923108,-2.8396963483629634,False,0.006796627521537174,67.2969955021317,-19.0312069815036,0.8854166666664199,11,4,ema_ribbon_bounce_short,141.99057706275804,SL,2021-01-22 16:45:00+00:00,-35.65770627580207,-966.0171838002642,330,False
2021-01-24 22:15:00+00:00,21,GBP_JPY,LONG,142.049,141.8305369900779,142.16915628328178,142.16915628328178,142.16915628328178,4377.65,4,NY,2.5,0.0775781416408893,33.4365591351991,54.30406534718797,141.93393940414987,141.8485146885453,22.272123197086557,False,-0.014307963651410446,44.42982456140995,8.006059585014214,0.4032258064516277,22,6,ema_ribbon_bounce_long,142.16915628328178,TP3,2021-01-25 02:45:00+00:00,12.015655775845161,526.0033550712857,270,True
2021-01-25 11:30:00+00:00,21,GBP_JPY,LONG,142.17,141.95685390900528,142.3168301874767,142.3168301874767,142.3168301874767,4511.53,5,LONDON,2.5,0.08791509373836497,29.41331057604211,52.998222724879156,142.09356297550892,141.9588435603567,8.021807771854128,False,0.010661391745114473,81.70995670995819,4.743702449107445,0.36538461538422645,11,0,ema_ribbon_bounce_long,141.95685390900528,SL,2021-01-25 12:30:00+00:00,-21.314609099471227,-961.6149839053742,60,False
2021-01-25 14:00:00+00:00,21,GBP_JPY,SHORT,141.957,142.12440694456274,141.80716793775647,141.80716793775647,141.80716793775647,5686.74,3,OVERLAP,2.5,0.08941603112176176,22.046122780080363,44.52490624173018,142.05917055000387,141.96196574300367,-5.120625829687242,False,-0.005429066216549129,41.700854700852226,-7.317055000387995,0.06451612903212497,14,0,ema_ribbon_bounce_short,141.80716793775647,TP3,2021-01-25 15:30:00+00:00,14.983232571971469,852.0574799633303,90,True
2021-01-25 17:45:00+00:00,21,GBP_JPY,SHORT,141.834,142.0897182758507,141.6687083711263,141.6687083711263,141.6687083711263,3756.16,4,NY,2.5,0.10014581443684256,28.324206694243944,46.420625590643105,141.96821541095207,141.94790117300684,-8.601054074893,False,0.011080014662556023,79.31189597866566,-9.921541095206976,0.976470588235184,17,0,ema_ribbon_bounce_short,141.806,TIME,2021-01-26 01:45:00+00:00,2.7999999999991587,105.1724799999684,480,True
2021-01-27 17:00:00+00:00,21,GBP_JPY,LONG,142.623,142.2363563775259,142.84145926253404,142.84145926253404,142.84145926253404,2486.97,5,NY,2.5,0.1267296312670205,27.855080047475408,57.04242440148598,142.44514955599413,142.22535498956722,14.970260347578801,False,0.020986172390312544,40.195378319826666,14.285044400585889,0.690789473684074,17,2,ema_ribbon_bounce_long,142.84145926253404,TP3,2021-01-27 19:00:00+00:00,21.846014094940518,543.3038167369422,120,True
2021-01-27 22:15:00+00:00,21,GBP_JPY,SHORT,142.448,142.55296375663067,142.26891249445544,142.26891249445544,142.26891249445544,9212.75,4,NY,2.5,0.1070437527722784,22.631052227989862,45.498081729416185,142.53016743317298,142.29812655193263,-0.6840054400100826,False,-0.021350753753180685,47.904191616762176,-4.716743317297301,0.8909090909091003,22,2,ema_ribbon_bounce_short,142.55296375663067,SL,2021-01-28 01:00:00+00:00,-10.496375663066715,-967.0048488991788,165,False
2021-01-28 02:45:00+00:00,21,GBP_JPY,LONG,142.635,142.37122110722723,142.79139954368196,142.79139954368196,142.79139954368196,3629.31,5,ASIAN,2.5,0.09569977184098831,21.21907878857839,54.51564597681653,142.52636400482933,142.3333061795105,10.69790543468514,False,0.016106076997254595,48.55675675674606,7.363599517066177,0.4507042253518759,2,3,ema_ribbon_bounce_long,142.37122110722723,SL,2021-01-28 07:30:00+00:00,-26.377889277276267,-957.3353733291153,285,False
2021-01-29 19:45:00+00:00,21,GBP_JPY,SHORT,143.479,143.48647233815777,143.2788354091057,143.2788354091057,143.2788354091057,126835.96,4,NY,2.5,0.11758229544715373,13.769507363190977,44.45364535754687,143.5354485867984,143.0910807598963,-4.792163761516122,False,-0.01334760252339945,33.444132686427686,-2.144858679838535,0.6804123711341867,19,4,ema_ribbon_bounce_short,143.48647233815777,SL,2021-01-29 20:00:00+00:00,-0.7472338157754166,-947.7611836833811,15,False
2021-02-01 00:30:00+00:00,21,GBP_JPY,SHORT,143.381,143.51150539050704,143.21119950456946,143.21119950456946,143.21119950456946,7189.62,4,ASIAN,2.5,0.10240024771527056,22.77046081912034,43.08579090969465,143.51345981976985,143.1613240736116,-13.800894856103696,False,-0.006722385031306809,40.617188586108085,-9.745981976985263,0.8482142857143151,0,0,ema_ribbon_bounce_short,143.51150539050704,SL,2021-02-01 00:45:00+00:00,-13.050539050703945,-938.284165697221,15,False
2021-02-01 18:30:00+00:00,21,GBP_JPY,SHORT,143.481,143.7186456456943,143.32740749503859,143.32740749503859,143.32740749503859,3908.76,4,NY,2.5,0.09429625248070467,26.700034854154097,42.2880556046995,143.64404727904807,143.44270515085609,-19.687810514858484,False,0.01679314841023543,56.675980554414586,-12.804727904807578,0.6176470588235724,18,0,ema_ribbon_bounce_short,143.32740749503859,TP3,2021-02-01 20:30:00+00:00,15.359289790573172,600.357775618008,120,True
2021-02-02 06:45:00+00:00,21,GBP_JPY,LONG,143.683,143.51152357619327,143.77035898151246,143.77035898151246,143.77035898151246,5452.09,5,ASIAN,2.5,0.06117949075623705,21.98801602777292,55.7866120075242,143.5779125927099,143.47585040698348,-0.20305667516140602,False,-0.00941775979857469,25.950942054748975,7.008740729008878,0.5217391304345677,6,1,ema_ribbon_bounce_long,143.77035898151246,TP3,2021-02-02 08:15:00+00:00,8.73591417427291,476.289903104116,90,True
2021-02-03 03:00:00+00:00,21,GBP_JPY,LONG,143.581,143.43611000253793,143.67435477598005,143.67435477598005,143.67435477598005,6485.38,5,ASIAN,2.5,0.06417738799003189,12.309166107496434,55.161465952160974,143.49159101113446,143.48040156652854,7.992081036857712,False,0.0017334292404501753,54.35435435435423,5.440898886553214,0.2448979591836498,3,2,ema_ribbon_bounce_long,143.43611000253793,SL,2021-02-03 05:30:00+00:00,-14.488999746205875,-939.6666917404867,150,False
2021-02-04 10:30:00+00:00,21,GBP_JPY,SHORT,142.972,143.29579367421684,142.80869664314466,142.80869664314466,142.80869664314466,2873.03,4,LONDON,2.5,0.0961516784276703,25.062363130992548,47.016208940363605,143.10173393879066,143.29527190578318,4.2650677265072545,False,0.01360136068026533,51.408857169920594,-10.073393879065407,0.2886597938144058,10,3,ema_ribbon_bounce_short,143.29579367421684,SL,2021-02-04 12:00:00+00:00,-32.379367421683014,-930.2689398351796,90,False
2021-02-08 17:30:00+00:00,21,GBP_JPY,SHORT,144.52,144.70983480087526,144.38480945556574,144.38480945556574,144.38480945556574,4851.42,3,NY,2.5,0.08509527221713645,25.898921009037355,48.01921544150616,144.62247723922155,144.45494134717694,-4.8271755883178,False,0.010055307721486016,79.00167609469496,-6.7477239221545915,0.409090909090821,17,0,ema_ribbon_bounce_short,144.544,TIME,2021-02-09 01:30:00+00:00,-2.400000000000091,-116.43408000000441,480,False
2021-02-11 19:15:00+00:00,21,GBP_JPY,SHORT,144.632,144.8103647799941,144.5192749526238,144.5192749526238,144.5192749526238,5156.87,4,NY,2.5,0.07386252368809952,23.97115391732968,44.06943424366206,144.7336477681744,144.68925722482888,-7.073305912010142,False,0.00015666364487001636,59.1663637465046,-6.664776817439133,0.4259259259258382,19,3,ema_ribbon_bounce_short,144.5192749526238,TP3,2021-02-12 03:00:00+00:00,11.27252659682057,581.309542313461,465,True
2021-02-12 10:45:00+00:00,21,GBP_JPY,LONG,144.789,144.61677424471978,144.9200883814533,144.9200883814533,144.9200883814533,5374.44,4,LONDON,2.5,0.0800441907266511,23.131033014704514,53.8116725432627,144.7012161197665,144.6818497472143,-4.578891728286294,False,-0.0023462595163261865,15.72184429327073,5.878388023347725,0.06451612903258339,10,4,ema_ribbon_bounce_long,144.9200883814533,TP3,2021-02-12 12:30:00+00:00,13.108862536408285,704.5279517017415,105,True
2021-02-17 03:45:00+00:00,21,GBP_JPY,SHORT,147.093,147.11488162549384,146.97739423237496,146.97739423237496,146.97739423237496,42623.06,4,ASIAN,2.5,0.07530288381250928,33.10170032235497,43.51344925147775,147.17391671108692,146.681767548513,12.243989212416295,False,-0.004998472599790901,51.36166516301108,-4.591671108693163,0.16326530612262655,3,2,ema_ribbon_bounce_short,147.11488162549384,SL,2021-02-17 04:00:00+00:00,-2.1881625493847423,-932.6618363217883,15,False
2021-02-17 05:30:00+00:00,21,GBP_JPY,SHORT,147.059,147.11387638716258,146.95977626837907,146.95977626837907,146.95977626837907,16825.73,3,ASIAN,2.5,0.06711186581046048,27.6940735991413,43.235801100197435,147.15433852850697,146.7097049467022,8.417350607606977,False,-0.00136386961040421,30.79307700456683,-6.033852850697485,0.16666666666650876,5,2,ema_ribbon_bounce_short,147.11387638716258,SL,2021-02-17 05:45:00+00:00,-5.487638716257948,-923.3352737730283,15,False
2021-02-22 10:15:00+00:00,21,GBP_JPY,LONG,148.148,147.7974214267435,148.35485904953825,148.35485904953825,148.35485904953825,2607.41,4,LONDON,2.5,0.11792952476912126,20.109955393711335,52.727252789803345,148.0329506703609,147.69131353947338,0.10160670401830885,False,0.004671401877957587,32.76450511945769,8.604932963910983,0.03846153846145437,10,0,ema_ribbon_bounce_long,147.7974214267435,SL,2021-02-22 14:00:00+00:00,-35.057857325648456,-914.1020776946904,225,False
2021-02-22 19:00:00+00:00,21,GBP_JPY,SHORT,147.81300000000002,147.99351499583676,147.6629333816536,147.6629333816536,147.6629333816536,5013.22,4,NY,2.5,0.09253330917320582,27.54403753833993,46.93673903201137,147.91373087724645,147.7513053736596,-6.752827701757269,False,0.017331359366033017,19.16803386751589,-6.573087724643756,0.5192307692305905,19,0,ema_ribbon_bounce_short,147.6629333816536,TP3,2021-02-23 01:00:00+00:00,15.006691768819179,752.3184730927969,360,True
2021-02-23 16:30:00+00:00,21,GBP_JPY,LONG,148.286,147.92881434143473,148.4880463231597,148.4880463231597,148.4880463231597,2554.65,5,OVERLAP,2.5,0.11552316157983905,17.694407830041197,53.736255331667934,148.14178263691286,147.9116080084654,4.387925968742934,False,-0.008341356042148584,50.61137692716553,11.521736308714026,0.03061224489811011,16,1,ema_ribbon_bounce_long,148.4880463231597,TP3,2021-02-23 19:15:00+00:00,20.20471140559916,516.159659923139,165,True
2021-02-26 18:15:00+00:00,21,GBP_JPY,LONG,148.75,148.37223259840206,149.20488623291334,149.20488623291334,149.20488623291334,2429.13,4,NY,2.5,0.24494311645666966,17.074745242917583,54.932830085210774,148.46675488174526,148.83611507514965,39.30871556011937,False,-0.012097310465522149,35.51181239042405,24.82451182547436,0.6686390532545036,18,4,ema_ribbon_bounce_long,148.37223259840206,SL,2021-02-26 21:45:00+00:00,-37.77674015979357,-917.6461282435937,210,False
2021-03-01 21:45:00+00:00,21,GBP_JPY,SHORT,148.623,148.8210574884547,148.46500164197255,148.46500164197255,148.46500164197255,4586.9,3,NY,2.5,0.09649917901372461,19.27509579528722,47.989299495096056,148.7031807753655,148.782093010873,-1.9379811382492562,False,-0.004644711906713163,47.91311459501642,-4.518077536550891,0.3584905660378573,21,0,ema_ribbon_bounce_short,148.8210574884547,SL,2021-03-01 23:45:00+00:00,-19.805748845470816,-908.4698937929008,120,False
2021-03-03 16:15:00+00:00,21,GBP_JPY,LONG,149.526,148.962238294324,149.86448375100395,149.86448375100395,149.86448375100395,1595.33,5,OVERLAP,2.5,0.18374187550196178,23.539281484396163,56.766479591261465,149.27100170686424,148.9984439888892,16.49871224876449,False,0.017841728068515812,82.88288288288292,22.599829313577402,0.6684210526316372,16,2,ema_ribbon_bounce_long,149.124,TIME,2021-03-04 00:15:00+00:00,-40.200000000001516,-641.3226600000243,480,False
2021-03-04 02:00:00+00:00,21,GBP_JPY,SHORT,149.138,149.29478193545899,148.99618384215287,148.99618384215287,148.99618384215287,5695.63,4,ASIAN,2.5,0.08840807892356158,17.148970628196405,45.95936009433816,149.24549193646655,149.08534575279114,-15.162357143981353,False,0.004919499281173641,67.97424930945942,-7.249193646654817,0.4067796610169818,2,3,ema_ribbon_bounce_short,149.29478193545899,SL,2021-03-04 02:45:00+00:00,-15.678193545898013,-892.971895058231,45,False
2021-03-04 11:15:00+00:00,21,GBP_JPY,LONG,149.60999999999999,149.20051755784837,149.84636086988291,149.84636086988291,149.84636086988291,2158.92,4,LONDON,2.5,0.13268043494146356,24.059111855233965,56.956682135264124,149.4178962157623,149.1944005486342,5.098639990535503,False,-0.0030103900819759555,69.8522006740118,16.310378423767702,0.5400000000000076,11,3,ema_ribbon_bounce_long,149.84636086988291,TP3,2021-03-04 13:30:00+00:00,23.636196469362144,510.2865728163532,135,True
2021-03-04 21:30:00+00:00,21,GBP_JPY,LONG,150.045,149.6130735548491,150.2697765344027,150.2697765344027,150.2697765344027,2058.56,4,NY,2.5,0.12988826720135524,29.885465658794597,50.37071014339802,149.93345805702617,149.48754087822994,-1.5932229520103647,False,-0.014973370159021962,92.1322122510537,7.654194297381878,0.6461538461538933,21,3,ema_ribbon_bounce_long,149.6130735548491,SL,2021-03-05 01:15:00+00:00,-43.19264451508786,-889.1465029297927,225,False
2021-03-05 05:30:00+00:00,21,GBP_JPY,LONG,150.09799999999998,149.73037496163025,150.2825807954151,150.2825807954151,150.2825807954151,2394.43,4,ASIAN,2.5,0.10979039770754943,29.512356658757774,55.01255665400443,149.95050636892643,149.61285165048452,5.890321665995657,False,0.012906469945572138,18.616504961258876,11.249363107356203,0.6071428571427702,5,4,ema_ribbon_bounce_long,150.2825807954151,TP3,2021-03-05 06:45:00+00:00,18.458156629083714,441.9676397737692,75,True
2021-03-08 00:15:00+00:00,21,GBP_JPY,LONG,150.119,149.7254347253734,150.38632116721053,150.38632116721053,150.38632116721053,2247.84,5,ASIAN,2.5,0.15116058360526222,31.495089218441485,55.70458050669597,149.91350584558924,149.7553182470841,28.289851466854543,False,0.004697047326826492,35.17748447351618,17.04941544107612,0.5337078651685411,0,0,ema_ribbon_bounce_long,149.7254347253734,SL,2021-03-08 03:30:00+00:00,-39.356527462661006,-884.6717669166792,195,False
2021-03-08 05:00:00+00:00,21,GBP_JPY,SHORT,149.778,149.99759271120763,149.59296044470693,149.59296044470693,149.59296044470693,3988.41,2,ASIAN,2.5,0.11001977764652364,35.484204456092534,44.28234930294556,149.90474153235158,149.78359070498357,-0.44813214181544936,False,-0.01841344117001631,62.360222743994235,-9.17415323515911,0.01041666666641995,5,0,ema_ribbon_bounce_short,149.99759271120763,SL,2021-03-08 06:00:00+00:00,-21.9592711207639,-875.8257653076595,60,False
2021-03-09 20:15:00+00:00,21,GBP_JPY,SHORT,150.754,150.883923943187,150.6116075828559,150.6116075828559,150.6116075828559,6673.66,3,NY,2.5,0.08869620857204287,28.48968336422894,46.14332279670708,150.8660888949394,150.5595153087092,-17.27840342248612,False,0.008945928997878105,86.40910224001082,-7.708889493940774,0.024390243901864166,20,1,ema_ribbon_bounce_short,150.6116075828559,TP3,2021-03-09 22:15:00+00:00,14.23926305089005,950.2800025220289,120,True
2021-03-09 22:45:00+00:00,21,GBP_JPY,SHORT,150.684,150.87534126775478,150.53009929167447,150.53009929167447,150.53009929167447,4581.19,3,NY,2.5,0.09445035416275405,17.360524361672223,46.32013832455236,150.8165780406057,150.57443196267073,-22.73532179174822,False,0.01093701663591596,48.051948051949005,-9.757804060569697,0.28169014084522265,22,1,ema_ribbon_bounce_short,150.87534126775478,SL,2021-03-09 23:15:00+00:00,-19.134126775477966,-876.570702425519,30,False
2021-03-10 05:00:00+00:00,21,GBP_JPY,LONG,150.926,150.72855110972336,151.04444114919275,151.04444114919275,151.04444114919275,4395.09,4,ASIAN,2.5,0.07672057459637993,31.774185349992756,55.60152791183683,150.83658952421743,150.63322661162215,-3.3571308074471062,False,0.006798564837714932,56.73820432441027,5.441047578256075,0.06349206349234993,5,2,ema_ribbon_bounce_long,150.72855110972336,SL,2021-03-10 06:15:00+00:00,-19.74488902766325,-867.8056431659247,75,False
2021-03-10 11:00:00+00:00,21,GBP_JPY,LONG,151.107,150.77352673383913,151.2891539733779,151.2891539733779,151.2891539733779,2576.3,5,LONDON,2.5,0.10557698668894776,19.48184467162349,56.83873986934702,150.9433024678057,150.7100762272079,1.9732542702968203,False,-0.004263971744231196,36.074759127831676,13.469753219430913,0.5774647887323662,11,2,ema_ribbon_bounce_long,150.77352673383913,SL,2021-03-10 13:00:00+00:00,-33.34732661608655,-859.1271756102378,120,False
2021-03-10 17:15:00+00:00,21,GBP_JPY,SHORT,150.808,151.00892264829196,150.5902281959725,150.5902281959725,150.5902281959725,4233.15,3,NY,2.5,0.12638590201374875,21.536860668357765,46.317766989532124,150.90672825792035,150.7496841913309,-8.228700065302519,False,-0.0008244315674276401,43.83372553657745,-6.3728257920359965,0.11764705882370152,17,2,ema_ribbon_bounce_short,151.00892264829196,SL,2021-03-10 18:15:00+00:00,-20.092264829196438,-850.535708617129,60,False
2021-03-11 10:30:00+00:00,21,GBP_JPY,LONG,151.388,151.05306020288532,151.56071450366107,151.56071450366107,151.56071450366107,2513.97,4,LONDON,2.5,0.10085725183053353,34.96379122095477,52.21636696592018,151.26909596935312,150.98129151092553,4.823976413211994,False,-0.019879624154285677,78.58551105613554,8.99040306468919,0.5974025974028803,10,3,ema_ribbon_bounce_long,151.56071450366107,TP3,2021-03-11 13:15:00+00:00,17.271519068002206,434.20080791385504,165,True
2021-03-12 10:45:00+00:00,21,GBP_JPY,SHORT,151.851,151.85811707340113,151.68916104001366,151.68916104001366,151.68916104001366,118921.37,3,LONDON,2.5,0.09541947999317354,24.457612182239565,45.16238437409915,151.90146292840603,151.50498073152886,-9.532370201472418,False,-0.019450980616296756,55.93526875637605,-2.1462928406037918,0.027027027027161973,10,4,ema_ribbon_bounce_short,151.85811707340113,SL,2021-03-12 11:00:00+00:00,-0.711707340113321,-846.372119253321,15,False
2021-03-15 09:45:00+00:00,21,GBP_JPY,LONG,152.052,151.79332187110535,152.18530400099462,152.18530400099462,152.18530400099462,3239.19,5,LONDON,2.5,0.08115200049730772,11.724781864088893,54.735119536548225,151.952592551266,151.7177913700843,0.3705106956800819,False,-0.004706700710074646,24.839685420448035,7.040744873398808,0.371428571428351,9,0,ema_ribbon_bounce_long,151.79332187110535,SL,2021-03-15 14:15:00+00:00,-25.867812889464403,-837.907608334242,270,False
2021-03-15 18:00:00+00:00,21,GBP_JPY,SHORT,151.578,151.89973593896147,151.40001354844424,151.40001354844424,151.40001354844424,2578.29,3,NY,2.5,0.10649322577788202,23.258384532987762,46.154468927565375,151.7522365397169,151.7186332979063,-15.407176328506011,False,0.02445677857824452,71.1398420700667,-13.923653971690442,0.46511627907024394,18,0,ema_ribbon_bounce_short,151.531,TIME,2021-03-16 02:00:00+00:00,4.6999999999997035,121.17962999999237,480,True
2021-03-16 22:00:00+00:00,21,GBP_JPY,LONG,151.484,151.32632357935086,151.59271525511843,151.59271525511843,151.59271525511843,5268.65,5,NY,2.5,0.07185762755921145,20.724096912797933,56.68983632365226,151.36239476236457,151.47990755529173,21.63079255602156,False,-0.011480949264243215,56.98890981377423,8.660523763543893,0.15000000000023686,22,1,ema_ribbon_bounce_long,151.59271525511843,TP3,2021-03-16 23:30:00+00:00,10.871546146209118,572.7837160322466,90,True
2021-03-17 03:45:00+00:00,21,GBP_JPY,LONG,151.561,151.3895134244172,151.64835511564425,151.64835511564425,151.64835511564425,4877.75,5,ASIAN,2.5,0.061177557822119345,26.773885260638274,52.16562090839919,151.46848331191987,151.492529485518,24.82150385282864,False,-0.012263240333782323,62.417973529091476,5.751668808014188,0.6595744680852736,3,2,ema_ribbon_bounce_long,151.64835511564425,TP3,2021-03-17 06:30:00+00:00,8.735529473319941,426.0972888848634,165,True
2021-03-18 16:15:00+00:00,21,GBP_JPY,SHORT,151.931,152.1389134440656,151.6818268463585,151.6818268463585,151.6818268463585,4043.65,3,OVERLAP,2.5,0.13908657682075734,22.04997578775332,46.71409929136653,152.05592157152464,151.87090708815228,-17.227823263880282,False,0.007233209609754349,40.16786570743552,-9.592157152462732,0.08928571428561459,16,3,ema_ribbon_bounce_short,151.6818268463585,TP3,2021-03-18 19:00:00+00:00,24.917376985003035,1007.5715144540752,165,True
2021-03-18 21:30:00+00:00,21,GBP_JPY,SHORT,151.678,152.04886417317485,151.4509289392348,151.4509289392348,151.4509289392348,2294.12,3,NY,2.5,0.1310355303825939,32.193250142111964,46.22126992536384,151.8813850287706,151.85122927713422,-32.71710489689781,False,0.009544857873484802,70.45148207789374,-16.8385028770615,0.12941176470581942,21,3,ema_ribbon_bounce_short,151.4509289392348,TP3,2021-03-19 05:00:00+00:00,22.707205056109995,520.9305326332305,450,True
2021-03-22 22:45:00+00:00,21,GBP_JPY,LONG,150.85999999999999,150.70908264763744,150.95246760194118,150.95246760194118,150.95246760194118,5672.08,4,NY,2.5,0.06373380097059843,16.665788773624136,54.82139225802806,150.74370746917594,150.96711371268597,18.843592713429302,False,-0.012465691653660876,16.933966933968254,8.129253082404375,0.7441860465111053,22,0,ema_ribbon_bounce_long,150.70908264763744,SL,2021-03-23 00:15:00+00:00,-15.091735236254069,-856.0152959885197,90,False
2021-03-29 22:00:00+00:00,21,GBP_JPY,SHORT,151.112,151.2482537389485,150.98007291879824,150.98007291879824,150.98007291879824,6219.68,3,NY,2.5,0.08346354060087219,36.899538303697206,46.730916872806496,151.21977914989807,150.8979144876808,-25.376151699541083,False,0.008971190438329446,75.17034513405424,-7.27791498980821,0.3859649122806318,22,0,ema_ribbon_bounce_short,151.2482537389485,SL,2021-03-29 23:00:00+00:00,-13.625373894851123,-847.4546550632764,60,False
2021-03-30 18:30:00+00:00,21,GBP_JPY,SHORT,151.327,151.5065612735582,151.16136573801685,151.16136573801685,151.16136573801685,4672.39,4,NY,2.5,0.10031713099156432,27.699212943655503,47.35670212494688,151.4341135437675,151.21622942753277,-17.900381896899376,False,0.0184447960221565,85.31215161650148,-7.211354376750023,0.24074074074082846,18,1,ema_ribbon_bounce_short,151.5065612735582,SL,2021-03-30 20:15:00+00:00,-17.95612735581926,-838.9802989605637,105,False
2021-04-01 02:30:00+00:00,21,GBP_JPY,SHORT,152.50900000000001,152.49603474987074,152.35294313527345,152.35294313527345,152.35294313527345,64062.82,3,ASIAN,2.5,0.09552843236327488,20.80202267210243,44.021331373977524,152.570802320776,152.06516765893423,1.8668372739028882,False,-0.016420268115639573,43.11844608957694,-2.6802320775999533,0.17857142857159775,2,3,ema_ribbon_bounce_short,152.49603474987074,SL,2021-04-01 02:45:00+00:00,1.2965250129269634,830.5904852863773,15,True
2021-04-01 09:30:00+00:00,21,GBP_JPY,LONG,152.608,152.3227570818432,152.80894379447136,152.80894379447136,152.80894379447136,2940.99,4,LONDON,2.5,0.11497189723568195,29.933636351327028,53.0723797208666,152.52174784158908,152.16702516474732,-5.772719511705304,False,0.019406897422250678,31.425180042688783,5.725215841093245,0.32394366197178587,9,3,ema_ribbon_bounce_long,152.80894379447136,TP3,2021-04-01 13:30:00+00:00,20.09444777235762,590.9756995402603,240,True
2021-04-02 07:45:00+00:00,21,GBP_JPY,SHORT,152.925,152.96544739661124,152.81928791812763,152.81928791812763,152.81928791812763,20886.54,4,ASIAN,2.5,0.07035604093619083,52.67153774437387,44.844448395119606,152.99919343911716,152.63731597307392,10.2756588961455,False,-0.013709130752338716,63.01844673301013,-3.9193439117156004,0.541666666666272,7,4,ema_ribbon_bounce_short,152.96544739661124,SL,2021-04-02 08:00:00+00:00,-4.044739661122776,-844.8061672162731,15,False
2021-04-02 10:30:00+00:00,21,GBP_JPY,SHORT,152.849,152.96079716447161,152.7269760554765,152.7269760554765,152.7269760554765,7481.03,4,LONDON,2.5,0.07551197226173621,42.59980325906777,46.56626232427901,152.9444973315985,152.65899790185784,4.182167160001882,False,0.006813981666336982,82.83935036316664,-6.649733159852644,0.847222222222288,10,4,ema_ribbon_bounce_short,152.96079716447161,SL,2021-04-02 12:30:00+00:00,-11.179716447162491,-836.3579413271601,120,False
2021-04-02 15:00:00+00:00,21,GBP_JPY,LONG,153.015,152.81363616658527,153.1627861730498,153.1627861730498,153.1627861730498,4111.93,4,OVERLAP,2.5,0.08839308652489757,25.31889435114711,53.71281814576397,152.94560739777154,152.70488889083492,7.890679717914395,False,0.010841824007477609,45.652093195948645,4.039260222845087,0.3650793650793722,15,4,ema_ribbon_bounce_long,152.81363616658527,SL,2021-04-02 20:45:00+00:00,-20.136383341471742,-827.9939875329791,345,False
2021-04-04 23:00:00+00:00,21,GBP_JPY,LONG,153.053,152.8188616473284,153.2515581350576,153.2515581350576,153.2515581350576,3500.98,4,NY,2.5,0.11677906752879079,20.176142079126837,53.79787129925103,152.96607822289536,152.7782614558025,5.862601642326126,False,0.007883383136147106,90.5374519134488,5.192177710463852,0.33333333333318976,23,6,ema_ribbon_bounce_long,153.062,TIME,2021-04-05 07:00:00+00:00,0.9000000000014552,31.508820000050946,480,True
2021-04-07 12:00:00+00:00,21,GBP_JPY,SHORT,151.662,152.0958872080422,151.41863484183003,151.41863484183003,151.41863484183003,1889.96,4,LONDON,2.5,0.13618257908498843,17.8312908967144,47.88616608031084,151.77059800002036,152.26724529032327,-8.959196872669395,False,-0.010173273591277822,55.118529269471765,-7.959800002035422,0.36986301369841146,12,2,ema_ribbon_bounce_short,151.41863484183003,TP3,2021-04-07 12:30:00+00:00,24.336644584357106,459.95284798651556,30,True
2021-04-09 15:15:00+00:00,21,GBP_JPY,LONG,150.58599999999998,150.21742412491622,150.82952489039025,150.82952489039025,150.82952489039025,2237.34,4,OVERLAP,2.5,0.13626244519513486,34.03105232381908,55.11932673567258,150.37667727576326,150.609993293639,6.547764052274374,False,-0.03296672952914159,43.82993736521029,18.032272423673135,0.7777777777777388,15,4,ema_ribbon_bounce_long,150.21742412491622,SL,2021-04-09 20:45:00+00:00,-36.85758750837636,-824.6295483599076,330,False
2021-04-12 15:30:00+00:00,21,GBP_JPY,LONG,150.428,150.18763481598842,150.62443528516872,150.62443528516872,150.62443528516872,3396.43,3,OVERLAP,2.5,0.11271764258435515,19.436266247977475,52.72739035568545,150.3197496073327,150.40739043881493,1.20530234108287,False,-0.01344137531057037,72.82209705903828,7.9250392667290726,0.15555555555570993,15,0,ema_ribbon_bounce_long,150.18763481598842,SL,2021-04-12 21:00:00+00:00,-24.036518401157988,-816.3835219324503,330,False
2021-04-13 16:00:00+00:00,21,GBP_JPY,SHORT,149.98,150.44835847195955,149.7165376513615,149.7165376513615,149.7165376513615,1725.64,5,OVERLAP,2.5,0.1462311743192441,17.876402880566545,43.05765568898683,150.22714241023954,150.36407737446882,-11.182213980342226,False,0.013007407051250308,59.63759591300203,-21.814241023955105,0.23275862068975867,16,1,ema_ribbon_bounce_short,149.782,TIME,2021-04-14 00:00:00+00:00,19.799999999997908,341.67671999996395,480,True
2021-04-14 18:15:00+00:00,21,GBP_JPY,LONG,150.274,150.02204806843721,150.44471523019928,150.44471523019928,150.44471523019928,3221.39,4,NY,2.5,0.10285761509964131,30.163534463299545,52.883272066110045,150.15148044104376,150.17233161781888,7.187724039968657,False,-0.01100513423913698,33.66320895860363,8.75195589562452,0.7415730337079046,18,2,ema_ribbon_bounce_long,150.02204806843721,SL,2021-04-14 20:15:00+00:00,-25.195193156278602,-811.6354328170434,120,False
2021-04-14 21:45:00+00:00,21,GBP_JPY,SHORT,150.066,150.1949477137753,149.9490039771536,149.9490039771536,149.9490039771536,6231.36,4,NY,2.5,0.07599801142320209,25.39194884114693,46.40761872929425,150.1289052764932,150.16306736095504,-5.899084261025678,False,-0.006391556651975175,60.784313725492694,-2.7905276493214615,0.13333333333301753,21,2,ema_ribbon_bounce_short,149.9490039771536,TP3,2021-04-15 01:45:00+00:00,11.699621059998641,729.0455068843313,240,True
2021-04-15 15:30:00+00:00,21,GBP_JPY,SHORT,149.847,150.12569183019554,149.63453325399433,149.63453325399433,149.63453325399433,2909.34,4,OVERLAP,2.5,0.12073337300283435,19.29937142218515,46.139255822452164,149.9608970204803,150.06917456343302,-5.076203242302313,False,-5.5715926698753776e-05,66.82072829131562,-8.489702048029812,0.15384615384615385,15,3,ema_ribbon_bounce_short,149.807,TIME,2021-04-15 23:30:00+00:00,4.000000000002046,116.37360000005954,480,True
2021-04-16 03:30:00+00:00,21,GBP_JPY,SHORT,149.736,149.95978770675038,149.62208877344506,149.62208877344506,149.62208877344506,3628.32,4,ASIAN,2.5,0.07445561327746544,21.400139967027524,47.09897810795503,149.82618052162164,149.9723728781929,-10.523439005038426,False,0.0064963037332281814,60.572628966129685,-5.518052162165077,0.3287671232876499,3,4,ema_ribbon_bounce_short,149.62208877344506,TP3,2021-04-16 06:15:00+00:00,11.391154050526406,413.30752064605974,165,True
2021-04-21 18:30:00+00:00,21,GBP_JPY,LONG,150.624,150.5459697648803,150.76777650059768,150.76777650059768,150.76777650059768,10458.85,3,NY,2.5,0.0893882502988379,19.800369052702564,51.63900898163115,150.56805296967372,150.69377393549624,4.842747477036369,False,0.00012485112754380412,30.460848137113317,2.094703032628331,0.33333333333304627,18,2,ema_ribbon_bounce_long,150.5459697648803,SL,2021-04-21 18:45:00+00:00,-7.803023511968376,-816.1065245815046,15,False
2021-04-21 19:00:00+00:00,21,GBP_JPY,SHORT,150.496,150.71595774434206,150.3614223030561,150.3614223030561,150.3614223030561,3673.19,5,NY,2.5,0.08478884847195718,18.648361209723056,47.13003422160209,150.5650154479764,150.69050151282363,-0.9672980738002934,False,-0.009052096219766805,7.8160257333544045,-3.401544797640099,0.046511627907191946,19,2,ema_ribbon_bounce_short,150.597,TIME,2021-04-22 03:00:00+00:00,-10.099999999999907,-370.99218999999664,480,False
2021-04-23 08:45:00+00:00,21,GBP_JPY,LONG,149.755,149.63161787892076,149.95612708346422,149.95612708346422,149.95612708346422,6518.25,3,LONDON,2.5,0.11506354173211661,29.201167755547903,55.28982389302339,149.6289678722411,150.00213477507893,-2.4734838981572693,False,0.004374980889799561,23.763666696459087,9.70321277588937,0.5815602836879347,8,4,ema_ribbon_bounce_long,149.63161787892076,SL,2021-04-23 09:00:00+00:00,-12.33821210792314,-804.2355107247001,15,False
2021-04-23 09:30:00+00:00,21,GBP_JPY,LONG,149.767,149.6281700198637,149.96755218745295,149.96755218745295,149.96755218745295,5735.02,3,LONDON,2.5,0.11477609372647922,22.460184913593466,55.650454487976766,149.63508853458546,149.9926812799142,1.1075305077241637,False,-0.0069351430815843,38.558750011765376,10.2911465414536,0.7456140350877608,9,4,ema_ribbon_bounce_long,149.6281700198637,SL,2021-04-23 10:30:00+00:00,-13.882998013630752,-796.1927126813265,60,False
2021-04-23 11:15:00+00:00,21,GBP_JPY,LONG,149.767,149.63026242872212,149.96533654853917,149.96533654853917,149.96533654853917,5764.56,3,LONDON,2.5,0.11366827426958201,13.308910252035165,52.859601950721824,149.66318540557972,149.97631953737758,0.2001094447507512,False,-0.005595804017608799,74.21379179691058,7.481459442027472,0.2763157894735317,11,4,ema_ribbon_bounce_long,149.63026242872212,SL,2021-04-23 12:00:00+00:00,-13.673757127787667,-788.2319338855967,45,False
2021-04-26 02:15:00+00:00,21,GBP_JPY,LONG,149.785,149.605210637488,149.92281248182803,149.92281248182803,149.92281248182803,4340.35,4,ASIAN,2.5,0.08640624091401561,14.043446181897853,52.37044374311936,149.69348219639838,149.83004813389223,14.285972483392584,False,0.0008090440681935221,41.60323452358084,5.651780360162206,0.25000000000025374,2,0,ema_ribbon_bounce_long,149.92281248182803,TP3,2021-04-26 06:30:00+00:00,13.781279934271023,598.1557836271323,255,True
2021-04-26 09:45:00+00:00,21,GBP_JPY,LONG,149.934,149.64969867805735,150.12974518128,150.12974518128,150.12974518128,2765.84,3,LONDON,2.5,0.11237259063998645,28.51885189691134,53.8371034234299,149.8080078794454,149.83329474167473,2.6579268822473523,False,-0.009474551785831724,77.35507246377033,9.699212055460293,0.3137254901962587,9,0,ema_ribbon_bounce_long,150.12974518128,TP3,2021-04-26 12:15:00+00:00,19.574588900415687,541.4018096432573,150,True
2021-04-26 13:15:00+00:00,21,GBP_JPY,LONG,149.992,149.6833611424928,150.19666418681655,150.19666418681655,150.19666418681655,2565.28,4,OVERLAP,2.5,0.11683209340827294,16.502010302118396,54.60899229610849,149.85633163974776,149.84420697684334,5.770367925242681,False,-0.0023313646766136356,29.95884773662574,10.666836025222892,0.6836734693877373,13,0,ema_ribbon_bounce_long,150.19666418681655,TP3,2021-04-26 15:00:00+00:00,20.466498464052577,525.022991798648,105,True
2021-04-30 04:15:00+00:00,21,GBP_JPY,SHORT,151.736,151.85979840123878,151.62961235682164,151.62961235682164,151.62961235682164,6437.84,4,ASIAN,2.5,0.07069382158917782,20.571443424364237,44.74730183246854,151.84050681754098,151.56750205098004,-20.078010196439777,False,-0.00418520100664619,66.3095238095242,-6.950681754099719,0.46000000000038654,4,4,ema_ribbon_bounce_short,151.62961235682164,TP3,2021-04-30 05:45:00+00:00,10.638780843198163,684.9076886357486,90,True
2021-04-30 16:00:00+00:00,21,GBP_JPY,SHORT,151.162,151.70975846610372,150.85601136182467,150.85601136182467,150.85601136182467,1467.52,3,OVERLAP,2.5,0.16749431908766138,24.135061342560313,45.16497600913942,151.41729207662817,151.50730131847584,-9.683708728547913,False,0.0072587116217479875,58.57111501316897,-22.629207662816953,0.6746031746032122,16,4,ema_ribbon_bounce_short,150.85601136182467,TP3,2021-05-02 21:00:00+00:00,30.59907232483718,449.0475061814506,3180,True
2021-05-03 05:15:00+00:00,21,GBP_JPY,LONG,151.423,151.2472836389313,151.52216183525434,151.52216183525434,151.52216183525434,4600.22,4,ASIAN,2.5,0.06708091762715945,44.242319266967584,59.024415506078654,151.26324942812627,151.36801809596403,15.358870859992635,False,-0.006095592221046234,37.77422246596279,12.475057187373295,0.14634146341465104,5,0,ema_ribbon_bounce_long,151.52216183525434,TP3,2021-05-03 06:45:00+00:00,9.916205081323326,456.16724939205193,90,True
2021-05-04 21:00:00+00:00,21,GBP_JPY,LONG,151.825,151.58020566852662,151.96746854310993,151.96746854310993,151.96746854310993,3320.73,4,NY,2.5,0.08873427155496505,21.00816968341532,54.9372469010717,151.7013419080991,151.61842480336819,21.185710159596738,False,-0.010816081877511478,57.33225774106805,8.865809190089635,0.24038461538470474,21,1,ema_ribbon_bounce_long,151.96746854310993,TP3,2021-05-05 00:30:00+00:00,14.246897213772531,473.10098984690865,210,True
2021-05-05 22:00:00+00:00,21,GBP_JPY,SHORT,151.796,151.98339002565743,151.66159246533883,151.66159246533883,151.66159246533883,4363.24,4,NY,2.5,0.08470376733057765,41.103072738016074,42.694553598699194,151.91150205124254,151.82274381260484,-10.75503137767555,False,-0.0020070562694364177,71.9202898550718,-8.050205124254717,0.270833333333432,22,2,ema_ribbon_bounce_short,151.98339002565743,SL,2021-05-06 00:00:00+00:00,-18.73900256574359,-817.6276555495506,120,False
2021-05-06 04:00:00+00:00,21,GBP_JPY,LONG,152.032,151.84912545738655,152.14196990044266,152.14196990044266,152.14196990044266,4426.26,4,ASIAN,2.5,0.07248495022131758,25.070562151527447,55.40100527460215,151.94339055736066,151.85125266629998,5.1468835664366,False,-0.00384352911485783,73.1181200826852,5.3609442639356075,0.3108108108112105,4,3,ema_ribbon_bounce_long,151.84912545738655,SL,2021-05-06 08:45:00+00:00,-18.28745426134617,-809.4502729882611,285,False
2021-05-07 04:45:00+00:00,21,GBP_JPY,LONG,151.732,151.62212892065577,151.83166215182172,151.83166215182172,151.83166215182172,7293.61,4,ASIAN,2.5,0.06733107591086114,29.203641143689072,54.27545761470794,151.64808422849242,151.7389833228662,0.92942193211627,False,-0.0066035109506495104,18.12309894435477,4.891577150758053,0.0,4,4,ema_ribbon_bounce_long,151.83166215182172,TP3,2021-05-07 06:00:00+00:00,9.966228846482338,726.8978637699204,75,True
2021-05-07 09:45:00+00:00,21,GBP_JPY,LONG,151.92,151.64135653195382,152.08558748493198,152.08558748493198,152.08558748493198,2902.01,5,LONDON,2.5,0.09729374246599454,32.27063685220072,56.031660511001604,151.7566297179202,151.75640611242656,-1.8467842270268875,False,-0.011628536233008309,23.715571943478484,13.437028207980006,0.8225806451611646,9,4,ema_ribbon_bounce_long,151.64135653195382,SL,2021-05-07 12:30:00+00:00,-27.864346804616957,-808.6261307046647,165,False
2021-05-11 15:45:00+00:00,21,GBP_JPY,SHORT,153.52,153.71029197998513,153.25940039342308,153.25940039342308,153.25940039342308,4206.9,3,OVERLAP,2.5,0.14479980328846306,14.192608515146024,48.26354872801902,153.62572566547584,153.240529815058,-3.133091753230133,False,0.010702623473764432,73.9146550718827,-7.672566547583415,0.31578947368424987,15,1,ema_ribbon_bounce_short,153.71029197998513,SL,2021-05-11 16:30:00+00:00,-19.029197998511904,-800.5393305993972,45,False
2021-05-12 08:45:00+00:00,21,GBP_JPY,LONG,153.814,153.56757118917187,153.96654910654192,153.96654910654192,153.96654910654192,3216.08,5,LONDON,2.5,0.09077455327095532,18.05019591209475,57.8592889895759,153.69577777093593,153.46047380487843,3.3777597414996308,False,0.002017886650261591,30.277777777782934,8.922222906406319,0.645569620252946,8,2,ema_ribbon_bounce_long,153.96654910654192,TP3,2021-05-12 12:30:00+00:00,15.254958087436343,490.61165605842274,225,True
2021-05-12 17:45:00+00:00,21,GBP_JPY,LONG,154.134,153.71295451420713,154.35346648054946,154.35346648054946,154.35346648054946,1893.95,4,NY,2.5,0.1272332402747356,24.524025193935053,52.90930856530265,153.96094046219696,153.6221838628193,5.796223057018324,False,-0.03456089261317895,31.82579564489322,13.80595378030307,0.4374999999999013,17,2,ema_ribbon_bounce_long,154.129,TIME,2021-05-13 01:45:00+00:00,-0.4999999999995452,-9.469749999991388,480,False
2021-05-13 11:45:00+00:00,21,GBP_JPY,SHORT,153.74,154.09787024673415,153.51584096039977,153.51584096039977,153.51584096039977,2228.03,4,LONDON,2.5,0.1265795198001174,27.79615432380224,42.75917439220305,153.95710375436732,153.83570964157812,-1.0238347342351517,False,0.0161065200350531,78.92551892551853,-18.810375436731874,0.8085106382979538,11,3,ema_ribbon_bounce_short,153.51584096039977,TP3,2021-05-13 17:30:00+00:00,22.41600456865097,499.43530659091425,345,True
2021-05-14 10:00:00+00:00,21,GBP_JPY,SHORT,153.696,153.92865503044527,153.53704265049697,153.53704265049697,153.53704265049697,3448.62,3,LONDON,2.5,0.09397867475150537,20.44312454305013,43.54461010900065,153.80936458201694,153.81765283014593,-0.4881687121383038,False,-0.00339225441437533,61.50583504952629,-8.436458201694563,0.2500000000001615,10,4,ema_ribbon_bounce_short,153.92865503044527,SL,2021-05-14 10:45:00+00:00,-23.265503044527236,-802.3387910941751,45,False
2021-05-18 17:00:00+00:00,21,GBP_JPY,SHORT,154.568,154.64630107883224,154.41205902954545,154.41205902954545,154.41205902954545,10144.38,3,NY,2.5,0.09547048522727682,14.582682763973601,45.78290199103395,154.63962608266834,154.38035084047112,-7.036932816592412,False,-0.002656833469417332,68.90756302522068,-3.6626082668334448,0.08695652173888867,17,1,ema_ribbon_bounce_short,154.41205902954545,TP3,2021-05-18 21:45:00+00:00,15.594112417610464,1581.9260212695924,285,True
2021-05-18 22:45:00+00:00,21,GBP_JPY,SHORT,154.46,154.59902617794057,154.37072528320886,154.37072528320886,154.37072528320886,5827.21,4,NY,2.5,0.06213735839557967,27.82565535754102,45.773437776166325,154.56175594355628,154.40793036537372,-14.963790414287814,False,0.008066727369417624,83.75109413543731,-6.675594355627368,0.9310344827587728,22,1,ema_ribbon_bounce_short,154.59902617794057,SL,2021-05-19 00:15:00+00:00,-13.902617794056482,-810.1347343570387,90,False
2021-05-19 16:30:00+00:00,21,GBP_JPY,SHORT,154.034,154.58539778512727,153.73375365298364,153.73375365298364,153.73375365298364,1454.55,2,OVERLAP,2.5,0.16462317350817954,28.521979969832334,45.30160503584725,154.31057578877576,154.41769145419104,-18.514340575751476,False,0.027653695022407332,86.96821968175068,-24.757578877577657,0.14035087719261505,16,2,ema_ribbon_bounce_short,154.173,TIME,2021-05-20 00:30:00+00:00,-13.900000000000999,-202.18245000001454,480,False
2021-05-20 11:45:00+00:00,21,GBP_JPY,SHORT,153.84300000000002,154.21692324762387,153.64977817266407,153.64977817266407,153.64977817266407,2139.51,4,LONDON,2.5,0.11111091366797796,27.220809402420812,43.60694070950871,154.0027823626903,154.21376620143786,-1.6226524679552767,False,0.008857207682820903,34.57180500659227,-13.07823626902973,0.6813186813184376,11,3,ema_ribbon_bounce_short,154.21692324762387,SL,2021-05-20 15:30:00+00:00,-37.39232476238499,-800.0125275237032,225,False
2021-05-24 14:30:00+00:00,21,GBP_JPY,SHORT,153.90200000000002,154.1360022747583,153.74658901248966,153.74658901248966,153.74658901248966,3384.63,4,OVERLAP,2.5,0.09220549375518018,23.29500534870179,47.030690751965,153.98151629929563,154.11836787894418,-1.4109194650728796,False,0.0037460573812228004,18.716617058657047,-5.051629929562296,0.14285714285722573,14,0,ema_ribbon_bounce_short,154.041,TIME,2021-05-24 22:30:00+00:00,-13.89999999999816,-470.4635699999377,480,False
2021-05-25 02:30:00+00:00,21,GBP_JPY,LONG,154.124,153.95767834879135,154.2161754621306,154.2161754621306,154.2161754621306,4733.64,5,ASIAN,2.5,0.06358773106530045,22.089173140281286,56.69840281820122,154.01262842455122,154.0739619742525,12.002544088898048,False,0.001526980932322234,49.299719887967704,7.637157544877482,0.7346938775509494,2,1,ema_ribbon_bounce_long,154.2161754621306,TP3,2021-05-25 05:15:00+00:00,9.21756568548738,436.3263763145048,165,True
2021-05-25 17:45:00+00:00,21,GBP_JPY,SHORT,153.936,154.16219204177148,153.8085559641699,153.8085559641699,153.8085559641699,3499.99,4,NY,2.5,0.08122201791505225,25.522081356947414,43.87125053059818,154.06687541365616,154.09629436231972,-14.031364427063409,False,0.013444220251820307,60.40490705200951,-9.587541365615948,0.5492957746477238,17,1,ema_ribbon_bounce_short,153.8085559641699,TP3,2021-05-25 18:45:00+00:00,12.744439995696625,446.05412540538225,60,True
2021-05-26 05:45:00+00:00,21,GBP_JPY,LONG,154.082,153.93378944436952,154.17458181804588,154.17458181804588,154.17458181804588,5371.62,4,ASIAN,2.5,0.06379090902293552,37.73693439534271,54.96187170495939,153.98382169620646,154.03439832584462,0.8520587672080637,False,0.0033634763927904224,29.242765359497778,6.317830379353495,0.1224489795918249,5,2,ema_ribbon_bounce_long,153.93378944436952,SL,2021-05-26 06:00:00+00:00,-14.821055563047024,-796.1307848357466,15,False
2021-06-02 10:00:00+00:00,21,GBP_JPY,LONG,155.344,155.13792880955413,155.49315849692607,155.49315849692607,155.49315849692607,3824.75,5,LONDON,2.5,0.08907924846304259,21.106040055383634,58.54654439315392,155.1980903937272,155.3077811787071,6.206021882277923,False,0.0033157327599617967,69.38182196147856,11.690960627279878,0.5940594059406219,10,2,ema_ribbon_bounce_long,155.13792880955413,SL,2021-06-02 10:45:00+00:00,-20.60711904458685,-788.1707856578356,45,False
2021-06-02 15:15:00+00:00,21,GBP_JPY,LONG,155.45,155.1500658220218,155.6373242602207,155.6373242602207,155.6373242602207,2601.53,5,OVERLAP,2.5,0.10816213011036359,23.836145797740024,56.6631637577758,155.27105810261438,155.3088903192606,12.278282622617098,False,0.0017377130548003536,43.37117986563959,14.994189738561658,0.6761904761905226,15,2,ema_ribbon_bounce_long,155.285,TIME,2021-06-02 23:15:00+00:00,-16.499999999999204,-429.2524499999793,480,False
2021-06-07 20:00:00+00:00,21,GBP_JPY,LONG,154.99,154.90562471610843,155.0588431591078,155.0588431591078,155.0588431591078,9196.95,4,NY,2.5,0.05192157955388472,27.46855471863525,55.30806660736399,154.9065243645679,155.08097628367813,13.837488884877303,False,-0.008915441328458333,47.650498796020464,4.8475635432112085,0.8214285714296953,20,0,ema_ribbon_bounce_long,154.90562471610843,SL,2021-06-07 20:30:00+00:00,-8.437528389157478,-775.9952671866188,30,False
2021-06-07 23:15:00+00:00,21,GBP_JPY,LONG,154.964,154.90508012274003,155.0122296624489,155.0122296624489,155.0122296624489,13038.65,3,NY,2.5,0.041614831224448444,21.994340694805775,52.87400907156296,154.9081951586583,155.06012323023458,10.282212630224308,False,-0.0017922331922233569,78.92857142855958,2.0804841341714564,0.5499999999995027,23,0,ema_ribbon_bounce_long,154.90508012274003,SL,2021-06-07 23:30:00+00:00,-5.891987725996728,-768.2356576356724,15,False
2021-06-08 11:45:00+00:00,21,GBP_JPY,SHORT,154.739,154.98960422607044,154.60011176890578,154.60011176890578,154.60011176890578,3034.88,5,LONDON,2.5,0.08394411554711052,26.18884511180814,42.78863875698995,154.87186426989192,154.9932815875337,-4.459141124641519,False,0.001353223693867759,59.91785547519328,-10.386426989191477,0.9358974358974966,11,1,ema_ribbon_bounce_short,154.60011176890578,TP3,2021-06-08 13:45:00+00:00,13.888868873417112,421.51050366556126,120,True
2021-06-08 23:00:00+00:00,21,GBP_JPY,LONG,154.97299999999998,154.84578330974998,155.04614733312619,155.04614733312619,155.04614733312619,6011.54,4,NY,2.5,0.054073666563103966,28.29874818681204,52.02007643849657,154.9049720412892,154.9544814315189,14.185570213015808,False,-0.008753271364388547,57.491572067414474,3.3027958710789562,0.9565217391302199,23,1,ema_ribbon_bounce_long,154.84578330974998,SL,2021-06-09 00:00:00+00:00,-12.72166902500089,-764.7682221055386,60,False
2021-06-09 16:00:00+00:00,21,GBP_JPY,SHORT,154.756,155.0229294224223,154.59689221476077,154.59689221476077,154.59689221476077,2836.41,4,OVERLAP,2.5,0.09405389261960694,28.59112925781605,45.192696275665284,154.90300067612534,154.95434177875865,-10.231603423000024,False,0.019168801631950644,74.29871487425397,-11.800067612534804,0.371428571428757,16,2,ema_ribbon_bounce_short,154.675,TIME,2021-06-10 00:00:00+00:00,8.099999999998886,229.7492099999684,480,True
2021-06-14 03:00:00+00:00,21,GBP_JPY,LONG,154.94,154.82936173089308,155.01425767492938,155.01425767492938,155.01425767492938,6863.97,3,ASIAN,2.5,0.054628837464695316,34.014737123208505,56.87997017442865,154.86597910073706,154.885431434661,-4.033305256206177,False,-0.00034488299521124796,78.76060872109572,3.9020899262936837,0.3018867924526784,3,0,ema_ribbon_bounce_long,154.82936173089308,SL,2021-06-14 06:00:00+00:00,-11.063826910691432,-759.4177600017867,180,False
2021-06-15 17:15:00+00:00,21,GBP_JPY,SHORT,154.945,155.18153829496376,154.78871995983124,154.78871995983124,154.78871995983124,3178.45,4,NY,2.5,0.0956400200843779,22.682056643314375,46.86439475923076,155.06086952379306,155.04982904034352,0.6533861068504621,False,0.0028983561188443236,25.911728885723956,-8.086952379306922,0.8400000000003183,17,1,ema_ribbon_bounce_short,155.0,TIME,2021-06-16 01:15:00+00:00,-5.500000000000682,-174.81475000002166,480,False
2021-06-16 08:45:00+00:00,21,GBP_JPY,SHORT,155.02,155.14571922423406,154.8911366178087,154.8911366178087,154.8911366178087,5966.28,3,LONDON,2.5,0.07893169109564889,29.87693578945472,44.74664146525243,155.07676391059107,155.04933968104604,-3.9038028114958934,False,-0.01957504749603567,8.704531902207211,-2.7763910591062313,0.25373134328349345,8,2,ema_ribbon_bounce_short,155.14571922423406,SL,2021-06-16 09:15:00+00:00,-12.571922423404658,-750.0760931631074,30,False
2021-06-16 09:45:00+00:00,21,GBP_JPY,LONG,155.203,154.99405240804762,155.3291267716255,155.3291267716255,155.3291267716255,3553.88,4,LONDON,2.5,0.07756338581275647,23.123083184904935,56.69249028606454,155.08469755895493,155.05246982588037,7.971417977427109,False,-0.005576188155971801,84.85742971887767,8.930244104507779,0.41573033707872703,9,2,ema_ribbon_bounce_long,154.99405240804762,SL,2021-06-16 16:30:00+00:00,-20.894759195238066,-742.5746680877266,405,False
2021-06-16 19:30:00+00:00,21,GBP_JPY,SHORT,154.822,155.13946815490706,154.65379194956705,154.65379194956705,154.65379194956705,2315.66,5,NY,2.5,0.1016040252164681,32.26151428174726,41.99805013934196,155.0037070906373,155.0430299160785,-11.185701535708859,False,-0.0038104339518900965,65.0577386901271,-14.67070906373067,0.3831775700934306,19,2,ema_ribbon_bounce_short,154.916,TIME,2021-06-17 03:30:00+00:00,-9.39999999999941,-217.6720399999863,480,False
2021-06-17 09:45:00+00:00,21,GBP_JPY,SHORT,154.649,154.98571409800718,154.4640902715562,154.4640902715562,154.4640902715562,2176.84,4,LONDON,2.5,0.10695486422190843,34.690661717794534,42.89739076367592,154.80842299405418,154.94256162276895,-0.289751117568926,False,-0.0007425488095874344,60.031112263410385,-13.04229940541859,0.5217391304348901,9,3,ema_ribbon_bounce_short,154.4640902715562,TP3,2021-06-17 10:15:00+00:00,18.49105778848764,402.52074236291446,30,True
2021-06-22 10:45:00+00:00,21,GBP_JPY,SHORT,153.246,153.4020521613291,153.02606368390747,153.02606368390747,153.02606368390747,4722.77,4,LONDON,2.5,0.12446815804627302,35.27979738903432,44.864045891492246,153.38442097410913,153.2181770001022,3.3446303760484852,False,0.0006414673016540556,63.127696871634036,-10.942097410912766,0.18620689655185255,10,1,ema_ribbon_bounce_short,153.4020521613291,SL,2021-06-22 11:00:00+00:00,-15.605216132908595,-736.9984659601673,15,False
2021-06-25 17:15:00+00:00,21,GBP_JPY,SHORT,153.958,154.2792969050281,153.77988489352185,153.77988489352185,153.77988489352185,2270.88,5,NY,2.5,0.10655755323907472,18.352109943078318,49.22973337141914,154.05055227037727,154.26980289628435,6.340408853617419,False,0.010204801467318069,42.01538916795274,-5.755227037727195,0.45833333333340737,17,4,ema_ribbon_bounce_short,153.77988489352185,TP3,2021-06-25 18:15:00+00:00,17.811589082212876,404.47981415015573,60,True
2021-06-28 10:45:00+00:00,21,GBP_JPY,LONG,154.084,153.83051363949244,154.28586092841812,154.28586092841812,154.28586092841812,2894.33,4,LONDON,2.5,0.11543046420905342,30.169763239183947,54.94163969265754,153.9187841342614,154.0604146881512,2.797252458560706,False,-0.011246162904736748,40.65820462263239,13.621586573862032,0.7596899224807773,10,0,ema_ribbon_bounce_long,153.83051363949244,SL,2021-06-28 14:45:00+00:00,-25.348636050756568,-733.6731778078625,240,False
2021-07-01 11:15:00+00:00,21,GBP_JPY,LONG,153.769,153.35166178473267,153.99860791349616,153.99860791349616,153.99860791349616,1740.4,5,LONDON,2.5,0.12930395674808126,19.29870049326586,57.69911082590362,153.585033677224,153.41986310697652,8.214715212446322,False,0.005516318770217896,61.62280701754775,15.496632277600497,0.29752066115701314,11,3,ema_ribbon_bounce_long,153.471,TIME,2021-07-01 19:15:00+00:00,-29.800000000000182,-518.6392000000031,480,False
2021-07-05 09:15:00+00:00,21,GBP_JPY,SHORT,153.536,153.63082200744134,153.42687808613582,153.42687808613582,153.42687808613582,7605.3,4,LONDON,2.5,0.06906095693209353,15.806919857424901,45.05866809255374,153.58846463159512,153.52959972912768,-2.493246966105289,False,-0.004257706823438449,43.337866582975515,-2.3464631595118135,0.5090909090909561,9,0,ema_ribbon_bounce_short,153.63082200744134,SL,2021-07-05 11:30:00+00:00,-9.482200744133708,-721.1498131936008,135,False
2021-07-07 18:45:00+00:00,21,GBP_JPY,SHORT,152.618,152.8941180331429,152.43721143637697,152.43721143637697,152.43721143637697,2585.63,4,NY,2.5,0.10789428181151792,9.333451805434844,47.57075645385824,152.70974669476345,152.96964071274567,-10.255352212956836,False,0.014877495184500981,31.31547977841659,-5.674669476346139,0.5714285714289029,18,2,ema_ribbon_bounce_short,152.43721143637697,TP3,2021-07-08 00:45:00+00:00,18.078926282810734,467.45414164623924,360,True
2021-07-12 12:45:00+00:00,21,GBP_JPY,SHORT,152.564,152.79063037550452,152.31798653597997,152.31798653597997,152.31798653597997,3170.86,4,LONDON,2.5,0.1375067320100107,23.84758271373129,45.33484440176993,152.74674795659539,152.4708549570388,-1.759023323359088,False,0.011020183441912634,31.87499999999586,-15.374795659539586,0.30000000000009475,12,0,ema_ribbon_bounce_short,152.79063037550452,SL,2021-07-12 13:30:00+00:00,-22.663037550452714,-718.6131924722849,45,False
2021-07-13 15:00:00+00:00,21,GBP_JPY,SHORT,152.621,153.07354596427007,152.37825544621302,152.37825544621302,152.37825544621302,1572.05,5,OVERLAP,2.5,0.13587227689350068,29.736378223520376,43.86721061559265,152.86809613717418,152.83652252343697,-4.2705797660033795,False,0.024277467838543454,45.63511975500645,-21.809613717417164,0.6470588235294314,15,1,ema_ribbon_bounce_short,152.752,TIME,2021-07-13 23:00:00+00:00,-13.100000000000023,-205.93855000000036,480,False
2021-07-14 11:45:00+00:00,21,GBP_JPY,LONG,153.11599999999999,152.78962389259485,153.29183183395182,153.29183183395182,153.29183183395182,2173.47,5,LONDON,2.5,0.10241591697591608,26.049580529779107,56.96831087404563,152.9276186310675,152.84923472696002,2.9624661196493207,False,-0.0012813960368627808,22.84669030796361,15.938136893248611,0.022471910112460018,11,2,ema_ribbon_bounce_long,152.78962389259485,SL,2021-07-14 13:15:00+00:00,-32.63761074051387,-709.3686781618469,90,False
2021-07-15 14:15:00+00:00,21,GBP_JPY,LONG,152.41899999999998,152.16520715457904,152.71716309660079,152.71716309660079,152.71716309660079,2767.11,3,OVERLAP,2.5,0.1635815483003962,25.293300867628584,54.438111906597456,152.25837756121902,152.4747098939005,7.453761104449086,False,-0.025891026599380793,67.40524634607482,13.162243878096547,0.16129032258046772,14,3,ema_ribbon_bounce_long,152.16520715457904,SL,2021-07-15 16:15:00+00:00,-25.379284542094638,-702.272720492755,120,False
2021-07-16 09:45:00+00:00,21,GBP_JPY,LONG,152.276,152.00122208318925,152.51350274100446,152.51350274100446,152.51350274100446,2530.23,2,LONDON,2.5,0.133251370502218,38.550679479928384,52.37087799697064,152.1377305228844,152.25001621702665,-15.229592955432736,False,0.010567514134643435,17.448805481521156,10.926947711561752,0.09090909090892829,9,4,ema_ribbon_bounce_long,152.00122208318925,SL,2021-07-16 13:45:00+00:00,-27.47779168107627,-695.2513284520961,240,False
2021-07-21 04:15:00+00:00,21,GBP_JPY,SHORT,149.589,149.76188235236413,149.46527652152926,149.46527652152926,149.46527652152926,3981.31,5,ASIAN,2.5,0.07936173923536856,21.573107705477277,44.61719658607163,149.65706665648514,150.0003544531058,19.323812206832258,False,-0.012590826292564108,55.020280395278185,-3.306665648514695,0.5714285714285714,4,2,ema_ribbon_bounce_short,149.46527652152926,TP3,2021-07-21 06:00:00+00:00,12.37237892314625,492.58275930511394,105,True
2021-07-21 11:45:00+00:00,21,GBP_JPY,LONG,149.965,149.59058150746446,150.24141469294372,150.24141469294372,150.24141469294372,1851.47,4,LONDON,2.5,0.1527073464718626,24.365397552402783,54.43497659827494,149.78689305022098,149.94930577171064,-2.161526531554614,False,-0.018240554414044458,53.83448242585754,14.910694977902494,0.6689655172413901,11,2,ema_ribbon_bounce_long,150.24141469294372,TP3,2021-07-21 12:30:00+00:00,27.641618589090506,511.776275691434,45,True
2021-07-22 21:30:00+00:00,21,GBP_JPY,SHORT,151.481,151.44561547368144,151.30657078695032,151.30657078695032,151.30657078695032,19735.8,4,NY,2.5,0.10471460652483337,30.708025762338146,45.5807549823621,151.54152313309476,151.0035814672757,-8.20285551291704,False,-0.025500615243251104,40.28323152996002,-2.552313309476517,0.1400000000000682,21,3,ema_ribbon_bounce_short,151.44561547368144,SL,2021-07-22 21:45:00+00:00,3.5384526318551934,698.3419345176773,15,True
2021-07-23 16:00:00+00:00,21,GBP_JPY,LONG,151.999,151.58265142578603,152.21300522607964,152.21300522607964,152.21300522607964,1694.07,4,OVERLAP,2.5,0.12150261303981601,26.14771836796328,53.14166161708254,151.8411820537747,151.41326874103612,10.885545401552577,False,-0.010096623057504056,30.001160701142794,12.881794622529696,0.37142857142860625,16,4,ema_ribbon_bounce_long,152.07,TIME,2021-07-26 00:00:00+00:00,7.099999999999795,120.27896999999653,3360,True
2021-07-26 11:15:00+00:00,21,GBP_JPY,LONG,152.029,151.7048653295643,152.2563240122681,152.2563240122681,152.2563240122681,2179.74,4,LONDON,2.5,0.12816200613404183,31.850199516863853,56.01957616782974,151.86280776917474,151.6633205697094,9.080011723048642,False,0.018461880164270014,17.453364820855754,13.719223082526355,0.14814814814806043,11,0,ema_ribbon_bounce_long,152.2563240122681,TP3,2021-07-26 13:30:00+00:00,22.73250551631793,495.5095157413884,135,True
2021-07-27 11:15:00+00:00,21,GBP_JPY,SHORT,151.794,152.26285324506023,151.55498646559295,151.55498646559295,151.55498646559295,1517.5,3,LONDON,2.5,0.13400676720353405,27.506362711370194,43.48553474781258,152.06153906840402,152.0177464804341,5.615768202994786,False,0.03226642969780524,80.26375808312035,-23.853906840400896,0.5000000000001185,11,1,ema_ribbon_bounce_short,152.26285324506023,SL,2021-07-27 14:45:00+00:00,-46.885324506021675,-711.484799378879,210,False
2021-07-27 21:30:00+00:00,21,GBP_JPY,LONG,152.37199999999999,152.08699358718897,152.51802507082823,152.51802507082823,152.51802507082823,2471.41,4,NY,2.5,0.09051253541412563,16.542165646055906,56.05146586618406,152.20978074689228,152.0788089331676,32.35987939576148,False,-0.0110210121020822,51.44356955380127,12.721925310771098,0.2222222222224854,21,1,ema_ribbon_bounce_long,152.51802507082823,TP3,2021-07-28 00:00:00+00:00,14.60256616855722,360.88928054633993,150,True
2021-07-28 10:30:00+00:00,21,GBP_JPY,LONG,152.648,152.23437028571723,152.86789666387313,152.86789666387313,152.86789666387313,1711.62,5,LONDON,2.5,0.12444833193656335,26.626298708302674,57.10950449551654,152.44263018579446,152.22914813181146,4.37736457946869,False,-0.0015055531676484851,38.98259371140767,17.63698142055432,1.0,10,2,ema_ribbon_bounce_long,152.86789666387313,TP3,2021-07-28 13:00:00+00:00,21.989794860142098,376.3817267851642,150,True
2021-07-28 14:15:00+00:00,21,GBP_JPY,LONG,152.749,152.31485169993795,152.98507149443984,152.98507149443984,152.98507149443984,1639.4,5,OVERLAP,2.5,0.1325357472199148,24.94968591559152,54.620761858179854,152.5586593701753,152.29485017967832,7.352209685873845,False,-0.014961464878272948,33.981481481481815,16.13406298247071,0.8281250000000486,14,2,ema_ribbon_bounce_long,152.98507149443984,TP3,2021-07-28 18:45:00+00:00,23.60729344269975,387.01796869961976,270,True
2021-07-29 23:00:00+00:00,21,GBP_JPY,SHORT,152.815,153.00827974175346,152.70905261545755,152.70905261545755,152.70905261545755,3702.46,4,NY,2.5,0.070473692271225,21.348165544547932,42.66499345720391,152.95350036126806,152.786733926292,-30.03397082951551,False,0.016425582276108477,65.25417013351993,-10.350036126806117,0.6271186440679273,23,3,ema_ribbon_bounce_short,152.70905261545755,TP3,2021-07-30 00:00:00+00:00,10.594767069647514,392.2670128468713,60,True
2021-07-30 03:30:00+00:00,21,GBP_JPY,SHORT,152.749,152.96143721032772,152.64229655376874,152.64229655376874,152.64229655376874,3387.04,3,ASIAN,2.5,0.07085172311562686,20.708777135872158,45.392578428024734,152.8655672605293,152.78585823881144,-27.83810322057434,False,0.01154535074673635,44.622510209584185,-8.156726052931162,0.3333333333331476,3,4,ema_ribbon_bounce_short,152.64229655376874,TP3,2021-07-30 05:15:00+00:00,10.67037612657534,361.4099075575574,105,True
2021-08-04 05:45:00+00:00,21,GBP_JPY,LONG,151.896,151.71958794207524,152.0017792228149,152.0017792228149,152.0017792228149,4099.2,3,ASIAN,2.5,0.07038961140744929,35.45430621511255,55.59067399724004,151.77059012686712,151.93136427742508,15.562899409712827,False,-0.0012778377588892748,35.91702027345459,9.040987313287019,0.5411764705880937,5,2,ema_ribbon_bounce_long,152.0017792228149,TP3,2021-08-04 06:30:00+00:00,10.577948086335795,433.61124795507686,45,True
2021-08-04 17:15:00+00:00,21,GBP_JPY,LONG,152.21699999999998,151.8389971299572,152.4352558915055,152.4352558915055,152.4352558915055,1924.55,4,NY,2.5,0.12662794575275338,26.21351578074443,53.1223946567131,152.05109169498363,151.98325771405874,12.105775139528419,False,-0.009763647067681208,15.056292648262138,13.09083050163622,0.07142857142823307,17,2,ema_ribbon_bounce_long,152.292,TIME,2021-08-05 01:15:00+00:00,7.500000000001706,144.34125000003283,480,True
2021-08-06 16:00:00+00:00,21,GBP_JPY,SHORT,152.874,152.92425841768858,152.69969280337773,152.69969280337773,152.69969280337773,14503.59,3,OVERLAP,2.5,0.10165359831113413,32.6724581890703,47.27172452008225,152.9038134232072,152.6424876277304,-4.828814656491431,False,-0.023854234748511942,31.942319113997083,-0.08134232072052328,0.061224489796202465,16,4,ema_ribbon_bounce_short,152.92425841768858,SL,2021-08-06 16:15:00+00:00,-5.025841768858186,-728.927484203939,15,False
2021-08-06 17:45:00+00:00,21,GBP_JPY,LONG,153.004,152.75502459486427,153.1339975554695,153.1339975554695,153.1339975554695,2898.43,5,NY,2.5,0.08249877773475382,20.473900738858468,53.30400751578629,152.91199695167165,152.66236747319314,1.882905732682616,False,-0.005878805753516059,83.0098139376485,5.7003048328340356,0.7021276595742365,17,4,ema_ribbon_bounce_long,152.75502459486427,SL,2021-08-09 01:45:00+00:00,-24.89754051357238,-721.6377835075359,3360,False
2021-08-09 02:15:00+00:00,21,GBP_JPY,SHORT,152.791,152.92753270149987,152.69088064418932,152.69088064418932,152.69088064418932,5232.61,3,ASIAN,2.5,0.0675596779053416,28.061902168334456,45.09706306746012,152.8831883300711,152.72739471800404,-10.309470149570643,False,-0.002681525545979925,59.90675990676065,-5.718833007111357,0.28260869565216046,2,0,ema_ribbon_bounce_short,152.92753270149987,SL,2021-08-09 06:30:00+00:00,-13.653270149987407,-714.422379195256,255,False
2021-08-09 15:45:00+00:00,21,GBP_JPY,SHORT,152.683,152.92419957230203,152.51442857985677,152.51442857985677,152.51442857985677,2932.33,4,OVERLAP,2.5,0.0987857100716087,17.749362777868594,44.556053027111744,152.80507122157402,152.76337751152204,-7.114230627627194,False,0.002038145126903354,72.43278246485315,-9.307122157403569,0.7021276595743265,15,0,ema_ribbon_bounce_short,152.758,TIME,2021-08-09 23:45:00+00:00,-7.500000000001705,-219.92475000005,480,False
2021-08-10 18:15:00+00:00,21,GBP_JPY,SHORT,152.951,153.02330910133819,152.82956218619694,152.82956218619694,152.82956218619694,9750.89,4,NY,2.5,0.07821890690153052,14.559670775817706,46.60866165346969,152.9993113609994,152.8715125365711,-9.586907493061858,False,-0.0024692501861288876,55.56621114041482,-1.3311360999409771,0.6153846153857926,18,1,ema_ribbon_bounce_short,153.02330910133819,SL,2021-08-10 18:45:00+00:00,-7.2309101338191795,-705.0780931475609,30,False
2021-08-11 14:30:00+00:00,21,GBP_JPY,LONG,153.164,152.91750046161334,153.34474670054973,153.34474670054973,153.34474670054973,2831.76,4,OVERLAP,2.5,0.10487335027487067,17.008258074503445,55.70305205162352,153.05337071816547,152.9615833288267,5.607948945419139,False,0.004853506488086617,35.95548508339194,8.162928183452323,0.4494382022471085,14,2,ema_ribbon_bounce_long,153.127,TIME,2021-08-11 22:30:00+00:00,-3.6999999999977717,-104.7751199999369,480,False
2021-08-18 05:15:00+00:00,21,GBP_JPY,LONG,150.708,150.66018582951008,150.820673660687,150.820673660687,150.820673660687,14576.85,3,ASIAN,2.5,0.0738368303434956,22.809103797662043,51.83687769387604,150.64331082911374,151.02554421378306,0.38060430808002366,False,-0.0077604529167744005,14.934738464147523,2.9689170886257443,0.41379310344834347,5,2,ema_ribbon_bounce_long,150.66018582951008,SL,2021-08-18 05:30:00+00:00,-4.781417048991443,-696.9799911059092,15,False
2021-08-20 18:45:00+00:00,21,GBP_JPY,LONG,149.615,149.5527021749776,149.7486536771722,149.7486536771722,149.7486536771722,11075.99,4,NY,2.5,0.0843268385860893,15.778934273661411,52.811835032909244,149.53188011271422,149.9454330809011,12.205657357287691,False,-0.010279468022975358,19.020909645913978,4.811988728579308,0.41666666666745616,18,4,ema_ribbon_bounce_long,149.5527021749776,SL,2021-08-20 19:00:00+00:00,-6.2297825022398,-690.01008696983,15,False
2021-08-20 19:00:00+00:00,21,GBP_JPY,LONG,149.607,149.55415210306631,149.73517841451704,149.73517841451704,149.73517841451704,12925.96,3,NY,2.5,0.08158920725851297,16.422826970725126,51.96508580388118,149.5334534416274,149.94171732885232,11.350889707222223,False,-0.01166826879608869,24.382215007218974,3.854655837261589,0.2173913043475306,19,4,ema_ribbon_bounce_long,149.55415210306631,SL,2021-08-20 20:00:00+00:00,-5.2847896933684515,-683.1098018489288,60,False
2021-08-24 15:45:00+00:00,21,GBP_JPY,SHORT,150.397,150.59178082796566,150.16420999303907,150.16420999303907,150.16420999303907,3472.0,5,OVERLAP,2.5,0.13089500348045824,16.712140865800144,47.80525798869767,150.491565828446,150.35047644604305,0.18468106062528022,False,0.017535943277882115,18.6336176960065,-6.5565828446011665,0.02439024390255738,15,1,ema_ribbon_bounce_short,150.59178082796566,SL,2021-08-24 17:30:00+00:00,-19.478082796567264,-676.2790346968154,105,False
2021-08-25 09:30:00+00:00,21,GBP_JPY,LONG,150.749,150.4645443344257,150.92829259115905,150.92829259115905,150.92829259115905,2353.67,3,LONDON,2.5,0.1041462955795316,32.67153476785541,55.47851032852487,150.60782513967914,150.4754343836904,-1.41020759881485,False,0.01288949175030257,30.042969918885195,11.217486032086299,0.79487179487177,9,2,ema_ribbon_bounce_long,150.92829259115905,TP3,2021-08-25 14:15:00+00:00,17.929335291661243,421.99738595924316,285,True
2021-08-27 15:30:00+00:00,21,GBP_JPY,LONG,151.257,150.82752053940476,151.48395871814557,151.48395871814557,151.48395871814557,1568.73,5,OVERLAP,2.5,0.12797935907277988,28.611179432358096,57.184907126743745,151.01216478751957,150.91899574201008,7.761752897459928,False,-0.015578763987189298,22.664584116448925,21.583521248044235,0.8931297709925072,15,4,ema_ribbon_bounce_long,151.219,TIME,2021-08-29 23:30:00+00:00,-3.8000000000010914,-59.61174000001712,3360,False
2021-08-30 10:30:00+00:00,21,GBP_JPY,SHORT,151.034,151.1600846067054,150.91945876902577,150.91945876902577,150.91945876902577,5338.79,4,LONDON,2.5,0.07177061548710793,21.522828667380296,45.822174952074754,151.11111032232665,151.03217458446588,-5.642067766035552,False,-0.009850320749786971,34.729152897104555,-4.8110322326664345,0.06000000000027285,10,0,ema_ribbon_bounce_short,151.1600846067054,SL,2021-08-30 11:30:00+00:00,-12.608460670540465,-673.1392374327473,60,False
2021-08-30 16:15:00+00:00,21,GBP_JPY,LONG,151.25,151.0357623453923,151.37506789255377,151.37506789255377,151.37506789255377,3110.6,5,OVERLAP,2.5,0.07703394627688791,15.93647029781104,56.42383505365943,151.13880220247185,151.05710051102466,8.778352975943449,False,0.006038111887998798,83.61635220126226,8.21977975281527,0.6562500000000971,16,0,ema_ribbon_bounce_long,151.259,TIME,2021-08-31 00:15:00+00:00,0.899999999998613,27.995399999956856,480,True
2021-08-31 19:15:00+00:00,21,GBP_JPY,SHORT,151.203,151.3680126831118,151.06130640893917,151.06130640893917,151.06130640893917,4040.23,3,NY,2.5,0.08834679553041247,14.93327609166069,46.413219912004834,151.29124107666087,151.2181140250783,-5.116599860977544,False,0.003763169796013599,49.87795980123328,-5.324107666086775,0.41176470588232833,19,1,ema_ribbon_bounce_short,151.3680126831118,SL,2021-08-31 23:45:00+00:00,-16.50126831117973,-666.6891926887768,270,False
2021-09-01 02:15:00+00:00,21,GBP_JPY,LONG,151.409,151.23388781542482,151.5076905054022,151.5076905054022,151.5076905054022,3769.14,4,ASIAN,2.5,0.06684525270109487,20.57370753757609,54.70070133964249,151.32145765137116,151.24423654224236,7.454667185260178,False,0.0013560587475190886,49.203436726375195,5.254234862883322,0.0727272727271318,2,2,ema_ribbon_bounce_long,151.5076905054022,TP3,2021-09-01 06:15:00+00:00,9.869076724046174,371.979318436714,240,True
2021-09-01 15:45:00+00:00,21,GBP_JPY,LONG,151.746,151.43388399597637,151.92494067277045,151.92494067277045,151.92494067277045,2126.59,4,OVERLAP,2.5,0.10397033638522372,21.14023301368276,52.537994465404445,151.63966474663323,151.41157071173348,-0.36870595994287214,False,-0.004157037766265696,64.28687389581695,7.733525336678326,0.38095238095283207,15,2,ema_ribbon_bounce_long,151.43388399597637,SL,2021-09-01 21:00:00+00:00,-31.211600402363615,-663.7427729966245,315,False
2021-09-01 22:30:00+00:00,21,GBP_JPY,SHORT,151.489,151.59353206652813,151.41101067964811,151.41101067964811,151.41101067964811,6286.15,3,NY,2.5,0.056494660175950145,29.751770693133075,47.42238113731815,151.56598015140145,151.44201409504998,-14.436064413033023,False,0.010534336113717332,77.85741934622655,-4.198015140144662,0.5909090909095607,22,2,ema_ribbon_bounce_short,151.59353206652813,SL,2021-09-01 23:45:00+00:00,-10.45320665281224,-657.1042500057566,75,False
2021-09-02 01:30:00+00:00,21,GBP_JPY,SHORT,151.428,151.60464432180896,151.31830164279472,151.31830164279472,151.31830164279472,3682.73,4,ASIAN,2.5,0.07234917860263487,34.84946919068845,43.594433371227346,151.5454621245598,151.45039421808562,-18.749818311690092,False,-0.004529670907384986,47.88599719593142,-8.246212455981095,0.1410256410255803,1,3,ema_ribbon_bounce_short,151.60464432180896,SL,2021-09-02 06:30:00+00:00,-17.664432180896483,-650.5333432555291,300,False
2021-09-02 11:15:00+00:00,21,GBP_JPY,LONG,151.698,151.49397270727425,151.81871937533904,151.81871937533904,151.81871937533904,3156.58,5,LONDON,2.5,0.07485968766951209,18.46753754394931,53.59668874231201,151.60123798440233,151.49579926578184,0.674881140221828,False,-0.0055386393351053165,30.687335594538187,6.776201559767969,0.6949152542377454,11,3,ema_ribbon_bounce_long,151.81871937533904,TP3,2021-09-02 13:30:00+00:00,12.071975777627891,381.0615730014465,135,True
2021-09-03 15:45:00+00:00,21,GBP_JPY,SHORT,151.952,152.1500249585931,151.72900699635943,151.72900699635943,151.72900699635943,3271.5,4,OVERLAP,2.5,0.1259965018202796,25.126135793257422,46.418469848110554,152.05614559053595,151.89111310449027,-5.021130233413373,False,0.003579337242820342,47.985817420646676,-7.514559053595349,0.4242424242422807,15,4,ema_ribbon_bounce_short,152.1500249585931,SL,2021-09-03 17:00:00+00:00,-19.802495859309484,-647.8386520373099,75,False
2021-09-06 03:00:00+00:00,21,GBP_JPY,SHORT,152.05700000000002,152.1431089233646,151.961951444808,151.961951444808,151.961951444808,7448.24,4,ASIAN,2.5,0.06502427759601478,23.13669357031054,47.57365623313743,152.10573494568212,151.97230437370663,3.476132767147533,False,-0.005688926388168409,22.0092053710697,-1.3734945682102762,0.6666666666662155,3,0,ema_ribbon_bounce_short,152.1431089233646,SL,2021-09-06 04:00:00+00:00,-8.61089233645771,-641.3599273609777,60,False
2021-09-06 11:30:00+00:00,21,GBP_JPY,SHORT,152.00900000000001,152.13797740342324,151.9098927870071,151.9098927870071,151.9098927870071,4922.93,4,LONDON,2.5,0.06405360649645124,13.91532580508743,45.29375766991591,152.07778506745979,152.00052815557981,-3.462375111260485,False,-0.005806885104147355,41.81096681096968,-3.9785067459774837,0.22222222222169588,11,0,ema_ribbon_bounce_short,151.9098927870071,TP3,2021-09-06 14:15:00+00:00,9.910741431045382,487.8988631313624,165,True
2021-09-07 03:15:00+00:00,21,GBP_JPY,LONG,152.082,151.94881322078965,152.1644397018259,152.1644397018259,152.1644397018259,4803.97,5,ASIAN,2.5,0.058719850912944654,38.178104656394844,54.4208547514476,152.00199479576182,151.9884143814954,7.180417097046643,False,-0.0020882908323634,49.60127591707018,4.500520423817989,0.3414634146344169,3,1,ema_ribbon_bounce_long,151.94881322078965,SL,2021-09-07 05:00:00+00:00,-13.318677921034803,-639.8252917231357,105,False
2021-09-08 02:30:00+00:00,21,GBP_JPY,SHORT,151.935,152.01558708096783,151.8657161090079,151.8657161090079,151.8657161090079,7860.15,3,ASIAN,2.5,0.052141945496053076,16.80578384570195,45.56002823644681,151.9788970457819,151.9605235257324,9.65252637841445,False,-0.004802359614718489,20.72283479407838,-0.8897045781907309,0.6956521739129629,2,2,ema_ribbon_bounce_short,152.01558708096783,SL,2021-09-08 03:00:00+00:00,-8.058708096783107,-633.4265444692974,30,False
2021-09-08 12:45:00+00:00,21,GBP_JPY,SHORT,151.722,151.96369547797684,151.56861576591933,151.56861576591933,151.56861576591933,2594.56,3,LONDON,2.5,0.09119211704034014,23.490868860525275,48.02068205068874,151.82102104356665,151.91044237364582,6.74690168322627,False,0.016541832446664028,42.553094625657245,-7.002104356664063,0.38461538461543265,12,2,ema_ribbon_bounce_short,151.56861576591933,TP3,2021-09-08 14:30:00+00:00,15.338482525696023,397.9661322186987,105,True
2021-09-09 15:30:00+00:00,21,GBP_JPY,LONG,152.018,151.71710458863848,152.19959752534322,152.19959752534322,152.19959752534322,2097.31,4,OVERLAP,2.5,0.10529876267160455,33.947187484214325,54.33180242119802,151.86523383330317,151.8347115869138,5.867651356348347,False,-0.016260124017891883,25.19848718697287,12.376616669683926,0.5784313725489731,15,3,ema_ribbon_bounce_long,151.71710458863848,SL,2021-09-09 20:45:00+00:00,-30.089541136152324,-631.0709552026362,315,False
2021-09-09 21:30:00+00:00,21,GBP_JPY,SHORT,151.772,151.9166337978663,151.64326875183448,151.64326875183448,151.64326875183448,4319.61,3,NY,2.5,0.08186562408275652,38.98237989592055,46.27982853305832,151.85349465745708,151.84000440364085,-11.109290742808753,False,-0.0009720257720211636,64.49704142011923,-4.649465745708881,0.29629629629612086,21,3,ema_ribbon_bounce_short,151.9166337978663,SL,2021-09-09 22:15:00+00:00,-14.463379786630528,-624.7615996012709,45,False
2021-09-13 11:45:00+00:00,21,GBP_JPY,LONG,152.236,152.0450257607244,152.36401271953514,152.36401271953514,152.36401271953514,3238.73,5,LONDON,2.5,0.07850635976757034,21.315351860240867,55.84974922769909,152.12970714063746,152.08179751392706,3.8652715400758098,False,0.00011956072286032834,30.451525392552,7.72928593625295,0.8421052631575602,11,0,ema_ribbon_bounce_long,152.0450257607244,SL,2021-09-13 14:00:00+00:00,-19.09742392755902,-618.5139979690323,135,False
2021-09-13 18:15:00+00:00,21,GBP_JPY,SHORT,152.107,152.21897515665054,152.0013227372035,152.0013227372035,152.0013227372035,5468.43,3,NY,2.5,0.07033863139823823,11.345414084176312,46.372909001280085,152.16406387643204,152.10585737216147,-3.553115740209023,False,-0.005542348737850334,32.697364397964684,-2.206387643204266,0.6750000000000356,18,0,ema_ribbon_bounce_short,152.21897515665054,SL,2021-09-13 20:15:00+00:00,-11.197515665054423,-612.3283058825357,120,False
2021-09-15 22:00:00+00:00,21,GBP_JPY,LONG,151.446,151.32353557099276,151.56279884639847,151.56279884639847,151.56279884639847,4950.05,4,NY,2.5,0.07589942319922566,22.294193646310696,57.305473136304194,151.31930096015054,151.60082946049812,19.88797775867681,False,-0.0030309429152357154,84.94728346650442,9.169903984945904,0.0,22,2,ema_ribbon_bounce_long,151.56279884639847,TP3,2021-09-16 00:30:00+00:00,11.679908235334912,578.1612976031959,150,True
2021-09-16 10:00:00+00:00,21,GBP_JPY,SHORT,151.112,151.3835378410094,150.94272564544167,150.94272564544167,150.94272564544167,2253.78,4,LONDON,2.5,0.09913717727916678,16.102169402476193,48.12543662122313,151.20812556080074,151.45840925823134,0.8489486091519893,False,0.01037343904316168,57.58889491016571,-6.712556080074705,0.6400000000002501,10,3,ema_ribbon_bounce_short,151.3835378410094,SL,2021-09-16 11:45:00+00:00,-27.15378410094047,-611.9865553101762,105,False
2021-09-17 10:30:00+00:00,21,GBP_JPY,LONG,151.679,151.368237763364,151.83450494930472,151.83450494930472,151.83450494930472,1949.62,5,LONDON,2.5,0.09225247465235802,27.775149605735635,53.56211933883535,151.5520508925432,151.44959545269964,-1.5648215757551043,False,-0.01483265309322522,47.99340346991272,9.794910745679886,0.6041666666665679,10,4,ema_ribbon_bounce_long,151.83450494930472,TP3,2021-09-17 12:00:00+00:00,15.550574692142508,303.17711431294873,90,True
2021-09-21 09:00:00+00:00,21,GBP_JPY,LONG,150.003,149.75639969618788,150.21005620588159,150.21005620588159,150.21005620588159,2469.17,4,LONDON,2.5,0.11802810294079559,31.525561245633302,56.485074743952396,149.7932781466841,150.21656122459774,-4.500636373296629,False,-0.003264814186924578,32.2560655894001,18.072185331590163,0.3103448275862069,9,1,ema_ribbon_bounce_long,149.75639969618788,SL,2021-09-21 11:00:00+00:00,-24.660030381210163,-608.898072163727,120,False
2021-09-21 16:15:00+00:00,21,GBP_JPY,SHORT,149.275,149.85448112983212,148.97486916686645,148.97486916686645,148.97486916686645,1040.26,4,OVERLAP,2.5,0.1645654165667699,36.76852803007264,45.05010337176362,149.5346350420748,150.0300897252965,-22.511780429462647,False,0.02256987870867433,83.44712328481,-23.06350420747947,0.8369565217389927,16,1,ema_ribbon_bounce_short,149.187,TIME,2021-09-22 00:15:00+00:00,8.799999999999386,91.54287999999362,480,True
2021-09-22 04:30:00+00:00,21,GBP_JPY,LONG,149.428,149.35545956848077,149.58134739335543,149.58134739335543,149.58134739335543,8322.61,3,ASIAN,2.5,0.09417369667772106,16.80929629822625,52.008736823785036,149.35940550239516,149.74445267176455,-3.0569989637655226,False,-0.00945842328082979,27.040007922355183,3.3594497604838125,0.18750000000011102,4,2,ema_ribbon_bounce_long,149.58134739335543,TP3,2021-09-22 05:00:00+00:00,15.334757760940192,1276.2520828877846,30,True
2021-09-22 22:45:00+00:00,21,GBP_JPY,LONG,149.583,149.41252212983855,149.7354836515102,149.7354836515102,149.7354836515102,3616.23,3,NY,2.5,0.09374182575510911,15.675578449830263,49.99005402136293,149.53067543918638,149.62398788252312,0.7403418963662034,False,-0.002678853084738187,82.11420016049512,1.7324560813619883,0.0,22,2,ema_ribbon_bounce_long,149.7354836515102,TP3,2021-09-23 01:45:00+00:00,15.24840731749031,551.4174799372798,180,True
2021-09-24 09:45:00+00:00,21,GBP_JPY,SHORT,151.228,151.2874895323462,150.99488199154965,150.99488199154965,150.99488199154965,10455.66,4,LONDON,2.5,0.13105900422517405,25.755521842213962,41.9880248299281,151.40153653802358,150.7326692212548,-5.32318765021671,False,-0.02466516945997483,39.30059943251143,-14.45365380235728,0.9399999999999052,9,4,ema_ribbon_bounce_short,151.2874895323462,SL,2021-09-24 10:00:00+00:00,-5.948953234619125,-622.002323770778,15,False
2021-09-24 17:30:00+00:00,21,GBP_JPY,LONG,151.47299999999998,151.14721462361314,151.6361426093291,151.6361426093291,151.6361426093291,1890.15,5,NY,2.5,0.09907130466456865,24.36675202109917,53.27365145216989,151.37800446716,150.89508805943177,12.38257525492088,False,0.006005836156535306,15.736337300486165,5.999553283999148,0.16666666666627192,17,4,ema_ribbon_bounce_long,151.14721462361314,SL,2021-09-26 21:00:00+00:00,-32.57853763868468,-615.7832291775985,3090,False
2021-09-27 05:15:00+00:00,21,GBP_JPY,SHORT,151.196,151.3432961458495,151.0927985337844,151.0927985337844,151.0927985337844,4138.77,4,ASIAN,2.5,0.06910073310779888,23.15088885542262,47.052692747052696,151.29158117958096,151.04705285960873,-8.34745541255586,False,0.005565641393429813,67.12909626217517,-6.058117958096432,0.5476190476193055,5,0,ema_ribbon_bounce_short,151.3432961458495,SL,2021-09-27 05:45:00+00:00,-14.729614584950923,-609.6248695575733,30,False
2021-09-30 09:15:00+00:00,21,GBP_JPY,LONG,150.537,150.36782488249045,150.74032041291935,150.74032041291935,150.74032041291935,3567.48,4,LONDON,2.5,0.11616020645967251,23.422752051631427,55.16456027455264,150.41552609373616,150.7083815534867,13.73731105003344,False,0.0016693653478885746,92.30141345677282,9.2473906263848,0.707070707071,9,3,ema_ribbon_bounce_long,150.74032041291935,TP3,2021-09-30 12:15:00+00:00,20.332098284660713,725.343539885614,180,True
2021-09-30 18:45:00+00:00,21,GBP_JPY,SHORT,150.066,150.59252681583314,149.77333128577285,149.77333128577285,149.77333128577285,1160.02,4,NY,2.5,0.16383435711357056,34.73074332284449,44.17509348225768,150.34759314110488,150.61271944947612,-37.63005407024593,False,0.008354318109233871,88.0498424789593,-24.65931411048814,0.7153284671533786,18,3,ema_ribbon_bounce_short,149.77333128577285,TP3,2021-10-01 01:00:00+00:00,29.26712371898054,339.504488564918,375,True
2021-10-01 15:00:00+00:00,21,GBP_JPY,LONG,150.527,149.9220530263689,150.8821467527578,150.8821467527578,150.8821467527578,1015.26,3,OVERLAP,2.5,0.19207337637890548,28.944962803060324,58.63421138145965,150.14148845618186,150.26877488262048,24.393733784174287,False,-0.03150971688086518,22.13910090086514,35.651154381812944,0.8851351351351597,15,4,ema_ribbon_bounce_long,150.596,TIME,2021-10-03 23:00:00+00:00,6.9000000000016835,70.05294000001709,3360,True
2021-10-04 16:30:00+00:00,21,GBP_JPY,SHORT,150.816,150.87742151199262,150.5007508094061,150.5007508094061,150.5007508094061,10010.78,4,OVERLAP,2.5,0.17212459529694527,38.24047795439398,44.59564372005776,150.89173926093153,150.56101164885632,-19.95944902259623,False,-0.04901415324455924,72.96952302117525,-4.6739260931531135,0.7602339181285364,16,0,ema_ribbon_bounce_short,150.87742151199262,SL,2021-10-04 16:45:00+00:00,-6.142151199262002,-614.8772438254807,15,False
2021-10-04 18:45:00+00:00,21,GBP_JPY,LONG,151.02,150.6087270753796,151.2525197374278,151.2525197374278,151.2525197374278,1480.11,5,NY,2.5,0.13375986871388873,33.45668667043454,51.19117243162194,150.9037120475699,150.59284905180834,-4.694496288243499,False,-0.0062838094710930565,51.56494522691177,8.128795243010245,0.7529411764707692,18,0,ema_ribbon_bounce_long,151.131,TIME,2021-10-05 02:45:00+00:00,11.099999999998998,164.29220999998518,480,True
2021-10-06 23:30:00+00:00,21,GBP_JPY,LONG,151.4,151.32246466859252,151.50189923240978,151.50189923240978,151.50189923240978,7872.17,5,NY,2.5,0.06844961620488457,16.123876469934157,53.6478698580662,151.3284810756182,151.3470773722058,19.031947006902783,False,-0.0054660852128422255,24.319384319390775,3.651892438179516,0.567567567567879,23,2,ema_ribbon_bounce_long,151.32246466859252,SL,2021-10-07 00:00:00+00:00,-7.753533140748915,-610.3713098460938,30,False
2021-10-07 02:45:00+00:00,21,GBP_JPY,LONG,151.451,151.31712796688055,151.57079001400643,151.57079001400643,151.57079001400643,4513.77,5,ASIAN,2.5,0.07739500700322446,26.96726840598629,53.50902270291181,151.36075790398567,151.35425526253894,21.889654029840244,False,-0.0026757524408101974,40.95327256302691,5.524209601432517,0.8965517241384041,2,3,ema_ribbon_bounce_long,151.31712796688055,SL,2021-10-07 04:45:00+00:00,-13.387203311944518,-604.2675669335581,120,False
2021-10-07 10:30:00+00:00,21,GBP_JPY,LONG,151.472,151.245861297968,151.70092838382166,151.70092838382166,151.70092838382166,2645.39,5,LONDON,2.5,0.1289641919108249,32.33487717860504,55.20400788182305,151.35700335444076,151.35325827933298,8.268106985349277,False,0.018631226251922834,27.745667089389865,8.599664555924846,0.8441558441562037,10,3,ema_ribbon_bounce_long,151.70092838382166,TP3,2021-10-07 13:45:00+00:00,22.892924920779233,605.6071465618018,195,True
2021-10-11 23:15:00+00:00,21,GBP_JPY,SHORT,153.972,153.91227574454317,153.81374153334224,153.81374153334224,153.81374153334224,10117.85,3,NY,2.5,0.09662923332888634,51.28128263690704,42.459147126349386,154.06823902595502,153.29394650253133,-12.510321076916853,False,1.7543166023516188e-05,27.15758681715558,-6.123902595501818,0.7777777777776725,23,0,ema_ribbon_bounce_short,153.91227574454317,SL,2021-10-11 23:30:00+00:00,5.972425545684246,604.2810580740135,15,True
2021-10-12 18:15:00+00:00,21,GBP_JPY,LONG,154.493,154.0709567390063,154.70425068145508,154.70425068145508,154.70425068145508,1446.12,5,NY,2.5,0.12312534072753756,16.323782332801063,52.473259279638434,154.34641286593822,153.81011821637733,6.0106982662205155,False,-0.0184751634115195,75.49265662762528,11.158713406177867,0.87323943661991,18,1,ema_ribbon_bounce_long,154.368,TIME,2021-10-13 02:15:00+00:00,-12.5,-180.765,480,False
2021-10-13 17:15:00+00:00,21,GBP_JPY,LONG,154.801,154.41625713011123,155.01447052728074,155.01447052728074,155.01447052728074,1581.62,4,NY,2.5,0.12423526364037012,16.31009584845483,53.889560950777536,154.65246349541397,154.26683798776634,8.25906499697453,False,0.006932656958081186,26.79148225061823,11.35365045860226,0.5507246376807714,17,2,ema_ribbon_bounce_long,155.01447052728074,TP3,2021-10-14 01:15:00+00:00,21.347187697616967,337.6313900630494,480,True
2021-10-14 20:15:00+00:00,21,GBP_JPY,SHORT,155.4,155.35652721161458,155.27678791725242,155.27678791725242,155.27678791725242,14075.3,4,NY,2.5,0.07910604137378467,26.77178897906434,44.65548722742848,155.44322239050874,154.95146809089806,-8.760905438177247,False,-0.010881340316307728,32.19152440850449,-0.8222390508734634,0.0,20,3,ema_ribbon_bounce_short,155.35652721161458,SL,2021-10-14 20:30:00+00:00,4.347278838542935,611.8925383614336,15,True
2021-10-19 08:45:00+00:00,21,GBP_JPY,LONG,157.19899999999998,156.89781580996396,157.3830264833264,157.3830264833264,157.3830264833264,2051.94,4,LONDON,2.5,0.1065132416632083,21.969632998560975,54.59022555317755,157.07310053928816,156.77348429675703,1.4981954708417788,False,0.0009579268576055261,81.42736376030558,9.689946071182476,0.19444444444457604,8,1,ema_ribbon_bounce_long,157.3830264833264,TP3,2021-10-19 09:15:00+00:00,18.402738016786433,377.61314246164756,30,True
2021-10-22 03:45:00+00:00,21,GBP_JPY,LONG,157.397,157.2486992146182,157.57058392808528,157.57058392808528,157.57058392808528,4192.75,5,ASIAN,2.5,0.1042919640426388,18.369718286666703,54.06692858593116,157.28379000595814,157.4249150642659,9.401422187488606,False,-0.009795894607433304,70.27409776153428,7.8209994041856135,0.46376811594165884,3,4,ema_ribbon_bounce_long,157.2486992146182,SL,2021-10-22 04:30:00+00:00,-14.830078538179237,-621.78811790951,45,False
2021-10-22 05:15:00+00:00,21,GBP_JPY,LONG,157.399,157.25402439815286,157.55792476685647,157.55792476685647,157.55792476685647,4246.02,5,ASIAN,2.5,0.09696238342823245,13.69647843885815,54.16872050428347,157.29490529741403,157.4196767323828,9.39629636113466,False,-0.008458343346435276,72.81768899133839,6.909470258597139,0.03896103896121153,5,4,ema_ribbon_bounce_long,157.25402439815286,SL,2021-10-22 05:30:00+00:00,-14.49756018471362,-615.5693049549774,15,False
2021-10-25 17:45:00+00:00,21,GBP_JPY,LONG,156.593,156.43133394500066,156.77125973221578,156.77125973221578,156.77125973221578,3769.58,5,NY,2.5,0.10662986610788926,13.665681879898523,53.580625457488594,156.49624012418238,156.71989542531315,9.447868412556204,False,0.0059045797621261956,79.2380952380969,6.175987581761433,0.12068965517251518,17,0,ema_ribbon_bounce_long,156.77125973221578,TP3,2021-10-26 01:00:00+00:00,17.826020510596134,671.9661039633297,435,True
2021-10-26 18:15:00+00:00,21,GBP_JPY,SHORT,157.112,157.14394412461337,156.92808541572919,156.92808541572919,156.92808541572919,19287.85,3,NY,2.5,0.10945729213540897,27.25555945659419,42.864024951621666,157.19723700266405,156.92049513055306,-21.741179499895225,False,-0.024133898412711234,84.74288142796568,-5.023700266406195,0.6034482758620858,18,1,ema_ribbon_bounce_short,157.14394412461337,SL,2021-10-26 18:30:00+00:00,-3.1944124613374925,-616.1334839240835,15,False
2021-10-26 21:30:00+00:00,21,GBP_JPY,SHORT,157.076,157.13828055229405,156.93556812990863,156.93556812990863,156.93556812990863,9793.94,3,NY,2.5,0.08771593504567725,15.989194748432864,45.15623611213741,157.15973311299717,156.9429503945233,-22.917926467843586,False,0.007521572080524105,52.509758645330855,-4.8733112997183525,0.10526315789483526,21,1,ema_ribbon_bounce_short,157.13828055229405,SL,2021-10-26 21:45:00+00:00,-6.228055229405527,-609.9719923348397,15,False
2021-10-26 21:45:00+00:00,21,GBP_JPY,SHORT,157.06300000000002,157.137097300015,156.92681326348662,156.92681326348662,156.92681326348662,8149.72,4,NY,2.5,0.08559336825669979,14.181878052775238,44.01563583425623,157.15731220660513,156.94449317666738,-24.135412173902182,False,0.0074454316158182945,53.66430260047296,-5.9312206605113715,0.20689655172417173,21,1,ema_ribbon_bounce_short,157.137097300015,SL,2021-10-26 22:00:00+00:00,-7.409730001498359,-603.8722478781121,15,False
2021-10-27 05:15:00+00:00,21,GBP_JPY,SHORT,156.971,157.1396296662967,156.85909395327312,156.85909395327312,156.85909395327312,3545.25,4,ASIAN,2.5,0.0734530233634414,23.7914277588761,43.90743459251897,157.098337485586,156.98212992334464,-27.229395811488644,False,-0.0006586699987541911,84.9313557037973,-9.233748558600041,0.8214285714286802,5,2,ema_ribbon_bounce_short,157.1396296662967,SL,2021-10-27 07:00:00+00:00,-16.86296662967095,-597.8343244384093,105,False
2021-10-27 19:30:00+00:00,21,GBP_JPY,SHORT,156.288,156.66665448670898,156.07306555183877,156.07306555183877,156.07306555183877,1563.05,4,NY,2.5,0.12496722408061765,24.216276378310887,49.90071345304871,156.37563872685416,156.68701998709392,16.051531550704112,False,-0.0037703395319583013,22.66397012025884,-5.263872685415549,0.5454545454545454,19,2,ema_ribbon_bounce_short,156.07306555183877,TP3,2021-10-28 02:00:00+00:00,21.493582325767882,335.95543854291486,390,True
2021-11-08 02:30:00+00:00,21,GBP_JPY,LONG,153.146,153.15809291635665,153.30010080968148,153.30010080968148,153.30010080968148,49220.13,3,ASIAN,2.5,0.09455040484073915,18.350140926559313,54.27359945237057,153.07233205450797,153.743219953032,6.166854657973886,False,-0.004573602359669179,36.24691319022333,3.866794549202268,0.5689655172412272,2,0,ema_ribbon_bounce_long,153.15809291635665,SL,2021-11-08 02:45:00+00:00,1.2092916356664318,595.2149151541441,15,True
2021-11-08 05:00:00+00:00,21,GBP_JPY,LONG,153.188,153.15065486824562,153.31719364058594,153.31719364058594,153.31719364058594,16097.6,4,ASIAN,2.5,0.08209682029297566,16.84757297077896,54.75433598388674,153.09498418325933,153.68618239055542,9.364683652651706,False,-0.008700872914946825,39.1653409517485,5.8015816740663695,0.9310344827587728,5,0,ema_ribbon_bounce_long,153.15065486824562,SL,2021-11-08 05:15:00+00:00,-3.7345131754364047,-601.1669929290507,15,False
2021-11-08 11:00:00+00:00,21,GBP_JPY,SHORT,152.96800000000002,153.27659460496494,152.77198268412127,152.77198268412127,152.77198268412127,1928.6,5,LONDON,2.5,0.11250865793937147,21.715644020353817,47.260964867243736,153.06323101209057,153.55201880380545,1.6293201367375332,False,-0.000822607301093365,79.85442159160122,-6.623101209055449,0.16666666666621552,11,0,ema_ribbon_bounce_short,153.27659460496494,SL,2021-11-08 11:45:00+00:00,-30.859460496492378,-595.155555135352,45,False
2021-11-08 17:45:00+00:00,21,GBP_JPY,LONG,153.549,153.14194230210796,153.76702078286843,153.76702078286843,153.76702078286843,1447.47,4,NY,2.5,0.1265103914342145,38.875924060524795,57.77436930914373,153.3017002497457,153.5181212358156,23.69391464035857,False,-0.007223174667814775,57.91339437872458,21.229975025431713,0.6727272727273009,17,0,ema_ribbon_bounce_long,153.342,TIME,2021-11-09 01:45:00+00:00,-20.699999999999363,-299.6262899999908,480,False
2021-11-09 11:00:00+00:00,21,GBP_JPY,LONG,153.37,153.18095412518696,153.56417649816277,153.56417649816277,153.56417649816277,3100.87,3,LONDON,2.5,0.11158824908137746,40.88762166865304,54.595667241550196,153.2804732076567,153.41877310225414,2.0638943386842357,False,0.016156508295113656,14.807645024854166,6.0526792343296165,0.13333333333361125,11,1,ema_ribbon_bounce_long,153.18095412518696,SL,2021-11-09 13:30:00+00:00,-18.9045874813047,-586.206681831533,150,False
2021-11-09 18:45:00+00:00,21,GBP_JPY,SHORT,152.922,153.3086755511697,152.71751920829195,152.71751920829195,152.71751920829195,1500.86,5,NY,2.5,0.11974039585402464,26.57654490177731,43.463363635781434,153.11854307589604,153.32778965145005,-16.2479917212778,False,0.01861372622949018,30.177295089571086,-16.154307589604855,0.8487394957983133,18,1,ema_ribbon_bounce_short,153.024,TIME,2021-11-10 02:45:00+00:00,-10.200000000000387,-153.0877200000058,480,False
2021-11-10 04:00:00+00:00,21,GBP_JPY,SHORT,152.906,153.1849522191366,152.76414176828268,152.76414176828268,152.76414176828268,2074.96,4,ASIAN,2.5,0.08842911585866395,23.03430183059556,44.805700469961195,153.03236408743183,153.23100467647598,-14.867064321430234,False,-0.0008609762693592583,32.80500024320451,-9.136408743182756,0.7000000000001624,4,2,ema_ribbon_bounce_short,153.1849522191366,SL,2021-11-10 07:00:00+00:00,-27.89522191365847,-578.8146966196479,180,False
2021-11-10 10:30:00+00:00,21,GBP_JPY,LONG,153.21,152.99007615005195,153.40785110040562,153.40785110040562,153.40785110040562,2605.57,4,LONDON,2.5,0.1134255502028102,25.465542383783966,55.21142820340389,153.09213870958922,153.20279738465723,1.9842296481982657,False,0.0005022346063025818,56.920173480685264,8.886129041079016,0.023809523809636593,10,2,ema_ribbon_bounce_long,152.99007615005195,SL,2021-11-10 11:00:00+00:00,-21.992384994806002,-573.0269857091668,30,False
2021-11-11 03:00:00+00:00,21,GBP_JPY,SHORT,152.778,153.08798034464718,152.60401543618167,152.60401543618167,152.60401543618167,1830.1,4,ASIAN,2.5,0.10449228190916386,33.47864428000064,45.980884726106005,152.9085980946482,153.08911411319957,-29.32809357612598,False,0.01611432180107426,30.08006163197297,-9.559809464821,0.5486725663717883,3,3,ema_ribbon_bounce_short,152.60401543618167,TP3,2021-11-11 08:00:00+00:00,17.39855145016941,318.4108900895504,300,True
2021-11-11 10:30:00+00:00,21,GBP_JPY,SHORT,152.635,153.0249247578,152.40624996559643,152.40624996559643,152.40624996559643,1463.05,5,LONDON,2.5,0.12887501720178263,28.45410156577324,42.479063404012734,152.8197204923007,153.0125634231717,-2.6086527838003803,False,0.0005365989447446012,49.49781973672331,-15.572049230070206,0.8862275449103182,10,3,ema_ribbon_bounce_short,152.40624996559643,TP3,2021-11-11 18:00:00+00:00,22.875159791837156,334.6750253344735,450,True
2021-11-12 20:45:00+00:00,21,GBP_JPY,LONG,152.87,152.63606936781886,152.99627585988884,152.99627585988884,152.99627585988884,2452.98,3,NY,2.5,0.08063792994441261,19.54563740270368,54.58859845125689,152.74974505549127,152.76009910263906,12.507710532872807,False,-0.0016875897900052728,29.857693569559018,8.525494450873339,0.0,20,4,ema_ribbon_bounce_long,152.99627585988884,TP3,2021-11-14 23:15:00+00:00,12.62763746743611,309.7534215487143,3030,True
2021-11-15 04:15:00+00:00,21,GBP_JPY,LONG,152.92499999999998,152.72269402780393,153.02721577215468,153.02721577215468,153.02721577215468,2851.74,3,ASIAN,2.5,0.06860788607734668,7.148448492401922,51.8264634528098,152.84321102857078,152.7914645069675,14.079743911617015,False,-0.003852981908664028,49.457994579933434,4.678897142920846,0.2619047619053258,4,0,ema_ribbon_bounce_long,153.02721577215468,TP3,2021-11-15 06:45:00+00:00,10.22161305876926,291.49382824214644,150,True
2021-11-15 16:15:00+00:00,21,GBP_JPY,LONG,153.111,152.77119639488447,153.318470422351,153.318470422351,153.318470422351,1706.4,4,OVERLAP,2.5,0.11823521117550302,27.206070637939348,55.87254173225444,152.94957037539461,152.84906754682103,12.894472377618627,False,0.004907859237094331,21.462691212471658,13.24296246053791,0.7777777777776725,16,0,ema_ribbon_bounce_long,153.101,TIME,2021-11-16 00:15:00+00:00,-0.9999999999990906,-17.063999999984482,480,False
2021-11-17 20:15:00+00:00,21,GBP_JPY,SHORT,153.936,154.20439261785495,153.73354139398,153.73354139398,153.73354139398,2159.78,3,NY,2.5,0.11872930300999786,32.2727941111451,45.32964309331783,154.11666034450144,153.86441973849628,-26.779391604017633,False,0.010111947729570775,85.60026215387747,-14.566034450143661,0.4067796610169818,20,2,ema_ribbon_bounce_short,153.73354139398,TP3,2021-11-17 22:00:00+00:00,20.24595434238397,437.2680726959406,105,True
2021-11-18 03:15:00+00:00,21,GBP_JPY,SHORT,153.816,154.13066033593407,153.636602221479,153.636602221479,153.636602221479,1856.1,4,ASIAN,2.5,0.1071988892605051,38.83069248534433,43.961068687313166,153.99424665812572,153.88366554640174,-31.453556405708127,False,-0.002121385511186867,77.34621407617874,-14.32466581257188,0.8217821782178134,3,3,ema_ribbon_bounce_short,154.13066033593407,SL,2021-11-18 06:45:00+00:00,-31.466033593406447,-584.0410495272171,210,False
2021-11-19 14:45:00+00:00,21,GBP_JPY,SHORT,153.16,153.99385058767388,152.7131393794641,152.7131393794641,152.7131393794641,693.41,4,OVERLAP,2.5,0.23793031026793646,33.817000538375424,47.630356023049316,153.51251456226302,153.86544804318902,4.061550577137041,False,0.08929323472078016,64.05651963407433,-32.351456226302844,0.5,14,4,ema_ribbon_bounce_short,153.287,TIME,2021-11-21 22:45:00+00:00,-12.700000000000955,-88.06307000000662,3360,False
2021-11-23 11:45:00+00:00,21,GBP_JPY,SHORT,153.526,153.86999931102142,153.2670603896403,153.2670603896403,153.2670603896403,1678.26,5,LONDON,2.5,0.14396980517985353,29.21457977878859,44.603429980428714,153.72466222230338,153.70418339232975,5.504397988124765,False,0.015848905850877074,68.52796975604048,-16.96622223033728,0.7078651685392039,11,1,ema_ribbon_bounce_short,153.86999931102142,SL,2021-11-23 14:30:00+00:00,-34.39993110214062,-577.3202837147851,165,False
2021-11-23 19:30:00+00:00,21,GBP_JPY,LONG,153.874,153.62464956137438,154.0580353987189,154.0580353987189,154.0580353987189,2292.15,5,NY,2.5,0.10951769935945999,14.823817306606031,55.222139695384925,153.747993642757,153.7127007411213,21.618589819067324,False,-0.0004373260031805201,69.62105147040724,9.100635724300332,0.5277777777779094,19,1,ema_ribbon_bounce_long,154.0580353987189,TP3,2021-11-23 20:45:00+00:00,18.40362016131393,421.8385795275573,75,True
2021-11-24 10:45:00+00:00,21,GBP_JPY,SHORT,153.62800000000001,153.94616786276052,153.38692478606896,153.38692478606896,153.38692478606896,1809.63,5,LONDON,2.5,0.13503760696551884,39.30175479345314,43.79758329843384,153.80436182496902,153.7809243768731,-5.655435805118714,False,6.273203868609883e-05,66.39343227825817,-14.736182496901051,0.6546762589926131,10,2,ema_ribbon_bounce_short,153.94616786276052,SL,2021-11-24 15:00:00+00:00,-31.816786276050372,-575.7661094872905,255,False
2021-11-29 10:00:00+00:00,21,GBP_JPY,SHORT,151.157,151.74818375343978,150.77591058257806,150.77591058257806,150.77591058257806,964.18,4,LONDON,2.5,0.20504470871096558,26.151193630217968,47.980510948880216,151.30062443496098,152.0758767414858,-3.6263204197950927,False,0.019721898814624328,43.86330979698085,-11.462443496097308,0.016806722688917072,10,0,ema_ribbon_bounce_short,151.314,TIME,2021-11-29 18:00:00+00:00,-15.699999999998226,-151.3762599999829,480,False
2021-11-29 18:15:00+00:00,21,GBP_JPY,SHORT,151.197,151.6121956997257,150.92024244394054,150.92024244394054,150.92024244394054,1369.22,5,NY,2.5,0.1558787780297334,27.564705923425787,45.84680724607675,151.33322460873183,151.87825685498498,-10.93225389524548,False,0.00018822220427744396,64.46314490090124,-10.122460873182604,0.741071428571261,18,0,ema_ribbon_bounce_short,151.6121956997257,SL,2021-11-29 23:30:00+00:00,-41.519569972570025,-568.4942559784233,315,False
2021-11-30 02:15:00+00:00,21,GBP_JPY,LONG,151.49,151.30071306518224,151.66817655089505,151.66817655089505,151.66817655089505,2973.31,3,ASIAN,2.5,0.10658827544751431,23.28880191350341,54.651371616223116,151.36444124870312,151.7309742435309,10.767240881855855,False,-0.0014469981799783704,25.22762702134113,9.055875129689639,0.2533333333333485,2,1,ema_ribbon_bounce_long,151.30071306518224,SL,2021-11-30 04:30:00+00:00,-18.92869348177726,-562.8087361630314,135,False
2021-11-30 12:30:00+00:00,21,GBP_JPY,SHORT,150.625,151.28361634378132,150.26865757314653,150.26865757314653,150.26865757314653,845.99,4,LONDON,2.5,0.19267121342673244,20.484912402602482,43.926314032879695,150.9109278061323,151.4399413725646,-7.833969904217497,False,0.02165318001123573,59.31577633069981,-25.692780613229615,0.7142857142857543,12,1,ema_ribbon_bounce_short,150.26865757314653,TP3,2021-11-30 14:45:00+00:00,35.634663898868574,301.4656931180383,135,True
2021-12-01 11:45:00+00:00,21,GBP_JPY,LONG,151.073,150.73026101055217,151.33091340827838,151.33091340827838,151.33091340827838,1634.47,4,LONDON,2.5,0.14345670413918943,34.277066928307065,51.575960825647904,150.94249862112656,151.02714439629762,5.660535137002398,False,-0.010118713262076105,58.19209039548349,10.150137887345068,0.6126126126127764,11,2,ema_ribbon_bounce_long,150.73026101055217,SL,2021-12-01 14:30:00+00:00,-34.27389894478381,-560.1965960828079,165,False
2021-12-02 16:45:00+00:00,21,GBP_JPY,LONG,150.509,150.18482881162623,150.84971465846598,150.84971465846598,150.84971465846598,1710.81,3,OVERLAP,2.5,0.18485732923300188,17.559231755373705,55.00340535381418,150.35924265327995,150.52239312157954,7.878476159257275,False,0.023364448864667372,68.37397304228607,12.075734672004046,0.3795180722890927,16,3,ema_ribbon_bounce_long,150.378,TIME,2021-12-03 00:45:00+00:00,-13.100000000000023,-224.1161100000004,480,False
2021-12-03 12:15:00+00:00,21,GBP_JPY,SHORT,150.33100000000002,150.55981088619353,150.0878327260767,150.0878327260767,150.0878327260767,2414.01,4,LONDON,2.5,0.13608363696166,27.615067654927337,46.35195355392551,150.4323229975976,150.477634928085,-8.47796204064366,False,-0.014189899138129715,71.8929765886299,-7.232299759758121,0.13000000000005968,12,4,ema_ribbon_bounce_short,150.55981088619353,SL,2021-12-03 13:45:00+00:00,-22.88108861935143,-552.3517673800055,90,False
2021-12-07 17:15:00+00:00,21,GBP_JPY,SHORT,150.351,150.6235367878641,150.09189605831722,150.09189605831722,150.09189605831722,2006.44,4,NY,2.5,0.14705197084139104,19.548942575860963,47.61450243588766,150.50321011636697,150.375680655426,-11.10139064449811,False,0.01813530355793777,68.19585384640949,-11.721011636697654,0.6075949367088244,17,1,ema_ribbon_bounce_short,150.283,TIME,2021-12-08 01:15:00+00:00,6.800000000001204,136.43792000002418,480,True
2021-12-08 05:15:00+00:00,21,GBP_JPY,LONG,150.474,150.32973580759398,150.59805668025672,150.59805668025672,150.59805668025672,3799.93,3,ASIAN,2.5,0.07952834012835559,18.21888368197667,53.186276704704724,150.40045431488923,150.36968552615815,0.15299141908258207,False,8.002095727317748e-05,32.20190160808253,3.854568511076195,0.7045454545454105,5,2,ema_ribbon_bounce_long,150.32973580759398,SL,2021-12-08 07:00:00+00:00,-14.42641924060126,-548.1938326493795,105,False
2021-12-08 18:45:00+00:00,21,GBP_JPY,LONG,150.462,150.18972497183793,150.73091526266705,150.73091526266705,150.73091526266705,1993.25,3,NY,2.5,0.15195763133352952,20.516808168811284,51.93009040907268,150.3453899381939,150.3376703669172,20.639502249693464,False,-0.019082497696678358,24.137235066154773,8.161006180608865,0.36764705882354787,18,2,ema_ribbon_bounce_long,150.18972497183793,SL,2021-12-08 21:30:00+00:00,-27.227502816205625,-542.7121998840187,165,False
2021-12-09 16:45:00+00:00,21,GBP_JPY,SHORT,149.684,150.1055757950705,149.4465880620321,149.4465880620321,149.4465880620321,1274.47,4,OVERLAP,2.5,0.13320596898394838,20.997669097061742,46.444325912122736,149.83949152612618,150.10710541331582,-3.622268011156393,False,0.0092443698435084,38.816533168786975,-12.649152612618764,0.6956521739130838,16,3,ema_ribbon_bounce_short,150.1055757950705,SL,2021-12-09 18:00:00+00:00,-42.15757950705097,-537.2857035435125,75,False
2021-12-09 20:00:00+00:00,21,GBP_JPY,SHORT,149.839,150.0853210466851,149.65411849665543,149.65411849665543,149.65411849665543,2159.42,4,NY,2.5,0.10994075167227774,31.00573414836232,48.1047625953578,149.8981694034924,150.09235027467113,8.56888614485456,False,-0.009648584435898139,4.487847222221141,-2.4169403492408037,0.08695652173914835,20,3,ema_ribbon_bounce_short,150.0853210466851,SL,2021-12-10 02:00:00+00:00,-24.63210466850967,-531.9105946327315,360,False
2021-12-10 10:15:00+00:00,21,GBP_JPY,LONG,150.148,149.9450254519284,150.28768084918062,150.28768084918062,150.28768084918062,2594.38,4,LONDON,2.5,0.08434042459030373,18.86648695615126,55.102106316537736,150.04769985933052,150.07309156436074,5.828998970093835,False,-0.0014839862449630538,71.61904761904928,7.130014066947865,0.6533333333332727,10,4,ema_ribbon_bounce_long,150.28768084918062,TP3,2021-12-10 13:30:00+00:00,13.968138757842404,362.3865983057118,195,True
2021-12-13 06:00:00+00:00,21,GBP_JPY,SHORT,150.33100000000002,150.35536691090815,150.24273729906068,150.24273729906068,150.24273729906068,21759.7,5,ASIAN,2.5,0.06163135046966598,30.506364686577992,43.933961875259726,150.38226810076728,150.21707836075475,18.783565543395753,False,-0.015804246107272175,32.901098901090585,-1.626810076726315,0.333333333332807,6,0,ema_ribbon_bounce_short,150.35536691090815,SL,2021-12-13 06:15:00+00:00,-2.4366910908128148,-530.2166712875961,15,False
2021-12-14 17:30:00+00:00,21,GBP_JPY,SHORT,150.252,150.3751591235823,150.04525260265007,150.04525260265007,150.04525260265007,4262.08,5,NY,2.5,0.12087369867496614,19.130208883703887,45.18118126274248,150.3074189200495,150.22966291966668,-6.572350062168653,False,-0.025609736431201548,20.73578595317441,-2.041892004950796,0.8198198198197114,17,1,ema_ribbon_bounce_short,150.3751591235823,SL,2021-12-14 18:00:00+00:00,-12.31591235822975,-524.9140374376386,30,False
2021-12-14 18:15:00+00:00,21,GBP_JPY,LONG,150.454,150.1499164589407,150.64298069678492,150.64298069678492,150.64298069678492,1708.96,3,NY,2.5,0.11199034839245835,17.507004178659372,53.3183662435457,150.31626509053763,150.23425119976494,6.578175498174232,False,-0.01226058640748669,73.42972509232736,10.27349094623844,0.6078431372548254,18,1,ema_ribbon_bounce_long,150.459,TIME,2021-12-15 02:15:00+00:00,0.49999999999954525,8.544799999992229,480,True
2021-12-15 17:45:00+00:00,21,GBP_JPY,SHORT,150.453,150.68509598099493,150.2574626411846,150.2574626411846,150.2574626411846,2239.38,3,NY,2.5,0.11526867940770588,38.755246399923166,43.06665457717808,150.61962677051537,150.46403367080285,-22.75859434187737,False,-0.003355311131798086,79.57809683588302,-13.162677051536775,0.1599999999999697,17,2,ema_ribbon_bounce_short,150.68509598099493,SL,2021-12-15 19:00:00+00:00,-23.209598099492723,-519.7510979204202,75,False
2021-12-16 23:45:00+00:00,21,GBP_JPY,SHORT,151.392,151.49561992711514,151.2231894972384,151.2231894972384,151.2231894972384,4965.77,4,NY,2.5,0.10190525138080261,14.17373274395141,49.02842855327386,151.46643777075784,151.15476426675394,-32.97684895221096,False,0.017421515854174542,33.62201958178998,-3.9437770757842827,0.5945945945950306,23,3,ema_ribbon_bounce_short,151.49561992711514,SL,2021-12-17 00:00:00+00:00,-10.361992711514745,-514.5527254705858,15,False
2021-12-17 05:00:00+00:00,21,GBP_JPY,SHORT,151.236,151.52603580085358,151.02102020466003,151.02102020466003,151.02102020466003,1756.36,4,ASIAN,2.5,0.12498989766997158,36.66969769687736,43.51645916502851,151.42972872127024,151.20535565820433,-42.83034075658918,False,-0.014353669667871993,72.89065233358843,-15.872872127025062,0.7328767123288298,5,4,ema_ribbon_bounce_short,151.02102020466003,TP3,2021-12-17 10:15:00+00:00,21.498101934753713,377.58406314124034,315,True
2021-12-20 17:45:00+00:00,21,GBP_JPY,SHORT,149.92600000000002,150.355311835072,149.6809159927846,149.6809159927846,149.6809159927846,1195.36,4,NY,2.5,0.14004200360770125,23.823042682097203,47.14172808001574,150.05070029736711,150.48042875730823,-1.2371102493602848,False,-0.010695521704033116,63.24561403508878,-8.970029736710217,0.3506493506491877,17,0,ema_ribbon_bounce_short,150.173,TIME,2021-12-21 01:45:00+00:00,-24.699999999998564,-295.2539199999828,480,False
2021-12-21 03:45:00+00:00,21,GBP_JPY,LONG,150.202,150.07581001759527,150.32623652150207,150.32623652150207,150.32623652150207,4043.36,4,ASIAN,2.5,0.07961826075103012,18.79075458241343,56.05243036147784,150.0977979202605,150.3567987051582,15.620733490092675,False,0.008449305324987139,52.650165016500246,6.920207973951165,0.09090909090899696,3,1,ema_ribbon_bounce_long,150.32623652150207,TP3,2021-12-21 05:45:00+00:00,12.423682876266861,502.33422394582385,120,True
2021-12-24 03:30:00+00:00,21,GBP_JPY,SHORT,153.291,153.22268036121446,153.16430084535295,153.16430084535295,153.16430084535295,7541.82,3,ASIAN,2.5,0.08084957732351954,17.90369480830318,45.79473853033114,153.3500122987846,152.65030677810392,-2.211514719090246,False,-0.004411671509186876,55.163471334622834,-2.4012298784612085,0.12499999999991118,3,4,ema_ribbon_bounce_short,153.22268036121446,SL,2021-12-24 03:45:00+00:00,6.831963878553893,515.2544181855532,15,True
2021-12-24 11:15:00+00:00,21,GBP_JPY,LONG,153.386,153.1150339374979,153.56692865779107,153.56692865779107,153.56692865779107,1920.56,4,LONDON,2.5,0.10496432889552866,28.12748764004416,52.06803055843643,153.32801373757076,152.82531443614974,1.2053449280386985,False,0.004217419734702341,71.2365591397856,2.8986262429242515,0.37209302325555266,11,4,ema_ribbon_bounce_long,153.1150339374979,SL,2021-12-24 16:15:00+00:00,-27.09660625020831,-520.4065809990008,300,False
2022-01-05 05:30:00+00:00,21,GBP_JPY,SHORT,156.887,156.854567863475,156.7533776386459,156.7533776386459,156.7533776386459,15885.56,4,ASIAN,2.5,0.08431118067704814,20.715917731939008,43.07889415677441,156.9826084107231,156.3755159148112,-1.9336046495055825,False,0.0023824045482833123,52.95998930449493,-6.060841072309131,0.7580645161291876,5,2,ema_ribbon_bounce_short,156.854567863475,SL,2022-01-05 05:45:00+00:00,3.243213652498866,515.2026506958989,15,True
2022-01-06 18:15:00+00:00,21,GBP_JPY,SHORT,156.57500000000002,156.9426884222858,156.32516163055945,156.32516163055945,156.32516163055945,1415.21,4,NY,2.5,0.14241918472027634,16.334758368660257,45.64165067623594,156.71888418839674,156.75461973417526,-2.2597711519978247,False,-0.0009767533084611216,22.111941126036168,-10.888418839672909,0.8617021276595102,18,3,ema_ribbon_bounce_short,156.9426884222858,SL,2022-01-07 00:30:00+00:00,-36.768842228579494,-520.3563321030799,375,False
2022-01-07 11:00:00+00:00,21,GBP_JPY,SHORT,156.84,156.9737902004287,156.68748597801545,156.68748597801545,156.68748597801545,3850.44,3,LONDON,2.5,0.09075701099228164,22.746542811789677,45.7224806177825,156.9066935301325,156.82803369055696,-2.9865419645830116,False,-0.005475364426405881,20.310077519379544,-3.769353013248633,0.2909090909088936,11,4,ema_ribbon_bounce_short,156.9737902004287,SL,2022-01-07 13:15:00+00:00,-13.379020042870591,-515.1511393387065,135,False
2022-01-07 17:30:00+00:00,21,GBP_JPY,LONG,157.03799999999998,156.78210174277459,157.23471118981067,157.23471118981067,157.23471118981067,1992.98,4,NY,2.5,0.11585559490533408,21.5759526692727,57.20392461632474,156.91992542335973,156.84823271336148,10.50526503616993,False,0.012414487208456337,75.63569864603491,8.30745766402572,0.15384615384624994,17,4,ema_ribbon_bounce_long,156.78210174277459,SL,2022-01-09 22:00:00+00:00,-25.589825722539672,-510.00010868507115,3150,False
2022-01-11 05:15:00+00:00,21,GBP_JPY,LONG,156.709,156.56759623359858,156.82646005632395,156.82646005632395,156.82646005632395,3570.62,5,ASIAN,2.5,0.07623002816197104,24.370190775791404,53.63108128774142,156.59456430399717,156.7322780520614,14.69045407953331,False,-0.020053011648237307,22.984937806262792,7.94356960028324,0.23214285714290245,5,1,ema_ribbon_bounce_long,156.56759623359858,SL,2022-01-11 06:30:00+00:00,-14.140376640142447,-504.8991163882543,75,False
2022-01-11 11:30:00+00:00,21,GBP_JPY,LONG,156.926,156.60660162624652,157.12686314874654,157.12686314874654,157.12686314874654,1564.98,5,LONDON,2.5,0.1149315743732667,31.65629235053851,53.00492301889577,156.76255440196206,156.75419457545652,-5.64821976173846,False,-0.009138391784363722,22.002923976611395,13.4445598037928,0.024793388429874365,11,1,ema_ribbon_bounce_long,157.12686314874654,TP3,2022-01-11 16:00:00+00:00,20.08644322335507,314.3488191568622,270,True
2022-01-12 21:45:00+00:00,21,GBP_JPY,SHORT,156.981,157.2582738415676,156.8094696092108,156.8094696092108,156.8094696092108,1814.07,4,NY,2.5,0.10326519539459891,25.493924698144774,45.90497928277817,157.1405985863583,157.08185773505917,-26.77418697905125,False,0.022800013486864196,62.903353766224626,-12.459858635830301,0.9369369369369024,21,2,ema_ribbon_bounce_short,157.2582738415676,SL,2022-01-13 02:30:00+00:00,-27.72738415675917,-502.9941577725211,285,False
2022-01-13 05:30:00+00:00,21,GBP_JPY,SHORT,157.034,157.20982383331847,156.92856960310476,156.92856960310476,156.92856960310476,2832.18,4,ASIAN,2.5,0.07021519844761305,19.694997264538724,45.3293934432915,157.12494480335369,157.09286865258554,-17.511638502296023,False,-0.005456888092128192,34.988871721290266,-5.594480335369667,0.454545454545572,5,3,ema_ribbon_bounce_short,157.20982383331847,SL,2022-01-13 07:00:00+00:00,-17.582383331847495,-497.96474424791836,90,False
2022-01-13 11:30:00+00:00,21,GBP_JPY,LONG,157.388,157.08876526577194,157.5547746938645,157.5547746938645,157.5547746938645,1647.48,5,LONDON,2.5,0.09788734693224309,24.617166433734738,57.57735463466251,157.21819400605804,157.1277194781277,5.328826443781054,False,0.0005134314179648172,35.76637641396675,14.080599394196724,0.45454545454553286,11,3,ema_ribbon_bounce_long,157.08876526577194,SL,2022-01-13 12:00:00+00:00,-29.923473422806524,-492.98323994605295,30,False
2022-01-17 14:30:00+00:00,21,GBP_JPY,LONG,156.516,156.2827965971585,156.67588066368077,156.67588066368077,156.67588066368077,2092.83,4,OVERLAP,2.5,0.09444033184038499,28.18863049648834,54.28272839558373,156.42283431774226,156.43194994438613,3.1941982187504436,False,0.007450571718412499,90.78585352269359,6.416568225773744,0.6202531645572079,14,0,ema_ribbon_bounce_long,156.2827965971585,SL,2022-01-17 15:15:00+00:00,-23.320340284149665,-488.05507756876943,45,False
2022-01-18 06:00:00+00:00,21,GBP_JPY,LONG,156.645,156.33860763279355,156.8131095716372,156.8131095716372,156.8131095716372,1576.98,5,ASIAN,2.5,0.10155478581858808,31.63216024138243,56.711590882593725,156.48844361670638,156.44117435772432,12.926752123087226,False,-0.013066635000339909,42.01550387597181,12.155638329363683,0.9382716049383409,6,1,ema_ribbon_bounce_long,156.33860763279355,SL,2022-01-18 09:00:00+00:00,-30.639236720645613,-483.17463523723717,180,False
2022-01-19 17:30:00+00:00,21,GBP_JPY,SHORT,155.74,155.99665128353152,155.53419099520934,155.53419099520934,155.53419099520934,1863.78,4,NY,2.5,0.12040450239533312,25.62454251794698,44.632677384195965,155.85286095765082,155.99355407938535,-11.127447792455314,False,-0.021952330519391994,77.91784665407944,-7.786095765081313,0.5130434782608072,17,2,ema_ribbon_bounce_short,155.53419099520934,TP3,2022-01-20 01:15:00+00:00,20.58101090465588,383.58476503879535,465,True
2022-01-20 16:15:00+00:00,21,GBP_JPY,SHORT,155.583,155.84151853389324,155.370961624758,155.370961624758,155.370961624758,1865.16,4,OVERLAP,2.5,0.12051918762099566,34.64589840782948,48.410088104158575,155.6730143228158,155.81791892823944,-3.0898352496677717,False,0.01840048699328346,34.568291797012,-6.101432281579378,0.47826086956552183,16,3,ema_ribbon_bounce_short,155.370961624758,TP3,2022-01-20 20:00:00+00:00,21.20395120794601,395.48761635012585,225,True
2022-01-25 10:45:00+00:00,21,GBP_JPY,LONG,153.719,153.4407882087625,153.9849195845163,153.9849195845163,153.9849195845163,1747.35,2,LONDON,2.5,0.14745979225814326,28.871690321046824,55.739721356588475,153.52634866976229,153.8866494421166,3.361346937336407,False,0.008317575139509648,20.03986745365923,16.36513302377125,0.4497041420118413,10,1,ema_ribbon_bounce_long,153.4407882087625,SL,2022-01-25 11:30:00+00:00,-27.821179123748156,-486.13337341881333,45,False
2022-01-25 17:30:00+00:00,21,GBP_JPY,LONG,153.689,153.41396587740505,153.95262016492208,153.95262016492208,153.95262016492208,1749.86,4,NY,2.5,0.14931008246103858,20.019401691162084,56.16078273315324,153.53567141680182,153.80052956460847,10.347637828903089,False,0.01725669413215901,56.482396298908235,11.832858319817774,0.07142857142857142,17,1,ema_ribbon_bounce_long,153.95262016492208,TP3,2022-01-25 19:30:00+00:00,26.362167144355208,461.30101799221404,120,True
2022-01-25 21:15:00+00:00,21,GBP_JPY,LONG,153.861,153.5236269058334,154.0458417715716,154.0458417715716,154.0458417715716,1440.2,3,NY,2.5,0.10992088578579073,22.200619123327897,56.55246009864875,153.6718057661079,153.80501783008697,23.46029795377831,False,-0.009541763367564807,20.289046244550473,15.419423389209896,0.3750000000000555,21,1,ema_ribbon_bounce_long,153.832,TIME,2022-01-26 05:15:00+00:00,-2.899999999999636,-41.76579999999476,480,False
2022-01-26 21:00:00+00:00,21,GBP_JPY,SHORT,154.204,154.30469105015473,153.90630971382546,153.90630971382546,153.90630971382546,4821.35,5,NY,2.5,0.16634514308726675,30.68530103203002,44.154473654272984,154.29078863876367,154.02879041308614,-6.770084530310783,False,-0.037122930447984925,65.2102044120782,-5.1788638763667905,0.16504854368931235,21,2,ema_ribbon_bounce_short,154.30469105015473,SL,2022-01-26 21:15:00+00:00,-10.069105015472246,-485.46679466347115,15,False
2022-01-26 22:45:00+00:00,21,GBP_JPY,LONG,154.407,154.0220219751019,154.65517913535783,154.65517913535783,154.65517913535783,1248.42,4,NY,2.5,0.14158956767890862,15.840671442034912,51.809882503965966,154.30080452955877,154.04927052257543,6.367885683050645,False,0.0030571953268429576,63.86842527194417,7.1195470441239195,0.5526315789474373,22,2,ema_ribbon_bounce_long,154.0220219751019,SL,2022-01-27 01:15:00+00:00,-38.49780248981176,-480.61426584330803,150,False
2022-01-27 06:15:00+00:00,21,GBP_JPY,SHORT,153.92000000000002,154.2456247406132,153.7395373512217,153.7395373512217,153.7395373512217,1461.21,5,ASIAN,2.5,0.10773132438914532,16.495114053743816,41.29631530340605,154.15038818278254,154.06717164026063,-29.799312076434603,False,0.011745606394369612,59.36754302608577,-19.53881827825228,0.94267515923558,6,3,ema_ribbon_bounce_short,154.2456247406132,SL,2022-01-27 08:30:00+00:00,-32.562474061319335,-475.8061272314043,135,False
2022-01-27 12:15:00+00:00,21,GBP_JPY,LONG,154.346,154.04472696182785,154.59834188730665,154.59834188730665,154.59834188730665,1563.53,4,LONDON,2.5,0.14067094365331226,24.38896355084118,52.99914939751059,154.22854725352477,154.10710741605448,0.7030830597869908,False,-0.020221083274901117,42.951081812811914,8.845274647524093,0.5476190476194585,12,3,ema_ribbon_bounce_long,154.59834188730665,TP3,2022-01-27 14:30:00+00:00,25.23435012308218,394.5466344794268,135,True
2022-01-27 17:15:00+00:00,21,GBP_JPY,SHORT,154.32,154.44074803578877,154.02114973937535,154.02114973937535,154.02114973937535,3933.76,4,NY,2.5,0.16692513031232498,19.34678685609871,47.06752006501376,154.35651992990873,154.16921897895597,-3.194671447778319,False,-0.01203929591882924,29.12176374678555,-0.15199299087385043,0.5581395348837824,17,3,ema_ribbon_bounce_short,154.44074803578877,SL,2022-01-27 23:15:00+00:00,-12.07480357887789,-474.99379326446694,360,False
2022-01-28 09:45:00+00:00,21,GBP_JPY,LONG,154.738,154.36204954866554,154.96620931956483,154.96620931956483,154.96620931956483,1250.81,5,LONDON,2.5,0.1286046597824104,27.66990802973849,54.44611532484157,154.59347063541298,154.34901055952147,14.744610450475193,False,-0.022338685642100262,71.70383844954411,11.552936458701879,0.7851239669420789,9,4,ema_ribbon_bounce_long,154.36204954866554,SL,2022-01-28 17:30:00+00:00,-37.59504513344609,-470.24258403365707,465,False
2022-01-28 21:00:00+00:00,21,GBP_JPY,SHORT,154.256,154.60913120866738,154.06277911899485,154.06277911899485,154.06277911899485,1318.32,4,NY,2.5,0.114110440502576,25.25667830961265,43.915481264155176,154.4728794062312,154.4122933760159,-31.624523326806298,False,0.015635947541803003,79.07861132159859,-18.187940623118948,0.8490566037736608,21,4,ema_ribbon_bounce_short,154.60913120866738,SL,2022-01-31 00:15:00+00:00,-35.31312086673779,-465.53993501037763,3075,False
2022-01-31 17:00:00+00:00,21,GBP_JPY,SHORT,154.648,154.99457784683193,154.33662744196252,154.33662744196252,154.33662744196252,1329.82,4,NY,2.5,0.17318627901873399,30.3764810073273,41.59028632547883,154.8946922297832,154.67449695847154,-26.994706464310525,False,-0.02147870876997883,58.3329859225712,-21.169222978321045,0.9789473684211014,17,0,ema_ribbon_bounce_short,154.783,TIME,2022-02-01 01:00:00+00:00,-13.49999999999909,-179.5256999999879,480,False
2022-02-01 06:45:00+00:00,21,GBP_JPY,SHORT,154.614,154.8037452646254,154.4995945834377,154.4995945834377,154.4995945834377,2419.51,4,ASIAN,2.5,0.0747027082811535,22.670283906370578,47.82324155190904,154.69901107248714,154.679781480288,-20.297298860796786,False,0.011755986862568717,49.260382728525165,-5.001107248713765,0.6874999999997039,6,1,ema_ribbon_bounce_short,154.8037452646254,SL,2022-02-01 07:00:00+00:00,-18.974526462540098,-459.090565213804,15,False
2022-02-01 11:15:00+00:00,21,GBP_JPY,LONG,154.897,154.67500397842446,155.06164221257112,155.06164221257112,155.06164221257112,2047.33,3,LONDON,2.5,0.09682110628555432,25.66829173049503,55.986335844968835,154.78567251151492,154.71143539830422,0.29917176709659543,False,-0.006265383454296544,57.804273642802,8.232748848507754,0.1511627906977628,11,1,ema_ribbon_bounce_long,154.67500397842446,SL,2022-02-01 11:45:00+00:00,-22.1996021575535,-454.49911485224004,30,False
2022-02-01 18:00:00+00:00,21,GBP_JPY,LONG,154.954,154.69401307568396,155.1588253361653,155.1588253361653,155.1588253361653,1730.68,5,NY,2.5,0.11991266808264342,31.52378947095542,51.709223828456345,154.85329801919116,154.74763373138268,4.150922567458792,False,-0.01228251022702384,39.39393939394126,6.570198080885348,0.5084745762712273,18,1,ema_ribbon_bounce_long,155.1588253361653,TP3,2022-02-01 20:00:00+00:00,20.482651966159104,354.48916104792244,120,True
2022-02-02 16:45:00+00:00,21,GBP_JPY,LONG,155.197,154.92043026405378,155.41030978774768,155.41030978774768,155.41030978774768,1639.73,5,OVERLAP,2.5,0.12115489387383543,19.58344185359536,54.923573595073904,155.07535639215854,154.95111661353772,11.342028554901162,False,0.009014765436541446,43.63443356121457,9.264360784146675,0.5360824742268373,16,2,ema_ribbon_bounce_long,155.41030978774768,TP3,2022-02-02 19:30:00+00:00,21.331108863128307,349.7725913613738,165,True
2022-02-04 19:45:00+00:00,21,GBP_JPY,SHORT,155.889,156.11487122520134,155.70854835845523,155.70854835845523,155.70854835845523,2023.27,3,NY,2.5,0.10772582077238342,16.494214616704284,44.90026555455426,156.00752744119094,155.84200432981288,-2.4054744969504327,False,-0.005930735487117993,25.69358178054611,-8.352744119093813,0.5625,19,4,ema_ribbon_bounce_short,155.925,TIME,2022-02-07 03:45:00+00:00,-3.6000000000001364,-72.83772000000276,3360,False
2022-02-07 06:00:00+00:00,21,GBP_JPY,SHORT,155.863,156.04068569599949,155.75343296769398,155.75343296769398,155.75343296769398,2567.84,3,ASIAN,2.5,0.07228351615301055,16.6098539912152,44.96770332169375,155.9536734976257,155.8736836423258,-4.846630884190972,False,-0.001785454233478841,21.346424671713915,-5.567349762569052,0.726027397260162,6,0,ema_ribbon_bounce_short,156.04068569599949,SL,2022-02-07 07:00:00+00:00,-17.76856959994859,-456.26843761531995,60,False
2022-02-07 23:30:00+00:00,21,GBP_JPY,LONG,155.764,155.65685419054577,155.88118203945055,155.88118203945055,155.88118203945055,4215.81,4,NY,2.5,0.07609101972527027,17.121189785538817,53.210831682995924,155.6899532918852,155.76115128573255,14.285951260370666,False,-0.005378527457073408,51.35812413299934,3.904670811482447,0.6875000000003886,23,0,ema_ribbon_bounce_long,155.88118203945055,TP3,2022-02-08 00:00:00+00:00,11.718231740908076,494.0183855563768,30,True
2022-02-08 12:15:00+00:00,21,GBP_JPY,LONG,156.231,155.8878854424426,156.41794854204437,156.41794854204437,156.41794854204437,1330.89,4,LONDON,2.5,0.10797427102218517,14.888858440218469,51.49303149567545,156.103231219883,155.9094447248502,0.07818749154751004,False,-0.007454241777994766,31.688661841922535,9.876878011698409,0.2903225806451169,12,1,ema_ribbon_bounce_long,156.41794854204437,TP3,2022-02-08 14:30:00+00:00,18.6949946732533,248.80981460686087,135,True
2022-02-09 02:45:00+00:00,21,GBP_JPY,SHORT,156.358,156.39626957072528,156.24329292885233,156.24329292885233,156.24329292885233,11997.38,3,ASIAN,2.5,0.0748535355738307,14.408639427005333,43.029316176118755,156.4340972985852,156.15492801640355,3.075189033836523,False,-0.007196897705750504,47.44438896746052,-4.109729858518563,0.4166666666666667,2,2,ema_ribbon_bounce_short,156.39626957072528,SL,2022-02-09 03:00:00+00:00,-3.8269570725276476,-459.1345824280175,15,False
2022-02-09 11:15:00+00:00,21,GBP_JPY,LONG,156.706,156.32348920223575,156.8992897137584,156.8992897137584,156.8992897137584,1188.32,5,LONDON,2.5,0.11114485687920642,34.026479210202574,56.54574820127519,156.53106660554445,156.26719618360445,9.615515200417235,False,0.019016179041756072,50.716024497796944,14.593339445553966,0.37383177570086257,11,2,ema_ribbon_bounce_long,156.32348920223575,SL,2022-02-09 16:45:00+00:00,-38.251079776424035,-454.5452311992021,330,False
2022-02-09 20:30:00+00:00,21,GBP_JPY,SHORT,156.304,156.522142593267,156.17565905943917,156.17565905943917,156.17565905943917,2062.86,3,NY,2.5,0.08167047028040827,21.24660514922262,45.13539373015722,156.4421194350173,156.32754034754007,-20.659709490590217,False,0.013792577334090977,59.68752896835744,-10.311943501730525,0.5079365079365438,20,2,ema_ribbon_bounce_short,156.47,TIME,2022-02-10 04:30:00+00:00,-16.59999999999968,-342.43475999999345,480,False
2022-02-11 03:00:00+00:00,21,GBP_JPY,SHORT,157.165,157.2308860798824,157.02337262550506,157.02337262550506,157.02337262550506,6777.97,3,ASIAN,2.5,0.08831368724747041,31.19611126001981,43.34635931434972,157.27649026532072,156.88435574807576,-18.961007175656164,False,0.014047256889770189,80.54919908466591,-7.649026532072867,0.656250000000148,3,4,ema_ribbon_bounce_short,157.2308860798824,SL,2022-02-11 03:15:00+00:00,-6.588607988240368,-446.57387286053574,15,False
2022-02-11 03:30:00+00:00,21,GBP_JPY,SHORT,157.172,157.22867176439905,157.04078558015487,157.04078558015487,157.04078558015487,7801.2,3,ASIAN,2.5,0.08310720992256568,27.557305847670296,44.499765121650285,157.27205118302,156.8909810148152,-18.142551416715946,False,0.013330107957723769,51.41908212560713,-6.505118302001733,0.5098039215686712,3,4,ema_ribbon_bounce_short,157.04078558015487,TP3,2022-02-11 04:45:00+00:00,13.121458804286076,1023.6312442399654,75,True
2022-02-14 00:15:00+00:00,21,GBP_JPY,SHORT,156.554,157.15763951892828,156.22198173763556,156.22198173763556,156.22198173763556,749.36,3,ASIAN,2.5,0.18350913118221418,31.70634014133405,47.04567947769073,156.82343023867617,156.95173573642745,-36.88025779478892,False,0.07327416511999399,56.567779754631204,-23.44302386761683,0.7448275862068722,0,0,ema_ribbon_bounce_short,156.22198173763556,TP3,2022-02-14 06:15:00+00:00,33.202269305546395,248.80452526804248,360,True
2022-02-14 16:00:00+00:00,21,GBP_JPY,LONG,156.286,156.14275981091336,156.63326251475866,156.63326251475866,156.63326251475866,3175.31,2,OVERLAP,2.5,0.18813125737932396,24.001775902723825,55.53383924214862,156.12713870123545,156.54991627595808,30.612435254920456,False,0.020331270908939436,41.28463960196247,12.986129876455266,0.4716981132076787,16,0,ema_ribbon_bounce_long,156.14275981091336,SL,2022-02-14 18:45:00+00:00,-14.324018908664016,-454.83200480869937,165,False
2022-02-14 20:30:00+00:00,21,GBP_JPY,LONG,156.376,156.16201094893648,156.68546746010549,156.68546746010549,156.68546746010549,2104.24,4,NY,2.5,0.17223373005274556,18.009037513734,53.46558123449564,156.23488178171667,156.51607618018062,29.28222289380642,False,-0.017883532680564,82.67629832096907,10.6118218283342,0.3962264150942688,20,0,ema_ribbon_bounce_long,156.16201094893648,SL,2022-02-15 00:45:00+00:00,-21.398905106352117,-450.28432080990376,255,False
2022-02-15 13:00:00+00:00,21,GBP_JPY,LONG,156.627,156.258384012989,156.86430317383545,156.86430317383545,156.86430317383545,1209.34,4,OVERLAP,2.5,0.1331515869177169,32.93784165670185,53.721239675140055,156.45437802315516,156.4521596333412,-4.351384769847755,False,-0.0248480599357134,58.60181778587943,14.362197684485523,0.04166666666686404,13,1,ema_ribbon_bounce_long,156.258384012989,SL,2022-02-15 14:45:00+00:00,-36.86159870109975,-445.7820577318797,105,False
2022-02-15 18:00:00+00:00,21,GBP_JPY,SHORT,156.452,156.55791590924602,156.23899653576873,156.23899653576873,156.23899653576873,4166.73,3,NY,2.5,0.12400173211563392,12.229143211270994,47.82865287910765,156.4896992467446,156.46462680452743,-10.053486741185225,False,-0.006456872771283755,50.0510197346311,-0.26992467446120827,0.6595744680852736,18,1,ema_ribbon_bounce_short,156.55791590924602,SL,2022-02-15 19:30:00+00:00,-10.5915909246022,-441.3229965326772,90,False
2022-02-15 21:30:00+00:00,21,GBP_JPY,LONG,156.584,156.36676436795605,156.7252101301238,156.7252101301238,156.7252101301238,2011.23,5,NY,2.5,0.08810506506189206,5.534843629587468,52.90524411383164,156.50292513984812,156.4717684217031,-3.0791850210363236,False,0.002990836513593092,74.07407407406778,4.607486015189011,0.8095238095242606,21,1,ema_ribbon_bounce_long,156.36676436795605,SL,2022-02-15 22:00:00+00:00,-21.72356320439519,-436.9108202357574,30,False
2022-02-15 22:45:00+00:00,21,GBP_JPY,LONG,156.585,156.3728039988874,156.72305666508757,156.72305666508757,156.72305666508757,2038.4,5,NY,2.5,0.08652833254377935,20.410207672765516,53.20601688414977,156.50288900150954,156.47320789614866,-2.755591353971454,False,0.002044333251362109,78.90499194846952,4.711099849046718,0.6739130434780862,22,1,ema_ribbon_bounce_long,156.72305666508757,TP3,2022-02-16 01:00:00+00:00,13.805734236711869,281.41608668113474,135,True
2022-02-16 12:00:00+00:00,21,GBP_JPY,LONG,156.899,156.5758283967612,157.06531347510628,157.06531347510628,157.06531347510628,1347.13,5,LONDON,2.5,0.09765673755313091,28.290227407050757,52.306529495871125,156.77877978071155,156.5957033791663,-3.923076368525358,False,-0.012667740985470133,29.447720000630017,9.122021928845925,0.506666666666697,12,2,ema_ribbon_bounce_long,156.5758283967612,SL,2022-02-16 13:45:00+00:00,-32.31716032387908,-435.3541618710723,105,False
2022-02-16 20:45:00+00:00,21,GBP_JPY,LONG,156.928,156.62701201559187,157.11874100486946,157.11874100486946,157.11874100486946,1431.96,4,NY,2.5,0.11287050243473308,12.153632178629266,54.63212411253011,156.80962340002276,156.65549309412606,7.88729942439943,False,0.004338094278099943,33.99350827969146,8.337659997724245,0.21311475409852107,20,2,ema_ribbon_bounce_long,156.62701201559187,SL,2022-02-17 03:45:00+00:00,-30.098798440812402,-431.0027541530573,420,False
2022-02-18 11:30:00+00:00,21,GBP_JPY,LONG,156.917,156.60484890806526,157.10973203397214,157.10973203397214,157.10973203397214,1366.94,5,LONDON,2.5,0.11086601698606405,16.56053561885707,55.35850915980555,156.77149705508208,156.68125681175832,-2.436406110734879,False,-0.015612459875703429,51.67532519834557,11.650294491792579,0.7857142857144597,11,4,ema_ribbon_bounce_long,156.60484890806526,SL,2022-02-18 13:00:00+00:00,-31.215109193473722,-426.69181360926973,90,False
2022-02-18 19:00:00+00:00,21,GBP_JPY,SHORT,156.349,156.7156638865994,156.15108760578644,156.15108760578644,156.15108760578644,1152.08,5,NY,2.5,0.11645619710676715,35.08187267295615,44.643587054893864,156.53728152289256,156.62624912036122,-23.32599764481813,False,0.017227558131484133,76.43837391104746,-15.328152289256991,0.3968253968255615,19,4,ema_ribbon_bounce_short,156.15108760578644,TP3,2022-02-20 23:15:00+00:00,19.791411208378246,228.0128902494841,3135,True
2022-02-22 17:45:00+00:00,21,GBP_JPY,LONG,156.256,155.93835462618983,156.48639281753486,156.48639281753486,156.48639281753486,1337.04,2,NY,2.5,0.13269640876742655,41.239262338321055,57.34355589856925,156.06396046682087,156.18596438716403,18.883877456306664,False,-0.0005200636761377025,24.232436310933696,15.703953317913033,0.08888888888899416,17,1,ema_ribbon_bounce_long,156.48639281753486,TP3,2022-02-23 01:15:00+00:00,23.039454069062156,308.04671668498867,450,True
2022-02-23 12:15:00+00:00,21,GBP_JPY,SHORT,156.356,156.4657540468459,156.15766237321574,156.15766237321574,156.15766237321574,3897.67,5,LONDON,2.5,0.11366881339212583,22.189110616725905,44.13359344148802,156.44162306172996,156.30711311555757,-16.448308491456487,False,-0.02733546257312384,22.560120539442106,-5.662306172996523,0.9275362318841416,12,2,ema_ribbon_bounce_short,156.4657540468459,SL,2022-02-23 12:30:00+00:00,-10.975404684589307,-427.78505576983207,15,False
2022-02-24 23:00:00+00:00,21,GBP_JPY,LONG,154.566,154.4584923865912,154.84925130207552,154.84925130207552,154.84925130207552,3939.32,3,NY,2.5,0.15912565103775397,30.998225200293216,54.431491689956744,154.39174793492518,155.08742376976403,48.01628922822658,False,-0.04647563747385586,42.98258195987277,13.925206507482812,0.4508196721312564,23,3,ema_ribbon_bounce_long,154.4584923865912,SL,2022-02-25 00:00:00+00:00,-10.750761340881356,-423.5068916536074,60,False
2022-02-25 02:30:00+00:00,21,GBP_JPY,SHORT,154.38400000000001,154.75577584870956,154.1080658434781,154.1080658434781,154.1080658434781,1127.76,5,ASIAN,2.5,0.1554670782609618,17.663194196917726,45.41963510082138,154.45699797285093,155.01695889728796,29.092356931559493,False,-0.03195056602726449,16.831769384731043,-3.7997972850916995,0.19354838709680378,2,4,ema_ribbon_bounce_short,154.75577584870956,SL,2022-02-25 04:15:00+00:00,-37.17758487095466,-419.27393114067826,105,False
2022-02-25 11:00:00+00:00,21,GBP_JPY,SHORT,154.322,154.67744928265708,154.09134466035877,154.09134466035877,154.09134466035877,1167.76,4,LONDON,2.5,0.12982766982061458,30.464457228066912,45.5325017760642,154.46434299498546,154.86988510470613,3.2089895275419167,False,-0.0003562826959596921,77.03063179410462,-11.334299498545874,0.4124999999997735,11,4,ema_ribbon_bounce_short,154.67744928265708,SL,2022-02-25 12:15:00+00:00,-35.544928265707654,-415.0794543156277,75,False
2022-02-28 05:15:00+00:00,21,GBP_JPY,SHORT,154.23,154.67798246713443,154.00448678207445,154.00448678207445,154.00448678207445,917.29,4,ASIAN,2.5,0.13025660896277208,26.934728279321064,43.20957243229132,154.46261500166713,154.72595805310513,-28.998168623940046,False,0.013754992873659597,44.62106770916969,-19.76150016671454,0.0,5,0,ema_ribbon_bounce_short,154.67798246713443,SL,2022-02-28 10:15:00+00:00,-44.79824671344374,-410.9298372777481,300,False
2022-02-28 13:00:00+00:00,21,GBP_JPY,LONG,154.81799999999998,154.43025188350552,155.0883222710868,155.0883222710868,155.0883222710868,1049.18,3,OVERLAP,2.5,0.14966113554340468,37.45838661102409,56.41060461335443,154.5919967219698,154.69322767807725,14.52295676735389,False,-0.008280387953120985,30.71177491672417,19.70032780301949,0.6748768472906328,13,0,ema_ribbon_bounce_long,154.43025188350552,SL,2022-02-28 15:45:00+00:00,-38.774811649446406,-406.81756886366185,165,False
2022-02-28 21:15:00+00:00,21,GBP_JPY,SHORT,154.162,154.5861762868649,153.92952809639584,153.92952809639584,153.92952809639584,949.49,5,NY,2.5,0.13373595180207604,21.041424372662167,46.02320285666678,154.36450793495783,154.5924433981163,-32.20669570355881,False,0.025003678182099767,83.82494698283989,-16.750793495782546,0.704545454545315,21,0,ema_ribbon_bounce_short,154.5861762868649,SL,2022-03-01 00:45:00+00:00,-42.417628686490616,-402.75114261535975,210,False
2022-03-08 11:45:00+00:00,21,GBP_JPY,LONG,151.716,151.3725900592675,152.02390380385566,152.02390380385566,152.02390380385566,1161.07,3,LONDON,2.5,0.16845190192782566,16.72213067137621,57.409843833176105,151.48113114267275,151.92411485228124,13.8648415245342,False,0.007293234766555565,35.36159424478269,20.586885732726046,0.711656441717953,11,1,ema_ribbon_bounce_long,151.701,TIME,2022-03-08 19:45:00+00:00,-1.500000000001478,-17.416050000017158,480,False
2022-03-08 22:45:00+00:00,21,GBP_JPY,SHORT,151.45600000000002,151.70095191626555,151.2438870522376,151.2438870522376,151.2438870522376,1627.05,4,NY,2.5,0.12355647388120519,26.15171905681453,43.942621207687814,151.5718594835136,151.8118946186546,-11.858806833984659,False,-0.013563417839804526,44.72596874331387,-8.085948351359207,0.06666666666666667,22,1,ema_ribbon_bounce_short,151.70095191626555,SL,2022-03-09 00:15:00+00:00,-24.495191626553492,-398.54901535983856,90,False
2022-03-09 03:15:00+00:00,21,GBP_JPY,LONG,151.875,151.54161595054,152.05444723641472,152.05444723641472,152.05444723641472,1183.51,3,ASIAN,2.5,0.1072236182073519,42.01068735416827,55.56604173610019,151.70239108074546,151.81110182421966,20.531064270008414,False,0.0021093292072631997,25.414866588530987,13.760891925454644,0.17073170731714926,3,2,ema_ribbon_bounce_long,152.05444723641472,TP3,2022-03-09 08:00:00+00:00,17.94487526438692,212.37939324154564,285,True
2022-03-10 11:45:00+00:00,21,GBP_JPY,SHORT,152.53300000000002,152.72541662755566,152.26830324187097,152.26830324187097,152.26830324187097,2061.61,4,LONDON,2.5,0.14684837906452705,16.868599519448434,44.148340706347646,152.6888616780027,152.38209094876157,-3.1056952781881364,False,0.0011245761787134975,61.98401405358272,-12.686167800268322,0.7142857142856532,11,3,ema_ribbon_bounce_short,152.72541662755566,SL,2022-03-10 12:45:00+00:00,-19.241662755564445,-396.68804353499223,60,False
2022-03-11 16:30:00+00:00,21,GBP_JPY,LONG,153.036,152.54970374773922,153.31455660807478,153.31455660807478,153.31455660807478,807.58,4,OVERLAP,2.5,0.15377830403738896,22.099268425063585,51.586514681082015,152.86633990089243,152.54523864133006,0.45004791547285095,False,-0.02069176169970198,44.18784578147062,14.06600991075777,0.5769230769231022,16,4,ema_ribbon_bounce_long,153.31455660807478,TP3,2022-03-13 22:30:00+00:00,27.85600573504934,224.9595311151115,3240,True
2022-03-15 17:45:00+00:00,21,GBP_JPY,LONG,154.365,153.85750193405192,154.61899097493676,154.61899097493676,154.61899097493676,778.27,5,NY,2.5,0.14449548746837115,24.98787231057191,54.40245439362053,154.15381649062664,153.7138299486679,27.262686615736698,False,-0.021245706319139177,30.10845828183322,17.618350937337368,0.5957446808512247,17,1,ema_ribbon_bounce_long,154.373,TIME,2022-03-16 01:45:00+00:00,0.7999999999981354,6.226159999985489,480,True
2022-03-17 16:15:00+00:00,21,GBP_JPY,SHORT,155.8,156.01540531421483,155.4685585605139,155.4685585605139,155.4685585605139,1833.9,3,OVERLAP,2.5,0.18022071974304163,28.728967875966088,46.08900324105813,155.98369310144403,155.35876835639488,-14.176720316805813,False,0.02957596948746022,67.14922094835053,-15.46931014440247,0.1818181818182079,16,3,ema_ribbon_bounce_short,156.01540531421483,SL,2022-03-17 17:45:00+00:00,-21.540531421482,-395.03180573855843,90,False
2022-03-21 03:15:00+00:00,21,GBP_JPY,SHORT,156.827,156.7755565407112,156.69835642606205,156.69835642606205,156.69835642606205,7602.18,4,ASIAN,2.5,0.08182178696897774,29.37903517189584,44.88520860207585,156.87172755794535,156.31777324058731,17.1626499621226,False,-0.009991753160076423,58.936361022158145,-0.9727557945353738,0.3076923076921816,3,0,ema_ribbon_bounce_short,156.7755565407112,SL,2022-03-21 03:30:00+00:00,5.144345928880512,391.0824373361685,15,True
2022-03-21 04:45:00+00:00,21,GBP_JPY,SHORT,156.81,156.7785710665775,156.70919511514708,156.70919511514708,156.70919511514708,12567.83,4,ASIAN,2.5,0.06790244242645983,24.513817488895047,44.47898438768987,156.86573243470605,156.34838402372358,15.03993613531236,False,-0.0028373395563886378,72.57976361276319,-2.0732434706047798,0.6190476190474257,4,0,ema_ribbon_bounce_short,156.7785710665775,SL,2022-03-21 05:00:00+00:00,3.142893342248953,394.99349233516665,15,True
2022-03-24 09:30:00+00:00,21,GBP_JPY,LONG,160.207,159.80839933192192,160.5226943534875,160.5226943534875,160.5226943534875,1000.86,4,LONDON,2.5,0.17234717674374894,33.56955638917287,51.626013655320364,160.0615557990641,159.62634251055087,1.0810285961753152,False,-0.031579510082520856,44.00852116736609,11.644420093588792,0.6315789473685786,9,3,ema_ribbon_bounce_long,160.5226943534875,TP3,2022-03-24 10:45:00+00:00,31.56975077184117,315.96900757504955,75,True
2022-03-25 17:30:00+00:00,21,GBP_JPY,LONG,161.008,160.53836396021913,161.34970724690953,161.34970724690953,161.34970724690953,856.2,5,NY,2.5,0.1883536234547565,24.799503620100435,54.91743641072633,160.783533720409,160.47794554956954,26.704616334464504,False,-0.021468873993201507,51.04236294082717,18.946627959101647,0.8930481283423337,17,4,ema_ribbon_bounce_long,161.34970724690953,TP3,2022-03-28 01:00:00+00:00,34.17112378841411,292.5731618764016,3330,True
2022-03-30 16:30:00+00:00,21,GBP_JPY,SHORT,160.183,160.68294845636638,159.74812472705702,159.74812472705702,159.74812472705702,810.14,3,OVERLAP,2.5,0.23193763647148818,21.787172625841034,46.4108168537949,160.28295260644853,160.75873458420617,-3.7894647568720075,False,-0.04082318221591241,20.400444134837855,-7.0952606448543065,0.7142857142858351,16,2,ema_ribbon_bounce_short,160.68294845636638,SL,2022-03-31 00:30:00+00:00,-49.994845636638274,-405.0282424406613,480,False
2022-03-31 02:30:00+00:00,21,GBP_JPY,SHORT,160.225,160.50772335724147,159.90505064932287,159.90505064932287,159.90505064932287,1418.27,3,ASIAN,2.5,0.1774746753385636,33.421286352336985,47.049428942561356,160.27024269691967,160.57900570276064,-2.309914089877907,False,-0.030979603718030962,9.841925995915567,-1.024269691967561,0.27192982456119574,2,3,ema_ribbon_bounce_short,160.50772335724147,SL,2022-03-31 03:45:00+00:00,-28.272335724147975,-400.9780558748735,75,False
2022-03-31 10:15:00+00:00,21,GBP_JPY,SHORT,159.934,160.41633205259157,159.5593694188911,159.5593694188911,159.5593694188911,823.02,5,LONDON,2.5,0.20181529055445455,20.777264290863563,45.80910570661051,160.1210596094048,160.4489114302345,-10.025374767118933,False,0.018104267280042156,19.706439832560235,-15.80596094048019,0.6516853932583552,10,3,ema_ribbon_bounce_short,159.5593694188911,TP3,2022-03-31 11:45:00+00:00,37.46351330102068,308.3322071700604,90,True
2022-03-31 16:30:00+00:00,21,GBP_JPY,SHORT,159.71800000000002,160.23705832009944,159.3428071720391,159.3428071720391,159.3428071720391,770.73,5,OVERLAP,2.5,0.20209641398045114,23.698867136265548,48.06148693716349,159.8902860343066,160.29640094482977,-9.129851694305557,False,0.0166053987965493,77.0460918331608,-14.328603430658404,0.8085106382978531,16,3,ema_ribbon_bounce_short,160.23705832009944,SL,2022-04-01 00:00:00+00:00,-51.90583200994184,-400.0538190502247,450,False
2022-04-01 10:30:00+00:00,21,GBP_JPY,LONG,160.884,160.26290351049118,161.1966861103287,161.1966861103287,161.1966861103287,637.66,5,LONDON,2.5,0.17084305516435103,16.95564120154071,55.17466857007518,160.6236666178351,160.39314751332546,4.3097178802185,False,-0.014514614019968453,61.09619686800642,23.133338216487687,0.5779220779220827,10,4,ema_ribbon_bounce_long,160.694,TIME,2022-04-01 18:30:00+00:00,-18.999999999999773,-121.15539999999855,480,False
2022-04-01 20:00:00+00:00,21,GBP_JPY,SHORT,160.589,160.73290250345602,160.37530923091782,160.37530923091782,160.37530923091782,2743.8,4,NY,2.5,0.12434538454108734,22.379760194081072,45.36785669615191,160.71081147029665,160.51418520295522,-21.755096423922282,False,0.005755267242479024,53.28298720369285,-8.681147029665226,0.8840579710147435,20,4,ema_ribbon_bounce_short,160.73290250345602,SL,2022-04-03 21:00:00+00:00,-14.390250345601883,-394.8396889826245,2940,False
2022-04-04 16:00:00+00:00,21,GBP_JPY,LONG,160.99099999999999,160.6847756087343,161.22635075600965,161.22635075600965,161.22635075600965,1276.49,4,OVERLAP,2.5,0.13217537800482523,20.705117782134824,51.41306127327232,160.89685280134387,160.69764219054457,5.2458609130496825,False,-0.002744083201761144,33.06648650161228,6.514719865612051,0.19354838709674463,16,0,ema_ribbon_bounce_long,161.037,TIME,2022-04-05 00:00:00+00:00,4.600000000002069,58.718540000026415,480,True
2022-04-06 17:45:00+00:00,21,GBP_JPY,SHORT,161.817,161.93476424939647,161.62849860271325,161.62849860271325,161.62849860271325,3324.26,3,NY,2.5,0.11175069864337359,35.28332582326676,44.15422681673225,161.92485467644445,161.5709897093975,-17.428841517659066,False,-0.0030412524132262114,57.40297128569554,-7.285467644445021,0.023809523809636593,17,2,ema_ribbon_bounce_short,161.93476424939647,SL,2022-04-06 18:00:00+00:00,-11.776424939645835,-391.4789836986707,15,False
2022-04-06 19:15:00+00:00,21,GBP_JPY,SHORT,161.71200000000002,161.93713310140498,161.49749740462943,161.49749740462943,161.49749740462943,1721.49,4,NY,2.5,0.1247512976852902,31.60382028736078,41.07429414124044,161.88326992974808,161.5801624191298,-21.68397509623503,False,-0.001961419663095959,40.01590025930978,-13.62699297480674,0.35365853658534896,19,2,ema_ribbon_bounce_short,161.93713310140498,SL,2022-04-06 22:15:00+00:00,-22.5133101404964,-387.5643827376315,180,False
2022-04-07 21:00:00+00:00,21,GBP_JPY,LONG,162.107,161.8000796053694,162.27690975892824,162.27690975892824,162.27690975892824,1250.12,5,NY,2.5,0.102454879464125,22.561799175986877,56.145072911080355,161.94989141086643,161.78099070483154,14.257219663340948,False,0.005462254499656871,51.21136173767894,12.21085891335747,0.296875000000052,21,3,ema_ribbon_bounce_long,162.27690975892824,TP3,2022-04-07 22:30:00+00:00,16.991111807583493,212.40928692896276,90,True
2022-04-08 09:45:00+00:00,21,GBP_JPY,SHORT,161.804,162.03264198700722,161.60346498107074,161.60346498107074,161.60346498107074,1687.41,3,LONDON,2.5,0.11476750946462573,17.4084867054834,45.99133285474675,161.9120612397648,161.84374980185657,-3.2872941832295055,False,0.001633371229387167,40.532092997774335,-7.906123976479762,0.16666666666677946,9,4,ema_ribbon_bounce_short,162.03264198700722,SL,2022-04-08 13:00:00+00:00,-22.864198700722227,-385.81277529585697,195,False
2022-04-12 15:45:00+00:00,21,GBP_JPY,SHORT,163.157,163.42158085377733,162.87198669375576,162.87198669375576,162.87198669375576,1443.62,3,OVERLAP,2.5,0.1570066531221231,29.210505345948903,45.11389771205501,163.30580100631835,163.01728939343724,-8.18471741896758,False,-0.0014525643692759257,32.114644307335006,-11.980100631834034,0.6909090909091238,15,1,ema_ribbon_bounce_short,162.87198669375576,TP3,2022-04-12 18:15:00+00:00,28.501528054016294,411.45375929339,150,True
2022-04-13 03:45:00+00:00,21,GBP_JPY,LONG,163.34,163.09062179799272,163.4813559661002,163.4813559661002,163.4813559661002,1548.13,4,ASIAN,2.5,0.08817798305010256,31.411942396667214,58.78218260609137,163.18176121438,163.05206977507873,9.981831545511,False,-0.00021917915361564788,24.166417226460226,12.323878562000345,0.3260869565218063,3,2,ema_ribbon_bounce_long,163.4813559661002,TP3,2022-04-13 06:00:00+00:00,14.135687917576316,218.83882535837424,135,True
2022-04-14 10:30:00+00:00,21,GBP_JPY,SHORT,164.516,164.50044525473706,164.29299879085792,164.29299879085792,164.29299879085792,24960.69,3,LONDON,2.5,0.1260006045710378,19.905794054323493,44.57417192699738,164.57376796675885,164.0001436673109,-11.571287863307589,False,-0.010258575674143754,27.730181058617344,-2.8767966758863395,0.2285714285714595,10,3,ema_ribbon_bounce_short,164.50044525473706,SL,2022-04-14 10:45:00+00:00,1.5554745262932101,388.2571745370167,15,True
2022-04-14 22:30:00+00:00,21,GBP_JPY,LONG,164.68,164.37449870895844,164.8386793608515,164.8386793608515,164.8386793608515,1283.59,5,NY,2.5,0.09683968042574954,44.23777031474309,55.3565057470209,164.56239654742078,164.1967464468737,20.921024484130157,False,-0.013335723814777892,91.82039924092328,8.260345257923518,0.06382978723435134,22,3,ema_ribbon_bounce_long,164.8386793608515,TP3,2022-04-14 23:15:00+00:00,15.868059706680285,203.68082758897745,45,True
2022-04-15 20:00:00+00:00,21,GBP_JPY,SHORT,165.00900000000001,165.08467218419716,164.8881283254938,164.8881283254938,164.8881283254938,5209.0,3,NY,2.5,0.07793583725310241,18.422968222440517,44.54802635625374,165.09831165193148,164.72986165784215,-13.609955090981884,False,0.0003198088988213034,44.24391577796067,-5.431165193147081,0.14516129032278768,20,4,ema_ribbon_bounce_short,165.08467218419716,SL,2022-04-15 20:15:00+00:00,-7.56721841971455,-394.1764074829309,15,False
2022-04-18 06:00:00+00:00,21,GBP_JPY,SHORT,164.888,165.1241087906793,164.73178687815903,164.73178687815903,164.73178687815903,1652.78,4,ASIAN,2.5,0.09560656092049277,17.50712736397523,43.41540212639586,165.04232023283132,164.837076520862,-23.302726792095996,False,0.000186243515546268,61.55422986769477,-11.932023283131343,0.5340909090907403,6,0,ema_ribbon_bounce_short,164.73178687815903,TP3,2022-04-18 07:15:00+00:00,15.621406699472956,258.1874856475491,75,True
2022-04-20 15:45:00+00:00,21,GBP_JPY,SHORT,166.748,167.32135787648778,166.36899509378634,166.36899509378634,166.36899509378634,685.12,2,OVERLAP,2.5,0.20400245310681836,26.117707682360052,44.360272490658865,167.08098935242674,166.75240725306816,-14.393092352779036,False,0.004897012883739893,90.68176368988809,-30.398935242675407,0.1284403669725584,15,2,ema_ribbon_bounce_short,167.32135787648778,SL,2022-04-20 22:00:00+00:00,-57.33578764877904,-392.818948339315,375,False
2022-04-21 04:00:00+00:00,21,GBP_JPY,LONG,167.524,167.03564247611757,167.83839459202878,167.83839459202878,167.83839459202878,796.32,5,ASIAN,2.5,0.17469729601438563,22.604303492298925,52.363532764314826,167.30525268944413,166.93537770265323,42.0218342250223,False,-0.035164897892377395,17.37622568905758,18.37473105558729,0.6473988439305988,4,3,ema_ribbon_bounce_long,167.03564247611757,SL,2022-04-21 11:45:00+00:00,-48.83575238824278,-388.88886341805494,465,False
2022-04-21 17:30:00+00:00,21,GBP_JPY,SHORT,167.38400000000001,167.52989194544702,167.0794595645438,167.0794595645438,167.0794595645438,2638.94,4,NY,2.5,0.16977021772810064,26.173850227892718,46.28771238913457,167.44669309585623,167.1393015394537,-1.2826631525399534,False,-0.02952832599441832,27.450712725943607,-2.7693095856221817,0.44094488188959813,17,3,ema_ribbon_bounce_short,167.0794595645438,TP3,2022-04-21 17:45:00+00:00,30.454158948181806,803.666982147149,15,True
2022-04-21 20:45:00+00:00,21,GBP_JPY,SHORT,167.144,167.44569438405972,166.89568983080497,166.89568983080497,166.89568983080497,1302.76,2,NY,2.5,0.14165508459751802,29.208779486281305,45.423920050397385,167.31284124268444,167.13627383466581,-19.92922041623899,False,-0.004988806328670978,64.56721915285614,-13.384124268443998,0.20945945945950487,20,3,ema_ribbon_bounce_short,167.44569438405972,SL,2022-04-22 00:45:00+00:00,-30.169438405971505,-393.0353757776344,240,False
2022-04-27 20:30:00+00:00,21,GBP_JPY,LONG,161.013,160.80311767016744,161.28283501875728,161.28283501875728,161.28283501875728,1853.92,3,NY,2.5,0.15241750937863058,13.693908493709385,51.627474839586924,160.89258219115675,161.55250967165878,14.729034116086837,False,-0.015097762329161504,70.49373040752958,8.541780884326045,0.1914893617018446,20,2,ema_ribbon_bounce_long,161.28283501875728,TP3,2022-04-28 00:45:00+00:00,26.98364742408943,500.2552363246788,255,True
2022-04-28 15:45:00+00:00,21,GBP_JPY,LONG,162.887,161.95177951473664,163.49874637063473,163.49874637063473,163.49874637063473,421.41,3,OVERLAP,2.5,0.32037318531736886,22.160120863335713,50.25063851593744,162.69382075766993,162.06862484538365,-13.934524934418846,False,0.01694068019641622,26.129059769418877,16.417924233007852,0.5570776255707833,15,3,ema_ribbon_bounce_long,163.012,TIME,2022-04-28 23:45:00+00:00,12.5,52.67625,480,True
2022-04-29 16:30:00+00:00,21,GBP_JPY,SHORT,163.106,163.3221130293316,162.6520011640638,162.6520011640638,162.6520011640638,1826.06,3,OVERLAP,2.5,0.2414994179680963,40.96454147736002,47.74523191415883,163.20970972034513,162.77707590060277,-13.211018174416722,False,-0.001649737307710411,86.93252822843745,-7.470972034514034,0.0862068965516143,16,4,ema_ribbon_bounce_short,163.3221130293316,SL,2022-04-29 17:30:00+00:00,-21.611302933160914,-394.63535834127816,60,False
2022-05-02 03:00:00+00:00,21,GBP_JPY,LONG,163.557,163.08756503906756,163.83846216857256,163.83846216857256,163.83846216857256,832.25,4,ASIAN,2.5,0.15823108428628127,19.32422035434072,55.96530780873308,163.36144957763995,162.97589115156873,23.14655884648289,False,-0.00833943254836976,52.75108567945287,16.055042236004624,0.7520661157022541,3,0,ema_ribbon_bounce_long,163.19,TIME,2022-05-02 11:00:00+00:00,-36.69999999999902,-305.43574999999186,480,False
2022-05-03 10:00:00+00:00,21,GBP_JPY,SHORT,162.814,163.1031479704108,162.5007343850656,162.5007343850656,162.5007343850656,1340.61,4,LONDON,2.5,0.17113280746718817,34.188041610086046,44.98646377504656,162.91416306297532,162.94745333302072,-24.86160242170854,False,-0.0348152723599401,25.941919688724514,-7.116306297533015,0.5988700564972341,10,1,ema_ribbon_bounce_short,163.1031479704108,SL,2022-05-03 12:30:00+00:00,-28.91479704107951,-387.634660612416,150,False
2022-05-03 20:15:00+00:00,21,GBP_JPY,SHORT,162.547,162.9200782934167,162.3156449104647,162.3156449104647,162.3156449104647,1028.63,5,NY,2.5,0.13317754476764657,26.769641653593457,46.94986396447039,162.70204647948785,162.85879900129788,-22.69361812550983,False,0.012917976636725836,82.94078259049533,-12.004647948785419,0.757142857142892,20,1,ema_ribbon_bounce_short,162.492,TIME,2022-05-04 04:15:00+00:00,5.500000000000683,56.574650000007026,480,True
2022-05-04 17:30:00+00:00,21,GBP_JPY,SHORT,162.407,162.70125027075233,162.18837683482224,162.18837683482224,162.18837683482224,1306.11,5,NY,2.5,0.1268115825888827,18.895977920556888,48.3296332428861,162.51068025067923,162.67459356658335,-10.062923853126904,False,0.012129157111375646,76.669244716482,-6.86802506792219,0.5849056603775001,17,2,ema_ribbon_bounce_short,162.70125027075233,SL,2022-05-04 18:30:00+00:00,-29.42502707523147,-384.3232211323057,60,False
2022-05-04 23:45:00+00:00,21,GBP_JPY,LONG,163.075,162.53369320971052,163.4040890312138,163.4040890312138,163.4040890312138,702.89,3,NY,2.5,0.1820445156068977,29.84575534388619,53.71414230585175,162.8014636586059,162.7274433927628,45.3905644017766,False,-0.026328068711487712,12.357789358697593,23.853634139408086,0.5581395348836594,23,2,ema_ribbon_bounce_long,162.53369320971052,SL,2022-05-05 03:45:00+00:00,-54.13067902894681,-380.47912982656425,240,False
2022-05-05 05:15:00+00:00,21,GBP_JPY,SHORT,162.406,162.8554915047882,162.0833349151847,162.0833349151847,162.0833349151847,838.0,4,ASIAN,2.5,0.17883254240764823,28.295447810054576,43.72680629669452,162.6723747184131,162.70595486270423,-16.821725362592588,False,-0.029468788995146156,55.76192118830929,-23.13747184130932,0.05960264900652654,5,3,ema_ribbon_bounce_short,162.8554915047882,SL,2022-05-05 09:15:00+00:00,-44.94915047881988,-376.67388101251066,240,False
2022-05-06 09:15:00+00:00,21,GBP_JPY,SHORT,160.778,161.58221823657968,160.33907019073234,160.33907019073234,160.33907019073234,463.69,4,LONDON,2.5,0.23396490463382394,24.413928046330536,43.30050293878279,161.12273035242836,161.73731342435752,-15.541740816775018,False,0.0023323594277357834,37.617709976561926,-31.573035242837477,0.5069767441860797,9,4,ema_ribbon_bounce_short,161.128,TIME,2022-05-06 17:15:00+00:00,-34.99999999999943,-162.29149999999737,480,False
2022-05-06 19:00:00+00:00,21,GBP_JPY,SHORT,160.94400000000002,161.3316732472907,160.65578473190902,160.65578473190902,160.65578473190902,957.73,5,NY,2.5,0.16160763404548964,12.773349497870518,47.37590056656517,161.0446974788128,161.50477915024834,-0.6180491272289146,False,-0.010147958286251795,11.618731494476142,-6.569747881277976,0.6874999999998057,19,4,ema_ribbon_bounce_short,161.3316732472907,SL,2022-05-09 00:15:00+00:00,-38.7673247290678,-371.2862991277011,3195,False
2022-05-09 03:45:00+00:00,21,GBP_JPY,SHORT,160.92000000000002,161.26013305052595,160.66496187183253,160.66496187183253,160.66496187183253,1080.68,4,ASIAN,2.5,0.1450190640837387,16.982021290536913,46.5903794034549,161.04787289980553,161.375343388943,-5.372250357706321,False,-0.005636229692237926,72.07789952867562,-9.28728998055135,0.5984251968502968,3,0,ema_ribbon_bounce_short,161.26013305052595,SL,2022-05-09 07:30:00+00:00,-34.01330505259352,-367.5749850423677,225,False
2022-05-09 09:30:00+00:00,21,GBP_JPY,LONG,161.228,160.89860871156554,161.56942090901555,161.56942090901555,161.56942090901555,1104.76,4,LONDON,2.5,0.18521045450776646,39.95972269800292,55.386197408614954,161.04491894512,161.30308819890698,8.707088603981106,False,0.011276541448245414,51.96969696969563,15.408105488000956,0.8148148148149578,9,0,ema_ribbon_bounce_long,161.56942090901555,TP3,2022-05-09 09:45:00+00:00,34.14239994687512,377.1915776530977,15,True
2022-05-09 18:15:00+00:00,21,GBP_JPY,SHORT,160.739,161.3615432563933,160.31434947238057,160.31434947238057,160.31434947238057,590.59,5,NY,2.5,0.2298252638097191,28.779395996555824,42.76927157979593,161.09179504894573,161.27772713462124,-51.2462430892441,False,0.008436095081767181,41.49538866930249,-31.779504894572597,0.4047619047619821,18,0,ema_ribbon_bounce_short,160.31434947238057,TP3,2022-05-10 00:15:00+00:00,42.46577178957276,250.7986016120378,360,True
2022-05-10 06:30:00+00:00,21,GBP_JPY,LONG,161.246,160.82033452440143,161.56890133276633,161.56890133276633,161.56890133276633,869.64,3,ASIAN,2.5,0.17895066638315288,20.586072721741548,55.85174029160343,160.99132905452288,161.12839658650722,13.611005852914104,False,-0.008234391345488007,29.18612626583311,21.967094547713373,0.8716216216216061,6,1,ema_ribbon_bounce_long,160.82033452440143,SL,2022-05-10 07:00:00+00:00,-42.566547559857774,-370.1757241995472,30,False
2022-05-10 11:00:00+00:00,21,GBP_JPY,SHORT,160.542,161.10673551520662,160.1038969816287,160.1038969816287,160.1038969816287,648.93,3,LONDON,2.5,0.23355150918564324,26.608647006149482,46.270799268187886,160.77772324593886,161.03906746707946,6.555474110638215,False,0.01159573855825681,77.12131484334817,-20.67232459388606,0.30697674418605325,11,1,ema_ribbon_bounce_short,160.1038969816287,TP3,2022-05-10 12:45:00+00:00,43.810976953117795,284.3025727418673,105,True
2022-05-10 16:45:00+00:00,21,GBP_JPY,SHORT,160.299,160.91710733171885,159.86374893098804,159.86374893098804,159.86374893098804,597.5,5,OVERLAP,2.5,0.2321255345059872,24.726158558396328,46.30710564953314,160.528039511653,160.9001173084371,-7.850406237562879,False,0.01070751815474398,63.47352024922143,-20.003951165298872,0.04310344827582827,16,1,ema_ribbon_bounce_short,160.536,TIME,2022-05-11 00:45:00+00:00,-23.699999999999477,-141.6074999999969,480,False
2022-05-11 03:45:00+00:00,21,GBP_JPY,LONG,160.811,160.5252611769322,161.01483121093588,161.01483121093588,161.01483121093588,1287.55,4,ASIAN,2.5,0.11941560546793256,21.954544009597992,56.707509621807816,160.6150151126797,160.79623210162788,29.732398388901515,False,0.011357622656729932,47.59372712210577,16.098488732029637,0.7202797202797773,3,2,ema_ribbon_bounce_long,160.5252611769322,SL,2022-05-11 07:00:00+00:00,-28.57388230678168,-367.90302164096755,195,False
2022-05-13 05:30:00+00:00,21,GBP_JPY,LONG,157.54,157.2019400876242,157.8631953009474,157.8631953009474,157.8631953009474,1077.39,3,ASIAN,2.5,0.17909765047371093,32.109162358707536,55.361077302027404,157.2021389854118,158.11665250921266,68.6614849741602,False,-0.04053131144167252,44.03428356988601,30.286101458818848,0.23387096774191515,5,4,ema_ribbon_bounce_long,157.2019400876242,SL,2022-05-13 06:00:00+00:00,-33.80599123757975,-364.22236899456044,30,False
2022-05-13 11:45:00+00:00,21,GBP_JPY,LONG,157.362,157.11830354582685,157.73598255047,157.73598255047,157.73598255047,1479.63,3,LONDON,2.5,0.2014912752350067,31.54140686762308,53.45776518521877,157.21627959722977,157.91969137261373,12.051574661930431,False,0.02616369732444825,51.32818428211016,11.672040277022688,0.13103448275867477,11,4,ema_ribbon_bounce_long,157.11830354582685,SL,2022-05-13 12:15:00+00:00,-24.369645417314697,-360.5805844882135,30,False
2022-05-16 05:45:00+00:00,21,GBP_JPY,SHORT,157.929,158.1554793674512,157.55634281183663,157.55634281183663,157.55634281183663,1576.19,3,ASIAN,2.5,0.20382859408168283,22.203334135661954,46.93081419894585,158.07923489118204,158.03284337841492,10.56026372281167,False,0.014839856078073588,44.585987261148176,-11.523489118204111,0.034883720930075,5,0,ema_ribbon_bounce_short,157.55634281183663,TP3,2022-05-16 06:45:00+00:00,37.26595524544051,587.3822599831087,60,True
2022-05-16 15:15:00+00:00,21,GBP_JPY,SHORT,158.088,158.35352234183213,157.64394770869598,157.64394770869598,157.64394770869598,1366.55,5,OVERLAP,2.5,0.23652614565200422,25.072863570826,45.01427157741998,158.23546730031228,158.10167876300034,-19.344278086143163,False,-0.04108115899841443,36.6652468509788,-11.846730031228958,0.5165562913907122,15,0,ema_ribbon_bounce_short,158.35352234183213,SL,2022-05-16 15:45:00+00:00,-26.55223418321384,-362.84955623070874,30,False
2022-05-16 15:45:00+00:00,21,GBP_JPY,LONG,158.47,157.8880113024552,158.91847876137948,158.91847876137948,158.91847876137948,617.23,4,OVERLAP,2.5,0.23873938068973774,24.381730627114045,54.59727871571357,158.2455444014032,158.10690044042417,13.284480375494923,False,-0.011780294203275518,63.583399099069915,19.54555985967943,0.8000000000000898,15,0,ema_ribbon_bounce_long,158.91847876137948,TP3,2022-05-16 18:00:00+00:00,44.84860273704585,276.8190306738681,135,True
2022-05-19 21:30:00+00:00,21,GBP_JPY,LONG,159.472,158.98205757703957,159.8344692625692,159.8344692625692,159.8344692625692,738.84,4,NY,2.5,0.19873463128458937,19.83564218744595,52.775498385671646,159.23104049774167,159.32214173767179,48.9093247066819,False,-0.046902561096721335,58.36842767167428,20.595950225833803,0.8571428571427121,21,3,ema_ribbon_bounce_long,158.98205757703957,SL,2022-05-20 03:45:00+00:00,-48.99424229604392,-361.98905978009094,375,False
2022-05-20 15:45:00+00:00,21,GBP_JPY,LONG,159.736,159.22237122336583,160.21481345768848,160.21481345768848,160.21481345768848,697.72,4,OVERLAP,2.5,0.2539067288442474,24.970727100032626,51.56277057283829,159.59483531708113,159.43140344029308,-0.6627828789532941,False,-0.024540700567844822,47.81640195727271,11.216468291885917,0.6540880503142877,15,4,ema_ribbon_bounce_long,159.22237122336583,SL,2022-05-20 16:45:00+00:00,-51.36287766341638,-358.3690700331888,60,False
2022-05-20 19:00:00+00:00,21,GBP_JPY,SHORT,159.294,159.66469994247103,158.88735951373647,158.88735951373647,158.88735951373647,957.07,4,NY,2.5,0.22082024313177265,12.026476794044614,45.64748900661821,159.48906362489856,159.41968078423133,-28.518137855320447,False,-0.001470233423305073,54.85635991969665,-16.00636248985552,0.2558139534882901,19,4,ema_ribbon_bounce_short,159.66469994247103,SL,2022-05-20 19:30:00+00:00,-37.069994247102045,-354.78579394073955,30,False
2022-05-23 04:45:00+00:00,21,GBP_JPY,LONG,159.904,159.44096240644018,160.2432836321112,160.2432836321112,160.2432836321112,758.55,5,ASIAN,2.5,0.18714181605559851,17.527582660212257,53.92729039262742,159.72269332510052,159.5367392818241,20.34850391945895,False,0.0040468726582274,86.07259460875548,14.630667489947768,0.3548387096774608,4,0,ema_ribbon_bounce_long,160.2432836321112,TP3,2022-05-23 05:45:00+00:00,33.92881049031377,257.3669919742751,60,True
2022-05-23 10:30:00+00:00,21,GBP_JPY,LONG,160.334,159.6693098515559,160.7266677742717,160.7266677742717,160.7266677742717,532.3,5,LONDON,2.5,0.21083388713585333,20.607581032905667,53.16753307048096,160.07902255872142,159.69554291679577,0.0688377110662941,False,-0.023916722616911495,26.80116424595977,22.597744127858732,0.4864864864865488,10,0,ema_ribbon_bounce_long,160.7266677742717,TP3,2022-05-23 13:45:00+00:00,39.26751510850439,209.02098292256883,195,True
2022-05-23 17:30:00+00:00,21,GBP_JPY,LONG,160.651,159.99233362692817,160.99238773036075,160.99238773036075,160.99238773036075,540.34,4,NY,2.5,0.18819386518036646,20.815149107036845,52.82350824261138,160.42413295413652,159.91039573282296,14.764179734470417,False,-0.014889519428428505,29.420802179820438,19.186704586348924,0.4081632653063947,17,0,ema_ribbon_bounce_long,160.99238773036075,TP3,2022-05-23 20:15:00+00:00,34.13940483777324,184.46886010042397,165,True
2022-05-25 05:15:00+00:00,21,GBP_JPY,LONG,159.283,159.10483463951758,159.54048673749202,159.54048673749202,159.54048673749202,2007.95,2,ASIAN,2.5,0.1462433687460162,30.57679512546512,58.2915815971448,159.07781286074075,159.4982020207731,33.712808881418255,False,0.007246070344552422,26.238655882536094,17.01871392592409,0.6084656084655289,5,2,ema_ribbon_bounce_long,159.10483463951758,SL,2022-05-25 06:00:00+00:00,-17.816536048241005,-357.74713558065525,45,False
2022-05-26 17:30:00+00:00,21,GBP_JPY,LONG,160.131,159.65770613855815,160.48970921929114,160.48970921929114,160.48970921929114,748.31,5,NY,2.5,0.19685460964556456,16.393229470128333,53.391291837284854,159.93747748436704,159.75286588456134,28.639906108742252,False,-0.009086847476481363,18.901098901099246,15.852251563296704,0.9918699186993786,17,3,ema_ribbon_bounce_long,160.48970921929114,TP3,2022-05-27 00:00:00+00:00,35.8714012882292,268.4292829799479,390,True
2022-05-29 21:30:00+00:00,21,GBP_JPY,LONG,160.481,160.17055444728112,160.67099912856585,160.67099912856585,160.67099912856585,1149.49,5,NY,2.5,0.11249956428293374,25.060699206934338,53.14442989592763,160.35900330624722,160.13255717954212,14.263650490096325,False,-0.0053552249101639846,42.140305924372036,8.699669375278063,0.3888888888891521,21,6,ema_ribbon_bounce_long,160.67099912856585,TP3,2022-05-29 22:00:00+00:00,19.000078146521894,218.4039982864545,30,True
2022-05-30 04:45:00+00:00,21,GBP_JPY,LONG,160.639,160.3089638366384,160.8166043379128,160.8166043379128,160.8166043379128,1087.87,4,ASIAN,2.5,0.10630216895639305,14.719066120018335,54.02158461901396,160.51106637107924,160.24646440836082,22.592033947779555,False,-0.003429694881849788,65.86399393726396,9.293362892077539,0.05882352941205974,4,0,ema_ribbon_bounce_long,160.8166043379128,TP3,2022-05-30 06:15:00+00:00,17.760597050066465,193.21220712855805,90,True
2022-05-31 09:45:00+00:00,21,GBP_JPY,SHORT,161.168,161.4354626920085,160.83569390078225,160.83569390078225,160.83569390078225,1349.61,4,LONDON,2.5,0.18065304960888218,20.4733961672317,44.15251575450756,161.3396941774227,160.98278799895203,-6.32625708945227,False,0.011977589732177843,29.914641015642122,-14.269417742269752,0.06617647058813542,9,1,ema_ribbon_bounce_short,161.4354626920085,SL,2022-05-31 12:00:00+00:00,-26.746269200850747,-360.9703237616017,135,False
2022-06-01 21:30:00+00:00,21,GBP_JPY,SHORT,162.442,162.55554990932245,162.21703138478884,162.21703138478884,162.21703138478884,3147.16,3,NY,2.5,0.12998430760558516,16.207816600391535,49.50940950965717,162.50602121810593,162.09610018692445,-5.923194870280213,False,-0.002546939423119921,28.537170263793218,-2.9021218105924618,0.24137931034503035,21,2,ema_ribbon_bounce_short,162.55554990932245,SL,2022-06-01 23:15:00+00:00,-11.354990932244391,-357.35973262322256,105,False
2022-06-02 03:00:00+00:00,21,GBP_JPY,SHORT,162.281,162.52072008958964,162.07643463150174,162.07643463150174,162.07643463150174,1475.83,4,ASIAN,2.5,0.11978268424912715,21.209910247063895,46.74250996962043,162.41330146104397,162.14841573218118,-18.08858788413943,False,0.0028670595309033334,72.81001137656118,-9.730146104396908,0.06557377049167343,3,3,ema_ribbon_bounce_short,162.52072008958964,SL,2022-06-02 06:45:00+00:00,-23.972008958963897,-353.78609981907687,225,False
2022-06-02 09:45:00+00:00,21,GBP_JPY,LONG,162.772,162.32429183972698,163.02384134184967,163.02384134184967,163.02384134184967,782.31,3,LONDON,2.5,0.14042067092484234,41.8843546544839,57.311373024300146,162.52613864154245,162.24065433485939,-5.284651817680697,False,0.002702772918076468,24.173854760378173,21.68613584575496,0.7391304347826086,9,3,ema_ribbon_bounce_long,163.02384134184967,TP3,2022-06-02 14:00:00+00:00,25.18445610510467,197.02051855584432,255,True
2022-06-02 15:00:00+00:00,21,GBP_JPY,LONG,162.976,162.40003885242353,163.3233656996817,163.3233656996817,163.3233656996817,611.53,5,OVERLAP,2.5,0.18818284984084716,25.02831372187784,57.24504201777713,162.6994979285451,162.3507459314651,13.823833013333342,False,0.007067295972386159,49.71265047892461,24.75020714549032,0.4742857142856744,15,3,ema_ribbon_bounce_long,163.3233656996817,TP3,2022-06-02 17:00:00+00:00,34.73713799541148,212.4280199833398,120,True
2022-06-03 15:30:00+00:00,21,GBP_JPY,LONG,163.635,163.1426039049569,163.9405143672442,163.9405143672442,163.9405143672442,719.63,4,OVERLAP,2.5,0.16725718362209926,26.31622726282905,51.44795715882427,163.48071166361817,162.99946332441448,0.9915018354035965,False,-0.019741514872015115,22.97735674024102,12.528833638182846,0.6933333333333384,15,4,ema_ribbon_bounce_long,163.507,TIME,2022-06-05 23:30:00+00:00,-12.79999999999859,-92.11263999998985,3360,False
2022-06-06 10:45:00+00:00,21,GBP_JPY,LONG,164.033,163.34795254160275,164.38117038215358,164.38117038215358,164.38117038215358,515.91,4,LONDON,2.5,0.18858519107679603,36.53619592465028,55.10029994742482,163.68732924928835,163.29842941162485,-21.73026269052798,False,-0.03602788276502819,16.091695635784095,31.66707507116371,0.63478260869542,10,0,ema_ribbon_bounce_long,164.38117038215358,TP3,2022-06-06 14:00:00+00:00,34.81771308187163,179.6280635606839,195,True
2022-06-09 03:30:00+00:00,21,GBP_JPY,SHORT,168.178,168.0726844862972,167.9504336112022,167.9504336112022,167.9504336112022,3372.89,3,ASIAN,2.5,0.13128319439890793,35.77785417362053,43.56847164161387,168.24247390409596,167.20291758593123,8.208007190765443,False,-0.01935883877801461,52.14067278287598,-2.947390409596551,0.535714285714331,3,3,ema_ribbon_bounce_short,168.0726844862972,SL,2022-06-09 03:45:00+00:00,10.531551370280567,355.2176430130562,15,True
2022-06-09 16:30:00+00:00,21,GBP_JPY,LONG,167.896,167.47390392127596,168.37458935115123,168.37458935115123,168.37458935115123,849.97,3,OVERLAP,2.5,0.25379467557562085,34.01610123467845,53.176008087113516,167.72948452650488,167.3608322872082,23.597069370279655,False,-0.017710742195818766,34.000392507124864,13.751547349511384,0.7674418604650907,16,3,ema_ribbon_bounce_long,167.47390392127596,SL,2022-06-10 00:15:00+00:00,-42.20960787240244,-358.76900403305905,465,False
2022-06-10 03:30:00+00:00,21,GBP_JPY,SHORT,167.56,167.87259050172455,167.29796549087757,167.29796549087757,167.29796549087757,1136.25,3,ASIAN,2.5,0.14851725456121387,24.344148912147265,47.98967218931544,167.69332716865006,167.4956172692031,-5.98638307979229,False,0.013832903769434579,78.6114168950572,-9.832716865005864,0.6893203883496271,3,4,ema_ribbon_bounce_short,167.29796549087757,TP3,2022-06-10 05:00:00+00:00,26.203681525672312,297.73933133545165,90,True
2022-06-15 09:45:00+00:00,21,GBP_JPY,LONG,162.531,162.23604690154716,162.97065402372712,162.97065402372712,162.97065402372712,1214.29,2,LONDON,2.5,0.23432701186354982,26.41185796994953,56.19359676090594,162.3151776239239,163.07679743332417,-2.2487499998305793,False,0.053144222280262096,36.18886913550529,18.68223760761225,0.04201680672277036,9,2,ema_ribbon_bounce_long,162.97065402372712,TP3,2022-06-15 11:15:00+00:00,43.965764439453196,533.8718810118362,90,True
2022-06-15 14:30:00+00:00,21,GBP_JPY,LONG,162.685,162.29617592843778,163.10795415670054,163.10795415670054,163.10795415670054,934.87,3,OVERLAP,2.5,0.22597707835027164,15.68907605193804,54.4076834751508,162.48246154558566,163.00058686077406,5.937402297456629,False,-0.022446719697922973,67.56916796416515,17.353845441434146,0.36734693877551733,14,2,ema_ribbon_bounce_long,162.29617592843778,SL,2022-06-15 15:00:00+00:00,-38.8824071562226,-363.4999597813782,30,False
2022-06-15 16:45:00+00:00,21,GBP_JPY,SHORT,162.201,162.6742889396713,161.82383826722136,161.82383826722136,161.82383826722136,760.35,4,OVERLAP,2.5,0.20308086638931563,19.942692390088286,43.225862813067074,162.4005339308577,162.9328559029605,-30.64928366236188,False,-0.034904198607643044,54.660587639306776,-17.053393085771518,0.13529411764702343,16,2,ema_ribbon_bounce_short,162.6742889396713,SL,2022-06-15 18:00:00+00:00,-47.328893967130625,-359.8652452790777,75,False
2022-06-16 19:45:00+00:00,21,GBP_JPY,LONG,163.215,162.31075515073294,163.90121857027893,163.90121857027893,163.90121857027893,393.99,3,NY,2.5,0.36060928513946633,26.007982602656504,54.880306974635786,162.7527444850504,162.78057371435423,92.25495119982838,False,-0.045995863590399866,43.2963687758236,42.72555149495929,0.7106109324758798,19,3,ema_ribbon_bounce_long,163.90121857027893,TP3,2022-06-17 00:45:00+00:00,68.62359874359662,270.37011668989635,300,True
2022-06-17 16:00:00+00:00,21,GBP_JPY,SHORT,164.729,164.74653326569032,164.0970939472842,164.0970939472842,164.0970939472842,20473.56,2,OVERLAP,2.5,0.3304530263579011,21.990445555396427,44.66987107043466,164.87799168132673,163.87118393503147,-45.46236515752753,False,-0.01816824414696351,31.71518265875203,-11.999168132672366,0.6359447004606846,16,4,ema_ribbon_bounce_short,164.74653326569032,SL,2022-06-17 16:15:00+00:00,-1.753326569030378,-358.96836710637587,15,False
2022-06-20 14:30:00+00:00,21,GBP_JPY,LONG,165.394,164.79511240380728,165.77436383470052,165.77436383470052,165.77436383470052,593.4,4,OVERLAP,2.5,0.20468191735025565,23.848748514543775,55.60197820456791,165.1622214466871,164.59152161129023,18.49177678457181,False,-0.019603153113336658,59.56373646825733,20.27785533128963,0.18803418803422853,14,0,ema_ribbon_bounce_long,165.559,TIME,2022-06-20 22:45:00+00:00,16.4999999999992,97.91099999999527,495,True
2022-06-22 17:45:00+00:00,21,GBP_JPY,LONG,167.165,166.57303736085694,167.55818358164063,167.55818358164063,167.55818358164063,601.99,4,NY,2.5,0.21409179082032304,15.308201668962008,56.2983683709943,166.86601843664113,166.44616253993397,39.4148760449724,False,-0.0037873255424033803,59.50083393133459,26.398156335886824,0.5,17,2,ema_ribbon_bounce_long,166.57303736085694,SL,2022-06-22 23:15:00+00:00,-59.19626391430484,-356.3555891377237,330,False
2022-06-24 12:30:00+00:00,21,GBP_JPY,LONG,166.005,165.35727664459517,166.43534918918567,166.43534918918567,166.43534918918567,544.67,4,LONDON,2.5,0.2296745945928401,27.867435394319898,57.59792054065046,165.60823563091665,165.74132788174884,21.04026157278156,False,-0.020259696901451463,42.20292623597259,36.77643690833463,0.6679245283018929,12,4,ema_ribbon_bounce_long,165.799,TIME,2022-06-26 21:45:00+00:00,-20.599999999998886,-112.20201999999392,3435,False
2022-06-27 04:15:00+00:00,21,GBP_JPY,SHORT,165.443,165.8459252366205,165.15739182656966,165.15739182656966,165.15739182656966,872.8,3,ASIAN,2.5,0.16030408671517865,14.771555878761603,44.505976945668394,165.66380181377468,165.75041917845084,-31.547561588291728,False,0.020079646797858258,56.97107953129347,-18.580181377467397,0.496183206106852,4,0,ema_ribbon_bounce_short,165.8459252366205,SL,2022-06-27 06:30:00+00:00,-40.29252366204901,-351.6731465223637,135,False
2022-06-27 17:45:00+00:00,21,GBP_JPY,LONG,166.264,165.81151591709656,166.51963274880913,166.51963274880913,166.51963274880913,769.43,4,NY,2.5,0.14531637440456105,14.031405796023705,52.96059635818733,166.0818639235097,165.88528872097493,10.440921299959882,False,-0.01075995612227304,34.529869055016064,14.713607649031246,0.08695652173911253,17,0,ema_ribbon_bounce_long,165.81151591709656,SL,2022-06-28 01:45:00+00:00,-45.24840829034531,-348.1548279084039,480,False
2022-06-29 20:45:00+00:00,21,GBP_JPY,SHORT,165.511,165.97367986392334,165.27756179360185,165.27756179360185,165.27756179360185,744.95,4,NY,2.5,0.13421910319907812,14.643598077966843,44.05932623690725,165.72340623054652,165.9288954514614,-30.321442846513946,False,0.014418382556730516,70.776255707765,-17.74062305465236,0.47524752475249754,20,2,ema_ribbon_bounce_short,165.594,TIME,2022-06-30 04:45:00+00:00,-8.29999999999984,-61.83084999999882,480,False
2022-06-30 15:15:00+00:00,21,GBP_JPY,SHORT,165.089,165.71080182950374,164.61161156090193,164.61161156090193,164.61161156090193,553.32,4,OVERLAP,2.5,0.253194219549029,21.22415522032666,47.73986536053998,165.29428873414682,165.64548260605557,-7.0837004822664085,False,0.00961685744485248,26.303088722602364,-17.62887341468229,0.11764705882352941,15,3,ema_ribbon_bounce_short,165.152,TIME,2022-06-30 23:15:00+00:00,-6.299999999998817,-34.85915999999346,480,False
2022-07-04 08:45:00+00:00,21,GBP_JPY,LONG,164.071,163.47255179834684,164.43937801555822,164.43937801555822,164.43937801555822,574.33,3,LONDON,2.5,0.19868900777910428,34.700224958976165,58.606993275334396,163.65264819273318,164.05154874896368,11.256777614195812,False,-0.005453133825455536,24.246249765923206,38.935180726682006,0.9186991869918314,8,0,ema_ribbon_bounce_long,164.43937801555822,TP3,2022-07-04 11:00:00+00:00,36.838442960616504,211.5742294557088,135,True
2022-07-04 20:30:00+00:00,21,GBP_JPY,SHORT,164.163,164.15225918763463,164.02046541839772,164.02046541839772,164.02046541839772,32197.08,5,NY,2.5,0.08876729080115038,19.087725132064865,45.51880843198687,164.19852555942194,164.1534110614192,-9.887224974772835,False,-0.004250213718798683,39.674642081905795,-0.052555942193066585,0.19999999999977264,20,0,ema_ribbon_bounce_short,164.15225918763463,SL,2022-07-04 20:45:00+00:00,1.0740812365384045,345.8227949932593,15,True
2022-07-06 10:30:00+00:00,21,GBP_JPY,SHORT,161.457,162.56790783727817,160.86143731468715,160.86143731468715,160.86143731468715,314.41,3,LONDON,2.5,0.31228134265642216,27.697766921613336,44.65078102055192,161.84784890434037,162.86138920895368,-15.584230814579314,False,-0.024218997963859457,47.07349641935474,-36.1848904340377,0.2857142857143094,10,2,ema_ribbon_bounce_short,160.86143731468715,TP3,2022-07-06 11:45:00+00:00,59.55816275438563,187.25681951606387,75,True
2022-07-06 22:30:00+00:00,21,GBP_JPY,LONG,162.059,161.77788965445038,162.32225613614025,162.32225613614025,162.32225613614025,1249.17,4,NY,2.5,0.1491280680701248,21.274482163184324,57.36212551500099,161.813740483812,162.4089161910335,49.08389535419815,False,-0.026680191486238042,54.773552586504984,21.0259516187989,0.3790322580645069,22,2,ema_ribbon_bounce_long,161.77788965445038,SL,2022-07-07 01:00:00+00:00,-28.11103455496209,-351.15461035021997,150,False
2022-07-07 04:45:00+00:00,21,GBP_JPY,LONG,162.135,161.80204019113106,162.4256331063142,162.4256331063142,162.4256331063142,1044.1,3,ASIAN,2.5,0.16281655315710677,17.27535995722922,53.992063449105764,161.9505329844131,162.3229113867736,48.0842594936945,False,0.0023759353796881932,24.81107213292032,14.946701558690734,0.7058823529411765,4,3,ema_ribbon_bounce_long,162.4256331063142,TP3,2022-07-07 05:00:00+00:00,29.063588988959182,303.4529326337228,15,True
2022-07-07 14:15:00+00:00,21,GBP_JPY,LONG,162.823,162.08592237251912,163.32710916651507,163.32710916651507,163.32710916651507,475.77,3,OVERLAP,2.5,0.2665545832575264,27.428291937055832,53.00951538789882,162.54151049183915,162.43683403743805,-0.9245670340220613,False,-0.0019488600007143836,68.90343184017443,25.248950816086335,0.15476190476196117,14,3,ema_ribbon_bounce_long,163.32710916651507,TP3,2022-07-07 16:45:00+00:00,50.4119762163519,239.84505924453742,150,True
2022-07-11 18:00:00+00:00,21,GBP_JPY,SHORT,163.369,163.82296428815334,163.02778212687986,163.02778212687986,163.02778212687986,777.76,4,NY,2.5,0.18810893656007072,31.686058513344843,45.0240309879102,163.6195479280365,163.45842649011942,-24.244660244843885,False,0.025340824328975026,72.10566634541748,-21.554792803650002,0.6265060240964784,18,0,ema_ribbon_bounce_short,163.02778212687986,TP3,2022-07-12 01:00:00+00:00,34.12222603073623,265.3890251766541,420,True
2022-07-12 21:30:00+00:00,21,GBP_JPY,LONG,162.688,162.62079492969883,162.9008801127347,162.9008801127347,162.9008801127347,5293.19,4,NY,2.5,0.12394005636735451,14.084579829093835,52.20420107804266,162.6100110230233,162.94577650164982,35.599609933552756,False,-0.019470452456970683,62.36556143772421,4.298897697668735,0.0,21,1,ema_ribbon_bounce_long,162.62079492969883,SL,2022-07-12 22:00:00+00:00,-6.720507030115641,-355.7292060673781,30,False
2022-07-13 05:15:00+00:00,21,GBP_JPY,LONG,163.12199999999999,162.68126001539284,163.36831867171622,163.36831867171622,163.36831867171622,799.05,2,ASIAN,2.5,0.1406593358581169,40.024215812971406,56.331467864564665,162.85279653041246,162.93112256562526,59.987531332762956,False,-0.01795663226719149,21.638842953513535,23.420346958752702,0.3412698412696533,5,2,ema_ribbon_bounce_long,163.36831867171622,TP3,2022-07-13 06:00:00+00:00,24.63217543602749,196.82339782157766,45,True
2022-07-13 17:00:00+00:00,21,GBP_JPY,LONG,163.672,162.90995541651915,164.14233951372802,164.14233951372802,164.14233951372802,464.72,4,NY,2.5,0.2526697568640128,15.539265528476712,55.24880701557303,163.34037012144555,163.09095969865953,27.99291659144103,False,-0.0046032203890583046,34.645575335397695,29.66298785544552,0.39869281045751026,17,2,ema_ribbon_bounce_long,163.541,TIME,2022-07-14 01:00:00+00:00,-13.100000000000021,-60.87832000000011,480,False
2022-07-15 04:45:00+00:00,21,GBP_JPY,LONG,164.516,164.0575432439177,164.7606333841866,164.7606333841866,164.7606333841866,771.13,5,ASIAN,2.5,0.13981669209331013,13.929560801934052,54.313710877976014,164.3429170075063,163.91585429901497,15.93513401990947,False,-0.008628773701533574,42.01477283628237,13.808299249370748,0.9753086419751961,4,4,ema_ribbon_bounce_long,164.0575432439177,SL,2022-07-15 06:30:00+00:00,-45.84567560822847,-353.5297583177322,105,False
2022-07-15 10:00:00+00:00,21,GBP_JPY,SHORT,164.055,164.3902772673739,163.69134745250346,163.69134745250346,163.69134745250346,1043.9,4,LONDON,2.5,0.19632627374826575,14.012771670029903,44.44536077592207,164.25365444762394,163.9674855296063,-12.432881731760403,False,0.0032831918423657236,25.162222638566345,-16.9654447623941,0.8594594594594046,10,4,ema_ribbon_bounce_short,164.3902772673739,SL,2022-07-15 10:45:00+00:00,-33.527726737389685,-349.99593941161095,45,False
2022-07-17 21:15:00+00:00,21,GBP_JPY,LONG,164.383,164.12572811082072,164.5800964135439,164.5800964135439,164.5800964135439,1346.81,4,NY,2.5,0.11604820677195278,12.477387408097664,53.75650092889125,164.28023606814762,164.0766085079502,11.462668994397518,False,0.003457530185241295,44.862131168665805,6.776393185239726,0.20634920634932807,21,6,ema_ribbon_bounce_long,164.5800964135439,TP3,2022-07-18 03:15:00+00:00,19.709787697537134,265.45339168919986,360,True
2022-07-19 02:30:00+00:00,21,GBP_JPY,SHORT,164.977,165.1882163057013,164.7071726602949,164.7071726602949,164.7071726602949,1653.05,3,ASIAN,2.5,0.15241366985254534,30.188097610885944,46.64080861947853,165.12637607535524,164.76338895127574,-34.57582655867384,False,-0.003197484584926233,77.1830985915491,-11.437607535523853,0.5,2,1,ema_ribbon_bounce_short,165.1882163057013,SL,2022-07-19 06:15:00+00:00,-21.121630570129923,-349.1511141395327,225,False
2022-07-19 10:15:00+00:00,21,GBP_JPY,LONG,165.438,164.90779566387886,165.8153881808001,165.8153881808001,165.8153881808001,651.94,4,LONDON,2.5,0.20319409040006026,38.84641855052524,55.532791193176166,165.2030347762834,164.87443713057257,-0.8569238039768834,False,0.0044123789449860285,60.659749201411465,20.59652237165892,0.11029411764696201,10,1,ema_ribbon_bounce_long,165.8153881808001,TP3,2022-07-19 14:45:00+00:00,37.73939694951091,246.03822447264147,270,True
2022-07-20 16:00:00+00:00,21,GBP_JPY,SHORT,165.542,165.88152674805292,165.1670804801926,165.1670804801926,165.1670804801926,1025.31,4,OVERLAP,2.5,0.20195975990370288,17.59115388297153,48.37981040311969,165.68125200140264,165.48424173109098,-5.3978621659837245,False,0.020147305329715315,52.01001178920293,-11.025200140264246,0.6451612903226792,16,2,ema_ribbon_bounce_short,165.665,TIME,2022-07-21 00:00:00+00:00,-12.299999999999045,-126.1131299999902,480,False
2022-07-25 16:15:00+00:00,21,GBP_JPY,LONG,164.597,163.87717766816115,164.96400230149536,164.96400230149536,164.96400230149536,481.87,5,OVERLAP,2.5,0.1980011507476657,24.25088496657571,52.813778747957976,164.26301459500323,164.21487516358735,8.922538145216663,False,-0.06508108188211267,39.98932658293492,30.498540499678484,0.8000000000002472,16,0,ema_ribbon_bounce_long,164.466,TIME,2022-07-26 00:15:00+00:00,-13.100000000000025,-63.12497000000011,480,False
2022-07-27 09:15:00+00:00,21,GBP_JPY,LONG,165.057,164.59809410630004,165.33179180311512,165.33179180311512,165.33179180311512,754.46,5,LONDON,2.5,0.15189590155756316,17.278666645880264,51.55654076172817,164.9173460615015,164.59160091464514,1.3373433564055404,False,-0.012046136008876336,47.75782082577205,11.065393849850125,0.22580645161278493,9,2,ema_ribbon_bounce_long,165.33179180311512,TP3,2022-07-27 16:15:00+00:00,27.479544534670687,207.32217169627648,420,True
2022-07-29 16:45:00+00:00,21,GBP_JPY,SHORT,162.183,163.01567143121056,161.751435198002,161.751435198002,161.751435198002,418.29,5,OVERLAP,2.5,0.23028240099898864,27.709489181253108,47.28074401640191,162.39282109030086,163.38267176311516,1.4385665105010048,False,4.109815127829441e-05,25.925245098037426,-18.082109030086713,0.7021276595746396,16,4,ema_ribbon_bounce_short,161.751435198002,TP3,2022-08-01 00:30:00+00:00,43.15751193567969,180.5235566757546,3345,True
2022-08-03 09:00:00+00:00,21,GBP_JPY,LONG,162.253,161.4238215962343,162.7378957358828,162.7378957358828,162.7378957358828,422.23,2,LONDON,2.5,0.25694786794140073,22.370352354805984,52.93184490925579,161.97694439780756,161.61294721220835,-12.042046459717426,False,0.011006242546774958,17.775368744643234,24.70556021924324,0.06220095693768713,9,2,ema_ribbon_bounce_long,162.7378957358828,TP3,2022-08-03 12:00:00+00:00,48.49072200439575,204.7423755191602,180,True
2022-08-04 04:45:00+00:00,21,GBP_JPY,SHORT,162.477,162.55251556978521,162.23607866469706,162.23607866469706,162.23607866469706,4663.31,4,ASIAN,2.5,0.13796066765147055,16.79585599565862,46.92696904410225,162.56408484500997,162.15660154040643,-7.094667464778581,False,0.0009049745406380615,28.644223993053856,-5.208484500997201,0.3913043478259616,4,3,ema_ribbon_bounce_short,162.55251556978521,SL,2022-08-04 05:00:00+00:00,-7.551556978521035,-352.1525117350693,15,False
2022-08-04 16:45:00+00:00,21,GBP_JPY,SHORT,161.605,162.5744809672568,161.1039510470773,161.1039510470773,161.1039510470773,359.61,4,OVERLAP,2.5,0.26502447646135513,17.074361337902385,42.18836477584666,162.15833938469126,162.2216879542898,-42.7962801420108,False,0.06982900644168405,46.49440323782644,-52.43393846912738,0.7511737089203269,16,3,ema_ribbon_bounce_short,161.394,TIME,2022-08-05 00:45:00+00:00,21.09999999999843,75.87770999999437,480,True
2022-08-05 02:15:00+00:00,21,GBP_JPY,SHORT,161.526,162.13103741075943,161.19704776541465,161.19704776541465,161.19704776541465,577.47,5,ASIAN,2.5,0.18197611729267615,26.110423414575713,47.588309606115395,161.73416066623753,162.0385447704316,-35.851914181472466,False,0.03254800648120165,55.54586582534669,-17.316066623752135,0.8352941176470962,2,4,ema_ribbon_bounce_short,162.13103741075943,SL,2022-08-05 07:30:00+00:00,-60.50374107594223,-349.3909535912436,315,False
2022-08-05 11:30:00+00:00,21,GBP_JPY,SHORT,161.489,161.99011415327115,161.1820858545611,161.1820858545611,161.1820858545611,690.25,4,LONDON,2.5,0.1679570727194463,32.615579615584394,43.91116998305197,161.6943510184213,161.93921938659727,-5.204249975108155,False,-0.001477759811368537,65.47507609600304,-17.63510184212862,0.695035460993045,11,4,ema_ribbon_bounce_short,161.99011415327115,SL,2022-08-05 12:30:00+00:00,-50.11141532711463,-345.8940442954087,60,False
2022-08-09 10:15:00+00:00,21,GBP_JPY,LONG,163.375,162.90269310582673,163.6585654294587,163.6585654294587,163.6585654294587,725.03,3,LONDON,2.5,0.15628271472934344,33.759188599111596,55.36749485833584,163.13001596999703,162.89790593509127,-3.0339852505420595,False,0.010966112166193018,26.876561538771156,21.59840300029714,0.575757575757504,10,1,ema_ribbon_bounce_long,163.6585654294587,TP3,2022-08-09 12:30:00+00:00,28.356934054415508,205.59627897472876,135,True
2022-08-09 22:45:00+00:00,21,GBP_JPY,SHORT,163.084,163.24869570977904,162.9188085300617,162.9188085300617,162.9188085300617,2091.69,3,NY,2.5,0.100095734969147,26.45830443586176,47.42712833171153,163.16835645827425,163.02309867711872,-19.2367792342111,False,0.005728183727059001,49.50532724504743,-4.935645827424651,0.20689655172417173,22,1,ema_ribbon_bounce_short,163.24869570977904,SL,2022-08-10 00:00:00+00:00,-16.469570977903913,-344.4923691877184,75,False
2022-08-10 19:00:00+00:00,21,GBP_JPY,SHORT,162.389,163.01698223979434,162.02301977335406,162.02301977335406,162.02301977335406,543.09,5,NY,2.5,0.20049011332296546,20.613506878408966,47.944908726856376,162.62796423782282,162.90362587898642,-14.515746230947002,False,0.05699959632095486,40.07559429299129,-20.39642378228166,0.04237288135588525,19,2,ema_ribbon_bounce_short,162.02301977335406,TP3,2022-08-11 00:00:00+00:00,36.59869654963501,198.7638610914128,300,True
2022-08-11 09:30:00+00:00,21,GBP_JPY,SHORT,162.012,162.57687201365752,161.7128549222761,161.7128549222761,161.7128549222761,607.28,5,LONDON,2.5,0.16407253886194936,13.776010087375434,44.45685760124108,162.2475281126146,162.61144016769396,-7.644287283784479,False,-0.0026307523009000966,35.83496880031782,-20.652811261459192,0.6193181818182754,9,3,ema_ribbon_bounce_short,161.7128549222761,TP3,2022-08-11 11:00:00+00:00,29.915000370659765,181.66781425094263,90,True
2022-08-11 19:45:00+00:00,21,GBP_JPY,LONG,162.29999999999998,162.05919575950094,162.53695251527762,162.53695251527762,162.53695251527762,1432.09,4,NY,2.5,0.13597625763881044,28.1220053023406,57.01543210057846,162.1044589915574,162.40556818006172,34.28075219514142,False,-0.01822757548010165,45.442708333328234,16.054100844257846,0.8726114649682544,19,3,ema_ribbon_bounce_long,162.53695251527762,TP3,2022-08-12 00:30:00+00:00,23.695416986998218,339.3396971291028,285,True
2022-08-12 04:45:00+00:00,21,GBP_JPY,LONG,162.444,162.17045825989874,162.6253769336538,162.6253769336538,162.6253769336538,1273.1,4,ASIAN,2.5,0.10818846682689855,26.502132008276323,52.27247472484428,162.3108608956294,162.38838298050305,37.50146881139358,False,-0.018135465847981938,26.886750490970815,9.813910437060258,0.519999999999818,4,4,ema_ribbon_bounce_long,162.6253769336538,TP3,2022-08-12 06:00:00+00:00,18.137835834105754,230.91278800400036,75,True
2022-08-12 16:15:00+00:00,21,GBP_JPY,SHORT,161.952,162.35580306892575,161.65566904116938,161.65566904116938,161.65566904116938,868.13,4,OVERLAP,2.5,0.1626654794153056,19.70865508044713,45.96507057987039,162.1319494799888,162.30356042413607,-7.134755065519016,False,0.015009869319649788,59.338457495728335,-15.094947998881025,0.5624999999999584,16,4,ema_ribbon_bounce_short,161.65566904116938,TP3,2022-08-14 21:30:00+00:00,29.633437227053225,257.25675859921716,3195,True
2022-08-14 22:45:00+00:00,21,GBP_JPY,SHORT,161.917,162.2200998644835,161.738080550736,161.738080550736,161.738080550736,1165.05,4,NY,2.5,0.1069597246319995,41.09438094346373,47.014399993679156,162.03902838124378,162.2347254342685,-9.333905451219948,False,0.0045873418634037565,63.247145558056026,-8.702838124378331,0.2857142857144597,22,6,ema_ribbon_bounce_short,161.738080550736,TP3,2022-08-14 23:45:00+00:00,17.89209849873681,208.4518935595332,60,True
2022-08-17 16:15:00+00:00,21,GBP_JPY,LONG,163.133,162.45860784594137,163.48371092256698,163.48371092256698,163.48371092256698,526.71,5,OVERLAP,2.5,0.18985546128348432,18.850741741811973,51.24621819671462,162.95878444008827,162.25468581786163,-2.922398711717733,False,-0.028907443347982113,48.88800471558921,14.52155599117475,0.5378151260506008,16,2,ema_ribbon_bounce_long,162.505,TIME,2022-08-18 00:15:00+00:00,-62.80000000000144,-330.7738800000076,480,False
2022-08-18 04:00:00+00:00,21,GBP_JPY,SHORT,162.508,162.7771751540697,162.30035199340313,162.30035199340313,162.30035199340313,1307.34,3,ASIAN,2.5,0.12132400329844133,24.184000303525764,47.09567900114991,162.67299704822818,162.41508572077817,-39.51115544139725,False,0.015143013407906858,54.736440030553204,-12.999704822817648,0.015384615384689382,4,3,ema_ribbon_bounce_short,162.30035199340313,TP3,2022-08-18 06:45:00+00:00,20.76495949213181,271.468621424436,165,True
2022-08-18 20:00:00+00:00,21,GBP_JPY,SHORT,162.121,162.58763238472912,161.88240641925893,161.88240641925893,161.88240641925893,759.95,4,NY,2.5,0.13679679037053288,21.207354583805586,47.56652881451495,162.31771216788158,162.41682154357147,-29.86761727708256,False,0.03929026502126312,55.48599985908794,-16.171216788157494,0.5324675324675037,20,3,ema_ribbon_bounce_short,162.251,TIME,2022-08-19 04:00:00+00:00,-12.999999999999545,-98.79349999999656,480,False
2022-08-22 04:15:00+00:00,21,GBP_JPY,LONG,162.335,161.97975793687033,162.54406430891572,162.54406430891572,162.54406430891572,995.47,4,ASIAN,2.5,0.12203215445785702,36.80231423791678,57.41111858560064,162.10311293095526,162.1726825673247,26.69872053708673,False,-0.008398270262344631,23.29535982416073,19.688706904474884,0.25974025974039877,4,0,ema_ribbon_bounce_long,161.97975793687033,SL,2022-08-22 06:45:00+00:00,-35.524206312967976,-353.6328165837023,150,False
2022-08-22 10:30:00+00:00,21,GBP_JPY,SHORT,161.55,162.16852674967717,161.19163141861188,161.19163141861188,161.19163141861188,566.01,4,LONDON,2.5,0.19368429069405949,24.318803960159762,42.44783998672184,161.8761478149302,162.08982641561178,3.944117655137802,False,0.016408143357874244,58.65896178627205,-29.71478149301845,0.7624999999999267,10,0,ema_ribbon_bounce_short,162.16852674967717,SL,2022-08-22 12:45:00+00:00,-61.85267496771588,-350.0923255847686,135,False
2022-08-22 19:15:00+00:00,21,GBP_JPY,SHORT,161.593,162.00139720430906,161.3475607865475,161.3475607865475,161.3475607865475,848.67,5,NY,2.5,0.14021960672625242,27.983164107940244,45.21276222570066,161.76954345947505,161.99122590979312,-8.875987120219975,False,-0.005304825466863436,58.86530940877996,-14.15434594750593,0.9421487603305416,19,0,ema_ribbon_bounce_short,162.00139720430906,SL,2022-08-23 00:15:00+00:00,-40.83972043090682,-346.5944553809769,300,False
2022-08-23 03:15:00+00:00,21,GBP_JPY,SHORT,161.513,161.90799456190837,161.28156617784734,161.28156617784734,161.28156617784734,868.69,5,ASIAN,2.5,0.1332169110763251,28.564311099330133,44.68169305911166,161.69381051278427,161.9072873206929,-16.092853717228195,False,-0.014165519842185309,77.26204891239725,-14.581051278426571,0.3333333333334051,3,1,ema_ribbon_bounce_short,161.28156617784734,TP3,2022-08-23 05:15:00+00:00,23.143648632310914,201.0465613040217,120,True
2022-08-24 23:00:00+00:00,21,GBP_JPY,LONG,161.7,161.43001987245412,161.8727473362347,161.8727473362347,161.8727473362347,1278.38,3,NY,2.5,0.10387366811735388,33.06846524975353,53.337393760120385,161.56508176260732,161.58809520407496,29.804544422128743,False,-0.01977248588910062,53.20357538542209,9.991823739267147,0.38095238095246686,23,2,ema_ribbon_bounce_long,161.8727473362347,TP3,2022-08-25 06:15:00+00:00,17.274868753352305,220.8384671691052,435,True
2022-08-28 21:30:00+00:00,21,GBP_JPY,SHORT,161.39000000000001,161.7341122058629,161.1298488655955,161.1298488655955,161.1298488655955,1009.4,5,NY,2.5,0.14757556720225046,38.82931731725647,47.17444201225928,161.5466402751602,161.59605222413703,-36.07002685348846,False,0.03134570165046874,43.188116931076756,-12.164027516018905,0.37234042553190205,21,6,ema_ribbon_bounce_short,161.7341122058629,SL,2022-08-29 00:00:00+00:00,-34.411220586289915,-347.3468605980104,150,False
2022-08-29 02:45:00+00:00,21,GBP_JPY,LONG,161.668,161.44739942287507,161.90215829724312,161.90215829724312,161.90215829724312,1558.8,3,ASIAN,2.5,0.13457914862156017,27.748412721369125,54.6015118288073,161.5658743469484,161.59103134508115,-10.91079830998467,False,0.010034046465876002,59.57328633985461,6.712565305161888,0.2934782608693805,2,0,ema_ribbon_bounce_long,161.90215829724312,TP3,2022-08-29 05:00:00+00:00,23.41597994133541,365.0082953255364,135,True
2022-08-29 15:00:00+00:00,21,GBP_JPY,LONG,162.30599999999998,161.66902171328135,162.64808727939268,162.64808727939268,162.64808727939268,545.58,4,OVERLAP,2.5,0.1855436396963544,40.73343577368803,56.53281542946595,161.99970519780217,161.7461108550077,18.009728575478334,False,0.0028602897258023646,43.928014803860925,27.72948021978152,0.4938271604937968,15,0,ema_ribbon_bounce_long,162.395,TIME,2022-08-29 23:00:00+00:00,8.900000000002706,48.55662000001477,480,True
2022-08-30 04:00:00+00:00,21,GBP_JPY,SHORT,162.109,162.24223846718257,161.93551388685577,161.93551388685577,161.93551388685577,2611.93,2,ASIAN,2.5,0.10424305657211674,21.79455235230858,46.78422396935313,162.21895207552316,161.97684135306358,-7.396811874153286,False,0.0018064177815986238,75.91610062818067,-7.495207552315719,0.04878048780438773,4,1,ema_ribbon_bounce_short,162.24223846718257,SL,2022-08-30 06:30:00+00:00,-13.323846718256505,-348.0095495881571,150,False
2022-08-30 10:15:00+00:00,21,GBP_JPY,SHORT,162.174,162.337444038838,161.90132952396118,161.90132952396118,161.90132952396118,2107.93,3,LONDON,2.5,0.1508352380194146,35.39174846983801,45.90192582147812,162.25438746513535,162.03820296076393,-16.58825496652696,False,-0.01249470922718171,15.644067164950163,-5.1387465135348975,0.5468749999998855,10,1,ema_ribbon_bounce_short,161.90132952396118,TP3,2022-08-30 11:15:00+00:00,27.26717695849874,574.7730032612825,60,True
2022-08-30 16:15:00+00:00,21,GBP_JPY,SHORT,161.678,162.26929449998667,161.27568993268022,161.27568993268022,161.27568993268022,592.39,3,OVERLAP,2.5,0.215655033659889,24.40327029124471,44.42315091729076,161.9892086657573,161.99685808349898,-28.19745674139824,False,0.0020356191350168196,53.04531379355982,-28.220866575730952,0.5433789954338036,16,1,ema_ribbon_bounce_short,161.703,TIME,2022-08-31 00:15:00+00:00,-2.5000000000005684,-14.809750000003367,480,False
2022-08-31 16:45:00+00:00,21,GBP_JPY,SHORT,161.217,161.72847656767797,160.8644374778224,160.8644374778224,160.8644374778224,684.54,4,OVERLAP,2.5,0.190781261088804,21.314146551722576,45.9636935718653,161.39360140573623,161.68582854369083,-5.236606263895283,False,0.010831139169594812,12.144901893205821,-14.760140573622493,0.20382165605086547,16,2,ema_ribbon_bounce_short,161.551,TIME,2022-09-01 00:45:00+00:00,-33.399999999997476,-228.63635999998272,480,False
2022-09-01 21:15:00+00:00,21,GBP_JPY,LONG,161.791,161.39645698344972,161.99288358346854,161.99288358346854,161.99288358346854,881.63,4,NY,2.5,0.11844179173427681,32.544846108478794,57.01713148901674,161.56872888981104,161.54969853363764,36.69565188645265,False,-0.007406275540628074,63.54936306811798,18.727111018895926,0.22666666666664645,21,3,ema_ribbon_bounce_long,161.99288358346854,TP3,2022-09-02 04:45:00+00:00,20.188587335867258,177.98864252920652,450,True
2022-09-02 15:45:00+00:00,21,GBP_JPY,LONG,162.206,161.7275999597659,162.59130811321398,162.59130811321398,162.59130811321398,730.82,5,OVERLAP,2.5,0.2071540566070017,22.955000713391836,52.03326806857937,162.07313315719534,161.8004259461652,2.669974978323353,False,0.002935032158464138,33.198925395254,10.38668428046492,0.31404958677676437,15,4,ema_ribbon_bounce_long,161.7275999597659,SL,2022-09-02 16:30:00+00:00,-47.84000402340781,-349.62431740386893,45,False
2022-09-05 12:45:00+00:00,21,GBP_JPY,LONG,161.569,161.24510066719316,161.8407411321249,161.8407411321249,161.8407411321249,1068.62,3,LONDON,2.5,0.15037056606244226,32.51992520256007,55.80509697619571,161.36323715449512,161.48607474239165,-0.42157092593981815,False,-0.03058997623289067,27.733847637416357,17.6762845504868,0.44444444444429404,12,0,ema_ribbon_bounce_long,161.8407411321249,TP3,2022-09-05 13:45:00+00:00,27.174367504129975,290.3907260226337,60,True
2022-09-08 09:15:00+00:00,21,GBP_JPY,SHORT,165.38,165.71192624383656,164.9958957054966,164.9958957054966,164.9958957054966,1051.53,3,LONDON,2.5,0.20655214725170593,34.054633350490036,45.16738876527138,165.59163145347907,164.96520398110434,3.0670698625840487,False,0.0304106882600024,79.68342168359919,-18.26314534790754,0.6480446927375002,9,3,ema_ribbon_bounce_short,165.71192624383656,SL,2022-09-08 10:45:00+00:00,-33.192624383656266,-349.0304031814607,90,False
2022-09-08 14:45:00+00:00,21,GBP_JPY,SHORT,165.375,165.7577749920137,164.95022692574503,164.95022692574503,164.95022692574503,902.72,3,OVERLAP,2.5,0.2268865371274833,24.860297029061186,43.720078200342115,165.58079644895565,165.08631335937824,-14.519733708482363,False,-0.025617469785011067,54.903052839071854,-17.679644895565616,0.47111111111109877,14,3,ema_ribbon_bounce_short,165.7577749920137,SL,2022-09-08 18:00:00+00:00,-38.2774992013708,-345.5386407906145,195,False
2022-09-13 15:00:00+00:00,21,GBP_JPY,SHORT,166.33100000000002,166.81349965351964,165.81532183483088,165.81532183483088,165.81532183483088,708.98,4,OVERLAP,2.5,0.27233908258456013,15.640143073503488,43.54264489989743,166.58409533785226,166.31309680375668,-24.946859928951426,False,-0.027738045467359165,25.08511511049628,-22.409533785224767,0.3916666666666736,15,1,ema_ribbon_bounce_short,166.423,TIME,2022-09-13 23:00:00+00:00,-9.199999999998454,-65.22615999998904,480,False
2022-09-14 02:30:00+00:00,21,GBP_JPY,SHORT,166.047,166.531056850115,165.72213836422154,165.72213836422154,165.72213836422154,705.35,4,ASIAN,2.5,0.17993081788923096,28.740952495772422,44.503343861813605,166.2784489297144,166.28168873146188,-35.03702041200256,False,-0.005600979390856638,18.53366265636137,-19.644892971439276,0.9186046511628964,2,2,ema_ribbon_bounce_short,165.72213836422154,TP3,2022-09-14 04:30:00+00:00,32.486624145841844,229.14440341269545,120,True
2022-09-14 10:15:00+00:00,21,GBP_JPY,SHORT,165.37,166.17985625247152,164.94924856635137,164.94924856635137,164.94924856635137,424.42,4,LONDON,2.5,0.22487571682431076,32.950759901065474,46.17525812801704,165.6973357314646,166.07692238881017,0.8005378950059594,False,0.06216448063682564,22.807741073666904,-29.833573146459003,0.7142857142855983,10,2,ema_ribbon_bounce_short,164.94924856635137,TP3,2022-09-14 14:15:00+00:00,42.0761347211463,178.57953098348915,240,True
2022-09-14 15:15:00+00:00,21,GBP_JPY,SHORT,165.096,165.97563340252776,164.63401678093544,164.63401678093544,164.63401678093544,392.79,3,OVERLAP,2.5,0.2454916095322827,24.386548132444158,45.63685311267507,165.45352821721445,165.93292478139062,-18.509980175375063,False,-0.0011924726129489416,72.30127435853436,-32.85282172144548,0.9174757281553552,15,2,ema_ribbon_bounce_short,164.865,TIME,2022-09-14 23:15:00+00:00,23.099999999999454,90.73448999999786,480,True
2022-09-15 17:15:00+00:00,21,GBP_JPY,SHORT,164.733,165.28641073717014,164.44681783940155,164.44681783940155,164.44681783940155,625.97,5,NY,2.5,0.16059108029922603,31.70914399965234,45.30070684532673,164.9608083294997,165.3842476239111,-18.654638417598335,False,0.012830289503866013,70.6885060349213,-19.280832949971227,0.3679245283017856,17,3,ema_ribbon_bounce_short,164.44681783940155,TP3,2022-09-15 22:00:00+00:00,28.61867324175637,179.14430889142236,285,True
2022-09-19 15:30:00+00:00,21,GBP_JPY,LONG,163.428,163.19822827867554,163.6847453749587,163.6847453749587,163.6847453749587,1515.45,3,OVERLAP,2.5,0.1428726874793564,33.70754214985486,54.1893448333586,163.28067414677759,163.686188033157,12.206704838402516,False,0.01645688452034748,29.182931008907577,11.832585322241584,0.3366336633662586,15,0,ema_ribbon_bounce_long,163.6847453749587,TP3,2022-09-19 19:00:00+00:00,25.674706914443178,389.08734593492915,210,True
2022-09-20 03:30:00+00:00,21,GBP_JPY,LONG,163.71,163.4345201817632,163.87435807176394,163.87435807176394,163.87435807176394,1278.13,4,ASIAN,2.5,0.09967903588195598,30.305270727072838,53.98627764733888,163.59647917457508,163.67370569264617,22.31456272999708,False,-0.0022152713948820763,89.83621292320215,7.852082542493122,0.892857142857312,3,1,ema_ribbon_bounce_long,163.87435807176394,TP3,2022-09-20 06:15:00+00:00,16.435935769002143,210.0726258443471,165,True
2022-09-20 22:00:00+00:00,21,GBP_JPY,SHORT,163.387,163.7950644211344,163.1772646742259,163.1772646742259,163.1772646742259,868.0,5,NY,2.5,0.12236766288704096,23.901161000276982,42.18090383201496,163.62505933644061,163.71968718258339,-40.79891688124064,False,0.020780827396491244,45.016094246119316,-20.305933644061724,0.6363636363636905,22,1,ema_ribbon_bounce_short,163.7950644211344,SL,2022-09-21 05:15:00+00:00,-40.80644211344122,-354.1999175446698,435,False
2022-09-27 09:15:00+00:00,21,GBP_JPY,LONG,155.96699999999998,155.03524371579218,156.5858590852676,156.5858590852676,156.5858590852676,376.34,3,LONDON,2.5,0.3239295426338036,20.42873842854112,53.95354174437612,155.55175702561877,155.98509698451684,-1.178209149153986,False,-0.022451939479988747,38.56723382170518,38.62429743812186,0.8109452736316656,9,1,ema_ribbon_bounce_long,155.03524371579218,SL,2022-09-27 16:15:00+00:00,-93.17562842078074,-350.65715999876625,420,False
2022-10-05 03:45:00+00:00,21,GBP_JPY,SHORT,164.661,164.79485304244918,164.270936956655,164.270936956655,164.270936956655,2593.52,3,ASIAN,2.5,0.21253152167250197,17.75887595693225,42.377659011474705,164.86690501866784,163.69690043591413,-3.8041376038478347,False,0.004968825463362775,39.836510305281585,-17.090501866783825,0.5432692307692327,3,2,ema_ribbon_bounce_short,164.79485304244918,SL,2022-10-05 04:00:00+00:00,-13.385304244917505,-347.1505426527845,15,False
2022-10-05 22:45:00+00:00,21,GBP_JPY,SHORT,163.629,164.19986014863798,163.25323334976662,163.25323334976662,163.25323334976662,602.04,3,NY,2.5,0.20538332511667995,29.48302892332559,48.97774202461683,163.78468089095438,163.80992748862087,-4.840313433277288,False,-0.015394128795039777,68.56654740031807,-12.06808909543895,0.046728971962840246,22,2,ema_ribbon_bounce_short,164.19986014863798,SL,2022-10-06 00:00:00+00:00,-57.08601486379905,-343.6806438860158,75,False
2022-10-06 04:15:00+00:00,21,GBP_JPY,LONG,164.289,163.89075556517432,164.6087205796547,164.6087205796547,164.6087205796547,854.36,3,ASIAN,2.5,0.1773602898273495,19.028656302638865,55.19577355708374,164.03640222250925,163.88579554869827,43.029369829787356,False,-0.0166819958780762,30.89475819358203,21.759777749073805,0.3442622950819163,4,3,ema_ribbon_bounce_long,163.89075556517432,SL,2022-10-06 06:00:00+00:00,-39.82444348256706,-340.24411533765993,105,False
2022-10-07 10:30:00+00:00,21,GBP_JPY,LONG,162.256,162.01999463049827,162.736387015852,162.736387015852,162.736387015852,1427.26,3,LONDON,2.5,0.2546935079259924,34.364218455901835,54.18470835599522,162.0449037157578,162.70933459165965,-1.4311264293326076,False,0.028784005345202313,46.964120770551176,18.209628424219204,0.20512820512817148,10,4,ema_ribbon_bounce_long,162.01999463049827,SL,2022-10-07 12:30:00+00:00,-23.600536950172568,-336.841023675033,120,False
2022-10-10 10:15:00+00:00,21,GBP_JPY,SHORT,160.823,161.53264635969023,160.38612902522183,160.38612902522183,160.38612902522183,469.91,4,LONDON,2.5,0.23293548738908515,22.309075205737,44.646394766712994,161.08243860986875,161.77045906482698,-4.841767833025301,False,0.01023630656005392,34.37702210571185,-23.043860986874165,0.7467811158798435,10,0,ema_ribbon_bounce_short,161.184,TIME,2022-10-10 18:15:00+00:00,-36.099999999999,-169.6375099999953,480,False
2022-10-10 21:00:00+00:00,21,GBP_JPY,LONG,161.12,160.98140050260133,161.36508372083927,161.36508372083927,161.36508372083927,2393.77,3,NY,2.5,0.1400418604196284,20.16332221409249,52.11348536585568,161.02722743533442,161.49364397395584,15.504714144930176,False,-0.007063554885226246,24.07332998492812,5.777256466558356,0.5365853658541827,21,0,ema_ribbon_bounce_long,161.36508372083927,TP3,2022-10-10 23:45:00+00:00,24.50847446791492,586.676509270607,165,True
2022-10-14 17:30:00+00:00,21,GBP_JPY,SHORT,166.017,166.39166103054862,165.25457585893028,165.25457585893028,165.25457585893028,901.19,3,NY,2.5,0.39871207053485835,19.535450925219024,47.95759104462074,166.21722746879777,165.10213808723705,-7.408222400073328,False,-0.0054597746072313005,27.654738416279486,-16.522746879778083,0.1638418079095909,17,4,ema_ribbon_bounce_short,166.39166103054862,SL,2022-10-16 21:00:00+00:00,-37.46610305486229,-337.64077412011346,3090,False
2022-10-18 21:00:00+00:00,21,GBP_JPY,LONG,168.94899999999998,168.50344286662116,169.31682733275684,169.31682733275684,169.31682733275684,750.22,4,NY,2.5,0.20141366637843233,17.119886235285342,54.312353307596325,168.78669290749684,168.16963409135187,31.39590947584452,False,0.013279009487065271,53.47319836614978,12.730709250314476,0.7052631578945227,21,1,ema_ribbon_bounce_long,169.31682733275684,TP3,2022-10-18 23:00:00+00:00,36.783223568310554,275.9550998541794,120,True
2022-10-19 15:15:00+00:00,21,GBP_JPY,SHORT,168.366,168.87746488141815,167.89731520817207,167.89731520817207,167.89731520817207,658.94,3,OVERLAP,2.5,0.24884239591396726,26.53314188802417,48.93129042028482,168.5248141046837,168.4268026291002,3.715883395199171,False,0.026902038142556116,36.314711969868775,-12.981410468370314,0.17557251908393964,15,2,ema_ribbon_bounce_short,167.89731520817207,TP3,2022-10-19 16:15:00+00:00,46.86919045361048,308.8398435750209,60,True
2022-10-19 18:30:00+00:00,21,GBP_JPY,SHORT,168.047,168.70090378557666,167.64759507549962,167.64759507549962,167.64759507549962,520.13,3,NY,2.5,0.2172024622501874,22.617245133183545,47.300539263047334,168.31015354792765,168.3742864484505,-16.759324040785373,False,0.016818046787876295,86.66747389128818,-22.81535479276613,0.6592592592591547,18,2,ema_ribbon_bounce_short,167.935,TIME,2022-10-20 02:30:00+00:00,11.199999999999477,58.25455999999728,480,True
2022-10-20 10:15:00+00:00,21,GBP_JPY,SHORT,167.71200000000002,168.37302283749258,167.26074613891788,167.26074613891788,167.26074613891788,515.41,3,LONDON,2.5,0.24012693054106565,38.12487722400934,42.898439532586785,168.00159041712197,168.2003628297227,-4.573681065630808,False,-0.025142172518051814,78.24629271437823,-26.059041712196063,0.7291666666666543,10,3,ema_ribbon_bounce_short,168.37302283749258,SL,2022-10-20 11:45:00+00:00,-66.10228374925669,-340.69778067204385,90,False
2022-10-20 19:15:00+00:00,21,GBP_JPY,SHORT,168.393,168.66408316256693,167.918885225846,167.918885225846,167.918885225846,1244.23,2,NY,2.5,0.2545573870770022,26.268379890135247,45.10796633743088,168.50976564028716,168.34234721888282,-11.420197208531135,False,-0.05038312374699823,38.12984882127503,-8.176564028715916,0.7081339712918368,19,3,ema_ribbon_bounce_short,168.66408316256693,SL,2022-10-20 20:30:00+00:00,-27.108316256692433,-337.28980336064427,75,False
2022-10-24 04:15:00+00:00,21,GBP_JPY,LONG,168.652,167.53681829974622,169.4853757856398,169.4853757856398,169.4853757856398,299.43,4,ASIAN,2.5,0.43418789281991327,32.58932101500663,55.95605467855165,168.03496268182082,168.05371931862524,99.75356976298997,False,-0.043632890338004104,46.68312829354331,58.203731817917514,0.8318318318317962,4,0,ema_ribbon_bounce_long,169.4853757856398,TP3,2022-10-24 06:00:00+00:00,83.34036177136115,249.54604525198667,105,True
2022-10-24 19:30:00+00:00,21,GBP_JPY,SHORT,167.948,168.4972778974698,167.55988870044072,167.55988870044072,167.55988870044072,612.46,4,NY,2.5,0.21155564977963504,30.082706371960708,44.434955990931385,168.26485596537563,168.2537915431048,-48.545130920044244,False,0.03475715829607301,63.06655995731239,-28.185596537562674,0.799999999999929,19,0,ema_ribbon_bounce_short,168.4972778974698,SL,2022-10-25 00:45:00+00:00,-54.927789746977844,-336.41074108434054,315,False
2022-10-26 11:30:00+00:00,21,GBP_JPY,LONG,170.267,169.39516906665003,170.71700729237202,170.71700729237202,170.71700729237202,382.01,5,LONDON,2.5,0.23950364618600253,19.440162855362587,57.291126738850956,169.93001710159373,169.21753262411795,-0.18791076160766806,False,-0.025497925800719107,36.194399914958524,30.79828984062658,0.4246575342465679,11,2,ema_ribbon_bounce_long,170.136,TIME,2022-10-26 19:30:00+00:00,-13.100000000000021,-50.04331000000008,480,False
2022-10-27 17:45:00+00:00,21,GBP_JPY,SHORT,169.06300000000002,169.67297077495667,168.64770906271514,168.64770906271514,168.64770906271514,545.19,4,NY,2.5,0.22514546864243212,20.20075211744031,46.01277008717346,169.31132533909303,169.43551853142748,-21.395592390956608,False,0.007223546956651998,60.30387898959466,-21.332533909301787,0.6713286713284948,17,3,ema_ribbon_bounce_short,169.67297077495667,SL,2022-10-28 01:45:00+00:00,-60.997077495665046,-332.5499667986163,480,False
2022-11-04 16:00:00+00:00,21,GBP_JPY,LONG,166.087,165.77313277471754,166.59690563718848,166.59690563718848,166.59690563718848,1048.92,2,OVERLAP,2.5,0.2694528185942453,9.556364363590806,55.35378065952312,165.8657206350385,166.73878274637445,22.7489865588808,False,0.020546703178477968,47.85264647819233,19.22793649614789,0.19111111111112009,16,4,ema_ribbon_bounce_long,166.59690563718848,TP3,2022-11-04 18:00:00+00:00,50.99104984327963,534.8553200161288,120,True
2022-11-07 00:15:00+00:00,21,GBP_JPY,LONG,166.515,165.99973121540006,166.96402391310215,166.96402391310215,166.96402391310215,649.31,4,ASIAN,2.5,0.24201195655107585,17.793929837714376,52.19697572591171,166.29442812691659,166.67775656410302,44.819675936750514,False,-0.029375227765682292,67.86521107969658,18.557187308340417,0.3018867924525975,0,0,ema_ribbon_bounce_long,166.96402391310215,TP3,2022-11-07 08:00:00+00:00,44.90308285033326,291.5602072554989,465,True
2022-11-10 20:15:00+00:00,21,GBP_JPY,SHORT,165.68800000000002,166.51897342432835,165.26490136839595,165.26490136839595,165.26490136839595,406.13,5,NY,2.5,0.22904931580203383,16.480415943151943,47.342183306258455,165.99338557018933,166.68879599931174,-39.201194626625124,False,0.06912338603209983,75.27425861702942,-27.038557018931897,0.7094972067039097,20,3,ema_ribbon_bounce_short,165.26490136839595,TP3,2022-11-10 21:00:00+00:00,42.310904941687156,171.83727823967405,45,True
2022-11-14 04:30:00+00:00,21,GBP_JPY,SHORT,163.946,164.68076955022738,163.54779099916524,163.54779099916524,163.54779099916524,461.65,3,ASIAN,2.5,0.21660450041737822,36.686698032928206,46.9654996600631,164.16014056539174,165.0823624854481,-18.27920651950592,False,-0.0077825450923620365,62.066832758265186,-17.914056539174794,0.6249999999998975,4,0,ema_ribbon_bounce_short,164.68076955022738,SL,2022-11-14 08:15:00+00:00,-73.47695502273837,-339.2063628624717,225,False
2022-11-14 18:00:00+00:00,21,GBP_JPY,LONG,164.98499999999999,164.52342180701356,165.38139033913365,165.38139033913365,165.38139033913365,727.53,2,NY,2.5,0.21569516956683402,30.271895521544845,52.528714370814114,164.82114720181582,164.98703754934868,-13.540807970053947,False,0.005088944602267782,89.11203615330555,12.885279818416961,0.28415300546445116,18,0,ema_ribbon_bounce_long,164.52342180701356,SL,2022-11-14 20:45:00+00:00,-46.157819298642266,-335.81198274341205,165,False
2022-11-15 16:30:00+00:00,21,GBP_JPY,LONG,165.667,164.8893096654712,166.20433841835157,166.20433841835157,166.20433841835157,427.49,2,OVERLAP,2.5,0.28316920917578864,23.837099639749116,52.725291038145926,165.38227829246526,165.09877030141195,19.444110409295945,False,-0.05645941590373063,26.413711683485015,25.572170753474666,0.6762295081966894,16,1,ema_ribbon_bounce_long,164.8893096654712,SL,2022-11-15 18:15:00+00:00,-77.76903345288132,-332.4548411077224,105,False
2022-11-15 21:00:00+00:00,21,GBP_JPY,SHORT,165.086,165.4327276342064,164.59935861573118,164.59935861573118,164.59935861573118,949.24,3,NY,2.5,0.2608206921344148,25.96905894178639,45.69848793089522,165.2652950928625,165.11205341360431,-21.138448526818365,False,0.0015322672904170553,59.946263320884356,-14.429509286247821,0.31690140845082543,21,1,ema_ribbon_bounce_short,165.4327276342064,SL,2022-11-16 01:30:00+00:00,-34.67276342063883,-329.12773949407205,270,False
2022-11-16 09:15:00+00:00,21,GBP_JPY,SHORT,165.543,165.70986543874758,165.09753537464385,165.09753537464385,165.09753537464385,1952.7,4,LONDON,2.5,0.23723231267807005,19.164541241211854,45.75819687860957,165.63883934418172,165.30988004472607,-9.594824180879868,False,-0.03647140670785626,52.12129827055379,-6.683934418171589,0.5999999999999267,9,2,ema_ribbon_bounce_short,165.70986543874758,SL,2022-11-16 09:30:00+00:00,-16.686543874757827,-325.83814224239615,15,False
2022-11-16 12:00:00+00:00,21,GBP_JPY,LONG,165.944,165.36273908632225,166.33634631449553,166.33634631449553,166.33634631449553,554.97,2,LONDON,2.5,0.21067315724776375,18.51744105965265,51.58560543417026,165.7614388428955,165.37996091108255,5.4280908804457795,False,-0.0026789287755803054,20.56744428044402,15.356115710449103,0.21008403361349354,12,2,ema_ribbon_bounce_long,166.33634631449553,TP3,2022-11-16 13:30:00+00:00,39.23533841806496,217.74435761873514,90,True
2022-11-16 18:30:00+00:00,21,GBP_JPY,LONG,165.954,165.44850099081853,166.31937171765773,166.31937171765773,166.31937171765773,642.45,4,NY,2.5,0.2001858588288535,19.385277700804334,54.998485287307716,165.76241544791245,165.46658349214846,14.542044258533338,False,0.035678695102606676,72.96296296296534,15.65845520875655,0.13103448275867477,18,2,ema_ribbon_bounce_long,165.776,TIME,2022-11-17 02:30:00+00:00,-17.799999999999724,-114.35609999999825,480,False
2022-11-17 04:30:00+00:00,21,GBP_JPY,SHORT,165.77100000000002,165.9472521731561,165.54431458770975,165.54431458770975,165.54431458770975,1836.08,5,ASIAN,2.5,0.13084270614512802,23.50457989609479,45.24371243224724,165.89522997307085,165.63094825542836,-2.818723311796134,False,-0.004174226055885563,42.07888212756473,-8.922997307084302,0.4943820224717235,4,3,ema_ribbon_bounce_short,165.9472521731561,SL,2022-11-17 05:15:00+00:00,-17.625217315608662,-323.61309008842755,45,False
2022-11-17 14:15:00+00:00,21,GBP_JPY,SHORT,165.55100000000002,166.08435293033708,165.0454507286949,165.0454507286949,165.0454507286949,600.69,3,OVERLAP,2.5,0.26727463565255144,33.65045978971048,46.23356182157588,165.79804494695495,165.69837254675227,-15.025696053464799,False,-0.00814322889615618,60.06955024036997,-21.804494695493304,0.33714285714282094,14,3,ema_ribbon_bounce_short,166.08435293033708,SL,2022-11-17 18:00:00+00:00,-53.335293033705966,-320.3797717241684,225,False
2022-11-18 05:15:00+00:00,21,GBP_JPY,LONG,166.53799999999998,166.0290152497363,166.80298032270233,166.80298032270233,166.80298032270233,623.15,4,ASIAN,2.5,0.14999016135117468,22.060083758206428,52.300655429044106,166.34507102983082,165.9671649558599,52.74379855680138,False,-0.025390659293116867,35.35244835174865,15.79289701691664,0.6688741721853781,5,4,ema_ribbon_bounce_long,166.80298032270233,TP3,2022-11-18 08:45:00+00:00,26.498457497423065,165.1251378951918,210,True
2022-11-18 10:30:00+00:00,21,GBP_JPY,LONG,166.802,166.1394600827599,167.17241561713698,167.17241561713698,167.17241561713698,481.22,3,LONDON,2.5,0.1997078085684909,33.471747713140616,54.494384524253064,166.5289386348321,166.0935665844446,-2.3858972462562633,False,0.010581808688024857,10.236182604561902,24.406136516790866,0.30952380952375314,10,4,ema_ribbon_bounce_long,166.1394600827599,SL,2022-11-18 14:30:00+00:00,-66.25399172400819,-318.82745897427225,240,False
2022-11-18 18:30:00+00:00,21,GBP_JPY,LONG,166.768,166.31316722735258,167.05415881166422,167.05415881166422,167.05415881166422,693.96,4,NY,2.5,0.16057940583211408,18.69773778936946,54.82431922961534,166.60076448449678,166.23815379601228,7.590332908475261,False,0.0025448368239727875,72.90132547864381,13.223551550322554,0.7142857142857433,18,4,ema_ribbon_bounce_long,166.31316722735258,SL,2022-11-21 02:00:00+00:00,-45.48327726474213,-315.6357509064045,3330,False
2022-11-22 12:00:00+00:00,21,GBP_JPY,SHORT,167.609,167.80660088206565,167.32703670699473,167.32703670699473,167.32703670699473,1581.37,3,LONDON,2.5,0.15548164650263183,21.478485203026615,43.17985294536762,167.77926412562843,167.29899944844692,-5.297970136018648,False,0.006845810658166182,39.291961031474834,-14.12641256284246,0.06603773584910719,12,1,ema_ribbon_bounce_short,167.80660088206565,SL,2022-11-22 12:15:00+00:00,-19.76008820656432,-312.48010687214617,15,False
2022-11-23 20:00:00+00:00,21,GBP_JPY,SHORT,168.145,168.38360145115308,167.8162205353522,167.8162205353522,167.8162205353522,1296.54,3,NY,2.5,0.18188973232391614,22.149524463159153,44.27626291211438,168.3108479634023,167.93496607140486,-28.177331060635424,False,-0.012507998097821896,46.540880503144,-13.084796340228877,0.017857142857228957,20,2,ema_ribbon_bounce_short,167.8162205353522,TP3,2022-11-24 01:00:00+00:00,32.878200046981604,426.2790148891353,300,True
2022-11-25 02:45:00+00:00,21,GBP_JPY,LONG,168.006,167.70072539382795,168.27132959663638,168.27132959663638,168.27132959663638,1027.33,4,ASIAN,2.5,0.15016479831818375,19.18345839691522,53.56730450204151,167.8496949980285,167.85123451475724,27.202923278693447,False,-0.009822375357079173,36.46844718973589,12.130500197150695,0.7122302158273572,2,4,ema_ribbon_bounce_long,167.70072539382795,SL,2022-11-25 05:15:00+00:00,-30.527460617204838,-313.61776115873045,150,False
2022-11-25 16:45:00+00:00,21,GBP_JPY,LONG,168.447,167.94614503593982,168.7358228816556,168.7358228816556,168.7358228816556,619.9,5,OVERLAP,2.5,0.15891144082779315,19.590395774566886,55.792781567164994,168.2285909989352,168.00020171385168,8.467447063011946,False,-0.005668320496626234,71.19687361765241,18.940900106480285,0.8442622950819405,16,4,ema_ribbon_bounce_long,167.94614503593982,SL,2022-11-25 18:15:00+00:00,-50.08549640601814,-310.4799922209064,90,False
2022-11-28 16:45:00+00:00,21,GBP_JPY,SHORT,166.883,167.43312994951103,166.50334300978903,166.50334300978903,166.50334300978903,558.74,5,OVERLAP,2.5,0.20432849510548481,18.884255872105378,47.66881241173136,167.0161261768048,167.48419422640663,3.7696583921956517,False,-0.02490502934652323,31.006373186590295,-10.41261768047832,0.6219512195120936,16,0,ema_ribbon_bounce_short,166.50334300978903,TP3,2022-11-28 18:30:00+00:00,37.96637850885607,212.1333432803824,105,True
2022-11-29 17:15:00+00:00,21,GBP_JPY,SHORT,165.772,166.42304843236892,165.41411986016823,165.41411986016823,165.41411986016823,475.39,4,NY,2.5,0.19644006991587354,19.05257869434304,45.245607264537725,166.0191840355157,166.6191984356958,-18.16065163302767,False,-0.010723962619653873,61.7989925734212,-21.218403551571896,0.6393442622952092,17,1,ema_ribbon_bounce_short,165.985,TIME,2022-11-30 01:15:00+00:00,-21.30000000000223,-101.25807000001059,480,False
2022-11-30 12:30:00+00:00,21,GBP_JPY,LONG,166.53799999999998,165.94977992757867,166.89506051800632,166.89506051800632,166.89506051800632,524.44,3,LONDON,2.5,0.19303025900316145,28.110431294268498,55.4608218555599,166.21507928096,166.32078405566247,8.002150040255174,False,-0.024646707832366582,30.42962678076095,29.39207190399884,0.5199999999999697,12,2,ema_ribbon_bounce_long,166.89506051800632,TP3,2022-11-30 13:30:00+00:00,35.70673264213686,187.2603886684226,60,True
2022-12-01 22:30:00+00:00,21,GBP_JPY,SHORT,165.775,166.04219185277933,165.50251276636993,165.50251276636993,165.50251276636993,1161.56,5,NY,2.5,0.15374361681503146,24.927719464657503,47.2339293515911,165.8826894734251,165.99825829226003,-21.513116904804974,False,0.014351873644096513,74.43388491353281,-7.268947342510046,0.16176470588226075,22,3,ema_ribbon_bounce_short,165.50251276636993,TP3,2022-12-02 01:30:00+00:00,27.248957950315468,316.51299596768433,180,True
2022-12-02 04:00:00+00:00,21,GBP_JPY,SHORT,165.495,165.92666500042054,165.23557653224444,165.23557653224444,165.23557653224444,726.31,4,ASIAN,2.5,0.14721173387777842,21.29016431442189,45.456093736976804,165.6989824605237,165.91752327556148,-41.287242275058134,False,0.015765123019112925,83.20047869847964,-16.89824605236936,0.28440366972480174,4,4,ema_ribbon_bounce_short,165.23557653224444,TP3,2022-12-02 05:30:00+00:00,25.942703955642056,188.42445310022381,90,True
2022-12-02 18:00:00+00:00,21,GBP_JPY,LONG,165.42,165.04831309767087,165.8652817581709,165.8652817581709,165.8652817581709,848.59,3,NY,2.5,0.24014087908545265,31.09866772957406,54.53596952151246,165.17916332970526,165.53452806992655,41.20872828352162,False,-0.026418310032217313,16.43671237324368,20.583667029472963,0.31004366812224365,18,4,ema_ribbon_bounce_long,165.04831309767087,SL,2022-12-02 19:30:00+00:00,-37.16869023291167,-315.4097884474652,90,False
2022-12-02 20:15:00+00:00,21,GBP_JPY,SHORT,165.091,165.46017384837953,164.7533956685275,164.7533956685275,164.7533956685275,845.82,4,NY,2.5,0.1863021657362565,26.035761445299954,46.33118844030024,165.18412843727913,165.50592217218068,13.299950253684756,False,-0.055429671499312785,47.02913309684231,-5.812843727912309,0.2982456140350046,20,4,ema_ribbon_bounce_short,164.7533956685275,TP3,2022-12-04 22:45:00+00:00,33.760832291668336,285.55587168938916,3030,True
2022-12-05 11:00:00+00:00,21,GBP_JPY,LONG,166.035,165.37011901940429,166.44846512756357,166.44846512756357,166.44846512756357,473.93,4,LONDON,2.5,0.22123256378177564,26.760255677856165,53.108452727365375,165.75810944112777,165.5845368990503,5.972616858062452,False,-0.037553404160647466,35.08340185371796,24.789055887222844,0.8373983739836628,11,0,ema_ribbon_bounce_long,166.44846512756357,TP3,2022-12-05 14:00:00+00:00,41.34738517449368,195.9576625574779,180,True
2022-12-05 16:15:00+00:00,21,GBP_JPY,LONG,166.35399999999998,165.6041863852433,166.77086340159383,166.77086340159383,166.77086340159383,422.86,3,OVERLAP,2.5,0.2229317007969149,21.292439609621212,53.525884227698484,166.06078304411642,165.71484210667,15.570140996518944,False,-0.009705133425547241,67.34228814732423,26.421695588356897,0.08888888888899416,16,0,ema_ribbon_bounce_long,166.77086340159383,TP3,2022-12-05 21:45:00+00:00,41.68732597833531,176.2790266319887,330,True
2022-12-06 11:45:00+00:00,21,GBP_JPY,SHORT,166.448,166.72148330041222,166.08578093762435,166.08578093762435,166.08578093762435,1165.82,3,LONDON,2.5,0.1956095311878201,28.394010392637057,42.979974278950856,166.68035765111065,166.24787399082703,-8.855862825492977,False,-0.011564190834453272,71.82891708241142,-20.33576511106503,0.47712418300661125,11,1,ema_ribbon_bounce_short,166.72148330041222,SL,2022-12-06 15:45:00+00:00,-27.348330041220947,-318.83230128656203,240,False
2022-12-07 17:45:00+00:00,21,GBP_JPY,SHORT,166.618,166.91322661174107,166.19359644002003,166.19359644002003,166.19359644002003,1069.16,2,NY,2.5,0.2297017799899846,29.25403460789759,47.35747001892292,166.75108238507295,166.5267359695456,-23.71828775616791,False,-0.0076225656069405096,77.54559714146757,-9.808238507295641,0.1475409836065459,17,2,ema_ribbon_bounce_short,166.91322661174107,SL,2022-12-08 01:15:00+00:00,-29.522661174107157,-315.6444842090841,450,False
2022-12-08 23:45:00+00:00,21,GBP_JPY,LONG,167.183,166.798808976628,167.3817296478362,167.3817296478362,167.3817296478362,813.36,5,NY,2.5,0.11686482391810801,34.10087366129569,53.10621847104614,167.02642602453813,166.77476398615875,28.207794710996836,False,-0.026701120490779336,61.09556301864395,12.157397546187099,0.7040816326530523,23,3,ema_ribbon_bounce_long,167.3817296478362,TP3,2022-12-09 00:15:00+00:00,19.873209115341755,161.6407336605437,30,True
2022-12-09 06:15:00+00:00,21,GBP_JPY,SHORT,166.83100000000002,167.0561772981159,166.58060618125708,166.58060618125708,166.58060618125708,1394.92,3,ASIAN,2.5,0.14269690937146112,23.852610630529302,47.50473115352829,166.94233091380042,166.80756603511585,-1.8309616670251216,False,0.014680582654816914,68.76971608832906,-7.633091380040469,0.6067415730334208,6,4,ema_ribbon_bounce_short,167.0561772981159,SL,2022-12-09 07:30:00+00:00,-22.517729811588083,-314.1043166878045,75,False
2022-12-09 11:15:00+00:00,21,GBP_JPY,SHORT,166.65200000000002,167.06200471147676,166.33644154338234,166.33644154338234,166.33644154338234,758.44,4,LONDON,2.5,0.17227922830883735,16.5256463169159,44.10753022211866,166.88083178529766,166.81466281281365,-15.319438857133605,False,-0.016940900189708875,57.73332423683909,-19.9831785297647,0.8098159509200475,11,4,ema_ribbon_bounce_short,167.06200471147676,SL,2022-12-09 13:30:00+00:00,-41.00047114767449,-310.9639733724224,135,False
2022-12-09 19:15:00+00:00,21,GBP_JPY,LONG,167.512,166.95146235681514,167.80563246560214,167.80563246560214,167.80563246560214,549.21,4,NY,2.5,0.1643162328010713,23.035804344071895,52.774551663918146,167.26809818955704,166.95848056130453,31.174419199089698,False,-0.057463407292287605,41.14557485525253,20.890181044296696,0.5217391304348901,19,4,ema_ribbon_bounce_long,167.28,TIME,2022-12-12 03:15:00+00:00,-23.19999999999993,-127.41671999999963,3360,False
2022-12-13 11:00:00+00:00,21,GBP_JPY,LONG,169.083,168.47044274410672,169.4035330124608,169.4035330124608,169.4035330124608,500.49,5,LONDON,2.5,0.174766506230394,23.810371211542215,55.20979473324951,168.87809489679253,168.20182997066445,17.4005865462334,False,0.01938273541736825,33.26450757200132,17.590510320746944,0.42196531791911407,11,1,ema_ribbon_bounce_long,168.47044274410672,SL,2022-12-13 13:15:00+00:00,-61.25572558932789,-306.57878100202714,135,False
2022-12-14 12:15:00+00:00,21,GBP_JPY,SHORT,167.096,167.75970894400032,166.74577990308447,166.74577990308447,166.74577990308447,457.3,3,LONDON,2.5,0.1896100484577712,41.10002024977819,44.93791787952783,167.34316336793583,167.73739448012188,-14.398656129398546,False,-0.018164418962978407,68.51531158950037,-21.81633679358299,0.11666666666658772,12,2,ema_ribbon_bounce_short,166.74577990308447,TP3,2022-12-14 13:15:00+00:00,35.02277553475694,160.15915252044348,60,True
2022-12-14 23:15:00+00:00,21,GBP_JPY,LONG,168.128,167.46572197747687,168.49797148091181,168.49797148091181,168.49797148091181,460.7,4,NY,2.5,0.20248574045590767,25.54772056774758,56.675559432292346,167.75466397287323,167.7175994235122,59.70531787436926,False,-0.03287264262240169,25.699786483447383,33.83360271267577,0.48351648351625015,23,2,ema_ribbon_bounce_long,168.135,TIME,2022-12-15 07:15:00+00:00,0.7000000000005001,3.2249000000023043,480,True
2022-12-15 23:15:00+00:00,21,GBP_JPY,SHORT,167.768,168.13588772665062,167.50135009518914,167.50135009518914,167.50135009518914,829.46,3,NY,2.5,0.15082495240542482,21.30457241827522,45.95037487035043,167.96425759334707,167.93535304189285,-38.14719060683274,False,0.0181857378220001,67.13622244542383,-16.125759334707368,0.3456790123456227,23,3,ema_ribbon_bounce_short,167.50135009518914,TP3,2022-12-16 01:30:00+00:00,26.66531195518357,221.17809654346564,135,True
2022-12-16 03:45:00+00:00,21,GBP_JPY,SHORT,167.54500000000002,168.0310378420718,167.28598635427005,167.28598635427005,167.28598635427005,632.38,3,ASIAN,2.5,0.1470068228649795,31.802419722161826,44.26346937430997,167.79779262541973,167.88945060891243,-52.19421518213778,False,0.007361760038177817,74.6362948876129,-21.77926254197189,0.569230769230665,3,4,ema_ribbon_bounce_short,167.28598635427005,TP3,2022-12-16 07:30:00+00:00,25.90177415844469,163.79763942317254,225,True
2022-12-23 05:15:00+00:00,21,GBP_JPY,LONG,159.71099999999998,159.38839368635504,159.95881435932378,159.95881435932378,159.95881435932378,957.81,2,ASIAN,2.5,0.14140717966189298,22.71284229804639,53.559772181719296,159.51127754305838,160.01428824107452,31.587164098360176,False,-0.018136456272631413,22.548300317923687,16.472245694160392,0.3456790123457375,5,4,ema_ribbon_bounce_long,159.95881435932378,TP3,2022-12-23 08:00:00+00:00,24.781694662565602,237.36154964751958,165,True
2022-12-23 09:15:00+00:00,21,GBP_JPY,LONG,159.841,159.44395069633904,160.10494737566498,160.10494737566498,160.10494737566498,784.21,4,LONDON,2.5,0.146473687832481,21.731843593455167,55.58937808318875,159.62738705289678,159.9749564599137,-4.3247620339684545,False,-0.004432273519176438,25.132650341246663,18.461294710323273,0.2781456953642297,9,4,ema_ribbon_bounce_long,160.10494737566498,TP3,2022-12-23 10:45:00+00:00,26.395074143913266,206.99281094398222,90,True
2022-12-23 16:00:00+00:00,21,GBP_JPY,LONG,160.192,159.59742194439738,160.561931250054,160.561931250054,160.561931250054,527.16,3,OVERLAP,2.5,0.1994656250269834,17.78931581835318,54.06313009120553,159.93534175710028,160.00007501152348,13.135135589445213,False,0.008544802923029407,55.29279279279465,22.76582428997358,0.01183431952651676,16,4,ema_ribbon_bounce_long,159.848,TIME,2022-12-26 00:30:00+00:00,-34.39999999999941,-181.34303999999688,3390,False
2022-12-27 16:30:00+00:00,21,GBP_JPY,SHORT,160.348,160.59838435040828,160.0651737022334,160.0651737022334,160.0651737022334,1244.59,5,OVERLAP,2.5,0.1559131488832933,16.36413711893179,46.077150336329815,160.48200472762773,160.33473299947366,-10.012516809385374,False,0.00656042277774322,56.16911357075852,-10.500472762771551,0.558333333333136,16,1,ema_ribbon_bounce_short,160.59838435040828,SL,2022-12-27 20:00:00+00:00,-25.03843504082681,-311.6258586746264,210,False
2022-12-28 18:45:00+00:00,21,GBP_JPY,SHORT,161.407,161.37460675585342,161.1192375312735,161.1192375312735,161.1192375312735,9523.91,4,NY,2.5,0.16138123436324125,20.614834936497225,45.64186112651932,161.44898038264438,160.90444306664776,-12.770036918084315,False,-0.0328849854367165,41.70276058965323,-0.698038264437173,0.24193548387070157,18,2,ema_ribbon_bounce_short,161.37460675585342,SL,2022-12-28 19:00:00+00:00,3.239324414658995,308.5103418601495,15,True
2022-12-29 04:00:00+00:00,21,GBP_JPY,SHORT,160.97,161.37994963524156,160.72026679458,160.72026679458,160.72026679458,760.08,4,ASIAN,2.5,0.14236660271000542,34.274948666424,41.3446009964263,161.26575345798148,161.02216801522724,-46.82986018833617,False,0.01221223967521956,73.2533403224859,-26.075345798147964,0.9212598425197626,4,3,ema_ribbon_bounce_short,160.72026679458,TP3,2022-12-29 06:00:00+00:00,24.973649103737483,189.81971210768788,120,True
2022-12-29 16:45:00+00:00,21,GBP_JPY,SHORT,160.544,161.11359686061664,160.17787374158866,160.17787374158866,160.17787374158866,550.38,5,OVERLAP,2.5,0.19756312920567234,35.15244649884763,47.79014426325369,160.7614606178863,160.91732955988144,-9.280393773923379,False,0.04273397367133172,74.14648695299083,-18.846061788630664,0.7937499999998989,16,3,ema_ribbon_bounce_short,160.17787374158866,TP3,2022-12-29 22:15:00+00:00,36.61329106563213,201.51223136702612,330,True
2023-01-03 17:15:00+00:00,21,GBP_JPY,SHORT,156.441,157.1104458186996,155.95345920288466,155.95345920288466,155.95345920288466,471.3,4,NY,2.5,0.26127039855767553,26.99985137182973,45.83179423599166,156.61083852136173,157.4768416891661,8.011970788786016,False,-0.05971618212399196,10.700090952647535,-13.483852136172914,0.545918367346941,17,1,ema_ribbon_bounce_short,157.1104458186996,SL,2023-01-03 23:15:00+00:00,-66.9445818699586,-315.50981435311485,360,False
2023-01-04 11:45:00+00:00,21,GBP_JPY,LONG,157.377,156.7446760577511,157.73851993737162,157.73851993737162,157.73851993737162,493.98,3,LONDON,2.5,0.19525996868580311,34.41690995762169,58.77401177935719,157.02416274322584,157.18826720586418,11.233892568182569,False,0.0009511026291467162,26.123408023743007,32.38372567741692,0.08035714285713946,11,2,ema_ribbon_bounce_long,157.73851993737162,TP3,2023-01-04 12:15:00+00:00,36.15272558852627,178.58723386220208,30,True
2023-01-05 21:00:00+00:00,21,GBP_JPY,SHORT,158.787,159.12304563303817,158.50444152405854,158.50444152405854,158.50444152405854,934.81,4,NY,2.5,0.15877923797073057,23.313229301173806,45.785896383069904,159.01366871362325,158.62831052495542,-37.569696213211046,False,0.024051314958745032,39.17027149507853,-19.1668713623244,0.12676056338009,21,3,ema_ribbon_bounce_short,159.12304563303817,SL,2023-01-06 00:45:00+00:00,-33.6045633038168,-314.13881822040986,225,False
2023-01-06 17:15:00+00:00,21,GBP_JPY,LONG,159.645,159.0768351424779,160.112037159655,160.112037159655,160.112037159655,547.37,5,NY,2.5,0.25101857982748543,21.89828454027632,56.237015846211435,159.41691557869655,159.05673257708048,19.84530593408067,False,0.029405705357077528,38.26274894090039,19.308442130346748,0.9015544041451884,17,4,ema_ribbon_bounce_long,159.625,TIME,2023-01-09 01:15:00+00:00,-2.000000000001023,-10.9474000000056,3360,False
2023-01-09 17:45:00+00:00,21,GBP_JPY,LONG,160.706,160.03312704297494,161.04693085240066,161.04693085240066,161.04693085240066,462.03,5,NY,2.5,0.18796542620033888,14.875357730825987,51.65247490335952,160.50057990225446,159.80790109909339,-0.839020995877604,False,-0.017221752316202238,50.53536949271316,17.042009774553435,0.2325581395348581,17,0,ema_ribbon_bounce_long,160.183,TIME,2023-01-10 01:45:00+00:00,-52.29999999999961,-241.6416899999982,480,False
2023-01-10 18:15:00+00:00,21,GBP_JPY,LONG,160.683,160.34075996388955,160.97154426797232,160.97154426797232,160.97154426797232,901.33,4,NY,2.5,0.16177213398616222,18.783736410740485,52.56760577929889,160.5699224566537,160.26441915288885,10.32612353226341,False,-0.0014423064577821082,33.34775128589275,7.807754334629635,0.604395604395625,18,1,ema_ribbon_bounce_long,160.34075996388955,SL,2023-01-10 22:00:00+00:00,-34.22400361104394,-308.4712117474224,225,False
2023-01-11 05:00:00+00:00,21,GBP_JPY,LONG,160.928,160.5560276312705,161.12146895251533,161.12146895251533,161.12146895251533,821.0,5,ASIAN,2.5,0.11423447625766295,33.215243184563455,53.22608103873578,160.77339277119884,160.44513251471145,28.369515579234417,False,-0.01439756539079691,14.98503456750525,11.960722880115782,0.8023255813953604,5,2,ema_ribbon_bounce_long,161.12146895251533,TP3,2023-01-11 08:15:00+00:00,19.34713090190164,158.83994470461246,195,True
2023-01-11 17:15:00+00:00,21,GBP_JPY,SHORT,160.596,160.91656505836352,160.29006374786997,160.29006374786997,160.29006374786997,957.61,4,NY,2.5,0.17046812606501502,14.2290896041157,44.861495532331354,160.772468594438,160.58370341757504,-16.74899652205113,False,-0.0066744376309805335,47.163120567372204,-14.146859443800963,0.6984126984126232,17,2,ema_ribbon_bounce_short,160.91656505836352,SL,2023-01-11 19:45:00+00:00,-32.056505836351334,-306.97630553948403,150,False
2023-01-16 10:00:00+00:00,21,GBP_JPY,LONG,156.856,156.45922017842028,157.29146384830062,157.29146384830062,157.29146384830062,765.93,4,LONDON,2.5,0.23223192415031033,30.014964907854935,57.116855899567746,156.56051269648043,157.31590504514907,8.309659097412236,False,-0.004814334019503028,41.05498799047165,26.64873035195683,0.7129337539432623,10,0,ema_ribbon_bounce_long,156.45922017842028,SL,2023-01-16 11:45:00+00:00,-39.677982157971314,-303.9055687425497,105,False
2023-01-16 12:45:00+00:00,21,GBP_JPY,SHORT,156.483,156.87957027710848,156.1170224654375,156.1170224654375,156.1170224654375,758.67,4,LONDON,2.5,0.197488767281259,20.692551854433745,45.84801865720066,156.58756536806305,157.2463148664959,-20.267697453218148,False,-0.03213686534321936,41.38020833333418,-7.556536806305303,0.6666666666667298,12,0,ema_ribbon_bounce_short,156.87957027710848,SL,2023-01-16 14:45:00+00:00,-39.65702771084807,-300.86597213389103,120,False
2023-01-16 15:00:00+00:00,21,GBP_JPY,LONG,156.79,156.49749464537192,157.11963719690328,157.11963719690328,157.11963719690328,1018.3,3,OVERLAP,2.5,0.17931859845163742,22.774428558136673,55.40933928786134,156.60784146075653,157.19480358025456,6.7046370079197,False,0.01809250220812498,73.43047067858451,15.315853924346357,0.1693121693120818,15,0,ema_ribbon_bounce_long,156.49749464537192,SL,2023-01-16 23:00:00+00:00,-29.250535462807644,-297.85820261777025,480,False
2023-01-17 03:45:00+00:00,21,GBP_JPY,LONG,157.016,156.61565188922452,157.3019936757756,157.3019936757756,157.3019936757756,736.56,2,ASIAN,2.5,0.16049683788780403,29.29914626192324,54.44199086125167,156.8216715771936,157.0465083196785,20.81524143791853,False,0.007001565320620712,21.46800195146771,15.932842280639647,0.029126213592101737,3,1,ema_ribbon_bounce_long,157.3019936757756,TP3,2023-01-17 07:30:00+00:00,28.59975586049261,210.65436176604436,225,True
2023-01-17 18:45:00+00:00,21,GBP_JPY,LONG,157.462,156.98726280468796,157.7951858877042,157.7951858877042,157.7951858877042,625.58,3,NY,2.5,0.18409294385210356,21.591263112754042,52.541304259257636,157.31543595273186,157.17094270459174,-2.3173171874930176,False,0.0009016692188324044,86.35516333312087,11.156404726813207,0.46456692913380365,18,1,ema_ribbon_bounce_long,157.7951858877042,TP3,2023-01-18 00:30:00+00:00,33.319121373586384,208.43775948888174,345,True
2023-01-18 20:15:00+00:00,21,GBP_JPY,SHORT,158.881,159.14110647555222,158.55850468070005,158.55850468070005,158.55850468070005,1149.8,3,NY,2.5,0.17874765964997702,10.993986792735152,46.19370027545557,159.13067814725235,158.4725524870195,-38.665640308494176,False,0.03631870268182097,65.79322643178797,-21.467814725235712,0.22972972972972455,20,2,ema_ribbon_bounce_short,159.14110647555222,SL,2023-01-18 21:45:00+00:00,-26.01064755522202,-299.0704255899428,90,False
2023-01-18 22:30:00+00:00,21,GBP_JPY,SHORT,158.936,159.113264692845,158.68504003975005,158.68504003975005,158.68504003975005,1670.27,3,NY,2.5,0.1429799801249703,13.495314310921886,47.86860039371396,159.09464585228227,158.51880303502782,-32.11945619383414,False,0.031156247499525398,29.939915847404055,-12.364585228226588,0.46728971962601185,22,2,ema_ribbon_bounce_short,158.68504003975005,TP3,2023-01-18 23:15:00+00:00,25.09614627612897,419.1734024062993,45,True
2023-01-23 02:30:00+00:00,21,GBP_JPY,SHORT,160.434,160.38312842499099,160.20677869050388,160.20677869050388,160.20677869050388,5902.55,3,ASIAN,2.5,0.13111065474805111,11.703689022823898,43.66969026725025,160.52575447334263,159.75239836158804,-3.414819629145427,False,-0.008650053193248977,32.68608240201942,-5.675447334263595,0.4418604651164866,2,0,ema_ribbon_bounce_short,160.38312842499099,SL,2023-01-23 02:45:00+00:00,5.087157500901185,300.2720150694429,15,True
2023-01-24 05:00:00+00:00,21,GBP_JPY,SHORT,161.291,161.39673769761805,161.0779439782144,161.0779439782144,161.0779439782144,2868.18,4,ASIAN,2.5,0.12402801089279944,16.44731357150606,44.49188378580637,161.42473197131088,160.8152662199321,2.513116294326778,False,-0.008226903621422352,37.97551675697096,-9.873197131088318,0.12195121951244028,5,1,ema_ribbon_bounce_short,161.39673769761805,SL,2023-01-24 06:45:00+00:00,-10.573769761805352,-303.27474955414874,105,False
2023-01-24 17:15:00+00:00,21,GBP_JPY,SHORT,160.243,161.01420084006247,159.84169070445554,159.84169070445554,159.84169070445554,389.32,4,NY,2.5,0.21815464777221732,18.830564983974647,46.56043021639836,160.57078632529635,160.7150848344358,-17.757612586888172,False,0.028958929993375987,62.2761802260753,-29.278632529636184,0.5642458100558544,17,1,ema_ribbon_bounce_short,160.433,TIME,2023-01-25 01:15:00+00:00,-18.999999999999773,-73.97079999999912,480,False
2023-01-25 23:15:00+00:00,21,GBP_JPY,LONG,160.601,160.32027136715035,160.8116823073226,160.8116823073226,160.8116823073226,1066.87,4,NY,2.5,0.12284115366130424,23.590763121486578,53.143563595945174,160.44803710675365,160.49730122532924,39.01395057166326,False,-0.03081040759776507,24.91548626826189,11.796289324635723,0.5932203389830182,23,2,ema_ribbon_bounce_long,160.32027136715035,SL,2023-01-26 00:45:00+00:00,-28.072863284964455,-299.50095652830026,90,False
2023-01-26 04:45:00+00:00,21,GBP_JPY,SHORT,160.214,160.5409463077122,159.9601112594962,159.9601112594962,159.9601112594962,906.9,3,ASIAN,2.5,0.14444437025190168,24.320131798147074,44.96435725511223,160.36407006610227,160.46148665421495,4.841539986060184,False,-0.014231584793754581,44.02515723270405,-11.507006610227677,0.3006993006993438,4,3,ema_ribbon_bounce_short,160.5409463077122,SL,2023-01-26 07:00:00+00:00,-32.69463077122054,-296.5076064641991,135,False
2023-01-26 10:30:00+00:00,21,GBP_JPY,LONG,160.861,160.32930405673054,161.17556000731614,161.17556000731614,161.17556000731614,552.09,3,LONDON,2.5,0.1717800036580683,20.292297966589448,58.87678756877898,160.5695102888311,160.50367245891044,-3.7671512538651086,False,0.0019921712442049627,55.82722086389693,26.248971116888242,0.08917197452235065,10,3,ema_ribbon_bounce_long,161.17556000731614,TP3,2023-01-26 13:30:00+00:00,31.456570493804318,173.66858003924426,180,True
2023-01-26 16:15:00+00:00,21,GBP_JPY,LONG,161.21699999999998,160.48400975593614,161.60338158088118,161.60338158088118,161.60338158088118,402.84,3,OVERLAP,2.5,0.2076907904405941,34.82267293106586,59.66269361776051,160.85046707543316,160.60743659172525,17.697379542781277,False,0.0038543809047968253,44.06865629816061,33.75329245668297,0.1377551020408955,16,3,ema_ribbon_bounce_long,161.60338158088118,TP3,2023-01-26 20:00:00+00:00,38.639117232148806,155.65381985798822,225,True
2023-01-27 04:45:00+00:00,21,GBP_JPY,SHORT,160.916,161.15184282835452,160.65243507919774,160.65243507919774,160.65243507919774,1258.61,4,ASIAN,2.5,0.14928246040112533,33.53524025424009,44.90350721347938,161.08754036724525,160.84592678275084,-14.394750161179104,False,0.030617366630145776,58.00741768595426,-13.654036724526009,0.6470588235294118,4,4,ema_ribbon_bounce_short,160.65243507919774,TP3,2023-01-27 08:00:00+00:00,26.356701489749117,331.7280806201314,195,True
2023-01-27 11:15:00+00:00,21,GBP_JPY,SHORT,160.644,161.0584267156169,160.37169162394108,160.37169162394108,160.37169162394108,724.26,4,LONDON,2.5,0.15065418802945874,38.75523839656843,44.09194183584456,160.87210536199024,160.82994127261122,-0.9674117778587288,False,0.0021434264243584272,68.87385839766532,-19.910536199023454,0.03305785123958983,11,4,ema_ribbon_bounce_short,161.029,TIME,2023-01-27 19:15:00+00:00,-38.49999999999909,-278.8400999999934,480,False
2023-01-27 20:45:00+00:00,21,GBP_JPY,LONG,160.951,160.74580377773293,161.1271518611642,161.1271518611642,161.1271518611642,1449.17,4,NY,2.5,0.10557593058210955,24.166079484594185,53.87289060509516,160.8400947827722,160.81620917841963,22.780188685950975,False,-0.004950706023881632,24.085428637861128,7.590521722778476,0.18750000000002776,20,4,ema_ribbon_bounce_long,160.74580377773293,SL,2023-01-29 22:00:00+00:00,-20.519622226706243,-297.3642094227589,2955,False
2023-01-30 03:00:00+00:00,21,GBP_JPY,LONG,161.238,160.80895070202007,161.4791452663069,161.4791452663069,161.4791452663069,686.15,4,ASIAN,2.5,0.13807263315344745,20.101974114238924,55.877264837165434,161.01289425022418,160.8755821250565,40.966935193876,False,-0.008238220430404716,21.653704928503007,19.01057497758245,0.28676470588247743,3,0,ema_ribbon_bounce_long,160.80895070202007,SL,2023-01-30 04:00:00+00:00,-42.90492979799296,-294.3921758089287,60,False
2023-01-30 17:15:00+00:00,21,GBP_JPY,LONG,161.274,160.87060929162533,161.52116977719936,161.52116977719936,161.52116977719936,722.49,5,NY,2.5,0.1410848885996821,26.83185319070163,54.571485688456185,161.09365012695469,160.93266382381069,10.229979072502715,False,-0.0049755472690860975,34.45095306489098,14.53498730453191,0.25,17,0,ema_ribbon_bounce_long,160.87060929162533,SL,2023-01-31 01:15:00+00:00,-40.33907083746726,-291.4457528936172,480,False
2023-01-31 10:45:00+00:00,21,GBP_JPY,SHORT,160.528,161.00209439099737,160.27196620248387,160.27196620248387,160.27196620248387,608.6,4,LONDON,2.5,0.14251689875806445,25.15410101910295,44.0309999858165,160.76287481603586,160.89060261895224,1.2599923526522616,False,0.011167816390844604,49.176270733358386,-20.58748160358732,0.38842975206638747,10,1,ema_ribbon_bounce_short,160.27196620248387,TP3,2023-01-31 13:15:00+00:00,25.603800444674437,155.82472950628863,150,True
2023-01-31 20:00:00+00:00,21,GBP_JPY,SHORT,160.296,160.71885165619892,160.08428223593592,160.08428223593592,160.08428223593592,686.03,5,NY,2.5,0.1233588820320386,20.247111111440592,45.994245628517845,160.45204369640848,160.72448328466507,2.6914762574904216,False,0.005009309329365826,13.934621903051152,-12.1043696408492,0.6947368421052978,20,1,ema_ribbon_bounce_short,160.08428223593592,TP3,2023-01-31 22:00:00+00:00,21.172085019389648,145.2468548585188,120,True
2023-02-03 18:30:00+00:00,21,GBP_JPY,LONG,158.20499999999998,157.54046200252213,158.59564826135238,158.59564826135238,158.59564826135238,438.72,3,NY,2.5,0.21282413067618958,27.153705098444696,54.64579978088082,157.80193694697493,158.16400979449924,32.14828453519942,False,-0.061848377429982004,16.356207058422353,36.80630530250539,0.8091603053434684,18,4,ema_ribbon_bounce_long,158.59564826135238,TP3,2023-02-05 22:00:00+00:00,39.06571656253119,171.38911170313685,3090,True
2023-02-08 17:45:00+00:00,21,GBP_JPY,LONG,158.639,158.18162881566354,158.88875221160035,158.88875221160035,158.88875221160035,641.18,4,NY,2.5,0.14237610580016682,42.588508160838096,55.639733432442604,158.39259604045233,158.3955731709413,18.080446891889324,False,-0.013067771466608466,30.35033023057457,21.14039595476811,0.12345679012371237,17,2,ema_ribbon_bounce_long,158.88875221160035,TP3,2023-02-09 01:00:00+00:00,24.975610679687577,160.13862055602078,435,True
2023-02-09 04:00:00+00:00,21,GBP_JPY,LONG,158.766,158.3979674765185,158.9505668854067,158.9505668854067,158.9505668854067,801.17,4,ASIAN,2.5,0.10978344270334302,20.95429568854561,53.77430494111481,158.61624924436364,158.47896166320672,23.904000700787265,False,-0.00837377621932777,49.14592495598999,11.475075563635073,0.15625000000014802,4,3,ema_ribbon_bounce_long,158.3979674765185,SL,2023-02-09 05:45:00+00:00,-36.803252348150295,-294.8566168376757,105,False
2023-02-10 11:15:00+00:00,21,GBP_JPY,SHORT,158.52700000000002,159.19554794470378,158.0073441976218,158.0073441976218,158.0073441976218,436.63,5,LONDON,2.5,0.2743279011891159,26.042082652542412,47.92363426337565,158.81613759391135,158.85977820618058,30.387571976828553,False,0.06283728510329342,73.68708327341814,-26.013759391133817,0.052980132450203984,11,4,ema_ribbon_bounce_short,158.484,TIME,2023-02-10 19:15:00+00:00,4.300000000000637,18.77509000000278,480,True
2023-02-10 19:15:00+00:00,21,GBP_JPY,SHORT,158.449,158.88460200449245,158.17190692680518,158.17190692680518,158.17190692680518,670.56,5,NY,2.5,0.15604653659741274,12.709421873258563,47.350285023992996,158.60340137345793,158.76370890609812,6.808001989230661,False,-0.0029953499349286623,51.262395337044154,-11.940137345791868,0.7678571428570387,19,4,ema_ribbon_bounce_short,158.88460200449245,SL,2023-02-13 03:00:00+00:00,-43.56020044924377,-292.09728013244904,3345,False
2023-02-16 03:45:00+00:00,21,GBP_JPY,SHORT,161.107,161.34409020765256,160.90024355937533,160.90024355937533,160.90024355937533,1219.69,3,ASIAN,2.5,0.12087822031233468,31.350883840431393,47.64261833695446,161.19528091323988,161.05506678533578,3.087297878656159,False,0.004985312270881476,68.95953623877416,-5.328091323988815,0.37313432835841154,3,3,ema_ribbon_bounce_short,161.34409020765256,SL,2023-02-16 05:00:00+00:00,-23.709020765255673,-289.17655537174693,75,False
2023-02-17 13:00:00+00:00,21,GBP_JPY,LONG,161.099,160.82077365481908,161.3395490089251,161.3395490089251,161.3395490089251,1028.96,4,OVERLAP,2.5,0.13477450446255973,30.07409561430043,54.43250706136087,160.95421342844142,160.97565414044868,8.43185722671933,False,-0.0115861845223783,43.47101932045316,11.578657155857286,0.16438356164385695,13,4,ema_ribbon_bounce_long,161.3395490089251,TP3,2023-02-17 14:00:00+00:00,24.05513467128704,247.5177137136751,60,True
2023-02-17 16:30:00+00:00,21,GBP_JPY,LONG,161.263,160.84735626464555,161.56891704666788,161.56891704666788,161.56891704666788,694.73,5,OVERLAP,2.5,0.16745852333393754,22.67194502540169,55.52370578799697,161.0598185393822,161.004574848074,13.967872382295354,False,-0.0013191205929899627,43.402104779545375,17.41814606178025,0.17073170731716897,16,4,ema_ribbon_bounce_long,161.56891704666788,TP3,2023-02-17 19:45:00+00:00,30.592145006266833,212.53280900203757,195,True
2023-02-20 15:15:00+00:00,21,GBP_JPY,SHORT,161.231,161.4444990014121,161.0452716114571,161.0452716114571,161.0452716114571,1362.47,3,OVERLAP,2.5,0.10736419427144521,21.53637052143683,44.4773624840317,161.35504023187355,161.25249511557354,-10.492331589406945,False,0.002702800770160999,17.067663817659646,-9.504023187355415,0.3209876543206974,15,0,ema_ribbon_bounce_short,161.4444990014121,SL,2023-02-20 17:00:00+00:00,-21.349900141211716,-290.8859844539673,105,False
2023-02-21 03:45:00+00:00,21,GBP_JPY,LONG,161.652,161.39950971175688,161.7940273911442,161.7940273911442,161.7940273911442,1140.54,5,ASIAN,2.5,0.08851369557210485,30.259386274802743,53.07001958559712,161.55562994631595,161.37677456252354,17.198846906205745,False,-0.0004731972231287983,59.926470588230984,6.137005368404402,0.25490196078392036,3,1,ema_ribbon_bounce_long,161.7940273911442,TP3,2023-02-21 06:45:00+00:00,14.20286364086571,161.98934096952976,180,True
2023-02-22 10:45:00+00:00,21,GBP_JPY,SHORT,162.941,163.13650837717995,162.70237419685722,162.70237419685722,162.70237419685722,1481.25,2,LONDON,2.5,0.13381290157138306,43.73340107066044,40.42549626036583,163.14313507656692,162.58506510326907,1.9402136920177782,False,0.0010206965689539549,71.90892871278551,-17.313507656692195,0.0,10,2,ema_ribbon_bounce_short,162.70237419685722,TP3,2023-02-22 15:00:00+00:00,23.86274141186677,353.46685716327653,255,True
2023-02-22 18:15:00+00:00,21,GBP_JPY,SHORT,162.644,163.01008130310905,162.41320211435107,162.41320211435107,162.41320211435107,800.73,4,NY,2.5,0.13289894282446374,21.02992212671668,46.66819838758831,162.8379392083211,162.62370223380384,-13.301958363686595,False,0.022950757056796625,80.00060170819985,-15.893920832110098,0.3802816901406703,18,2,ema_ribbon_bounce_short,162.41320211435107,TP3,2023-02-22 19:45:00+00:00,23.080076799237208,184.80909895453212,90,True
2023-02-23 11:00:00+00:00,21,GBP_JPY,SHORT,162.333,162.70363667603064,162.12482769947013,162.12482769947013,162.12482769947013,795.87,2,LONDON,2.5,0.11858615026492858,39.527874161101366,45.837028211047425,162.48458074370788,162.55888588748658,1.174218344422684,False,-0.0034641630397834605,70.75262820831246,-12.258074370788563,0.2016806722689156,11,3,ema_ribbon_bounce_short,162.70363667603064,SL,2023-02-23 13:15:00+00:00,-37.06366760306423,-294.9786113525073,135,False
2023-02-24 05:30:00+00:00,21,GBP_JPY,SHORT,161.79,162.21053127198022,161.56544945888487,161.56544945888487,161.56544945888487,694.43,4,ASIAN,2.5,0.129775270557561,14.102489758153105,46.76122499902006,161.9220502237704,162.2489361943813,-34.19172826991144,False,-0.004755371419030367,44.831058308050416,-9.705022377042383,0.6315789473684525,5,4,ema_ribbon_bounce_short,162.21053127198022,SL,2023-02-24 08:00:00+00:00,-42.053127198022366,-292.0295312012267,150,False
2023-02-24 12:00:00+00:00,21,GBP_JPY,LONG,162.35399999999998,161.9818214769384,162.6297273822496,162.6297273822496,162.6297273822496,776.8,4,LONDON,2.5,0.15236369112480166,32.84117885238552,56.33659010122298,162.12505675179204,162.23761368712857,-0.009273395673403684,False,-0.02632392095785327,65.96810209566574,19.994324820794418,0.15328467153274827,12,4,ema_ribbon_bounce_long,162.6297273822496,TP3,2023-02-24 13:00:00+00:00,27.57309317782209,214.187787805322,60,True
2023-02-27 04:45:00+00:00,21,GBP_JPY,LONG,162.902,162.54725278239414,163.1024595899165,163.1024595899165,163.1024595899165,821.01,5,ASIAN,2.5,0.11772979495824956,15.370176486043215,51.93471310123888,162.80271644266568,162.53629645414335,20.336705319030557,False,0.00484952739780857,48.630956137104874,6.428355733430635,0.8571428571426252,4,0,ema_ribbon_bounce_long,163.1024595899165,TP3,2023-02-27 09:15:00+00:00,20.046203153828728,164.58133251324924,270,True
2023-03-01 02:15:00+00:00,21,GBP_JPY,SHORT,163.907,164.40552068877483,163.64809593470324,163.64809593470324,163.64809593470324,587.53,3,ASIAN,2.5,0.1469520326483894,17.003361682604176,46.513780381544926,164.1784739019976,163.99227645554708,-87.75144312156442,False,0.038602892658170185,73.56819947273549,-23.647390199758433,0.41379310344824205,2,2,ema_ribbon_bounce_short,164.40552068877483,SL,2023-03-01 07:15:00+00:00,-49.85206887748177,-292.89586027586864,300,False
2023-03-01 17:00:00+00:00,21,GBP_JPY,SHORT,163.285,164.03478166998946,162.90055506087876,162.90055506087876,162.90055506087876,386.74,4,NY,2.5,0.2097224695606179,20.24568242186556,46.11853281782475,163.5919868851912,163.85840020522323,-18.618331155667533,False,0.0359495980117973,59.08080310313024,-27.198688519121106,0.5,17,2,ema_ribbon_bounce_short,163.775,TIME,2023-03-02 01:00:00+00:00,-49.00000000000091,-189.50260000000353,480,False
2023-03-02 03:30:00+00:00,21,GBP_JPY,LONG,163.758,163.62228288827757,163.9477663359681,163.9477663359681,163.9477663359681,2122.6,5,ASIAN,2.5,0.11238316798404531,15.354665808954328,52.26391222580796,163.66691337054928,163.78877527538867,18.480785501023433,False,-0.011650394161991477,49.22839506173344,5.608662945073206,0.40000000000031005,3,3,ema_ribbon_bounce_long,163.62228288827757,SL,2023-03-02 08:00:00+00:00,-13.57171117224425,-288.07314134205643,270,False
2023-03-02 12:15:00+00:00,21,GBP_JPY,SHORT,163.546,163.86439538415186,163.22954908767463,163.22954908767463,163.22954908767463,895.72,4,LONDON,2.5,0.17272545616268173,21.58628013450684,47.77662086315037,163.64287123560268,163.74991009837953,3.505948524858127,False,0.013987005346871906,42.33026637397992,-6.787123560269492,0.04999999999989342,12,3,ema_ribbon_bounce_short,163.22954908767463,TP3,2023-03-02 14:15:00+00:00,31.64544452476213,283.45457569719935,120,True
2023-03-02 16:00:00+00:00,21,GBP_JPY,SHORT,163.25300000000001,163.78865255260084,162.90129205628142,162.90129205628142,162.90129205628142,537.71,3,OVERLAP,2.5,0.19035397185929226,28.819343910155,44.713020502320404,163.49884969432236,163.69217352931113,-15.256901447830273,False,-0.006026706588573544,62.717102681323674,-21.68496943223488,0.5183246073297814,16,3,ema_ribbon_bounce_short,163.418,TIME,2023-03-03 00:00:00+00:00,-16.499999999999204,-88.72214999999572,480,False
2023-03-03 11:30:00+00:00,21,GBP_JPY,SHORT,163.254,163.57646526465467,163.01415969432742,163.01415969432742,163.01415969432742,890.45,3,LONDON,2.5,0.13442015283628014,19.228124269919334,44.34683182708304,163.39789538892046,163.5347285689509,-4.315602781045413,False,-0.003727347176676936,26.173031619441776,-11.489538892047335,0.2695035460991836,11,4,ema_ribbon_bounce_short,163.57646526465467,SL,2023-03-03 19:30:00+00:00,-32.24652646546815,-287.13919491176114,480,False
2023-03-07 11:00:00+00:00,21,GBP_JPY,SHORT,163.261,163.6134745383318,163.00140401114774,163.00140401114774,163.00140401114774,806.49,2,LONDON,2.5,0.14429799442612684,42.2231582452655,44.648684995177874,163.45297395503425,163.46957413858794,8.50594062880532,False,0.010806261128066777,86.32005430867525,-16.29739550342606,0.28057553956849535,11,1,ema_ribbon_bounce_short,163.00140401114774,TP3,2023-03-07 11:30:00+00:00,25.959920768929944,209.3641650093431,30,True
2023-03-07 13:00:00+00:00,21,GBP_JPY,SHORT,163.166,163.582333850174,162.88814065270574,162.88814065270574,162.88814065270574,687.82,4,OVERLAP,2.5,0.15342967364712096,32.24660244694,44.81702290657412,163.38345247768848,163.44851383714428,-0.6131799889487866,False,0.021491567546277304,76.39710716633967,-18.845247768848594,0.6964285714286303,13,1,ema_ribbon_bounce_short,162.88814065270574,TP3,2023-03-07 15:00:00+00:00,27.786338700445786,191.11999484940623,120,True
2023-03-09 21:45:00+00:00,21,GBP_JPY,LONG,162.365,162.13206343575436,162.55446899176292,162.55446899176292,162.55446899176292,1237.56,4,NY,2.5,0.11223449588144688,22.712379259535837,55.84439010246122,162.22722414448268,162.39587188682825,19.476126872902455,False,-0.006026329001405994,74.10746483952664,10.277585551733637,0.8958333333334321,21,3,ema_ribbon_bounce_long,162.55446899176292,TP3,2023-03-09 23:45:00+00:00,18.947052275123795,234.48114013602205,120,True
2023-03-13 21:30:00+00:00,21,GBP_JPY,LONG,162.328,161.84793483771693,162.702057486607,162.702057486607,162.702057486607,605.37,3,NY,2.5,0.20452874330350557,27.1212041706896,55.748906397675576,161.99910505474807,162.22462985349964,92.55374229269648,False,-0.06576738662370749,34.952928131921546,29.389494525193527,0.9038461538462275,21,0,ema_ribbon_bounce_long,162.702057486607,TP3,2023-03-14 01:30:00+00:00,37.40636655964881,226.446921242146,240,True
2023-03-14 11:00:00+00:00,21,GBP_JPY,LONG,162.892,162.1965875594331,163.32774232121668,163.32774232121668,163.32774232121668,421.16,4,LONDON,2.5,0.2323711606083337,22.22633614284391,52.52317113663746,162.61711620309387,162.37357541453125,-6.879612597668938,False,-0.012680979477618481,21.31123119206766,24.588379690612783,0.19075144508662828,11,1,ema_ribbon_bounce_long,163.32774232121668,TP3,2023-03-14 12:15:00+00:00,43.57526674585165,183.52159342682884,75,True
2023-03-16 10:00:00+00:00,21,GBP_JPY,SHORT,160.31,161.1542918340503,159.81612314403927,159.81612314403927,159.81612314403927,349.07,5,LONDON,2.5,0.2614384279803643,18.65253229690866,46.870218077318874,160.53701984738532,161.45299466194007,-17.085989595335604,False,-0.028019014160632412,51.34040027349429,-19.801984738532497,0.520000000000013,10,3,ema_ribbon_bounce_short,159.81612314403927,TP3,2023-03-16 11:00:00+00:00,49.389100432226634,172.4025328787735,60,True
2023-03-17 18:15:00+00:00,21,GBP_JPY,SHORT,160.554,161.36502224944806,160.03880242047526,160.03880242047526,160.03880242047526,365.52,4,NY,2.5,0.2750987897623632,19.15637855261958,43.32771760475702,160.96479816389697,161.23098802858985,-28.841714029582022,False,0.038343026868061916,22.704526339339196,-37.579816389697385,0.5051194539248905,18,4,ema_ribbon_bounce_short,161.36502224944806,SL,2023-03-20 00:00:00+00:00,-81.10222494480581,-296.4448526182542,3225,False
2023-03-20 19:00:00+00:00,21,GBP_JPY,LONG,161.368,160.6438242582734,161.79425008391425,161.79425008391425,161.79425008391425,405.26,2,NY,2.5,0.23062504195712685,22.74397875627928,54.58153277193121,160.98436936241296,160.94969484742614,76.48644974589729,False,-0.05396847924713441,29.167492324789425,34.86306375870356,0.573333333333207,19,0,ema_ribbon_bounce_long,160.95,TIME,2023-03-21 03:00:00+00:00,-41.80000000000064,-169.39868000000257,480,False
2023-03-21 05:45:00+00:00,21,GBP_JPY,SHORT,160.857,161.095481495462,160.65332940785513,160.65332940785513,160.65332940785513,1223.5,4,ASIAN,2.5,0.11933529607243712,16.08077307951727,44.757937153450825,161.00876807774438,160.99184699986697,19.45812148756545,False,0.009333347623242533,80.24461803978691,-11.676807774438203,0.40476190476179197,5,1,ema_ribbon_bounce_short,161.095481495462,SL,2023-03-21 06:30:00+00:00,-23.848149546199693,-291.78210969775324,45,False
2023-03-21 22:45:00+00:00,21,GBP_JPY,LONG,161.797,161.38754368133112,162.01072849902903,162.01072849902903,162.01072849902903,705.48,4,NY,2.5,0.12436424951451625,26.466272055323127,51.89367062917129,161.66647815418457,161.33571639589405,8.319982787040203,False,-0.016682085309516453,33.112582781462116,9.552184581542633,0.08333333333325438,22,1,ema_ribbon_bounce_long,162.01072849902903,TP3,2023-03-22 00:30:00+00:00,21.373152857627595,150.78331877999116,105,True
2023-03-22 06:30:00+00:00,21,GBP_JPY,LONG,162.032,161.56099493538252,162.2768700222948,162.2768700222948,162.2768700222948,616.5,4,ASIAN,2.5,0.13993501114738358,16.47222357498369,54.6823878150396,161.85193418346387,161.4907854450981,25.8656750059572,False,-0.005201750028925631,41.696113074204185,14.506581653614603,0.5424836601309242,6,2,ema_ribbon_bounce_long,162.2768700222948,TP3,2023-03-22 07:00:00+00:00,24.487399423349974,150.9648174449526,30,True
2023-03-23 22:30:00+00:00,21,GBP_JPY,SHORT,160.63400000000001,161.36634227610173,160.2564784433846,160.2564784433846,160.2564784433846,398.56,4,NY,2.5,0.206260778307713,13.666139863855832,44.147847690031774,160.94526162638522,161.3461097230695,-50.22069816103851,False,0.04878850022648304,66.70805428047913,-27.62616263852067,0.6870229007631666,22,3,ema_ribbon_bounce_short,160.2564784433846,TP3,2023-03-24 01:00:00+00:00,37.75310287540346,150.46876682020803,150,True
2023-03-27 02:30:00+00:00,21,GBP_JPY,LONG,160.093,159.7699880170378,160.37129233532832,160.37129233532832,160.37129233532832,908.29,3,ASIAN,2.5,0.15664616766416925,20.717628965692345,53.39156554916839,159.8829159485562,160.27125214395392,72.39478149762135,False,-0.009889917621106276,43.340757437036785,17.50840514438039,0.09900990099000985,2,0,ema_ribbon_bounce_long,160.37129233532832,TP3,2023-03-27 06:00:00+00:00,27.82953992433286,252.77292817872294,210,True
2023-03-31 09:30:00+00:00,21,GBP_JPY,LONG,164.945,164.1596064338719,165.35210351572084,165.35210351572084,165.35210351572084,376.77,5,LONDON,2.5,0.21805175786042053,18.388940121259672,54.76966035790374,164.67571519353666,163.78753258221874,9.407418560638803,False,0.017162858543605032,57.98924635762915,24.028480646333605,0.5064102564102868,9,4,ema_ribbon_bounce_long,164.1596064338719,SL,2023-03-31 16:00:00+00:00,-78.5393566128107,-295.9127339100869,390,False
2023-04-03 17:15:00+00:00,21,GBP_JPY,SHORT,164.115,164.42143916568946,163.80915846391605,163.80915846391605,163.80915846391605,956.0,3,NY,2.5,0.17042076804197182,25.74540237077772,45.453401938251375,164.27532799305698,164.10213702537345,-28.641807187909762,False,-0.0016347596309285867,82.53774834437014,-12.53279930569704,0.5652173913041867,17,0,ema_ribbon_bounce_short,164.42143916568946,SL,2023-04-03 19:30:00+00:00,-30.64391656894543,-292.9558423991183,135,False
2023-04-04 20:45:00+00:00,21,GBP_JPY,SHORT,164.558,164.97672060562678,164.32852961819296,164.32852961819296,164.32852961819296,692.65,4,NY,2.5,0.13223519090351263,38.27732936898201,44.06121747101383,164.8484472150576,164.63917281748311,-72.47880337824029,False,0.0527446403013668,82.25490196078195,-25.54472150576146,0.46621621621625253,20,1,ema_ribbon_bounce_short,164.32852961819296,TP3,2023-04-04 23:15:00+00:00,22.947369474115295,158.9449546624596,150,True
2023-04-05 03:45:00+00:00,21,GBP_JPY,SHORT,164.336,164.80635865637487,164.07767433317474,164.07767433317474,164.07767433317474,619.99,3,ASIAN,2.5,0.14666283341263672,29.465159617359276,45.5522876941967,164.55687147623357,164.58401335713916,-73.78544717038835,False,0.02844986192469008,27.717065702178658,-18.587147623355804,0.6666666666667477,3,2,ema_ribbon_bounce_short,164.07767433317474,TP3,2023-04-05 06:15:00+00:00,25.832983343548825,160.16191343166838,150,True
2023-04-05 10:45:00+00:00,21,GBP_JPY,SHORT,164.052,164.65039982810714,163.66758627494056,163.66758627494056,163.66758627494056,490.0,3,LONDON,2.5,0.2067068625297122,18.96480666282784,46.85149159578561,164.27981795077437,164.4809060427531,4.553820049667934,False,0.020069439143515347,59.72241596299771,-19.88179507743837,0.6792452830189286,10,2,ema_ribbon_bounce_short,163.66758627494056,TP3,2023-04-05 12:15:00+00:00,38.44215702374939,188.36656941637202,90,True
2023-04-06 10:00:00+00:00,21,GBP_JPY,LONG,163.703,163.38130445446987,164.05369585390514,164.05369585390514,164.05369585390514,917.33,4,LONDON,2.5,0.18984792695256406,26.32647402093332,55.19116425878299,163.47411080655885,163.82391835693758,5.276213320260581,False,-0.01671755293712182,55.68773996104738,19.988919344115175,0.4299065420561381,10,3,ema_ribbon_bounce_long,164.05369585390514,TP3,2023-04-06 11:30:00+00:00,35.06996769116219,321.7073346213382,90,True
2023-04-06 15:30:00+00:00,21,GBP_JPY,LONG,163.902,163.42158276631005,164.29049849948626,164.29049849948626,164.29049849948626,620.96,5,OVERLAP,2.5,0.20874924974313083,17.52592347311039,56.12030759365326,163.62668071206406,163.80713803567917,17.911032836474305,False,0.002127177660798882,49.77665729597436,24.63192879359326,0.9464285714284468,15,3,ema_ribbon_bounce_long,163.782,TIME,2023-04-06 23:30:00+00:00,-11.999999999997613,-74.51519999998519,480,False
2023-04-07 05:30:00+00:00,21,GBP_JPY,LONG,163.96099999999998,163.7184883382376,164.08257807584815,164.08257807584815,164.08257807584815,1227.04,4,ASIAN,2.5,0.07828903792408262,23.870762300361047,56.25418800642751,163.8476872110296,163.83872216110777,15.981838773757318,False,0.0007237254439298596,31.713747645949734,7.831278897037919,0.6260869565214662,5,4,ema_ribbon_bounce_long,164.08257807584815,TP3,2023-04-07 06:00:00+00:00,12.1579066672226,149.1823779694882,30,True
2023-04-07 07:30:00+00:00,21,GBP_JPY,LONG,164.07,163.72945684882782,164.24661992166068,164.24661992166068,164.24661992166068,878.2,4,ASIAN,2.5,0.10580996083033882,26.377270841934624,55.895388937685816,163.90450212885114,163.85558493054106,25.641228438391295,False,0.0008619024655034044,28.594771241825836,13.049787114886158,0.6491228070173777,7,4,ema_ribbon_bounce_long,163.72945684882782,SL,2023-04-07 10:00:00+00:00,-34.054315117217016,-299.06499535939986,150,False
2023-04-07 19:30:00+00:00,21,GBP_JPY,LONG,164.129,163.78948269716778,164.3443583964434,164.3443583964434,164.3443583964434,872.04,4,NY,2.5,0.1251791982216987,34.78925189834543,55.9095493852572,163.977671755792,163.89162482526632,14.07146232618004,False,-0.0006404188431476318,61.5309788974223,11.632824420800603,0.26373626373633235,19,4,ema_ribbon_bounce_long,163.78948269716778,SL,2023-04-09 22:00:00+00:00,-33.95173028322063,-296.07266876179716,3030,False
2023-04-11 10:30:00+00:00,21,GBP_JPY,LONG,165.646,165.10674121432393,165.92427498366072,165.92427498366072,165.92427498366072,543.55,4,LONDON,2.5,0.15363749183036177,11.595582221854642,54.68044681457132,165.46625828545626,164.9016262214024,7.511918963007247,False,0.007353382348190499,84.18918778091033,15.074171454372731,0.21232876712330634,10,1,ema_ribbon_bounce_long,165.92427498366072,TP3,2023-04-11 14:30:00+00:00,27.828010324465083,151.25915011862995,240,True
2023-04-12 18:30:00+00:00,21,GBP_JPY,LONG,166.297,165.88322208720027,166.58555185987007,166.58555185987007,166.58555185987007,712.04,4,NY,2.5,0.16177592993503412,31.8715547065113,53.507306927709706,166.13621861973644,165.75715781294164,27.969094405014516,False,0.011363936053179133,23.359266202088694,12.5781380263561,0.015384615384689382,18,2,ema_ribbon_bounce_long,166.427,TIME,2023-04-13 02:30:00+00:00,12.999999999999545,92.56519999999676,480,True
2023-04-13 11:30:00+00:00,21,GBP_JPY,LONG,166.68,166.1697529410168,166.94565966733472,166.94565966733472,166.94565966733472,579.23,4,LONDON,2.5,0.1473298336673566,43.051246455525174,56.94445640797182,166.4405804845474,166.06579802369484,7.535168486739963,False,-0.0009108889174224005,24.721677898266716,21.041951545259963,0.5591397849462875,11,3,ema_ribbon_bounce_long,166.1697529410168,SL,2023-04-13 12:45:00+00:00,-51.02470589831967,-295.550403974837,75,False
2023-04-13 16:15:00+00:00,21,GBP_JPY,SHORT,165.846,166.3622869125085,165.52408182151103,165.52408182151103,165.52408182151103,566.73,2,OVERLAP,2.5,0.17545908924448322,29.461674841608,43.94401472719125,166.14484401056262,166.0399049603629,-23.990892465334923,False,0.023748333347242356,86.33629708843988,-26.984401056262186,0.5811965811965916,16,3,ema_ribbon_bounce_short,166.009,TIME,2023-04-14 00:15:00+00:00,-16.29999999999825,-92.37698999999009,480,False
2023-04-14 16:30:00+00:00,21,GBP_JPY,LONG,166.057,165.8318701719409,166.31713170212063,166.31713170212063,166.31713170212063,1295.57,5,OVERLAP,2.5,0.14456585106032502,25.233944636780446,54.61991718734399,165.93690184507466,165.98698280993375,13.989528359570613,False,0.0027871180767865544,24.698651871495574,9.109815492533357,0.3766233766233383,16,4,ema_ribbon_bounce_long,165.8318701719409,SL,2023-04-14 17:30:00+00:00,-22.512982805909587,-291.67145133852284,60,False
2023-04-14 19:15:00+00:00,21,GBP_JPY,LONG,166.112,165.8667407138723,166.30638483181133,166.30638483181133,166.30638483181133,1177.35,5,NY,2.5,0.11469241590566881,18.416909707776668,56.2112613968643,165.9612474401622,165.98833463740544,17.765823260819502,False,0.0038983235071307284,72.34799301919706,11.575255983780153,0.5284552845527459,19,4,ema_ribbon_bounce_long,165.8667407138723,SL,2023-04-17 00:45:00+00:00,-24.52592861276912,-288.7560205224372,3210,False
2023-04-17 11:00:00+00:00,21,GBP_JPY,LONG,166.365,165.95057990352183,166.6614598623804,166.6614598623804,166.6614598623804,689.8,4,LONDON,2.5,0.1627299311901933,30.96357155829566,56.116633052040356,166.1641368151348,166.0662672787359,25.47753558073964,False,0.018730357419695202,49.91136355381523,17.186318486520236,0.6195121951220459,11,0,ema_ribbon_bounce_long,166.332,TIME,2023-04-17 19:00:00+00:00,-3.3000000000015457,-22.763400000010662,480,False
2023-04-17 22:30:00+00:00,21,GBP_JPY,LONG,166.403,166.15528859744478,166.53627546215537,166.53627546215537,166.53627546215537,1153.12,4,NY,2.5,0.08413773107769006,29.873078455635948,52.54361155963808,166.30488187792815,166.15962269952826,9.871410453158092,False,-0.0027834251940699467,49.07502995351638,6.311812207184175,0.35999999999936333,22,0,ema_ribbon_bounce_long,166.53627546215537,TP3,2023-04-18 01:15:00+00:00,13.327661793675889,153.68393367523538,165,True
2023-04-18 04:00:00+00:00,21,GBP_JPY,LONG,166.547,166.20357496036962,166.73170473848543,166.73170473848543,166.73170473848543,836.21,5,ASIAN,2.5,0.10985236924271763,25.887819862465008,53.84729875478644,166.39438757197607,166.21536597359864,20.823350388204176,False,0.0005043428490312182,47.47522390094119,11.761242802393213,0.43877551020408756,4,1,ema_ribbon_bounce_long,166.73170473848543,TP3,2023-04-18 06:45:00+00:00,18.47069473174102,154.45379641629157,165,True
2023-04-18 10:30:00+00:00,21,GBP_JPY,LONG,166.81199999999998,166.33827726555327,167.05673654949774,167.05673654949774,167.05673654949774,609.47,5,LONDON,2.5,0.13686827474887997,24.01783732172149,54.834211742893714,166.60783860245084,166.32755760516358,-1.7814718733802692,False,-0.02431553297250892,29.6626232544078,17.51613975491466,0.7888888888888362,10,1,ema_ribbon_bounce_long,166.606,TIME,2023-04-18 18:30:00+00:00,-20.599999999998886,-125.55081999999321,480,False
2023-04-18 22:45:00+00:00,21,GBP_JPY,SHORT,166.52,166.6343296606282,166.40933906083626,166.40933906083626,166.40933906083626,2514.36,4,NY,2.5,0.07283046958186822,11.67344590801787,45.47437889232494,166.60535756462767,166.4400755959166,-11.59600023125904,False,-0.0032414387276586704,39.960508453659926,-5.035756462766017,0.6862745098036375,22,1,ema_ribbon_bounce_short,166.6343296606282,SL,2023-04-19 00:00:00+00:00,-11.43296606281865,-287.465925497087,75,False
2023-04-20 17:15:00+00:00,21,GBP_JPY,SHORT,166.967,167.39026044127147,166.74993263491544,166.74993263491544,166.74993263491544,672.38,4,NY,2.5,0.12603368254228015,38.18995761604302,44.5554205735391,167.2003055604009,167.15670542952398,-21.21808982082598,False,0.014424122957905697,75.4474028808388,-19.830556040088254,1.0,17,3,ema_ribbon_bounce_short,166.74993263491544,TP3,2023-04-20 23:30:00+00:00,21.707059342814613,145.9539256092169,375,True
2023-04-23 22:00:00+00:00,21,GBP_JPY,LONG,166.809,166.4859675643205,166.9783799586474,166.9783799586474,166.9783799586474,885.52,4,NY,2.5,0.1021899793237001,47.26787639375955,54.94684300559754,166.5903855079842,166.71090109174455,52.729551122197904,False,-0.03578605598063277,33.22726556722743,18.361449201580626,0.5769230769228835,22,6,ema_ribbon_bounce_long,166.9783799586474,TP3,2023-04-24 01:45:00+00:00,16.93818714213452,149.9910347810296,225,True
2023-04-26 10:15:00+00:00,21,GBP_JPY,LONG,166.389,166.10499471805795,166.71260312804299,166.71260312804299,166.71260312804299,1012.48,4,LONDON,2.5,0.1763015640214816,37.98164606642213,54.23897341749053,166.18166804077828,166.51895946304094,-8.217881156195972,False,-0.019261806045089314,15.61569621157161,17.833195922173672,0.559585492228048,10,2,ema_ribbon_bounce_long,166.71260312804299,TP3,2023-04-26 11:30:00+00:00,32.36063241863863,327.6449311122324,75,True
2023-04-26 20:15:00+00:00,21,GBP_JPY,LONG,166.658,166.3054650631306,166.91199590187017,166.91199590187017,166.91199590187017,824.96,5,NY,2.5,0.14449795093508433,22.42072230363825,52.426503108957675,166.50770015565618,166.54090759786888,9.28487584237132,False,-0.01783707010273037,80.14265077645153,11.529984434380935,1.0,20,2,ema_ribbon_bounce_long,166.784,TIME,2023-04-27 04:15:00+00:00,12.600000000000477,103.94496000000395,480,True
2023-04-27 17:15:00+00:00,21,GBP_JPY,LONG,167.036,166.57951031852173,167.29251066555588,167.29251066555588,167.29251066555588,639.37,5,NY,2.5,0.14575533277793637,37.231279194918535,52.88022369664043,166.84678786241872,166.65986859135623,16.7538669970412,False,-0.026692101795542017,10.032706836192267,15.42121375812826,0.8426966292136877,17,3,ema_ribbon_bounce_long,167.29251066555588,TP3,2023-04-27 18:15:00+00:00,25.651467748427066,164.00778934311813,60,True
2023-05-02 12:45:00+00:00,21,GBP_JPY,SHORT,171.375,171.73576725893238,171.049814286859,171.049814286859,171.049814286859,813.56,4,LONDON,2.5,0.1770928565704928,25.60307621838617,44.05924022077281,171.61300701867572,170.9979226781893,-3.7314694476833665,False,0.020028953584600134,68.99089411218357,-20.900701867572025,0.6292134831459472,12,1,ema_ribbon_bounce_short,171.049814286859,TP3,2023-05-02 13:30:00+00:00,32.51897102120561,264.56134064012036,45,True
2023-05-04 11:30:00+00:00,21,GBP_JPY,SHORT,169.073,169.58663556172417,168.75217303897296,168.75217303897296,168.75217303897296,576.58,3,LONDON,2.5,0.17491348051352795,14.640142932204824,46.68412794681587,169.2247226587795,169.74051634540143,-5.194007871611461,False,-0.003534998291850028,49.450311912298794,-12.272265877950872,0.2960000000000491,11,3,ema_ribbon_bounce_short,168.75217303897296,TP3,2023-05-04 13:30:00+00:00,32.08325253366192,184.9856174585879,120,True
2023-05-04 18:30:00+00:00,21,GBP_JPY,SHORT,168.544,169.3180873152592,168.1141197355614,168.1141197355614,168.1141197355614,384.97,5,NY,2.5,0.23244013221930934,26.776235168983785,46.60415894137436,168.82179391244912,169.47802963931034,-22.938113634680235,False,0.05136961376499467,38.0952380952424,-24.279391244911608,0.4117647058823529,18,3,ema_ribbon_bounce_short,168.755,TIME,2023-05-05 02:30:00+00:00,-21.09999999999843,-81.22866999999397,480,False
2023-05-05 04:30:00+00:00,21,GBP_JPY,LONG,168.92499999999998,168.82728514342347,169.09211426753694,169.09211426753694,169.09211426753694,3041.4,3,ASIAN,2.5,0.10105713376847945,30.25173265348079,55.327547323131164,168.8139481311742,169.25249136615932,8.775466009754496,False,0.009115200782386111,34.500394419583905,7.605186882580028,0.6588235294115051,4,4,ema_ribbon_bounce_long,168.82728514342347,SL,2023-05-05 05:00:00+00:00,-9.771485657651624,-297.1899647918165,30,False
2023-05-05 09:15:00+00:00,21,GBP_JPY,LONG,169.154,168.8073674172458,169.43891998992805,169.43891998992805,169.43891998992805,848.79,5,LONDON,2.5,0.15695999496401977,21.946587604724915,56.46266178312574,168.93888914449855,169.21547041248309,11.989112950297454,False,-0.010433198691382206,73.13167138423633,18.61108555014539,0.6772151898733472,9,4,ema_ribbon_bounce_long,169.43891998992805,TP3,2023-05-05 12:30:00+00:00,28.492334670641057,241.84008745093422,195,True
2023-05-08 20:00:00+00:00,21,GBP_JPY,SHORT,170.387,170.49518058473717,170.21083620537794,170.21083620537794,170.21083620537794,2742.05,4,NY,2.5,0.10558189731103071,29.409136195195465,46.26030085014821,170.49367572466025,170.12962959433386,-17.199632528922848,False,0.023417436685186352,38.410991636800446,-7.167572466025263,0.563380281690045,20,0,ema_ribbon_bounce_short,170.49518058473717,SL,2023-05-08 20:45:00+00:00,-10.818058473716974,-296.6365723785563,45,False
2023-05-08 21:45:00+00:00,21,GBP_JPY,SHORT,170.373,170.4956103278818,170.2058749099297,170.2058749099297,170.2058749099297,2395.15,3,NY,2.5,0.10106254503515526,26.831365725349922,46.252187467782214,170.47727830932527,170.149798305742,-15.595976071119821,False,0.003870631969741585,62.765957446806745,-6.927830932528423,0.15492957746473235,21,0,ema_ribbon_bounce_short,170.4956103278818,SL,2023-05-09 00:00:00+00:00,-12.261032788180158,-293.6701268260971,135,False
2023-05-10 09:00:00+00:00,21,GBP_JPY,SHORT,170.588,170.74927669805263,170.3450172497673,170.3450172497673,170.3450172497673,1802.7,4,LONDON,2.5,0.13599137511635348,27.395360538128354,43.57610462493978,170.71332640744075,170.45754167370708,-4.76250874991706,False,-0.030564566956518865,46.865998915611236,-9.632640744075616,0.6942675159237018,9,2,ema_ribbon_bounce_short,170.74927669805263,SL,2023-05-10 09:15:00+00:00,-16.127669805263167,-290.73350357947913,15,False
2023-05-10 09:30:00+00:00,21,GBP_JPY,SHORT,170.58100000000002,170.75289761167235,170.33513732250344,170.33513732250344,170.33513732250344,1674.4,4,LONDON,2.5,0.13743133874828486,24.917090119536823,44.12009213214696,170.7098649382027,170.4617328734555,-5.696644186500066,False,-0.029605192931102087,31.74960192504102,-9.98649382026997,0.8275862068963287,9,2,ema_ribbon_bounce_short,170.33513732250344,TP3,2023-05-10 12:30:00+00:00,24.586414585943643,411.67492582704034,180,True
2023-05-12 09:45:00+00:00,21,GBP_JPY,LONG,168.776,168.55412276523379,169.02880999527935,169.02880999527935,169.02880999527935,1315.79,4,LONDON,2.5,0.14090499763967057,21.33326238516015,52.33780837654836,168.62139079775608,169.0341169223578,-2.5637135873694206,False,-0.02337542595194056,39.50115039949146,12.560920224393612,0.5247524752477839,9,4,ema_ribbon_bounce_long,168.55412276523379,SL,2023-05-12 12:30:00+00:00,-22.187723476622523,-291.9438467330515,165,False
2023-05-12 18:30:00+00:00,21,GBP_JPY,LONG,168.926,168.63020813850022,169.17827446289257,169.17827446289257,169.17827446289257,977.12,3,NY,2.5,0.14363723144628773,18.536671220571233,51.179945431321414,168.80350247789943,168.97857857760255,9.327733675539207,False,-0.007897078963087549,12.58692997823205,8.749752210056272,0.20689655172417173,18,4,ema_ribbon_bounce_long,169.17827446289257,TP3,2023-05-15 00:00:00+00:00,25.227704470917892,246.50494592623292,3210,True
2023-05-16 04:00:00+00:00,21,GBP_JPY,SHORT,170.254,170.1985843246244,170.1073769301862,170.1073769301862,170.1073769301862,5260.04,3,ASIAN,2.5,0.09081153490689153,16.563100401857334,46.26474307527363,170.31433128960555,169.79046147507708,1.8402060541973242,False,0.003932570790563493,47.13004756357693,-2.5331289605560414,0.7118644067797182,4,1,ema_ribbon_bounce_short,170.1985843246244,SL,2023-05-16 04:15:00+00:00,5.5415675375598985,291.4886691026657,15,True
2023-05-17 04:00:00+00:00,21,GBP_JPY,LONG,170.41,170.1814733434931,170.53899340413648,170.53899340413648,170.53899340413648,1288.27,5,ASIAN,2.5,0.08199670206823786,27.723561181327945,53.25409792133444,170.31589800129657,170.08686170953763,5.546584678097588,False,-0.002382312705511952,17.971322012684954,5.910199870342581,0.8148148148154191,4,2,ema_ribbon_bounce_long,170.53899340413648,TP3,2023-05-17 05:15:00+00:00,12.8994405428167,166.1796226809447,75,True
2023-05-18 16:30:00+00:00,21,GBP_JPY,LONG,171.883,171.3574831351212,172.17521945801442,172.17521945801442,172.17521945801442,563.38,3,OVERLAP,2.5,0.16060972900720535,28.28617005193691,54.48748619007858,171.67803080754376,171.1706256396585,15.061322261337295,False,-0.012985772062198767,11.103732307956117,17.59691924562503,0.42857142857156244,16,3,ema_ribbon_bounce_long,171.785,TIME,2023-05-19 00:30:00+00:00,-9.800000000001319,-55.21124000000743,480,False
2023-05-19 03:30:00+00:00,21,GBP_JPY,SHORT,171.713,171.8402813958898,171.53390149113423,171.53390149113423,171.53390149113423,2321.73,4,ASIAN,2.5,0.10704925443287723,24.20485151083978,43.4321755038223,171.83301237348024,171.42838797404144,-2.2946614058128034,False,-0.0008140630766812693,73.25846667951235,-8.50123734802537,0.7368421052630989,3,4,ema_ribbon_bounce_short,171.53390149113423,TP3,2023-05-19 05:45:00+00:00,17.9099280266869,415.82017197399773,135,True
2023-05-19 19:45:00+00:00,21,GBP_JPY,SHORT,171.711,171.93584155311794,171.4537142098114,171.4537142098114,171.4537142098114,1332.81,4,NY,2.5,0.14614289509429432,14.274092033544385,45.82605071516271,171.82822666944548,171.60360358109156,-11.934570324490323,False,0.0021120017925575357,31.502669486034904,-8.22266694454754,0.11111111111095516,19,4,ema_ribbon_bounce_short,171.4537142098114,TP3,2023-05-21 22:45:00+00:00,25.728772058971273,342.91564687917503,3060,True
2023-05-22 03:45:00+00:00,21,GBP_JPY,SHORT,171.499,171.78942678224942,171.32538951097092,171.32538951097092,171.32538951097092,1043.64,3,ASIAN,2.5,0.10430524451454143,17.28787741191134,47.064269549772014,171.6344482228143,171.5952790790375,-27.81203340695697,False,0.012061036091646112,65.01348202172346,-10.044822281432175,0.15217391304361258,3,0,ema_ribbon_bounce_short,171.32538951097092,TP3,2023-05-22 07:00:00+00:00,17.361215253841586,181.18858687519233,195,True
2023-05-22 15:30:00+00:00,21,GBP_JPY,LONG,172.209,171.62349792889003,172.55759048327764,172.55759048327764,172.55759048327764,520.77,4,OVERLAP,2.5,0.18879524163880895,41.87383912062225,55.52399504374047,171.91482501417474,171.69294384647807,14.228290082544959,False,-0.04014310002205129,65.6878306878323,26.517498582526855,0.6826347305389415,15,0,ema_ribbon_bounce_long,172.453,TIME,2023-05-22 23:30:00+00:00,24.399999999999977,127.06787999999987,480,True
2023-05-23 23:00:00+00:00,21,GBP_JPY,LONG,172.07399999999998,171.9018347939079,172.22748465447322,172.22748465447322,172.22748465447322,1778.43,4,NY,2.5,0.09424232723661673,16.3742971469364,51.8084412971044,172.00084701809075,171.93945520354737,18.56845463786101,False,-0.00026165357912083,48.35694755157973,3.8152981909234995,0.45283018867928576,23,1,ema_ribbon_bounce_long,171.9018347939079,SL,2023-05-24 02:00:00+00:00,-17.21652060920746,-306.1837674703283,180,False
2023-05-24 18:30:00+00:00,21,GBP_JPY,SHORT,171.971,172.1618642634094,171.67391201361528,171.67391201361528,171.67391201361528,1588.15,4,NY,2.5,0.1660439931923595,32.94248523092049,47.88083944225643,172.01073652645772,171.96910644457827,9.973524007665446,False,-0.01908472633214757,6.294297729805262,-0.4736526457719492,0.42857142857142855,18,2,ema_ribbon_bounce_short,172.1618642634094,SL,2023-05-24 19:15:00+00:00,-19.08642634093951,-303.1210799336309,45,False
2023-05-24 23:15:00+00:00,21,GBP_JPY,LONG,172.321,171.91531369441122,172.6051664178351,172.6051664178351,172.6051664178351,739.71,5,NY,2.5,0.1595832089175525,33.95356437690507,55.30173443359821,172.13755125157155,172.01669747685048,33.23945634531924,False,-0.017779362883609325,74.35091695163328,14.844874842845002,0.8307692307692913,23,2,ema_ribbon_bounce_long,172.175,TIME,2023-05-25 07:15:00+00:00,-14.599999999998657,-107.99765999999008,480,False
2023-05-25 10:45:00+00:00,21,GBP_JPY,LONG,172.517,172.11197808210534,172.79117229765077,172.79117229765077,172.79117229765077,738.26,4,LONDON,2.5,0.1515861488253889,26.74671339997847,52.27970466153025,172.3664881305444,172.1502110917372,-2.2866765309174752,False,0.005497732612339018,21.033483953189673,12.151186945558834,0.06849315068486217,10,3,ema_ribbon_bounce_long,172.11197808210534,SL,2023-05-25 13:45:00+00:00,-40.50219178946577,-299.01148110491,180,False
2023-05-25 17:45:00+00:00,21,GBP_JPY,LONG,172.521,172.15753746436752,172.79776231700635,172.79776231700635,172.79776231700635,814.44,5,NY,2.5,0.15588115850318462,14.842846411924377,55.03586158392918,172.37319342493896,172.20682576328105,8.224256669171837,False,0.013958133165458145,91.6466645467976,11.280657506102898,0.5045045045043984,17,3,ema_ribbon_bounce_long,172.43,TIME,2023-05-26 01:45:00+00:00,-9.099999999997975,-74.11403999998352,480,False
2023-05-29 14:00:00+00:00,21,GBP_JPY,SHORT,173.079,173.34424963024412,172.9219775003515,172.9219775003515,172.9219775003515,1113.21,3,OVERLAP,2.5,0.09301124982426354,40.35308679864947,43.9171400549033,173.26210091780547,173.03754986057677,-5.053167101866052,False,0.015124667606670555,81.9148323524377,-15.410091780546509,0.45945945945927263,14,0,ema_ribbon_bounce_short,173.34424963024412,SL,2023-05-29 15:00:00+00:00,-26.52496302441136,-295.27854088404973,60,False
2023-05-30 12:00:00+00:00,21,GBP_JPY,LONG,173.811,173.30283398332392,174.1519315082506,174.1519315082506,174.1519315082506,575.26,4,LONDON,2.5,0.1849657541252994,31.723557705929448,52.39623848279389,173.5995882033098,173.3100023249775,-5.801480957617855,False,-0.036035249144938164,14.47129409273955,18.24117966902179,0.8758169934640329,12,1,ema_ribbon_bounce_long,173.30283398332392,SL,2023-05-30 14:45:00+00:00,-50.816601667608545,-292.3275827530849,165,False
2023-05-30 22:45:00+00:00,21,GBP_JPY,SHORT,173.372,173.55906623827622,173.19914652812395,173.19914652812395,173.19914652812395,1547.06,4,NY,2.5,0.10392673593802569,19.2848767249332,49.06346166812454,173.45002252315123,173.35578729981253,-25.970741470908365,False,0.010414023139232448,30.39215686274748,-4.302252315122246,0.8684210526309885,22,1,ema_ribbon_bounce_short,173.55906623827622,SL,2023-05-31 00:00:00+00:00,-18.706623827620206,-289.40269458758115,75,False
2023-05-31 18:15:00+00:00,21,GBP_JPY,LONG,173.24699999999999,172.95609039172638,173.57868043132248,173.57868043132248,173.57868043132248,984.87,4,NY,2.5,0.1833402156612459,15.616376275127111,55.29317001004619,173.08151487535537,173.19603781755018,14.303109112032075,False,-0.006056476324438023,70.71489155458029,13.048512464462192,0.537878787878752,18,2,ema_ribbon_bounce_long,172.95609039172638,SL,2023-05-31 19:00:00+00:00,-29.090960827360842,-286.50814590042876,45,False
2023-06-01 05:00:00+00:00,21,GBP_JPY,LONG,173.43,173.11091512307888,173.6339084535109,173.6339084535109,173.6339084535109,888.93,5,ASIAN,2.5,0.11945422675545292,20.29783482161055,53.06419017903588,173.27825772497604,173.22703601854926,27.069690825206294,False,-0.011933707504414026,19.150640530730104,11.674227502396661,0.8604651162793695,5,3,ema_ribbon_bounce_long,173.6339084535109,TP3,2023-06-01 06:00:00+00:00,20.391074737491625,181.26238066398432,60,True
2023-06-01 15:45:00+00:00,21,GBP_JPY,LONG,173.916,173.36906388723105,174.27802622720097,174.27802622720097,174.27802622720097,521.92,4,OVERLAP,2.5,0.19551311360049062,24.988671137185154,53.389143084874405,173.72366036426246,173.42828082907783,8.064511158474374,False,0.0017772438527908427,39.492522683192256,16.333963573754318,0.5683453237410219,15,3,ema_ribbon_bounce_long,173.787,TIME,2023-06-01 23:45:00+00:00,-12.899999999999066,-67.32767999999513,480,False
2023-06-02 15:15:00+00:00,21,GBP_JPY,LONG,174.308,173.83083715948865,174.61367790197252,174.61367790197252,174.61367790197252,596.83,3,OVERLAP,2.5,0.16733895098625748,28.392420787629234,54.340175158630935,174.12253472437155,173.8041850030908,6.316062297125313,False,0.0016712461431008657,16.0662780598761,15.64652756284488,0.33522727272722774,15,4,ema_ribbon_bounce_long,174.253,TIME,2023-06-04 23:15:00+00:00,-5.500000000000682,-32.825650000004075,3360,False
2023-06-04 23:30:00+00:00,21,GBP_JPY,LONG,174.326,174.012366560505,174.49134947038308,174.49134947038308,174.49134947038308,906.97,5,NY,2.5,0.1001747351915403,19.11538162326094,54.52233544622235,174.2052359313516,173.92516964907554,7.0239410833977445,False,0.002955975504165558,42.375886524819656,8.57640686483876,0.4216867469879188,23,6,ema_ribbon_bounce_long,174.012366560505,SL,2023-06-05 07:15:00+00:00,-31.363343949499267,-284.4561206187735,465,False
2023-06-05 22:15:00+00:00,21,GBP_JPY,SHORT,173.476,173.86757682492836,173.2764341257059,173.2764341257059,173.2764341257059,719.17,3,NY,2.5,0.11728293714705648,19.38053145835877,48.597663836723356,173.6108910125496,173.8149912542093,-1.019622513982199,False,0.0016959178252804533,72.59201409747936,-9.98910125495911,0.05555555555542397,22,0,ema_ribbon_bounce_short,173.2764341257059,TP3,2023-06-05 23:00:00+00:00,19.956864924126037,143.5237854748372,45,True
2023-06-06 22:45:00+00:00,21,GBP_JPY,SHORT,173.386,173.52523804068517,173.2710541450648,173.2710541450648,173.2710541450648,2032.82,4,NY,2.5,0.0749729274676022,21.560718030737952,45.8420645066864,173.4298936429739,173.55064209650104,14.62317980810326,False,-0.01731947644712525,43.296296296295935,-0.889364297390216,0.6857142857138216,22,1,ema_ribbon_bounce_short,173.52523804068517,SL,2023-06-07 00:15:00+00:00,-13.923804068517144,-283.0458738656302,90,False
2023-06-08 02:30:00+00:00,21,GBP_JPY,SHORT,174.073,174.02504483273287,173.88777877357904,173.88777877357904,173.88777877357904,5843.27,4,ASIAN,2.5,0.11011061321048367,11.694049218644809,44.711357761107394,174.11104786058107,173.75186222091932,14.709055373825208,False,-0.009852689176394732,13.792445176220125,-0.3047860581062878,0.7500000000002961,2,3,ema_ribbon_bounce_short,174.02504483273287,SL,2023-06-08 02:45:00+00:00,4.795516726713345,280.2149902370229,15,True
2023-06-08 11:15:00+00:00,21,GBP_JPY,LONG,174.266,173.90030595080802,174.49126419244172,174.49126419244172,174.49126419244172,773.92,4,LONDON,2.5,0.1271320962208662,23.53394100477096,54.18619117140479,174.1409329664838,173.86415951769973,2.8103766435947364,False,0.0032102741928905915,64.14728682170981,9.606703351619217,0.25641025641028753,11,3,ema_ribbon_bounce_long,174.49126419244172,TP3,2023-06-08 18:30:00+00:00,22.526710313265742,174.33871645642623,435,True
2023-06-12 04:30:00+00:00,21,GBP_JPY,SHORT,175.202,175.21773734116377,175.06722092871092,175.06722092871092,175.06722092871092,18094.56,3,ASIAN,2.5,0.08488953564454173,27.69276774455214,44.266768470776285,175.27284644971937,174.8280916379946,1.0093661332348347,False,-0.018157230090722253,18.15171924848695,-3.584644971937223,0.014084507042321179,4,0,ema_ribbon_bounce_short,175.21773734116377,SL,2023-06-12 04:45:00+00:00,-1.573734116377068,-284.7602639283184,15,False
2023-06-19 12:15:00+00:00,21,GBP_JPY,SHORT,181.63,181.56582276770632,181.36345383248664,181.36345383248664,181.36345383248664,4392.72,3,LONDON,2.5,0.14777308375667111,17.18607083284393,45.69676301744399,181.7002842272529,180.58976998545117,-11.335169283492519,False,-0.01543746845736689,31.866265653485247,-4.128422725290193,0.6605504587155676,12,0,ema_ribbon_bounce_short,181.56582276770632,SL,2023-06-19 12:30:00+00:00,6.4177232293673105,281.9126118410638,15,True
2023-06-19 15:45:00+00:00,21,GBP_JPY,SHORT,181.508,181.5764711536233,181.26890042511621,181.26890042511621,181.26890042511621,4158.42,3,OVERLAP,2.5,0.13404978744189874,20.616598093502137,47.05405367911661,181.62073637601253,180.71124165932872,-12.95855315661072,False,0.002755274830749166,65.16746294688991,-8.373637601252426,0.42028985507230854,15,0,ema_ribbon_bounce_short,181.5764711536233,SL,2023-06-19 16:00:00+00:00,-6.847115362327827,-284.7318146501128,15,False
2023-06-19 19:45:00+00:00,21,GBP_JPY,SHORT,181.404,181.5309375084619,181.2506218403842,181.2506218403842,181.2506218403842,2220.66,3,NY,2.5,0.09418907980788958,20.649186733479414,46.498429492462044,181.53797400396238,180.7974295893287,-20.248308519316538,False,0.010964581216369833,84.42954894567872,-9.897400396238254,0.09615384615377258,19,0,ema_ribbon_bounce_short,181.5309375084619,SL,2023-06-19 20:45:00+00:00,-12.69375084619071,-281.8850475410186,60,False
2023-06-21 21:45:00+00:00,21,GBP_JPY,LONG,181.121,180.73577810519015,181.32777856245397,181.32777856245397,181.32777856245397,724.43,5,NY,2.5,0.12088928122697684,30.13141425380931,54.76889096066221,180.93935875243045,180.8151776713258,31.573151770066943,False,-0.025113714601984485,69.51219512195085,14.664124756956198,0.5294117647058086,21,2,ema_ribbon_bounce_long,180.73577810519015,SL,2023-06-22 04:30:00+00:00,-38.52218948098596,-279.06629725710656,405,False
2023-06-22 05:45:00+00:00,21,GBP_JPY,SHORT,180.794,180.99915473839113,180.61862293428862,180.61862293428862,180.61862293428862,1346.67,3,ASIAN,2.5,0.10518853285568924,43.226195939809344,43.214683271453474,180.92917917930973,180.8495448206617,2.381889279260463,False,-0.007935088778220654,43.92362497236903,-10.017917930971976,0.29411764705879545,5,3,ema_ribbon_bounce_short,180.99915473839113,SL,2023-06-22 06:30:00+00:00,-20.515473839111564,-276.2757315491637,45,False
2023-06-26 09:00:00+00:00,21,GBP_JPY,SHORT,182.34300000000002,182.60382395267007,182.0002322884058,182.0002322884058,182.0002322884058,1048.65,3,LONDON,2.5,0.18588385579709474,37.51700093062037,46.128394879799295,182.49771993621448,182.1423165361717,4.718130575088253,False,-0.010121414306535681,50.384453694103435,-12.571993621446609,0.3006993006993438,9,0,ema_ribbon_bounce_short,182.0002322884058,TP3,2023-06-26 10:30:00+00:00,34.27709802511611,359.44678844038015,90,True
2023-06-26 18:15:00+00:00,21,GBP_JPY,LONG,182.53,182.24019558634893,182.77013389553426,182.77013389553426,182.77013389553426,956.19,4,NY,2.5,0.13756694776713096,28.410712011503705,53.15234269320614,182.40696915156943,182.1975615189685,19.510319248499286,False,-0.009448211635916803,10.928672316384334,8.803084843057718,0.20930232558170278,18,0,ema_ribbon_bounce_long,182.24019558634893,SL,2023-06-26 21:00:00+00:00,-28.98044136510691,-277.1080822890158,165,False
2023-06-27 11:15:00+00:00,21,GBP_JPY,LONG,182.964,182.45600024868872,183.23118436680392,183.23118436680392,183.23118436680392,540.03,5,LONDON,2.5,0.14809218340196384,31.02495182553088,55.815424352620845,182.73858840378253,182.41505597878717,-0.7988202108947462,False,-0.01648252590000887,37.26391442881541,19.641159621747306,0.5028901734103363,11,1,ema_ribbon_bounce_long,183.23118436680392,TP3,2023-06-27 14:00:00+00:00,26.718931438769605,144.2902454487875,165,True
2023-06-28 04:00:00+00:00,21,GBP_JPY,SHORT,183.21,183.27845361147132,183.03579471018742,183.03579471018742,183.03579471018742,4028.69,4,ASIAN,2.5,0.10460264490629582,30.773756449976787,45.35146688957109,183.3200071823723,182.88319959524335,5.2791827675889635,False,0.008856073639132045,42.75461947248092,-7.5007182372303305,0.7820512820513428,4,2,ema_ribbon_bounce_short,183.27845361147132,SL,2023-06-28 04:30:00+00:00,-6.845361147131257,-275.77837999836225,30,False
2023-06-28 05:00:00+00:00,21,GBP_JPY,SHORT,183.201,183.27217917077326,183.049153782738,183.049153782738,183.049153782738,3835.68,4,ASIAN,2.5,0.09342310863100298,22.26682269537601,45.00438703251469,183.3078133600092,182.89709982295315,4.249302190063986,False,0.009507842099457854,35.77255858249864,-7.181336000920169,0.12857142857124296,5,2,ema_ribbon_bounce_short,183.27217917077326,SL,2023-06-28 05:45:00+00:00,-7.117917077326297,-273.0205217515893,45,False
2023-06-29 11:00:00+00:00,21,GBP_JPY,SHORT,182.409,182.72214064953775,182.14231240272707,182.14231240272707,182.14231240272707,863.16,3,LONDON,2.5,0.14784379863646446,26.667144987754888,46.34921213846742,182.5026957673258,182.65176050403292,-6.109833238593865,False,-0.011836156857614445,42.42693522906787,-6.469576732581572,0.30555555555568714,11,3,ema_ribbon_bounce_short,182.72214064953775,SL,2023-06-29 16:30:00+00:00,-31.31406495377575,-270.2904830550108,330,False
2023-06-29 19:45:00+00:00,21,GBP_JPY,LONG,182.727,182.48953081737415,182.90539651153983,182.90539651153983,182.90539651153983,1126.83,5,NY,2.5,0.1066982557699072,28.358419704657223,53.48043698447412,182.60074721791972,182.63950001546198,14.713465937063575,False,-0.007957096997699878,27.34688821645572,9.12527820802893,0.7555555555556608,19,3,ema_ribbon_bounce_long,182.48953081737415,SL,2023-06-29 21:00:00+00:00,-23.746918262585833,-267.58739905829594,75,False
2023-06-30 10:30:00+00:00,21,GBP_JPY,LONG,182.87,182.4568821458323,183.23557651280467,183.23557651280467,183.23557651280467,641.25,4,LONDON,2.5,0.19728825640233344,14.912782124249665,54.5591048345624,182.68744831481177,182.65336572162866,8.719576067051094,False,0.011146248346815272,73.54772670057103,15.355168518823348,0.011363636363689582,10,4,ema_ribbon_bounce_long,183.23557651280467,TP3,2023-06-30 12:30:00+00:00,36.55822138029156,234.42959460111967,120,True
2023-07-03 18:15:00+00:00,21,GBP_JPY,LONG,183.57999999999998,183.2592798417507,183.78494831238947,183.78494831238947,183.78494831238947,833.3,4,NY,2.5,0.11997415619473648,19.486028906723607,52.67380316739629,183.46567061358417,183.2054322978144,14.576364877171955,False,0.002472492271054269,17.113095238095095,7.932938641582155,0.2619047619046491,18,0,ema_ribbon_bounce_long,183.47,TIME,2023-07-04 02:15:00+00:00,-10.99999999999852,-91.66299999998768,480,False
2023-07-04 05:15:00+00:00,21,GBP_JPY,SHORT,183.436,183.54857727407588,183.3065666316192,183.3065666316192,183.3065666316192,2365.84,3,ASIAN,2.5,0.08221668419040513,22.822909984626875,46.227027526044886,183.50977216618014,183.3222664224687,4.420016463572551,False,0.004039532232725635,36.9942196531746,-3.87721661801379,0.5499999999997631,5,1,ema_ribbon_bounce_short,183.54857727407588,SL,2023-07-04 06:15:00+00:00,-11.257727407587483,-266.3398180996677,60,False
2023-07-05 03:00:00+00:00,21,GBP_JPY,SHORT,183.594,183.72048503248413,183.45703225011223,183.45703225011223,183.45703225011223,2084.64,4,ASIAN,2.5,0.08598387494388343,16.11286102483851,44.931370674883894,183.67964101269388,183.5164569567274,-1.3724351635460152,False,-0.011009735425404602,5.978576615825477,-5.064101269388743,0.030303030303186897,3,2,ema_ribbon_bounce_short,183.72048503248413,SL,2023-07-05 05:15:00+00:00,-12.648503248414046,-263.67575811773855,135,False
2023-07-05 10:15:00+00:00,21,GBP_JPY,SHORT,183.42000000000002,183.76091476644908,183.16071254320957,183.16071254320957,183.16071254320957,765.7,2,LONDON,2.5,0.14414372839521444,29.326388497304226,43.34391134282119,183.6088534395781,183.53815636549936,4.145114663691629,False,-0.012857224624500646,65.1739890870342,-15.985343957808595,0.17037037037031735,10,2,ema_ribbon_bounce_short,183.16071254320957,TP3,2023-07-05 10:45:00+00:00,25.929084307040927,198.5389985390124,30,True
2023-07-05 18:00:00+00:00,21,GBP_JPY,LONG,183.797,183.4875179350065,184.02786023343026,184.02786023343026,184.02786023343026,849.89,5,NY,2.5,0.13293011671513466,23.754650491771645,56.09612015479081,183.63520370930758,183.55817791580822,22.43986425456228,False,-0.0024731495418747265,33.438552188555235,12.679629069242537,0.7372881355929816,18,2,ema_ribbon_bounce_long,183.4875179350065,SL,2023-07-05 21:00:00+00:00,-30.948206499348885,-263.02571221731625,180,False
2023-07-05 22:15:00+00:00,21,GBP_JPY,SHORT,183.612,183.74866221349086,183.42893629768193,183.42893629768193,183.42893629768193,1905.39,3,NY,2.5,0.10903185115902514,40.56960834943556,47.326862606179844,183.66028425348398,183.5783709029105,8.704007642063516,False,-0.01570557385507427,60.85378269264188,-1.3284253483988095,0.01851851851860624,22,2,ema_ribbon_bounce_short,183.42893629768193,TP3,2023-07-05 23:00:00+00:00,18.30646630856897,348.80957839684237,45,True
2023-07-06 17:00:00+00:00,21,GBP_JPY,LONG,183.499,183.18851216205715,183.85504510582243,183.85504510582243,183.85504510582243,849.9,5,NY,2.5,0.1955225529112108,22.90127441921174,53.46234973755687,183.3602336072389,183.4277336680059,1.4582751832364238,False,-0.00020282496752601145,91.12946996276769,10.37663927610879,0.5963302752292884,17,3,ema_ribbon_bounce_long,183.18851216205715,SL,2023-07-07 00:15:00+00:00,-31.048783794284414,-263.88361346762326,435,False
2023-07-07 15:30:00+00:00,21,GBP_JPY,SHORT,182.469,183.1664841246986,182.0114249655907,182.0114249655907,182.0114249655907,374.55,3,OVERLAP,2.5,0.24328751720465072,31.016172305643348,48.275655356196374,182.70205166116656,183.1324815416983,-2.20558713084813,False,0.0001710408242921041,73.06184273900197,-20.40516611665737,0.7000000000002558,15,4,ema_ribbon_bounce_short,182.532,TIME,2023-07-09 23:30:00+00:00,-6.30000000000166,-23.596650000006218,3360,False
2023-07-10 03:45:00+00:00,21,GBP_JPY,LONG,182.948,182.6143498705675,183.19326362353667,183.19326362353667,183.19326362353667,782.28,4,ASIAN,2.5,0.14013181176832906,31.673267832790682,56.936089039400116,182.70259556144669,182.9374132165161,34.00957873029995,False,0.0005570780451591845,16.7653931704639,21.04044385533257,0.28448275862085864,3,0,ema_ribbon_bounce_long,183.19326362353667,TP3,2023-07-10 04:30:00+00:00,24.5266758777538,191.86728005649243,45,True
2023-07-11 10:00:00+00:00,21,GBP_JPY,SHORT,181.187,181.8451467248631,180.80825381526003,180.80825381526003,180.80825381526003,399.5,5,LONDON,2.5,0.20387309236998488,24.83547690477777,47.05304008142465,181.40774297722322,182.02760843827076,1.7247973994500398,False,0.01953298259248909,59.31701719639088,-19.1742977223214,0.5459770114942256,10,1,ema_ribbon_bounce_short,181.8451467248631,SL,2023-07-11 13:45:00+00:00,-65.81467248630872,-262.92961658280336,225,False
2023-07-11 21:00:00+00:00,21,GBP_JPY,LONG,181.513,181.39456415926136,181.6826557777172,181.6826557777172,181.6826557777172,2197.79,3,NY,2.5,0.10232788885859381,32.14969386935433,53.32270908889596,181.41009038146842,181.7993098468506,14.956725877121357,False,0.0020489678601947198,46.01934523808999,6.790961853158706,0.2952380952379096,21,1,ema_ribbon_bounce_long,181.39456415926136,SL,2023-07-11 22:00:00+00:00,-11.843584073864122,-260.2971064169783,60,False
2023-07-11 22:30:00+00:00,21,GBP_JPY,SHORT,181.327,181.57371906790556,181.18837489298312,181.18837489298312,181.18837489298312,1044.48,5,NY,2.5,0.08681255350843174,26.763336078437433,45.506392483256576,181.409540190822,181.77658725062543,3.1988330969966228,False,-0.018173237445855715,16.218825845518175,-4.754019082201921,0.5645161290320954,22,1,ema_ribbon_bounce_short,181.18837489298312,TP3,2023-07-12 00:00:00+00:00,13.86264342333593,144.79253802805914,90,True
2023-07-13 16:45:00+00:00,21,GBP_JPY,LONG,181.084,180.4258080029484,181.42937445040369,181.42937445040369,181.42937445040369,393.72,3,OVERLAP,2.5,0.18718722520183406,24.007535993548387,53.75809369397228,180.78947375995384,180.71892839166304,7.086567621723816,False,-0.033368326072891905,75.84643610304904,26.552624004617087,0.7289719626168547,16,3,ema_ribbon_bounce_long,180.638,TIME,2023-07-14 00:45:00+00:00,-44.599999999999795,-175.5991199999992,480,False
2023-07-14 16:30:00+00:00,21,GBP_JPY,LONG,181.826,181.11444518028773,182.18948225537412,182.18948225537412,182.18948225537412,361.72,5,OVERLAP,2.5,0.19624112768705274,23.834533330285144,51.95682880534408,181.57145665209995,181.10385030689517,0.8052809394143878,False,-0.03812309105962022,34.941725771930926,22.554334790004305,0.7040816326528482,16,4,ema_ribbon_bounce_long,181.309,TIME,2023-07-17 00:30:00+00:00,-51.699999999999584,-187.00923999999853,3360,False
2023-07-17 04:00:00+00:00,21,GBP_JPY,SHORT,181.367,181.5621506066925,181.17861362655395,181.17861362655395,181.17861362655395,1309.33,4,ASIAN,2.5,0.11169318672301681,24.109523079436077,46.02648242244703,181.51292503348563,181.2742907848458,-32.43328756562107,False,0.027381098389693825,71.38888888888681,-11.092503348564264,0.7951807228916117,4,0,ema_ribbon_bounce_short,181.17861362655395,TP3,2023-07-17 06:30:00+00:00,18.83878122458304,246.66181420783312,150,True
2023-07-17 09:15:00+00:00,21,GBP_JPY,SHORT,181.16400000000002,181.58410017295986,180.8520362744013,180.8520362744013,180.8520362744013,614.1,5,LONDON,2.5,0.1704818627993487,19.689496837960135,43.69767393639535,181.4146813298345,181.28760394748264,-13.77858614125671,False,-0.006940282353955645,24.10007518575351,-22.168132983449595,0.8556149732619598,9,0,ema_ribbon_bounce_short,180.8520362744013,TP3,2023-07-17 09:45:00+00:00,31.196880561377405,191.58004352741864,30,True
2023-07-17 16:00:00+00:00,21,GBP_JPY,LONG,181.753,181.24044913322328,182.1065938043057,182.1065938043057,182.1065938043057,507.07,3,OVERLAP,2.5,0.19129690215286255,41.00334020978928,56.292231409214054,181.48310966414664,181.32006813567114,25.724789572444706,False,-0.009622209401961318,11.497800647735218,24.089033585335073,0.44047619047607767,16,0,ema_ribbon_bounce_long,181.24044913322328,SL,2023-07-17 21:00:00+00:00,-51.25508667767065,-259.89916801646456,300,False
2023-07-18 10:00:00+00:00,21,GBP_JPY,SHORT,181.019,181.46274489180686,180.69975544139902,180.69975544139902,180.69975544139902,579.84,5,LONDON,2.5,0.17412227930049415,24.64566550742941,47.36644707637077,181.19986678481527,181.29748624344998,12.186465630713883,False,0.01503876548390358,62.875566436870564,-15.186678481526883,0.03999999999996362,10,1,ema_ribbon_bounce_short,181.46274489180686,SL,2023-07-18 10:45:00+00:00,-44.37448918068583,-257.3010380652887,45,False
2023-07-18 17:15:00+00:00,21,GBP_JPY,SHORT,181.105,181.48094182558847,180.69739426108532,180.69739426108532,180.69739426108532,677.57,4,NY,2.5,0.22130286945733013,15.562438089063702,47.365416682913676,181.21837674677752,181.2781332310447,1.8585254126833206,False,-0.020185082193253528,46.7946156390746,-7.8376746777536255,0.37931034482772985,17,1,ema_ribbon_bounce_short,181.132,TIME,2023-07-19 01:15:00+00:00,-2.7000000000015234,-18.294390000010324,480,False
2023-07-19 10:30:00+00:00,21,GBP_JPY,SHORT,180.752,181.29215958126673,180.3163301154412,180.3163301154412,180.3163301154412,471.24,4,LONDON,2.5,0.2323349422794093,19.91545858060758,47.501942055296546,180.9580896212072,181.1484184659982,1.2029294988877837,False,0.02548414423044805,22.866625369534162,-17.708962120718752,0.2947368421053277,10,2,ema_ribbon_bounce_short,180.3163301154412,TP3,2023-07-19 11:45:00+00:00,43.56791297392917,205.30943309834385,75,True
2023-07-19 21:45:00+00:00,21,GBP_JPY,LONG,180.64,180.55935603517983,180.85163703668923,180.85163703668923,180.85163703668923,3181.84,4,NY,2.5,0.12331851834462305,31.745367581512692,54.11880394379247,180.54253117057291,180.8800645691398,21.23935875663676,False,-0.00022163298062394254,35.14587186817018,6.246882942707543,0.33823529411767167,21,2,ema_ribbon_bounce_long,180.55935603517983,SL,2023-07-19 22:00:00+00:00,-8.064396482015468,-256.59619302336097,15,False
2023-07-19 23:15:00+00:00,21,GBP_JPY,LONG,180.676,180.56544677132027,180.85924580803186,180.85924580803186,180.85924580803186,2297.81,4,NY,2.5,0.10912290401592847,30.016737495037106,56.04023010859684,180.55728666824223,180.86437596985496,24.190912210974602,False,-0.010229240414261188,72.94573643410213,8.371333175776385,0.02985074626880867,23,2,ema_ribbon_bounce_long,180.56544677132027,SL,2023-07-20 00:00:00+00:00,-11.055322867971995,-254.0303143925473,45,False
2023-07-21 04:45:00+00:00,21,GBP_JPY,LONG,180.506,180.20679780626435,180.6943463565794,180.6943463565794,180.6943463565794,840.54,4,ASIAN,2.5,0.11167317828969567,29.29105195919987,55.36232331389183,180.32653295484957,180.44925290352256,32.04775797241268,False,-0.013183982807249597,40.17351898999832,14.446704515043507,0.6610169491525955,4,4,ema_ribbon_bounce_long,180.6943463565794,TP3,2023-07-21 06:00:00+00:00,18.8348597357418,158.31453002280415,75,True
2023-07-24 15:15:00+00:00,21,GBP_JPY,SHORT,181.065,181.71755035780538,180.69422481284258,180.69422481284258,180.69422481284258,387.82,3,OVERLAP,2.5,0.19988759357871252,54.79173420640609,46.304045116041856,181.38870897713323,181.38725793664204,-7.253529663802283,False,0.035970491441485564,72.69240374691792,-29.470897713324007,0.08000000000010232,15,0,ema_ribbon_bounce_short,181.435,TIME,2023-07-24 23:15:00+00:00,-37.000000000000455,-143.49340000000177,480,False
2023-07-25 21:45:00+00:00,21,GBP_JPY,LONG,181.81,181.44849864387515,182.01147173816653,182.01147173816653,182.01147173816653,696.09,4,NY,2.5,0.11823586908325959,30.71322713672327,56.42454672162011,181.6312098353489,181.4900362736583,27.179750446526896,False,-0.014278379279992537,49.69696969697455,14.379016465110794,0.0864197530864934,21,1,ema_ribbon_bounce_long,181.831,TIME,2023-07-26 05:45:00+00:00,2.0999999999986585,14.617889999990663,480,True
2023-07-26 11:00:00+00:00,21,GBP_JPY,SHORT,181.197,181.68712250437355,180.9074452751742,180.9074452751742,180.9074452751742,513.72,4,LONDON,2.5,0.15927736241290086,23.671559659154944,44.14795802226387,181.4648827360923,181.51078306824465,5.216502802812784,False,0.030829961500151437,76.2482314929025,-23.888273609230737,0.7877094972066454,11,2,ema_ribbon_bounce_short,181.305,TIME,2023-07-26 19:00:00+00:00,-10.80000000000041,-55.481760000002105,480,False
2023-07-26 19:45:00+00:00,21,GBP_JPY,LONG,181.563,181.30452128000394,181.84249028932675,181.84249028932675,181.84249028932675,971.96,5,NY,2.5,0.15724514466338257,19.129427005339995,55.73712598648289,181.42543353664635,181.47430910475654,20.026349413299727,False,-0.004446395778617759,73.59235642243713,10.25664633536394,0.299145299145295,19,2,ema_ribbon_bounce_long,181.30452128000394,SL,2023-07-26 21:00:00+00:00,-25.84787199960488,-251.23097668735957,75,False
2023-07-27 09:45:00+00:00,21,GBP_JPY,LONG,181.786,181.29983493531356,182.12087669578315,182.12087669578315,182.12087669578315,511.59,4,LONDON,2.5,0.1819383478915682,21.065440539354235,57.277667997119586,181.51174959574138,181.476601495043,2.1394111813606287,False,0.015343255394637753,47.80489530065523,24.5250404258627,0.6298342541437288,9,3,ema_ribbon_bounce_long,181.29983493531356,SL,2023-07-27 12:45:00+00:00,-48.616506468644616,-248.71718544293898,180,False
2023-07-28 11:30:00+00:00,21,GBP_JPY,LONG,178.962,178.68635161714437,179.6793679038501,179.6793679038501,179.6793679038501,893.28,3,LONDON,2.5,0.37318395192505033,26.721577861121276,56.08969902285886,178.60905795372378,179.81424217449083,8.300468982886855,False,0.014696130165755994,64.28773938287254,32.39420462762155,0.15636363636365627,11,4,ema_ribbon_bounce_long,179.6793679038501,TP3,2023-07-28 12:15:00+00:00,71.73759345672931,640.8175748302716,45,True
2023-08-02 09:30:00+00:00,21,GBP_JPY,SHORT,182.197,182.87538058648533,181.8301654950999,181.8301654950999,181.8301654950999,372.41,3,LONDON,2.5,0.19791725245005806,34.22546852081691,43.780183240586474,182.5785185836969,182.49269056854968,3.4958635839956287,False,0.011162924494144522,72.91434755720542,-35.25185836969058,0.8129032258064764,9,2,ema_ribbon_bounce_short,181.8301654950999,TP3,2023-08-02 13:30:00+00:00,36.684435518621854,136.61650631489965,240,True
2023-08-02 15:30:00+00:00,21,GBP_JPY,SHORT,182.03900000000002,182.6685891227634,181.68345145892158,181.68345145892158,181.68345145892158,403.45,4,OVERLAP,2.5,0.1922742705392216,24.361425121554813,45.65885616878184,182.30163518844032,182.42172731536922,-7.272865109268878,False,0.008635031764798767,73.2791274817175,-23.363518844030295,0.26829268292674474,15,2,ema_ribbon_bounce_short,182.258,TIME,2023-08-02 23:30:00+00:00,-21.89999999999941,-88.3555499999976,480,False
2023-08-04 03:45:00+00:00,21,GBP_JPY,LONG,181.526,181.28802666366005,181.8186414306064,181.8186414306064,181.8186414306064,1063.65,4,ASIAN,2.5,0.1638207153031907,21.64518840768278,52.7567940060069,181.35899496107328,181.70276773409464,44.633795502574,False,-0.014072301944035429,59.97410852579631,13.20050389267351,0.3287671232876499,3,4,ema_ribbon_bounce_long,181.28802666366005,SL,2023-08-04 05:00:00+00:00,-23.79733363399623,-253.12033919800095,75,False
2023-08-09 20:00:00+00:00,21,GBP_JPY,LONG,182.84,182.52668851064675,183.0161733850198,183.0161733850198,183.0161733850198,799.81,4,NY,2.5,0.10558669250989741,21.688342783238895,53.01196736713917,182.72150178368423,182.41793471352992,11.933135780756743,False,0.0010277775792747607,39.77257607885613,8.34982163157747,0.0754716981135718,20,2,ema_ribbon_bounce_long,183.0161733850198,TP3,2023-08-10 04:00:00+00:00,17.61755877102601,140.90699680654313,480,True
2023-08-10 18:30:00+00:00,21,GBP_JPY,SHORT,183.482,183.49813545908063,183.1682930454468,183.1682930454468,183.1682930454468,15617.72,3,NY,2.5,0.17435347727660022,33.11812597190063,44.632001126680095,183.54582391739308,182.98907767357525,-19.858002452909318,False,-0.03806655425005166,66.81444991789685,-2.882391739308332,0.4693877551018988,18,3,ema_ribbon_bounce_short,183.49813545908063,SL,2023-08-10 18:45:00+00:00,-1.6135459080629744,-251.99908199273275,15,False
2023-08-10 19:30:00+00:00,21,GBP_JPY,SHORT,183.481,183.50176513772078,183.20214089626734,183.20214089626734,183.20214089626734,12014.32,4,NY,2.5,0.15692955186632768,23.121653749226756,45.041186254813965,183.5532765138555,183.01296601731906,-19.40920365068166,False,-0.011427638741537828,47.860292476136884,-3.727651385551667,0.6231884057972984,19,3,ema_ribbon_bounce_short,183.50176513772078,SL,2023-08-10 19:45:00+00:00,-2.0765137720786697,-249.47900942160203,15,False
2023-08-11 10:45:00+00:00,21,GBP_JPY,LONG,183.862,183.42610816712858,184.09039213526327,184.09039213526327,184.09039213526327,566.62,5,LONDON,2.5,0.12869606763163832,17.601644518626856,57.628585055848646,183.663247593702,183.2925576961222,10.755688207552794,False,-0.0044657180796578155,82.9118726446846,16.975240629798805,0.7246376811593517,10,4,ema_ribbon_bounce_long,184.09039213526327,TP3,2023-08-11 14:15:00+00:00,22.839616604466993,129.41383560423088,210,True
2023-08-11 15:45:00+00:00,21,GBP_JPY,LONG,184.001,183.51687592504595,184.29308777155,184.29308777155,184.29308777155,512.84,5,OVERLAP,2.5,0.16054388577500045,12.210975001609594,55.09847983666964,183.81056990940274,183.40716316593856,10.926275266064067,False,-0.0013886563765837107,20.844612971680707,16.14300905972641,0.40625000000020817,15,4,ema_ribbon_bounce_long,183.874,TIME,2023-08-13 23:45:00+00:00,-12.700000000000955,-65.1306800000049,3360,False
2023-08-15 14:15:00+00:00,21,GBP_JPY,LONG,185.064,184.49986305270417,185.3802819815313,185.3802819815313,185.3802819815313,438.95,4,OVERLAP,2.5,0.1726409907656626,17.00505400086819,52.12329473322655,184.88728160419905,184.34536515943842,-0.6919623690947674,False,-0.017027223691822455,31.90144319723487,14.771839580095047,0.5678391959798622,14,1,ema_ribbon_bounce_long,184.849,TIME,2023-08-15 22:15:00+00:00,-21.50000000000034,-94.3742500000015,480,False
2023-08-16 03:30:00+00:00,21,GBP_JPY,SHORT,184.752,184.9268554073503,184.59260598438942,184.59260598438942,184.59260598438942,1410.78,3,ASIAN,2.5,0.09719700780528787,15.679760695560315,43.531150524605245,184.8820640939203,184.5863543696741,-23.28697085831095,False,0.0037591918852631773,75.11111111111941,-9.506409392028559,0.32835820895505924,3,2,ema_ribbon_bounce_short,184.9268554073503,SL,2023-08-16 06:00:00+00:00,-17.485540735029304,-246.6825115816464,150,False
2023-08-18 15:15:00+00:00,21,GBP_JPY,SHORT,184.885,185.55705405000313,184.52161296970692,184.52161296970692,184.52161296970692,363.39,4,OVERLAP,2.5,0.1961935151465261,22.20018290405352,46.4328863886449,185.13377824889406,185.4743582487925,-11.886787441474667,False,-0.004213788842701582,35.59398792868756,-21.977824889407316,0.6065573770493522,15,4,ema_ribbon_bounce_short,185.068,TIME,2023-08-20 23:15:00+00:00,-18.30000000000211,-66.50037000000768,3360,False
2023-08-21 03:15:00+00:00,21,GBP_JPY,LONG,185.237,185.07706423346096,185.45464520248714,185.45464520248714,185.45464520248714,1522.81,5,ASIAN,2.5,0.1263226012435765,18.765700327247895,53.0301979815739,185.12773571305004,185.32956099301308,15.330455625516493,False,0.0028668672237282325,23.295454545452344,7.426428694995479,0.014084507042321179,3,0,ema_ribbon_bounce_long,185.07706423346096,SL,2023-08-21 06:45:00+00:00,-15.993576653903574,-243.55178464330902,210,False
2023-08-24 16:30:00+00:00,21,GBP_JPY,SHORT,184.12800000000001,184.493618246749,183.88194478657658,183.88194478657658,183.88194478657658,659.47,4,OVERLAP,2.5,0.137527606711719,24.934082565918843,46.20955665553028,184.26455975638774,184.64370621452412,-11.692684141559084,False,0.008403195741885292,84.1725871452896,-10.755975638772952,0.5148514851484451,16,3,ema_ribbon_bounce_short,183.88194478657658,TP3,2023-08-24 17:45:00+00:00,24.6058944528917,162.2684921484849,75,True
2023-08-25 16:15:00+00:00,21,GBP_JPY,LONG,184.162,183.79013537113067,184.45971856879933,184.45971856879933,184.45971856879933,652.76,4,OVERLAP,2.5,0.16335928439965813,30.456280424132405,58.0327664007038,183.94969496968758,184.15894505732982,10.334297295793249,False,-0.017576726338610744,84.21961109434221,18.33050303124253,0.7068965517244168,16,4,ema_ribbon_bounce_long,184.45971856879933,TP3,2023-08-27 23:00:00+00:00,29.772312971863435,194.34175015513574,3285,True
2023-08-28 16:30:00+00:00,21,GBP_JPY,LONG,184.527,184.21728050429337,184.74496894998848,184.74496894998848,184.74496894998848,790.01,3,OVERLAP,2.5,0.12348447499424918,20.40204415474499,54.260738041996426,184.41003386323715,184.3045016909188,8.934852916965497,False,-0.0023764244194310283,67.4270341555358,8.796613676284437,0.3178294573643394,16,0,ema_ribbon_bounce_long,184.587,TIME,2023-08-29 00:30:00+00:00,6.000000000000227,47.400600000001795,480,True
2023-08-29 20:15:00+00:00,21,GBP_JPY,SHORT,184.3,184.68464216048775,184.08457795084146,184.08457795084146,184.08457795084146,637.36,4,NY,2.5,0.12521102457926947,24.47496464646143,46.37255290952341,184.49885813961527,184.5192726236161,-31.389440153998294,False,0.041757867124406114,64.23797125945013,-16.38581396152574,0.5652173913041867,20,1,ema_ribbon_bounce_short,184.68464216048775,SL,2023-08-30 03:00:00+00:00,-38.46421604877434,-245.15552740846817,405,False
2023-08-31 14:15:00+00:00,21,GBP_JPY,SHORT,184.966,185.46824284022682,184.65730605133984,184.65730605133984,184.65730605133984,483.24,5,OVERLAP,2.5,0.16884697433007834,22.04441009216508,44.20881619303905,185.23547634369228,185.17077631818174,-6.023830554994447,False,0.03478795381205535,46.09646646260112,-24.04763436922792,0.296551724137954,14,3,ema_ribbon_bounce_short,184.65730605133984,TP3,2023-08-31 14:45:00+00:00,30.8700336665061,149.17635069002407,30,True
