timestamp,strategy_id,pair,signal_direction,entry_price,sl_price,tp1_price,tp2_price,tp3_price,lot_size,confluence_score,session,spread_at_entry,atr_at_entry,adx_at_entry,rsi_at_entry,ema_50_value,ema_200_value,vwap_deviation,news_within_60min,macd_hist_at_entry,stoch_k_at_entry,distance_from_ema50_pips,candle_body_ratio,hour_of_day,day_of_week,entry_pattern,exit_price,exit_reason,exit_time,pnl_pips,pnl_dollars,hold_time_minutes,win
2021-01-08 04:00:00+00:00,21,GBP_AUD,SHORT,1.74615,1.7494565462600846,1.7440666710104311,1.7440666710104311,1.7440666710104311,302430.37,4,ASIAN,2.0,0.0011916644947844214,15.09745090991974,43.643232111145444,1.7477989530354692,1.750004521646901,-44.55774385838884,False,-6.379261527175831e-05,24.61484593837479,-13.489530354691137,0.2878787878788261,4,4,ema_ribbon_bounce_short,1.7440666710104311,TP3,2021-01-08 06:30:00+00:00,20.833290584552138,630.0619779803619,150,True
2021-01-12 22:30:00+00:00,21,GBP_AUD,SHORT,1.7575100000000001,1.7594974329174666,1.7548596838869917,1.7548596838869917,1.7548596838869917,506331.87,3,NY,2.0,0.0014751580565042683,53.37503726722739,42.19405606576943,1.7591308629447486,1.7558070034526645,-25.22301738122179,False,-8.429961865848157e-06,64.49362740799313,-13.208629447485354,0.11450381679397206,22,1,ema_ribbon_bounce_short,1.7594974329174666,SL,2021-01-13 00:45:00+00:00,-19.87432917466503,-1006.30062560037,135,False
2021-01-14 03:30:00+00:00,21,GBP_AUD,SHORT,1.76089,1.7628470821489457,1.7591227002155843,1.7591227002155843,1.7591227002155843,509042.31,3,ASIAN,2.0,0.0010336498922078861,26.362825874266065,46.140411726037215,1.7619037266867226,1.760277549204777,-24.222303523229183,False,-2.5435657469069777e-05,45.58926684602849,-7.137266867225378,0.1746031746032865,3,3,ema_ribbon_bounce_short,1.7591227002155843,TP3,2021-01-14 05:15:00+00:00,17.672998191339413,899.6303823945237,105,True
2021-01-14 10:45:00+00:00,21,GBP_AUD,SHORT,1.75812,1.7618610007225977,1.7556914652430486,1.7556914652430486,1.7556914652430486,268707.22,3,LONDON,2.0,0.0013342673784756288,22.145591485703008,45.680629854788336,1.7597944477626903,1.7599359749524954,-10.308972312822462,False,-1.2606212254219484e-05,68.28098615332586,-14.344477626904162,0.6081081081082217,10,3,ema_ribbon_bounce_short,1.7618610007225977,SL,2021-01-14 14:30:00+00:00,-37.41000722597754,-1005.2339041872335,225,False
2021-01-15 11:15:00+00:00,21,GBP_AUD,LONG,1.7631000000000001,1.7599397739112224,1.7652125659957365,1.7652125659957365,1.7652125659957365,314908.35,5,LONDON,2.0,0.0011762829978681564,20.884487714360162,52.13756348553367,1.761938718441482,1.760424152789522,-1.9124192791042383,False,-0.00013869127612922507,81.88877745296291,9.212815585180056,0.0,11,4,ema_ribbon_bounce_long,1.7652125659957365,TP3,2021-01-15 14:15:00+00:00,21.125660628214984,665.2646931091144,180,True
2021-01-15 19:15:00+00:00,21,GBP_AUD,SHORT,1.76092,1.7631841533347472,1.7582232037073389,1.7582232037073389,1.7582232037073389,442476.32,4,NY,2.0,0.001498398146330582,22.744023649259255,44.80689197596872,1.762125960079562,1.7609592775953047,-18.209492622165424,False,-8.708881680971793e-05,57.65794476126896,-9.05960079562007,0.01941747572806953,19,4,ema_ribbon_bounce_short,1.7631841533347472,SL,2021-01-15 21:45:00+00:00,-22.64153334747165,-1001.8342354746538,150,False
2021-01-18 03:00:00+00:00,21,GBP_AUD,LONG,1.76497,1.7614767542289034,1.7671082346197617,1.7671082346197617,1.7671082346197617,283923.88,4,ASIAN,2.0,0.0012191173098809408,18.429171974702076,55.47396731880924,1.7634921002062585,1.7617099371778087,12.480704431585554,False,-0.00012794924116238762,51.237501237497575,11.778997937414992,0.42666666666648506,3,0,ema_ribbon_bounce_long,1.76564,TIME,2021-01-18 11:00:00+00:00,6.700000000001705,190.2289996000484,480,True
2021-01-18 14:30:00+00:00,21,GBP_AUD,SHORT,1.76378,1.765086574146141,1.761742864562425,1.761742864562425,1.761742864562425,760552.45,3,OVERLAP,2.0,0.001138567718787483,24.201772330027996,44.11474087208982,1.7645560314317916,1.7628432075751344,-7.741537592222958,False,-0.00016506597936277772,54.66067958320634,-5.360314317917059,0.058139534883838016,14,0,ema_ribbon_bounce_short,1.765086574146141,SL,2021-01-18 15:00:00+00:00,-13.06574146141104,-993.7181679542747,30,False
2021-01-18 23:30:00+00:00,21,GBP_AUD,SHORT,1.76667,1.7670835460740164,1.764584543591372,1.764584543591372,1.764584543591372,2378890.9,4,NY,2.0,0.0011927282043138806,22.98397251614061,45.33547274387638,1.767043373277948,1.7643057025128337,10.628222067876614,False,-0.00021374342107126365,24.387541518948847,-0.7337327794809667,0.7611940298505682,23,0,ema_ribbon_bounce_short,1.7670835460740164,SL,2021-01-18 23:45:00+00:00,-4.135460740164465,-983.780992208451,15,False
2021-01-19 06:15:00+00:00,21,GBP_AUD,SHORT,1.76383,1.766402043364977,1.762075934428167,1.762075934428167,1.762075934428167,378665.15,4,ASIAN,2.0,0.0010270327859164838,23.241026561544896,44.47791847329303,1.765399553031817,1.7644016123598993,-15.146426713703587,False,0.0002020444681248264,66.02091294173344,-12.695530318169723,0.7356321839080783,6,1,ema_ribbon_bounce_short,1.762075934428167,TP3,2021-01-19 08:00:00+00:00,17.54065618155447,664.2035204086752,105,True
2021-01-20 17:30:00+00:00,21,GBP_AUD,SHORT,1.76343,1.7688226270109508,1.760473150067325,1.760473150067325,1.760473150067325,181838.13,2,NY,2.0,0.001628424966337558,35.29934352017118,42.809703302509995,1.7664590788947243,1.7668065297448499,-31.059511462041556,False,0.0002169429935596507,74.12314385105276,-27.290788947242905,0.5801526717555635,17,2,ema_ribbon_bounce_short,1.760473150067325,TP3,2021-01-21 01:00:00+00:00,29.568500952839937,537.6680920167632,450,True
2021-01-21 10:30:00+00:00,21,GBP_AUD,LONG,1.7663200000000001,1.7629577370447567,1.768810158242268,1.768810158242268,1.768810158242268,293243.54,4,LONDON,2.0,0.0013650791211339802,41.429627141588426,55.366900217062984,1.7641860572413448,1.7649374729410154,-12.695831357274479,False,-0.00020689336877513747,14.342039929405127,18.93942758655287,0.6292134831461571,10,3,ema_ribbon_bounce_long,1.768810158242268,TP3,2021-01-21 14:45:00+00:00,24.901583271855895,730.2228430243805,255,True
2021-01-21 18:15:00+00:00,21,GBP_AUD,LONG,1.76892,1.764339387539905,1.771361723038234,1.771361723038234,1.771361723038234,216840.9,4,NY,2.0,0.0013708615191169015,36.646576323944075,54.67143149655741,1.7666200171375084,1.7655348920677427,15.99142774572293,False,-4.979818954582585e-05,15.488651930770539,19.999828624917004,0.43010752688186676,18,3,ema_ribbon_bounce_long,1.76981,TIME,2021-01-22 02:15:00+00:00,8.900000000000572,192.98840100001243,480,True
2021-01-22 17:15:00+00:00,21,GBP_AUD,LONG,1.77176,1.7678507958354155,1.774470722163763,1.774470722163763,1.774470722163763,254577.14,4,NY,2.0,0.0015053610818814294,29.229869175100646,56.228101644259894,1.7701908112382005,1.768148827837458,12.876921096323102,False,0.0001280183264885372,50.577321837830425,12.69188761799489,0.5072463768117225,17,4,ema_ribbon_bounce_long,1.774470722163763,TP3,2021-01-22 19:15:00+00:00,27.107222702424036,690.0879228926183,120,True
2021-01-25 19:00:00+00:00,21,GBP_AUD,LONG,1.77383,1.7704966589318956,1.7762387980970193,1.7762387980970193,1.7762387980970193,300627.77,4,NY,2.0,0.0013543990485096306,31.396411698540977,54.00893140030575,1.7723487423476043,1.7707582525729906,13.500542445741281,False,-0.00014005845707326084,49.257215619695614,11.812576523957397,0.7215189873416583,19,0,ema_ribbon_bounce_long,1.7704966589318956,SL,2021-01-25 22:00:00+00:00,-33.33341068104456,-1002.0948919536609,180,False
2021-01-26 19:15:00+00:00,21,GBP_AUD,SHORT,1.77213,1.7740237843562188,1.7703378758855772,1.7703378758855772,1.7703378758855772,523857.92,4,NY,2.0,0.001046062057211389,14.531623199827452,46.05359654641748,1.7730203797741875,1.7722973346293704,-3.4994915950692373,False,-9.043183633134836e-05,11.567831213097856,-5.903797741875216,0.12121212121226393,19,1,ema_ribbon_bounce_short,1.7740237843562188,SL,2021-01-27 01:45:00+00:00,-18.93784356218786,-992.0739337773124,390,False
2021-01-29 20:15:00+00:00,21,GBP_AUD,LONG,1.79287,1.7880210045600442,1.7960864999356847,1.7960864999356847,1.7960864999356847,202547.77,3,NY,2.0,0.0017582499678423296,28.946582997953804,55.361652936438006,1.7905102433180573,1.7879145999058599,32.76529844699949,False,-0.00011727476314646562,34.94637702796975,20.597566819426927,0.7010309278351271,20,4,ema_ribbon_bounce_long,1.7960864999356847,TP3,2021-01-31 22:00:00+00:00,32.165000944867764,651.4949213430859,2985,True
2021-02-01 12:15:00+00:00,21,GBP_AUD,LONG,1.7974,1.7929510335086871,1.799863828121014,1.799863828121014,1.799863828121014,222224.23,5,LONDON,2.0,0.0013519140605069034,24.115754495305932,53.680248918012616,1.795801838732684,1.7917073642563146,-0.7496030642539786,False,-0.00016841050390838466,34.624884800727976,13.58161267316138,0.8283582089552746,12,0,ema_ribbon_bounce_long,1.7929510335086871,SL,2021-02-01 13:45:00+00:00,-44.489664913129886,-988.6681528278307,90,False
2021-02-01 21:45:00+00:00,21,GBP_AUD,SHORT,1.79176,1.7945870053358914,1.7896876394741301,1.7896876394741301,1.7896876394741301,346225.55,4,NY,2.0,0.0011861802629349026,24.470369665527095,47.96151160942524,1.793134260046523,1.7920312141769368,-25.698561835387768,False,0.0002805822483873192,55.54789109003992,-10.742600465230012,0.5,21,0,ema_ribbon_bounce_short,1.7896876394741301,TP3,2021-02-02 01:15:00+00:00,20.723605857256928,717.5041835912001,210,True
2021-02-03 03:15:00+00:00,21,GBP_AUD,SHORT,1.79481,1.797355981578198,1.7926842219438273,1.7926842219438273,1.7926842219438273,387259.88,4,ASIAN,2.0,0.0012128890280863525,20.191266348605375,43.78769932284279,1.7964950992372053,1.7948693031878837,-21.783456825350545,False,3.153570016060822e-05,18.489788659455595,-13.850992372053117,0.88288288288291,3,2,ema_ribbon_bounce_short,1.7926842219438273,TP3,2021-02-03 07:00:00+00:00,21.257781110655593,823.2285761978752,225,True
2021-02-03 16:45:00+00:00,21,GBP_AUD,SHORT,1.79067,1.7946502989854267,1.7883892540332949,1.7883892540332949,1.7883892540332949,249777.42,4,OVERLAP,2.0,0.0012603729833525533,25.834999124729425,44.97906525086245,1.7923271034776302,1.7937177960869126,-8.176576243319467,False,4.748644660003549e-05,31.44509295286946,-14.171034776302438,0.8571428571430157,16,2,ema_ribbon_bounce_short,1.7883892540332949,TP3,2021-02-03 23:15:00+00:00,22.80746058016268,569.6788660464738,390,True
2021-02-09 16:45:00+00:00,21,GBP_AUD,LONG,1.7861,1.7836543884500373,1.7884907030643504,1.7884907030643504,1.7884907030643504,408848.9,3,OVERLAP,2.0,0.001315351532175251,27.467872346017636,53.28466389184687,1.7848298810939973,1.7866028278029984,9.158203814814136,False,-5.4528157504765934e-05,41.532507621110234,10.30118906002686,0.18461538461521643,16,1,ema_ribbon_bounce_long,1.78577,TIME,2021-02-10 00:45:00+00:00,-3.2999999999994145,-134.92013699997608,480,False
2021-02-10 23:15:00+00:00,21,GBP_AUD,LONG,1.79142,1.787865216816473,1.7932428439680461,1.7932428439680461,1.7932428439680461,280899.38,5,NY,2.0,0.001061421984022984,15.721219979079665,53.262642637318784,1.7901624099128546,1.7880311742126302,13.497238843882542,False,-0.00010831343087705825,65.65300148633268,9.575900871454657,0.6545454545456454,23,2,ema_ribbon_bounce_long,1.787865216816473,SL,2021-02-11 06:00:00+00:00,-35.547831835269776,-998.5363922871542,405,False
2021-02-12 17:45:00+00:00,21,GBP_AUD,LONG,1.78632,1.7830945290598137,1.7883899119175686,1.7883899119175686,1.7883899119175686,306482.69,3,NY,2.0,0.0011849559587843307,22.287421370507854,53.25954097493982,1.78483618134383,1.7847545976957702,4.31714436866848,False,-0.00025061953297668844,76.65302298008372,11.838186561698993,0.4777777777777531,17,4,ema_ribbon_bounce_long,1.7830945290598137,SL,2021-02-14 22:00:00+00:00,-32.254709401862144,-988.5510102651002,3135,False
2021-02-15 04:30:00+00:00,21,GBP_AUD,SHORT,1.78559,1.786213417026881,1.784230342480086,1.784230342480086,1.784230342480086,1569840.84,5,ASIAN,2.0,0.000829828759956939,38.60247265471906,45.07787672569807,1.7860511573061022,1.7852346590023802,1.5314490115270196,False,-0.00025785920769052324,37.3125085440891,-1.61157306102222,0.30909090909088704,4,0,ema_ribbon_bounce_short,1.786213417026881,SL,2021-02-15 07:30:00+00:00,-6.234170268810678,-978.6655091492783,180,False
2021-02-16 03:15:00+00:00,21,GBP_AUD,LONG,1.7877,1.7859688620520129,1.789067714745572,1.789067714745572,1.789067714745572,559677.44,4,ASIAN,2.0,0.0008338573727859077,20.43345214387315,52.737624181093395,1.7870846263324256,1.7863152401389903,-0.5044901975237437,False,-3.4034094396991803e-06,64.79021177540062,3.1537366757450336,0.10416666666687868,3,1,ema_ribbon_bounce_long,1.789067714745572,TP3,2021-02-16 05:15:00+00:00,13.677147700095109,765.4791011291118,120,True
2021-02-17 10:00:00+00:00,21,GBP_AUD,SHORT,1.78933,1.7918334727120357,1.787225273323506,1.787225273323506,1.787225273323506,390071.62,4,LONDON,2.0,0.0011723633382470654,31.9047205453982,42.816078085691515,1.790987242107555,1.7895120030672407,-3.948196583025698,False,-0.00012223826964546589,59.27567011637691,-14.172421075548947,0.47619047619040905,10,2,ema_ribbon_bounce_short,1.7918334727120357,SL,2021-02-17 13:15:00+00:00,-25.034727120356592,-976.5336564095431,195,False
2021-02-17 19:30:00+00:00,21,GBP_AUD,SHORT,1.78804,1.7913588432332517,1.7859570131713964,1.7859570131713964,1.7859570131713964,291296.77,4,NY,2.0,0.0011914934143018034,17.257385745940418,43.11335599425575,1.7898414804210627,1.7896144604143653,-19.618177811639992,False,-6.4539520027118115e-06,55.211177059140134,-15.014804210626842,0.3544303797469778,19,2,ema_ribbon_bounce_short,1.7859570131713964,TP3,2021-02-18 00:30:00+00:00,20.82986900111017,606.767355954652,300,True
2021-02-23 12:30:00+00:00,21,GBP_AUD,LONG,1.78186,1.7783141939853495,1.7839499258983256,1.7839499258983256,1.7839499258983256,274362.44,3,LONDON,2.0,0.001164962949162794,35.59038960345849,53.803287482742675,1.779999283203343,1.7809814709069094,-4.205251900262219,False,-0.00027914865217086495,10.634438025743398,16.207167966568736,0.20547945205464868,12,1,ema_ribbon_bounce_long,1.7839499258983256,TP3,2021-02-23 15:45:00+00:00,20.899259744994797,573.3971897830551,195,True
2021-02-23 22:45:00+00:00,21,GBP_AUD,LONG,1.78382,1.7802975857727066,1.785677208582529,1.785677208582529,1.785677208582529,277812.29,3,NY,2.0,0.0010786042912645354,23.180587060894567,54.97578020289054,1.7823846020347047,1.781598181430878,10.448435305010495,False,-7.175126559240392e-05,54.119138149555376,11.353979652952706,0.6896551724136875,22,1,ema_ribbon_bounce_long,1.785677208582529,TP3,2021-02-23 23:15:00+00:00,18.57208649380227,515.955387892128,30,True
2021-02-25 19:30:00+00:00,21,GBP_AUD,LONG,1.77678,1.773504552904634,1.7805628303318202,1.7805628303318202,1.7805628303318202,300334.42,4,NY,2.0,0.0020414151659100288,23.4109725176173,55.19830604038774,1.77463329821362,1.7776405143567782,24.441955308740493,False,-4.195009216261805e-05,26.84712519294221,18.46701786380134,0.7816091954022812,19,3,ema_ribbon_bounce_long,1.7805628303318202,TP3,2021-02-25 20:15:00+00:00,37.82830457774081,1136.114191493913,45,True
2021-02-25 22:45:00+00:00,21,GBP_AUD,LONG,1.77911,1.7743715278375012,1.7827966942470665,1.7827966942470665,1.7827966942470665,210002.43,2,NY,2.0,0.001993347123533317,18.57114327496302,55.26745598414562,1.7764488005430572,1.7778217609144324,41.25736205009112,False,-0.00019513730988330604,38.91798561151155,23.611994569427974,0.7567567567567514,22,3,ema_ribbon_bounce_long,1.7827966942470665,TP3,2021-02-26 00:30:00+00:00,36.866944226214166,774.2147874179445,105,True
2021-02-26 05:00:00+00:00,21,GBP_AUD,LONG,1.78307,1.7766304148358028,1.7863488570076484,1.7863488570076484,1.7863488570076484,155729.41,4,ASIAN,2.0,0.0017894285038242807,36.14583579796994,56.894051385724275,1.779760097415754,1.7786432844653914,64.97914848545783,False,-2.5027536481184512e-05,66.72587329780711,30.09902584246049,0.31410256410253035,5,4,ema_ribbon_bounce_long,1.7766304148358028,SL,2021-02-26 08:00:00+00:00,-64.3958516419718,-1002.8327982651801,180,False
2021-03-03 16:30:00+00:00,21,GBP_AUD,LONG,1.79114,1.7854426912123413,1.794941265416919,1.794941265416919,1.794941265416919,174258.5,3,OVERLAP,2.0,0.002020632708459538,22.689379493275414,54.64651459568142,1.7883648899915467,1.7881414730554033,12.071222797813697,False,-0.00023449519405650647,49.46491251815855,25.351100084531897,0.21875000000001626,16,2,ema_ribbon_bounce_long,1.794941265416919,TP3,2021-03-03 22:15:00+00:00,38.012656350585075,662.402847666843,345,True
2021-03-04 20:45:00+00:00,21,GBP_AUD,LONG,1.79783,1.7907829731500482,1.8017730720428198,1.8017730720428198,1.8017730720428198,141822.72,4,NY,2.0,0.0021215360214098603,22.91568894240256,54.60376160239688,1.7947976428688768,1.7913357333910054,29.177962657767065,False,-0.00034015081502707534,18.509571483603953,27.323571311232975,0.40875912408764803,20,3,ema_ribbon_bounce_long,1.8017730720428198,TP3,2021-03-04 23:00:00+00:00,39.43072320847974,559.2172416993724,135,True
2021-03-05 12:30:00+00:00,21,GBP_AUD,LONG,1.80164,1.7972373748826536,1.804658540534213,1.804658540534213,1.804658540534213,228277.59,4,LONDON,2.0,0.0016292702671065991,31.19611266839976,50.7403263897377,1.8007580141139643,1.7959393265907264,-5.631020774217177,False,-6.028296488121103e-05,64.22173731240406,6.419858860355898,0.1647058823527107,12,4,ema_ribbon_bounce_long,1.804658540534213,TP3,2021-03-05 13:30:00+00:00,30.18540666444269,689.0651886528916,60,True
2021-03-08 04:15:00+00:00,21,GBP_AUD,SHORT,1.79568,1.7998495002613355,1.7933000731540438,1.7933000731540438,1.7933000731540438,242693.67,3,ASIAN,2.0,0.0013399634229779888,20.741590782818534,42.2075898061783,1.7979669656286994,1.797242419736243,-44.80211049667337,False,0.00010513405755793194,54.01307321930877,-19.869656286994886,0.4174757281554528,4,0,ema_ribbon_bounce_short,1.7998495002613355,SL,2021-03-08 07:45:00+00:00,-41.69500261335556,-1011.9113204894854,210,False
2021-03-08 16:45:00+00:00,21,GBP_AUD,LONG,1.80445,1.799421027232326,1.8079375896032228,1.8079375896032228,1.8079375896032228,199204.14,4,OVERLAP,2.0,0.0018637948016113556,34.45165558790967,54.60989622708742,1.8024868468566448,1.799371269330216,0.4697043974810633,False,-0.0002038572046929527,72.66985563566733,17.231531433552494,0.728476821192168,16,0,ema_ribbon_bounce_long,1.8079375896032228,TP3,2021-03-08 20:45:00+00:00,34.87589778298868,694.7423224588167,240,True
2021-03-09 04:15:00+00:00,21,GBP_AUD,LONG,1.80856,1.8031332877137236,1.8115420802351057,1.8115420802351057,1.8115420802351057,185884.12,5,ASIAN,2.0,0.0016410401175528766,21.534090923917386,53.472320283126464,1.8066103266872786,1.8021515096661247,30.01104531511478,False,-0.00020100721620664483,51.682539682540956,16.49673312721367,0.6168224299064877,4,1,ema_ribbon_bounce_long,1.8031332877137236,SL,2021-03-09 09:00:00+00:00,-54.26712286276335,-1008.7396378276648,285,False
2021-03-10 04:45:00+00:00,21,GBP_AUD,LONG,1.80457,1.801840970623235,1.8065793615986578,1.8065793615986578,1.8065793615986578,365936.78,4,ASIAN,2.0,0.0011546807993289391,36.5171332864885,55.82927464764346,1.802876812625207,1.8025554013111362,13.810686274855488,False,-2.551023989705119e-05,23.76556884753474,13.931873747929924,0.6493506493504434,4,2,ema_ribbon_bounce_long,1.8065793615986578,TP3,2021-03-10 08:15:00+00:00,20.093616535679075,735.2993333621157,210,True
2021-03-10 16:45:00+00:00,21,GBP_AUD,SHORT,1.80012,1.8042073203179425,1.7973095078156198,1.7973095078156198,1.7973095078156198,246128.31,4,OVERLAP,2.0,0.0015252460921900703,24.877205510530715,43.28994540303767,1.802215454855524,1.8026110890874436,-14.871316579891936,False,0.000165881638214568,36.607170669410145,-18.554548555240746,0.954545454545448,16,2,ema_ribbon_bounce_short,1.80193,TIME,2021-03-11 00:45:00+00:00,-18.100000000000893,-445.492241100022,480,False
2021-03-11 04:30:00+00:00,21,GBP_AUD,SHORT,1.79927,1.802317035795997,1.7976102352059014,1.7976102352059014,1.7976102352059014,328696.6,4,ASIAN,2.0,0.0009798823970492694,34.15582705846198,45.05859167650011,1.8006624426196531,1.8018244109304624,-17.738271764879965,False,-2.462023066757325e-05,78.60205032618636,-10.924426196532444,0.8318584070797347,4,3,ema_ribbon_bounce_short,1.7976102352059014,TP3,2021-03-11 06:15:00+00:00,16.597648445939168,545.5590612175488,105,True
2021-03-11 16:00:00+00:00,21,GBP_AUD,LONG,1.79883,1.79695709176363,1.8015787975979551,1.8015787975979551,1.8015787975979551,537669.64,3,OVERLAP,2.0,0.0014943987989776296,41.69516195450612,55.46854047009896,1.7974481966390585,1.799830929801166,21.68474478350335,False,0.0002640853777073892,31.46707037171143,11.418033609413847,0.1315789473685133,16,3,ema_ribbon_bounce_long,1.79695709176363,SL,2021-03-11 17:30:00+00:00,-18.729082363699856,-1007.0058972020851,90,False
2021-03-11 17:30:00+00:00,21,GBP_AUD,SHORT,1.7966900000000001,1.7996933103061643,1.7943503674004628,1.7943503674004628,1.7943503674004628,331945.67,4,NY,2.0,0.0013198162997685925,22.57560544337941,46.381096737397336,1.7975126133360821,1.7997107678450661,3.6881432307200868,False,-0.00025466905096870626,18.909768944567897,-5.226133360820562,0.5897435897435216,17,3,ema_ribbon_bounce_short,1.7943503674004628,TP3,2021-03-12 01:15:00+00:00,23.39632670019685,776.6309342035731,465,True
2021-03-12 04:30:00+00:00,21,GBP_AUD,SHORT,1.79552,1.7980717749746777,1.7937937191760194,1.7937937191760194,1.7937937191760194,393726.78,4,ASIAN,2.0,0.0010131404119902729,19.413231042630716,46.7864620506082,1.7964036141076802,1.7984264153736964,-5.938430618348534,False,-3.5775214607479576e-05,12.03418803418478,-5.836141076802637,0.5942028985506873,4,4,ema_ribbon_bounce_short,1.7980717749746777,SL,2021-03-12 06:15:00+00:00,-25.517749746777337,-1004.7021440644459,105,False
2021-03-12 10:15:00+00:00,21,GBP_AUD,SHORT,1.79595,1.7986407810231118,1.793325098776896,1.793325098776896,1.793325098776896,369652.94,3,LONDON,2.0,0.0014324506115519213,28.39981695840938,44.662767284210304,1.797060678008023,1.7982242470515952,-17.703836383886618,False,-0.0002934069960453925,17.72936529151222,-8.706780080229848,0.656934306569388,10,4,ema_ribbon_bounce_short,1.793325098776896,TP3,2021-03-12 12:45:00+00:00,26.24901294113765,970.3024805789579,150,True
2021-03-12 17:30:00+00:00,21,GBP_AUD,SHORT,1.79257,1.797173229892207,1.789662284916329,1.789662284916329,1.789662284916329,218185.53,5,NY,2.0,0.0016038575418354714,16.148782473440242,45.93854137177288,1.7944823853487935,1.79705570268428,-17.24343704177622,False,0.00014169029158773473,81.12531545037955,-16.12385348793488,0.1495327102802982,17,4,ema_ribbon_bounce_short,1.79386,TIME,2021-03-15 00:30:00+00:00,-12.900000000000132,-281.4593337000029,3300,False
2021-03-15 09:45:00+00:00,21,GBP_AUD,LONG,1.79832,1.7951390865978456,1.8005580723127175,1.8005580723127175,1.8005580723127175,314860.37,5,LONDON,2.0,0.0012390361563588113,37.02407398307812,52.17139353317084,1.7970447837283188,1.7966854226874291,0.5915333742945172,False,-0.0002886977852983964,33.332053221045044,10.352162716811275,0.7058823529410843,9,0,ema_ribbon_bounce_long,1.8005580723127175,TP3,2021-03-15 12:00:00+00:00,22.38072383798977,704.6802988497279,135,True
2021-03-16 10:15:00+00:00,21,GBP_AUD,SHORT,1.78914,1.7936128964380886,1.7866509482135806,1.7866509482135806,1.7866509482135806,225489.32,4,LONDON,2.0,0.0013645258932096429,23.05811661492181,44.25347711538369,1.7908478093041102,1.793890167674386,-10.974059308721529,False,8.313222562238617e-05,50.544905928293055,-14.678093041102791,0.6068965517241527,10,1,ema_ribbon_bounce_short,1.7936128964380886,SL,2021-03-16 13:30:00+00:00,-44.7289643808868,-1008.5903762550387,195,False
2021-03-16 14:45:00+00:00,21,GBP_AUD,LONG,1.79279,1.7903488227705453,1.7957252934540706,1.7957252934540706,1.7957252934540706,409025.8,3,OVERLAP,2.0,0.0015876467270352637,28.1853280425615,56.619991426688365,1.7911070609509832,1.7934383605970918,15.707268463867052,False,0.0002125049279636111,47.724084883037314,14.429390490169336,0.3354430379747912,14,1,ema_ribbon_bounce_long,1.79433,TIME,2021-03-16 22:45:00+00:00,15.399999999998748,629.8997319999488,480,True
2021-03-17 15:30:00+00:00,21,GBP_AUD,LONG,1.80033,1.7957109893131924,1.8027104451203024,1.8027104451203024,1.8027104451203024,217536.51,5,OVERLAP,2.0,0.0013102225601512388,34.528301006438056,54.11384003237343,1.7986534393009417,1.795792567764331,2.6278798897982902,False,-0.00019791426060066734,69.60403564597773,14.365606990582869,0.7857142857141611,15,2,ema_ribbon_bounce_long,1.7957109893131924,SL,2021-03-17 18:00:00+00:00,-46.190106868075894,-1004.8034644608261,150,False
2021-03-18 16:15:00+00:00,21,GBP_AUD,SHORT,1.78764,1.7910358110526066,1.7841928549980133,1.7841928549980133,1.7841928549980133,292936.03,4,OVERLAP,2.0,0.001843572500993268,18.09314871055337,46.5419590685667,1.78834016468308,1.7909305483597333,-10.446954016682941,False,-0.0003469301090729344,15.194825717501056,-4.6016468308018865,0.0944881889764812,16,3,ema_ribbon_bounce_short,1.7910358110526066,SL,2021-03-18 18:00:00+00:00,-33.958110526066676,-994.7554083807184,105,False
2021-03-18 23:00:00+00:00,21,GBP_AUD,LONG,1.79492,1.7894155113466086,1.7978379798083608,1.7978379798083608,1.7978379798083608,178909.96,5,NY,2.0,0.0016089899041803895,37.1550832365689,58.51589803711407,1.7919600295258284,1.791527419315715,46.63341419032907,False,-0.00021910582452060743,48.7114945914513,26.59970474171658,0.02222222222237025,23,3,ema_ribbon_bounce_long,1.7978379798083608,TP3,2021-03-19 01:15:00+00:00,29.17979971458399,522.0556799744234,135,True
2021-03-19 18:15:00+00:00,21,GBP_AUD,SHORT,1.79001,1.7942704035260149,1.7872921976248068,1.7872921976248068,1.7872921976248068,232379.03,5,NY,2.0,0.001508901187596558,16.374536780031544,45.936571194675615,1.7922282541971761,1.7927432586256895,-18.414389261878217,False,0.0003103605845252875,69.95972929211963,-19.182541971760614,0.6511627906976564,18,4,ema_ribbon_bounce_short,1.7942704035260149,SL,2021-03-21 21:00:00+00:00,-42.604035260147555,-990.0284387838886,3045,False
2021-03-22 16:45:00+00:00,21,GBP_AUD,SHORT,1.78808,1.7923509382539946,1.7854620078168042,1.7854620078168042,1.7854620078168042,229487.78,5,OVERLAP,2.0,0.0014289960915979004,25.17016869395702,47.27037544338249,1.7899179203667932,1.7916287310066477,-17.212998915765443,False,0.0003747539070258969,83.62075258605314,-15.979203667932929,0.6666666666669134,16,0,ema_ribbon_bounce_short,1.79186,TIME,2021-03-23 00:45:00+00:00,-37.80000000000116,-867.4638084000268,480,False
2021-03-23 11:30:00+00:00,21,GBP_AUD,LONG,1.79715,1.792452515515051,1.7999370197724638,1.7999370197724638,1.7999370197724638,206802.92,4,LONDON,2.0,0.0015135098862319083,26.68120539356464,52.735224536657334,1.7955093748889417,1.7929831828752025,4.50094311965854,False,-0.0002397630396380049,59.21914828989791,14.006251110583179,0.6308724832214405,11,1,ema_ribbon_bounce_long,1.7999370197724638,TP3,2021-03-23 18:45:00+00:00,27.870199072307063,576.3638549134392,435,True
2021-03-24 22:30:00+00:00,21,GBP_AUD,LONG,1.8042799999999999,1.8004350232786308,1.8062625818584819,1.8062625818584819,1.8062625818584819,254154.24,4,NY,2.0,0.00114129092924097,30.599949331993688,58.56259474410394,1.8024380889906069,1.799608305787455,32.05042331571928,False,-5.330963622172838e-05,39.51540331338992,15.419110093930488,0.09473684210518196,22,2,ema_ribbon_bounce_long,1.8004350232786308,SL,2021-03-25 02:00:00+00:00,-38.44976721369075,-977.2171364372491,210,False
2021-03-25 04:00:00+00:00,21,GBP_AUD,SHORT,1.80099,1.8026255689628008,1.7992168823847432,1.7992168823847432,1.7992168823847432,591503.62,3,ASIAN,2.0,0.0010365588076284241,42.1093271412209,46.14589328869078,1.8018968751394537,1.8000144880107602,4.102762782633995,False,3.329870398528832e-05,84.21942715918772,-6.0687513945367755,0.5352112676057087,4,3,ema_ribbon_bounce_short,1.8026255689628008,SL,2021-03-25 04:30:00+00:00,-16.355689628007042,-967.4449622562619,30,False
2021-03-28 22:45:00+00:00,21,GBP_AUD,SHORT,1.80548,1.8085084777932676,1.8033163585030547,1.8033163585030547,1.8033163585030547,316254.76,3,NY,2.0,0.0012318207484725984,32.24434935738123,45.6887892024659,1.8069618796104485,1.8062324830529872,-22.09689714540497,False,5.964227619518038e-05,80.75637184079385,-11.818796104485774,0.5753424657536247,22,6,ema_ribbon_bounce_short,1.8033163585030547,TP3,2021-03-29 02:30:00+00:00,21.63641565359768,684.2619439788779,225,True
2021-03-29 10:45:00+00:00,21,GBP_AUD,LONG,1.80875,1.8053953954973134,1.8114289060078648,1.8114289060078648,1.8114289060078648,287548.99,4,LONDON,2.0,0.0014594530039323036,28.99914791701614,55.656409103880144,1.8069641568246624,1.8063021010580276,-7.534058886955464,False,-2.3553541304906765e-05,29.8420959836383,15.4584317533768,0.3600000000000977,10,0,ema_ribbon_bounce_long,1.8053953954973134,SL,2021-03-29 14:45:00+00:00,-33.54604502686653,-964.6131365969994,240,False
2021-03-31 11:15:00+00:00,21,GBP_AUD,LONG,1.80843,1.8049593079250277,1.8109658725338111,1.8109658725338111,1.8109658725338111,275151.75,4,LONDON,2.0,0.0013879362669055708,22.61313484893667,52.74101391446005,1.8071375408711716,1.8057238031179927,-2.100300372267494,False,-0.00015657510960701666,24.071478020073698,10.524591288283425,0.5179856115108293,11,2,ema_ribbon_bounce_long,1.8109658725338111,TP3,2021-03-31 14:45:00+00:00,25.358726259738457,697.7497908137992,210,True
2021-04-01 15:30:00+00:00,21,GBP_AUD,SHORT,1.81758,1.8188228136891185,1.8148693399800533,1.8148693399800533,1.8148693399800533,774005.4,4,OVERLAP,2.0,0.0014753300099733069,29.017843740152784,43.05871666143474,1.8191626355901038,1.813915254581881,-15.20227643275307,False,1.552782427631039e-05,47.06850682195019,-13.426355901038356,0.7217391304348867,15,3,ema_ribbon_bounce_short,1.8148693399800533,TP3,2021-04-01 17:30:00+00:00,27.106600549678898,2098.0655201094437,120,True
2021-04-01 19:45:00+00:00,21,GBP_AUD,SHORT,1.81551,1.8179978543484576,1.81377156989535,1.81377156989535,1.81377156989535,395089.51,4,NY,2.0,0.0010192150523249414,21.058664334377635,41.92602413752119,1.8176199792656178,1.8142545953465987,-28.777022377215467,False,0.0001710651110142802,67.60037348272668,-18.09979265617878,0.7981651376147891,19,3,ema_ribbon_bounce_short,1.81377156989535,TP3,2021-04-02 00:00:00+00:00,17.384301486508306,686.8355155996838,255,True
2021-04-02 10:30:00+00:00,21,GBP_AUD,LONG,1.8171,1.8150758690158173,1.8185882211596611,1.8185882211596611,1.8185882211596611,488996.77,4,LONDON,2.0,0.0008641105798306365,45.62741267862783,55.639952266509624,1.815904007087031,1.814753716276088,0.04555314354171003,False,7.568514023982998e-06,34.1842362693229,9.559929129689948,0.3797468354429633,10,4,ema_ribbon_bounce_long,1.8150758690158173,SL,2021-04-02 12:15:00+00:00,-20.241309841826368,-989.7935133222306,105,False
2021-04-05 10:15:00+00:00,21,GBP_AUD,LONG,1.81835,1.815984221913056,1.819745291676609,1.819745291676609,1.819745291676609,414195.9,4,LONDON,2.0,0.0008176458383045583,18.701948520537346,56.1075623088342,1.8171766872416735,1.816048598631261,-1.7909991788012114,False,-7.246082294649718e-05,38.45444270701695,9.333127583264211,0.19298245614046022,10,0,ema_ribbon_bounce_long,1.815984221913056,SL,2021-04-05 14:15:00+00:00,-23.657780869439367,-979.8955839220223,240,False
2021-04-07 11:15:00+00:00,21,GBP_AUD,LONG,1.81108,1.8073871524981957,1.8135601943216673,1.8135601943216673,1.8135601943216673,262696.1,4,LONDON,2.0,0.0013600971608335938,34.5889346168533,57.77854176330664,1.8083138625888375,1.8107788048228974,-4.772475100469631,False,-0.0001629656299908021,12.5119745707923,25.261374111624768,0.0999999999999778,11,2,ema_ribbon_bounce_long,1.8073871524981957,SL,2021-04-07 12:45:00+00:00,-36.92847501804319,-970.0966366187375,90,False
2021-04-07 21:15:00+00:00,21,GBP_AUD,SHORT,1.80407,1.8078803891783384,1.801659890881561,1.801659890881561,1.801659890881561,252046.61,4,NY,2.0,0.001355054559219496,38.91166042786068,48.06891228140212,1.8053173978829502,1.808811765671047,-24.524101183434066,False,7.951177873305302e-05,58.13854827525381,-9.473978829501739,0.011904761904840577,21,2,ema_ribbon_bounce_short,1.80271,TIME,2021-04-08 05:15:00+00:00,13.600000000000277,342.783389600007,480,True
2021-04-09 09:15:00+00:00,21,GBP_AUD,LONG,1.80041,1.797708979792119,1.8026793834654748,1.8026793834654748,1.8026793834654748,356836.83,4,LONDON,2.0,0.0012546917327374246,38.226221982124784,56.10100580271786,1.7986721781649946,1.8012537125199128,1.5617699729131296,False,-0.00023787810762483327,35.87443946188355,14.97821835005464,0.6893203883494455,9,4,ema_ribbon_bounce_long,1.797708979792119,SL,2021-04-09 10:15:00+00:00,-27.010202078809886,-963.823488746193,60,False
2021-04-09 15:15:00+00:00,21,GBP_AUD,LONG,1.8005200000000001,1.7977058622744482,1.8031452699926915,1.8031452699926915,1.8031452699926915,339068.43,4,OVERLAP,2.0,0.0014326349963456832,28.396168729924536,53.721822973894,1.7992277038627893,1.800846767561161,5.150096138841764,False,2.902413918796535e-05,24.209575429087987,10.522961372108064,0.29166666666677266,15,4,ema_ribbon_bounce_long,1.7977058622744482,SL,2021-04-09 19:45:00+00:00,-28.14137725551946,-954.1852604066693,270,False
2021-04-12 04:45:00+00:00,21,GBP_AUD,SHORT,1.79892,1.8000990771711896,1.7974154684802495,1.7974154684802495,1.7974154684802495,801171.82,4,ASIAN,2.0,0.0009022657598753241,19.672679243424945,47.67758611072751,1.7993235928816704,1.8001513418355966,-4.732965978109238,False,-0.00014291674962392916,53.115476885171496,-1.0359288167038905,0.7027027027021188,4,0,ema_ribbon_bounce_short,1.8000990771711896,SL,2021-04-12 05:45:00+00:00,-11.790771711894799,-944.6434031623271,60,False
2021-04-12 10:15:00+00:00,21,GBP_AUD,LONG,1.80244,1.7989101478159444,1.8047199815694326,1.8047199815694326,1.8047199815694326,264939.41,4,LONDON,2.0,0.001259990784716284,34.745264972092386,52.92681894201791,1.8009031671341234,1.8004923708628005,-7.483138965191927,False,-0.0002777166053384466,34.21913184408099,12.968328658766737,0.7065217391304531,10,0,ema_ribbon_bounce_long,1.8047199815694326,TP3,2021-04-12 12:00:00+00:00,22.799816554892594,604.0569946161477,105,True
2021-04-12 13:15:00+00:00,21,GBP_AUD,LONG,1.80331,1.7996304726575858,1.8055625057877276,1.8055625057877276,1.8055625057877276,255803.93,3,OVERLAP,2.0,0.0012462528938637848,18.580118923452016,51.745944447264385,1.801888732044047,1.8008299467651014,-2.1585096898002476,False,-9.298022636568411e-05,23.79284687978701,11.812679559528583,0.336956521739154,13,0,ema_ribbon_bounce_long,1.80125,TIME,2021-04-12 21:15:00+00:00,-20.599999999999504,-526.9560957999873,480,False
2021-04-19 10:15:00+00:00,21,GBP_AUD,SHORT,1.78595,1.7881561946211821,1.7832686037450711,1.7832686037450711,1.7832686037450711,424245.43,4,LONDON,2.0,0.001460698127464357,32.72464396724868,43.81054924988093,1.787712749810675,1.7858251885174448,8.765101191945401,False,-5.9616412120416535e-06,82.69182888277038,-15.22749810675128,0.11267605633798633,10,0,ema_ribbon_bounce_short,1.7881561946211821,SL,2021-04-19 10:45:00+00:00,-22.061946211822114,-935.9679857271344,30,False
2021-04-20 08:45:00+00:00,21,GBP_AUD,SHORT,1.79347,1.7969511082310345,1.7910587811017322,1.7910587811017322,1.7910587811017322,266181.98,4,LONDON,2.0,0.0013256094491338097,42.82715964215732,43.678047235986185,1.7960777229189553,1.7929567259785544,1.7185108858219778,False,0.0002564530212157141,84.03880070546815,-23.677229189553728,0.7328244274810144,8,1,ema_ribbon_bounce_short,1.7969511082310345,SL,2021-04-20 09:15:00+00:00,-34.811082310346464,-926.6082815310996,30,False
2021-04-22 10:45:00+00:00,21,GBP_AUD,SHORT,1.79491,1.799113797489429,1.7925073730107002,1.7925073730107002,1.7925073730107002,218217.51,5,LONDON,2.0,0.001321313494649941,25.850270421989784,44.24154486905271,1.7966949489236677,1.7981389507510417,1.6380770205359774,False,3.564115065286138e-05,81.75468719103681,-15.449489236676328,0.7843137254900936,10,3,ema_ribbon_bounce_short,1.7925073730107002,TP3,2021-04-22 12:15:00+00:00,24.026270994022198,524.295303090075,90,True
2021-04-22 15:45:00+00:00,21,GBP_AUD,SHORT,1.79251,1.797807902699762,1.789621360892532,1.789621360892532,1.789621360892532,174141.58,4,OVERLAP,2.0,0.00156431955373405,28.476407075791094,46.08453122270135,1.7946675226767306,1.7972320188398658,-8.871978449311868,False,2.344484850650688e-05,68.55911378878274,-19.175226767305098,0.4326923076921825,15,3,ema_ribbon_bounce_short,1.7962,TIME,2021-04-22 23:45:00+00:00,-36.89999999999971,-642.5824301999949,480,False
2021-04-25 23:00:00+00:00,21,GBP_AUD,SHORT,1.78996,1.7932903578300847,1.7879733477335085,1.7879733477335085,1.7879733477335085,275093.37,5,NY,2.0,0.0011433261332457316,13.491754930339395,49.11149127670662,1.7909518497820405,1.793774119362776,-14.972170403511065,False,0.00013754403606408468,51.50383378679218,-6.918497820405101,0.3999999999999408,23,6,ema_ribbon_bounce_short,1.7879733477335085,TP3,2021-04-26 01:45:00+00:00,19.86652338708909,546.5148868738153,165,True
2021-04-27 12:00:00+00:00,21,GBP_AUD,LONG,1.78765,1.782999088380379,1.7900223260736705,1.7900223260736705,1.7900223260736705,198159.97,2,LONDON,2.0,0.0013061630368353067,34.26906287301585,60.32445952418317,1.7844167621919271,1.786189973824814,11.842411435833977,False,-3.826703116939631e-06,38.39266284141143,29.932378080728128,0.7537688442209626,12,1,ema_ribbon_bounce_long,1.7900223260736705,TP3,2021-04-27 14:00:00+00:00,23.723261933882743,470.10008731203465,120,True
2021-04-28 19:15:00+00:00,21,GBP_AUD,SHORT,1.79001,1.7917818210476797,1.7876656743331452,1.7876656743331452,1.7876656743331452,522809.85,4,NY,2.0,0.0013221628334274494,23.216890699346806,47.84039650099427,1.7908535342510852,1.789588442020544,-6.025468322665706,False,-5.892673806380327e-05,64.40473944718485,-5.435342510851093,0.13636363636354462,19,2,ema_ribbon_bounce_short,1.7876656743331452,TP3,2021-04-28 21:00:00+00:00,23.443257116958257,1225.636573682838,105,True
2021-04-28 21:30:00+00:00,21,GBP_AUD,SHORT,1.78816,1.791545934293054,1.785734537927759,1.785734537927759,1.785734537927759,277200.26,5,NY,2.0,0.00136273103612054,42.88603718597121,40.91848927166945,1.7902178365964108,1.7895203071869636,-23.41199746089373,False,-0.0001424814432627314,38.00486006368187,-17.578365964108222,0.7679999999999375,21,2,ema_ribbon_bounce_short,1.791545934293054,SL,2021-04-29 03:00:00+00:00,-33.859342930540045,-938.5818663774863,330,False
2021-04-30 02:00:00+00:00,21,GBP_AUD,LONG,1.79492,1.7921432343182404,1.796715154912314,1.796715154912314,1.796715154912314,334632.5,4,ASIAN,2.0,0.0010475774561568604,21.597982034497267,53.279151940187155,1.7939975420295475,1.7919254104176048,7.85301199397459,False,0.00010162167293097914,75.97268379670935,6.224579704525723,0.7704918032790048,2,4,ema_ribbon_bounce_long,1.7921432343182404,SL,2021-04-30 04:15:00+00:00,-27.767656817596627,-929.1960420014404,135,False
2021-04-30 19:30:00+00:00,21,GBP_AUD,LONG,1.7931,1.7909545329069894,1.7952411774787163,1.7952411774787163,1.7952411774787163,428766.34,5,NY,2.0,0.0012205887393581883,22.06898457448549,55.98414056774499,1.7920039710789792,1.7918923629905,14.224679989525146,False,8.5898507045262e-06,60.411490249507885,7.960289210207083,0.7671232876711954,19,4,ema_ribbon_bounce_long,1.7909545329069894,SL,2021-04-30 20:30:00+00:00,-21.454670930105557,-919.9040730605756,60,False
2021-05-02 22:15:00+00:00,21,GBP_AUD,SHORT,1.79023,1.79329046095643,1.7874812717603954,1.7874812717603954,1.7874812717603954,297571.2,5,NY,2.0,0.0015243641198022444,26.12231052833617,48.300346465992575,1.7913079501640872,1.7917091228944275,-8.652804736417608,False,-0.00015463905627768047,82.14659504086454,-7.779501640872155,0.7058823529414325,22,6,ema_ribbon_bounce_short,1.7904,TIME,2021-05-03 06:15:00+00:00,-1.7000000000000348,-50.58710400000104,480,False
2021-05-03 23:00:00+00:00,21,GBP_AUD,SHORT,1.79134,1.7928676063387632,1.7901645364930026,1.7901645364930026,1.7901645364930026,595833.59,5,NY,2.0,0.0007377317534987121,23.229855372554834,47.30944937646093,1.7921246005977933,1.7919589158182254,-19.30606225166942,False,0.0001223990118637856,70.32597795061295,-4.846005977934276,0.2264150943398835,23,0,ema_ribbon_bounce_short,1.7928676063387632,SL,2021-05-04 00:15:00+00:00,-15.276063387632542,-910.199168932066,75,False
2021-05-05 11:15:00+00:00,21,GBP_AUD,SHORT,1.7978399999999999,1.8001512226993068,1.7955509485606458,1.7955509485606458,1.7955509485606458,389878.99,4,LONDON,2.0,0.0012645257196770854,21.377683295525415,42.471305486540366,1.7993990481331383,1.7972459168676633,-7.959852213867968,False,-0.00014008849658892755,19.142720176555674,-13.19048133138434,0.5769230769230638,11,2,ema_ribbon_bounce_short,1.7955509485606458,TP3,2021-05-05 14:30:00+00:00,22.89051498065939,892.4530861239352,195,True
2021-05-05 18:00:00+00:00,21,GBP_AUD,SHORT,1.79551,1.7986545881125946,1.7939180104198167,1.7939180104198167,1.7939180104198167,289392.97,3,NY,2.0,0.0009459947900915718,16.544275793388522,45.63188751065587,1.797119337656638,1.796981037377569,-12.230063650602307,False,0.00016847463432923752,60.447009314929254,-13.093376566379877,0.020408163265435594,18,2,ema_ribbon_bounce_short,1.7939180104198167,TP3,2021-05-05 20:45:00+00:00,15.919896351945932,460.7106087381798,165,True
2021-05-06 05:45:00+00:00,21,GBP_AUD,SHORT,1.79639,1.7980554464369416,1.794337196043923,1.794337196043923,1.794337196043923,549179.36,3,ASIAN,2.0,0.0011764019780385172,29.64322298911938,47.04827918336947,1.796764357000852,1.7966777116051451,-2.007422839696016,False,-0.00023300111296756633,7.49594238330396,-0.7435700085212105,0.6301369863014407,5,3,ema_ribbon_bounce_short,1.794337196043923,TP3,2021-05-06 07:00:00+00:00,20.52803993456468,1127.3575833318675,75,True
2021-05-07 09:15:00+00:00,21,GBP_AUD,LONG,1.7905200000000001,1.788437926642564,1.7924503664366198,1.7924503664366198,1.7924503664366198,444702.1,3,LONDON,2.0,0.0010851832183098788,39.60392656192268,55.177801492523706,1.7888721876505684,1.7914550216003553,-5.048559178806311,False,-0.00020073914233804816,28.20261888840378,14.078123494316586,0.38709677419367544,9,4,ema_ribbon_bounce_long,1.788437926642564,SL,2021-05-07 11:15:00+00:00,-20.820733574360425,-925.9023944058588,120,False
2021-05-10 03:30:00+00:00,21,GBP_AUD,LONG,1.7872999999999999,1.7854223868640633,1.7891230336077257,1.7891230336077257,1.7891230336077257,488196.08,3,ASIAN,2.0,0.0010615168038628539,34.88401798186643,53.00104521999139,1.7860871281042416,1.7883425274356777,17.300912643847255,False,-0.00011282066600203089,26.214404944534948,9.128718957582826,0.25862068965532425,3,0,ema_ribbon_bounce_long,1.7891230336077257,TP3,2021-05-10 05:15:00+00:00,18.230336450680856,889.9978792303507,105,True
2021-05-10 11:15:00+00:00,21,GBP_AUD,LONG,1.78985,1.7864558339084722,1.7921800587483805,1.7921800587483805,1.7921800587483805,272686.52,3,LONDON,2.0,0.0012850293741902554,33.395401381297354,54.220119875636314,1.7883418507733073,1.7885621902469675,-0.32859307056654075,False,-0.00018025301209877067,63.10077519379556,12.681492266926053,0.36521739130423536,11,0,ema_ribbon_bounce_long,1.7921800587483805,TP3,2021-05-10 12:30:00+00:00,23.300588338288037,635.3756347920348,75,True
2021-05-11 09:45:00+00:00,21,GBP_AUD,SHORT,1.80107,1.8006927482498225,1.7984699956579904,1.7984699956579904,1.7984699956579904,2470226.05,3,LONDON,2.0,0.0014200021710047566,20.55670623814261,44.96270018942001,1.8017360591475358,1.7959720447598717,-2.7847939687375423,False,-0.000190759702379208,60.88395162801125,-4.2605914753579555,0.011764705882429774,9,1,ema_ribbon_bounce_short,1.8006927482498225,SL,2021-05-11 10:00:00+00:00,3.7725175017744306,931.8971006964119,15,True
2021-05-11 15:30:00+00:00,21,GBP_AUD,LONG,1.8046200000000001,1.79908887724946,1.8078755354793392,1.8078755354793392,1.8078755354793392,170167.27,5,OVERLAP,2.0,0.0017477677396696009,24.154921664877033,53.27051722732578,1.8028646554570222,1.797510565524706,11.681078752665552,False,-3.184549290573865e-05,46.28995349358235,15.15344542977859,0.7500000000000375,15,1,ema_ribbon_bounce_long,1.80331,TIME,2021-05-11 23:30:00+00:00,-13.100000000001444,-222.91912370002456,480,False
2021-05-13 11:45:00+00:00,21,GBP_AUD,LONG,1.82148,1.8163953826224628,1.8242488891434292,1.8242488891434292,1.8242488891434292,184672.08,4,LONDON,2.0,0.0015044445717145598,16.51317266341247,52.58988937790633,1.82005801008204,1.813232183677929,0.08573731144823071,False,2.327144176647231e-05,30.692255270501292,11.819899179599247,0.03157894736839399,11,3,ema_ribbon_bounce_long,1.8163953826224628,SL,2021-05-13 13:45:00+00:00,-50.84617377537182,-938.9868671139366,120,False
2021-05-13 15:15:00+00:00,21,GBP_AUD,SHORT,1.81706,1.8193696576675562,1.8142695505163047,1.8142695505163047,1.8142695505163047,402482.6,3,OVERLAP,2.0,0.0015152247418476303,32.63590941063753,41.89393908109688,1.8190229509640141,1.8138224905446476,-19.617582211062246,False,-0.000133384603957856,60.290410429562826,-17.229509640142027,0.2868217054263392,15,3,ema_ribbon_bounce_short,1.81808,TIME,2021-05-13 23:15:00+00:00,-10.200000000000207,-410.5322520000084,480,False
2021-05-14 10:15:00+00:00,21,GBP_AUD,SHORT,1.81631,1.8186832983463515,1.814147030431662,1.814147030431662,1.814147030431662,389960.11,3,LONDON,2.0,0.0012014847841690722,17.15187291317362,45.259675431548,1.8173618921391248,1.8157320825470538,-3.694066089725556,False,3.164716046894357e-05,51.71950483092203,-8.118921391246925,0.38947368421050416,10,4,ema_ribbon_bounce_short,1.814147030431662,TP3,2021-05-14 13:45:00+00:00,21.62969623804489,843.4718724254571,210,True
2021-05-16 22:30:00+00:00,21,GBP_AUD,SHORT,1.8118100000000001,1.8157903157531239,1.8097723242405839,1.8097723242405839,1.8097723242405839,234636.26,3,NY,2.0,0.0011688378797080907,22.331363758481334,47.12308159876295,1.8132431479856603,1.8147166471054512,-24.59005022747318,False,0.0001922536035278944,34.10333866085788,-11.331479856602211,0.025974025974190757,22,6,ema_ribbon_bounce_short,1.8157903157531239,SL,2021-05-17 01:15:00+00:00,-39.80315753123742,-933.9264019320382,165,False
2021-05-17 16:00:00+00:00,21,GBP_AUD,LONG,1.81948,1.8157542695407902,1.8219670509211636,1.8219670509211636,1.8219670509211636,248162.65,4,OVERLAP,2.0,0.0013635254605818149,22.125139992519955,52.154774842788214,1.818141074590063,1.8161676052940579,4.025927967967746,False,-9.66668562043351e-05,66.92871129988963,10.989254099369461,0.21818181818185856,16,0,ema_ribbon_bounce_long,1.82072,TIME,2021-05-18 00:00:00+00:00,12.399999999999078,307.7216859999771,480,True
2021-05-18 03:00:00+00:00,21,GBP_AUD,SHORT,1.8186200000000001,1.819634543370782,1.8168042781343439,1.8168042781343439,1.8168042781343439,914366.39,3,ASIAN,2.0,0.0010578609328280855,21.853708312576963,46.596358100793,1.8192936188815232,1.817407070312653,-1.8910315749010032,False,-4.3379690578790976e-05,60.4797979798002,-3.7361888152309675,0.2063492063491784,3,1,ema_ribbon_bounce_short,1.819634543370782,SL,2021-05-18 03:15:00+00:00,-10.14543370781773,-927.6643594401613,15,False
2021-05-18 11:30:00+00:00,21,GBP_AUD,LONG,1.82085,1.8179944372665555,1.8229949791223827,1.8229949791223827,1.8229949791223827,321613.57,4,LONDON,2.0,0.0011924895611913145,19.02609955367119,53.75580196922199,1.819780264924499,1.8180807933034249,-1.735281355235152,False,-6.548453626528217e-05,49.24501424501167,8.297350755011035,0.6024096385543394,11,1,ema_ribbon_bounce_long,1.8229949791223827,TP3,2021-05-18 14:00:00+00:00,21.449791890769486,689.8544145747425,150,True
2021-05-19 20:30:00+00:00,21,GBP_AUD,LONG,1.82735,1.8234704831742712,1.8300010187081568,1.8300010187081568,1.8300010187081568,238505.54,4,NY,2.0,0.0014755093540783637,27.14618067136502,51.79426920787528,1.8263055607197645,1.8228276536476151,-3.0968184395385734,False,0.0001209062662929305,48.416771319280734,7.444392802355981,0.22413793103449595,20,2,ema_ribbon_bounce_long,1.8234704831742712,SL,2021-05-20 01:30:00+00:00,-38.79516825728846,-925.2862554595443,300,False
2021-05-20 21:45:00+00:00,21,GBP_AUD,LONG,1.82557,1.8229793613988057,1.8271679596317052,1.8271679596317052,1.8271679596317052,353593.67,4,NY,2.0,0.0009489798158525772,20.563376697953434,55.69319295134561,1.824104974897659,1.8233988480300418,24.665962556014165,False,-0.00010991041328300565,78.33333333333587,11.650251023409552,0.18823529411788062,21,3,ema_ribbon_bounce_long,1.8271679596317052,TP3,2021-05-21 01:30:00+00:00,15.979596768972565,565.0284266661151,225,True
2021-05-21 20:00:00+00:00,21,GBP_AUD,SHORT,1.8293,1.8295753795899115,1.8275195537009907,1.8275195537009907,1.8275195537009907,3346957.14,3,NY,2.0,0.0010402231495045492,19.660070559549194,45.55448444413737,1.8297338855074294,1.826796488236884,0.031407734772948004,False,-0.00022632690429901593,38.95476504171995,-1.3388550742954308,0.6538461538461648,20,4,ema_ribbon_bounce_short,1.8295753795899115,SL,2021-05-21 20:15:00+00:00,-2.7537958991152856,-921.6836846646625,15,False
2021-05-21 20:30:00+00:00,21,GBP_AUD,SHORT,1.82939,1.8295370520868421,1.8277791049768748,1.8277791049768748,1.8277791049768748,6205058.81,4,NY,2.0,0.0009554475115625977,19.89782858129351,46.26907355603337,1.8297327716660279,1.8268543751557844,0.9169025277211418,False,-0.00021360983581416324,25.8207070706994,-0.42771666027840993,0.11904761904731695,20,4,ema_ribbon_bounce_short,1.8295370520868421,SL,2021-05-21 20:45:00+00:00,-1.4705208684206992,-912.4668469882711,15,False
2021-05-23 23:15:00+00:00,21,GBP_AUD,SHORT,1.82918,1.8299582160530863,1.827264118536789,1.827264118536789,1.827264118536789,1160785.84,4,NY,2.0,0.0011079407316054945,16.31341271573043,45.979138459216024,1.8298075964575555,1.827175916505613,-1.270815892027155,False,-5.2960304427127496e-05,22.03722421882966,-3.2759645755553457,0.5454545454543314,23,6,ema_ribbon_bounce_short,1.8299582160530863,SL,2021-05-23 23:45:00+00:00,-7.782160530862558,-903.3421748832142,30,False
2021-05-24 03:30:00+00:00,21,GBP_AUD,LONG,1.83131,1.8283954152106934,1.8329780457374651,1.8329780457374651,1.8329780457374651,306839.16,4,ASIAN,2.0,0.0009840228687325652,27.012583899506257,54.02290199303683,1.8302578189900236,1.8277218377416558,12.4645083847863,False,5.2910163983874365e-06,24.031684387523725,7.52181009976427,0.5797101449275922,3,0,ema_ribbon_bounce_long,1.8283954152106934,SL,2021-05-24 06:30:00+00:00,-29.14584789306618,-894.3087484996196,180,False
2021-05-24 12:30:00+00:00,21,GBP_AUD,SHORT,1.82843,1.8306800213594916,1.8263146339971092,1.8263146339971092,1.8263146339971092,393492.12,4,LONDON,2.0,0.0011776830014453392,19.749875155893804,44.971929669557994,1.8297022072094287,1.8283084018839142,-13.456186461624497,False,-5.137881566626514e-05,55.357142857144886,-10.322072094286483,0.7472527472527901,12,0,ema_ribbon_bounce_short,1.8263146339971092,TP3,2021-05-24 14:15:00+00:00,21.1536605664954,832.3798742070676,105,True
2021-05-24 16:00:00+00:00,21,GBP_AUD,SHORT,1.82719,1.830047029571136,1.8252364546122646,1.8252364546122646,1.8252364546122646,312803.72,4,OVERLAP,2.0,0.0010967726938678195,18.35315717837703,45.24361978909356,1.8286409386911373,1.8281701132658992,-14.361959702591243,False,7.564340109177028e-05,77.88316552361746,-12.109386911371978,0.27419354838671556,16,0,ema_ribbon_bounce_short,1.8252364546122646,TP3,2021-05-24 19:15:00+00:00,19.535454501882658,611.0762840079642,195,True
2021-05-25 18:15:00+00:00,21,GBP_AUD,SHORT,1.82388,1.8267010235674608,1.8220725817543095,1.8220725817543095,1.8220725817543095,318962.32,4,NY,2.0,0.0010537091228451586,25.575966213434214,47.81386595065774,1.8248121432993762,1.8264055943457838,0.8189533197500154,False,8.305421053951718e-05,2.6932727569648294,-6.32143299376331,0.5223880597016409,18,1,ema_ribbon_bounce_short,1.8220725817543095,TP3,2021-05-26 02:00:00+00:00,18.074183023559897,576.498334929928,465,True
2021-05-26 16:45:00+00:00,21,GBP_AUD,LONG,1.8239400000000001,1.821324317477878,1.8262319855272602,1.8262319855272602,1.8262319855272602,346206.09,4,OVERLAP,2.0,0.0012659927636300267,34.20354438547176,54.97503080978006,1.822387869035907,1.8237609724280557,12.066389624643126,False,-0.00019002108632846788,17.228766692219896,13.121309640931056,0.09615384615403502,16,2,ema_ribbon_bounce_long,1.82374,TIME,2021-05-27 00:45:00+00:00,-2.000000000002,-69.24121800006925,480,False
2021-05-31 21:15:00+00:00,21,GBP_AUD,LONG,1.8365799999999999,1.83428492114921,1.8385759759809184,1.8385759759809184,1.8385759759809184,394266.54,4,NY,2.0,0.001147987990459193,38.847549972151214,56.3113222582696,1.8352713391321065,1.834607043649688,26.899827539839105,False,-2.347202718045794e-05,36.00696688931766,10.086608678934184,0.413223140495845,21,0,ema_ribbon_bounce_long,1.83428492114921,SL,2021-06-01 01:45:00+00:00,-22.950788507898334,-904.8727975280839,270,False
2021-06-01 11:30:00+00:00,21,GBP_AUD,SHORT,1.83224,1.8361430578948865,1.8297945877860888,1.8297945877860888,1.8297945877860888,229518.52,4,LONDON,2.0,0.0013427061069556589,24.094634869740258,42.842651965165736,1.8342202450103704,1.834651344946834,1.1060848670729762,False,8.805451348148558e-05,27.55254773665605,-17.402450103702893,0.04545454545464638,11,1,ema_ribbon_bounce_short,1.8297945877860888,TP3,2021-06-01 12:15:00+00:00,24.45412320456569,561.2674165809574,45,True
2021-06-02 10:30:00+00:00,21,GBP_AUD,LONG,1.83007,1.8269520032552358,1.8322788185542738,1.8322788185542738,1.8322788185542738,289107.66,3,LONDON,2.0,0.00122440927713689,35.9783254905155,56.04761533251726,1.8278420165889184,1.8298262817152124,-4.35630373266882,False,-0.00012093193995995309,25.180864021015875,19.879834110816397,0.3814432989690863,10,2,ema_ribbon_bounce_long,1.82733,TIME,2021-06-02 18:30:00+00:00,-27.400000000001864,-792.1549884000539,480,False
2021-06-03 04:00:00+00:00,21,GBP_AUD,LONG,1.8300699999999999,1.8279969368074123,1.8313524504412888,1.8313524504412888,1.8313524504412888,431012.04,5,ASIAN,2.0,0.0007912252206444211,26.17319611277184,53.48085642675515,1.8290342897417442,1.8293876554871575,2.9053662828326665,False,-2.4492970534279335e-05,21.72708768045688,7.357102582556951,0.41791044776098135,4,3,ema_ribbon_bounce_long,1.8313524504412888,TP3,2021-06-03 06:30:00+00:00,12.824504710433398,552.7515937233509,150,True
2021-06-07 22:45:00+00:00,21,GBP_AUD,LONG,1.8283,1.827373690386009,1.8294235742015161,1.8294235742015161,1.8294235742015161,970563.95,3,NY,2.0,0.0007117871007580695,33.2087747587528,55.80507155389704,1.8272727777105466,1.8300176057200213,19.512485221568898,False,-3.87195511016978e-05,58.40277777778207,7.27222289453433,0.6911764705884034,22,0,ema_ribbon_bounce_long,1.827373690386009,SL,2021-06-07 23:30:00+00:00,-9.263096139910942,-899.0427178781716,45,False
2021-06-07 23:30:00+00:00,21,GBP_AUD,LONG,1.82803,1.8274019733517035,1.829065551210179,1.829065551210179,1.829065551210179,1417220.57,3,NY,2.0,0.0006677756050894701,36.489607862092875,52.27413702894672,1.8273340021927322,1.8299525388970095,16.61274594656037,False,-6.622268257581933e-05,47.283700957456745,3.9599780726784495,0.11538461538450043,23,0,ema_ribbon_bounce_long,1.8274019733517035,SL,2021-06-07 23:45:00+00:00,-6.280266482965313,-890.0522844739996,15,False
2021-06-08 04:00:00+00:00,21,GBP_AUD,LONG,1.82861,1.8273351534617175,1.8296205624917767,1.8296205624917767,1.8296205624917767,691182.62,4,ASIAN,2.0,0.0006552812458882713,23.119729435902276,57.41206579254622,1.8275908910564314,1.8295968460832182,19.579076991411704,False,4.034272244480793e-06,46.32203389831713,7.19108943568747,0.7391304347825387,4,1,ema_ribbon_bounce_long,1.8273351534617175,SL,2021-06-08 04:30:00+00:00,-12.748465382825813,-881.1517704280849,30,False
2021-06-08 23:45:00+00:00,21,GBP_AUD,LONG,1.82897,1.8270145235680784,1.8301895098316134,1.8301895098316134,1.8301895098316134,446101.13,3,NY,2.0,0.0007597549158067052,50.04418293394218,54.6027459834752,1.8280021439540592,1.828476597113338,18.579984339226474,False,5.384941580834719e-06,42.129629629626855,6.678560459407734,0.1578947368419515,23,1,ema_ribbon_bounce_long,1.8301895098316134,TP3,2021-06-09 03:15:00+00:00,12.195098589505232,544.0247261239691,210,True
2021-06-09 10:00:00+00:00,21,GBP_AUD,LONG,1.83062,1.8278743835403477,1.832160511925022,1.832160511925022,1.832160511925022,319702.52,4,LONDON,2.0,0.0008902559625109951,18.71419172760809,55.57630041739184,1.8293266597654787,1.8288186190468607,0.3046110116700085,False,2.5695636973519127e-05,30.339050206602128,10.53340234521194,0.8124999999998612,10,2,ema_ribbon_bounce_long,1.8278743835403477,SL,2021-06-09 12:00:00+00:00,-27.456164596522115,-877.7805011042904,120,False
2021-06-09 15:15:00+00:00,21,GBP_AUD,SHORT,1.8258,1.8292546642656229,1.8235981485405284,1.8235981485405284,1.8235981485405284,251544.76,4,OVERLAP,2.0,0.0012209257297358114,38.18564085778286,43.86808110732295,1.827710378185159,1.8284202521550295,-12.477119164926442,False,0.00016349159510484126,64.62409870802209,-16.70378185158805,0.5984251968502436,15,2,ema_ribbon_bounce_short,1.82551,TIME,2021-06-09 23:15:00+00:00,2.900000000001235,72.94798040003107,480,True
2021-06-13 22:15:00+00:00,21,GBP_AUD,LONG,1.83164,1.8283609631087698,1.8333737113319466,1.8333737113319466,1.8333737113319466,265240.13,4,NY,2.0,0.0010168556659733684,25.447207273988525,52.32482267298607,1.8305514241196925,1.8282801836398828,17.294658713522537,False,-9.445097491591835e-05,74.74007497689627,7.885758803074516,0.14634146341477283,22,6,ema_ribbon_bounce_long,1.8333737113319466,TP3,2021-06-14 01:00:00+00:00,17.33711397310503,459.8498364051195,165,True
2021-06-14 12:00:00+00:00,21,GBP_AUD,SHORT,1.82705,1.8302487039535547,1.8252119366412929,1.8252119366412929,1.8252119366412929,273339.04,5,LONDON,2.0,0.0010390316793535822,27.59103827518092,45.17809608578377,1.8287658907420108,1.8287725368628334,5.5606469935032266,False,0.0003060027407698889,76.45783113095312,-14.758907420107104,0.8589743589742896,12,0,ema_ribbon_bounce_short,1.8302487039535547,SL,2021-06-14 16:15:00+00:00,-31.987039535545932,-874.3306679088171,255,False
2021-06-14 19:00:00+00:00,21,GBP_AUD,LONG,1.83033,1.828552787736423,1.8315520114342134,1.8315520114342134,1.8315520114342134,487047.82,4,NY,2.0,0.0007610057171066898,29.406053158649087,55.02179486284482,1.8293238602788775,1.8289205864947267,19.868344725821885,False,-3.24215384648513e-05,28.108555785570093,7.061397211225451,0.020833333333468255,19,0,ema_ribbon_bounce_long,1.828552787736423,SL,2021-06-14 20:45:00+00:00,-17.77212263577077,-865.5873586524808,105,False
2021-06-15 04:15:00+00:00,21,GBP_AUD,SHORT,1.8296700000000001,1.8305052282320589,1.8284117934799184,1.8284117934799184,1.8284117934799184,1025984.82,3,ASIAN,2.0,0.0007791032600408075,34.0961754663165,45.81544330926116,1.8300603534929247,1.8292582123938281,13.11479813634664,False,-0.00013541108276425833,7.256554136072815,-0.9035349292463302,0.6585365853661574,4,1,ema_ribbon_bounce_short,1.8305052282320589,SL,2021-06-15 04:30:00+00:00,-8.352282320587268,-856.931487327691,15,False
2021-06-15 10:00:00+00:00,21,GBP_AUD,LONG,1.83191,1.8291519629526936,1.8338358577795673,1.8338358577795673,1.8338358577795673,307596.37,4,LONDON,2.0,0.0010829288897837173,29.17722800450322,55.313364682498666,1.8307135374759598,1.829633104895976,1.1875846238940113,False,-9.677412939214272e-05,45.254021340976955,9.564625240401359,0.6159420289855481,10,1,ema_ribbon_bounce_long,1.8291519629526936,SL,2021-06-15 11:00:00+00:00,-27.58037047306372,-848.3621840769583,60,False
2021-06-15 17:00:00+00:00,21,GBP_AUD,LONG,1.83277,1.8292678970481422,1.8349388137080582,1.8349388137080582,1.8349388137080582,239821.2,5,NY,2.0,0.001234406854029142,32.442886883684714,55.55198922614244,1.8310126645003528,1.8298948177983712,18.92961133673765,False,1.3524907522514278e-05,20.289470597262962,14.573354996472165,0.5340909090908804,17,1,ema_ribbon_bounce_long,1.831,TIME,2021-06-16 01:00:00+00:00,-17.700000000000493,-424.48352400001187,480,False
2021-06-16 10:45:00+00:00,21,GBP_AUD,LONG,1.83241,1.8303795033876051,1.834008479168679,1.834008479168679,1.834008479168679,411541.55,5,LONDON,2.0,0.0009192395843394832,21.24790495441036,55.09429989008052,1.8315274984433974,1.8307458627751119,6.784074134560392,False,-1.809722684795047e-05,81.15616959492651,6.425015566027259,0.7619047619046612,10,2,ema_ribbon_bounce_long,1.8303795033876051,SL,2021-06-16 12:30:00+00:00,-20.304966123949605,-835.6337231347713,105,False
2021-06-16 21:30:00+00:00,21,GBP_AUD,LONG,1.83706,1.8307374150961262,1.8405036433609017,1.8405036433609017,1.8405036433609017,130844.8,4,NY,2.0,0.0018718216804508136,40.57459854493841,57.954164597909205,1.8336943074619774,1.8316300226099935,25.632871945389102,False,-0.00011480980978937337,21.636775548736548,30.656925380225797,0.4965034965034737,21,2,ema_ribbon_bounce_long,1.8307374150961262,SL,2021-06-17 01:30:00+00:00,-63.225849038737174,-827.2773572303759,240,False
2021-06-17 15:45:00+00:00,21,GBP_AUD,LONG,1.84205,1.8358563855699406,1.84515281284713,1.84515281284713,1.84515281284713,132233.71,4,OVERLAP,2.0,0.001671406423564972,25.293199092796776,52.497989370098296,1.839712163923484,1.8351680656424632,6.585480167695668,False,-0.00021507863409683304,13.551931071040897,20.978360765160353,0.3043478260869985,15,3,ema_ribbon_bounce_long,1.84426,TIME,2021-06-17 23:45:00+00:00,22.100000000000453,292.236499100006,480,True
2021-06-21 11:15:00+00:00,21,GBP_AUD,LONG,1.84688,1.8418355728951714,1.8496325266251266,1.8496325266251266,1.8496325266251266,162937.62,3,LONDON,2.0,0.00149626331256329,43.8195258076321,59.59042489675358,1.844035629393706,1.841946188990023,4.045100675609259,False,1.017887946634763e-05,50.21528785679578,26.043706062941485,0.29714285714278754,11,0,ema_ribbon_bounce_long,1.84833,TIME,2021-06-21 19:15:00+00:00,14.499999999999512,236.25954899999206,480,True
2021-06-21 21:45:00+00:00,21,GBP_AUD,LONG,1.84819,1.8447420626239663,1.849914139588656,1.849914139588656,1.849914139588656,239067.44,4,NY,2.0,0.001012069794328004,19.13531517445453,52.901178250260905,1.8469460680762309,1.843878573348435,8.072838990353937,False,2.6340026183042844e-05,74.91454562786765,9.439319237691812,0.1442307692306563,21,0,ema_ribbon_bounce_long,1.849914139588656,TP3,2021-06-22 02:15:00+00:00,17.241396607754076,412.1856549040451,270,True
2021-06-22 15:30:00+00:00,21,GBP_AUD,SHORT,1.84863,1.8499181515563274,1.8460756252471584,1.8460756252471584,1.8460756252471584,643100.9,4,OVERLAP,2.0,0.0013971873764207728,22.913362580655612,46.64034491753789,1.8493051010852082,1.846666642757079,-5.693025840114441,False,-1.3129886925404934e-06,16.384326850761607,-4.3510108520816715,0.7464788732393353,15,1,ema_ribbon_bounce_short,1.8460756252471584,TP3,2021-06-22 18:30:00+00:00,25.543747925612504,1642.7207280334535,180,True
2021-06-22 23:30:00+00:00,21,GBP_AUD,SHORT,1.84585,1.848752566574051,1.844057993296592,1.844057993296592,1.844057993296592,291066.06,3,NY,2.0,0.001046003351703993,17.55334343158267,43.33233513017329,1.8474319340158445,1.8467171745770807,-26.177962976952074,False,0.00016751986672512112,65.93031151855118,-12.819340158445325,0.7777777777778463,23,1,ema_ribbon_bounce_short,1.848752566574051,SL,2021-06-23 06:00:00+00:00,-29.025665740509684,-844.8386165967137,390,False
2021-06-23 12:45:00+00:00,21,GBP_AUD,SHORT,1.84472,1.8482834269627197,1.8421920484787868,1.8421920484787868,1.8421920484787868,234715.14,3,LONDON,2.0,0.001383975760606529,24.664134113913526,44.87841931593507,1.8464001549226179,1.8466519454824064,-6.957495726491736,False,-2.9229222823354576e-05,68.94698620188758,-14.401549226179533,0.08888888888898758,12,2,ema_ribbon_bounce_short,1.8421920484787868,TP3,2021-06-23 13:45:00+00:00,25.2795162891606,593.3485204942612,60,True
2021-06-23 16:45:00+00:00,21,GBP_AUD,SHORT,1.8424,1.8468962062520295,1.8401408016080942,1.8401408016080942,1.8401408016080942,187340.99,4,OVERLAP,2.0,0.0012495991959529302,31.08371177328365,45.62250401527131,1.8444476747442429,1.846016724194262,-16.04320922780289,False,0.0002164046973939988,83.46474801235017,-18.076747442428154,0.24999999999985392,16,2,ema_ribbon_bounce_short,1.84304,TIME,2021-06-24 00:45:00+00:00,-6.399999999999738,-119.89823359999511,480,False
2021-06-24 04:30:00+00:00,21,GBP_AUD,SHORT,1.84252,1.8448056310107592,1.8413378028693534,1.8413378028693534,1.8413378028693534,368005.48,3,ASIAN,2.0,0.000741098565323199,34.65090965486109,48.52122514185728,1.843228429359504,1.844912162580745,-10.658707675643697,False,2.0599947164396445e-06,83.76068376068086,-4.084293595041366,0.5250000000001666,4,3,ema_ribbon_bounce_short,1.8413378028693534,TP3,2021-06-24 06:45:00+00:00,11.821971627709333,435.05503434015543,135,True
2021-06-27 22:15:00+00:00,21,GBP_AUD,SHORT,1.82851,1.8331004236427932,1.825907921166517,1.825907921166517,1.825907921166517,184182.41,4,NY,2.0,0.0014510394167415609,37.24857046367798,48.41984990552457,1.8298250951051727,1.8348791732432437,-10.257170534078153,False,9.235683576359454e-05,42.67981154866509,-10.150951051726143,0.12244897959170727,22,6,ema_ribbon_bounce_short,1.83133,TIME,2021-06-28 06:15:00+00:00,-28.199999999998223,-519.3943961999673,480,False
2021-06-28 10:45:00+00:00,21,GBP_AUD,LONG,1.83411,1.830822038198154,1.8360916116220103,1.8360916116220103,1.8360916116220103,255562.99,4,LONDON,2.0,0.0011108058110051988,36.079825498474726,55.77402620462188,1.832188039358652,1.8336920010089952,-4.848509207240337,False,-0.00018211515131220522,27.943975207677656,16.81960641347846,0.23404255319132852,10,0,ema_ribbon_bounce_long,1.8360916116220103,TP3,2021-06-28 11:45:00+00:00,19.816116995494504,506.4266109558392,60,True
2021-06-28 16:30:00+00:00,21,GBP_AUD,LONG,1.83598,1.8322532550431698,1.83830456177436,1.83830456177436,1.83830456177436,226832.16,3,OVERLAP,2.0,0.0012822808871800785,31.845517637645905,51.4438996000388,1.8345958122650443,1.8342318001310811,-3.417684513267183,False,-0.0003278824353521897,87.89268010680401,11.441877349556151,0.6249999999998843,16,0,ema_ribbon_bounce_long,1.83357,TIME,2021-06-29 00:30:00+00:00,-24.100000000000232,-546.6655056000053,480,False
2021-06-29 04:15:00+00:00,21,GBP_AUD,LONG,1.83569,1.8332795988181931,1.8370045259562546,1.8370045259562546,1.8370045259562546,348439.49,4,ASIAN,2.0,0.0008072629781273291,39.017456374842666,56.98455082519463,1.834518608698037,1.834301753787145,-2.2263634557373457,False,0.00010273904374408127,22.15314965046835,8.713913019631203,0.7901234567901133,4,1,ema_ribbon_bounce_long,1.8370045259562546,TP3,2021-06-29 08:00:00+00:00,13.145259939806763,458.03276693436993,225,True
2021-06-30 14:15:00+00:00,21,GBP_AUD,SHORT,1.8432899999999999,1.8438548748382142,1.8404117823807575,1.8404117823807575,1.8404117823807575,1494949.38,3,OVERLAP,2.0,0.0015591088096212182,44.044124679895255,45.79832638683278,1.8437856175328988,1.8401071239815936,-15.680328926672704,False,-0.0005271664141301,60.077457525259426,-2.5561753289893296,0.2666666666667777,14,2,ema_ribbon_bounce_short,1.8438548748382142,SL,2021-06-30 14:30:00+00:00,-5.648748382143243,-844.4592891661043,15,False
2021-06-30 18:15:00+00:00,21,GBP_AUD,SHORT,1.84107,1.8432904122271718,1.8388257968738004,1.8388257968738004,1.8388257968738004,376513.28,4,NY,2.0,0.0012721015630997145,36.779355977147674,45.24283614185504,1.8426026306604588,1.8402809825354158,-24.23476611543185,False,9.036324212161355e-05,77.47548150774269,-12.326306604588666,0.627906976744108,18,2,ema_ribbon_bounce_short,1.8432904122271718,SL,2021-06-30 19:30:00+00:00,-22.204122271718415,-836.0146906045753,75,False
2021-06-30 21:30:00+00:00,21,GBP_AUD,LONG,1.84456,1.8410835765203017,1.8467998227192242,1.8467998227192242,1.8467998227192242,238076.45,5,NY,2.0,0.0012699113596121032,28.93674021165944,56.2658246314213,1.8429818069666508,1.8406676477116628,4.902378664655149,False,0.00018187473826777325,34.758242366277216,12.781930333491953,0.4955752212390076,21,2,ema_ribbon_bounce_long,1.84611,TIME,2021-07-01 05:30:00+00:00,15.499999999999403,369.0184974999858,480,True
2021-07-02 16:30:00+00:00,21,GBP_AUD,SHORT,1.83982,1.8435884069685693,1.8374196969981982,1.8374196969981982,1.8374196969981982,220609.06,4,OVERLAP,2.0,0.0013201515009009554,22.06620529231782,46.45022948594054,1.8415638467530522,1.8422696818108408,-12.148217018954632,False,0.0002411629732515391,82.81807615267071,-15.038467530521515,0.7413793103446757,16,4,ema_ribbon_bounce_short,1.8374196969981982,TP3,2021-07-02 17:45:00+00:00,24.003031106052937,529.5286129457098,75,True
2021-07-05 02:45:00+00:00,21,GBP_AUD,SHORT,1.83834,1.8410853154807176,1.8367342352264344,1.8367342352264344,1.8367342352264344,304751.87,5,ASIAN,2.0,0.0009528823867827966,24.982014812036976,48.43839401753622,1.8391557772240033,1.8409660545939128,-19.475934786785665,False,-1.616086407112705e-05,39.41898420159254,-5.157772240031999,0.9607843137252341,2,0,ema_ribbon_bounce_short,1.83997,TIME,2021-07-05 10:45:00+00:00,-16.300000000000203,-496.7455481000062,480,False
2021-07-05 19:45:00+00:00,21,GBP_AUD,SHORT,1.83795,1.840428441169377,1.836118521871101,1.836118521871101,1.836118521871101,335562.76,4,NY,2.0,0.0010657390644494761,22.52410400580381,42.96106794149172,1.8390349728216433,1.8400574588181353,-9.102316084308448,False,-0.00010884584060431922,39.40767021032526,-7.8497282164335935,0.0,19,0,ema_ribbon_bounce_short,1.836118521871101,TP3,2021-07-05 21:15:00+00:00,18.314781834783574,614.5758741277841,90,True
2021-07-07 18:30:00+00:00,21,GBP_AUD,LONG,1.84267,1.838620785671531,1.8450492067471134,1.8450492067471134,1.8450492067471134,206908.86,5,NY,2.0,0.0013396033735566864,32.19550050183871,54.78941303089261,1.8408423840942019,1.839206475710984,21.516452889445148,False,-0.00016294183965750737,43.441938178779935,15.276159057981964,0.9189189189189838,18,2,ema_ribbon_bounce_long,1.8450492067471134,TP3,2021-07-08 00:00:00+00:00,23.792068621014902,492.2789795415965,330,True
2021-07-09 16:00:00+00:00,21,GBP_AUD,SHORT,1.8504,1.8539471046651608,1.8473605044099415,1.8473605044099415,1.8473605044099415,237585.63,3,OVERLAP,2.0,0.0016397477950293392,40.25696104405976,45.08611265212972,1.8522104793424574,1.850234993384779,-5.999070359965497,False,-0.00013975307503713753,58.12695095838907,-15.704793424573538,0.10526315789474915,16,4,ema_ribbon_bounce_short,1.8539471046651608,SL,2021-07-09 17:45:00+00:00,-35.471046651607274,-842.7410965481505,105,False
2021-07-12 21:00:00+00:00,21,GBP_AUD,SHORT,1.85489,1.8567101360754519,1.8534512335231341,1.8534512335231341,1.8534512335231341,458379.85,3,NY,2.0,0.0008693832384328618,17.668285403085537,45.47757009862015,1.855961173502565,1.8543879427222514,-9.727629689531003,False,-2.5449865841325825e-05,39.40457903591414,-7.71173502565059,0.1140350877194691,21,0,ema_ribbon_bounce_short,1.8534512335231341,TP3,2021-07-12 21:15:00+00:00,14.387665082538877,659.5015762384409,15,True
2021-07-13 04:15:00+00:00,21,GBP_AUD,SHORT,1.8540400000000001,1.8563427194053548,1.8525721341450896,1.8525721341450896,1.8525721341450896,365180.72,4,ASIAN,2.0,0.0008839329274552092,31.34375304552689,46.31326816194105,1.8551876540726526,1.8545530744997654,-16.086569638693593,False,1.1990032021668112e-05,76.03413157170957,-8.476540726525261,0.4210526315787321,4,1,ema_ribbon_bounce_short,1.8525721341450896,TP3,2021-07-13 06:45:00+00:00,14.67865895106145,536.0363244383065,150,True
2021-07-13 10:00:00+00:00,21,GBP_AUD,SHORT,1.8516299999999999,1.855484883887814,1.8496401346759348,1.8496401346759348,1.8496401346759348,219531.67,4,LONDON,2.0,0.0011149326620324973,19.01498857187783,45.28707696091431,1.853508798252335,1.8541442312885705,0.03047065828543083,False,7.033220147071749e-05,71.0418610895233,-16.387982523351496,0.620689655172625,10,1,ema_ribbon_bounce_short,1.855484883887814,SL,2021-07-13 12:30:00+00:00,-38.54883887814076,-846.2690975479168,150,False
2021-07-13 17:00:00+00:00,21,GBP_AUD,LONG,1.85524,1.8527157321102667,1.8577515927288333,1.8577515927288333,1.8577515927288333,331900.74,5,NY,2.0,0.0014057963644166333,11.963812805122783,56.62442955380946,1.8537544215488169,1.8540462168889051,8.231093859847327,False,1.0591522198876216e-05,88.22180466319105,11.855784511831668,0.6099290780141855,17,1,ema_ribbon_bounce_long,1.8527157321102667,SL,2021-07-13 21:30:00+00:00,-25.24267889733256,-837.8063805607061,270,False
2021-07-14 05:15:00+00:00,21,GBP_AUD,SHORT,1.85244,1.8549962417469255,1.8507652550037808,1.8507652550037808,1.8507652550037808,324471.79,3,ASIAN,2.0,0.0009873724981096866,28.680377826964634,45.469051632025085,1.8536889762179563,1.854061486348374,-14.477953432450175,False,0.00012446294222260597,48.0291302974112,-9.489762179561989,0.6571428571425852,5,2,ema_ribbon_bounce_short,1.8549962417469255,SL,2021-07-14 06:00:00+00:00,-25.562417469253695,-829.4283352976016,45,False
2021-07-14 19:45:00+00:00,21,GBP_AUD,SHORT,1.85236,1.8560471439602597,1.8505042119878248,1.8505042119878248,1.8505042119878248,222701.92,4,NY,2.0,0.001077894006087582,43.120089264339285,41.78933223284643,1.8546973948593946,1.8547827059310118,-41.488973266583514,False,0.0001412601817554716,78.96327141927934,-20.373948593945812,0.9043478260869078,19,2,ema_ribbon_bounce_short,1.85381,TIME,2021-07-15 03:45:00+00:00,-14.499999999999513,-322.9177839999892,480,False
2021-07-15 22:00:00+00:00,21,GBP_AUD,LONG,1.86269,1.8571464987624535,1.8655916533369141,1.8655916533369141,1.8655916533369141,147543.01,4,NY,2.0,0.001600826668457063,23.886452146699614,53.27968554257246,1.8607115421833857,1.856984705900992,19.677825723700693,False,-0.00011574130615382927,73.08943089430774,16.784578166142428,0.6914893617022131,22,3,ema_ribbon_bounce_long,1.85952,TIME,2021-07-16 06:00:00+00:00,-31.699999999998948,-467.71134169998453,480,False
2021-07-19 04:15:00+00:00,21,GBP_AUD,LONG,1.86319,1.860329117025652,1.8649088439481731,1.8649088439481731,1.8649088439481731,284257.61,5,ASIAN,2.0,0.0010094219740866498,24.870508140825304,52.40750772534062,1.8620334707023105,1.8600766338164463,13.101162535400501,False,-0.000225949786819652,20.000000000000632,8.565292976894234,0.7941176470590444,4,0,ema_ribbon_bounce_long,1.8649088439481731,TP3,2021-07-19 09:15:00+00:00,17.188440086410573,488.59448985912627,300,True
2021-07-19 16:30:00+00:00,21,GBP_AUD,LONG,1.8661,1.8613182086266218,1.8695604656393339,1.8695604656393339,1.8695604656393339,171089.38,5,OVERLAP,2.0,0.0018502328196669468,11.87003014209916,55.0946661322507,1.8640919221563452,1.861661161769085,12.004785027437403,False,1.3020120823487575e-05,58.40493827160454,17.680778436548472,0.8529411764706728,16,0,ema_ribbon_bounce_long,1.8613182086266218,SL,2021-07-19 20:45:00+00:00,-47.81791373378307,-818.1137213606432,255,False
2021-07-19 23:00:00+00:00,21,GBP_AUD,SHORT,1.86178,1.8642790133669547,1.8597461479418589,1.8597461479418589,1.8597461479418589,324100.93,3,NY,2.0,0.0011669260290705478,17.314653479901605,43.75686270968633,1.8632966300637224,1.861994640155807,-24.80417481368624,False,4.6259485840193806e-05,64.41223832527938,-12.166300637224126,0.5619047619048505,23,0,ema_ribbon_bounce_short,1.8642790133669547,SL,2021-07-20 03:15:00+00:00,-24.99013366954683,-809.932556312444,255,False
2021-07-20 15:30:00+00:00,21,GBP_AUD,SHORT,1.85856,1.8636397041779538,1.8554524137787018,1.8554524137787018,1.8554524137787018,157850.38,4,OVERLAP,2.0,0.0016737931106491034,34.271862441914266,44.603997108878325,1.8609451279375426,1.86196797362736,-13.721484037307885,False,0.0003256175930458204,60.05773213424333,-21.451279375426235,0.6806722689076571,15,1,ema_ribbon_bounce_short,1.8583,TIME,2021-07-20 23:30:00+00:00,2.599999999999269,41.04109879998847,480,True
2021-07-21 09:30:00+00:00,21,GBP_AUD,LONG,1.86421,1.8602940971927115,1.8664973264214866,1.8664973264214866,1.8664973264214866,204868.12,5,LONDON,2.0,0.00126366321074332,28.119909327948868,57.23287204585948,1.862064077381557,1.8614860681048153,10.946190345246798,False,-0.00024107729189470504,57.20040281973697,19.059226184428013,0.8937499999999862,9,2,ema_ribbon_bounce_long,1.8602940971927115,SL,2021-07-21 10:45:00+00:00,-39.15902807288374,-802.2436462318915,75,False
2021-07-21 16:45:00+00:00,21,GBP_AUD,LONG,1.86372,1.8605655043699973,1.8663461951453044,1.8663461951453044,1.8663461951453044,251774.39,5,OVERLAP,2.0,0.001433097572652203,27.18658806249653,54.21843223971915,1.8624220882311926,1.8617521590499286,7.66532864099112,False,-1.7194414312932044e-05,79.56030005884884,10.579117688074291,0.49549549549556576,16,2,ema_ribbon_bounce_long,1.86478,TIME,2021-07-22 00:45:00+00:00,10.600000000000607,266.8808534000153,480,True
2021-07-22 03:15:00+00:00,21,GBP_AUD,SHORT,1.86347,1.8640700061638604,1.8621236060897193,1.8621236060897193,1.8621236060897193,1328136.39,3,ASIAN,2.0,0.0008231969551403309,23.18599277359159,46.57930575404962,1.8638848126016847,1.8625850567665128,6.522751523574399,False,-0.00015311574290871136,32.12403170883719,-1.1481260168477725,0.4,3,3,ema_ribbon_bounce_short,1.8640700061638604,SL,2021-07-22 05:00:00+00:00,-6.000061638604669,-796.890020447389,105,False
2021-07-22 23:45:00+00:00,21,GBP_AUD,LONG,1.86632,1.8631562512673636,1.8689687567047464,1.8689687567047464,1.8689687567047464,249362.76,5,NY,2.0,0.0014743783523731764,49.00515951745336,54.708176020191,1.8650651529135163,1.8638451974328962,10.046245158796818,False,0.0001975314326320493,99.78213507625132,9.548470864837455,0.1279069767442371,23,3,ema_ribbon_bounce_long,1.86507,TIME,2021-07-23 07:45:00+00:00,-12.499999999999734,-311.7034499999934,480,False
2021-07-23 17:15:00+00:00,21,GBP_AUD,LONG,1.86689,1.8638537586590087,1.8688307071698111,1.8688307071698111,1.8688307071698111,258808.18,5,NY,2.0,0.0011203535849055974,32.294477327450096,56.20413297232342,1.8653074082446566,1.8644276263555182,20.78644338070257,False,-5.8757900655962455e-05,38.50334842481947,12.825917553433985,0.18965517241387891,17,4,ema_ribbon_bounce_long,1.8688307071698111,TP3,2021-07-26 00:45:00+00:00,19.407072447975214,502.270909938861,3330,True
2021-07-26 16:00:00+00:00,21,GBP_AUD,LONG,1.87355,1.8693414344532389,1.8757377871972014,1.8757377871972014,1.8757377871972014,187908.87,5,OVERLAP,2.0,0.0012138935986006649,23.304849244936086,55.16944031416765,1.8721205708755113,1.8684188488161075,-0.37769145124544323,False,-7.198176253928466e-05,75.06848690244857,11.894291244887167,0.7669172932330677,16,0,ema_ribbon_bounce_long,1.87245,TIME,2021-07-27 00:00:00+00:00,-11.000000000001009,-206.69975700001896,480,False
2021-07-27 03:00:00+00:00,21,GBP_AUD,LONG,1.87388,1.8706670413313717,1.8754945084709902,1.8754945084709902,1.8754945084709902,245493.29,5,ASIAN,2.0,0.0009572542354951355,24.040453892104306,56.148265943325974,1.87241865923884,1.86981476643367,5.731044105492522,False,9.736082970332932e-05,35.743535743536725,11.613407611599236,0.9896907216494184,3,1,ema_ribbon_bounce_long,1.8754945084709902,TP3,2021-07-27 05:45:00+00:00,16.145085367560956,396.3510124213399,165,True
2021-07-28 21:45:00+00:00,21,GBP_AUD,SHORT,1.88488,1.8879816344770015,1.8820027760546274,1.8820027760546274,1.8820027760546274,255582.44,2,NY,2.0,0.001588611972686389,37.619104044421206,40.92848373885757,1.8874621123256121,1.882822122542024,-39.295678136144204,False,-6.669592014336913e-05,76.03538162492364,-22.8211232561204,0.26484018264839676,21,2,ema_ribbon_bounce_short,1.8879816344770015,SL,2021-07-29 01:15:00+00:00,-31.016344770014022,-792.7233076201424,210,False
2021-07-29 21:30:00+00:00,21,GBP_AUD,SHORT,1.8866800000000001,1.8883914460561886,1.8849316284345776,1.8849316284345776,1.8849316284345776,458557.29,4,NY,2.0,0.0010241857827112378,23.955724888804298,45.632860193029224,1.8876017479705787,1.8856647204901416,-11.316329532859992,False,-4.7964198654392365e-05,35.90844062946855,-6.217479705785678,0.41071428571427865,21,3,ema_ribbon_bounce_short,1.8883914460561886,SL,2021-07-29 23:45:00+00:00,-17.11446056188448,-784.7960655069625,135,False
2021-07-30 16:15:00+00:00,21,GBP_AUD,LONG,1.89334,1.888613428650013,1.896231342851985,1.896231342851985,1.896231342851985,164378.8,4,OVERLAP,2.0,0.0015656714259924965,22.795883837920584,53.35183891969666,1.8915614327278745,1.888222616926479,4.768802547299167,False,-0.00018265251730433316,70.1525054466241,15.38567272125535,0.5125000000000832,16,4,ema_ribbon_bounce_long,1.8925,TIME,2021-08-02 00:15:00+00:00,-8.399999999999517,-138.07819199999207,3360,False
2021-08-02 03:00:00+00:00,21,GBP_AUD,SHORT,1.8918300000000001,1.892804740679333,1.8900662775550743,1.8900662775550743,1.8900662775550743,795665.29,4,ASIAN,2.0,0.0010318612224629006,21.31063615599135,44.506508739576674,1.892658519439312,1.8898818467922287,-6.44559507527287,False,9.35290118195362e-06,12.99505170474938,-5.285194393118697,0.8571428571427747,3,0,ema_ribbon_bounce_short,1.892804740679333,SL,2021-08-02 03:30:00+00:00,-9.747406793327862,-775.5673252961184,30,False
2021-08-04 04:15:00+00:00,21,GBP_AUD,SHORT,1.8805100000000001,1.883325610207463,1.8790498185999367,1.8790498185999367,1.8790498185999367,272698.14,3,ASIAN,2.0,0.0008800907000316474,14.275291146763651,48.22930070679771,1.8814314644425603,1.8841859551040678,-23.142037803711712,False,3.592431724912037e-05,65.22096668538897,-6.214644425601712,0.05797101449250178,4,2,ema_ribbon_bounce_short,1.8790498185999367,TP3,2021-08-04 07:45:00+00:00,14.601814536091359,398.1887664617077,210,True
2021-08-04 17:45:00+00:00,21,GBP_AUD,LONG,1.88307,1.880486038196427,1.8851078273408703,1.8851078273408703,1.8851078273408703,298686.13,5,NY,2.0,0.0011689136704351923,28.01276160894025,53.05817705738462,1.8816694577808875,1.8828725284336343,16.417688139862552,False,-0.0002842690074529551,23.930230367327976,11.00542219112599,0.06666666666650876,17,2,ema_ribbon_bounce_long,1.880486038196427,SL,2021-08-04 21:15:00+00:00,-25.83961803573009,-771.7935511770423,210,False
2021-08-05 22:00:00+00:00,21,GBP_AUD,LONG,1.88154,1.8796666041089676,1.883011241622909,1.883011241622909,1.883011241622909,407855.92,3,NY,2.0,0.0008856208114545032,25.099596059885396,53.14997408370549,1.880619755060079,1.88118363533142,13.033936389696965,False,-0.00010995604561881442,60.24086866223672,6.202449399210774,0.6744186046511268,22,3,ema_ribbon_bounce_long,1.883011241622909,TP3,2021-08-06 00:45:00+00:00,14.712416589815966,600.0546203662653,165,True
2021-08-09 17:15:00+00:00,21,GBP_AUD,LONG,1.88863,1.8856396947172116,1.8906312556758067,1.8906312556758067,1.8906312556758067,257524.26,5,NY,2.0,0.0011506278379032992,14.370422564297954,54.88392341022997,1.8874087955569325,1.8855110820058738,6.170418210553752,False,0.0001426033718623272,71.78804855275509,9.212044430675359,0.9010989010989815,17,0,ema_ribbon_bounce_long,1.88994,TIME,2021-08-10 01:15:00+00:00,13.099999999999223,337.35678059998,480,True
2021-08-12 22:15:00+00:00,21,GBP_AUD,SHORT,1.8811200000000001,1.8831630021629076,1.8796893284317204,1.8796893284317204,1.8796893284317204,378584.88,4,NY,2.0,0.0008653357841397916,18.017668825936642,46.62517675426518,1.8820754418661663,1.8828363938232173,-16.538726973351903,False,0.00010248373825762788,76.88084262328837,-6.554418661661732,0.6086956521733884,22,3,ema_ribbon_bounce_short,1.88043,TIME,2021-08-13 06:15:00+00:00,6.9000000000007935,261.22356720003006,480,True
2021-08-16 16:45:00+00:00,21,GBP_AUD,SHORT,1.8874199999999999,1.8874449197073477,1.8854534384210317,1.8854534384210317,1.8854534384210317,31142498.87,3,OVERLAP,2.0,0.0011032807894841117,19.928817372561337,45.21527296774521,1.8879369498036385,1.8847071102344353,-15.376673191782597,False,-0.00018014744743002036,79.76003941857294,-2.769498036385709,0.24528301886831186,16,0,ema_ribbon_bounce_short,1.8874449197073477,SL,2021-08-16 17:00:00+00:00,-0.24919707347859085,-776.0619579214324,15,False
2021-08-16 20:45:00+00:00,21,GBP_AUD,SHORT,1.88565,1.8870997245150807,1.884417960238226,1.884417960238226,1.884417960238226,529963.68,3,NY,2.0,0.0007660198808869882,29.523876713692935,40.73713167654231,1.8871495782782413,1.884947686084952,-27.794762673887252,False,2.9848382532036933e-05,75.95859213249575,-11.995782782412423,0.30476190476178794,20,0,ema_ribbon_bounce_short,1.8870997245150807,SL,2021-08-17 00:00:00+00:00,-14.497245150806302,-768.3013389983464,195,False
2021-08-18 06:15:00+00:00,21,GBP_AUD,SHORT,1.89172,1.8934809308853389,1.8898444519317128,1.8898444519317128,1.8898444519317128,431941.04,4,ASIAN,2.0,0.0010877740341436344,20.041220573960107,43.68008804557873,1.8930263627226884,1.8905091820743603,-9.49408698557308,False,-2.732105777693164e-05,69.1989664082705,-10.06362722688392,0.6874999999998266,6,2,ema_ribbon_bounce_short,1.8934809308853389,SL,2021-08-18 07:45:00+00:00,-17.609308853387958,-760.6183179813603,90,False
2021-08-19 16:15:00+00:00,21,GBP_AUD,LONG,1.90815,1.9035293209949737,1.9110076788243688,1.9110076788243688,1.9110076788243688,162965.69,4,OVERLAP,2.0,0.0015488394121843812,17.33622419822716,49.8876027553458,1.907419616266031,1.9009613145182982,-11.037976550414275,False,9.603905989365624e-06,52.0162066558128,4.903837339689243,0.6307692307692255,16,3,ema_ribbon_bounce_long,1.90624,TIME,2021-08-20 00:15:00+00:00,-19.100000000000783,-311.2644679000128,480,False
2021-08-20 04:15:00+00:00,21,GBP_AUD,LONG,1.9089,1.9056106785219122,1.9109660606374383,1.9109660606374383,1.9109660606374383,227980.0,5,ASIAN,2.0,0.0011830303187190837,21.432077336042227,52.45778084753481,1.9079091806137272,1.903565596556999,-0.48302805327749,False,-0.00010537499146443294,30.711670973300084,6.908193862729117,0.8356164383562811,4,4,ema_ribbon_bounce_long,1.9109660606374383,TP3,2021-08-20 05:15:00+00:00,20.66060728062949,471.02052478379113,60,True
2021-08-20 17:45:00+00:00,21,GBP_AUD,SHORT,1.90897,1.9103203013687435,1.9069527785861478,1.9069527785861478,1.9069527785861478,558845.4,3,NY,2.0,0.0011586107069261721,22.474521606645236,47.93404220267935,1.9097803014995534,1.9064888446356354,-11.441765495874279,False,6.74503676562558e-05,82.09680317686299,-5.103014995533339,0.18518518518516996,17,4,ema_ribbon_bounce_short,1.9069527785861478,TP3,2021-08-22 21:00:00+00:00,20.172214499485328,1127.314928085068,3075,True
2021-08-22 22:45:00+00:00,21,GBP_AUD,SHORT,1.90789,1.9102468871133977,1.9053885217577313,1.9053885217577313,1.9053885217577313,324955.25,4,NY,2.0,0.001400739121134382,27.586723957339053,47.75914454751598,1.908905180784259,1.9068014818951895,-18.25717356548351,False,0.00014496989362240817,60.304659498209844,-7.151807842589175,0.7313432835819659,22,6,ema_ribbon_bounce_short,1.9053885217577313,TP3,2021-08-23 01:45:00+00:00,25.01478319247923,812.8685126007886,180,True
2021-08-23 05:00:00+00:00,21,GBP_AUD,SHORT,1.90598,1.9090141049185034,1.9041795281823857,1.9041795281823857,1.9041795281823857,255103.75,3,ASIAN,2.0,0.0010502359088071461,32.0745730388472,45.53601634286793,1.9073835233425387,1.9067703418286819,-30.331094883242482,False,0.00011556808163977494,70.72211579395368,-11.035233425387148,0.042105263157936564,5,0,ema_ribbon_bounce_short,1.9041795281823857,TP3,2021-08-23 08:45:00+00:00,18.004718881923576,459.3071304474512,225,True
2021-08-23 11:15:00+00:00,21,GBP_AUD,SHORT,1.9042999999999999,1.908164237523277,1.9021921408292877,1.9021921408292877,1.9021921408292877,201489.84,4,LONDON,2.0,0.0011739295853560898,26.700354258427172,43.533867449143834,1.9060985708652107,1.9065029868051102,-1.6757194060179614,False,1.2309693674672452e-05,47.96569042379131,-15.585708652108288,0.3565217391304583,11,0,ema_ribbon_bounce_short,1.90243,TIME,2021-08-23 19:15:00+00:00,18.69999999999816,376.78600079996295,480,True
2021-08-25 05:45:00+00:00,21,GBP_AUD,LONG,1.89427,1.893679132650404,1.895575338247987,1.895575338247987,1.895575338247987,1324108.48,3,ASIAN,2.0,0.0008026691239935527,19.871095858800835,55.6383907145193,1.8931997747976994,1.8974255913525484,10.37685004324329,False,-6.099554478932508e-05,41.91733920273328,7.702252023005229,0.5205479452053128,5,2,ema_ribbon_bounce_long,1.893679132650404,SL,2021-08-25 07:00:00+00:00,-5.908673495957916,-782.3724681549123,75,False
2021-08-25 18:45:00+00:00,21,GBP_AUD,SHORT,1.88998,1.8931973771587463,1.888234930108955,1.888234930108955,1.888234930108955,240739.18,5,NY,2.0,0.0010225349455225106,24.354719643565485,47.026459596782715,1.8910699612321382,1.8948269014559438,-4.565468930850525,False,0.00011577731941571964,12.338921177292535,-7.8996123213825875,0.8208955223881982,18,2,ema_ribbon_bounce_short,1.8931973771587463,SL,2021-08-26 01:15:00+00:00,-32.173771587462596,-774.5487389473044,390,False
2021-08-26 09:15:00+00:00,21,GBP_AUD,SHORT,1.8924,1.8937469185052471,1.8906683289927735,1.8906683289927735,1.8906683289927735,569301.89,4,LONDON,2.0,0.0009858355036132997,22.286084578735668,44.089339163664036,1.8930389725974492,1.8939705158610025,-5.224622922082034,False,-0.0002027080420511436,30.972222222219017,-3.9897259744914315,0.5312499999999711,9,3,ema_ribbon_bounce_short,1.8906683289927735,TP3,2021-08-26 11:45:00+00:00,17.316710376440454,985.8435945890162,150,True
2021-08-26 16:00:00+00:00,21,GBP_AUD,SHORT,1.89103,1.8935669288793469,1.8887859290975,1.8887859290975,1.8887859290975,306142.48,4,OVERLAP,2.0,0.0012420354512500107,25.48030271917857,45.63538164284725,1.8921488460419236,1.8934411387558423,-6.372937060885597,False,0.00011750312272863187,19.981672590857187,-8.788460419235644,0.271604938271473,16,3,ema_ribbon_bounce_short,1.8935669288793469,SL,2021-08-27 00:00:00+00:00,-25.369288793468666,-776.6616987068705,480,False
2021-08-30 09:45:00+00:00,21,GBP_AUD,LONG,1.88658,1.8849122890841126,1.8882475602930018,1.8882475602930018,1.8882475602930018,461048.18,3,LONDON,2.0,0.000953780146500896,25.95729204756408,55.494297687792034,1.8852557072174774,1.8877986387620151,5.4714607818340255,False,-9.263375249727278e-05,77.69679504614392,10.842927825225335,0.14285714285735202,9,0,ema_ribbon_bounce_long,1.8849122890841126,SL,2021-08-30 12:00:00+00:00,-16.67710915887355,-768.8950825359981,135,False
2021-08-30 19:15:00+00:00,21,GBP_AUD,LONG,1.88638,1.8850241955221145,1.8874219559889476,1.8874219559889476,1.8874219559889476,561442.4,3,NY,2.0,0.0006709779944738343,19.46320931234632,53.59256782556121,1.8855548829180873,1.887072503751596,9.18363737523853,False,1.820004163930681e-05,39.690034924067255,5.251170819127182,0.11764705882364467,19,0,ema_ribbon_bounce_long,1.8850241955221145,SL,2021-08-30 20:45:00+00:00,-13.55804477885414,-761.2061199947337,90,False
2021-09-02 22:00:00+00:00,21,GBP_AUD,LONG,1.8694199999999999,1.8680292332677075,1.87072126251307,1.87072126251307,1.87072126251307,541855.11,4,NY,2.0,0.0008006312565350334,33.66984841827307,57.68109416710564,1.8682153412928897,1.8715073229372212,20.751143769661695,False,-9.093789249922342e-05,76.39077706566682,9.046587071102064,0.8630136986301328,22,3,ema_ribbon_bounce_long,1.87072126251307,TP3,2021-09-03 00:00:00+00:00,13.012625370851204,705.095755171137,120,True
2021-09-03 04:00:00+00:00,21,GBP_AUD,SHORT,1.86818,1.8700225721654948,1.8665167036956065,1.8665167036956065,1.8665167036956065,412816.95,5,ASIAN,2.0,0.0009816481521967406,23.38635057646773,45.259436477292326,1.8689136460816602,1.871057473054029,9.737490171526364,False,-0.00017383980112546917,45.539356070465494,-4.336460816602994,0.9298245614038232,4,4,ema_ribbon_bounce_short,1.8665167036956065,TP3,2021-09-03 05:15:00+00:00,16.632963446848116,686.6369239589328,75,True
2021-09-06 04:30:00+00:00,21,GBP_AUD,LONG,1.86299,1.8618291044997133,1.8642688155352745,1.8642688155352745,1.8642688155352745,661137.36,4,ASIAN,2.0,0.0007894077676372998,23.637537306322102,55.114819487849836,1.861938325560828,1.8651058907401072,22.47616791158258,False,-0.00011769994506377352,17.664581145179312,7.51674439172012,0.37499999999965306,4,0,ema_ribbon_bounce_long,1.8618291044997133,SL,2021-09-06 05:45:00+00:00,-11.608955002866406,-767.5113862953888,75,False
2021-09-06 16:45:00+00:00,21,GBP_AUD,SHORT,1.85975,1.8623518336692244,1.8582317784250815,1.8582317784250815,1.8582317784250815,292038.76,4,OVERLAP,2.0,0.0008791107874592776,18.532756963809724,47.962179875944926,1.8607266160410987,1.8634857194424663,-8.07533561512086,False,0.0001409739335556377,79.83976594456102,-7.366160410986478,0.4545454545454087,16,0,ema_ribbon_bounce_short,1.8582317784250815,TP3,2021-09-06 21:00:00+00:00,15.182216269055324,443.3795613266743,255,True
2021-09-07 13:00:00+00:00,21,GBP_AUD,LONG,1.86472,1.8606132839091822,1.8673665884269108,1.8673665884269108,1.8673665884269108,186102.49,4,OVERLAP,2.0,0.0014432942134555136,26.371004617577785,55.74468040386785,1.8627365604657742,1.8625627523035468,4.398217432848295,False,-0.00018294459274390272,75.47083594253473,17.434395342257325,0.7266666666665147,13,1,ema_ribbon_bounce_long,1.86482,TIME,2021-09-07 21:00:00+00:00,0.9999999999998899,18.61024899999795,480,True
2021-09-08 09:30:00+00:00,21,GBP_AUD,LONG,1.86795,1.8640124448107538,1.8701593098162614,1.8701593098162614,1.8701593098162614,194144.88,2,LONDON,2.0,0.001224654908130711,52.78975785114185,53.548432509548775,1.8663054187602564,1.8643817288614484,-14.514841882364848,False,-3.77181205655859e-05,19.007272893082813,14.045812397436297,0.3150684931507683,9,2,ema_ribbon_bounce_long,1.86798,TIME,2021-09-08 17:30:00+00:00,0.2999999999997449,5.824346399995048,480,True
2021-09-08 18:15:00+00:00,21,GBP_AUD,LONG,1.86866,1.8649186996778364,1.8707218343582068,1.8707218343582068,1.8707218343582068,204344.57,4,NY,2.0,0.0011809171791034169,29.700491267637133,56.97487286836289,1.8668942907582855,1.8651198186606084,10.852079843515217,False,7.119869365609054e-05,36.53364179680066,14.65709241714519,0.8205128205129568,18,2,ema_ribbon_bounce_long,1.8707218343582068,TP3,2021-09-09 00:00:00+00:00,20.618344591067224,421.3246759573458,345,True
2021-09-10 05:30:00+00:00,21,GBP_AUD,SHORT,1.87501,1.8760438141813383,1.8733805940560209,1.8733805940560209,1.8733805940560209,743583.98,3,ASIAN,2.0,0.0009647029719896186,20.855893425987944,42.39516479842219,1.8763244508176087,1.8724574518546446,2.1061857320359145,False,-6.794360768722823e-05,40.91503267973579,-10.144508176086475,0.5728155339804067,5,4,ema_ribbon_bounce_short,1.8760438141813383,SL,2021-09-10 05:45:00+00:00,-10.338141813381883,-768.7276635398919,15,False
2021-09-10 10:30:00+00:00,21,GBP_AUD,SHORT,1.87464,1.8763194796877878,1.8725432836312663,1.8725432836312663,1.8725432836312663,453140.57,3,LONDON,2.0,0.0011683581843668948,18.390308316981695,46.849343385946156,1.8757193718579759,1.8729792190498005,1.9756119173708342,False,7.839244160836743e-05,70.07723524903497,-8.393718579757792,0.4952380952379583,10,4,ema_ribbon_bounce_short,1.8763194796877878,SL,2021-09-10 11:45:00+00:00,-16.794796877876994,-761.0403830275402,75,False
2021-09-13 09:30:00+00:00,21,GBP_AUD,SHORT,1.87778,1.8795503330622687,1.875826238805063,1.875826238805063,1.875826238805063,425586.57,3,LONDON,2.0,0.0010968805974685045,29.28263902635243,45.134266907553666,1.8789808186423849,1.8765797301756386,9.080758542403533,False,-5.9470745290416565e-05,88.80136193653412,-9.60818642384842,0.14864864864872976,9,0,ema_ribbon_bounce_short,1.8795503330622687,SL,2021-09-13 10:30:00+00:00,-17.70333062268703,-753.4299757285338,60,False
2021-09-13 16:00:00+00:00,21,GBP_AUD,SHORT,1.87785,1.8798570471786162,1.8756480703342067,1.8756480703342067,1.8756480703342067,371638.34,3,OVERLAP,2.0,0.0012209648328967305,14.07376035401911,46.161426021518345,1.878870032356097,1.8771226177578832,-5.293375433792491,False,-6.09764616494912e-05,46.96969696969808,-7.800323560969158,0.1276595744679846,16,0,ema_ribbon_bounce_short,1.8798570471786162,SL,2021-09-13 18:00:00+00:00,-20.07047178616217,-745.8956817626145,120,False
2021-09-13 22:45:00+00:00,21,GBP_AUD,SHORT,1.87751,1.8793504400825234,1.8760993888636581,1.8760993888636581,1.8760993888636581,401228.34,4,NY,2.0,0.000855305568170981,22.180802904234366,47.16279542455776,1.8784257469097698,1.877412852712585,-8.51185652579911,False,3.931175921594553e-06,82.30180296757028,-6.157469097698431,0.7941176470587851,22,0,ema_ribbon_bounce_short,1.8793504400825234,SL,2021-09-14 00:00:00+00:00,-18.404400825233758,-738.4367191803171,75,False
2021-09-14 18:15:00+00:00,21,GBP_AUD,SHORT,1.88714,1.8865937513237843,1.8851059672702852,1.8851059672702852,1.8851059672702852,1338314.2,3,NY,2.0,0.001167016364857423,24.069956956482986,44.51771874695598,1.887549731976932,1.882443748774218,-16.494937528865883,False,-0.00021408265445093088,20.81829121540366,-1.0973197693209258,0.3423423423424018,18,1,ema_ribbon_bounce_short,1.8865937513237843,SL,2021-09-14 18:30:00+00:00,5.462486762157769,731.0523601107766,15,True
2021-09-15 17:15:00+00:00,21,GBP_AUD,SHORT,1.8872,1.8882988901407327,1.885207587484638,1.885207587484638,1.885207587484638,671916.92,4,NY,2.0,0.0011462062576809784,27.944193645349152,45.554700356855136,1.887826400842249,1.885344667470582,-5.673465858331284,False,-0.0001930548152249552,12.155803966146907,-3.2640084224899724,0.8269230769232494,17,2,ema_ribbon_bounce_short,1.8882988901407327,SL,2021-09-15 19:00:00+00:00,-10.988901407327223,-738.3628787794974,105,False
2021-09-16 10:15:00+00:00,21,GBP_AUD,LONG,1.8896,1.8868684769043353,1.8914099973426766,1.8914099973426766,1.8914099973426766,267608.67,4,LONDON,2.0,0.0010249986713383142,18.4581032064226,55.579791838248006,1.8883855013076003,1.8866543683686738,5.018500046034546,False,-6.32929754320581e-05,84.90698492201246,9.74498692399628,0.39285714285709566,10,3,ema_ribbon_bounce_long,1.8914099973426766,TP3,2021-09-16 14:30:00+00:00,18.099974103125923,484.3709996771971,255,True
2021-09-16 17:00:00+00:00,21,GBP_AUD,LONG,1.89136,1.8876337360683895,1.8936434746520545,1.8936434746520545,1.8936434746520545,197469.36,4,NY,2.0,0.0012917373260272738,39.71004037615451,54.2175000329855,1.8897648774990587,1.887520028571426,12.016544175332822,False,2.511941762722023e-06,26.421341568016928,12.951225009412148,0.09589041095890828,17,3,ema_ribbon_bounce_long,1.89126,TIME,2021-09-17 01:00:00+00:00,-0.9999999999998899,-19.746935999997824,480,False
2021-09-17 12:45:00+00:00,21,GBP_AUD,SHORT,1.88693,1.8899333543571046,1.8850279841921482,1.8850279841921482,1.8850279841921482,244934.63,4,LONDON,2.0,0.0010710079039259453,20.214573337063335,46.90369185767875,1.8882845991776667,1.8884406302233496,3.982650085685435,False,0.00017160250863054868,56.34778357235692,-11.14599177666653,0.8058252427184425,12,4,ema_ribbon_bounce_short,1.8899333543571046,SL,2021-09-17 14:15:00+00:00,-30.03354357104637,-735.6254882163122,90,False
2021-09-19 23:30:00+00:00,21,GBP_AUD,LONG,1.89034,1.8881504502859352,1.892386675966342,1.892386675966342,1.892386675966342,332611.42,5,NY,2.0,0.0011733379831709552,14.788501533814092,53.22354258897535,1.8894130936567408,1.8888676527599746,13.840953631147901,False,8.798959221870478e-06,48.57273320287097,6.26906343259126,0.8253968253967136,23,6,ema_ribbon_bounce_long,1.892386675966342,TP3,2021-09-20 01:30:00+00:00,20.466760278755487,680.7478199116458,120,True
2021-09-21 15:45:00+00:00,21,GBP_AUD,LONG,1.88724,1.8828041757486687,1.8899304261758008,1.8899304261758008,1.8899304261758008,165713.67,4,OVERLAP,2.0,0.0014652130879003733,48.72861451231178,57.778530827000964,1.8842624578899194,1.8855010031049362,21.636735287779985,False,-0.00011122337348405112,29.648303765953347,27.37542110080593,0.7317073170730518,15,1,ema_ribbon_bounce_long,1.8899304261758008,TP3,2021-09-21 23:45:00+00:00,26.904263381546375,445.8404223602661,480,True
2021-09-22 16:15:00+00:00,21,GBP_AUD,SHORT,1.88003,1.8846513647740197,1.8774045410698426,1.8774045410698426,1.8774045410698426,160025.27,5,OVERLAP,2.0,0.0014327294650787593,16.672901817050867,43.99099809424768,1.8820825825420515,1.8844075233123743,-9.828123503403674,False,7.8577591118549e-05,60.07601910939306,-18.125825420514108,0.6923076923075774,16,2,ema_ribbon_bounce_short,1.8774045410698426,TP3,2021-09-22 18:00:00+00:00,26.254590942228024,420.1398004269594,105,True
2021-09-23 05:00:00+00:00,21,GBP_AUD,LONG,1.88432,1.8817750558491118,1.8859930332412405,1.8859930332412405,1.8859930332412405,292240.8,5,ASIAN,2.0,0.0009865166206201818,26.14203557942603,53.31560242203526,1.882874771404132,1.8835423387416694,32.04369357065584,False,-0.0001642552315682885,14.854323308271447,11.452285958679642,0.636363636363774,5,3,ema_ribbon_bounce_long,1.8817750558491118,SL,2021-09-23 06:30:00+00:00,-25.449441508882398,-743.7365146108999,90,False
2021-09-23 14:45:00+00:00,21,GBP_AUD,SHORT,1.88014,1.8838218548696097,1.8766708609647058,1.8766708609647058,1.8766708609647058,199980.49,4,OVERLAP,2.0,0.0018545695176470749,22.99947222269902,44.66630849817691,1.8816882758148057,1.8828060667623694,-4.6284921540151736,False,-0.0001655246138680383,53.4566100394615,-13.082758148057483,0.48768472906406796,14,3,ema_ribbon_bounce_short,1.8838218548696097,SL,2021-09-23 16:00:00+00:00,-36.81854869609813,-736.2991409334564,75,False
2021-09-23 20:45:00+00:00,21,GBP_AUD,SHORT,1.87971,1.8824362426032613,1.8778384992113977,1.8778384992113977,1.8778384992113977,267377.59,5,NY,2.0,0.0010857503943011344,29.487579813632777,47.68190209389933,1.880788473660583,1.8822957776367428,-8.558439259924722,False,0.00012064402982170136,63.084082361191015,-7.784736605831455,0.6315789473687081,20,3,ema_ribbon_bounce_short,1.8778384992113977,TP3,2021-09-24 00:15:00+00:00,18.71500858596997,500.3973892545959,210,True
2021-09-24 15:15:00+00:00,21,GBP_AUD,LONG,1.88667,1.8818443660936461,1.8892223525498775,1.8892223525498775,1.8892223525498775,152091.96,5,OVERLAP,2.0,0.0013961762749387517,25.11791343867289,54.016793714369406,1.884567658688117,1.8827838959978385,5.293350352739701,False,-0.00019519803895133635,32.224285086345965,18.62341311883009,0.40000000000008074,15,4,ema_ribbon_bounce_long,1.8818443660936461,SL,2021-09-24 20:45:00+00:00,-48.25633906353932,-733.940119059826,330,False
2021-09-27 22:45:00+00:00,21,GBP_AUD,SHORT,1.87991,1.8825656554386327,1.8785450950089058,1.8785450950089058,1.8785450950089058,273605.05,4,NY,2.0,0.0008324524955470713,18.980724223567364,45.55194711830097,1.8812796959997753,1.8820035906790098,-40.15282983927948,False,0.00017239514858382547,72.98815463462482,-10.696959997753552,0.1960784313725234,22,0,ema_ribbon_bounce_short,1.8825656554386327,SL,2021-09-28 00:30:00+00:00,-26.556554386327754,-726.6007390698925,105,False
2021-09-29 16:30:00+00:00,21,GBP_AUD,LONG,1.86926,1.867306519469501,1.8725714260305042,1.8725714260305042,1.8725714260305042,368232.35,4,OVERLAP,2.0,0.0017757130152520923,22.08595127703106,54.86375213461345,1.8677282015820005,1.872198394047984,21.589348844730516,False,0.00012186569027174729,59.070198375956714,12.917984179994235,0.04545454545467544,16,2,ema_ribbon_bounce_long,1.86833,TIME,2021-09-30 00:30:00+00:00,-9.299999999998754,-342.4560854999541,480,False
2021-09-30 04:15:00+00:00,21,GBP_AUD,SHORT,1.86742,1.8700706855348763,1.86582922296168,1.86582922296168,1.86582922296168,270084.91,5,ASIAN,2.0,0.000945388519160078,29.854567666936795,43.11800253936021,1.868722805744212,1.8711013347950418,-0.4305353141575985,False,-1.9276078054982436e-05,81.03046876362892,-10.028057442119653,0.43076923076929385,4,3,ema_ribbon_bounce_short,1.86582922296168,TP3,2021-09-30 05:30:00+00:00,15.907770972192578,429.6448891325245,75,True
2021-09-30 17:00:00+00:00,21,GBP_AUD,SHORT,1.86539,1.8693676740539127,1.86198674466551,1.86198674466551,1.86198674466551,181062.25,4,NY,2.0,0.0018516276672450236,27.928950266446147,47.64726525970804,1.866781298053121,1.8693191385042696,-8.32665965278423,False,6.395654046781362e-05,80.9310035797587,-10.912980531210259,0.34951456310668516,17,3,ema_ribbon_bounce_short,1.86198674466551,TP3,2021-10-01 00:00:00+00:00,34.03255522450553,616.2011022198227,420,True
2021-10-01 10:15:00+00:00,21,GBP_AUD,LONG,1.86671,1.8639093818348198,1.8693631570695561,1.8693631570695561,1.8693631570695561,259360.11,4,LONDON,2.0,0.0014465785347780016,28.24360038622604,56.05844082326064,1.8650583896188286,1.866900541167517,14.930521886034054,False,-0.00013529694700000405,90.79012079120473,14.116103811714353,0.8515625000000624,10,4,ema_ribbon_bounce_long,1.8639093818348198,SL,2021-10-01 11:45:00+00:00,-28.00618165180291,-726.3686353891584,90,False
2021-10-01 20:00:00+00:00,21,GBP_AUD,SHORT,1.86402,1.866484412342204,1.862093814734352,1.862093814734352,1.862093814734352,291795.71,4,NY,2.0,0.0011130926328239959,18.76258814363491,44.541416198241,1.8652105147804454,1.8664321788727631,-13.033474559303038,False,-3.451907607175496e-05,46.794871794869806,-8.905147804454394,0.3711340206184175,20,4,ema_ribbon_bounce_short,1.866484412342204,SL,2021-10-03 21:00:00+00:00,-24.644123422039588,-719.1049491261672,2940,False
2021-10-04 09:30:00+00:00,21,GBP_AUD,LONG,1.86695,1.863719250542281,1.869299185492451,1.869299185492451,1.869299185492451,220355.65,4,LONDON,2.0,0.0012945927462254586,29.975448704748224,57.61227763056791,1.8650480134339789,1.865726321183243,3.2947039816355606,False,3.791142334617968e-05,29.70423261037405,16.61986566021234,0.8986486486487297,9,0,ema_ribbon_bounce_long,1.869299185492451,TP3,2021-10-04 14:15:00+00:00,23.491855990597045,517.6563196514406,285,True
2021-10-04 16:15:00+00:00,21,GBP_AUD,LONG,1.86881,1.8645981344490201,1.871452257485656,1.871452257485656,1.871452257485656,170254.83,4,OVERLAP,2.0,0.0014411287428279858,20.30993911988391,55.79539007938913,1.8667149112360617,1.8661281446878273,12.557082429789368,False,1.9154581505699455e-05,27.413551833383064,18.550887639383618,0.7415730337079353,16,0,ema_ribbon_bounce_long,1.86716,TIME,2021-10-05 00:15:00+00:00,-16.500000000001513,-280.9204695000258,480,False
2021-10-05 03:15:00+00:00,21,GBP_AUD,LONG,1.86948,1.8660928061760111,1.871382074499672,1.871382074499672,1.871382074499672,210876.99,3,ASIAN,2.0,0.0011010372498360403,34.651317566581284,55.336278815928054,1.8679344351728338,1.8667723308979491,15.25231350907541,False,4.57842952674742e-05,19.13056285720647,12.455648271663122,0.3030303030303234,3,1,ema_ribbon_bounce_long,1.871382074499672,TP3,2021-10-05 04:30:00+00:00,19.020745898703524,401.10376426734445,75,True
2021-10-05 09:15:00+00:00,21,GBP_AUD,LONG,1.87167,1.867691746804932,1.8738649155862839,1.8738649155862839,1.8738649155862839,180554.69,4,LONDON,2.0,0.001217457793141939,23.401855236499586,51.95578257577138,1.8702581731404988,1.8678206246482205,1.568812798229402,False,-0.00031705579789831004,33.610795766817326,11.718268595011239,0.8203125000000299,9,1,ema_ribbon_bounce_long,1.8738649155862839,TP3,2021-10-05 10:45:00+00:00,21.94915707849068,396.30232520681903,90,True
2021-10-05 11:45:00+00:00,21,GBP_AUD,SHORT,1.87063,1.8709071384712361,1.8681384077316856,1.8681384077316856,1.8681384077316856,2606117.11,5,LONDON,2.0,0.0013657961341572234,29.426030243852455,45.383827939794344,1.870972764271703,1.868254566313464,-11.334223156005407,False,-5.760629041797643e-05,29.175170322491713,-1.0276427170285984,0.4017857142857656,11,1,ema_ribbon_bounce_short,1.8709071384712361,SL,2021-10-05 12:00:00+00:00,-2.771384712361158,-722.2553117276842,15,False
2021-10-05 12:15:00+00:00,21,GBP_AUD,SHORT,1.87064,1.8708717482978685,1.868321841360484,1.868321841360484,1.868321841360484,3085385.16,4,LONDON,2.0,0.001279079319758009,26.848478117037068,45.50308730888999,1.8709633706329716,1.8683059627380385,-9.712253414106975,False,-0.00023076890880909608,8.73863025163206,-0.8337063297148006,0.09375000000027105,12,1,ema_ribbon_bounce_short,1.8708717482978685,SL,2021-10-05 12:30:00+00:00,-2.317482978684282,-715.0327590985081,15,False
2021-10-05 16:45:00+00:00,21,GBP_AUD,SHORT,1.8697,1.8710229196009882,1.8673933988126774,1.8673933988126774,1.8673933988126774,535091.04,4,OVERLAP,2.0,0.0012733005936612777,15.989699718708854,46.02579525610859,1.8705186602302841,1.8686048357187963,-8.7779779546171,False,3.676419346231746e-05,60.08492569002087,-5.786602302841892,0.6363636363638199,16,1,ema_ribbon_bounce_short,1.8673933988126774,TP3,2021-10-05 21:45:00+00:00,23.066012304292155,1234.2416512556488,300,True
2021-10-06 09:15:00+00:00,21,GBP_AUD,LONG,1.87473,1.8703757262818876,1.8772915929647287,1.8772915929647287,1.8772915929647287,165406.42,4,LONDON,2.0,0.0014007964823643832,33.974902977195335,52.86682298619119,1.873071626519888,1.8702829875367182,-4.610156640476593,False,-0.0001870941253020726,31.887755102038895,14.183734801120895,0.17600000000009094,9,2,ema_ribbon_bounce_long,1.8703757262818876,SL,2021-10-06 12:45:00+00:00,-43.54273718112366,-720.2248274130558,210,False
2021-10-06 15:30:00+00:00,21,GBP_AUD,SHORT,1.87094,1.8734007749931454,1.8679535842692034,1.8679535842692034,1.8679535842692034,289755.3,4,OVERLAP,2.0,0.001613207865398352,35.18162640013086,47.13318381236347,1.8721411495562528,1.870643317172604,-10.945199872183231,False,3.609937359986832e-05,70.95704400052568,-9.61149556252705,0.09345794392523171,15,2,ema_ribbon_bounce_short,1.8679535842692034,TP3,2021-10-06 18:00:00+00:00,29.864158338634297,865.3298158658482,150,True
2021-10-07 10:15:00+00:00,21,GBP_AUD,SHORT,1.86424,1.8682503157663046,1.8618999977959636,1.8618999977959636,1.8618999977959636,179954.88,4,LONDON,2.0,0.0012900011020181342,27.562463249506198,48.24169440947718,1.8654455947022202,1.8681363868984888,0.190542969999985,False,0.00026873075874200543,35.1594627915897,-9.655947022202405,0.5344827586207227,10,3,ema_ribbon_bounce_short,1.8618999977959636,TP3,2021-10-07 11:30:00+00:00,23.400023340690126,421.0948392271091,75,True
2021-10-08 15:30:00+00:00,21,GBP_AUD,LONG,1.8654600000000001,1.8622771948565342,1.8686736902224919,1.8686736902224919,1.8686736902224919,228065.12,3,OVERLAP,2.0,0.0017268451112458498,23.783298413205056,52.95003664637788,1.8642118370621688,1.8648691958895083,7.834478790758048,False,4.2005803907458196e-05,30.613830613831734,10.081629378313473,0.4684684684684667,15,4,ema_ribbon_bounce_long,1.8622771948565342,SL,2021-10-08 18:45:00+00:00,-31.828051434659162,-725.8868369811714,195,False
2021-10-08 20:15:00+00:00,21,GBP_AUD,SHORT,1.86257,1.8647535244096334,1.8609533052708702,1.8609533052708702,1.8609533052708702,329113.78,5,NY,2.0,0.0009583473645648798,22.394081331948872,44.057487406193,1.8637233778622144,1.8646095684169908,-13.278116648314242,False,-2.5889007527006818e-05,63.96381312791936,-8.533778622143995,0.6229508196722088,20,4,ema_ribbon_bounce_short,1.8647535244096334,SL,2021-10-10 23:00:00+00:00,-21.83524409633319,-718.6279721766903,3045,False
2021-10-11 04:00:00+00:00,21,GBP_AUD,SHORT,1.86283,1.8645702967190383,1.8613582813646,1.8613582813646,1.8613582813646,408804.83,5,ASIAN,2.0,0.0008858593177000351,25.839219912385847,47.4214841312076,1.863570035095481,1.8643333858836906,-9.849090748437206,False,-9.768661334354852e-06,69.27450110563994,-4.400350954809618,0.45652173913062366,4,0,ema_ribbon_bounce_short,1.8613582813646,TP3,2021-10-11 06:15:00+00:00,14.717186714005964,601.6457012697467,135,True
2021-10-12 16:00:00+00:00,21,GBP_AUD,SHORT,1.84655,1.8514025792956326,1.8437582732105369,1.8437582732105369,1.8437582732105369,147850.89,4,OVERLAP,2.0,0.0015158633947315251,24.19072079043796,47.288700964736606,1.8479416061286802,1.8535296313793106,-1.2862791643941662,False,0.0001098929926584557,27.10076918254701,-11.516061286802604,0.51898734177228,16,1,ema_ribbon_bounce_short,1.8514025792956326,SL,2021-10-12 23:45:00+00:00,-48.52579295632653,-717.458167654861,465,False
2021-10-13 11:15:00+00:00,21,GBP_AUD,SHORT,1.85194,1.8532095835905216,1.8495531855238405,1.8495531855238405,1.8495531855238405,559461.84,4,LONDON,2.0,0.0013134072380797147,30.20263423165163,44.36626764979273,1.8527628598707495,1.8527217679712071,-8.48747982769904,False,-0.00012002377571464505,15.351750687034643,-5.828598707495747,0.5390624999999906,11,2,ema_ribbon_bounce_short,1.8532095835905216,SL,2021-10-13 12:30:00+00:00,-12.6958359052165,-710.2835715870489,75,False
2021-10-13 17:45:00+00:00,21,GBP_AUD,SHORT,1.84971,1.852916906845148,1.8474196834614087,1.8474196834614087,1.8474196834614087,219270.71,5,NY,2.0,0.0012951582692955579,30.36110243895336,43.1387752654717,1.8516682007927279,1.852395249407902,-20.631351137756493,False,-1.5591644859834714e-05,53.2124441458264,-16.582007927279374,0.4594594594594,17,2,ema_ribbon_bounce_short,1.852916906845148,SL,2021-10-14 01:45:00+00:00,-32.06906845148127,-703.18074083949,480,False
2021-10-14 05:30:00+00:00,21,GBP_AUD,SHORT,1.84951,1.8518722859954475,1.8481598025737451,1.8481598025737451,1.8481598025737451,294692.91,5,ASIAN,2.0,0.0008250987131274661,34.31477020060721,42.42715220432396,1.8507924128930942,1.851756090860007,-17.263975323249525,False,-0.00012712814689208135,52.43555213543692,-9.824128930941978,0.33333333333345083,5,3,ema_ribbon_bounce_short,1.8481598025737451,TP3,2021-10-14 08:00:00+00:00,13.50197472071961,397.89362211952994,150,True
2021-10-21 10:30:00+00:00,21,GBP_AUD,LONG,1.84322,1.8391981074975308,1.8455875203804755,1.8455875203804755,1.8455875203804755,174079.21,4,LONDON,2.0,0.0013037601902376687,30.107934030922667,56.49974088143917,1.8407155693616393,1.8421844268091514,-2.7681927186518074,False,-0.0003291431682948562,32.234893311815824,22.644306383607926,0.7355371900825977,10,3,ema_ribbon_bounce_long,1.8455875203804755,TP3,2021-10-21 16:45:00+00:00,23.67520516477862,412.1361011672583,375,True
2021-10-22 03:00:00+00:00,21,GBP_AUD,SHORT,1.84488,1.8454954467632403,1.842719113819892,1.842719113819892,1.842719113819892,1144289.43,4,ASIAN,2.0,0.001230443090054029,23.687663905994004,45.29135360192169,1.8454892869318043,1.8437637707993837,9.001763147378217,False,-0.000207747088910683,65.49623937213612,-3.0928693180420908,0.179487179487216,3,4,ema_ribbon_bounce_short,1.8454954467632403,SL,2021-10-22 03:15:00+00:00,-6.154467632402127,-704.249225903488,15,False
2021-10-22 03:15:00+00:00,21,GBP_AUD,SHORT,1.84468,1.8454767163141987,1.8425848914041854,1.8425848914041854,1.8425848914041854,875100.36,4,ASIAN,2.0,0.0011975542979073242,20.751644844707663,44.04135543987806,1.8454693148952628,1.8437758725824744,6.935554913007902,False,-0.00016555881152457226,57.12846550612483,-4.893148952627158,0.22077922077917958,3,4,ema_ribbon_bounce_short,1.8454767163141987,SL,2021-10-22 03:30:00+00:00,-7.967163141986421,-697.2067333731048,15,False
2021-10-22 19:30:00+00:00,21,GBP_AUD,LONG,1.84228,1.8404492773698193,1.844550584617516,1.844550584617516,1.844550584617516,377028.53,3,NY,2.0,0.0012852923087580486,25.75309439460048,53.47163666886165,1.8412553267103602,1.8423486892456609,19.02841167391589,False,-6.489101161965204e-05,37.158469945360046,7.246732896397656,0.23999999999982236,19,4,ema_ribbon_bounce_long,1.8404492773698193,SL,2021-10-22 20:45:00+00:00,-18.307226301805812,-690.2346620947183,75,False
2021-10-24 23:30:00+00:00,21,GBP_AUD,LONG,1.84291,1.840740882706334,1.8446871447764608,1.8446871447764608,1.8446871447764608,315027.83,4,NY,2.0,0.0010385723882304024,26.24500620676173,55.93953618782287,1.8415731527411137,1.8422801375642173,24.07611510326424,False,6.42277621879855e-05,62.99267694195911,10.368472588864197,0.1857142857145123,23,6,ema_ribbon_bounce_long,1.840740882706334,SL,2021-10-25 01:30:00+00:00,-21.691172936659783,-683.332314039066,120,False
2021-10-25 15:45:00+00:00,21,GBP_AUD,SHORT,1.83755,1.8408993266598273,1.8352335451399324,1.8352335451399324,1.8352335451399324,201980.6,4,OVERLAP,2.0,0.0012782274300337645,20.554580955347713,48.9151745373918,1.8385878706753433,1.8407642279871574,1.9892718044323132,False,0.00010257907217789614,72.88203557888367,-7.978706753433151,0.7317073170730518,15,0,ema_ribbon_bounce_short,1.83703,TIME,2021-10-25 23:45:00+00:00,5.20000000000076,105.02991200001534,480,True
2021-10-28 03:15:00+00:00,21,GBP_AUD,LONG,1.83118,1.828672754052731,1.8332294134253675,1.8332294134253675,1.8332294134253675,270236.47,3,ASIAN,2.0,0.0011747067126837223,34.846063299316356,55.52114835666944,1.8294537487247102,1.8317376705558255,20.65715134671464,False,-0.0001746414725236026,45.92998629624956,14.26251275289836,0.21052631578965822,3,3,ema_ribbon_bounce_long,1.828672754052731,SL,2021-10-28 07:00:00+00:00,-25.072459472690326,-677.5492942117894,225,False
2021-10-28 17:45:00+00:00,21,GBP_AUD,SHORT,1.8277400000000001,1.830786928318125,1.8252854253666566,1.8252854253666566,1.8252854253666566,220147.55,5,NY,2.0,0.0013772873166717028,30.786859583201924,46.54851236354013,1.8290066600083423,1.83068466967437,-12.4629953945532,False,-1.590231754957668e-05,72.80738108169767,-9.666600083422239,0.40860215053750093,17,3,ema_ribbon_bounce_short,1.830786928318125,SL,2021-10-28 22:30:00+00:00,-30.469283181249196,-670.7738042608216,285,False
2021-11-01 21:30:00+00:00,21,GBP_AUD,SHORT,1.81602,1.8206942175122576,1.8135294650454892,1.8135294650454892,1.8135294650454892,142070.0,4,NY,2.0,0.0013952674772553944,25.038700160653903,48.16846893618034,1.8175399924984073,1.8221043822963197,-19.1126938158237,False,0.00019049571984394514,59.41043083900013,-12.199924984073185,0.6917293233082669,21,0,ema_ribbon_bounce_short,1.8135294650454892,TP3,2021-11-02 01:00:00+00:00,24.905351298141607,353.83032589269783,210,True
2021-11-03 10:15:00+00:00,21,GBP_AUD,SHORT,1.8302,1.831063240655196,1.8280365239372125,1.8280365239372125,1.8280365239372125,773369.94,4,LONDON,2.0,0.0012017380313938337,37.39495463857895,47.07230719947611,1.8310505817378948,1.8276829651477429,8.197108315175505,False,0.00016160979592540106,41.91845285555593,-6.105817378947442,0.10975609756087654,10,2,ema_ribbon_bounce_short,1.831063240655196,SL,2021-11-03 11:30:00+00:00,-8.632406551960512,-667.6043737145309,75,False
2021-11-05 16:30:00+00:00,21,GBP_AUD,SHORT,1.8215299999999999,1.8265017396855692,1.8183076270891627,1.8183076270891627,1.8183076270891627,132937.03,4,OVERLAP,2.0,0.0017311864554186301,14.538498428126928,46.48845934928866,1.823204622239122,1.8267770225765518,-7.804722856856738,False,1.5882821271382764e-05,42.917952912410406,-14.34622239122163,0.10389610389620127,16,4,ema_ribbon_bounce_short,1.82338,TIME,2021-11-08 01:30:00+00:00,-18.500000000001293,-245.9335055000172,3420,False
2021-11-08 17:00:00+00:00,21,GBP_AUD,LONG,1.82632,1.822769892402814,1.8286500170840578,1.8286500170840578,1.8286500170840578,185478.6,3,NY,2.0,0.0013150085420289318,25.5081927058654,52.88012494145168,1.824620671202251,1.8248629264981535,11.752555057022995,False,-0.0002761498510970024,17.209265739667803,13.993287977489555,0.30841121495317986,17,0,ema_ribbon_bounce_long,1.8286500170840578,TP3,2021-11-08 23:30:00+00:00,23.300172096797713,432.16833002731045,390,True
2021-11-09 11:00:00+00:00,21,GBP_AUD,LONG,1.83054,1.8268628081421334,1.8327294709871398,1.8327294709871398,1.8327294709871398,180243.7,4,LONDON,2.0,0.001214735493569868,36.24245029611321,53.53486680627828,1.8292880867802541,1.827050440698601,7.2961269397131545,False,0.00024306845905236124,54.05577615661951,10.11913219745919,0.2612612612611856,11,1,ema_ribbon_bounce_long,1.8327294709871398,TP3,2021-11-09 13:00:00+00:00,21.89471108612546,394.6383736594272,120,True
2021-11-11 13:15:00+00:00,21,GBP_AUD,LONG,1.83649,1.832597876351019,1.8389900095656642,1.8389900095656642,1.8389900095656642,171304.18,5,OVERLAP,2.0,0.001370004782832091,17.06594669970541,57.59789342591089,1.8344615587656112,1.8333097726588594,10.550858393203466,False,-2.5654151977448376e-05,77.25248372730283,17.884412343887046,0.6303030303030148,13,3,ema_ribbon_bounce_long,1.832597876351019,SL,2021-11-11 15:15:00+00:00,-38.92123648981061,-666.7370501473084,120,False
2021-11-11 21:00:00+00:00,21,GBP_AUD,SHORT,1.83192,1.8345161354121169,1.8303629194645878,1.8303629194645878,1.8303629194645878,254250.87,4,NY,2.0,0.000928540267706054,24.341573467884025,42.4032934612225,1.8334490624892463,1.8332812130945102,-18.149818448913724,False,5.846419538060036e-05,52.37803030303174,-12.290624892463686,0.809917355371781,21,3,ema_ribbon_bounce_short,1.8303629194645878,TP3,2021-11-11 22:15:00+00:00,15.570805966540435,395.8890963594097,75,True
2021-11-12 04:15:00+00:00,21,GBP_AUD,LONG,1.83449,1.8328368440830245,1.8357913892200257,1.8357913892200257,1.8357913892200257,401673.29,4,ASIAN,2.0,0.0008006946100128188,15.031769931334109,54.3331168290162,1.833693549650123,1.833373468289552,2.318872705673325,False,-3.7700102000131426e-06,19.365492208473935,4.964503498769979,0.31707317073160163,4,4,ema_ribbon_bounce_long,1.8328368440830245,SL,2021-11-12 05:30:00+00:00,-16.531559169754573,-664.0285760544988,75,False
2021-11-12 12:30:00+00:00,21,GBP_AUD,LONG,1.8359,1.8328960794661144,1.8378997668911259,1.8378997668911259,1.8378997668911259,218843.44,4,LONDON,2.0,0.001119883445562934,27.603159330058162,57.48051085837474,1.8343465071941016,1.833644101098298,6.005945020353121,False,-3.5467956487894765e-05,48.99799551566789,13.134928058984308,0.586776859504155,12,4,ema_ribbon_bounce_long,1.8328960794661144,SL,2021-11-12 14:15:00+00:00,-30.039205338856508,-657.3883031221725,105,False
2021-11-14 22:45:00+00:00,21,GBP_AUD,SHORT,1.82959,1.8334861071585802,1.8275742115666131,1.8275742115666131,1.8275742115666131,167042.23,4,NY,2.0,0.0011578942166934844,32.229207661294716,44.87849918924415,1.8314129833657116,1.8328102490477007,-31.198903125864152,False,0.00014929803584194158,74.25676259614276,-15.229833657115499,0.09844559585487757,22,6,ema_ribbon_bounce_short,1.82853,TIME,2021-11-15 06:45:00+00:00,10.600000000000609,177.06476380001018,480,True
2021-11-18 16:15:00+00:00,21,GBP_AUD,LONG,1.85489,1.850975299849231,1.8579451547636492,1.8579451547636492,1.8579451547636492,166701.16,3,OVERLAP,2.0,0.0016475773818245977,36.82158071758424,52.46285405325257,1.853827826042041,1.8484147436155918,10.33036224201922,False,0.0002609618569807239,37.542001445413796,8.22173957958805,0.28378378378385677,16,3,ema_ribbon_bounce_long,1.85453,TIME,2021-11-19 00:15:00+00:00,-3.5999999999991594,-60.01241759998599,480,False
2021-11-19 05:15:00+00:00,21,GBP_AUD,SHORT,1.85297,1.8546213104672493,1.8515734539457183,1.8515734539457183,1.8515734539457183,394828.8,4,ASIAN,2.0,0.0008482730271408777,18.590911831635818,42.59057638758188,1.8542032363365877,1.850872859229737,-7.4204842162206575,False,-8.116618625578836e-05,18.786165265326986,-9.332363365877061,0.12087912087915574,5,4,ema_ribbon_bounce_short,1.8515734539457183,TP3,2021-11-19 06:00:00+00:00,13.965460896526707,551.3966167222565,45,True
2021-11-19 16:00:00+00:00,21,GBP_AUD,LONG,1.85593,1.8524975321802937,1.8587980031579634,1.8587980031579634,1.8587980031579634,191552.82,4,OVERLAP,2.0,0.0015540015789816193,24.488348166344633,55.179291670542376,1.854437529046521,1.8520085898308212,14.39372365679814,False,-3.942931435518371e-05,84.17942451090369,12.524709534791345,0.22377622377628567,16,4,ema_ribbon_bounce_long,1.8587980031579634,TP3,2021-11-19 19:00:00+00:00,28.680033076871972,549.3741213568104,180,True
2021-11-22 00:30:00+00:00,21,GBP_AUD,LONG,1.85849,1.8547862613769728,1.8604496254043177,1.8604496254043177,1.8604496254043177,179006.33,4,ASIAN,2.0,0.0011298127021588506,19.682398041377365,54.025629463989404,1.8569768327754024,1.8536810080899986,30.00265226477339,False,-0.00014263879992023514,53.11186397121372,12.131672245976333,0.5434782608694865,0,0,ema_ribbon_bounce_long,1.8547862613769728,SL,2021-11-22 03:30:00+00:00,-37.03738623027197,-662.992658187352,180,False
2021-11-22 23:15:00+00:00,21,GBP_AUD,LONG,1.85412,1.8520665751549656,1.8558288977741315,1.8558288977741315,1.8558288977741315,319642.92,5,NY,2.0,0.001004448887065694,20.56401242614214,57.349058796403106,1.8527145616173295,1.8530292495598215,25.5213607660032,False,-1.0536156820961933e-05,67.65408504539208,11.054383826705205,0.4358974358974432,23,0,ema_ribbon_bounce_long,1.8520665751549656,SL,2021-11-23 01:30:00+00:00,-20.534248450343462,-656.3627134673259,135,False
2021-11-23 04:00:00+00:00,21,GBP_AUD,LONG,1.85404,1.8522248695336596,1.8556067493276527,1.8556067493276527,1.8556067493276527,357990.29,5,ASIAN,2.0,0.0009333746638264142,22.966899727638683,54.39635480560798,1.8530542159462162,1.8530838509041712,22.13412956549199,False,8.716070279814821e-06,63.89457630098287,6.857840537837223,0.14893617021280617,4,1,ema_ribbon_bounce_long,1.8556067493276527,TP3,2021-11-23 05:45:00+00:00,15.66749371417907,560.8810618312142,105,True
2021-11-25 02:15:00+00:00,21,GBP_AUD,SHORT,1.851,1.8532282551440933,1.8494791352876265,1.8494791352876265,1.8494791352876265,294135.03,3,ASIAN,2.0,0.0009104323561866919,19.851011535419055,47.17994773694307,1.8519884458425813,1.8525302713052811,-14.803349382441766,False,8.698882788999704e-05,43.190052700922344,-6.8844584258132,0.40000000000009867,2,3,ema_ribbon_bounce_short,1.8532282551440933,SL,2021-11-25 03:15:00+00:00,-22.28255144093305,-655.4078936555387,60,False
2021-11-25 06:45:00+00:00,21,GBP_AUD,LONG,1.85351,1.851782116950144,1.8546452853250721,1.8546452853250721,1.8546452853250721,375519.52,4,ASIAN,2.0,0.0007176426625360255,25.419824959606096,56.46008466250551,1.8524733890874974,1.8525931544864032,4.2751019936226875,False,-1.7296608960445145e-05,44.029906263944504,7.366109125026554,0.7076923076927019,6,3,ema_ribbon_bounce_long,1.851782116950144,SL,2021-11-25 07:30:00+00:00,-17.278830498559383,-648.8538134980381,45,False
2021-11-25 14:15:00+00:00,21,GBP_AUD,SHORT,1.8524,1.853978466143376,1.85052174307474,1.85052174307474,1.85052174307474,406955.37,3,OVERLAP,2.0,0.0010591284626300039,17.742015037946132,45.81102519525523,1.8531168624864263,1.8528135431533872,-10.157049869816692,False,-9.826917774646054e-05,45.781557580870185,-4.768624864261994,0.17187499999968558,14,3,ema_ribbon_bounce_short,1.853978466143376,SL,2021-11-25 17:45:00+00:00,-15.784661433759783,-642.3652734100443,210,False
2021-11-26 21:30:00+00:00,21,GBP_AUD,LONG,1.8728,1.8614617106547384,1.880220254567437,1.880220254567437,1.880220254567437,56087.97,4,NY,2.0,0.0038601272837184074,37.520288453799814,54.13092203507646,1.8688906291865184,1.8610986660322246,45.6339834298558,False,-0.00020778186809885797,43.36989032901378,36.093708134816715,0.2938005390835594,21,4,ema_ribbon_bounce_long,1.86845,TIME,2021-11-29 05:30:00+00:00,-43.50000000000076,-243.98266950000428,3360,False
2021-11-29 21:00:00+00:00,21,GBP_AUD,SHORT,1.86481,1.8670008935665379,1.8629940505027958,1.8629940505027958,1.8629940505027958,289152.25,4,NY,2.0,0.001057974748602139,20.976626051204825,48.53585272316459,1.8657387584748044,1.8642848513503232,-7.616987436660505,False,7.091686027817218e-05,64.74244215504807,-6.287584748043695,0.436363636363629,21,0,ema_ribbon_bounce_short,1.8629940505027958,TP3,2021-11-29 22:00:00+00:00,18.15949560006854,525.0859011624918,60,True
2021-11-30 20:15:00+00:00,21,GBP_AUD,SHORT,1.86592,1.8693110549811376,1.8626040895356704,1.8626040895356704,1.8626040895356704,188363.99,3,NY,2.0,0.0018079552321648685,18.82787921967631,47.45092734001792,1.867415074548077,1.8664114493736923,-21.29678039624272,False,4.5831988956157826e-05,71.64777021919926,-11.950745480771019,0.18556701030936568,20,1,ema_ribbon_bounce_short,1.8626040895356704,TP3,2021-12-01 01:30:00+00:00,33.159106403670506,624.5981587029927,315,True
2021-12-01 10:15:00+00:00,21,GBP_AUD,SHORT,1.86006,1.8651859071151706,1.856954636802334,1.856954636802334,1.856954636802334,125831.12,3,LONDON,2.0,0.0016726815988330728,16.940526900903617,46.43064664014695,1.8618456014907623,1.8644548193260295,-8.252176671725842,False,7.97306338641433e-05,38.69410899017631,-15.456014907622162,0.5673758865247065,10,2,ema_ribbon_bounce_short,1.8651859071151706,SL,2021-12-01 13:00:00+00:00,-51.259071151705804,-644.9986333178831,165,False
2021-12-01 22:15:00+00:00,21,GBP_AUD,LONG,1.86786,1.8633787453879163,1.8702387493789256,1.8702387493789256,1.8702387493789256,142493.28,5,NY,2.0,0.0013393746894627726,35.16575077457183,56.120634839500916,1.8654034869722276,1.8647258725492082,35.875499968662794,False,-0.00016637575768791942,42.5871937944821,21.56513027772533,0.677419354838779,22,2,ema_ribbon_bounce_long,1.8702387493789256,TP3,2021-12-02 00:45:00+00:00,23.787495458632243,338.95582508856126,150,True
2021-12-02 18:15:00+00:00,21,GBP_AUD,LONG,1.87562,1.8700270106419454,1.8785185756219909,1.8785185756219909,1.8785185756219909,114775.51,4,NY,2.0,0.0015992878109954017,27.387387796948907,52.6437117785863,1.8738101775517884,1.8691942931672085,5.991257508537462,False,-9.829612257542721e-05,70.79179739730772,15.098224482117395,0.6700000000000955,18,3,ema_ribbon_bounce_long,1.8785185756219909,TP3,2021-12-03 01:15:00+00:00,28.985758745338465,332.68552427331826,420,True
2021-12-06 18:00:00+00:00,21,GBP_AUD,SHORT,1.8807500000000001,1.8850179751309069,1.8782016882744006,1.8782016882744006,1.8782016882744006,151187.64,4,NY,2.0,0.0014241558627998043,27.179119952498713,46.32260104649584,1.8830527300315631,1.881547280381534,-21.04432226065489,False,0.00029146800271517316,56.069210823961974,-20.02730031563038,0.13432835820885136,18,0,ema_ribbon_bounce_short,1.8782016882744006,TP3,2021-12-06 22:00:00+00:00,25.48311894152464,385.2732612608409,240,True
2021-12-07 03:15:00+00:00,21,GBP_AUD,SHORT,1.88048,1.8838080382318472,1.8782150564887072,1.8782150564887072,1.8782150564887072,195045.18,4,ASIAN,2.0,0.001282471755646339,18.769428952267305,45.08034587168959,1.8819322227047899,1.8815410924849663,-19.978197040335655,False,-8.664312999147892e-06,33.26174397651163,-11.522227047899847,0.9380530973453084,3,1,ema_ribbon_bounce_short,1.8782150564887072,TP3,2021-12-07 04:15:00+00:00,22.649436274167382,441.76633749935064,60,True
2021-12-09 16:30:00+00:00,21,GBP_AUD,LONG,1.84679,1.844395102043323,1.8499366397946324,1.8499366397946324,1.8499366397946324,272886.56,3,OVERLAP,2.0,0.0016933198973162473,25.77325632198726,52.04577973136177,1.8452495678223182,1.8512528162969069,6.679023501685588,False,-0.00016896501338755938,31.980856165792193,13.004321776817207,0.3061224489795641,16,3,ema_ribbon_bounce_long,1.8499366397946324,TP3,2021-12-09 22:45:00+00:00,31.46639909941923,858.6757405827611,375,True
2021-12-10 02:30:00+00:00,21,GBP_AUD,LONG,1.84999,1.8468480029271042,1.851670903082952,1.851670903082952,1.851670903082952,210732.92,4,ASIAN,2.0,0.000990451541475939,20.837701077685278,51.62172874590762,1.8485906642111862,1.850566423415155,28.02046209249509,False,-0.00020651983241485672,16.40964373836589,10.993357888138267,0.9101123595504776,2,4,ema_ribbon_bounce_long,1.8468480029271042,SL,2021-12-10 08:00:00+00:00,-31.419970728958635,-662.1222178027982,330,False
2021-12-10 12:15:00+00:00,21,GBP_AUD,SHORT,1.8446,1.8488680443163765,1.842110941062624,1.842110941062624,1.842110941062624,153583.46,5,LONDON,2.0,0.0013645294686880285,44.026414180505775,40.34902643999057,1.8472539216570305,1.8495380662851317,-13.586788101158653,False,-6.0017892446113203e-05,51.38556296644551,-24.13921657030471,0.6329113924050277,12,4,ema_ribbon_bounce_short,1.842110941062624,TP3,2021-12-10 14:00:00+00:00,24.890590994416137,382.27830863672705,105,True
2021-12-12 22:15:00+00:00,21,GBP_AUD,LONG,1.84959,1.8466467852098802,1.85143039091731,1.85143039091731,1.85143039091731,224014.84,3,NY,2.0,0.0010701954586549768,36.76772324560909,55.502838429481585,1.8480693128619123,1.8489262137945717,33.404750994876494,False,-0.00015865132441959654,41.957465596582885,12.206871380877615,0.3061224489797907,22,6,ema_ribbon_bounce_long,1.8466467852098802,SL,2021-12-13 04:30:00+00:00,-29.4321479011983,-659.3237902943273,375,False
2021-12-13 23:30:00+00:00,21,GBP_AUD,SHORT,1.8522100000000001,1.8540471319897958,1.8502061258032994,1.8502061258032994,1.8502061258032994,355298.67,5,NY,2.0,0.0011519370983504044,25.30704275676095,45.38009976904605,1.853705481916729,1.85173479451996,-42.4798015813721,False,0.0002247445936089975,79.38623232587372,-11.954819167288022,0.7789473684210083,23,0,ema_ribbon_bounce_short,1.8540471319897958,SL,2021-12-14 00:15:00+00:00,-18.37131989795626,-652.7305525888395,45,False
2021-12-14 06:15:00+00:00,21,GBP_AUD,LONG,1.85772,1.8534405073516795,1.8598922708045609,1.8598922708045609,1.8598922708045609,150999.96,3,ASIAN,2.0,0.001236135402280437,45.875064035122065,52.245909352345066,1.856107410907494,1.8529964562691903,5.762511666984604,False,-0.00018765466772807475,29.65214541942613,13.12589092506089,0.20792079207904032,6,1,ema_ribbon_bounce_long,1.8534405073516795,SL,2021-12-14 07:15:00+00:00,-42.79492648320504,-646.2032187166901,60,False
2021-12-14 16:15:00+00:00,21,GBP_AUD,LONG,1.8596,1.8546116627798284,1.862958327929847,1.862958327929847,1.862958327929847,128247.39,4,OVERLAP,2.0,0.0017991639649235689,21.300950518383768,53.2984286355176,1.8577595125493058,1.8545235402885878,14.24900550145658,False,-0.00012194240835150234,74.05189620758598,16.00487450694077,0.34000000000004443,16,1,ema_ribbon_bounce_long,1.862958327929847,TP3,2021-12-14 22:45:00+00:00,33.58328191710284,430.69682535026357,390,True
2021-12-15 16:30:00+00:00,21,GBP_AUD,SHORT,1.85574,1.860353747419864,1.8526311537698847,1.8526311537698847,1.8526311537698847,139593.29,4,OVERLAP,2.0,0.0016744231150575806,28.435385990999613,45.19581383571501,1.8581239772487759,1.8576578365457106,-15.575542121530894,False,0.0001509720084948901,32.59803921568551,-21.43977248775908,0.15231788079465816,16,2,ema_ribbon_bounce_short,1.8526311537698847,TP3,2021-12-15 19:00:00+00:00,31.08846452822629,433.97410445434065,150,True
2021-12-16 04:45:00+00:00,21,GBP_AUD,SHORT,1.8501,1.855276547301062,1.8474102568552178,1.8474102568552178,1.8474102568552178,125254.9,5,ASIAN,2.0,0.0014948715723911452,21.404883760364616,47.10718580167082,1.8518352756416292,1.8550380138618607,-38.46832974001568,False,6.43446098638595e-05,30.497079290225177,-14.352756416291523,0.7822580645159789,4,3,ema_ribbon_bounce_short,1.8474102568552178,TP3,2021-12-16 09:30:00+00:00,26.8974335952387,336.90353552282636,285,True
2021-12-16 16:30:00+00:00,21,GBP_AUD,LONG,1.85371,1.8489332241453684,1.858275858704309,1.858275858704309,1.858275858704309,136442.86,3,OVERLAP,2.0,0.002402929352154493,29.450581017760143,56.95775789088101,1.8503813212840678,1.8530072561482434,34.31784902989676,False,0.00011893369686638306,40.48274186088744,30.886787159321027,0.9190140845069859,16,3,ema_ribbon_bounce_long,1.85663,TIME,2021-12-17 00:30:00+00:00,29.200000000000337,398.41315120000456,480,True
2021-12-17 17:15:00+00:00,21,GBP_AUD,SHORT,1.85514,1.857826268698847,1.8521061438655786,1.8521061438655786,1.8521061438655786,244108.52,5,NY,2.0,0.0016669280672107032,16.97019688786091,45.823185616477495,1.8567148635277244,1.85542314580495,-15.174191243809698,False,-5.524818708821952e-05,60.9608272258395,-12.748635277244347,0.37037037037033993,17,4,ema_ribbon_bounce_short,1.857826268698847,SL,2021-12-17 20:45:00+00:00,-26.862686988469164,-655.7410763978464,210,False
2021-12-20 16:30:00+00:00,21,GBP_AUD,SHORT,1.85701,1.860173646379816,1.8534338091863445,1.8534338091863445,1.8534338091863445,205201.09,4,OVERLAP,2.0,0.001908095406827807,22.387337382556854,45.681548982255904,1.8585926293565453,1.8573295864788169,-14.142376444499227,False,-1.5650285755517855e-06,60.507936507936996,-13.426293565452774,0.7957746478872336,16,0,ema_ribbon_bounce_short,1.85795,TIME,2021-12-21 00:30:00+00:00,-9.399999999999407,-192.88902459998786,480,False
2021-12-21 03:30:00+00:00,21,GBP_AUD,SHORT,1.85664,1.8588133141856518,1.8545493501505437,1.8545493501505437,1.8545493501505437,297819.24,3,ASIAN,2.0,0.0011953249247282083,17.422335359690265,47.68798094705161,1.8574536819628726,1.857256140486509,-11.327980023387862,False,-3.885770913906626e-05,40.355353616199814,-5.13681962872603,0.22950819672135922,3,1,ema_ribbon_bounce_short,1.8588133141856518,SL,2021-12-21 07:45:00+00:00,-21.73314185651698,-647.2547790520076,255,False
2021-12-22 06:15:00+00:00,21,GBP_AUD,LONG,1.85863,1.8557139001842349,1.8604084056775279,1.8604084056775279,1.8604084056775279,219739.47,4,ASIAN,2.0,0.0010392028387638847,28.98153541901894,55.232801834019654,1.8569503224320965,1.856819229130813,14.188318744505768,False,-4.2763961937526836e-05,28.98865274665097,13.796775679035811,0.0540540540540108,6,2,ema_ribbon_bounce_long,1.8557139001842349,SL,2021-12-22 09:00:00+00:00,-29.16099815765127,-640.7822279833267,165,False
2021-12-22 23:30:00+00:00,21,GBP_AUD,SHORT,1.85049,1.8550377965634104,1.8480491850701213,1.8480491850701213,1.8480491850701213,139490.5,5,NY,2.0,0.0013704074649392806,14.695289609065068,47.471257953871124,1.8521516339222375,1.854987904234097,-31.347794683493913,False,0.00017994628145156762,50.22202575900587,-13.616339222375373,0.32876712328764207,23,2,ema_ribbon_bounce_short,1.8480491850701213,TP3,2021-12-23 07:30:00+00:00,24.408151048594156,340.47051938439233,480,True
2021-12-23 16:30:00+00:00,21,GBP_AUD,SHORT,1.8523399999999999,1.8546670864971193,1.8491974090586922,1.8491974090586922,1.8491974090586922,274067.65,5,OVERLAP,2.0,0.0016912954706538252,22.951256371704122,45.97205824319333,1.853080337254296,1.853769984542591,-8.290932471184398,False,-0.0005084956367471294,31.36906963284113,-5.003372542962126,0.3827160493827668,16,3,ema_ribbon_bounce_short,1.8491974090586922,TP3,2021-12-23 22:00:00+00:00,31.425910559724333,861.2825456213834,330,True
2021-12-24 09:45:00+00:00,21,GBP_AUD,SHORT,1.85096,1.8537292533322205,1.8484537821516234,1.8484537821516234,1.8484537821516234,233417.41,5,LONDON,2.0,0.0013731089241883264,31.476575769202967,43.54343364405638,1.8522738885320333,1.8529241364910034,-7.4365682914945275,False,-0.00010999078525722954,50.85784313725344,-10.738885320333846,0.4833333333333179,9,4,ema_ribbon_bounce_short,1.8537292533322205,SL,2021-12-24 11:45:00+00:00,-27.692533322205556,-646.3919404407917,120,False
2021-12-24 15:30:00+00:00,21,GBP_AUD,LONG,1.8549,1.8510064925393683,1.8581386638370796,1.8581386638370796,1.8581386638370796,164357.72,3,OVERLAP,2.0,0.0017393319185398212,22.40890709543104,57.72183329705865,1.8530188836840191,1.8530139388926807,17.851964115596086,False,0.00012197665951340947,82.28303579985582,16.411163159808506,0.17647058823529413,15,4,ema_ribbon_bounce_long,1.8510064925393683,SL,2021-12-26 22:00:00+00:00,-38.935074606316626,-639.9280090324098,3270,False
2021-12-27 17:00:00+00:00,21,GBP_AUD,LONG,1.8576,1.8538148602566853,1.8598725508922271,1.8598725508922271,1.8598725508922271,167372.62,5,NY,2.0,0.001286275446113558,24.548283030638324,55.13771815562692,1.8560021460422853,1.8543075933013293,4.316694828945256,False,-1.590644973413697e-05,92.61027681232281,12.978539577146453,0.8086956521738157,17,0,ema_ribbon_bounce_long,1.85662,TIME,2021-12-28 01:00:00+00:00,-9.799999999999807,-164.0251675999968,480,False
2021-12-28 20:30:00+00:00,21,GBP_AUD,LONG,1.85786,1.8552479744559167,1.8594728265217193,1.8594728265217193,1.8594728265217193,241915.13,4,NY,2.0,0.0009564132608596026,37.666105573734946,52.604936016905064,1.8566976514707447,1.8555748231046694,13.640122339835248,False,-0.0002507987155367542,39.433537869379464,8.623485292553745,0.5223880597016409,20,1,ema_ribbon_bounce_long,1.8594728265217193,TP3,2021-12-29 01:30:00+00:00,16.128265883883397,390.16715379742175,300,True
2021-12-29 18:45:00+00:00,21,GBP_AUD,LONG,1.86063,1.85705615501842,1.8628327918669512,1.8628327918669512,1.8628327918669512,177900.88,5,NY,2.0,0.0012513959334755618,19.807986808951277,55.07595810832369,1.8590225025754012,1.8573227809890187,16.901732679310832,False,3.309029305452959e-05,22.170191907034337,13.074974245987914,0.88732394366217,18,2,ema_ribbon_bounce_long,1.85705615501842,SL,2021-12-29 22:15:00+00:00,-35.73844981580088,-635.7901672066814,210,False
2021-12-30 11:30:00+00:00,21,GBP_AUD,SHORT,1.85587,1.859007938877165,1.853859202240754,1.853859202240754,1.853859202240754,200587.8,4,LONDON,2.0,0.0011253988796229356,25.390265762095357,46.056589845064394,1.8573694460426409,1.8576486045362226,4.342118246998261,False,0.00019101140131648454,54.510134838174395,-12.594460426409437,0.5648148148148301,11,3,ema_ribbon_bounce_short,1.859007938877165,SL,2021-12-30 13:15:00+00:00,-31.379388771650696,-629.4322559050115,105,False
2021-12-30 17:00:00+00:00,21,GBP_AUD,LONG,1.8599999999999999,1.8568177197987141,1.8623370680877844,1.8623370680877844,1.8623370680877844,195814.92,5,NY,2.0,0.0013185340438922686,36.13740472818876,56.91581941994095,1.8581520246379075,1.8578242151002042,22.358154731298985,False,9.69476877189637e-05,58.91276063689886,15.479753620923908,0.22321428571416005,17,3,ema_ribbon_bounce_long,1.8623370680877844,TP3,2021-12-30 21:45:00+00:00,23.370682071354242,457.6328240147665,285,True
2021-12-31 04:30:00+00:00,21,GBP_AUD,SHORT,1.86025,1.8609096601037893,1.8586304703380419,1.8586304703380419,1.8586304703380419,951572.28,4,ASIAN,2.0,0.0009597648309790267,17.29721119667294,45.748794314626835,1.860721553847512,1.8590377202060384,19.566020429797604,False,-0.0001504384764013914,29.510921177585853,-1.7155384751199598,0.6911764705881777,4,4,ema_ribbon_bounce_short,1.8586304703380419,TP3,2021-12-31 09:00:00+00:00,16.195296789776208,1541.0995491524027,270,True
2021-12-31 16:45:00+00:00,21,GBP_AUD,LONG,1.86313,1.858122072612832,1.8668526925184148,1.8668526925184148,1.8668526925184148,128421.44,4,OVERLAP,2.0,0.0019813462592073966,25.524050858391433,56.71434115450887,1.860511341070769,1.8594380398599824,23.415441044689622,False,9.142945901843629e-05,20.50603852956367,23.78658929230948,0.951327433628293,16,4,ema_ribbon_bounce_long,1.86022,TIME,2022-01-03 00:45:00+00:00,-29.09999999999968,-373.70639039999594,3360,False
2022-01-03 04:30:00+00:00,21,GBP_AUD,LONG,1.8625,1.8595863832447104,1.8644207110180482,1.8644207110180482,1.8644207110180482,219448.28,5,ASIAN,2.0,0.0011103555090240971,18.035801963877454,54.295238155636554,1.8611317322454701,1.8600246246759533,14.292068994801177,False,1.6232432189031718e-05,23.9983622857837,10.682677545299502,0.6101694915257937,4,0,ema_ribbon_bounce_long,1.8644207110180482,TP3,2022-01-03 11:00:00+00:00,19.2071110557268,421.496748494823,390,True
2022-01-04 22:15:00+00:00,21,GBP_AUD,SHORT,1.86798,1.8710312691106468,1.866381177138839,1.866381177138839,1.866381177138839,210929.66,3,NY,2.0,0.000949411430580467,40.99409219628258,40.29895199889017,1.8700757454259924,1.8683012519912483,-37.3618218352334,False,6.971557156838055e-05,45.64077351687981,-17.957454259924788,0.27999999999988634,22,1,ema_ribbon_bounce_short,1.866381177138839,TP3,2022-01-04 22:30:00+00:00,15.988229369598395,337.2391784931404,15,True
2022-01-04 23:00:00+00:00,21,GBP_AUD,SHORT,1.86793,1.8711953940842183,1.8658271669730428,1.8658271669730428,1.8658271669730428,198130.93,4,NY,2.0,0.0012014165134786167,29.981370813655705,41.03170800040616,1.869905345859606,1.868309335577623,-37.302612312488655,False,0.00014765954552797573,68.6492830859037,-16.753458596059367,0.4580152671754716,23,1,ema_ribbon_bounce_short,1.8711953940842183,SL,2022-01-05 01:45:00+00:00,-32.65394084218221,-646.9755667226543,165,False
2022-01-07 16:15:00+00:00,21,GBP_AUD,SHORT,1.89185,1.8923681194412136,1.8884754787716764,1.8884754787716764,1.8884754787716764,1236212.64,4,OVERLAP,2.0,0.0018072606141617817,23.409604767478704,44.96828354073698,1.8925555116294874,1.886197258044936,-17.521135354099382,False,-0.00019943810455316,38.09383758179157,-4.655116294873807,0.847619047619106,16,4,ema_ribbon_bounce_short,1.8923681194412136,SL,2022-01-07 19:15:00+00:00,-5.181194412136048,-640.5058022579951,180,False
2022-01-07 19:30:00+00:00,21,GBP_AUD,SHORT,1.89133,1.892030736795027,1.8890900225183966,1.8890900225183966,1.8890900225183966,904905.74,3,NY,2.0,0.0012699887408016567,12.20713686662407,46.90941071245451,1.8921031956093255,1.8868352209772536,-18.515722067502516,False,-2.425390903457262e-05,46.94035424669624,-4.731956093255718,0.017543859648849438,19,4,ema_ribbon_bounce_short,1.892030736795027,SL,2022-01-07 19:45:00+00:00,-7.007367950271347,-634.1007480492577,15,False
2022-01-10 16:30:00+00:00,21,GBP_AUD,LONG,1.89304,1.8886026168549825,1.8962284185190528,1.8962284185190528,1.8962284185190528,141470.71,5,OVERLAP,2.0,0.0017142092595263466,30.10181406671643,56.99404874061819,1.8904641353763882,1.888755257698194,23.00521047715831,False,0.00016333439149767716,24.312953449367438,23.35864623611794,0.903409090909088,16,0,ema_ribbon_bounce_long,1.89007,TIME,2022-01-11 00:30:00+00:00,-29.70000000000139,-420.16800870001964,480,False
2022-01-11 23:00:00+00:00,21,GBP_AUD,SHORT,1.88978,1.892672212428371,1.8880622346421592,1.8880622346421592,1.8880622346421592,215598.98,3,NY,2.0,0.001008882678920436,25.289861152153918,44.428061166090586,1.8913794308673584,1.890999623031561,-31.304779876473177,False,0.00011342382901037703,59.12303078400601,-12.994308673583976,0.35483870967740394,23,1,ema_ribbon_bounce_short,1.88991,TIME,2022-01-12 07:00:00+00:00,-1.2999999999996348,-28.02786739999213,480,False
2022-01-13 16:45:00+00:00,21,GBP_AUD,SHORT,1.87978,1.8835746316120476,1.8773531774713086,1.8773531774713086,1.8773531774713086,164252.51,5,OVERLAP,2.0,0.0013334112643457287,24.235850989748496,45.27056304177788,1.8810355129597889,1.884501256465183,-5.9661417501821745,False,1.3704341720019675e-05,7.705372523686435,-10.155129597888557,0.6534653465345664,16,3,ema_ribbon_bounce_short,1.8835746316120476,SL,2022-01-13 23:15:00+00:00,-37.946316120476276,-623.2777668041691,390,False
2022-01-14 04:30:00+00:00,21,GBP_AUD,LONG,1.88599,1.8822257802137732,1.8879471993053438,1.8879471993053438,1.8879471993053438,163923.74,4,ASIAN,2.0,0.0011285996526719125,35.87202810091799,54.14759728010011,1.8840215413119419,1.8842417634163486,37.12468221001019,False,-0.0002417203417156349,18.99876315415979,16.684586880582053,0.48275862068979597,4,4,ema_ribbon_bounce_long,1.8879471993053438,TP3,2022-01-14 09:15:00+00:00,19.571994247407112,320.8314496293459,285,True
2022-01-17 20:00:00+00:00,21,GBP_AUD,SHORT,1.89176,1.893804840756439,1.8905921621479258,1.8905921621479258,1.8905921621479258,303325.97,3,NY,2.0,0.0007339189260371719,13.379756323289355,44.524961676345924,1.8930260352743629,1.8915234968806676,-10.8861397991733,False,2.366758161682621e-05,59.530506508852945,-9.660352743627865,0.21951219512175307,20,0,ema_ribbon_bounce_short,1.8905921621479258,TP3,2022-01-17 21:45:00+00:00,11.678378905753885,354.23556096153357,105,True
2022-01-18 16:30:00+00:00,21,GBP_AUD,SHORT,1.89028,1.8943563065470306,1.8874659180803695,1.8874659180803695,1.8874659180803695,153029.63,3,OVERLAP,2.0,0.0015270409598153129,46.660334699701274,45.10214591788454,1.8923266357725057,1.8923148650670576,-20.933599323169627,False,3.853055398552515e-05,67.5520860716278,-18.06635772505727,0.1479289940828923,16,1,ema_ribbon_bounce_short,1.89304,TIME,2022-01-19 00:30:00+00:00,-27.600000000000954,-422.36177880001463,480,False
2022-01-19 16:15:00+00:00,21,GBP_AUD,SHORT,1.8871,1.8918940925659116,1.8846424629349503,1.8846424629349503,1.8846424629349503,129236.56,4,OVERLAP,2.0,0.0013487685325249128,27.339145164518,43.233550002348665,1.889378714832289,1.8912567949547863,-15.70229905075049,False,0.00012976610198631232,75.00497620469444,-20.387148322889015,0.33333333333317916,16,2,ema_ribbon_bounce_short,1.8846424629349503,TP3,2022-01-19 17:45:00+00:00,24.57537255207735,317.6036609348898,90,True
2022-01-24 00:30:00+00:00,21,GBP_AUD,LONG,1.88778,1.8846967737653888,1.8899433136209085,1.8899433136209085,1.8899433136209085,201979.37,5,ASIAN,2.0,0.0012316568104542727,31.11120481896498,53.78356681605627,1.8864942906206492,1.885855482175105,21.973451902330687,False,-0.00016912665463114548,74.6938077971332,9.857093793508298,0.6951219512194263,0,0,ema_ribbon_bounce_long,1.8899433136209085,TP3,2022-01-24 05:30:00+00:00,21.633137280141636,436.9447438966521,300,True
2022-01-24 18:30:00+00:00,21,GBP_AUD,SHORT,1.89157,1.892257551990151,1.888603044677652,1.888603044677652,1.888603044677652,912101.99,3,NY,2.0,0.001633477661173955,39.13715205651475,44.07078436852315,1.8922907807929386,1.8888607438275846,-11.203124966767675,False,-0.0003514457446615582,27.264758365155625,-4.2078079293861315,0.60402684563767,18,0,ema_ribbon_bounce_short,1.892257551990151,SL,2022-01-24 19:30:00+00:00,-6.875519901510252,-627.1175384452105,60,False
2022-01-25 23:15:00+00:00,21,GBP_AUD,SHORT,1.8861700000000001,1.8889883807411532,1.8839568258601538,1.8839568258601538,1.8839568258601538,220284.77,5,NY,2.0,0.0012565870699231708,16.875798250106836,44.95892224781286,1.8874595895328439,1.8878581457296562,-11.173547505460846,False,-2.1960260901443448e-05,48.384465775770224,-9.89589532843782,0.17777777777772844,23,1,ema_ribbon_bounce_short,1.8889883807411532,SL,2022-01-26 01:15:00+00:00,-28.18380741153037,-620.8463533373263,120,False
2022-01-26 04:00:00+00:00,21,GBP_AUD,SHORT,1.88658,1.888701154539676,1.8848015520354253,1.8848015520354253,1.8848015520354253,289765.73,5,ASIAN,2.0,0.0010392239822872502,18.52760162063632,45.34723733944529,1.887486373701989,1.8877979428126022,-7.094198070822788,False,-5.257429721733735e-05,25.286974880212423,-6.063737019890159,0.333333333333432,4,2,ema_ribbon_bounce_short,1.8848015520354253,TP3,2022-01-26 08:15:00+00:00,17.78448025949976,515.3332905064536,255,True
2022-01-26 13:15:00+00:00,21,GBP_AUD,SHORT,1.88339,1.887408797641719,1.8812190977697134,1.8812190977697134,1.8812190977697134,154223.05,4,OVERLAP,2.0,0.001205451115143281,20.163440334958576,44.7238713286493,1.8852819821652964,1.8869334267251667,-5.729759444166316,False,0.00013356757801759312,60.00433870899639,-16.51982165296495,0.6530612244897821,13,2,ema_ribbon_bounce_short,1.887408797641719,SL,2022-01-26 19:15:00+00:00,-40.187976417191955,-619.7912296387416,360,False
2022-01-26 22:00:00+00:00,21,GBP_AUD,LONG,1.89079,1.8850719556511113,1.8945240969511763,1.8945240969511763,1.8945240969511763,107308.25,3,NY,2.0,0.002017048475588167,40.804365878865234,56.27525647544145,1.8876929993109341,1.8871600686218077,36.001743958451456,False,7.097237976477137e-05,27.264108360166095,27.97000689065854,0.32748538011692035,22,2,ema_ribbon_bounce_long,1.8945240969511763,TP3,2022-01-27 00:45:00+00:00,37.34097299154877,400.6994465020363,165,True
2022-01-27 14:15:00+00:00,21,GBP_AUD,SHORT,1.89109,1.8941110033157624,1.8881045615011638,1.8881045615011638,1.8881045615011638,204435.5,3,OVERLAP,2.0,0.001612719249418069,45.209379082793745,42.69439037915459,1.8934335528549646,1.8908076833942054,-15.762858307686312,False,1.0703529165542042e-05,46.387939545833426,-21.03552854964663,0.1118881118880652,14,3,ema_ribbon_bounce_short,1.8941110033157624,SL,2022-01-27 15:15:00+00:00,-30.210033157624935,-617.6003233595633,60,False
2022-01-30 22:30:00+00:00,21,GBP_AUD,SHORT,1.9142000000000001,1.9129622911569917,1.9113876919181931,1.9113876919181931,1.9113876919181931,493996.88,3,NY,2.0,0.001556154040903449,19.97618082903171,43.45134957429669,1.9149283375204338,1.905469442480636,-17.103806162599433,False,-0.00015911924038387003,36.226415094344596,-4.28337520433697,0.5217391304346007,22,6,ema_ribbon_bounce_short,1.9129622911569917,SL,2022-01-30 22:45:00+00:00,12.377088430084447,611.4243067945815,15,True
2022-01-31 04:45:00+00:00,21,GBP_AUD,SHORT,1.91309,1.9136120117690971,1.9110886814517032,1.9110886814517032,1.9110886814517032,1182997.38,4,ASIAN,2.0,0.0011506592741483753,23.107421757506636,44.976965322455825,1.9143160207389442,1.9073910428835723,-25.666283541114776,False,0.00013298245299469072,71.67335115864546,-9.26020738944322,0.8764044943819692,4,0,ema_ribbon_bounce_short,1.9110886814517032,TP3,2022-01-31 05:45:00+00:00,20.01318565214125,2367.5546191936687,60,True
2022-02-02 19:00:00+00:00,21,GBP_AUD,LONG,1.90215,1.8981783990013525,1.9042489220447754,1.9042489220447754,1.9042489220447754,161449.78,5,NY,2.0,0.0011994610223876746,26.481700237051818,53.62479308332679,1.900061333408295,1.9002688758216773,19.501771057055528,False,-0.00040011503132151996,28.31390831391119,17.88666591705068,0.43478260869555424,19,2,ema_ribbon_bounce_long,1.9042489220447754,TP3,2022-02-02 23:15:00+00:00,20.989221747799924,338.87052335535134,255,True
2022-02-03 20:00:00+00:00,21,GBP_AUD,LONG,1.90582,1.9018759902581681,1.9087083253665873,1.9087083253665873,1.9087083253665873,163438.44,4,NY,2.0,0.0015941626832935822,16.264667280521294,53.843536039354056,1.9043326454186238,1.902565870176653,10.635470798041613,False,8.415439024577173e-05,71.29376521251163,11.873545813763098,0.46093750000008943,20,3,ema_ribbon_bounce_long,1.90422,TIME,2022-02-04 04:00:00+00:00,-16.00000000000046,-261.5015040000075,480,False
2022-02-04 06:00:00+00:00,21,GBP_AUD,SHORT,1.9027,1.904994907890771,1.9008757024940652,1.9008757024940652,1.9008757024940652,279744.47,4,ASIAN,2.0,0.0010621487529673564,22.325047518213847,42.84729895851508,1.9042377533488921,1.9031552754300463,-14.995973754354797,False,-0.00018636428320552246,58.04529824750254,-12.3775334889209,0.6804123711339592,6,4,ema_ribbon_bounce_short,1.904994907890771,SL,2022-02-04 06:15:00+00:00,-22.94907890771025,-641.9877916025582,15,False
2022-02-11 21:15:00+00:00,21,GBP_AUD,LONG,1.90011,1.893919668741923,1.904032955715766,1.904032955715766,1.904032955715766,102671.07,4,NY,2.0,0.0021114778578830346,41.735636206710026,58.14803008616879,1.8974045448251182,1.8944263166985194,20.409104524043986,False,0.00021416540849652642,43.488816133682185,24.054551748817765,0.8928571428571098,21,4,ema_ribbon_bounce_long,1.90124,TIME,2022-02-14 05:15:00+00:00,11.300000000000752,116.01830910000774,3360,True
2022-02-14 15:30:00+00:00,21,GBP_AUD,SHORT,1.89955,1.9019798928512117,1.896107966133632,1.896107966133632,1.896107966133632,262039.58,3,OVERLAP,2.0,0.001841016933184019,21.88661396391698,42.80796122652545,1.9011149316871045,1.898011195563922,-16.66270090317612,False,-0.00015763391068518494,56.581969228516016,-13.24931687104458,0.0445859872611537,15,0,ema_ribbon_bounce_short,1.896107966133632,TP3,2022-02-14 16:45:00+00:00,34.42033997723594,901.9491431092115,75,True
2022-02-14 20:00:00+00:00,21,GBP_AUD,SHORT,1.8976600000000001,1.901235364936973,1.894255121322026,1.894255121322026,1.894255121322026,180610.26,3,NY,2.0,0.0018524393389870073,27.08362500391761,46.84710142888051,1.8993580770913285,1.8979457492262608,-23.554250080004557,False,0.00032928169449294585,29.744215159236774,-13.980770913284424,0.33142857142847426,20,0,ema_ribbon_bounce_short,1.89915,TIME,2022-02-15 04:00:00+00:00,-14.899999999997693,-269.10928739995836,480,False
2022-02-15 10:45:00+00:00,21,GBP_AUD,SHORT,1.89822,1.9008982240851011,1.8951105250532085,1.8951105250532085,1.8951105250532085,240105.56,3,LONDON,2.0,0.0016747374733957839,26.203980228261578,47.43975659920548,1.8992096861286578,1.8984563110233061,8.111708953395524,False,-3.155648520094417e-05,69.41208859639602,-7.496861286577783,0.5185185185183282,10,1,ema_ribbon_bounce_short,1.8951105250532085,TP3,2022-02-15 13:45:00+00:00,31.09475076295975,746.6022545000878,180,True
2022-02-15 17:45:00+00:00,21,GBP_AUD,SHORT,1.89343,1.8991376544681389,1.890547924146666,1.890547924146666,1.890547924146666,113973.7,5,NY,2.0,0.0015910379266668975,16.984790234201075,41.215630892420265,1.8964331969435932,1.8977173680150792,-25.046090486042782,False,7.865287670921956e-05,52.29862470598218,-27.031969435933334,0.3387096774193895,17,1,ema_ribbon_bounce_short,1.89441,TIME,2022-02-16 01:45:00+00:00,-9.799999999999807,-111.69422599999781,480,False
2022-02-16 03:45:00+00:00,21,GBP_AUD,SHORT,1.89265,1.8962575598002405,1.8907910623353652,1.8907910623353652,1.8907910623353652,180012.42,5,ASIAN,2.0,0.0010794688323173774,20.85050618918241,46.584278864723814,1.893921628580669,1.8962348103841276,-25.336557761328482,False,-6.158865858793293e-05,60.48906443276608,-9.71628580669126,0.9310344827585547,3,2,ema_ribbon_bounce_short,1.8907910623353652,TP3,2022-02-16 06:45:00+00:00,18.589377679019304,334.6318862294248,180,True
2022-02-16 16:45:00+00:00,21,GBP_AUD,SHORT,1.89092,1.894218198369439,1.8881980210191969,1.8881980210191969,1.8881980210191969,197911.65,4,OVERLAP,2.0,0.0014809894904014994,37.234716272073186,45.730928738796656,1.891849352514044,1.8942541146317564,-1.438863392617673,False,-0.00010818850236722752,7.191746794485117,-6.89352514044117,0.6435643564357111,16,2,ema_ribbon_bounce_short,1.8881980210191969,TP3,2022-02-16 19:00:00+00:00,27.219791183381194,538.7113785758424,135,True
2022-02-17 06:45:00+00:00,21,GBP_AUD,LONG,1.89019,1.887610960876376,1.8940841528680787,1.8940841528680787,1.8940841528680787,255187.68,4,ASIAN,2.0,0.002097076434039387,31.43209242312746,52.931792240186134,1.8887767117290306,1.891658882844851,-2.0235665921841672,False,-3.842289920394262e-05,41.28001483079043,11.132882709694591,0.25242718446614293,6,3,ema_ribbon_bounce_long,1.887610960876376,SL,2022-02-17 07:45:00+00:00,-25.790391236240048,-658.139010586843,60,False
2022-02-17 11:30:00+00:00,21,GBP_AUD,LONG,1.89032,1.8876305983493227,1.8937252339915207,1.8937252339915207,1.8937252339915207,242268.62,4,LONDON,2.0,0.0018226169957603247,12.985077214582066,54.3489850256275,1.8888599896141576,1.891179001178235,13.814643954186412,False,-2.7620306519474905e-05,59.43198033183945,12.200103858424072,0.8444444444444079,11,3,ema_ribbon_bounce_long,1.8876305983493227,SL,2022-02-17 12:00:00+00:00,-26.894016506773255,-651.5576265353177,30,False
2022-02-17 17:30:00+00:00,21,GBP_AUD,LONG,1.8928,1.8883778959839146,1.8960538283533444,1.8960538283533444,1.8960538283533444,145867.68,3,NY,2.0,0.0017769141766721282,20.819316305770005,54.81853339601552,1.8904849114806586,1.8911814809234195,22.928949546845434,False,7.117012559829312e-05,56.50183150183287,20.150885193415125,0.15862068965514495,17,3,ema_ribbon_bounce_long,1.89231,TIME,2022-02-18 01:30:00+00:00,-4.900000000001015,-71.47516320001479,480,False
2022-02-18 06:15:00+00:00,21,GBP_AUD,SHORT,1.8894600000000001,1.8923791633210478,1.8875214841108825,1.8875214841108825,1.8875214841108825,220723.27,4,ASIAN,2.0,0.0011192579445587858,29.176715126176102,42.9632324322016,1.891272258845979,1.8915605492998186,-11.829678771664298,False,0.00015306216827739596,69.73705218427504,-15.122588459788311,0.5688073394493787,6,4,ema_ribbon_bounce_short,1.8875214841108825,TP3,2022-02-18 07:00:00+00:00,19.38515976943266,427.8755853781623,45,True
2022-02-18 19:30:00+00:00,21,GBP_AUD,LONG,1.89313,1.8896347298129275,1.895423109317401,1.895423109317401,1.895423109317401,185566.78,4,NY,2.0,0.0012965546587004992,40.65225913294351,54.448427412687515,1.8913394190972517,1.8911046961391778,25.598894161573682,False,-0.00018592151269212153,26.40561675390661,14.905809027483397,0.40875912408764803,19,4,ema_ribbon_bounce_long,1.895423109317401,TP3,2022-02-20 23:00:00+00:00,22.93109440974276,425.5249351491965,3090,True
2022-02-21 21:15:00+00:00,21,GBP_AUD,LONG,1.8911799999999999,1.8888288824322637,1.8932166915982638,1.8932166915982638,1.8932166915982638,277681.26,3,NY,2.0,0.0011683457991319228,18.904539049112753,56.64792221019866,1.8897822229510886,1.8904331192802728,16.245187899865954,False,4.7800508669684034e-05,33.1114262419363,10.977770489113414,0.4173228346456445,21,0,ema_ribbon_bounce_long,1.8932166915982638,TP3,2022-02-21 23:00:00+00:00,20.366916716103006,565.5511096042545,105,True
2022-02-22 21:15:00+00:00,21,GBP_AUD,SHORT,1.88081,1.8850846502247878,1.8785677097014633,1.8785677097014633,1.8785677097014633,154051.62,5,NY,2.0,0.0012711451492684153,26.459382339908714,46.23843576943382,1.8820949778132383,1.8861533747134456,1.8378531388107966,False,-0.00024222252547703954,48.41921621949685,-9.849778132382525,0.6046511627906256,21,1,ema_ribbon_bounce_short,1.8785677097014633,TP3,2022-02-23 02:00:00+00:00,22.42290444091319,345.42847542278713,285,True
2022-02-24 06:30:00+00:00,21,GBP_AUD,LONG,1.87824,1.8739421014411084,1.8820982980624563,1.8820982980624563,1.8820982980624563,154022.04,4,ASIAN,2.0,0.002079149031228217,36.23743952218005,52.88432230875717,1.8762238153996649,1.8782217224484,33.82185387981629,False,-0.00043050359544095733,70.41884321296305,17.16184600335069,0.28395061728389986,6,3,ema_ribbon_bounce_long,1.8739421014411084,SL,2022-02-24 08:45:00+00:00,-42.97898558891511,-661.9711037535307,135,False
2022-02-25 04:15:00+00:00,21,GBP_AUD,SHORT,1.86698,1.8717718731661466,1.8638849134863593,1.8638849134863593,1.8638849134863593,136763.09,4,ASIAN,2.0,0.00169754325682033,22.95125399194083,47.080358216787374,1.8684929543393896,1.8729880211277286,-26.623505815535076,False,6.34475346096126e-05,34.41577784681305,-12.129543393895048,0.3314606741572494,4,4,ema_ribbon_bounce_short,1.8638849134863593,TP3,2022-02-25 06:45:00+00:00,30.950867399508407,423.29362637370343,150,True
2022-02-28 05:30:00+00:00,21,GBP_AUD,LONG,1.8607799999999999,1.8584266097860374,1.8634872612518363,1.8634872612518363,1.8634872612518363,280269.85,4,ASIAN,2.0,0.0015036306259182154,27.66151370855213,56.0447556384218,1.858915527165244,1.86368853560739,27.348831107383287,False,-0.00025848594039456477,71.54983323911252,15.644728347559145,0.40909090909088286,5,0,ema_ribbon_bounce_long,1.8584266097860374,SL,2022-02-28 06:15:00+00:00,-23.53390213962525,-659.5843222587448,45,False
2022-02-28 10:00:00+00:00,21,GBP_AUD,SHORT,1.85692,1.8607218887380859,1.854157891852697,1.854157891852697,1.854157891852697,171753.7,5,LONDON,2.0,0.0015010540736514065,18.45646598786915,45.30323194789136,1.858195463948967,1.8626892133812896,4.2117137898922685,False,1.314780011868466e-05,53.320820820818795,-10.354639489671413,0.34693877551021796,10,0,ema_ribbon_bounce_short,1.854157891852697,TP3,2022-02-28 12:45:00+00:00,27.621083081207928,474.4023217204862,165,True
2022-03-01 12:45:00+00:00,21,GBP_AUD,SHORT,1.8436299999999999,1.8497015907831422,1.8402307481544333,1.8402307481544333,1.8402307481544333,108329.52,4,LONDON,2.0,0.0018196259227832995,23.13364683186019,48.14477761474931,1.8453963196558176,1.8525188863896656,0.04385066507461843,False,0.0001904522279923787,63.248028327698854,-15.263196558177317,0.5365853658537378,12,1,ema_ribbon_bounce_short,1.8402307481544333,TP3,2022-03-01 15:15:00+00:00,33.992521593546925,368.23935478185734,150,True
2022-03-03 00:45:00+00:00,21,GBP_AUD,LONG,1.83672,1.8343932479302694,1.838712113848175,1.838712113848175,1.838712113848175,284265.31,4,ASIAN,2.0,0.0011460569240874967,29.183876494626446,54.338141827223716,1.8352586451801514,1.8389831664291891,21.109739071447642,False,-0.00013871019672420323,30.044551329909297,11.613548198485812,0.5876288659793909,0,3,ema_ribbon_bounce_long,1.8343932479302694,SL,2022-03-03 06:00:00+00:00,-23.26752069730542,-661.4148983950942,315,False
2022-03-03 10:45:00+00:00,21,GBP_AUD,SHORT,1.83146,1.8361481355238507,1.8286441396743724,1.8286441396743724,1.8286441396743724,139671.89,5,LONDON,2.0,0.0015279301628137933,19.099263809854044,43.53450104805055,1.833795915082683,1.8373771730162838,-3.1561821128334167,False,0.00016399083397860648,37.09266383874125,-20.959150826829198,0.476190476190469,10,3,ema_ribbon_bounce_short,1.8286441396743724,TP3,2022-03-03 13:15:00+00:00,28.158605272330107,393.2965618150311,150,True
2022-03-07 20:00:00+00:00,21,GBP_AUD,LONG,1.79016,1.7871414519781943,1.7942857314209026,1.7942857314209026,1.7942857314209026,218228.66,4,NY,2.0,0.0022128657104513554,30.098660237549048,52.26943429347153,1.7876747492784055,1.7977352246029166,48.360375467948465,False,-0.0006646390400594704,30.718372565794425,21.852507215944783,0.7461538461538633,20,0,ema_ribbon_bounce_long,1.7871414519781943,SL,2022-03-08 01:00:00+00:00,-30.18548021805678,-658.7336899443039,300,False
2022-03-08 12:15:00+00:00,21,GBP_AUD,LONG,1.79927,1.7920346218478576,1.803064160495404,1.803064160495404,1.803064160495404,90133.0,4,LONDON,2.0,0.002017080247702115,21.032729522515037,54.153090728201,1.7962011785793908,1.7965074990219494,-2.6611626212824646,False,-0.00038913519343449,63.796070235016806,28.2882142060914,0.7763157894736638,12,1,ema_ribbon_bounce_long,1.803064160495404,TP3,2022-03-08 15:30:00+00:00,37.94160916355468,341.97910587386747,195,True
2022-03-08 23:45:00+00:00,21,GBP_AUD,LONG,1.80244,1.7971155395884824,1.8052427947503284,1.8052427947503284,1.8052427947503284,123123.49,4,NY,2.0,0.0015513973751641779,19.42333015968367,53.60043031624939,1.800811644475667,1.7984308867949874,8.764918799910593,False,8.897383445118708e-06,59.071743027736524,13.283555243330802,0.8396226415094399,23,1,ema_ribbon_bounce_long,1.7971155395884824,SL,2022-03-09 07:45:00+00:00,-53.24460411517684,-655.5661482328935,480,False
2022-03-09 20:45:00+00:00,21,GBP_AUD,LONG,1.80013,1.797138400090366,1.8025889729405693,1.8025889729405693,1.8025889729405693,216944.28,3,NY,2.0,0.0013794864702846334,21.54327599208406,54.956060986916206,1.7985926270380548,1.7985268779689398,26.996499971541077,False,-0.00011608680494294634,23.22565825365643,12.3737296194526,0.6422764227642497,20,2,ema_ribbon_bounce_long,1.8025889729405693,TP3,2022-03-10 00:45:00+00:00,24.589730539151223,533.4601387210174,240,True
2022-03-10 11:45:00+00:00,21,GBP_AUD,SHORT,1.79456,1.7992923487731247,1.7916193173460908,1.7916193173460908,1.7916193173460908,138270.68,5,LONDON,2.0,0.0015903413269546234,25.555190110783286,46.08294674582284,1.7967010628761046,1.7982020652837587,7.188282643930677,False,0.0003481372252816387,80.47461462095384,-19.010628761046977,0.48756218905470056,11,3,ema_ribbon_bounce_short,1.7916193173460908,TP3,2022-03-10 13:30:00+00:00,29.40682866584914,406.61021962704535,105,True
2022-03-15 20:30:00+00:00,21,GBP_AUD,SHORT,1.81192,1.811850003336249,1.8096383497778348,1.8096383497778348,1.8096383497778348,9406322.61,3,NY,2.0,0.0012908251110826108,18.672954688781708,46.38372083455423,1.8125574330151342,1.8058405069834538,-1.9637166112995708,False,-0.0002344487513121947,60.86956521739162,-3.374330151342253,0.5753424657536247,20,1,ema_ribbon_bounce_short,1.811850003336249,SL,2022-03-15 20:45:00+00:00,0.699966637509597,658.4112008652196,15,True
2022-03-16 09:15:00+00:00,21,GBP_AUD,SHORT,1.80675,1.811496475559325,1.8041143949343375,1.8041143949343375,1.8041143949343375,140102.97,4,LONDON,2.0,0.001437802532831356,37.49017447470214,44.57658573637859,1.8094841433671325,1.80756460037664,7.740156555509081,False,0.00026438203351846477,69.27215341239541,-24.941433671323843,0.14529914529916152,9,2,ema_ribbon_bounce_short,1.8041143949343375,TP3,2022-03-16 10:30:00+00:00,26.356052537817703,369.2561238024298,75,True
2022-03-16 11:45:00+00:00,21,GBP_AUD,SHORT,1.80541,1.810703851124086,1.8026077194161578,1.8026077194161578,1.8026077194161578,126314.07,5,LONDON,2.0,0.0015211402919210477,25.088978054146665,45.970756466480374,1.808077259863488,1.8073426159508763,-0.6673981076543711,False,0.00022413089041097467,75.93505797944051,-24.272598634880183,0.6541353383457831,11,2,ema_ribbon_bounce_short,1.8026077194161578,TP3,2022-03-16 13:30:00+00:00,28.022808056923644,353.96749384988175,105,True
2022-03-16 17:30:00+00:00,21,GBP_AUD,SHORT,1.80522,1.8096123277776175,1.8019440731348917,1.8019440731348917,1.8019440731348917,153045.85,4,NY,2.0,0.0017879634325541605,16.311307973874815,48.31811639819717,1.8065975129638419,1.806951521864107,1.2216218534555345,False,0.00011541721670311447,17.96273836844134,-10.775129638418424,0.5583333333332485,17,2,ema_ribbon_bounce_short,1.8096123277776175,SL,2022-03-16 18:30:00+00:00,-43.92327777617444,-672.2275382040727,60,False
2022-03-16 23:15:00+00:00,21,GBP_AUD,SHORT,1.80251,1.8079613471052263,1.799427961667392,1.799427961667392,1.799427961667392,122080.88,4,NY,2.0,0.0016910191663039732,17.685017047275213,45.8225432901106,1.804689796696622,1.8062846539578348,-26.474325804035637,False,-4.881809396760329e-05,64.759259259258,-18.797966966219715,0.2941176470587851,23,2,ema_ribbon_bounce_short,1.799427961667392,TP3,2022-03-17 00:30:00+00:00,30.820385850667304,376.25798265890137,75,True
2022-03-18 17:15:00+00:00,21,GBP_AUD,SHORT,1.7777,1.7839144462372543,1.7745583826326279,1.7745583826326279,1.7745583826326279,107695.49,5,NY,2.0,0.0017208086836861206,21.1648906150181,45.52482398062604,1.7795337341530653,1.7877215939812463,-9.634127316819896,False,0.0001833099335974346,40.46683389074748,-15.33734153065236,0.8267716535432355,17,4,ema_ribbon_bounce_short,1.7745583826326279,TP3,2022-03-21 00:15:00+00:00,31.41617659085166,338.3380531878299,3300,True
2022-03-21 04:45:00+00:00,21,GBP_AUD,SHORT,1.7762200000000001,1.7802670912645913,1.7741525651653578,1.7741525651653578,1.7741525651653578,166206.09,5,ASIAN,2.0,0.0011837174173211966,26.80666108891647,47.44414069697091,1.7773279484294928,1.7838051876039764,-18.594266595397535,False,8.708659728787653e-05,17.497723715409165,-8.07948429492722,0.3285714285713969,4,0,ema_ribbon_bounce_short,1.7802670912645913,SL,2022-03-21 07:30:00+00:00,-40.47091264591129,-672.651214960847,165,False
2022-03-21 18:00:00+00:00,21,GBP_AUD,LONG,1.78163,1.7779073698910455,1.784495712453706,1.784495712453706,1.784495712453706,178885.55,3,NY,2.0,0.001582856226852903,28.061206768270214,54.427097053220216,1.7797109384828034,1.7820513636803799,15.721937333386116,False,0.00010334196365164694,37.715784163517036,16.19061517196707,0.12612612612615856,18,0,ema_ribbon_bounce_long,1.77987,TIME,2022-03-22 02:00:00+00:00,-17.599999999999834,-314.83856799999705,480,False
2022-03-22 15:15:00+00:00,21,GBP_AUD,LONG,1.7816,1.7775241829904544,1.7845020880890117,1.7845020880890117,1.7845020880890117,162611.9,3,OVERLAP,2.0,0.0015710440445058623,20.144255095202094,58.0523153483387,1.7792511698394347,1.7802697182415277,20.679844265441005,False,6.32815469882972e-05,43.26609721793624,21.088301605654003,0.7037037037036689,15,1,ema_ribbon_bounce_long,1.7775241829904544,SL,2022-03-22 18:45:00+00:00,-40.75817009545624,-662.776347974532,210,False
2022-03-23 04:45:00+00:00,21,GBP_AUD,LONG,1.7807199999999999,1.7773981349889483,1.783055035065573,1.783055035065573,1.783055035065573,197524.15,4,ASIAN,2.0,0.0013175175327865107,23.742064035830467,56.06767495405035,1.7788049400830177,1.7795080630780955,11.60752393716935,False,-3.007243318156746e-05,24.936510589377935,16.150599169821866,0.8399999999999704,4,2,ema_ribbon_bounce_long,1.7773981349889483,SL,2022-03-23 08:00:00+00:00,-33.21865011051583,-656.1485627227046,195,False
2022-03-24 10:45:00+00:00,21,GBP_AUD,SHORT,1.76099,1.7660167250832912,1.7582109287688366,1.7582109287688366,1.7582109287688366,129226.7,4,LONDON,2.0,0.0015095356155817676,15.043279965099014,44.7524055242291,1.7625472558674748,1.7686155765095513,-7.511019227224303,False,-0.00020086605853262104,33.66510397884584,-13.172558674747759,0.13793103448274807,10,3,ema_ribbon_bounce_short,1.7582109287688366,TP3,2022-03-24 13:45:00+00:00,27.790714462174492,359.13023205890846,180,True
2022-03-25 20:45:00+00:00,21,GBP_AUD,SHORT,1.75311,1.757244249160038,1.750723065978187,1.750723065978187,1.750723065978187,157992.02,4,NY,2.0,0.0013434670109064304,28.416287150179556,45.05463865880127,1.7548713355858163,1.758945760740913,-18.462522099476075,False,-6.942992302583087e-05,56.32672817593063,-14.613355858164034,0.13559322033898943,20,4,ema_ribbon_bounce_short,1.750723065978187,TP3,2022-03-28 02:00:00+00:00,23.869341728924073,377.11655158230064,3195,True
2022-03-28 11:30:00+00:00,21,GBP_AUD,SHORT,1.74564,1.7528793421665956,1.7419238277056155,1.7419238277056155,1.7419238277056155,90747.13,5,LONDON,2.0,0.0019780861471923464,21.57298151129413,44.0940010535343,1.7487238574868993,1.754533697236531,-9.025064106007452,False,9.411212794367078e-05,15.685461580985313,-28.438574868991928,0.0,11,0,ema_ribbon_bounce_short,1.74772,TIME,2022-03-28 19:30:00+00:00,-20.799999999998594,-188.75403039998727,480,False
2022-03-28 20:30:00+00:00,21,GBP_AUD,SHORT,1.7470700000000001,1.7504885412386573,1.744807313814795,1.744807313814795,1.744807313814795,191620.33,4,NY,2.0,0.0012813430926024952,26.170810808524337,49.344671920171606,1.7478430418613091,1.7524400147343815,-0.6035076094668135,False,4.192195806256081e-05,41.01278311804945,-4.730418613090315,0.6438356164382103,20,0,ema_ribbon_bounce_short,1.7504885412386573,SL,2022-03-29 00:30:00+00:00,-34.185412386571464,-655.0620002700912,240,False
2022-03-29 04:15:00+00:00,21,GBP_AUD,LONG,1.7502,1.747616029971797,1.752542742659765,1.752542742659765,1.752542742659765,250974.81,4,ASIAN,2.0,0.001321371329882493,31.230901711665194,57.03233381565982,1.7485227700015606,1.7513979283319572,20.596848791429867,False,4.096077888679267e-05,48.07057325854364,13.772299984393666,0.1428571428571752,4,1,ema_ribbon_bounce_long,1.747616029971797,SL,2022-03-29 05:45:00+00:00,-25.83970028202875,-648.5113868739113,90,False
2022-03-30 20:00:00+00:00,21,GBP_AUD,SHORT,1.74779,1.7490377240723118,1.7454134584376344,1.7454134584376344,1.7454134584376344,514557.9,5,NY,2.0,0.0013382707811828078,27.52628289943465,45.33030459748819,1.7485172601626484,1.7480214169145107,-13.611146783398809,False,-6.12569781070853e-05,41.07064920894536,-4.2726016264849065,0.850000000000111,20,2,ema_ribbon_bounce_short,1.7490377240723118,SL,2022-03-30 22:30:00+00:00,-12.477240723118841,-642.0262784282513,150,False
2022-03-31 11:30:00+00:00,21,GBP_AUD,SHORT,1.75206,1.7527280515904933,1.7489859467476028,1.7489859467476028,1.7489859467476028,951432.53,5,LONDON,2.0,0.0016570266261986054,36.740065850659306,45.64080456290161,1.752570393170547,1.7499143971995186,-13.878540431873088,False,-0.00038671777610434666,72.92340884573967,-2.7039317054700085,0.5555555555557051,11,3,ema_ribbon_bounce_short,1.7527280515904933,SL,2022-03-31 11:45:00+00:00,-6.680515904933237,-635.6060149135869,15,False
2022-04-01 03:45:00+00:00,21,GBP_AUD,SHORT,1.75391,1.7544685908445514,1.7520038691011914,1.7520038691011914,1.7520038691011914,1126495.29,5,ASIAN,2.0,0.0011030654494043359,27.885978160266507,46.744445492292314,1.7543199851487945,1.7519034750814642,7.6278711235633345,False,-5.071459979906441e-05,39.585056281515435,-1.0998514879445587,0.7272727272729108,3,4,ema_ribbon_bounce_short,1.7544685908445514,SL,2022-04-01 04:00:00+00:00,-5.585908445513431,-629.2499554242103,15,False
2022-04-01 19:00:00+00:00,21,GBP_AUD,SHORT,1.74766,1.7514985576491113,1.7455485643118873,1.7455485643118873,1.7455485643118873,162289.46,5,NY,2.0,0.0012057178440563288,25.028442392251502,46.44898242199425,1.7491217494051412,1.7507105097189264,3.9156544100515944,False,-0.00010807667109459703,55.630384662056855,-11.617494051412436,0.5625000000002385,19,4,ema_ribbon_bounce_short,1.7455485643118873,TP3,2022-04-04 02:45:00+00:00,21.114358182157417,342.6637787628909,3345,True
2022-04-04 11:30:00+00:00,21,GBP_AUD,SHORT,1.74412,1.7490198340632643,1.741589499173064,1.741589499173064,1.741589499173064,127837.82,5,LONDON,2.0,0.0013852504134679324,16.371635293101612,42.8171864755722,1.7464231382790973,1.7488771653381157,-8.514244903963242,False,-8.291856083181845e-05,20.781032078102175,-20.631382790974317,0.36496350364973207,11,0,ema_ribbon_bounce_short,1.741589499173064,TP3,2022-04-04 14:45:00+00:00,25.30501024882025,323.4937345286839,195,True
2022-04-06 04:15:00+00:00,21,GBP_AUD,SHORT,1.72432,1.7275782092662997,1.7222881408426123,1.7222881408426123,1.7222881408426123,193240.82,4,ASIAN,2.0,0.0011659295786939155,31.33923521545337,47.382135414959436,1.724784723882313,1.731400249304671,19.652445696536347,False,-7.466709702947294e-05,9.27415112858832,-1.647238823130337,0.7499999999997918,4,2,ema_ribbon_bounce_short,1.7222881408426123,TP3,2022-04-06 06:30:00+00:00,20.318592625342717,392.638150016718,135,True
2022-04-11 10:30:00+00:00,21,GBP_AUD,LONG,1.7511,1.7474137099188767,1.7536811462714197,1.7536811462714197,1.7536811462714197,171865.32,5,LONDON,2.0,0.0014105731357098496,28.871038669232764,52.78806423976647,1.7498125813988679,1.7468513565797144,-6.19943740448603,False,-0.00013745913583205083,28.608280888856484,10.474186011322217,0.8902439024393646,10,0,ema_ribbon_bounce_long,1.7536811462714197,TP3,2022-04-11 13:15:00+00:00,25.811464216038285,443.609555715797,165,True
2022-04-12 09:15:00+00:00,21,GBP_AUD,SHORT,1.75006,1.7540037284926744,1.7477671108756607,1.7477671108756607,1.7477671108756607,161771.15,4,LONDON,2.0,0.001266444562169603,34.20786693511787,40.17661883512857,1.7527404462876726,1.7509894066279164,1.3209408991121663,False,4.9922480154812165e-05,54.774822084212296,-24.40446287672593,0.6058394160585302,9,1,ema_ribbon_bounce_short,1.7477671108756607,TP3,2022-04-12 12:30:00+00:00,22.928892660758162,370.92333339574077,195,True
2022-04-14 18:00:00+00:00,21,GBP_AUD,LONG,1.76261,1.758654277117101,1.7650802619462618,1.7650802619462618,1.7650802619462618,162218.33,5,NY,2.0,0.0013851309731308446,22.222157125610515,54.644515906705074,1.761432739933884,1.757024832045926,7.359841028726777,False,0.00017302157430011566,73.00495968784433,8.772600661159924,0.6,18,3,ema_ribbon_bounce_long,1.76436,TIME,2022-04-15 02:00:00+00:00,17.499999999999183,283.88207749998674,480,True
2022-04-15 15:30:00+00:00,21,GBP_AUD,LONG,1.76523,1.7618628173404633,1.7676199765882488,1.7676199765882488,1.7676199765882488,191415.09,5,OVERLAP,2.0,0.0013149882941243967,21.59936854543304,56.38740438303359,1.7639510696355092,1.7609031330116527,12.678310936509174,False,7.590030663997123e-05,64.01097148689193,10.389303644908754,0.9642857142857426,15,4,ema_ribbon_bounce_long,1.7651,TIME,2022-04-17 23:30:00+00:00,-1.3000000000018552,-24.88396170003551,3360,False
2022-04-18 17:45:00+00:00,21,GBP_AUD,LONG,1.7695699999999999,1.766627801036764,1.7711904685855728,1.7711904685855728,1.7711904685855728,218979.32,4,NY,2.0,0.0009602342927864496,18.76033344229938,51.47538028745828,1.7686070209016236,1.765431872211772,8.66833925015964,False,-3.864581693138714e-05,31.100538374859525,6.629790983763151,0.15217391304354122,17,0,ema_ribbon_bounce_long,1.766627801036764,SL,2022-04-19 00:15:00+00:00,-29.421989632358866,-644.2807282740995,390,False
2022-04-19 16:30:00+00:00,21,GBP_AUD,SHORT,1.76346,1.7672825529492728,1.7603699787535885,1.7603699787535885,1.7603699787535885,166861.76,4,OVERLAP,2.0,0.0016650106232057634,24.724911058068063,46.8591388498916,1.7648444778290346,1.7655386719218837,-7.481414531211872,False,0.00013315048317575045,30.405512265063166,-11.444778290345958,0.5747126436781462,16,1,ema_ribbon_bounce_short,1.7603699787535885,TP3,2022-04-19 21:15:00+00:00,30.90021431596061,515.6064145138384,285,True
2022-04-20 04:00:00+00:00,21,GBP_AUD,SHORT,1.75891,1.764026466505539,1.7563170613097026,1.7563170613097026,1.7563170613097026,125671.49,3,ASIAN,2.0,0.0014464693451486893,18.271642402091242,46.13997362594077,1.7609922263377116,1.7637675575395488,-37.82428762511003,False,4.702293778978341e-05,59.80253632669079,-17.822263377116343,0.09278350515454714,4,2,ema_ribbon_bounce_short,1.7563170613097026,TP3,2022-04-20 04:45:00+00:00,25.92938896624144,325.85849461771215,45,True
2022-04-22 11:00:00+00:00,21,GBP_AUD,SHORT,1.76545,1.767793013242836,1.7617005027157728,1.7617005027157728,1.7617005027157728,275821.13,2,LONDON,2.0,0.0019947486421135665,38.75285690264841,46.952743849314786,1.7672755876042905,1.763439244578947,17.260278837267773,False,0.00032497869990905375,90.60794394550709,-15.85587604290506,0.6783625730994927,11,4,ema_ribbon_bounce_short,1.767793013242836,SL,2022-04-22 13:45:00+00:00,-23.43013242836145,-646.25256024403,165,False
2022-04-22 19:15:00+00:00,21,GBP_AUD,LONG,1.7711999999999999,1.7662508088806617,1.773938408165429,1.773938408165429,1.773938408165429,129271.64,5,NY,2.0,0.0015192040827145294,35.45369592062922,52.536781205247784,1.7694590506683359,1.765191511996618,30.70405003005039,False,-0.00022644257635783894,19.43077010873589,14.409493316640543,0.22399999999987352,19,4,ema_ribbon_bounce_long,1.773938408165429,TP3,2022-04-25 00:00:00+00:00,27.384083772627772,353.99854191849795,3165,True
2022-04-26 16:00:00+00:00,21,GBP_AUD,SHORT,1.76283,1.770799305512473,1.758779424031694,1.758779424031694,1.758779424031694,80725.98,4,OVERLAP,2.0,0.002145287984152941,19.520035291500538,43.529164856614656,1.7660976964215196,1.76994354150791,-14.614610373895331,False,9.346211689965678e-05,47.27230927944249,-30.276964215196767,0.9283387622150183,16,1,ema_ribbon_bounce_short,1.76049,TIME,2022-04-27 00:00:00+00:00,23.399999999997867,188.89879319998278,480,True
2022-04-27 15:30:00+00:00,21,GBP_AUD,LONG,1.7608300000000001,1.7584127102320524,1.7650845877213888,1.7650845877213888,1.7650845877213888,266918.36,4,OVERLAP,2.0,0.0022472938606943505,16.33463321583041,52.69525211713851,1.759425584147698,1.7635104304429818,10.320866361173131,False,-0.00022125485196938842,41.09897384971668,11.64415852302092,0.8181818181819016,15,2,ema_ribbon_bounce_long,1.7584127102320524,SL,2022-04-27 16:30:00+00:00,-24.172897679477497,-645.2190205053939,60,False
2022-04-28 15:15:00+00:00,21,GBP_AUD,SHORT,1.75528,1.7611597545895625,1.7513473764280578,1.7513473764280578,1.7513473764280578,108638.35,5,OVERLAP,2.0,0.0020863117859710695,22.15918338401921,43.666419971489496,1.7581148895141396,1.7608528043279212,-14.037747825106361,False,0.00016689414512130902,25.98493943031835,-25.948895141396644,0.6751054852320284,15,3,ema_ribbon_bounce_short,1.75458,TIME,2022-04-28 23:15:00+00:00,6.999999999999229,76.04684499999163,480,True
2022-05-02 17:00:00+00:00,21,GBP_AUD,SHORT,1.77472,1.7771136592648606,1.771354907464507,1.771354907464507,1.771354907464507,267175.58,3,NY,2.0,0.001832546267746485,20.625219406458378,44.11193505750148,1.7771052631975162,1.770714801590723,-24.81652435636139,False,8.527421950792376e-08,65.84826459319481,-20.852631975161184,0.16783216783217544,17,0,ema_ribbon_bounce_short,1.771354907464507,TP3,2022-05-02 19:15:00+00:00,33.65092661443711,899.0705835749673,135,True
2022-05-02 23:15:00+00:00,21,GBP_AUD,SHORT,1.77159,1.7752172415212792,1.7693383423010076,1.7693383423010076,1.7693383423010076,178790.96,3,NY,2.0,0.0012758288494961673,29.846196204208574,46.44038416136785,1.773746075360508,1.7709829084927056,-44.910358766989674,False,0.00037176751271519133,61.81818231406257,-18.56075360508136,0.31372549019595036,23,0,ema_ribbon_bounce_short,1.7693383423010076,TP3,2022-05-03 00:00:00+00:00,22.516578249303876,402.57606411081593,45,True
2022-05-03 09:45:00+00:00,21,GBP_AUD,SHORT,1.76304,1.7710281668033114,1.758066268561864,1.758066268561864,1.758066268561864,81688.8,4,LONDON,2.0,0.002606865719067983,27.059778281380616,47.4708562049622,1.7658200538631201,1.7687202150347756,-20.71353265660436,False,0.0004705095816598379,25.12561641161467,-25.40053863120173,0.40839694656492337,9,1,ema_ribbon_bounce_short,1.76065,TIME,2022-05-03 17:45:00+00:00,23.89999999999892,195.2362319999912,480,True
2022-05-05 21:45:00+00:00,21,GBP_AUD,SHORT,1.73641,1.7406336264447437,1.7327813719067497,1.7327813719067497,1.7327813719067497,154960.7,4,NY,2.0,0.0019643140466250844,31.694779105473454,46.99291976621782,1.7369891978108107,1.744256684431485,24.622869463311048,False,-0.0005355968088038174,73.11746302427208,-2.7919781081076067,0.5432098765432201,21,3,ema_ribbon_bounce_short,1.7406336264447437,SL,2022-05-06 01:45:00+00:00,-42.23626444743722,-654.4961104159986,240,False
2022-05-06 10:30:00+00:00,21,GBP_AUD,LONG,1.74184,1.736810154420945,1.7460001243951027,1.7460001243951027,1.7460001243951027,128821.28,4,LONDON,2.0,0.0022000621975512935,13.926446285718976,56.85184374933868,1.7391395415993507,1.7421750643772933,17.10936423825915,False,8.017700512922166e-06,57.06303352888552,24.604584006493457,0.7180451127819555,10,4,ema_ribbon_bounce_long,1.736810154420945,SL,2022-05-06 12:15:00+00:00,-50.298455790549475,-647.9511456961995,105,False
2022-05-09 09:00:00+00:00,21,GBP_AUD,LONG,1.7532,1.745485035559274,1.7571875938079742,1.7571875938079742,1.7571875938079742,83146.42,3,LONDON,2.0,0.0021137969039870734,18.5962978231858,51.91985660735616,1.7507419995194833,1.7456945329814908,-10.080729763215501,False,-4.381985134514191e-05,41.74633422304334,22.180004805167908,0.31111111111113304,9,0,ema_ribbon_bounce_long,1.7571875938079742,TP3,2022-05-09 09:45:00+00:00,39.875942875610384,331.55418942315094,45,True
2022-05-10 19:45:00+00:00,21,GBP_AUD,LONG,1.77509,1.7692740582497792,1.7793372258461184,1.7793372258461184,1.7793372258461184,110865.48,4,NY,2.0,0.0022736129230591868,23.257500742911567,52.374024989059365,1.7736513115164374,1.7657735642488597,14.953305517824145,False,-0.00023305845240317467,82.26913240318065,11.386884835626887,0.1250000000001084,19,1,ema_ribbon_bounce_long,1.77141,TIME,2022-05-11 03:45:00+00:00,-36.80000000000127,-407.9849664000141,480,False
2022-05-11 15:15:00+00:00,21,GBP_AUD,SHORT,1.76128,1.7719636690334517,1.7541914932176386,1.7541914932176386,1.7541914932176386,59970.72,3,OVERLAP,2.0,0.0036642533911806752,23.224499981101122,45.43981316719179,1.7660816180615284,1.7672168130600578,-23.926773626183895,False,2.8117840142884544e-05,64.89675271719726,-45.616180615284385,0.07058823529414326,15,2,ema_ribbon_bounce_short,1.76457,TIME,2022-05-11 23:15:00+00:00,-32.90000000000015,-197.3036688000009,480,False
2022-05-12 15:00:00+00:00,21,GBP_AUD,LONG,1.77805,1.7686117566495914,1.7835960855547204,1.7835960855547204,1.7835960855547204,67675.13,3,OVERLAP,2.0,0.002893042777360285,54.697193477899006,55.208982638531566,1.7740992308197923,1.7693877033738934,11.291415620533485,False,-0.00038862398748328204,24.379775004546683,37.10769180207629,0.15181518151820042,15,3,ema_ribbon_bounce_long,1.77731,TIME,2022-05-12 23:00:00+00:00,-7.399999999999629,-50.079596199997496,480,False
2022-05-13 10:00:00+00:00,21,GBP_AUD,SHORT,1.77098,1.7760565317820838,1.7673657319462626,1.7673657319462626,1.7673657319462626,125722.35,4,LONDON,2.0,0.0019271340268687143,26.41041649679637,41.821132689879725,1.7738847401450455,1.7726142272775314,-3.452790840263731,False,7.221392853702679e-05,52.95288408054953,-26.647401450454744,0.6157894736841503,10,4,ema_ribbon_bounce_short,1.7673657319462626,TP3,2022-05-13 13:45:00+00:00,36.142683412175884,454.39430938847715,225,True
2022-05-13 16:00:00+00:00,21,GBP_AUD,SHORT,1.76696,1.774035028582231,1.7631207166885392,1.7631207166885392,1.7631207166885392,90851.57,3,OVERLAP,2.0,0.002039641655730399,19.645480162940498,43.375707072588995,1.7705063674053645,1.771756800503272,-18.779702846964952,False,0.00024933926753403193,66.56387076662811,-33.06367405364385,0.8412698412697756,16,4,ema_ribbon_bounce_short,1.76461,TIME,2022-05-16 00:00:00+00:00,23.500000000000743,213.50118950000677,3360,True
2022-05-16 15:45:00+00:00,21,GBP_AUD,SHORT,1.76658,1.772472358295796,1.7624901072754249,1.7624901072754249,1.7624901072754249,109448.96,4,OVERLAP,2.0,0.0021649463622875403,23.115911601928204,42.51784385071645,1.769688936482207,1.7706770849532496,-16.323640179733978,False,0.00015073793237806838,63.116659933116146,-28.68936482206985,0.6750000000000019,15,0,ema_ribbon_bounce_short,1.76748,TIME,2022-05-16 23:45:00+00:00,-8.999999999999007,-98.50406399998916,480,False
2022-05-18 16:00:00+00:00,21,GBP_AUD,SHORT,1.77022,1.7749859251115354,1.7656375473562085,1.7656375473562085,1.7656375473562085,135110.69,3,OVERLAP,2.0,0.0024112263218957265,20.920183929450932,48.00762252589907,1.7718110214628402,1.772300766105234,2.4616960451373515,False,4.593987507048108e-05,19.734676424001158,-13.51021462840274,0.4423076923077416,16,2,ema_ribbon_bounce_short,1.7749859251115354,SL,2022-05-18 20:30:00+00:00,-47.65925111535507,-643.9274303078894,270,False
2022-05-18 22:45:00+00:00,21,GBP_AUD,SHORT,1.77096,1.7741472336733455,1.7677660445428662,1.7677660445428662,1.7677660445428662,200012.99,3,NY,2.0,0.0017469777285669533,31.82823809901734,45.84189514668676,1.7721159246401028,1.772250515824732,5.832787122654892,False,-0.00034193642061530614,25.112590633653753,-8.559246401027565,0.16891891891883376,22,2,ema_ribbon_bounce_short,1.7741472336733455,SL,2022-05-19 00:45:00+00:00,-31.872336733453906,-637.4881368344949,120,False
2022-05-19 10:15:00+00:00,21,GBP_AUD,LONG,1.77343,1.7690751645994804,1.7776955867008892,1.7776955867008892,1.7776955867008892,144922.42,4,LONDON,2.0,0.0022527933504445405,21.352724176249936,57.00450802609461,1.7710436456454128,1.7716217161333603,-0.13178953827575057,False,6.6822362238637e-05,55.0927139067742,21.4635435458721,0.6144578313253157,10,3,ema_ribbon_bounce_long,1.7690751645994804,SL,2022-05-19 14:00:00+00:00,-43.54835400519619,-631.1132849449725,225,False
2022-05-19 18:15:00+00:00,21,GBP_AUD,SHORT,1.7690000000000001,1.7738700584531908,1.7644812950942177,1.7644812950942177,1.7644812950942177,128294.59,4,NY,2.0,0.0024093524528911604,18.887203571316206,44.25465761422858,1.7712842357837217,1.7716510774422216,-26.891530537249686,False,-0.00017824374133871244,37.72837031299999,-19.84235783721644,0.5911111111110138,18,3,ema_ribbon_bounce_short,1.7738700584531908,SL,2022-05-20 00:45:00+00:00,-48.700584531906614,-624.8021525281301,390,False
2022-05-23 04:00:00+00:00,21,GBP_AUD,SHORT,1.76882,1.7722020718362028,1.7660604351594746,1.7660604351594746,1.7660604351594746,182892.07,4,ASIAN,2.0,0.0015297824202627286,20.949874741748403,47.27193035420613,1.77026432731186,1.7709314405573744,-19.168391378689975,False,0.00025763440489280697,64.51767197936873,-11.443273118598718,0.028169014084535673,4,0,ema_ribbon_bounce_short,1.7660604351594746,TP3,2022-05-23 05:45:00+00:00,27.59564991410301,504.70255357856223,105,True
2022-05-23 10:15:00+00:00,21,GBP_AUD,SHORT,1.76696,1.771324911562363,1.763688076901431,1.763688076901431,1.763688076901431,142866.84,5,LONDON,2.0,0.0017559615492845457,17.804493538571762,45.415771413272175,1.768750240732671,1.7702545091829318,-11.601893849639833,False,4.879123900498132e-05,11.838346727826249,-15.50240732670849,0.20999999999984456,10,0,ema_ribbon_bounce_short,1.771324911562363,SL,2022-05-23 13:45:00+00:00,-43.649115623629605,-623.6011217942591,210,False
2022-05-25 05:45:00+00:00,21,GBP_AUD,SHORT,1.7633400000000001,1.7676801334422483,1.7607731908000805,1.7607731908000805,1.7607731908000805,142245.66,5,ASIAN,2.0,0.0014334045999597515,27.200484894220235,48.28618346872144,1.7647241330299974,1.7678502904999283,-31.824811629019845,False,8.341249524762518e-05,80.89125000455527,-10.84133029997325,0.5609756097559523,5,2,ema_ribbon_bounce_short,1.7676801334422483,SL,2022-05-25 07:45:00+00:00,-43.40133442248151,-617.3651459806601,120,False
2022-05-25 10:15:00+00:00,21,GBP_AUD,LONG,1.7675400000000001,1.7646847527439784,1.7706517272605005,1.7706517272605005,1.7706517272605005,214059.04,2,LONDON,2.0,0.001675863630250199,33.923397236444416,55.904231549005516,1.7657504127199213,1.7676392766989555,-5.525287486032315,False,-4.3136362197113815e-05,35.07916362780585,15.495872800788124,0.5294117647060799,10,2,ema_ribbon_bounce_long,1.7706517272605005,TP3,2022-05-25 11:15:00+00:00,31.11727405868062,666.0933812418078,60,True
2022-05-25 21:30:00+00:00,21,GBP_AUD,LONG,1.77448,1.76893797908066,1.7777065800098162,1.7777065800098162,1.7777065800098162,111485.04,4,NY,2.0,0.0017632900049080005,22.64920349292235,52.62759753641735,1.772491607465454,1.7697879306641715,17.62180553383841,False,-0.00021839257370614344,57.59349593495915,16.883925345461126,0.3846153846154339,21,2,ema_ribbon_bounce_long,1.7777065800098162,TP3,2022-05-26 01:45:00+00:00,32.26580299234331,359.71543372335134,255,True
2022-05-26 16:15:00+00:00,21,GBP_AUD,SHORT,1.77397,1.776539030653914,1.770117451881159,1.770117451881159,1.770117451881159,241900.41,4,OVERLAP,2.0,0.0020462740594204736,21.41698836816922,45.41391711137777,1.7754967976152272,1.7728155809329191,-14.012401925909135,False,9.1865235817726e-06,25.737668736235786,-12.867976152270977,0.6821192052979684,16,3,ema_ribbon_bounce_short,1.776539030653914,SL,2022-05-26 18:45:00+00:00,-25.690306539138952,-621.4495684843394,150,False
2022-05-31 08:15:00+00:00,21,GBP_AUD,SHORT,1.7542,1.7594163137560193,1.7511531057083285,1.7511531057083285,1.7511531057083285,117944.41,4,LONDON,2.0,0.0016434471458357611,33.17536985187017,45.74963288395635,1.756144125939951,1.7608219993077663,-2.5039105626767366,False,0.00021108903435300777,31.508284600388976,-17.041259399510622,0.6442307692307631,8,1,ema_ribbon_bounce_short,1.7558,TIME,2022-05-31 16:15:00+00:00,-16.00000000000046,-188.7110560000054,480,False
2022-06-02 08:30:00+00:00,21,GBP_AUD,LONG,1.7439500000000001,1.742597824484961,1.7462848520790313,1.7462848520790313,1.7462848520790313,453600.85,3,LONDON,2.0,0.0012874260395156053,21.29371195679998,54.127900222615615,1.7425803970939866,1.7477158782182578,0.5447162699168118,False,-0.00016852329614572997,33.79161300797368,11.296029060134938,0.4557823129252605,8,3,ema_ribbon_bounce_long,1.742597824484961,SL,2022-06-02 09:00:00+00:00,-13.52175515039189,-613.3479629709639,30,False
2022-06-02 09:30:00+00:00,21,GBP_AUD,LONG,1.7444,1.7425642406569142,1.7467044968302063,1.7467044968302063,1.7467044968302063,330770.2,4,LONDON,2.0,0.0012722484151032078,22.26822117789014,56.66942544326266,1.742680853805794,1.747540639980678,7.519501328470124,False,-0.00017396465881375906,50.07996154107292,14.791461942058604,0.892086330935184,9,3,ema_ribbon_bounce_long,1.7425642406569142,SL,2022-06-02 11:00:00+00:00,-18.357593430857744,-607.2144850643502,90,False
2022-06-02 11:30:00+00:00,21,GBP_AUD,SHORT,1.74234,1.7449953045708697,1.740148264375931,1.740148264375931,1.740148264375931,226392.99,4,LONDON,2.0,0.0012158678120345516,20.989444733269725,45.57566159521899,1.7428826197987755,1.7472274563590184,-8.718453322305031,False,-0.00023533435062174412,20.518644287790448,-3.0261979877543865,0.12999999999994893,11,3,ema_ribbon_bounce_short,1.740148264375931,TP3,2022-06-02 12:15:00+00:00,21.917357208801548,496.1936031398637,45,True
2022-06-05 23:15:00+00:00,21,GBP_AUD,SHORT,1.7321,1.7346335840929792,1.7302407175179906,1.7302407175179906,1.7302407175179906,239228.01,5,NY,2.0,0.0010796412410046883,22.595458335626223,47.31355326325813,1.7329914755402664,1.736307947613177,-12.995122170209594,False,8.1067780640224e-05,50.641904421230414,-5.914755402665062,0.6666666666666666,23,6,ema_ribbon_bounce_short,1.7346335840929792,SL,2022-06-06 00:00:00+00:00,-25.335840929792127,-606.1042807310721,45,False
2022-06-07 17:00:00+00:00,21,GBP_AUD,LONG,1.7442199999999999,1.739150326666203,1.7471640840340712,1.7471640840340712,1.7471640840340712,118359.35,3,NY,2.0,0.001622042017035596,29.31912792809913,54.37867357966143,1.7418990356808692,1.7396335430685068,20.038103901680593,False,-4.716112416086192e-05,16.813748561002797,20.209643191306803,0.051948051947804774,17,1,ema_ribbon_bounce_long,1.739150326666203,SL,2022-06-07 20:45:00+00:00,-50.69673333796931,-600.0432405005379,225,False
2022-06-09 10:15:00+00:00,21,GBP_AUD,SHORT,1.74258,1.7450518157222192,1.7400329512152028,1.7400329512152028,1.7400329512152028,240326.49,5,LONDON,2.0,0.001393524392398631,25.222598830634194,44.074021952830364,1.7440290659148527,1.7427058671802436,-1.8393265214200483,False,-7.727975187912187e-05,74.020171709597,-12.090659148527028,0.27927927927932256,10,3,ema_ribbon_bounce_short,1.7450518157222192,SL,2022-06-09 10:45:00+00:00,-24.718157222192172,-594.0427964477594,30,False
2022-06-10 20:45:00+00:00,21,GBP_AUD,SHORT,1.74632,1.7519082815072788,1.743443630677617,1.743443630677617,1.743443630677617,105238.5,4,NY,2.0,0.0015881846611915033,26.66104873579946,47.59925910400357,1.7485933316218647,1.7498686558201029,-22.242001748236095,False,0.000348720785622582,79.97882424120208,-19.73331621864638,0.6124031007751545,20,4,ema_ribbon_bounce_short,1.7519082815072788,SL,2022-06-13 01:15:00+00:00,-55.882815072787466,-588.1023634037545,3150,False
2022-06-13 18:00:00+00:00,21,GBP_AUD,LONG,1.75213,1.7480695459737972,1.7555178681754569,1.7555178681754569,1.7555178681754569,143388.24,5,NY,2.0,0.001843934087728389,27.013440419536114,53.7739168275675,1.7502027390811734,1.749733160485877,20.4044263647174,False,-0.00015258326832605959,13.862267753544986,16.272609188265896,0.7563025210084457,18,0,ema_ribbon_bounce_long,1.75034,TIME,2022-06-14 02:00:00+00:00,-17.899999999999583,-256.664949599994,480,False
2022-06-14 11:30:00+00:00,21,GBP_AUD,LONG,1.7548,1.7482184935006129,1.760163826950372,1.760163826950372,1.760163826950372,88073.25,4,LONDON,2.0,0.0028019134751861505,20.399630532002572,55.95221048274275,1.7516115633984342,1.750493969044254,15.261641586139518,False,0.00019491633778841123,57.67645349071383,29.484366015657404,0.28040540540536,11,1,ema_ribbon_bounce_long,1.7482184935006129,SL,2022-06-14 12:45:00+00:00,-65.81506499387046,-579.6546672971402,75,False
2022-06-14 16:45:00+00:00,21,GBP_AUD,SHORT,1.74553,1.7522692818493935,1.7406740778600174,1.7406740778600174,1.7406740778600174,85151.23,4,OVERLAP,2.0,0.002547961069991299,41.35577641090876,44.48139353343402,1.748967850578011,1.749903410664957,-38.138202805775286,False,4.341901106145953e-05,87.77750865141026,-31.9785057801103,0.7878787878787349,16,1,ema_ribbon_bounce_short,1.7406740778600174,TP3,2022-06-15 00:15:00+00:00,48.55922710252994,413.4877915629761,450,True
2022-06-15 21:00:00+00:00,21,GBP_AUD,SHORT,1.7369700000000001,1.7430733932517732,1.7328580709043524,1.7328580709043524,1.7328580709043524,94700.28,4,NY,2.0,0.0022059645478238353,20.796546165965452,45.958227728408,1.738998141540274,1.7435252663438114,-25.66342696840529,False,0.0001927726981529786,36.706393412545154,-17.281415402738975,0.5890410958904402,21,2,ema_ribbon_bounce_short,1.7328580709043524,TP3,2022-06-16 00:00:00+00:00,41.1192952985226,389.40087781727743,180,True
2022-06-17 11:30:00+00:00,21,GBP_AUD,LONG,1.75889,1.7503019940754785,1.763791383355191,1.763791383355191,1.763791383355191,67755.78,5,LONDON,2.0,0.002570691677595494,21.34496095868641,52.91295193099421,1.7559076030854506,1.7493920393212778,-3.6428947900413178,False,-0.00030918755709616113,56.301002041827616,27.42396914549472,0.47590361445787405,11,4,ema_ribbon_bounce_long,1.763791383355191,TP3,2022-06-17 14:45:00+00:00,49.01384078580672,332.09710132381474,195,True
2022-06-20 15:45:00+00:00,21,GBP_AUD,SHORT,1.75457,1.7579159898570624,1.751404361410051,1.751404361410051,1.751404361410051,174898.32,4,OVERLAP,2.0,0.0017028192949744756,17.527696545398662,47.717578889068776,1.7556958322560288,1.7547387194024746,7.316133414831949,False,-2.8788260098173274e-05,13.662481041933546,-8.858322560287846,0.6823529411764859,15,0,ema_ribbon_bounce_short,1.7579159898570624,SL,2022-06-20 16:45:00+00:00,-33.4598985706247,-585.2080047372662,60,False
2022-06-21 02:45:00+00:00,21,GBP_AUD,LONG,1.7605899999999999,1.7569547940983192,1.7635122803662733,1.7635122803662733,1.7635122803662733,159373.62,4,ASIAN,2.0,0.0016111401831366858,30.18926183541948,51.495242398239014,1.759437180247684,1.756694482722006,38.03991623826164,False,8.957496444401934e-06,34.44010875124435,8.52819752315881,0.21686746987936337,2,1,ema_ribbon_bounce_long,1.7635122803662733,TP3,2022-06-21 06:30:00+00:00,29.222805496337557,465.7344298507213,225,True
2022-06-21 11:30:00+00:00,21,GBP_AUD,LONG,1.7655,1.759056115458676,1.7688328158260054,1.7688328158260054,1.7688328158260054,90630.62,5,LONDON,2.0,0.0017864079130026727,37.309622953375204,56.61191423116951,1.7624847660366534,1.7585214502434727,5.423780573363679,False,-1.9204894403537006e-05,34.72634128526055,27.752339633466683,0.26797385620915887,11,1,ema_ribbon_bounce_long,1.759056115458676,SL,2022-06-21 14:00:00+00:00,-64.43884541324162,-584.0132511886245,150,False
2022-06-21 16:15:00+00:00,21,GBP_AUD,SHORT,1.75898,1.762662267669918,1.7552785451009643,1.7552785451009643,1.7552785451009643,157015.51,3,OVERLAP,2.0,0.001970727449517844,29.563859986350437,44.21115883605191,1.7612366172974774,1.7588613218121034,-28.875551643932074,False,3.0087165495647173e-05,83.30814495643037,-20.166172974773744,0.8734939759035879,16,1,ema_ribbon_bounce_short,1.762662267669918,SL,2022-06-22 00:00:00+00:00,-36.82267669917971,-578.1731361486819,465,False
2022-06-22 15:15:00+00:00,21,GBP_AUD,LONG,1.77325,1.7655704377238115,1.7779827528674923,1.7779827528674923,1.7779827528674923,74534.38,5,OVERLAP,2.0,0.0024863764337461317,23.06722541788829,51.43259118511336,1.771000090253401,1.7644851199646816,-3.173149469914982,False,-0.0003730107147453972,58.23922273776998,20.099097465988702,0.4419642857143025,15,2,ema_ribbon_bounce_long,1.77277,TIME,2022-06-22 23:15:00+00:00,-4.8000000000003595,-35.776502400002684,480,False
2022-06-23 19:45:00+00:00,21,GBP_AUD,LONG,1.77709,1.7723428996633626,1.7797340684165988,1.7797340684165988,1.7797340684165988,120501.7,4,NY,2.0,0.001472034208299376,23.83824960871257,54.198470380493916,1.7752403975861988,1.7709183893979072,27.048731718117835,False,-0.00011615847461278039,43.43434343434777,15.496024138013098,0.24358974358963045,19,3,ema_ribbon_bounce_long,1.7797340684165988,TP3,2022-06-24 03:15:00+00:00,26.440686360203685,318.6147655571356,450,True
2022-06-24 10:00:00+00:00,21,GBP_AUD,LONG,1.7781,1.774401803550286,1.7810011909163803,1.7810011909163803,1.7810011909163803,155540.62,4,LONDON,2.0,0.0015705954581901203,21.500137844332247,53.30303335744854,1.7769086186157943,1.7735323511836014,-0.3010313507068041,False,0.0001882045399394488,53.42535081665352,9.513813842056962,0.09433962264149362,10,4,ema_ribbon_bounce_long,1.7810011909163803,TP3,2022-06-24 11:00:00+00:00,29.011911029033424,451.25306288406966,60,True
2022-06-27 08:45:00+00:00,21,GBP_AUD,LONG,1.77485,1.7709261340980735,1.7781154633773077,1.7781154633773077,1.7781154633773077,147745.19,4,LONDON,2.0,0.0017527316886538327,37.044322838247204,56.42004520970357,1.7725591303698844,1.7725513347876432,-0.44333576241895045,False,0.0001383956023991048,38.761048957614406,20.508696301155815,0.04945054945050923,8,0,ema_ribbon_bounce_long,1.7709261340980735,SL,2022-06-27 10:30:00+00:00,-39.23865901926504,-579.7323132146528,105,False
2022-06-27 18:15:00+00:00,21,GBP_AUD,LONG,1.77355,1.7709223845553268,1.776118593055208,1.776118593055208,1.776118593055208,218424.27,5,NY,2.0,0.001434296527604013,30.796615783030287,55.57064965413153,1.772242556511986,1.7723910532656413,11.013916111239919,False,0.00011126112451894754,62.081128747791446,10.074434880140704,0.6041666666666474,18,0,ema_ribbon_bounce_long,1.7709223845553268,SL,2022-06-27 20:45:00+00:00,-26.276154446731592,-573.9349853434602,150,False
2022-06-27 22:15:00+00:00,21,GBP_AUD,SHORT,1.77108,1.7735187073195762,1.7687500817045483,1.7687500817045483,1.7687500817045483,232990.5,3,NY,2.0,0.0013149591477258013,53.51758921700052,46.59466834017599,1.7720011365893824,1.7723084761389936,-8.216953418458406,False,-0.00011277404898242418,76.97223827217954,-6.211365893824539,0.10465116279088381,22,0,ema_ribbon_bounce_short,1.7735187073195762,SL,2022-06-28 01:45:00+00:00,-24.38707319576183,-568.1956377417147,210,False
2022-06-28 05:15:00+00:00,21,GBP_AUD,SHORT,1.77065,1.7730814771745755,1.7686278704025593,1.7686278704025593,1.7686278704025593,231346.48,3,ASIAN,2.0,0.0011610647987203252,14.027248953676263,46.174423291244906,1.7716545439091174,1.7721283596305308,-10.875807242631819,False,-7.757688898461646e-05,31.497105045494717,-7.045439091173389,0.02564102564090885,5,1,ema_ribbon_bounce_short,1.7686278704025593,TP3,2022-06-28 06:00:00+00:00,20.22129684847722,467.81258469302986,45,True
2022-06-29 05:00:00+00:00,21,GBP_AUD,LONG,1.76653,1.7642699815224152,1.768771883908001,1.768771883908001,1.768771883908001,250967.78,5,ASIAN,2.0,0.0012709419540006188,16.745210101365135,53.578703962250366,1.765064104132207,1.767274599380054,27.485022987774332,False,-0.00012416513360728949,26.081736909323055,11.65895867792921,0.6666666666665961,5,2,ema_ribbon_bounce_long,1.768771883908001,TP3,2022-06-29 05:30:00+00:00,22.418839973307254,562.6406498276181,30,True
2022-06-29 16:00:00+00:00,21,GBP_AUD,SHORT,1.76356,1.7680177548073706,1.7594781450595651,1.7594781450595651,1.7594781450595651,128499.27,3,OVERLAP,2.0,0.002160927470217481,23.539685247677266,47.09204627791198,1.76538110284292,1.7669668347396432,-15.463532375818989,False,0.0002957774019460553,82.65061838838328,-15.811028429200125,0.6129032258064794,16,2,ema_ribbon_bounce_short,1.76402,TIME,2022-06-30 00:00:00+00:00,-4.599999999999049,-59.10966419998778,480,False
2022-06-30 20:30:00+00:00,21,GBP_AUD,LONG,1.76368,1.7610642907033611,1.7664424818630213,1.7664424818630213,1.7664424818630213,218765.57,4,NY,2.0,0.0015312409315106602,22.035173200681403,54.29179405828198,1.7623970850872328,1.7637138114925373,12.65567447728655,False,5.2100201210795115e-05,37.572585028177436,9.82914912767141,0.5057471264368197,20,3,ema_ribbon_bounce_long,1.7664424818630213,TP3,2022-07-01 02:30:00+00:00,27.624819892973125,604.3359470033605,360,True
2022-07-04 12:30:00+00:00,21,GBP_AUD,SHORT,1.76602,1.7721759679998088,1.7628151080652603,1.7628151080652603,1.7628151080652603,93936.56,2,LONDON,2.0,0.0017224459673697708,36.440736090344814,46.3363978156321,1.7690871786149485,1.7698866564555993,7.644601605931722,False,0.0007059681186402792,62.6100833137558,-28.271786149485223,0.7393939393939704,12,0,ema_ribbon_bounce_short,1.7628151080652603,TP3,2022-07-04 16:00:00+00:00,32.048922759158145,301.0565555701025,210,True
2022-07-05 10:30:00+00:00,21,GBP_AUD,LONG,1.77025,1.7639030891379321,1.774739937747454,1.774739937747454,1.774739937747454,91584.88,4,LONDON,2.0,0.0023649688737269127,33.86766127947928,54.288676742201,1.766693875135907,1.7669710582709213,-18.817659444345658,False,-0.000514767506420221,25.382467721179072,33.16124864093162,0.9441624365483029,10,1,ema_ribbon_bounce_long,1.7639030891379321,SL,2022-07-05 12:30:00+00:00,-63.46910862067956,-581.2810696731904,120,False
2022-07-05 17:00:00+00:00,21,GBP_AUD,SHORT,1.76068,1.7674348064948846,1.756278727842771,1.756278727842771,1.756278727842771,85193.89,4,NY,2.0,0.0023506360786144757,26.44407320664391,43.23549775912988,1.7642864690958102,1.7661876540920898,-48.10195549564522,False,0.00011548887870550632,62.64137828244261,-33.06469095810227,0.6356589147287088,17,1,ema_ribbon_bounce_short,1.756278727842771,TP3,2022-07-05 20:45:00+00:00,44.01272673847362,374.96154003575805,225,True
2022-07-06 23:45:00+00:00,21,GBP_AUD,LONG,1.75797,1.755784452051131,1.7604265676618838,1.7604265676618838,1.7604265676618838,265021.8,4,NY,2.0,0.0013782838309418111,18.610766022994788,54.024291703877495,1.756654535127796,1.7593335822260905,31.112213352386675,False,-6.516574189188593e-05,37.33916881756525,10.154648722040527,0.19191919191936183,23,2,ema_ribbon_bounce_long,1.7604265676618838,TP3,2022-07-07 00:00:00+00:00,24.565677545767763,651.0440081398955,15,True
2022-07-07 17:45:00+00:00,21,GBP_AUD,LONG,1.75661,1.7533766698250197,1.759888354290298,1.759888354290298,1.759888354290298,181153.26,4,NY,2.0,0.001789177145149078,13.006763758265564,54.282307844406276,1.7549292323635193,1.7568238703561485,17.400989337763573,False,-4.4686946214556413e-05,66.87088274044869,13.80767636480762,0.5590551181101812,17,3,ema_ribbon_bounce_long,1.75839,TIME,2022-07-08 01:45:00+00:00,17.799999999998924,322.4528027999806,480,True
2022-07-11 09:30:00+00:00,21,GBP_AUD,LONG,1.75827,1.7551542913607614,1.7606933430627842,1.7606933430627842,1.7606933430627842,189026.92,3,LONDON,2.0,0.0013316715313921763,15.496780432219865,55.26386007465525,1.7569301408915219,1.7565006265573033,1.2182916618330708,False,-2.014502288011919e-05,48.963317384370356,10.998591084780962,0.052023121387238726,9,0,ema_ribbon_bounce_long,1.7606933430627842,TP3,2022-07-11 10:30:00+00:00,24.233431909851937,458.077099494903,60,True
2022-07-11 16:00:00+00:00,21,GBP_AUD,LONG,1.76507,1.7575576822543955,1.7688583130370608,1.7688583130370608,1.7688583130370608,79008.05,5,OVERLAP,2.0,0.002014156518530456,33.80760505084067,56.37516150466742,1.7616568133189867,1.7582194817446386,12.506431253160866,False,-0.0005568913273432613,57.25027666871108,31.731866810131848,0.7843137254900936,16,0,ema_ribbon_bounce_long,1.76567,TIME,2022-07-12 00:00:00+00:00,6.00000000000156,47.404830000012325,480,True
2022-07-12 16:00:00+00:00,21,GBP_AUD,SHORT,1.75767,1.7627036757594599,1.754472270286124,1.754472270286124,1.754472270286124,118006.73,5,OVERLAP,2.0,0.0017188648569381073,21.903774465987773,43.99614324426468,1.7600568878555272,1.760516915724311,-10.05883660047946,False,0.0001122422986134066,73.16485896454662,-21.4688785552708,0.2916666666665414,16,1,ema_ribbon_bounce_short,1.76047,TIME,2022-07-13 00:00:00+00:00,-27.999999999999137,-330.4188439999898,480,False
2022-07-13 04:00:00+00:00,21,GBP_AUD,SHORT,1.7579500000000001,1.761032691015904,1.755451546657557,1.755451546657557,1.755451546657557,191619.42,5,ASIAN,2.0,0.0013992266712215494,17.2700975988481,47.39031271940666,1.758966493040427,1.7598606718134677,-5.989248974922479,False,-4.60721600018872e-05,59.954396251470506,-7.164930404268688,0.16071428571457602,4,2,ema_ribbon_bounce_short,1.761032691015904,SL,2022-07-13 06:00:00+00:00,-30.826910159038594,-590.7034645067084,120,False
2022-07-13 11:15:00+00:00,21,GBP_AUD,SHORT,1.75417,1.7598807956666382,1.7511831838322351,1.7511831838322351,1.7511831838322351,102401.92,3,LONDON,2.0,0.0016134080838824455,27.193473786898593,43.32066706284952,1.757034166247609,1.7590702572221195,0.752304640792012,False,3.3736712168077904e-05,59.76498056273371,-26.241662476089722,0.2596685082872637,11,2,ema_ribbon_bounce_short,1.7598807956666382,SL,2022-07-13 12:30:00+00:00,-57.10795666638235,-584.7964409914352,75,False
2022-07-13 17:30:00+00:00,21,GBP_AUD,SHORT,1.7557800000000001,1.7599832785723026,1.7519007724806848,1.7519007724806848,1.7519007724806848,137737.35,5,NY,2.0,0.0020896137596576442,18.47038167780196,45.481297559866526,1.7572197319308176,1.75867997625823,-8.778119349746039,False,-0.00021214142113397166,22.82164122936886,-11.397319308175113,0.47899159663870094,17,2,ema_ribbon_bounce_short,1.7599832785723026,SL,2022-07-13 20:15:00+00:00,-42.03278572302515,-578.9484518607319,165,False
2022-07-14 22:15:00+00:00,21,GBP_AUD,SHORT,1.7513,1.7567881023842287,1.7485459232121598,1.7485459232121598,1.7485459232121598,104436.64,5,NY,2.0,0.0015270383939201006,22.706013687076258,42.22565603560964,1.7540598135322787,1.7564981168041502,-53.2606507786193,False,0.00025534799183760896,71.63622490939512,-24.59813532278643,0.8124999999998872,22,3,ema_ribbon_bounce_short,1.7567881023842287,SL,2022-07-15 05:00:00+00:00,-54.881023842285884,-573.1589729848228,405,False
2022-07-18 18:15:00+00:00,21,GBP_AUD,LONG,1.754,1.7496126534901935,1.7562711265193267,1.7562711265193267,1.7562711265193267,129332.7,4,NY,2.0,0.0012855632596632993,20.654170110030318,54.92517136001848,1.7519328486467842,1.7513889954170665,10.18369759122617,False,-0.0001614885459144102,90.10888268313983,17.671513532158123,0.2886597938144519,18,0,ema_ribbon_bounce_long,1.7496126534901935,SL,2022-07-19 02:00:00+00:00,-43.87346509806544,-567.4273699488568,465,False
2022-07-19 15:15:00+00:00,21,GBP_AUD,SHORT,1.74233,1.7486682235913416,1.7388787836030566,1.7388787836030566,1.7388787836030566,88629.42,4,OVERLAP,2.0,0.0018456081984716674,20.46016117314085,47.06687903813799,1.7446251458096305,1.7488352232638007,-0.23702758087384979,False,0.00020793065073036483,61.8611383399958,-20.551458096305097,0.44155844155844404,15,1,ema_ribbon_bounce_short,1.7388787836030566,TP3,2022-07-19 16:45:00+00:00,34.51216786341854,305.87934206774247,90,True
2022-07-20 19:15:00+00:00,21,GBP_AUD,SHORT,1.73725,1.7401765529234938,1.7349559622596913,1.7349559622596913,1.7349559622596913,192995.62,4,NY,2.0,0.0012970188701543473,20.203367926273117,47.7666867298877,1.7378493923625784,1.7416232471672362,5.166008088128837,False,-0.00014462513782979245,7.142077213104841,-2.993923625784767,0.07692307692323459,19,2,ema_ribbon_bounce_short,1.7377,TIME,2022-07-21 03:15:00+00:00,-4.500000000000615,-86.84802900001186,480,False
2022-07-21 16:15:00+00:00,21,GBP_AUD,SHORT,1.73375,1.7387118789255374,1.730108893327102,1.730108893327102,1.730108893327102,113655.22,4,OVERLAP,2.0,0.0019405533364489711,25.746426657622596,46.06871081477126,1.7356974477266387,1.7387953370649858,-9.256387904581498,False,0.0002996658640662608,58.36644512304596,-17.074477266387778,0.18279569892475941,16,3,ema_ribbon_bounce_short,1.730108893327102,TP3,2022-07-21 20:15:00+00:00,36.41106993262081,413.83081636274034,240,True
2022-07-22 03:30:00+00:00,21,GBP_AUD,SHORT,1.73051,1.7347789078626994,1.7283340146060575,1.7283340146060575,1.7283340146060575,133074.25,5,ASIAN,2.0,0.0012379926969711733,26.014019872751525,46.626391793213,1.7319588209576726,1.7361150246523676,-29.681586742016375,False,8.197908345002432e-05,58.78348432273042,-11.488209576726582,0.8839285714287803,3,4,ema_ribbon_bounce_short,1.7283340146060575,TP3,2022-07-22 07:30:00+00:00,21.75985557459119,289.56764606970415,240,True
2022-07-24 21:30:00+00:00,21,GBP_AUD,LONG,1.7327,1.7291307334828117,1.735443435405473,1.735443435405473,1.735443435405473,159970.52,3,NY,2.0,0.0015217177027365978,30.624919089182043,56.15277916971215,1.7305417244000978,1.732695941082851,46.777159842394944,False,-0.00030603138110943764,44.810126582278464,18.582755999021483,0.5673076923074829,21,6,ema_ribbon_bounce_long,1.735443435405473,TP3,2022-07-24 22:15:00+00:00,27.434355769694825,438.8688158343081,45,True
2022-07-25 19:00:00+00:00,21,GBP_AUD,SHORT,1.73194,1.7339423445431037,1.7299498970411924,1.7299498970411924,1.7299498970411924,287346.2,4,NY,2.0,0.0011450514794038216,20.562955629239376,48.01361210278603,1.732821331205266,1.7331554679749421,-8.756202309667671,False,0.000134369682270768,59.84059287368496,-5.8133120526604465,0.4745762711866448,19,0,ema_ribbon_bounce_short,1.7299498970411924,TP3,2022-07-25 21:00:00+00:00,19.901030280656602,571.8485427231609,120,True
2022-07-26 04:15:00+00:00,21,GBP_AUD,LONG,1.73353,1.7316051214882136,1.7352893779691425,1.7352893779691425,1.7352893779691425,301881.17,3,ASIAN,2.0,0.0010296889845712754,16.361754390685988,54.310591789886374,1.7326317104795599,1.7329329422270774,3.033421038012296,False,7.639416689827789e-05,72.8846788145898,5.98289520440165,0.15294117647054215,4,1,ema_ribbon_bounce_long,1.7316051214882136,SL,2022-07-26 06:00:00+00:00,-19.248785117864653,-581.0845772459569,105,False
2022-07-26 10:30:00+00:00,21,GBP_AUD,SHORT,1.72954,1.7331390715314403,1.7270186395769909,1.7270186395769909,1.7270186395769909,159839.48,5,LONDON,2.0,0.001380680211504615,22.484848487223978,44.914616929727536,1.7311102713050661,1.7323959795191894,3.8469481821712392,False,8.456581140999203e-05,46.38476797139146,-13.30271305066022,0.044247787610709896,10,1,ema_ribbon_bounce_short,1.7270186395769909,TP3,2022-07-26 11:45:00+00:00,25.21360580752493,403.0129641199766,75,True
2022-07-26 16:45:00+00:00,21,GBP_AUD,LONG,1.73246,1.7295867308118051,1.7357405287600047,1.7357405287600047,1.7357405287600047,201618.37,4,OVERLAP,2.0,0.0017602643800023398,26.374197748188614,54.606854739709505,1.7310058466637084,1.7319973096063568,20.157864623615573,False,0.00016943790190892985,41.058552495929156,12.141533362917123,0.036697247706253815,16,1,ema_ribbon_bounce_long,1.7295867308118051,SL,2022-07-26 21:15:00+00:00,-28.73269188194971,-579.3038502950933,270,False
2022-07-26 21:45:00+00:00,21,GBP_AUD,LONG,1.7336799999999999,1.7306091637982686,1.7364702514522807,1.7364702514522807,1.7364702514522807,186760.47,3,NY,2.0,0.001545125726140376,39.9764398999955,51.82544370467064,1.7325133470229694,1.732327787345264,24.840406422093064,False,-0.00027156267214246456,70.29706753101703,8.666529770304798,0.3968253968250947,21,1,ema_ribbon_bounce_long,1.7364702514522807,TP3,2022-07-27 01:30:00+00:00,27.902516016835236,521.1087005486677,225,True
2022-07-27 15:30:00+00:00,21,GBP_AUD,LONG,1.73845,1.7344256016115043,1.7413983726233948,1.7413983726233948,1.7413983726233948,143803.33,3,OVERLAP,2.0,0.0015941863116974374,12.803864632335689,53.6353169518941,1.7371284654771264,1.7347656173619594,9.954256370749981,False,0.00017696650583574522,77.5339966832506,10.815345228736284,0.33593749999995937,15,2,ema_ribbon_bounce_long,1.73784,TIME,2022-07-27 23:30:00+00:00,-6.099999999999994,-87.72003129999992,480,False
2022-07-28 04:30:00+00:00,21,GBP_AUD,LONG,1.7405,1.7367020230743355,1.7427526993617362,1.7427526993617362,1.7427526993617362,152145.4,5,ASIAN,2.0,0.0012763496808680858,22.09235881176013,54.033894644439485,1.7389820957701416,1.736464288491289,20.213667057769058,False,-0.00014881411980872776,55.713474105029036,12.179042298583465,0.7425742574258035,4,3,ema_ribbon_bounce_long,1.7367020230743355,SL,2022-07-28 06:15:00+00:00,-37.97976925664415,-577.8447185459826,105,False
2022-07-29 04:00:00+00:00,21,GBP_AUD,SHORT,1.73848,1.7406886947985603,1.736545822827176,1.736545822827176,1.736545822827176,259006.48,3,ASIAN,2.0,0.001117088586411997,23.605373212642967,43.86291364134444,1.7397803435610986,1.7385062149539314,-5.498313830263335,False,7.90436669002767e-05,60.52868699927358,-10.003435610985711,0.42361111111107896,4,4,ema_ribbon_bounce_short,1.7406886947985603,SL,2022-07-29 05:15:00+00:00,-22.086947985602286,-572.066265169394,75,False
2022-07-29 16:15:00+00:00,21,GBP_AUD,LONG,1.74384,1.7388654729570068,1.7477271283029214,1.7477271283029214,1.7477271283029214,113849.13,4,OVERLAP,2.0,0.0020635641514606543,18.76529542348045,55.320835548535044,1.741798788121386,1.7396822952329094,14.874738737828963,False,-3.382364199118969e-05,37.41352252106329,18.012118786139286,0.39849624060159416,16,4,ema_ribbon_bounce_long,1.74289,TIME,2022-08-01 00:45:00+00:00,-9.500000000000064,-108.15667350000074,3390,False
2022-08-01 04:00:00+00:00,21,GBP_AUD,LONG,1.74457,1.7411887942662898,1.7465960707079962,1.7465960707079962,1.7465960707079962,167178.24,4,ASIAN,2.0,0.0011630353539980969,18.75055222987787,53.34117389807213,1.7432357608837017,1.7409655612188624,16.6137996048632,False,-3.4175064907455554e-05,84.65869008565222,10.342391162982967,0.19718309859159333,4,0,ema_ribbon_bounce_long,1.7411887942662898,SL,2022-08-01 07:00:00+00:00,-33.812057337101464,-565.264023639571,180,False
2022-08-01 10:15:00+00:00,21,GBP_AUD,SHORT,1.73947,1.7432001621267927,1.736892655902731,1.736892655902731,1.736892655902731,150023.34,5,LONDON,2.0,0.0014086720486345533,21.381981213416758,43.81157254971373,1.7416739177238199,1.7409768424684795,-0.5598394811467955,False,0.0001393915278928696,27.32496878051124,-19.639177238197636,0.016949152542296335,10,0,ema_ribbon_bounce_short,1.736892655902731,TP3,2022-08-01 11:15:00+00:00,25.773442690653827,386.6617955750474,60,True
2022-08-01 19:15:00+00:00,21,GBP_AUD,LONG,1.7455,1.7412615447399797,1.7480825085492058,1.7480825085492058,1.7480825085492058,132944.19,5,NY,2.0,0.0014412542746028597,14.338032216337307,54.34671453010096,1.7434476470289204,1.741685677052745,28.589242367667023,False,-0.00020813476978137038,23.458794541063526,17.523529710796737,0.7777777777779605,19,0,ema_ribbon_bounce_long,1.7480825085492058,TP3,2022-08-02 01:00:00+00:00,25.82508743460809,343.3295330673151,345,True
2022-08-02 03:45:00+00:00,21,GBP_AUD,LONG,1.74714,1.7429347739284127,1.7493215280584082,1.7493215280584082,1.7493215280584082,134811.14,4,ASIAN,2.0,0.0012407640292041435,36.73332290259277,53.21297248284085,1.7453426555328846,1.7427926624061867,30.813030920910922,False,-0.00016109127228902155,27.09234326124906,14.97344467115358,0.5346534653465433,3,1,ema_ribbon_bounce_long,1.7493215280584082,TP3,2022-08-02 04:30:00+00:00,21.815282202293748,294.0943063112931,45,True
2022-08-02 17:30:00+00:00,21,GBP_AUD,SHORT,1.7572400000000001,1.7562171202357881,1.7540757073736843,1.7540757073736843,1.7540757073736843,557105.8,2,NY,2.0,0.0017321463131578787,20.300062387727866,43.90313423977672,1.7578907264382149,1.749920843918347,-31.04440488997051,False,-0.00017490507541427969,51.62653409973697,-3.507264382147657,0.08750000000000346,17,1,ema_ribbon_bounce_short,1.7562171202357881,SL,2022-08-02 17:45:00+00:00,10.228797642120034,569.8522493451396,15,True
2022-08-05 04:00:00+00:00,21,GBP_AUD,SHORT,1.74255,1.7457323438663606,1.7406050646196825,1.7406050646196825,1.7406050646196825,180857.5,5,ASIAN,2.0,0.0011224676901588333,20.34638548915271,44.664181762027724,1.7438598591100425,1.7465381683828243,10.93553415994819,False,-7.227513692575731e-05,69.81750352893918,-10.09859110042477,0.7256637168141489,4,4,ema_ribbon_bounce_short,1.7457323438663606,SL,2022-08-05 07:45:00+00:00,-31.823438663605152,-575.5507558102969,225,False
2022-08-05 18:15:00+00:00,21,GBP_AUD,LONG,1.74757,1.7442842927029625,1.7500673517599812,1.7500673517599812,1.7500673517599812,173416.32,5,NY,2.0,0.0013986758799905052,11.637671000580397,53.13377638977626,1.7461890435573346,1.7463136785035436,6.180479403365968,False,-5.802147530163112e-05,37.27073277753521,10.809564426654816,0.4953271028039148,18,4,ema_ribbon_bounce_long,1.7442842927029625,SL,2022-08-05 20:45:00+00:00,-32.85707297037588,-569.7952680494054,150,False
2022-08-09 16:45:00+00:00,21,GBP_AUD,LONG,1.73538,1.732598230673619,1.7379267870072137,1.7379267870072137,1.7379267870072137,202783.64,4,OVERLAP,2.0,0.0013933935036069519,22.93607963746519,53.16506025558059,1.7340726317370607,1.736080084636972,0.3798373666841215,False,-0.00015361445523870925,72.29579761860879,10.673682629391834,0.7796610169488719,16,1,ema_ribbon_bounce_long,1.732598230673619,SL,2022-08-09 21:00:00+00:00,-27.817693263809673,-564.0973096438806,255,False
2022-08-16 03:45:00+00:00,21,GBP_AUD,SHORT,1.71525,1.7162101403130812,1.7132189338954154,1.7132189338954154,1.7132189338954154,581640.34,5,ASIAN,2.0,0.0011655330522922689,36.658214350141385,47.082267626830266,1.716117364391051,1.714808173586583,-18.690446526983262,False,-9.591735167306632e-05,89.15162316902813,-5.67364391051095,0.5399999999998046,3,1,ema_ribbon_bounce_short,1.7132189338954154,TP3,2022-08-16 05:45:00+00:00,20.310661395042114,1181.349999943717,120,True
2022-08-16 10:15:00+00:00,21,GBP_AUD,LONG,1.71775,1.714102874326964,1.7206383284904556,1.7206383284904556,1.7206383284904556,156361.44,3,LONDON,2.0,0.00156416424522779,21.400841560308084,52.690808566919145,1.7165464244017903,1.7151895344529062,-2.065429225370785,False,3.7613158286627546e-05,42.55766088220344,9.635755982098093,0.5802469135805007,10,1,ema_ribbon_bounce_long,1.7206383284904556,TP3,2022-08-16 12:45:00+00:00,28.883286751767823,451.623230843934,150,True
2022-08-17 21:30:00+00:00,21,GBP_AUD,SHORT,1.73612,1.7349070547314636,1.7338748833072004,1.7338748833072004,1.7338748833072004,473876.34,3,NY,2.0,0.0012725583463998231,29.21225405097296,42.831247520086805,1.7369361181838532,1.7283309850516464,-25.65087329593263,False,-0.0001469453548065666,37.31343283582167,-5.161181838531093,0.20000000000006343,21,2,ema_ribbon_bounce_short,1.7349070547314636,SL,2022-08-17 21:45:00+00:00,12.129452685365472,574.7860644744162,15,True
2022-08-17 22:15:00+00:00,21,GBP_AUD,SHORT,1.73634,1.7349913783663202,1.7343104586829152,1.7343104586829152,1.7343104586829152,430464.64,3,NY,2.0,0.0011647706585424242,31.713877645196163,44.66127389546033,1.7369354087659508,1.7285852731844626,-23.04613312139603,False,1.8445823152089423e-06,73.34101710321723,-2.954087659507998,0.5571428571429025,22,2,ema_ribbon_bounce_short,1.7349913783663202,SL,2022-08-17 22:30:00+00:00,13.486216336797698,580.533926038174,15,True
2022-08-22 16:15:00+00:00,21,GBP_AUD,SHORT,1.71071,1.7161770459037828,1.7075028997707358,1.7075028997707358,1.7075028997707358,107249.74,5,OVERLAP,2.0,0.0017235501146320848,26.030814935747117,47.78659826917838,1.712160166241906,1.7182694663416573,1.0708445799800792,False,-6.715920225533941e-05,18.982707506229094,-12.101662419059522,0.28395061728389986,16,0,ema_ribbon_bounce_short,1.7088,TIME,2022-08-23 00:15:00+00:00,19.099999999998563,204.8470033999846,480,True
2022-08-23 18:00:00+00:00,21,GBP_AUD,SHORT,1.70636,1.7109408062176692,1.7037759178710719,1.7037759178710719,1.7037759178710719,128446.33,5,NY,2.0,0.0014420410644641485,35.46188488676712,44.28164267358813,1.7084290484725964,1.712305838416386,-24.194135736277378,False,6.776446492080042e-05,61.59103993301388,-17.690484725962907,0.7439024390243506,18,1,ema_ribbon_bounce_short,1.7109408062176692,SL,2022-08-24 01:45:00+00:00,-45.80806217669098,-588.3877471007768,465,False
2022-08-24 18:45:00+00:00,21,GBP_AUD,SHORT,1.70687,1.7094703039697534,1.7049358785279354,1.7049358785279354,1.7049358785279354,224013.76,4,NY,2.0,0.0011170607360323323,12.657715979623669,46.97063143253555,1.7078964429153778,1.709791852434306,-7.427901009737781,False,3.1502276607562306e-05,75.48454469507188,-7.264429153777119,0.5154639175257614,18,2,ema_ribbon_bounce_short,1.7049358785279354,TP3,2022-08-25 01:15:00+00:00,19.341215584041365,433.26984259517025,390,True
2022-08-26 02:15:00+00:00,21,GBP_AUD,SHORT,1.69635,1.6994864710724296,1.6945779125264748,1.6945779125264748,1.6945779125264748,187100.9,5,ASIAN,2.0,0.001036043736762627,31.842812950331638,46.46298058904682,1.6970583733149118,1.7015982128176166,0.7720847181102997,False,-9.181811637574923e-05,17.24534448202239,-4.083733149118363,0.20967741935475784,2,4,ema_ribbon_bounce_short,1.6945779125264748,TP3,2022-08-26 06:45:00+00:00,17.72087568238128,331.5591788961652,270,True
2022-08-26 09:45:00+00:00,21,GBP_AUD,SHORT,1.6946999999999999,1.6983811870497827,1.692592171345069,1.692592171345069,1.692592171345069,160315.72,5,LONDON,2.0,0.0011739143274654771,37.00760829439638,46.40113051705897,1.695984395423684,1.7000923038101636,4.090120666861985,False,0.0001688242027283089,69.302997472011,-10.443954236840636,0.46428571428575205,9,4,ema_ribbon_bounce_short,1.692592171345069,TP3,2022-08-26 12:30:00+00:00,21.078287864108248,337.9180895301776,165,True
2022-08-31 11:30:00+00:00,21,GBP_AUD,SHORT,1.69404,1.6980434500878872,1.6912716340597036,1.6912716340597036,1.6912716340597036,148254.96,5,LONDON,2.0,0.001504182970148259,24.54316065965685,42.78858360032215,1.6961146519738362,1.6971147893523668,-9.389160194941404,False,0.00016970675669937058,32.205104263926664,-18.346519738361433,0.8716216216216743,11,2,ema_ribbon_bounce_short,1.6980434500878872,SL,2022-08-31 14:45:00+00:00,-40.03450087887161,-593.5313326417075,195,False
2022-08-31 21:00:00+00:00,21,GBP_AUD,LONG,1.69812,1.6950155620880494,1.7004603928316147,1.7004603928316147,1.7004603928316147,189276.14,3,NY,2.0,0.0013201964158072634,29.571888921207815,57.981420237317074,1.6962843527155689,1.6967845095698122,23.021562295897358,False,0.00022880078775660336,71.5600367271315,15.356472844312297,0.2284263959390016,21,2,ema_ribbon_bounce_long,1.7004603928316147,TP3,2022-09-01 00:45:00+00:00,23.403929552642285,442.9805446556059,225,True
2022-09-01 18:30:00+00:00,21,GBP_AUD,LONG,1.70132,1.696445139377048,1.7042704298350049,1.7042704298350049,1.7042704298350049,121444.67,3,NY,2.0,0.0016252149175024903,19.754707892425213,56.88701526649971,1.6986868686748697,1.6976935152907526,35.08834414412076,False,-7.140521755440946e-05,43.70816599732029,23.331313251302443,0.743119266055001,18,3,ema_ribbon_bounce_long,1.70071,TIME,2022-09-02 02:30:00+00:00,-6.099999999999994,-74.08124869999993,480,False
2022-09-02 02:45:00+00:00,21,GBP_AUD,LONG,1.7008999999999999,1.6980722126343553,1.702634604074059,1.702634604074059,1.702634604074059,209098.12,3,ASIAN,2.0,0.0010173020370295963,19.397865826012236,53.86767659425232,1.699782303066919,1.6983931564987003,25.45530309892685,False,6.692939813990216e-05,56.90836940837036,8.176969330808692,0.136363636363774,2,4,ema_ribbon_bounce_long,1.702634604074059,TP3,2022-09-02 05:30:00+00:00,17.346041570155847,362.7024681761436,165,True
2022-09-02 10:15:00+00:00,21,GBP_AUD,SHORT,1.69875,1.700647687167262,1.6966540205022962,1.6966540205022962,1.6966540205022962,313493.21,4,LONDON,2.0,0.0011679897488518771,26.72821340025278,45.33866669643018,1.6997796781750425,1.6988204145608956,4.359486853220407,False,-8.619793313231826e-05,70.184774930971,-7.896781750424964,0.14563106796127598,10,4,ema_ribbon_bounce_short,1.6966540205022962,TP3,2022-09-02 11:45:00+00:00,20.959795645626407,657.0753617891446,90,True
2022-09-04 22:00:00+00:00,21,GBP_AUD,SHORT,1.69059,1.6966090373960758,1.6872741764724761,1.6872741764724761,1.6872741764724761,99930.06,5,NY,2.0,0.0018079117637619536,29.756044240985755,47.754705784988026,1.692706334367554,1.696274309295038,-22.85949694164735,False,0.0003409385107322574,39.186879107770885,-18.163343675539068,0.3787878787878754,22,6,ema_ribbon_bounce_short,1.6872741764724761,TP3,2022-09-05 05:00:00+00:00,33.15823859338333,331.35047721311116,420,True
2022-09-05 10:30:00+00:00,21,GBP_AUD,LONG,1.69437,1.691086584128796,1.6971689034997932,1.6971689034997932,1.6971689034997932,184197.29,3,LONDON,2.0,0.0015194517498966248,33.469836141259364,58.71260759599185,1.6918800516660848,1.6942488873938328,-0.5512067973634238,False,-1.6603159269370713e-06,19.67566685493927,22.499483339151194,0.8427672955974298,10,0,ema_ribbon_bounce_long,1.691086584128796,SL,2022-09-05 12:30:00+00:00,-32.83415871203844,-604.796305418737,120,False
2022-09-05 13:30:00+00:00,21,GBP_AUD,LONG,1.69286,1.691080243357405,1.6954967864720025,1.6954967864720025,1.6954967864720025,336421.46,3,OVERLAP,2.0,0.0014383932360012197,17.363476134690625,51.84455922642569,1.6919887243362919,1.6940186288037584,-5.8938147508103,False,-0.0002380446983783007,69.17156743854461,6.312756637081307,0.48571428571419506,13,0,ema_ribbon_bounce_long,1.6954967864720025,TP3,2022-09-05 14:00:00+00:00,26.367865503799703,887.0715809871932,30,True
2022-09-05 16:15:00+00:00,21,GBP_AUD,LONG,1.69424,1.6914216979411318,1.6965915686960404,1.6965915686960404,1.6965915686960404,215597.56,4,OVERLAP,2.0,0.0012957843480202083,17.646524876723195,55.970039244006244,1.6925252160508526,1.69396889258923,6.725557180837782,False,-1.1041101165643725e-05,61.53207505840231,14.747839491473513,0.6984126984127935,16,0,ema_ribbon_bounce_long,1.6965915686960404,TP3,2022-09-05 22:00:00+00:00,23.515688051126123,506.99249655439473,345,True
2022-09-07 17:30:00+00:00,21,GBP_AUD,SHORT,1.70313,1.7079860923618226,1.6998506496638148,1.6998506496638148,1.6998506496638148,126169.14,4,NY,2.0,0.001789675168092532,19.6383789565271,44.54265923591137,1.7056920689439852,1.704544450661358,-13.70510855148277,False,0.0001543436713748764,12.446275026784216,-22.620689439851738,0.9144736842104149,17,2,ema_ribbon_bounce_short,1.7079860923618226,SL,2022-09-08 01:30:00+00:00,-48.560923618226056,-612.688997051727,480,False
2022-09-08 18:45:00+00:00,21,GBP_AUD,SHORT,1.70383,1.7076501528384904,1.7011494263887303,1.7011494263887303,1.7011494263887303,158779.53,4,NY,2.0,0.001490286805634774,29.82977279686375,43.17405712525411,1.7058322202694784,1.7055938076309909,-27.99198268708558,False,7.163489960353348e-05,68.08469308469694,-17.02220269478527,0.09565217391309216,18,3,ema_ribbon_bounce_short,1.7011494263887303,TP3,2022-09-09 00:15:00+00:00,26.805737800932366,425.6202449335275,330,True
2022-09-12 10:45:00+00:00,21,GBP_AUD,LONG,1.70008,1.696098865549297,1.7027578322492927,1.7027578322492927,1.7027578322492927,153428.2,4,LONDON,2.0,0.0014589161246463124,20.83093374277394,56.63773495171562,1.6978705532940703,1.6987076767088796,12.001213842853797,False,0.00015980850167856718,57.04605781593261,19.694467059296894,0.6845238095238394,10,0,ema_ribbon_bounce_long,1.6974,TIME,2022-09-12 18:45:00+00:00,-26.800000000000157,-411.1875760000024,480,False
2022-09-12 18:45:00+00:00,21,GBP_AUD,SHORT,1.6971,1.6994619975175533,1.6945629265432698,1.6945629265432698,1.6945629265432698,256861.58,5,NY,2.0,0.0014185367283651436,32.87962536558726,45.11972301943812,1.6982904097572102,1.6986924611819936,-13.798104048785564,False,-0.00010711764130402572,56.16054900898178,-8.904097572102199,0.7524752475246589,18,0,ema_ribbon_bounce_short,1.6945629265432698,TP3,2022-09-12 21:00:00+00:00,25.370735555022755,651.6767220425321,135,True
2022-09-13 04:45:00+00:00,21,GBP_AUD,LONG,1.70023,1.696940832683091,1.7022124083413992,1.7022124083413992,1.7022124083413992,186437.21,3,ASIAN,2.0,0.00114120417069963,34.23041330308305,54.38679428321611,1.6985161900280303,1.6984245146011965,13.34923894296125,False,-0.00011574183936904773,12.901259254173793,14.13809971969604,0.422535211267566,4,1,ema_ribbon_bounce_long,1.7022124083413992,TP3,2022-09-13 06:00:00+00:00,19.824084477304414,369.5947000752943,75,True
2022-09-13 11:30:00+00:00,21,GBP_AUD,SHORT,1.69726,1.6999687382474773,1.6944286445247208,1.6944286445247208,1.6944286445247208,227751.47,3,LONDON,2.0,0.0015356777376396777,29.91554386678573,46.16907753577768,1.6985898335004639,1.6985780478499242,-0.7394213791300785,False,-0.00011007364256907187,72.80395963842182,-10.89833500463877,0.2916666666667052,11,1,ema_ribbon_bounce_short,1.6999687382474773,SL,2022-09-13 12:30:00+00:00,-27.087382474773044,-616.9191177081799,60,False
2022-09-13 22:45:00+00:00,21,GBP_AUD,LONG,1.70648,1.7005422566309882,1.7094660404170003,1.7094660404170003,1.7094660404170003,102858.93,5,NY,2.0,0.0016430202085001532,44.295868176458555,52.56823089285397,1.7041826544319858,1.700702968245568,44.95757600264438,False,-0.00036545620000919996,53.00680360710487,19.973455680142305,0.736363636363697,22,1,ema_ribbon_bounce_long,1.7094660404170003,TP3,2022-09-14 03:30:00+00:00,29.860407073047874,307.1409520898136,285,True
2022-09-15 17:30:00+00:00,21,GBP_AUD,LONG,1.71014,1.707070749580254,1.7128747588726054,1.7128747588726054,1.7128747588726054,199990.64,5,NY,2.0,0.0015173794363027343,22.90279943568442,54.65818335258035,1.7085161208150659,1.7078003355460551,15.00191774830295,False,-0.00011276432918227248,26.411636984325735,13.238791849341514,0.8676470588234814,17,3,ema_ribbon_bounce_long,1.7128747588726054,TP3,2022-09-15 22:30:00+00:00,27.347590093497793,546.9262045256283,300,True
2022-09-16 10:30:00+00:00,21,GBP_AUD,SHORT,1.70343,1.7092615522339738,1.7002761391434624,1.7002761391434624,1.7002761391434624,106196.53,5,LONDON,2.0,0.0016969304282687875,23.670493848204682,42.06158883199832,1.7063474306365563,1.7077852813819738,1.0721167904659268,False,0.00023461630961582234,61.247619047619175,-26.774306365562328,0.6575342465754841,10,4,ema_ribbon_bounce_short,1.7002761391434624,TP3,2022-09-16 18:00:00+00:00,31.5386115352099,334.9291106057264,450,True
2022-09-19 15:45:00+00:00,21,GBP_AUD,LONG,1.7035,1.7009724904213386,1.7059579880365314,1.7059579880365314,1.7059579880365314,246345.22,4,OVERLAP,2.0,0.0013489940182657301,14.423558287616684,54.56668598641526,1.7021280124831142,1.7035603827790418,7.4177699520627804,False,3.7383719872250234e-07,65.30072703238983,11.319875168858129,0.274336283185905,15,0,ema_ribbon_bounce_long,1.7009724904213386,SL,2022-09-19 16:45:00+00:00,-25.275095786614354,-622.6399032074586,60,False
2022-09-20 03:45:00+00:00,21,GBP_AUD,SHORT,1.69824,1.701883922431789,1.696065972170961,1.696065972170961,1.696065972170961,169162.08,5,ASIAN,2.0,0.0012370139145195234,18.300505607217367,44.92905120499757,1.6998292275872628,1.7020916285128305,-26.756915004078063,False,-1.8240904564142274e-05,57.53623188405296,-12.892275872629089,0.6075949367088537,3,1,ema_ribbon_bounce_short,1.701883922431789,SL,2022-09-20 06:00:00+00:00,-36.439224317890144,-616.4134979200878,135,False
2022-09-20 22:00:00+00:00,21,GBP_AUD,SHORT,1.69982,1.7028486915619696,1.6974854129460721,1.6974854129460721,1.6974854129460721,201489.44,5,NY,2.0,0.001317293526963953,25.049124221471594,46.32773402915263,1.7012451823829147,1.7020630230496123,-26.853269176860817,False,0.00011910101470051753,65.97240432041036,-11.251823829145913,0.6310679611648183,22,1,ema_ribbon_bounce_short,1.7028486915619696,SL,2022-09-21 03:15:00+00:00,-30.286915619694987,-610.2493667539596,315,False
2022-09-21 08:45:00+00:00,21,GBP_AUD,SHORT,1.69938,1.7032346612490998,1.6961734088667606,1.6961734088667606,1.6961734088667606,156731.51,3,LONDON,2.0,0.0017232955666196701,55.874429901508904,41.90672032252895,1.7014577610267587,1.7018538257836167,-1.4614581596417153,False,-0.00035181508955221976,54.27925064106787,-18.377610267588107,0.7136363636364026,8,2,ema_ribbon_bounce_short,1.701,TIME,2022-09-21 16:45:00+00:00,-16.200000000001765,-253.90504620002773,480,False
2022-09-22 05:00:00+00:00,21,GBP_AUD,LONG,1.7035099999999999,1.7002230858513467,1.7056044022127752,1.7056044022127752,1.7056044022127752,183031.19,5,ASIAN,2.0,0.0011972011063876094,24.58625980863613,53.28649639465251,1.7019697201028074,1.7014316443764588,29.7192254840839,False,-0.000246874077636056,25.54987053923192,12.402798971924422,0.7837837837835567,5,3,ema_ribbon_bounce_long,1.7056044022127752,TP3,2022-09-22 06:45:00+00:00,20.944023272040532,383.3409502869273,105,True
2022-09-22 09:45:00+00:00,21,GBP_AUD,LONG,1.70384,1.7001641049300578,1.7074614569042805,1.7074614569042805,1.7074614569042805,164705.8,4,LONDON,2.0,0.0019307284521402723,22.29303158906531,51.182981259791624,1.7028073068146128,1.7017993914339473,7.709411785232767,False,-0.00016282542051910325,68.31869078380628,7.926931853872166,0.022471910112261437,9,3,ema_ribbon_bounce_long,1.7074614569042805,TP3,2022-09-22 10:30:00+00:00,36.21457124154786,596.4749927996132,45,True
2022-09-26 17:00:00+00:00,21,GBP_AUD,LONG,1.65889,1.6486677849931044,1.6724342698168544,1.6724342698168544,1.6724342698168544,59811.5,3,NY,2.0,0.00692213490842723,26.82941504028971,51.48908627976468,1.654041913025689,1.6655425375950264,7.4000476928537395,False,-0.0015142252454976896,63.244119658349824,45.48086974311083,0.7350096711799036,17,0,ema_ribbon_bounce_long,1.66106,TIME,2022-09-27 01:00:00+00:00,21.70000000000005,129.7909550000003,480,True
2022-09-27 02:15:00+00:00,21,GBP_AUD,LONG,1.65983,1.653492019943898,1.66500982613877,1.66500982613877,1.66500982613877,96671.79,2,ASIAN,2.0,0.0027399130693850156,25.980914397909928,53.74085296449432,1.6565301879345384,1.6627757935834842,21.051031274443854,False,4.398228099627803e-06,37.12204443911596,29.998120654615157,0.6627906976743075,2,1,ema_ribbon_bounce_long,1.66500982613877,TP3,2022-09-27 05:30:00+00:00,51.7982667458579,500.7431165219558,195,True
2022-09-27 10:30:00+00:00,21,GBP_AUD,LONG,1.6656900000000001,1.6570006139887519,1.671085502210158,1.671085502210158,1.671085502210158,71088.03,3,LONDON,2.0,0.0028177511050789593,20.919633315558546,55.710642018874736,1.6619365513853641,1.6629871701183285,-2.3561519633163996,False,-0.00014993518263276646,43.09045507394898,35.13448614635983,0.3563218390804969,10,1,ema_ribbon_bounce_long,1.66523,TIME,2022-09-27 18:30:00+00:00,-4.60000000000127,-32.70049380000903,480,False
2022-09-27 21:00:00+00:00,21,GBP_AUD,LONG,1.66773,1.6613052727866102,1.6712271630927176,1.6712271630927176,1.6712271630927176,96095.02,4,NY,2.0,0.001898581546358825,22.71451459264457,55.76900321810713,1.665229755445902,1.6639067066845643,19.95926972516937,False,0.0001500819298377921,65.50501745200945,22.00244554098063,0.24293785310732904,21,1,ema_ribbon_bounce_long,1.6613052727866102,SL,2022-09-28 01:00:00+00:00,-64.24727213389713,-617.3842900652288,240,False
2022-09-28 15:15:00+00:00,21,GBP_AUD,SHORT,1.65849,1.6683330155534737,1.6489074384141509,1.6489074384141509,1.6489074384141509,62095.86,3,OVERLAP,2.0,0.004911280792924583,13.753248670429132,48.23953201505541,1.6621486346418017,1.6640562341751608,-20.801151811842278,False,0.0008436293265338818,78.49273282704617,-34.18634641801699,0.2549019607843462,15,2,ema_ribbon_bounce_short,1.6683330155534737,SL,2022-09-28 16:00:00+00:00,-98.43015553473666,-611.2105157863233,45,False
2022-09-28 21:15:00+00:00,21,GBP_AUD,LONG,1.66842,1.6622956578338954,1.6735947865900174,1.6735947865900174,1.6735947865900174,98802.18,2,NY,2.0,0.0027373932950086094,20.46441806678603,53.73997834660699,1.6656739745104914,1.6647973235572768,56.30372022988439,False,-0.00032757776370361175,24.3525255477462,24.46025489508674,0.21818181818185856,21,2,ema_ribbon_bounce_long,1.6652,TIME,2022-09-29 05:15:00+00:00,-32.20000000000001,-318.14301960000006,480,False
2022-09-29 12:15:00+00:00,21,GBP_AUD,LONG,1.67648,1.6657731846799724,1.6827799261133234,1.6827799261133234,1.6827799261133234,56218.11,4,LONDON,2.0,0.003269963056661703,21.350549721716813,55.704745103745026,1.6715171290840607,1.6671777959614222,6.290722756241429,False,-0.0005327223349172855,62.97870523324308,47.22870915939259,0.8060836501900355,12,3,ema_ribbon_bounce_long,1.6827799261133234,TP3,2022-09-29 12:45:00+00:00,62.999272339456,354.1700022299495,30,True
2022-10-03 10:30:00+00:00,21,GBP_AUD,LONG,1.73803,1.7267533991392434,1.743891239656009,1.743891239656009,1.743891239656009,53691.59,5,LONDON,2.0,0.0030506198280044606,23.486408002197816,53.56323883178132,1.7349774381524845,1.7176045408401104,-2.890009283236239,False,-0.0004396540992086717,51.59182830613211,28.12561847515438,0.5887096774193527,10,0,ema_ribbon_bounce_long,1.7357,TIME,2022-10-03 18:30:00+00:00,-23.299999999999432,-125.10140469999695,480,False
2022-10-03 21:15:00+00:00,21,GBP_AUD,LONG,1.7367299999999999,1.7310777804824755,1.7401052486452733,1.7401052486452733,1.7401052486452733,106897.41,3,NY,2.0,0.0018376243226367293,41.02580879997724,53.25655136538358,1.7352876371945607,1.7237308498181991,10.051851346588592,False,0.00011308695882548405,38.724916443857104,11.423628054392232,0.6746031746031677,21,0,ema_ribbon_bounce_long,1.7401052486452733,TP3,2022-10-03 22:30:00+00:00,33.75248961019919,360.80537203822036,75,True
2022-10-05 03:00:00+00:00,21,GBP_AUD,LONG,1.76205,1.7533336326446576,1.7670357502248488,1.7670357502248488,1.7670357502248488,69732.68,4,ASIAN,2.0,0.0026428751124244008,23.825398895899795,51.76678273853152,1.7603474497791285,1.7463114022253385,36.68015239649325,False,0.0002702167216500174,62.67416231012248,14.025502208714347,0.14444444444440196,3,2,ema_ribbon_bounce_long,1.75674,TIME,2022-10-05 11:00:00+00:00,-53.09999999999925,-370.2805307999948,480,False
2022-10-07 03:15:00+00:00,21,GBP_AUD,SHORT,1.73869,1.7430226288609507,1.7355837875077662,1.7355837875077662,1.7355837875077662,139433.33,4,ASIAN,2.0,0.0017031062461169244,18.658078629078336,48.21278897358768,1.7398625957472296,1.7432248482393504,-17.421981533864983,False,0.00015792373079928808,43.52122562157322,-8.72595747229532,0.4019607843137383,3,4,ema_ribbon_bounce_short,1.7430226288609507,SL,2022-10-07 06:45:00+00:00,-43.326288609506484,-604.1128697364559,210,False
2022-10-07 10:30:00+00:00,21,GBP_AUD,LONG,1.74434,1.7397926716010543,1.7486110896688116,1.7486110896688116,1.7486110896688116,131521.56,3,LONDON,2.0,0.0022555448344057974,21.497017801726646,53.38802135970517,1.742173367220875,1.7431289218181385,-5.233796010011282,False,-4.084702096569803e-05,48.97959183673584,19.266327791249704,0.29518072289162833,10,4,ema_ribbon_bounce_long,1.7486110896688116,TP3,2022-10-07 12:30:00+00:00,42.71089993556073,561.7404188528847,120,True
2022-10-07 16:45:00+00:00,21,GBP_AUD,SHORT,1.73853,1.743895303576968,1.7339529081394527,1.7339529081394527,1.7339529081394527,112517.24,3,OVERLAP,2.0,0.0024085459302736296,30.02609993999877,43.96316058538756,1.7409878758311903,1.742612176158609,-28.220014633018042,False,0.00012067802456563418,72.01953939494264,-22.178758311903746,0.7590909090909435,16,4,ema_ribbon_bounce_short,1.743895303576968,SL,2022-10-07 20:45:00+00:00,-53.65303576968072,-603.6891502425751,240,False
2022-10-09 23:45:00+00:00,21,GBP_AUD,SHORT,1.74018,1.7431666723546464,1.7367474563338738,1.7367474563338738,1.7367474563338738,200106.4,4,NY,2.0,0.001866271833063071,18.257988116994095,46.66870628318869,1.7410887649068976,1.7422501424900776,-8.434473606928616,False,-0.00011974534797055156,10.603487908788027,-6.087649068975409,0.5263157894735612,23,6,ema_ribbon_bounce_short,1.7431666723546464,SL,2022-10-10 02:00:00+00:00,-29.86672354646336,-597.6522528678015,135,False
2022-10-10 16:00:00+00:00,21,GBP_AUD,LONG,1.75381,1.7459694121115998,1.7583926960795946,1.7583926960795946,1.7583926960795946,75463.18,3,OVERLAP,2.0,0.002411348039797259,27.5271628445088,52.68820769003018,1.7511403181597895,1.7461669078977782,6.845144000209302,False,0.0002682178351450063,45.43745047914876,24.29681840210529,0.2812500000000036,16,0,ema_ribbon_bounce_long,1.7583926960795946,TP3,2022-10-10 23:30:00+00:00,45.826966868702655,345.82486496669446,450,True
2022-10-11 17:00:00+00:00,21,GBP_AUD,LONG,1.76411,1.756683416398288,1.7691478778222245,1.7691478778222245,1.7691478778222245,80135.63,4,NY,2.0,0.0026689389111121905,25.88075099263533,55.74633040898306,1.7615739087984044,1.7552446882146637,16.069706053005728,False,7.187311038283787e-05,47.03016462080236,22.360912015957357,0.39252336448605696,17,1,ema_ribbon_bounce_long,1.756683416398288,SL,2022-10-11 19:00:00+00:00,-74.26583601712,-595.1339556708602,120,False
2022-10-12 15:00:00+00:00,21,GBP_AUD,LONG,1.76667,1.7562000048024546,1.7723057126547979,1.7723057126547979,1.7723057126547979,56273.44,5,OVERLAP,2.0,0.0029378563273990055,27.457286143641284,58.94188185655483,1.7614506574953144,1.7567312747925805,17.24084222704203,False,-0.0005225177177479476,62.7755285650015,49.79342504685569,0.2904564315352349,15,2,ema_ribbon_bounce_long,1.76849,TIME,2022-10-12 23:00:00+00:00,18.199999999999328,102.41766079999623,480,True
2022-10-13 03:00:00+00:00,21,GBP_AUD,LONG,1.76814,1.7625075256529288,1.770961625936426,1.770961625936426,1.770961625936426,104786.42,5,ASIAN,2.0,0.001560812968213011,26.823866891787382,54.272993960442115,1.7662357784834541,1.7607049259925955,21.406589182690894,False,1.1653460278732695e-05,76.38832952969123,16.04221516545934,0.875,3,3,ema_ribbon_bounce_long,1.770961625936426,TP3,2022-10-13 09:15:00+00:00,28.21626205699995,295.6681086734861,375,True
2022-10-14 10:00:00+00:00,21,GBP_AUD,SHORT,1.78772,1.7908101142199748,1.7823150427561292,1.7823150427561292,1.7823150427561292,191955.2,3,LONDON,2.0,0.0028224786219354287,40.713342674458005,47.058463904304766,1.7896901437828288,1.781103039887796,-10.502394162654749,False,0.0003665549837692974,16.385506771068687,-17.301437828287636,0.19879518072285693,10,4,ema_ribbon_bounce_short,1.7908101142199748,SL,2022-10-14 10:30:00+00:00,-30.901142199748485,-593.1634931181161,30,False
2022-10-17 09:45:00+00:00,21,GBP_AUD,LONG,1.80677,1.798022098133209,1.8113060243570689,1.8113060243570689,1.8113060243570689,67128.31,4,LONDON,2.0,0.0023880121785344725,25.89615884990874,55.77999899258712,1.8035770906727293,1.793614659615915,18.776033456087138,False,0.00011646815768049865,58.61198455437113,29.529093272706586,0.6079734219269184,9,0,ema_ribbon_bounce_long,1.8113060243570689,TP3,2022-10-17 14:15:00+00:00,45.36025032793399,304.49569456911547,270,True
2022-10-18 18:15:00+00:00,21,GBP_AUD,SHORT,1.7944,1.8004246234850367,1.7904206869373354,1.7904206869373354,1.7904206869373354,97977.38,4,NY,2.0,0.002139656531332318,29.052452532488644,45.80540763829898,1.796368347634538,1.798049449997696,0.92343220585267,False,-0.0002756749698626039,10.05533144773633,-16.683476345380477,0.7516778523490043,18,1,ema_ribbon_bounce_short,1.79341,TIME,2022-10-19 02:15:00+00:00,9.900000000000464,96.99760620000455,480,True
2022-10-19 05:00:00+00:00,21,GBP_AUD,SHORT,1.79346,1.7975365330426332,1.79108548438015,1.79108548438015,1.79108548438015,145036.67,3,ASIAN,2.0,0.0013372578099249421,22.232390643715096,46.446279083264734,1.7948569642995158,1.7968937880199007,-10.127967125646009,False,-5.5369483785249645e-05,74.45416529107499,-10.969642995157791,0.48039215686261705,5,2,ema_ribbon_bounce_short,1.79108548438015,TP3,2022-10-19 06:00:00+00:00,23.745157835683198,344.3918621111899,60,True
2022-10-19 12:15:00+00:00,21,GBP_AUD,SHORT,1.78756,1.795404520896947,1.783544416720705,1.783544416720705,1.783544416720705,75809.69,3,LONDON,2.0,0.002127791639647468,32.71830124038664,43.009834051890465,1.791042406442755,1.795083641826241,-4.0228187838775575,False,0.00028650319371242806,64.93371793360213,-32.424064427549744,0.7035175879395651,12,2,ema_ribbon_bounce_short,1.78889,TIME,2022-10-19 20:15:00+00:00,-13.300000000000534,-100.82688770000405,480,False
2022-10-21 11:30:00+00:00,21,GBP_AUD,SHORT,1.77967,1.787258277899389,1.775665119729451,1.775665119729451,1.775665119729451,78236.78,4,LONDON,2.0,0.0021224401352745044,28.996026743952413,42.12244839822934,1.78356579055226,1.7873031852292531,-3.8875399418958345,False,0.0001306811742784594,84.49673348734449,-36.55790552259841,0.4320987654320632,11,4,ema_ribbon_bounce_short,1.775665119729451,TP3,2022-10-21 13:30:00+00:00,40.04880782441283,313.32897670208655,120,True
2022-10-24 18:30:00+00:00,21,GBP_AUD,SHORT,1.78992,1.7912395428962902,1.785922852983573,1.785922852983573,1.785922852983573,452289.76,4,NY,2.0,0.002148573508213522,27.750403173372735,43.96398328453288,1.7916342409611579,1.787244659922263,-46.224879878427046,False,0.00011609943345145836,47.21041346959516,-14.14240961157942,0.9350649350649463,18,0,ema_ribbon_bounce_short,1.785922852983573,TP3,2022-10-24 20:45:00+00:00,39.97147104802862,1807.8687047159815,135,True
2022-10-25 04:45:00+00:00,21,GBP_AUD,SHORT,1.7861500000000001,1.7893778890597816,1.7832942400913945,1.7832942400913945,1.7832942400913945,190494.29,3,ASIAN,2.0,0.0015778799543028133,19.950992263200714,47.76786593009588,1.7876713625602587,1.7871003935145133,-60.78537805460415,False,-1.106130299312032e-05,86.69118912407843,-12.213625602586209,0.36666666666651865,4,1,ema_ribbon_bounce_short,1.7832942400913945,TP3,2022-10-25 06:00:00+00:00,28.557600585187977,544.005984757897,75,True
2022-10-25 12:15:00+00:00,21,GBP_AUD,LONG,1.79171,1.7861739729420392,1.7964949385144175,1.7964949385144175,1.7964949385144175,112054.09,4,LONDON,2.0,0.0025124692572088595,37.20484754153865,52.53157080069943,1.7895260266818265,1.7877126367123393,-3.89085832459779,False,-0.000529926563231092,23.000758935706425,19.439733181734198,0.8379888268155697,12,1,ema_ribbon_bounce_long,1.7964949385144175,TP3,2022-10-25 13:15:00+00:00,47.84938941438061,536.1719787884052,60,True
2022-10-25 16:00:00+00:00,21,GBP_AUD,LONG,1.79477,1.787254476043551,1.8002943943384888,1.8002943943384888,1.8002943943384888,83253.84,4,OVERLAP,2.0,0.0028821971692444552,22.63476239426092,54.622628087651044,1.7916441239366807,1.7886318949529945,10.298497593388412,False,-0.0003429882799503422,56.09821921514962,28.85876063319248,0.5,16,1,ema_ribbon_bounce_long,1.79398,TIME,2022-10-26 00:00:00+00:00,-7.900000000000684,-65.77053360000569,480,False
2022-10-26 11:45:00+00:00,21,GBP_AUD,SHORT,1.78476,1.7919642313790085,1.7802809279263396,1.7802809279263396,1.7802809279263396,86759.91,4,LONDON,2.0,0.002359536036830153,13.244814831909208,41.51381498975123,1.7884098580748553,1.7894882654722268,-17.26936198625406,False,5.339277389834448e-06,31.554056875598064,-34.09858074855387,0.6179775280899559,11,2,ema_ribbon_bounce_short,1.7919642313790085,SL,2022-10-26 19:00:00+00:00,-72.04231379008607,-625.0384660619627,435,False
2022-10-26 20:30:00+00:00,21,GBP_AUD,LONG,1.7902799999999999,1.7875234409606464,1.7934188506243238,1.7934188506243238,1.7934188506243238,224478.45,5,NY,2.0,0.0017194253121619292,25.416813762022905,52.989525538600844,1.7889624547453042,1.7892719969127828,22.779385536719765,False,-7.812387859694383e-05,15.880524485635936,10.17545254695662,0.36458333333315024,20,2,ema_ribbon_bounce_long,1.7875234409606464,SL,2022-10-26 21:00:00+00:00,-27.56559039353457,-618.788100487553,30,False
2022-10-27 17:00:00+00:00,21,GBP_AUD,SHORT,1.78767,1.7921942669101087,1.782793049360883,1.782793049360883,1.782793049360883,135403.2,3,NY,2.0,0.0025884753195585235,12.409153314233283,46.728888822424054,1.7894756947831334,1.7895499550967229,-23.143355762413886,False,4.8240656130279624e-05,75.71026788975475,-15.056947831333378,0.1398601398601203,17,3,ema_ribbon_bounce_short,1.7921942669101087,SL,2022-10-27 20:00:00+00:00,-45.24266910108654,-612.6002172828241,180,False
2022-10-27 21:00:00+00:00,21,GBP_AUD,LONG,1.79169,1.7880292196288161,1.7949278537987476,1.7949278537987476,1.7949278537987476,165668.02,5,NY,2.0,0.0017689268993738424,22.028197585304916,56.23749120758956,1.7899176559523167,1.7896543019482751,11.658304251978002,False,0.000262871035016393,36.19704605765525,14.723440476833716,1.0,21,3,ema_ribbon_bounce_long,1.7880292196288161,SL,2022-10-28 04:00:00+00:00,-36.60780371183892,-606.4742357489004,420,False
2022-11-01 21:45:00+00:00,21,GBP_AUD,LONG,1.79563,1.79217724236559,1.7984589510288869,1.7984589510288869,1.7984589510288869,173892.74,5,NY,2.0,0.0015644755144434387,27.113334165459438,55.82904795647488,1.7934677842307716,1.7950517028070268,27.144304306752076,False,-5.62002399931566e-05,38.62786271816909,18.622157692285146,0.728205128205269,21,1,ema_ribbon_bounce_long,1.7984589510288869,TP3,2022-11-02 00:45:00+00:00,28.28951191570482,491.93407402845605,180,True
2022-11-02 07:00:00+00:00,21,GBP_AUD,SHORT,1.79231,1.795796891342186,1.7895358608249974,1.7895358608249974,1.7895358608249974,173601.29,3,ASIAN,2.0,0.001537069587501286,27.52186447843983,43.981021846127554,1.794212569068233,1.7949995538842969,-8.371810498997156,False,-4.1584651204578976e-05,61.916557556882374,-16.02569068232862,0.4565217391304479,7,2,ema_ribbon_bounce_short,1.7895358608249974,TP3,2022-11-02 09:00:00+00:00,27.74139334802144,481.5941671613941,120,True
2022-11-02 12:00:00+00:00,21,GBP_AUD,SHORT,1.78917,1.7951845702852234,1.7853925077863835,1.7853925077863835,1.7853925077863835,101444.45,5,LONDON,2.0,0.002008746106808246,26.99710953558362,42.89885369769664,1.7924036075850485,1.7942740323516058,-14.763512260294043,False,0.00014197426492170958,26.583821145669436,-29.93607585048519,0.6153846153846084,12,2,ema_ribbon_bounce_short,1.7853925077863835,TP3,2022-11-02 18:00:00+00:00,37.77492585986966,383.20565776452554,360,True
2022-11-03 11:00:00+00:00,21,GBP_AUD,SHORT,1.7897399999999999,1.7944715939143825,1.7850353202314568,1.7850353202314568,1.7850353202314568,129761.1,3,LONDON,2.0,0.0024723398842715657,20.955124073971252,48.05952607806301,1.791484902190627,1.7927873754156984,16.871333188128723,False,0.00019544785440034568,55.60245589377044,-15.049021906270443,0.07446808510639429,11,3,ema_ribbon_bounce_short,1.7850353202314568,TP3,2022-11-03 12:00:00+00:00,47.04680131107778,610.4844689606896,60,True
2022-11-07 03:45:00+00:00,21,GBP_AUD,LONG,1.76221,1.760608984027895,1.7657363121427583,1.7657363121427583,1.7657363121427583,387305.11,2,ASIAN,2.0,0.0019131560713791294,45.28756472498901,53.94927588138246,1.7601472637679567,1.7693527687726474,55.91747834602811,False,-0.0003135929021758305,16.606130000112312,17.627362320433715,0.6330275229358322,3,0,ema_ribbon_bounce_long,1.760608984027895,SL,2022-11-07 06:45:00+00:00,-16.010159721051576,-620.081667187945,180,False
2022-11-07 16:00:00+00:00,21,GBP_AUD,LONG,1.7718,1.7644346699743594,1.775726890938804,1.775726890938804,1.775726890938804,83347.37,3,OVERLAP,2.0,0.002083445469401971,17.084193646850856,56.19314133201576,1.768346431675242,1.7690069841344924,11.566405115677192,False,-0.0002730716252134166,50.27052458245123,32.13568324758054,0.21212121212123658,16,0,ema_ribbon_bounce_long,1.775726890938804,TP3,2022-11-07 17:15:00+00:00,39.26891409951492,327.2960712950487,75,True
2022-11-08 21:00:00+00:00,21,GBP_AUD,LONG,1.7744499999999999,1.7708357965623653,1.7781341633045231,1.7781341633045231,1.7781341633045231,170757.91,3,NY,2.0,0.001992081652261629,33.24440622092568,54.480295782343845,1.772787402615971,1.772571582752057,28.039053788455615,False,-9.744242754492144e-05,34.87093309812756,13.625973840289962,0.5798319327729775,21,1,ema_ribbon_bounce_long,1.7781341633045231,TP3,2022-11-09 02:00:00+00:00,36.84163520276853,629.1000628207181,300,True
2022-11-09 12:00:00+00:00,21,GBP_AUD,SHORT,1.7702499999999999,1.7755323475842175,1.7657020033282644,1.7657020033282644,1.7657020033282644,118024.19,3,LONDON,2.0,0.0023939983358677525,33.2032293115587,46.18680611321067,1.772608263260508,1.7730324081075937,3.7436778334987153,False,0.00023115373123493545,66.31910480992555,-21.182632605081242,0.2525597269625119,12,2,ema_ribbon_bounce_short,1.7657020033282644,TP3,2022-11-09 14:00:00+00:00,45.47997057079895,536.7736687842383,120,True
2022-11-09 17:45:00+00:00,21,GBP_AUD,SHORT,1.76497,1.773107655164969,1.7605601052891295,1.7605601052891295,1.7605601052891295,77271.96,5,NY,2.0,0.0023549473554351783,20.021380487092706,42.48348694190568,1.7690145784353506,1.7717302501058785,-25.688490776289985,False,0.000388628289456657,48.905235084095665,-37.44578435350698,0.9784946236559519,17,2,ema_ribbon_bounce_short,1.77179,TIME,2022-11-10 01:45:00+00:00,-68.20000000000049,-526.9947672000038,480,False
2022-11-10 18:00:00+00:00,21,GBP_AUD,SHORT,1.7731000000000001,1.7769261501989828,1.7677584786166474,1.7677584786166474,1.7677584786166474,162968.67,4,NY,2.0,0.002820760691676388,40.932632268933496,45.73986856300709,1.7750848090507179,1.773134814531413,-29.021893820568856,False,-2.5652521740425743e-05,63.640749420943955,-16.848090507177726,0.5,18,3,ema_ribbon_bounce_short,1.7677584786166474,TP3,2022-11-10 22:00:00+00:00,53.415217111164516,870.5006890367724,240,True
2022-11-10 23:45:00+00:00,21,GBP_AUD,SHORT,1.7695400000000001,1.7753024906036667,1.765046091914483,1.765046091914483,1.765046091914483,109717.77,3,NY,2.0,0.0023969540427584736,28.954080530206,44.61278030824176,1.7724073224670218,1.7726890487546152,-57.17044678253957,False,0.00012569941435287097,48.3704974270997,-25.673224670217376,0.2515337423312984,23,3,ema_ribbon_bounce_short,1.765046091914483,TP3,2022-11-11 03:45:00+00:00,44.93908495105074,493.06161866698466,240,True
2022-11-11 16:15:00+00:00,21,GBP_AUD,SHORT,1.75884,1.7680829992530753,1.7540633876227474,1.7540633876227474,1.7540633876227474,68936.31,3,OVERLAP,2.0,0.0025083061886263186,32.85726547496567,43.68879436211874,1.7627932356048115,1.7681960408754727,-25.205690829979144,False,-0.00029337289429615847,61.469643727587574,-37.132356048115156,0.18039215686270413,16,4,ema_ribbon_bounce_short,1.76208,TIME,2022-11-14 00:15:00+00:00,-32.40000000000131,-223.35364440000907,3360,False
2022-11-14 04:30:00+00:00,21,GBP_AUD,SHORT,1.76093,1.7653658173988387,1.7575436172158414,1.7575436172158414,1.7575436172158414,143140.4,4,ASIAN,2.0,0.0018431913920793066,23.65441832101393,47.71630751270699,1.7621827813184499,1.765945757245181,-7.143594108962592,False,-5.484076632164547e-05,73.45759048131733,-9.527813184497802,0.43689320388339675,4,0,ema_ribbon_bounce_short,1.7653658173988387,SL,2022-11-14 09:45:00+00:00,-44.358173988385815,-634.9446767967141,315,False
2022-11-14 12:15:00+00:00,21,GBP_AUD,SHORT,1.76138,1.76502184829087,1.7574735329667794,1.7574735329667794,1.7574735329667794,172603.36,5,LONDON,2.0,0.0020732335166102787,25.49151796860292,46.653587481033526,1.762379746841307,1.7649433797168033,-16.163094186685267,False,-0.0001733401433529375,15.478003481114065,-7.597468413069741,0.7187500000000542,12,0,ema_ribbon_bounce_short,1.7574735329667794,TP3,2022-11-14 13:45:00+00:00,39.06467259546751,674.2693747277613,90,True
2022-11-15 23:15:00+00:00,21,GBP_AUD,SHORT,1.75352,1.758716978748732,1.7493646686588828,1.7493646686588828,1.7493646686588828,122251.4,5,NY,2.0,0.002227665670558489,19.286869227891028,45.61642133308942,1.7558317292957886,1.7581616362384662,-50.88118760553151,False,0.00034037532860118854,46.407424451602395,-20.117292957886335,0.21621621621620324,23,1,ema_ribbon_bounce_short,1.7537,TIME,2022-11-16 07:15:00+00:00,-1.80000000000069,-22.005252000008433,480,False
2022-11-16 09:15:00+00:00,21,GBP_AUD,SHORT,1.75245,1.7581268011204105,1.74807586939686,1.74807586939686,1.74807586939686,111879.54,5,LONDON,2.0,0.0023070653015699384,28.983889695867116,43.81082146894468,1.755192484672406,1.7572499822871133,-13.837208075666574,False,5.243003735879923e-07,44.96140183762899,-25.024846724059913,0.5201793721972429,9,2,ema_ribbon_bounce_short,1.7581268011204105,SL,2022-11-16 10:15:00+00:00,-56.76801120410469,-635.1178980230078,60,False
2022-11-17 20:00:00+00:00,21,GBP_AUD,LONG,1.7736,1.7681453017049467,1.7770220746073877,1.7770220746073877,1.7770220746073877,115270.67,5,NY,2.0,0.0018610373036938254,11.300054807805472,54.75845981644833,1.7720512600479503,1.766537991011053,-0.35768977479921915,False,0.00018685694448648596,83.59113909427965,12.48739952049771,0.3706293706294586,20,3,ema_ribbon_bounce_long,1.77605,TIME,2022-11-18 04:00:00+00:00,24.499999999998412,282.4131414999817,480,True
2022-11-21 03:30:00+00:00,21,GBP_AUD,LONG,1.78199,1.7767931470119316,1.7849766527630073,1.7849766527630073,1.7849766527630073,121533.33,4,ASIAN,2.0,0.0016433263815036766,18.583879714494937,53.21285656595879,1.7803058303677288,1.7749133232614813,32.02408373176979,False,8.17545569069766e-05,16.60449632176551,13.841696322711705,0.368750000000046,3,0,ema_ribbon_bounce_long,1.7849766527630073,TP3,2022-11-21 09:30:00+00:00,29.86653008754987,362.9778857085127,360,True
2022-11-22 18:15:00+00:00,21,GBP_AUD,SHORT,1.78862,1.7899421809305405,1.785915992114746,1.785915992114746,1.785915992114746,480433.96,3,NY,2.0,0.0015020039426269737,25.229627273273113,46.479199378634064,1.7893283618079385,1.7854703033630328,3.1588003337335024,False,-0.0002482369978506568,41.36321494402311,-4.083618079384621,0.47692307692309793,18,1,ema_ribbon_bounce_short,1.78847,TIME,2022-11-23 02:15:00+00:00,1.500000000000945,72.0650940000454,480,True
2022-11-23 05:00:00+00:00,21,GBP_AUD,LONG,1.79006,1.787277271276825,1.7922161681781565,1.7922161681781565,1.7922161681781565,228531.54,5,ASIAN,2.0,0.00122808408907822,17.82727727542041,55.62342163333145,1.7887399655201341,1.7865388659329968,11.880055657840227,False,9.792553470308013e-05,61.49497487437129,10.200344798658723,0.7235772357724971,5,2,ema_ribbon_bounce_long,1.787277271276825,SL,2022-11-23 06:45:00+00:00,-27.82728723174976,-635.9412805094111,105,False
2022-11-23 16:30:00+00:00,21,GBP_AUD,LONG,1.79671,1.7894384363507019,1.8005305686246638,1.8005305686246638,1.8005305686246638,86581.36,4,OVERLAP,2.0,0.0020302843123318824,23.964216106909323,55.929554360037756,1.7933350129994114,1.7889198983692154,22.809794264297967,False,-0.00041786071372601637,34.869976359336576,31.349870005885627,0.6553398058252401,16,2,ema_ribbon_bounce_long,1.7894384363507019,SL,2022-11-23 21:30:00+00:00,-72.7156364929815,-629.581870082797,300,False
2022-11-24 00:45:00+00:00,21,GBP_AUD,SHORT,1.79003,1.7926109093007565,1.787636972157115,1.787636972157115,1.787636972157115,241498.62,4,ASIAN,2.0,0.0013465139214424754,22.86066800109508,46.194502204714084,1.7914947719108358,1.789552317981041,-27.46854314042979,False,0.00023071693072700713,69.83971366324242,-11.6477191083586,0.7007874015749133,0,3,ema_ribbon_bounce_short,1.787636972157115,TP3,2022-11-24 04:15:00+00:00,23.930279419757216,577.9129456085769,210,True
2022-11-24 06:15:00+00:00,21,GBP_AUD,SHORT,1.78933,1.791840273582294,1.787242994826473,1.787242994826473,1.787242994826473,250596.26,3,ASIAN,2.0,0.0011935025867635272,29.93142570263157,48.741428123933595,1.7903473981557265,1.789547778085189,-29.232099546230295,False,0.000207448491453105,41.875693427985034,-7.173981557264675,0.7288135593218042,6,3,ema_ribbon_bounce_short,1.791840273582294,SL,2022-11-24 08:00:00+00:00,-25.102735822939426,-629.0651712996643,105,False
2022-11-25 04:45:00+00:00,21,GBP_AUD,SHORT,1.78885,1.791987032921933,1.7869492961819091,1.7869492961819091,1.7869492961819091,198523.42,4,ASIAN,2.0,0.0011003519090454909,28.462493731789145,44.063030343915784,1.7904441933348871,1.7905289618066746,-29.529773857206454,False,8.975366802232781e-06,65.03134796238173,-12.94193334887117,0.9600000000001776,4,4,ema_ribbon_bounce_short,1.791987032921933,SL,2022-11-25 08:15:00+00:00,-31.37032921932903,-622.774504314713,210,False
2022-11-25 12:00:00+00:00,21,GBP_AUD,LONG,1.79393,1.7900591338255485,1.7964817271347018,1.7964817271347018,1.7964817271347018,159278.76,5,LONDON,2.0,0.001395863567350863,35.04920388308836,58.11799336964658,1.7918596268379348,1.790900452101734,1.434225068766004,False,-8.304655118278824e-05,44.25965236117412,18.303731620652464,0.030674846625831222,12,4,ema_ribbon_bounce_long,1.7900591338255485,SL,2022-11-25 18:15:00+00:00,-38.708661744515375,-616.5467643925846,375,False
2022-11-28 21:00:00+00:00,21,GBP_AUD,SHORT,1.7965900000000001,1.800291372776775,1.7939517544293224,1.7939517544293224,1.7939517544293224,164906.74,3,NY,2.0,0.0014691227853387868,26.01876401101466,42.35697673644584,1.7992095749472883,1.796796255708507,-38.677966094784466,False,0.00019965358917764563,40.38059924136239,-23.195749472881833,0.7727272727271275,21,0,ema_ribbon_bounce_short,1.800291372776775,SL,2022-11-29 01:15:00+00:00,-37.013727767749586,-610.381318142706,255,False
2022-11-29 20:15:00+00:00,21,GBP_AUD,SHORT,1.78674,1.791762690556544,1.783689221680791,1.783689221680791,1.783689221680791,120309.52,5,NY,2.0,0.0016753891596044965,15.38012778850122,46.9386865173134,1.7880210505778213,1.7921930416934977,6.740922601851107,False,-0.00036358300722988363,34.317720020379724,-9.810505778213852,0.054347826087069326,20,1,ema_ribbon_bounce_short,1.791762690556544,SL,2022-11-30 00:30:00+00:00,-50.22690556544029,-604.277489966345,255,False
2022-11-30 04:45:00+00:00,21,GBP_AUD,LONG,1.78986,1.7880553679976716,1.7921844643588742,1.7921844643588742,1.7921844643588742,331499.56,4,ASIAN,2.0,0.0013122321794370897,17.929020220906693,54.242575931618184,1.7885968258220988,1.791138310182026,24.753802982875328,False,-0.00010215146648627645,50.02345142215643,9.631741779012604,0.5662650602410058,4,2,ema_ribbon_bounce_long,1.7880553679976716,SL,2022-11-30 06:00:00+00:00,-18.04632002328388,-598.2347147337796,75,False
2022-12-06 06:45:00+00:00,21,GBP_AUD,SHORT,1.81232,1.8136115673655246,1.8094715990243704,1.8094715990243704,1.8094715990243704,458553.21,2,ASIAN,2.0,0.0015742004878147077,37.8903737516529,44.41955451098246,1.8140966138892642,1.8074065864504956,17.254213920347983,False,-9.988399937719281e-06,72.8116278506614,-14.766138892643443,0.19327731092432585,6,1,ema_ribbon_bounce_short,1.8136115673655246,SL,2022-12-06 07:00:00+00:00,-12.915673655247149,-592.2523613926014,15,False
2022-12-07 05:15:00+00:00,21,GBP_AUD,SHORT,1.81076,1.8146549931625955,1.8083507806606758,1.8083507806606758,1.8083507806606758,150534.24,3,ASIAN,2.0,0.001354609669662065,25.16058875470977,43.881126332319326,1.8129428840945434,1.811246479666557,-38.42539907642273,False,0.00014308237223927776,36.17174363678904,-18.828840945435132,0.5223880597015543,5,2,ema_ribbon_bounce_short,1.8146549931625955,SL,2022-12-07 08:00:00+00:00,-38.949931625955614,-586.3298355365192,165,False
2022-12-07 19:15:00+00:00,21,GBP_AUD,SHORT,1.81415,1.8168391637304482,1.8110639214463935,1.8110639214463935,1.8110639214463935,215853.92,3,NY,2.0,0.0016930392768032313,11.300347858709381,45.93496683053107,1.8155337602444341,1.8133170327736976,-21.476194974314744,False,0.00011418129490670136,68.26355863932825,-10.837602444342398,0.4684684684685604,19,2,ema_ribbon_bounce_short,1.8168391637304482,SL,2022-12-08 00:15:00+00:00,-26.891637304482515,-580.4665327390785,300,False
2022-12-08 16:30:00+00:00,21,GBP_AUD,SHORT,1.8069,1.8133709088567458,1.8034022387214943,1.8034022387214943,1.8034022387214943,88806.98,4,OVERLAP,2.0,0.0018688806392527957,27.966370547011564,47.34944654406277,1.8094613688514591,1.8122838772175935,-9.916331276516033,False,0.00035994768352486,74.76607862699902,-23.213688514591713,0.815533980582585,16,3,ema_ribbon_bounce_short,1.80713,TIME,2022-12-09 00:30:00+00:00,-2.299999999999524,-20.425605399995778,480,False
2022-12-09 04:30:00+00:00,21,GBP_AUD,SHORT,1.80567,1.8097675237903847,1.8035824903710855,1.8035824903710855,1.8035824903710855,140196.29,4,ASIAN,2.0,0.001193754814457279,19.6650495556969,45.58276805585747,1.8070697892440808,1.810202825783961,-16.277611155171012,False,4.431499220054539e-06,31.233595800525947,-10.997892440807178,0.8173076923075897,4,4,ema_ribbon_bounce_short,1.8097675237903847,SL,2022-12-09 07:30:00+00:00,-40.97523790384638,-574.457633598664,180,False
2022-12-12 05:15:00+00:00,21,GBP_AUD,SHORT,1.8045,1.8076105554854904,1.8025829701626346,1.8025829701626346,1.8025829701626346,182833.27,3,ASIAN,2.0,0.001108514918682713,23.088493442043355,46.066283351566,1.8056672536535399,1.8079244572735325,-34.12822901378565,False,-0.00021686552135762678,47.90291145457804,-8.672536535399011,0.2680412371135791,5,0,ema_ribbon_bounce_short,1.8025829701626346,TP3,2022-12-12 07:00:00+00:00,19.170299422166718,350.49685302338514,105,True
2022-12-13 04:45:00+00:00,21,GBP_AUD,SHORT,1.8156700000000001,1.8161138316183663,1.813288114445994,1.813288114445994,1.813288114445994,1289268.25,3,ASIAN,2.0,0.0013409427770030764,26.926569155716724,45.09325008211611,1.8165024147415978,1.812675597164657,3.337550317386029,False,7.064818567154124e-05,7.996906233312019,-5.324147415977087,0.4909090909090322,4,1,ema_ribbon_bounce_short,1.8161138316183663,SL,2022-12-13 06:00:00+00:00,-4.438316183661416,-572.2180139055833,75,False
2022-12-14 03:45:00+00:00,21,GBP_AUD,LONG,1.80883,1.8069104105929845,1.8111525143742357,1.8111525143742357,1.8111525143742357,295113.02,4,ASIAN,2.0,0.001311257187117941,35.219925424596596,59.583082143378704,1.8068912635417576,1.809552761054856,19.403595326741296,False,-1.765834480933282e-05,40.70550193100803,16.38736458242418,0.19199999999998438,3,2,ema_ribbon_bounce_long,1.8069104105929845,SL,2022-12-14 04:45:00+00:00,-19.195894070154203,-566.49582706433,60,False
2022-12-14 11:30:00+00:00,21,GBP_AUD,SHORT,1.803,1.8081260614100854,1.7997739088701032,1.7997739088701032,1.7997739088701032,109407.76,5,LONDON,2.0,0.0017330455649483944,19.84129569971094,45.53266718160087,1.8048977612713861,1.8081703850139041,-1.1584422203525513,False,0.00017065690517921602,32.744643917880204,-16.57761271386171,0.41489361702130423,11,2,ema_ribbon_bounce_short,1.7997739088701032,TP3,2022-12-14 13:15:00+00:00,32.26091424765276,352.9594363387773,105,True
2022-12-14 21:30:00+00:00,21,GBP_AUD,LONG,1.81073,1.805111206742226,1.8144184141696287,1.8144184141696287,1.8144184141696287,100441.58,3,NY,2.0,0.0019942070848143452,18.560715178094693,57.20259615990658,1.8076313954439012,1.8078973259017033,37.52172236202611,False,-0.0001393617177599879,55.926522015256666,27.98604556098816,0.18978102189774396,21,2,ema_ribbon_bounce_long,1.8144184141696287,TP3,2022-12-15 04:45:00+00:00,36.88414536848576,370.4701837760392,435,True
2022-12-15 16:30:00+00:00,21,GBP_AUD,LONG,1.8216,1.8127540441405732,1.827289197147148,1.827289197147148,1.827289197147148,64217.5,4,OVERLAP,2.0,0.002964598573573991,25.810831223309457,51.58045761219827,1.819028606063877,1.8128450143275487,2.5578664843273202,False,-0.0003878811473996208,56.022653683976564,23.313939361231384,0.13333333333334155,16,3,ema_ribbon_bounce_long,1.81885,TIME,2022-12-16 00:30:00+00:00,-27.500000000000302,-176.59812500000194,480,False
2022-12-16 03:45:00+00:00,21,GBP_AUD,SHORT,1.81644,1.8187463697220227,1.8132620333812743,1.8132620333812743,1.8132620333812743,245537.04,4,ASIAN,2.0,0.001738983309362825,28.113320501496155,46.74361392980355,1.817897410462986,1.8147179526465709,-34.946460507305765,False,-9.566247416634778e-05,71.29089830526107,-11.574104629858972,0.4862385321101011,3,4,ema_ribbon_bounce_short,1.8187463697220227,SL,2022-12-16 04:30:00+00:00,-23.06369722022694,-566.2991946910752,45,False
2022-12-16 06:30:00+00:00,21,GBP_AUD,LONG,1.82051,1.8159069015686515,1.8235898044315912,1.8235898044315912,1.8235898044315912,121795.4,3,ASIAN,2.0,0.0016899022157955347,33.990713681553906,55.18517392615875,1.818650473146709,1.8152661302571782,-0.118376925068997,False,0.00018258969945933283,26.488593938324943,15.595268532910822,0.4642857142858195,6,4,ema_ribbon_bounce_long,1.8159069015686515,SL,2022-12-16 09:00:00+00:00,-46.030984313485405,-560.636214685468,150,False
2022-12-16 21:00:00+00:00,21,GBP_AUD,SHORT,1.817,1.8200355923679896,1.814028268857909,1.814028268857909,1.814028268857909,182840.7,3,NY,2.0,0.0016358655710453935,16.52290129242315,44.43472842515752,1.8187107560935363,1.8168077329482502,-15.567981098691952,False,-5.833907653394601e-05,28.64704421261672,-14.107560935363583,0.7256097560975379,21,4,ema_ribbon_bounce_short,1.814028268857909,TP3,2022-12-18 22:15:00+00:00,29.71731304622089,543.3534319490161,2955,True
2022-12-19 05:45:00+00:00,21,GBP_AUD,SHORT,1.81413,1.818255433932974,1.8116920815273283,1.8116920815273283,1.8116920815273283,135855.62,4,ASIAN,2.0,0.0013689592363358167,16.266736436978274,45.530900560729236,1.8161181641848427,1.8163992122491641,-36.87060830385169,False,0.0001737820395275332,51.06036131626244,-16.881641848427442,0.9710144927537537,5,0,ema_ribbon_bounce_short,1.818255433932974,SL,2022-12-19 06:30:00+00:00,-41.25433932973932,-560.4633847332119,45,False
2022-12-19 17:30:00+00:00,21,GBP_AUD,SHORT,1.81241,1.8172635880069972,1.808972247548338,1.808972247548338,1.808972247548338,114319.29,3,NY,2.0,0.0018688762258309663,17.973081613863418,45.7017072682608,1.8144134709685538,1.8157316768674827,-17.480574643615743,False,0.0001902656567033525,28.652751220453172,-17.03470968553722,0.6598639455781368,17,0,ema_ribbon_bounce_short,1.81493,TIME,2022-12-20 01:30:00+00:00,-25.199999999998553,-288.08461079998347,480,False
2022-12-20 12:00:00+00:00,21,GBP_AUD,LONG,1.82156,1.81534308288282,1.8262728015482292,1.8262728015482292,1.8262728015482292,88786.43,4,LONDON,2.0,0.002476400774114596,23.671067472043603,53.947149969273426,1.819173117233956,1.8168761299979512,19.498567483391405,False,0.0002212462874702819,51.039390612663404,21.468827660440226,0.36111111111111843,12,1,ema_ribbon_bounce_long,1.8262728015482292,TP3,2022-12-20 13:30:00+00:00,47.128020790311815,418.4328718937565,90,True
2022-12-20 17:00:00+00:00,21,GBP_AUD,LONG,1.82384,1.8172242400461867,1.8283016909390828,1.8283016909390828,1.8283016909390828,84066.26,5,NY,2.0,0.0023808454695414694,20.629660995567885,54.00409640680097,1.8213606154316129,1.8180373980099005,21.884415068269547,False,-8.773655525228159e-05,81.0359595959611,21.79384568387066,0.6230366492146469,17,1,ema_ribbon_bounce_long,1.82009,TIME,2022-12-21 01:00:00+00:00,-37.499999999999204,-315.2484749999933,480,False
2022-12-23 00:30:00+00:00,21,GBP_AUD,LONG,1.80508,1.7997155685489274,1.8083011784979226,1.8083011784979226,1.8083011784979226,103088.23,4,ASIAN,2.0,0.0017605892489612326,25.67894014395321,55.99544260122982,1.8019360035076586,1.804579280452335,66.98854225369644,False,-0.000388867500757935,54.27713356711241,28.439964923414607,0.7586206896552297,0,4,ema_ribbon_bounce_long,1.7997155685489274,SL,2022-12-23 02:45:00+00:00,-53.644314510725714,-553.009743247403,135,False
2022-12-23 03:45:00+00:00,21,GBP_AUD,SHORT,1.80098,1.803150788344801,1.798135027413663,1.798135027413663,1.798135027413663,252203.14,4,ASIAN,2.0,0.0015724862931684892,38.61246351495641,44.832168439165535,1.8018921723417916,1.804261289966188,25.827027565823446,False,-0.00031085090877771106,73.1892851795735,-6.121723417915614,0.4062499999999024,3,4,ema_ribbon_bounce_short,1.803150788344801,SL,2022-12-23 04:45:00+00:00,-21.70788344801,-547.479636834215,60,False
2022-12-23 05:00:00+00:00,21,GBP_AUD,LONG,1.80373,1.8002066222850641,1.8063853637742064,1.8063853637742064,1.8063853637742064,153831.04,4,ASIAN,2.0,0.001477681887103229,24.83840512229603,54.97074042991499,1.8020397773284675,1.8041844168365555,46.31176092932731,False,0.00019515012823501083,91.74359868251582,13.902226715325483,0.528846153846238,5,4,ema_ribbon_bounce_long,1.8002066222850641,SL,2022-12-23 06:00:00+00:00,-35.233777149359376,-542.0048582014189,60,False
2022-12-26 21:30:00+00:00,21,GBP_AUD,SHORT,1.79229,1.7966291905034164,1.7896966502400533,1.7896966502400533,1.7896966502400533,123660.11,4,NY,2.0,0.0014466748799733028,28.965203745990888,46.06971360902954,1.7937929932198946,1.797700208673338,-8.112626681726631,False,8.151283093133302e-05,74.13793103448057,-12.029932198946991,0.12328767123309338,21,0,ema_ribbon_bounce_short,1.7896966502400533,TP3,2022-12-26 23:30:00+00:00,25.9334996966258,320.6939425169713,120,True
2022-12-27 02:45:00+00:00,21,GBP_AUD,SHORT,1.7909,1.7954448713906621,1.7883103621717928,1.7883103621717928,1.7883103621717928,118769.42,5,ASIAN,2.0,0.0014448189141035442,21.215580739282792,46.04703721405178,1.7925450033835455,1.7966168948531178,-6.179405831259199,False,0.00012467418449669718,50.95643085622971,-13.450033835455955,0.7205882352943698,2,1,ema_ribbon_bounce_short,1.7883103621717928,TP3,2022-12-27 06:15:00+00:00,25.896380462461995,307.5698087625943,210,True
2022-12-28 11:15:00+00:00,21,GBP_AUD,SHORT,1.7792,1.7853361869678832,1.7759452616921074,1.7759452616921074,1.7759452616921074,88469.83,4,LONDON,2.0,0.00174736915394628,28.210441841381705,46.29711433656293,1.7814333528256145,1.7872473434273333,2.480434705343093,False,0.00026810452319671373,61.059330117461535,-19.93352825614636,0.40000000000004676,11,2,ema_ribbon_bounce_short,1.78437,TIME,2022-12-28 19:15:00+00:00,-51.7000000000012,-457.38902110001055,480,False
2022-12-29 05:30:00+00:00,21,GBP_AUD,LONG,1.78481,1.7821684562352635,1.7868086453028413,1.7868086453028413,1.7868086453028413,203779.91,3,ASIAN,2.0,0.0011493226514206903,23.869316823197103,55.33453162497097,1.783468163995713,1.7850476802555013,26.82341623508444,False,-0.00016346894359952827,64.27261122804934,10.418360042869779,0.6376811594203132,5,3,ema_ribbon_bounce_long,1.7868086453028413,TP3,2022-12-29 07:15:00+00:00,19.98645400919952,407.2837799213817,105,True
2022-12-30 17:15:00+00:00,21,GBP_AUD,SHORT,1.77299,1.77993450419256,1.7679690961896555,1.7679690961896555,1.7679690961896555,78100.09,5,NY,2.0,0.002660451905172332,26.977956919341864,46.13552679250451,1.7753347022910635,1.7800224215567133,-10.817928035558033,False,-0.0002791864719074448,58.576240203012986,-20.447022910634605,0.9366197183097655,17,4,ema_ribbon_bounce_short,1.77157,TIME,2023-01-02 05:00:00+00:00,14.199999999999767,110.90212779999818,3585,True
2023-01-02 11:30:00+00:00,21,GBP_AUD,SHORT,1.7718099999999999,1.775560108637046,1.7686772026033655,1.7686772026033655,1.7686772026033655,144922.57,4,LONDON,2.0,0.0016863986983171797,18.374374006806,49.4320220048025,1.7725215157032486,1.7766641590786019,-0.9045738740653952,False,5.5714832120547444e-05,55.27601204415828,-4.715157032486594,0.3000000000000888,11,0,ema_ribbon_bounce_short,1.7686772026033655,TP3,2023-01-02 12:45:00+00:00,31.327976128048398,454.01308133754236,75,True
2023-01-03 10:00:00+00:00,21,GBP_AUD,LONG,1.7763,1.7696481996914446,1.7811654154931684,1.7811654154931684,1.7811654154931684,82386.05,4,LONDON,2.0,0.0025527077465842167,14.046747316914582,56.44257781408601,1.7727783909415706,1.7734881852647124,13.69817627247416,False,8.597178276376234e-05,19.320920356000233,32.816090584293356,0.8419117647058295,10,1,ema_ribbon_bounce_long,1.7811654154931684,TP3,2023-01-03 11:15:00+00:00,48.65416083731459,400.84241274510424,75,True
2023-01-03 18:15:00+00:00,21,GBP_AUD,LONG,1.78095,1.7739369689773028,1.7853069456910613,1.7853069456910613,1.7853069456910613,78714.03,3,NY,2.0,0.002328472845530584,30.497032728177206,52.773986863608755,1.7784391347030368,1.7755020546562674,14.89475863586831,False,-0.00035401253452889707,79.29885212868409,22.10865296963238,0.5815602836880103,18,1,ema_ribbon_bounce_long,1.7739369689773028,SL,2023-01-04 01:30:00+00:00,-70.13031022697236,-552.0239343115209,435,False
2023-01-04 22:00:00+00:00,21,GBP_AUD,LONG,1.76281,1.7617206425166343,1.765839040465376,1.765839040465376,1.765839040465376,501675.27,4,NY,2.0,0.0016645202326880197,23.212177556041272,55.46732202379775,1.761095499061116,1.7672212783295138,49.71618185433346,False,-0.0003308689927176457,24.880309548799534,14.145009388839558,1.0,22,2,ema_ribbon_bounce_long,1.7617206425166343,SL,2023-01-04 22:15:00+00:00,-10.893574833656936,-546.5037095940049,15,False
2023-01-04 22:15:00+00:00,21,GBP_AUD,LONG,1.76257,1.7617181686740038,1.7655598232892777,1.7655598232892777,1.7655598232892777,635147.67,3,NY,2.0,0.0016449116446388757,20.301411817271834,54.10869896034898,1.7611415579214647,1.767172011878474,47.30019117319184,False,-0.00034219504470389965,32.710956276322385,11.284420785353522,0.15107913669067852,22,2,ema_ribbon_bounce_long,1.7655598232892777,TP3,2023-01-04 23:30:00+00:00,29.898233363506556,1898.9793257947454,75,True
2023-01-05 04:45:00+00:00,21,GBP_AUD,LONG,1.76667,1.7626499859449416,1.7700937812779776,1.7700937812779776,1.7700937812779776,139310.08,4,ASIAN,2.0,0.0018618906389887828,21.88102935182648,52.148111163694175,1.7644878399149808,1.7669335982789063,71.12824373423754,False,-0.00029468226732668194,12.294893861159352,18.8216008501918,0.8345323741007539,4,3,ema_ribbon_bounce_long,1.7626499859449416,SL,2023-01-05 06:15:00+00:00,-40.200140550583626,-560.0284796113049,90,False
2023-01-06 18:00:00+00:00,21,GBP_AUD,SHORT,1.75854,1.7628700348964845,1.7548186741251235,1.7548186741251235,1.7548186741251235,128042.43,4,NY,2.0,0.0020106629374382168,17.6715053690986,46.816949508947694,1.7600801354183422,1.7623940822157995,-10.775507288287578,False,-9.502166254962089e-05,74.71345096443049,-12.401354183422253,0.4158415841584289,18,4,ema_ribbon_bounce_short,1.7548186741251235,TP3,2023-01-09 00:45:00+00:00,37.21326165508746,476.487645054322,3285,True
2023-01-09 16:45:00+00:00,21,GBP_AUD,LONG,1.75687,1.7541976299861817,1.760208245061452,1.760208245061452,1.760208245061452,209249.86,4,OVERLAP,2.0,0.0017891225307260302,24.34405308988003,56.1131060915744,1.755307180735104,1.7580214315140772,14.301755811325645,False,1.1381985061420215e-05,63.13600490090681,13.228192648959691,0.31481481481483004,16,0,ema_ribbon_bounce_long,1.760208245061452,TP3,2023-01-09 19:00:00+00:00,33.382452209860034,698.5273451369903,135,True
2023-01-10 19:15:00+00:00,21,GBP_AUD,LONG,1.7653699999999999,1.761493767685678,1.7679690422076666,1.7679690422076666,1.7679690422076666,146064.09,3,NY,2.0,0.0014495211038333836,25.707139972014065,50.338750136526095,1.7644669855615114,1.7615212070041846,1.9367851169560524,False,-0.000109315353773553,77.33589087808883,6.030144384885361,0.5084745762710525,19,1,ema_ribbon_bounce_long,1.761493767685678,SL,2023-01-10 22:15:00+00:00,-38.76232314321992,-566.1783456200358,180,False
2023-01-11 10:45:00+00:00,21,GBP_AUD,SHORT,1.75728,1.7625953724406314,1.754163042331064,1.754163042331064,1.754163042331064,105451.98,4,LONDON,2.0,0.0016784788344680773,39.57582433583813,44.41419160543117,1.7598622154309809,1.7610216837924118,-4.846576540331604,False,-0.00012608889944702977,63.86572779500843,-23.422154309808985,0.132867132867223,10,2,ema_ribbon_bounce_short,1.75873,TIME,2023-01-11 18:45:00+00:00,-14.499999999999512,-152.90537099999486,480,False
2023-01-12 11:45:00+00:00,21,GBP_AUD,LONG,1.76204,1.758193265403708,1.7647954025047239,1.7647954025047239,1.7647954025047239,145314.81,3,LONDON,2.0,0.0014977012523618937,17.16102558937093,54.729004520645454,1.7601017165302344,1.7598531141255316,2.158789951189899,False,-8.696261591463071e-05,31.114253171520925,16.98283469765638,0.6199999999999956,11,3,ema_ribbon_bounce_long,1.758193265403708,SL,2023-01-12 12:45:00+00:00,-38.467345962920334,-558.9875069806036,60,False
2023-01-12 16:45:00+00:00,21,GBP_AUD,SHORT,1.75341,1.76071892682282,1.7483839725015595,1.7483839725015595,1.7483839725015595,75715.31,3,OVERLAP,2.0,0.0026330137492202336,21.7769554124498,42.344396946486704,1.7570822569000555,1.758961020651306,-22.663614417715028,False,7.048833508409118e-05,57.719427091799076,-34.322569000555525,0.023041474654324125,16,3,ema_ribbon_bounce_short,1.75282,TIME,2023-01-13 01:15:00+00:00,5.899999999998684,44.672032899990036,510,True
2023-01-13 05:30:00+00:00,21,GBP_AUD,SHORT,1.75251,1.756192896200632,1.7503466522526279,1.7503466522526279,1.7503466522526279,150382.83,5,ASIAN,2.0,0.0012316738736860254,16.33107690875183,46.09877178676508,1.7537297965458816,1.7566634006419675,-20.30905260314908,False,-0.0001508043121101352,35.529804088835654,-9.197965458815904,0.5797101449274057,5,4,ema_ribbon_bounce_short,1.7503466522526279,TP3,2023-01-13 06:30:00+00:00,21.633478912281802,325.3303781574259,60,True
2023-01-13 19:45:00+00:00,21,GBP_AUD,SHORT,1.75208,1.7554648233965235,1.7494183959476726,1.7494183959476726,1.7494183959476726,164586.92,5,NY,2.0,0.0014808020261637912,17.855915991183213,43.652265496290205,1.7536941117565896,1.755241312399647,-16.73376088451972,False,-0.0001355065906031047,38.741768249963506,-13.141117565895755,0.9461538461536675,19,4,ema_ribbon_bounce_short,1.7494183959476726,TP3,2023-01-16 01:45:00+00:00,26.616042140417058,438.06523984814515,3240,True
2023-01-16 04:15:00+00:00,21,GBP_AUD,SHORT,1.75091,1.7544426980031753,1.7483692280357024,1.7483692280357024,1.7483692280357024,158937.53,4,ASIAN,2.0,0.0014203859821487969,37.08845208117073,47.19091421658501,1.752340936298423,1.7543495832462876,-23.66924105738244,False,5.960567858037582e-05,59.71813088430135,-11.309362984230908,0.5438596491227967,4,0,ema_ribbon_bounce_short,1.7544426980031753,SL,2023-01-16 04:45:00+00:00,-35.32698003175349,-561.4782948606222,30,False
2023-01-16 19:00:00+00:00,21,GBP_AUD,LONG,1.75357,1.7516210207369936,1.7556271766077167,1.7556271766077167,1.7556271766077167,285207.51,4,NY,2.0,0.0011785883038582733,20.61166099559195,52.60507287107481,1.7526950616605463,1.7536170485415186,7.739975174683167,False,-3.4593658266120675e-05,39.1634185951465,5.749383394537677,0.5744680851068755,19,0,ema_ribbon_bounce_long,1.7516210207369936,SL,2023-01-17 00:00:00+00:00,-19.489792630065228,-555.8635226437254,300,False
2023-01-18 10:45:00+00:00,21,GBP_AUD,LONG,1.75848,1.7541624289424196,1.762716054520653,1.762716054520653,1.762716054520653,127457.05,2,LONDON,2.0,0.002238027260326554,24.34760152084289,54.83856555373067,1.7567042774783275,1.7557028216680577,11.98348319523479,False,0.0003186502172162044,55.041186505281324,15.357225216725556,0.5665024630541241,10,2,ema_ribbon_bounce_long,1.762716054520653,TP3,2023-01-18 11:30:00+00:00,42.36054853004537,539.915055202142,45,True
2023-01-18 12:45:00+00:00,21,GBP_AUD,LONG,1.76122,1.7549467892187243,1.7652740471493968,1.7652740471493968,1.7652740471493968,88583.67,4,LONDON,2.0,0.0021470235746983714,23.14247950130726,57.842122882091786,1.757907519160048,1.7561166333824056,26.591654240735174,False,0.00017665194738623294,29.10150988810301,30.72480839952041,0.5263157894735954,12,2,ema_ribbon_bounce_long,1.7652740471493968,TP3,2023-01-18 15:45:00+00:00,40.54047607048582,359.1224153870813,180,True
2023-01-20 12:30:00+00:00,21,GBP_AUD,SHORT,1.78282,1.7874853194471025,1.7796968793352286,1.7796968793352286,1.7796968793352286,119883.59,4,LONDON,2.0,0.0016815603323857846,43.75499549162188,46.23724354093066,1.785180417914775,1.781819292659807,10.293118514603794,False,0.0005489448082738094,38.27267514302764,-21.20417914774908,0.7887931034483167,12,4,ema_ribbon_bounce_short,1.7796968793352286,TP3,2023-01-20 14:15:00+00:00,31.231209252842692,374.4109485272,105,True
2023-01-25 19:15:00+00:00,21,GBP_AUD,LONG,1.74599,1.7425292685129945,1.748924753316775,1.748924753316775,1.748924753316775,162693.75,4,NY,2.0,0.0016173766583875901,24.477865660869266,54.314223178339745,1.7432068759190973,1.7498800592071966,35.603047034551416,False,-0.000531217059117664,22.48738517639569,24.831240809026767,0.4964028776977383,19,2,ema_ribbon_bounce_long,1.7425292685129945,SL,2023-01-26 03:00:00+00:00,-34.60731487005431,-563.0393833639898,465,False
2023-01-26 10:30:00+00:00,21,GBP_AUD,SHORT,1.74143,1.7452358810532023,1.7385988653748998,1.7385988653748998,1.7385988653748998,146459.9,4,LONDON,2.0,0.0015355673125500872,20.754320722882866,43.69750270648696,1.7431984221621235,1.7470598028235698,-12.657879349768919,False,-2.8650194319217095e-05,29.406959234823017,-15.28422162123455,0.5611111111110789,10,3,ema_ribbon_bounce_short,1.7385988653748998,TP3,2023-01-26 14:00:00+00:00,28.31134818404628,414.64772239006,210,True
2023-01-26 19:45:00+00:00,21,GBP_AUD,LONG,1.74468,1.7419161722287264,1.7469879175695946,1.7469879175695946,1.7469879175695946,203180.33,3,NY,2.0,0.0013039587847973031,23.187738246844514,55.20216001936387,1.743127508031798,1.7456855225241539,21.95101900788421,False,-4.4118709375178065e-06,19.391732620317082,12.524919682019853,0.17073170731709958,19,3,ema_ribbon_bounce_long,1.7419161722287264,SL,2023-01-26 22:15:00+00:00,-27.638277712735967,-561.5554386305339,150,False
2023-01-27 10:15:00+00:00,21,GBP_AUD,SHORT,1.73985,1.7434576064116254,1.7375895425206216,1.7375895425206216,1.7375895425206216,154102.15,4,LONDON,2.0,0.0012502287396892067,26.657922123306772,43.000235789240065,1.7416272832439827,1.7440254879063513,-8.210832195700846,False,-5.517574065161098e-05,70.16278657050974,-15.372832439828343,0.6294416243655394,10,4,ema_ribbon_bounce_short,1.7434576064116254,SL,2023-01-27 14:45:00+00:00,-36.07606411625497,-555.9399043852741,270,False
2023-01-27 20:00:00+00:00,21,GBP_AUD,LONG,1.74352,1.740815768299448,1.7455832706090573,1.7455832706090573,1.7455832706090573,203525.64,3,NY,2.0,0.0011816353045286188,26.812497390290222,55.911550835471864,1.7420064078154902,1.7432644324433069,20.761933532218446,False,-8.702153964389235e-05,27.19799982143674,12.135921845097819,0.6363636363638199,20,4,ema_ribbon_bounce_long,1.7455832706090573,TP3,2023-01-30 02:30:00+00:00,20.632707104337566,419.928491834285,3270,True
2023-01-30 11:15:00+00:00,21,GBP_AUD,LONG,1.75001,1.7442208413668419,1.7529413910045366,1.7529413910045366,1.7529413910045366,95796.27,3,LONDON,2.0,0.001585695502268331,21.278900828298816,53.910378716786624,1.7476235312842678,1.7449568009878187,-0.08250304373014217,False,-0.00018079161401877823,46.0548730581132,21.464687157322082,0.7222222222222451,11,0,ema_ribbon_bounce_long,1.74947,TIME,2023-01-30 19:15:00+00:00,-5.399999999999849,-51.72998579999856,480,False
2023-01-30 21:30:00+00:00,21,GBP_AUD,LONG,1.74983,1.74667102302688,1.7515020333587554,1.7515020333587554,1.7515020333587554,175393.01,4,NY,2.0,0.0009860166793776558,15.777159299717624,54.42260134594763,1.7488050837102358,1.7463621723477265,1.565422944656003,False,5.228385073574829e-05,42.903119868638946,7.249162897642325,0.9830508474575187,21,0,ema_ribbon_bounce_long,1.74667102302688,SL,2023-01-30 22:00:00+00:00,-31.589769731199535,-554.0624798361978,30,False
2023-02-01 03:15:00+00:00,21,GBP_AUD,SHORT,1.7463,1.7504861146549189,1.7441710362639564,1.7441710362639564,1.7441710362639564,131033.64,5,ASIAN,2.0,0.001214481868021723,23.58182436106474,48.642260886590506,1.7478513872835915,1.7492316910580912,-52.427086645630006,False,0.00030361519566517024,51.163730990923284,-12.513872835915318,0.7356321839080783,3,2,ema_ribbon_bounce_short,1.7441710362639564,TP3,2023-02-01 04:00:00+00:00,21.28963898518136,278.965889051422,45,True
2023-02-01 17:30:00+00:00,21,GBP_AUD,SHORT,1.74028,1.7455977986288729,1.737365145731401,1.737365145731401,1.737365145731401,103672.88,5,NY,2.0,0.0016074271342994884,15.855512181881167,46.38229668846676,1.7420501009159406,1.7459115995523617,-7.449739227729513,False,4.298290537978826e-06,65.74016123684869,-14.701009159405753,0.8561151079136852,17,2,ema_ribbon_bounce_short,1.737365145731401,TP3,2023-02-01 19:30:00+00:00,29.148545497578557,302.1913659545002,120,True
2023-02-02 20:00:00+00:00,21,GBP_AUD,SHORT,1.72829,1.733919962296983,1.725336279309289,1.725336279309289,1.725336279309289,98461.3,5,NY,2.0,0.001626860345355481,22.812543227616043,46.551614326680706,1.729930611999464,1.736442904331475,-3.741282723410677,False,-7.649284259879946e-05,63.01030207787463,-13.406119994638921,0.649572649572476,20,3,ema_ribbon_bounce_short,1.725336279309289,TP3,2023-02-02 22:15:00+00:00,29.537209906990768,290.827208581519,135,True
2023-02-03 16:00:00+00:00,21,GBP_AUD,LONG,1.73644,1.729955236698298,1.741407118267792,1.741407118267792,1.741407118267792,85930.92,4,OVERLAP,2.0,0.0026035591338960146,30.612145258224185,53.24837112909711,1.7337795113537324,1.7339268954371638,7.510533891692539,False,-0.00043966880086963845,23.648940769563584,24.20488646267538,0.7857142857142857,16,4,ema_ribbon_bounce_long,1.741407118267792,TP3,2023-02-03 20:45:00+00:00,49.671188458281506,426.82909217135114,285,True
2023-02-06 03:30:00+00:00,21,GBP_AUD,LONG,1.74121,1.7355210312801788,1.7443237690677158,1.7443237690677158,1.7443237690677158,98701.54,4,ASIAN,2.0,0.0017068845338579204,18.22666640621099,51.92738360111908,1.739432559442269,1.7362459299512834,38.40760083314798,False,-0.00010718503682721596,26.333084081090302,14.774405577309135,0.48571428571434916,3,0,ema_ribbon_bounce_long,1.7443237690677158,TP3,2023-02-06 09:15:00+00:00,31.13769383189077,307.333833325612,345,True
2023-02-07 16:30:00+00:00,21,GBP_AUD,SHORT,1.73441,1.739236186535005,1.7313950568381629,1.7313950568381629,1.7313950568381629,116983.32,3,OVERLAP,2.0,0.0016274715809186265,41.23228846986516,50.133108835910505,1.7354398221012253,1.7386516545928765,12.476427369279008,False,0.00017415986592518367,8.441797940548158,-7.89822101225246,0.6438356164382103,16,1,ema_ribbon_bounce_short,1.7313950568381629,TP3,2023-02-07 17:45:00+00:00,30.149434195613388,352.69809083243837,75,True
2023-02-10 02:15:00+00:00,21,GBP_AUD,LONG,1.74607,1.7419550498575915,1.7482599686267453,1.7482599686267453,1.7482599686267453,138060.07,5,ASIAN,2.0,0.001244984313372578,24.330558468309754,50.501960602863825,1.7449871579696181,1.7410146008160678,25.831049593387778,False,-0.00012878180634269345,72.39195934118142,7.82842030381925,0.4269662921348567,2,4,ema_ribbon_bounce_long,1.7482599686267453,TP3,2023-02-10 03:15:00+00:00,21.899687853695845,302.34724380593985,60,True
2023-02-13 04:15:00+00:00,21,GBP_AUD,SHORT,1.74293,1.7450494605666134,1.7409986830601776,1.7409986830601776,1.7409986830601776,269471.3,3,ASIAN,2.0,0.0011156584699112348,22.706492084505605,48.035343661016306,1.7436522812554676,1.7431989233064233,-14.583537038208583,False,-9.375110384805788e-05,43.334550322500995,-4.222812554675048,0.22916666666640645,4,0,ema_ribbon_bounce_short,1.7409986830601776,TP3,2023-02-13 07:30:00+00:00,19.313170114931125,520.434505799164,195,True
2023-02-14 03:45:00+00:00,21,GBP_AUD,LONG,1.74482,1.7419051935956105,1.7467413125230804,1.7467413125230804,1.7467413125230804,197727.76,4,ASIAN,2.0,0.0011106562615401446,28.193639295941335,53.2927937176299,1.7433723885136598,1.7428233419007397,23.218139511651525,False,-3.910728027642428e-05,40.82607148524548,11.476114863402387,0.21904761904757475,3,1,ema_ribbon_bounce_long,1.7419051935956105,SL,2023-02-14 04:45:00+00:00,-29.148064043895694,-576.3381411736037,60,False
2023-02-14 05:45:00+00:00,21,GBP_AUD,SHORT,1.74255,1.7441508157427583,1.740587440662171,1.740587440662171,1.740587440662171,356427.5,4,ASIAN,2.0,0.0011312796689144874,19.464419361764975,46.019967763096425,1.743281898453311,1.7428400251388072,6.025824234892063,False,-0.00025033673103536493,69.27673661766428,-4.318984533109305,0.35714285714301575,5,1,ema_ribbon_bounce_short,1.7441508157427583,SL,2023-02-14 07:00:00+00:00,-16.00815742758277,-570.5747531519758,75,False
2023-02-15 10:15:00+00:00,21,GBP_AUD,LONG,1.75124,1.7458144481537667,1.7544751884416787,1.7544751884416787,1.7544751884416787,104112.73,5,LONDON,2.0,0.0017375942208394462,27.433074038919955,53.026975082049624,1.7491269150208133,1.746003859429238,7.85527949444198,False,-0.00033836533821528225,57.49845818380228,18.7308497918659,0.5698324022345378,10,2,ema_ribbon_bounce_long,1.7458144481537667,SL,2023-02-15 13:30:00+00:00,-54.25551846233167,-564.8690144678752,195,False
2023-02-16 03:30:00+00:00,21,GBP_AUD,SHORT,1.74289,1.7469105343002418,1.7396006044054975,1.7396006044054975,1.7396006044054975,139091.04,5,ASIAN,2.0,0.0017946977972513175,30.16838751700837,46.63060794894507,1.7443523471946627,1.745267650951708,-31.216632413362255,False,-0.00019892610054398336,77.06863513631039,-11.623471946626829,0.6779661016948643,3,3,ema_ribbon_bounce_short,1.7396006044054975,TP3,2023-02-16 07:00:00+00:00,32.89395830994858,457.52548710473906,210,True
2023-02-17 16:15:00+00:00,21,GBP_AUD,LONG,1.75076,1.745405216194735,1.7535666860345656,1.7535666860345656,1.7535666860345656,105288.2,4,OVERLAP,2.0,0.0015233430172826928,18.21999415369371,54.06927190507588,1.7485913287786068,1.7457757397216618,9.825035383088654,False,-0.00020950934517773587,40.46265361546413,19.286712213932855,0.6083333333334998,16,4,ema_ribbon_bounce_long,1.75061,TIME,2023-02-20 00:15:00+00:00,-1.500000000000945,-15.793230000009949,3360,False
2023-02-21 03:45:00+00:00,21,GBP_AUD,LONG,1.74325,1.7416400006930808,1.7452923349135028,1.7452923349135028,1.7452923349135028,350085.64,4,ASIAN,2.0,0.0011711674567514382,19.252224176371058,56.8697265289836,1.7420028425247693,1.743933372979954,10.544204390530165,False,9.34770331670456e-05,79.88031054946758,9.471574752306644,0.28999999999993337,3,1,ema_ribbon_bounce_long,1.7452923349135028,TP3,2023-02-21 06:00:00+00:00,20.423349718409597,714.9921457113244,135,True
2023-02-22 21:45:00+00:00,21,GBP_AUD,SHORT,1.76889,1.7696447228836576,1.7668133622102065,1.7668133622102065,1.7668133622102065,756287.59,4,NY,2.0,0.0011883188948968101,21.702767253296415,43.75472032392588,1.7702242524570577,1.763292907061873,-17.947348013682696,False,1.6217201858827624e-06,23.716713072041653,-10.342524570576828,0.6759259259258498,21,2,ema_ribbon_bounce_short,1.7696447228836576,SL,2023-02-22 22:15:00+00:00,-7.547228836575215,-570.7875507991973,30,False
2023-02-23 06:30:00+00:00,21,GBP_AUD,SHORT,1.76615,1.7686464862967537,1.7642744560589172,1.7642744560589172,1.7642744560589172,226350.0,4,ASIAN,2.0,0.001087771970541494,33.03182483580379,48.13714803944714,1.7674689845898952,1.7643117353865903,-37.39665232203038,False,0.0003303430215905594,51.03229910499184,-10.189845898951333,0.8799999999998934,6,3,ema_ribbon_bounce_short,1.7642744560589172,TP3,2023-02-23 08:15:00+00:00,18.755440239432595,424.5293898195568,105,True
2023-02-23 10:15:00+00:00,21,GBP_AUD,SHORT,1.76401,1.7681092075416385,1.7617570274395604,1.7617570274395604,1.7617570274395604,138886.59,4,LONDON,2.0,0.0012464862802198573,41.22073703236512,42.95961939141086,1.76626122550205,1.764395881635547,-0.4784833745463679,False,-6.409264350335214e-05,80.27589723487924,-20.11225502049907,0.37499999999991995,10,3,ema_ribbon_bounce_short,1.7617570274395604,TP3,2023-02-23 11:30:00+00:00,22.529727226563683,312.9076988127587,75,True
2023-02-24 03:00:00+00:00,21,GBP_AUD,SHORT,1.7627300000000001,1.7664617053245837,1.7607608633035587,1.7607608633035587,1.7607608633035587,153402.8,4,ASIAN,2.0,0.0011345683482207024,19.150754454376212,41.720810511628855,1.7646176740058794,1.7646386664877476,-19.792458311231886,False,-2.4930152227463213e-05,66.81189454020847,-15.87674005879336,0.6043956043954382,3,4,ema_ribbon_bounce_short,1.7664617053245837,SL,2023-02-24 07:00:00+00:00,-37.31705324583556,-572.4540455660264,240,False
2023-03-02 16:00:00+00:00,21,GBP_AUD,SHORT,1.7757399999999999,1.7809104450563917,1.772284062257728,1.772284062257728,1.772284062257728,109609.42,2,OVERLAP,2.0,0.0018479688711359012,32.98462959049249,46.86191826563443,1.7777256831340327,1.7808801202673852,-12.14532290540804,False,-9.113032801223503e-05,62.3091324528653,-17.456831340327827,0.3668639053254889,16,3,ema_ribbon_bounce_short,1.772284062257728,TP3,2023-03-02 22:15:00+00:00,34.559380575675064,378.80336604590104,375,True
2023-03-03 03:00:00+00:00,21,GBP_AUD,SHORT,1.7737800000000001,1.7779754751633818,1.771671804344211,1.771671804344211,1.771671804344211,135984.01,3,ASIAN,2.0,0.0012040978278945427,16.05766936853185,45.39612415500589,1.775395274276883,1.7788862404213133,-25.3039058737059,False,1.2834911306498884e-05,58.239209961286605,-13.152742768829384,0.1571428571429523,3,4,ema_ribbon_bounce_short,1.771671804344211,TP3,2023-03-03 09:00:00+00:00,21.08195810821739,286.6809202207415,360,True
2023-03-05 22:15:00+00:00,21,GBP_AUD,LONG,1.7791,1.7753715322188843,1.780978959739046,1.780978959739046,1.780978959739046,153785.52,4,NY,2.0,0.0010894798695230605,30.939227892200808,57.59852856145849,1.7769459954813565,1.7773443133438656,33.0053060917046,False,-9.557587642840563e-05,38.625185788976985,18.540045186434817,0.512315270935932,22,6,ema_ribbon_bounce_long,1.780978959739046,TP3,2023-03-05 23:00:00+00:00,18.789598612265966,288.95681931786,45,True
2023-03-07 18:45:00+00:00,21,GBP_AUD,SHORT,1.79487,1.7955129654503612,1.7914281709137532,1.7914281709137532,1.7914281709137532,896275.09,4,NY,2.0,0.001870914543123375,29.639032293936264,42.873640886457096,1.7963710756857836,1.7893576375725988,-28.07342202668872,False,-0.0002115633356954794,47.42530634723809,-12.01075685783648,0.8053691275168435,18,1,ema_ribbon_bounce_short,1.7955129654503612,SL,2023-03-07 19:15:00+00:00,-6.429654503612436,-576.2739168894142,30,False
2023-03-07 23:00:00+00:00,21,GBP_AUD,SHORT,1.79438,1.7955805758124443,1.7916474925133536,1.7916474925133536,1.7916474925133536,475197.96,4,NY,2.0,0.001516253743323197,31.79779353425436,45.225605778186754,1.7957393458458022,1.7902578695021742,-30.396670232557543,False,8.744021074206143e-05,35.53355335533784,-10.593458458021399,0.2380952380951072,23,1,ema_ribbon_bounce_short,1.7955805758124443,SL,2023-03-07 23:15:00+00:00,-12.005758124442599,-570.511176898855,15,False
2023-03-07 23:15:00+00:00,21,GBP_AUD,SHORT,1.79471,1.7955667125550108,1.7920426716195426,1.7920426716195426,1.7920426716195426,659271.38,3,NY,2.0,0.0014836641902286874,32.618629233648754,47.0461440948307,1.7957107440479276,1.7903051543827497,-26.978608454513164,False,9.180807458924274e-05,24.20242024202588,-7.007440479276372,0.311320754716908,23,1,ema_ribbon_bounce_short,1.7955667125550108,SL,2023-03-08 00:00:00+00:00,-8.567125550107413,-564.8060684052573,45,False
2023-03-08 22:15:00+00:00,21,GBP_AUD,LONG,1.79676,1.793160859847428,1.7988660518320412,1.7988660518320412,1.7988660518320412,155358.78,4,NY,2.0,0.0012030259160206622,46.85486449529321,54.86882055937133,1.7949342842453595,1.7926745753158966,42.316549737602124,False,-0.00022428357636899228,50.11160714285856,15.257157546404443,0.5870967741935493,22,2,ema_ribbon_bounce_long,1.7988660518320412,TP3,2023-03-09 01:45:00+00:00,21.06051967601795,327.1936643032144,210,True
2023-03-14 15:00:00+00:00,21,GBP_AUD,SHORT,1.82181,1.8267633956755196,1.817606119085903,1.817606119085903,1.817606119085903,113544.32,3,OVERLAP,2.0,0.002221940457048492,26.29866571564701,41.87302202864489,1.8247812941619856,1.821699784277624,-20.936491436664983,False,-0.00016055008265046479,49.46249043190405,-27.31294161985698,0.02453987730063773,15,1,ema_ribbon_bounce_short,1.817606119085903,TP3,2023-03-14 21:00:00+00:00,42.03881284338368,477.32684179092666,360,True
2023-03-15 04:15:00+00:00,21,GBP_AUD,SHORT,1.8167900000000001,1.8224207838452053,1.8138985993050085,1.8138985993050085,1.8138985993050085,100732.55,4,ASIAN,2.0,0.0015957003474957661,25.372492568318723,47.200443336613496,1.8190894009969127,1.8206569491432176,-53.14315430308136,False,0.00014806464494220408,74.49782376611681,-19.99400996912648,0.8378378378376675,4,2,ema_ribbon_bounce_short,1.8224207838452053,SL,2023-03-15 09:00:00+00:00,-56.30783845205211,-567.2032152263263,285,False
2023-03-15 16:15:00+00:00,21,GBP_AUD,LONG,1.82258,1.8173089823215203,1.8279381092213007,1.8279381092213007,1.8279381092213007,106531.83,4,OVERLAP,2.0,0.0027990546106502947,16.90582428456622,57.190084600922255,1.8197790968176373,1.8202341404006468,27.79440820730228,False,0.0001471487756202159,42.07030535837902,25.609031823627948,0.39687500000004877,16,2,ema_ribbon_bounce_long,1.82081,TIME,2023-03-16 00:15:00+00:00,-17.700000000000493,-188.56133910000526,480,False
2023-03-17 16:00:00+00:00,21,GBP_AUD,LONG,1.81659,1.812841971531556,1.8204114922547472,1.8204114922547472,1.8204114922547472,149317.32,3,OVERLAP,2.0,0.0020307461273736463,33.873354464475476,55.23608310708281,1.8142966373383465,1.8163522658797786,24.299204248097173,False,0.00016129650918531545,45.81810271101364,20.533626616534573,0.11034482758632096,16,4,ema_ribbon_bounce_long,1.81529,TIME,2023-03-20 00:00:00+00:00,-12.999999999998566,-194.11251599997863,3360,False
2023-03-20 13:15:00+00:00,21,GBP_AUD,LONG,1.82557,1.8185908658098522,1.8291002679873438,1.8291002679873438,1.8291002679873438,79910.26,4,OVERLAP,2.0,0.0018851339936719939,17.565446246428106,53.023654390194736,1.8229292100178005,1.8189258637504955,-0.6572671626159377,False,-0.0003288354379358627,25.100858880380056,24.007899821993917,0.5131578947368556,13,0,ema_ribbon_bounce_long,1.82696,TIME,2023-03-20 21:15:00+00:00,13.900000000000023,111.07526140000019,480,True
2023-03-21 16:45:00+00:00,21,GBP_AUD,SHORT,1.83125,1.8320779942283336,1.8279825054687109,1.8279825054687109,1.8279825054687109,674902.28,4,OVERLAP,2.0,0.0017537472656445788,34.11810827811308,44.428848621356416,1.832262105149735,1.8268901406450804,-13.94748450961325,False,-0.00026328722149136297,33.726552696990275,-7.721051497349141,0.4606741573033652,16,1,ema_ribbon_bounce_short,1.8320779942283336,SL,2023-03-21 17:00:00+00:00,-8.279942283335728,-558.8151925291689,15,False
2023-03-21 18:15:00+00:00,21,GBP_AUD,LONG,1.83296,1.8290128550972133,1.8356897528946108,1.8356897528946108,1.8356897528946108,140158.79,4,NY,2.0,0.0015148764473054547,31.439984491317205,50.52618509775791,1.832237542109598,1.8271942333559135,-1.2104087469033686,False,-7.022295476109402e-06,90.02702258849604,4.224578904019616,0.2916666666667052,18,1,ema_ribbon_bounce_long,1.8290128550972133,SL,2023-03-21 21:00:00+00:00,-39.47144902786581,-553.2270535292349,165,False
2023-03-21 22:00:00+00:00,21,GBP_AUD,SHORT,1.83097,1.8320429313597912,1.8288085368454943,1.8288085368454943,1.8288085368454943,510465.81,3,NY,2.0,0.0012307315772528671,47.194527304127945,45.533575030656564,1.831946161987428,1.827813844757284,-14.360593027971102,False,-3.9227746997083787e-05,79.98265865062933,-6.761619874280367,0.23684210526321942,22,1,ema_ribbon_bounce_short,1.8320429313597912,SL,2023-03-22 00:00:00+00:00,-10.729313597912514,-547.6947756502426,120,False
2023-03-22 23:30:00+00:00,21,GBP_AUD,LONG,1.8337999999999999,1.8303493366151269,1.8372565601301647,1.8372565601301647,1.8372565601301647,157134.37,4,NY,2.0,0.0018782800650823425,12.514373579100303,51.09248191701405,1.8328633370455882,1.8305599691169954,14.061732271983818,False,-0.00011873543441397113,62.992313067783776,6.366629544116709,0.635135135135127,23,2,ema_ribbon_bounce_long,1.8303493366151269,SL,2023-03-23 01:00:00+00:00,-34.50663384872987,-542.2178170640843,90,False
2023-03-23 11:15:00+00:00,21,GBP_AUD,SHORT,1.8291,1.8321031800251066,1.8264921785226884,1.8264921785226884,1.8264921785226884,178742.41,3,LONDON,2.0,0.0014239107386558138,26.827139000731123,47.72191463261324,1.830147415670765,1.8302450417668792,-6.921112245741323,False,5.980074872642571e-07,41.26532381141871,-8.074156707651436,0.6483516483517717,11,3,ema_ribbon_bounce_short,1.8321031800251066,SL,2023-03-23 12:00:00+00:00,-30.031800251066887,-536.7956353514301,45,False
2023-03-23 15:00:00+00:00,21,GBP_AUD,LONG,1.8337,1.8293540577085032,1.837371550137904,1.837371550137904,1.837371550137904,122281.35,3,OVERLAP,2.0,0.0019557750689519074,18.837471831022597,55.13952222530748,1.8315102895535769,1.8306400843489545,16.832056391304917,False,-6.278730502716804e-05,34.616921236264815,19.49710446423225,0.341584158415896,15,3,ema_ribbon_bounce_long,1.837371550137904,TP3,2023-03-23 18:30:00+00:00,36.7155043815818,448.9621441710738,210,True
2023-03-23 21:45:00+00:00,21,GBP_AUD,LONG,1.83711,1.831951150377582,1.839745881641241,1.839745881641241,1.839745881641241,103883.1,5,NY,2.0,0.0014679408206204698,23.96296465027665,54.651434862026754,1.8348414780366074,1.8319703465457642,31.43738405894103,False,-0.0003112862013324991,40.834361544593555,19.685219633926998,0.24590163934441744,21,3,ema_ribbon_bounce_long,1.839745881641241,TP3,2023-03-24 01:00:00+00:00,26.35881894976433,273.8235824840263,195,True
2023-03-24 05:15:00+00:00,21,GBP_AUD,SHORT,1.83684,1.8369541873658835,1.8345924216403195,1.8345924216403195,1.8345924216403195,4717295.5,4,ASIAN,2.0,0.00127378917984026,23.046798443223217,44.58582020483787,1.8373161722086786,1.8336497211155316,23.149579039984935,False,-0.0002821231716378292,30.038986354779325,-1.761722086786044,0.41071428571427865,5,4,ema_ribbon_bounce_short,1.8369541873658835,SL,2023-03-24 05:30:00+00:00,-1.1418736588342249,-538.6555472387224,15,False
2023-03-24 10:45:00+00:00,21,GBP_AUD,LONG,1.8386500000000001,1.8345381742016615,1.8415481762375419,1.8415481762375419,1.8415481762375419,129691.53,4,LONDON,2.0,0.0015690881187708904,33.505179411568896,54.84546707484584,1.837125345788673,1.8342771445311952,10.725750689313251,False,0.0002875556544178654,46.93769399652117,12.846542113271742,0.3670886075949207,10,4,ema_ribbon_bounce_long,1.8415481762375419,TP3,2023-03-24 12:15:00+00:00,28.981764610086252,375.86893943819393,90,True
2023-03-24 12:45:00+00:00,21,GBP_AUD,LONG,1.83991,1.8351272941543049,1.8428826531241704,1.8428826531241704,1.8428826531241704,112285.33,4,LONDON,2.0,0.0016063265620852422,40.58254819377177,54.82716849352311,1.838008704960138,1.8347432318495578,13.507685507869738,False,0.00019110042347029023,39.82889287767129,16.612950398620097,0.1456953642384924,12,4,ema_ribbon_bounce_long,1.83987,TIME,2023-03-24 20:45:00+00:00,-0.40000000000040004,-4.491413200004492,480,False
2023-03-27 03:15:00+00:00,21,GBP_AUD,LONG,1.84124,1.837888088449433,1.8434569326207182,1.8434569326207182,1.8434569326207182,160201.95,4,ASIAN,2.0,0.0012584663103591108,19.680258300524113,52.07654245227477,1.8401684847459636,1.8371327203118777,15.724128988265917,False,-7.25186764421822e-05,48.910626945311606,7.715152540364034,0.5084745762712438,3,0,ema_ribbon_bounce_long,1.837888088449433,SL,2023-03-27 06:15:00+00:00,-33.519115505669106,-536.9827666283427,180,False
2023-03-29 19:45:00+00:00,21,GBP_AUD,SHORT,1.84281,1.8446711382544543,1.8408565858917487,1.8408565858917487,1.8408565858917487,285638.61,3,NY,2.0,0.0011267070541256718,23.28366796552552,46.685705000793895,1.843810976338683,1.8428849224824317,-23.487121038048286,False,0.00018791400736541662,42.49492534141201,-7.0097633868293485,0.6133333333333649,19,2,ema_ribbon_bounce_short,1.8408565858917487,TP3,2023-03-29 21:00:00+00:00,19.534141766389464,557.9705101694431,75,True
2023-03-29 23:30:00+00:00,21,GBP_AUD,SHORT,1.84189,1.844180615387522,1.8401811338479286,1.8401811338479286,1.8401811338479286,234518.92,3,NY,2.0,0.0010044330760357538,17.860496414286747,46.267661168289635,1.8430517036446363,1.842778644908498,-30.744100469164426,False,9.909600679243989e-05,78.63720073664443,-8.617036446363358,0.6428571428568597,23,2,ema_ribbon_bounce_short,1.844180615387522,SL,2023-03-30 01:00:00+00:00,-22.906153875219548,-537.1926468170303,90,False
2023-03-30 15:15:00+00:00,21,GBP_AUD,LONG,1.84616,1.8414119248594,1.8494263733751657,1.8494263733751657,1.8494263733751657,112007.65,4,OVERLAP,2.0,0.0017531866875828308,33.69205537819237,55.927574920520655,1.843672069110721,1.8428399035276006,16.043081137622206,False,-8.943330607804603e-05,27.400423382262602,22.47930889279104,0.7049180327869539,15,3,ema_ribbon_bounce_long,1.84534,TIME,2023-03-30 23:15:00+00:00,-8.200000000000427,-91.8462730000048,480,False
2023-03-31 09:30:00+00:00,21,GBP_AUD,LONG,1.84847,1.8441100293496457,1.851634615308585,1.851634615308585,1.851634615308585,121767.39,4,LONDON,2.0,0.0017023076542924918,33.314017313176954,51.96856349000879,1.8468608260305617,1.8447000506808164,-14.926508515318293,False,-0.00025419116704340924,14.601450899528807,13.691739694383642,0.7430555555555877,9,4,ema_ribbon_bounce_long,1.851634615308585,TP3,2023-03-31 11:30:00+00:00,31.646155684751314,385.34697812658305,120,True
2023-03-31 19:00:00+00:00,21,GBP_AUD,SHORT,1.8449900000000001,1.8475556896435537,1.8425954650259315,1.8425954650259315,1.8425954650259315,208425.73,4,NY,2.0,0.0013472674870342357,20.965841493757452,46.006906416561684,1.8463870852723052,1.8453399810135391,-22.12853633527523,False,0.00025530519364130736,46.278347859639744,-10.970852723051205,0.5887850467289389,19,4,ema_ribbon_bounce_short,1.8425954650259315,TP3,2023-04-02 21:00:00+00:00,23.945350889553332,499.0827239261303,3000,True
2023-04-03 03:45:00+00:00,21,GBP_AUD,SHORT,1.84207,1.8463295621017537,1.8393727704377325,1.8393727704377325,1.8393727704377325,126714.09,3,ASIAN,2.0,0.0014986147811337253,22.243569732285888,45.341759124830126,1.8440757383409863,1.8448106631432108,-37.94274760435368,False,-5.205360235186374e-05,54.105392156868184,-17.05738340986196,0.3414634146339284,3,0,ema_ribbon_bounce_short,1.8393727704377325,TP3,2023-04-03 08:30:00+00:00,26.972297751270716,341.7770164761315,285,True
2023-04-05 22:45:00+00:00,21,GBP_AUD,SHORT,1.85295,1.8554315779751467,1.8512057593877276,1.8512057593877276,1.8512057593877276,218878.6,4,NY,2.0,0.001022120306136264,40.60707240914828,41.1065837075513,1.8552125733671803,1.8510842958791487,-60.0498417994344,False,0.00019625065398913935,73.11208891406817,-19.62573367180198,0.7798165137616174,22,2,ema_ribbon_bounce_short,1.8554315779751467,SL,2023-04-05 23:45:00+00:00,-24.815779751465872,-543.1643129909198,60,False
2023-04-07 03:45:00+00:00,21,GBP_AUD,SHORT,1.86266,1.8629755447798313,1.861521083879432,1.861521083879432,1.861521083879432,1704140.63,4,ASIAN,2.0,0.0007194580602839997,17.40311256484562,44.07324740343969,1.863460748821739,1.8589689124851247,-7.251670349790462,False,-1.1897106930101571e-06,52.94372294372179,-5.007488217390055,0.37735849056605353,3,4,ema_ribbon_bounce_short,1.8629755447798313,SL,2023-04-07 04:00:00+00:00,-3.1554477983131153,-537.7326798949425,15,False
2023-04-10 15:30:00+00:00,21,GBP_AUD,LONG,1.86566,1.8621165433967974,1.8678167152085396,1.8678167152085396,1.8678167152085396,150236.17,5,OVERLAP,2.0,0.0011983576042697685,27.46726957180675,56.75566957145139,1.8639789453686089,1.8620240122640443,10.17573617776879,False,-1.029888080209668e-05,26.509785325469995,14.410546313912143,0.3823529411766819,15,0,ema_ribbon_bounce_long,1.8637,TIME,2023-04-10 23:30:00+00:00,-19.600000000001838,-294.4628932000276,480,False
2023-04-11 15:15:00+00:00,21,GBP_AUD,LONG,1.86827,1.8631959584380626,1.8709510499270352,1.8709510499270352,1.8709510499270352,104337.09,5,OVERLAP,2.0,0.0014605249635175398,26.15639377372571,58.5448124162231,1.8656834462820873,1.8635381632064725,9.91636874398738,False,-0.00013365117990925442,74.37298901095312,23.465537179128138,0.25000000000004335,15,1,ema_ribbon_bounce_long,1.86857,TIME,2023-04-11 23:15:00+00:00,2.999999999999669,31.30112699999655,480,True
2023-04-12 09:00:00+00:00,21,GBP_AUD,SHORT,1.86476,1.8670667460470445,1.8625318301361513,1.8625318301361513,1.8625318301361513,229641.12,3,LONDON,2.0,0.0012340849319242941,19.99780988265362,46.68051692211089,1.8659068425935956,1.8649715640276852,3.438657442433879,False,-3.629588009155876e-05,54.1001275061991,-9.068425935956359,0.22580645161292634,9,2,ema_ribbon_bounce_short,1.8625318301361513,TP3,2023-04-12 09:45:00+00:00,22.281699608770097,511.6794453661527,45,True
2023-04-12 18:15:00+00:00,21,GBP_AUD,LONG,1.86472,1.862462960052083,1.8673411222491598,1.8673411222491598,1.8673411222491598,236965.47,5,NY,2.0,0.001460561124579973,28.995425540510716,56.713573236372135,1.863279187253078,1.8640600703349057,32.0833128483744,False,9.268319896553305e-05,52.49662618083375,11.408127469219043,0.40458015267164965,18,2,ema_ribbon_bounce_long,1.862462960052083,SL,2023-04-12 21:00:00+00:00,-22.570399479169275,-534.8405320669103,165,False
2023-04-12 22:30:00+00:00,21,GBP_AUD,LONG,1.86504,1.8630053522944137,1.8670511984940825,1.8670511984940825,1.8670511984940825,260237.74,5,NY,2.0,0.00115559924704127,36.84014404190195,53.394045267065486,1.86399757225899,1.8641684208448608,31.8166910831974,False,-0.00011896437081992332,70.6105884523173,7.424277410099656,0.8095238095236584,22,2,ema_ribbon_bounce_long,1.8670511984940825,TP3,2023-04-13 01:00:00+00:00,20.111985713656104,523.3897709034152,150,True
2023-04-13 09:15:00+00:00,21,GBP_AUD,SHORT,1.85994,1.864517702971449,1.856681712064374,1.856681712064374,1.856681712064374,116810.99,3,LONDON,2.0,0.0017491439678130301,20.808331122784544,46.477046846848225,1.8618556383056863,1.8633924528256107,2.921329093723557,False,0.00014223865927361122,71.32667142517478,-16.756383056864,0.48780487804890266,9,3,ema_ribbon_bounce_short,1.856681712064374,TP3,2023-04-13 11:45:00+00:00,32.582882145627536,380.6038720484077,150,True
2023-04-18 15:30:00+00:00,21,GBP_AUD,LONG,1.84779,1.8444769376626653,1.8508219084602031,1.8508219084602031,1.8508219084602031,162548.12,4,OVERLAP,2.0,0.0016359542301015659,22.89876517489007,56.853333906007556,1.845745174045644,1.8475914689890252,13.98758037285619,False,3.021917643812144e-06,39.40648723257568,18.048259543559375,0.7134146341463745,15,1,ema_ribbon_bounce_long,1.84587,TIME,2023-04-18 23:30:00+00:00,-19.200000000001435,-312.09239040002336,480,False
2023-04-19 15:45:00+00:00,21,GBP_AUD,LONG,1.85218,1.847942334708443,1.8548746356291743,1.8548746356291743,1.8548746356291743,126345.78,4,OVERLAP,2.0,0.001467317814587166,19.03826473267474,52.86158770924045,1.8507121861091833,1.8487017288390333,-3.5831791293183812,False,-4.520776545462325e-06,49.1421861316795,12.278138908166092,0.6806722689075301,15,2,ema_ribbon_bounce_long,1.85336,TIME,2023-04-19 23:45:00+00:00,11.799999999999587,149.0880203999948,480,True
2023-04-21 11:15:00+00:00,21,GBP_AUD,SHORT,1.85025,1.8511547019235433,1.847685686861405,1.847685686861405,1.847685686861405,593457.36,4,LONDON,2.0,0.001402156569297482,34.37503283378148,44.527342913543436,1.8506998375388748,1.8493795966638704,-18.183143435615,False,-0.00045578549743900806,57.826306113979776,-2.0983753887482415,0.32911392405051193,11,4,ema_ribbon_bounce_short,1.8511547019235433,SL,2023-04-21 11:30:00+00:00,-9.047019235433051,-536.9020151329318,15,False
2023-04-21 12:15:00+00:00,21,GBP_AUD,SHORT,1.85,1.851153785626915,1.8475882250220896,1.8475882250220896,1.8475882250220896,460686.1,4,LONDON,2.0,0.0013258874889552643,21.88863837557755,43.754602095913526,1.8507035897239335,1.8494327942189526,-17.97510282449455,False,-0.0002236159615169318,38.59930760737526,-4.635897239333442,0.47899159663861157,12,4,ema_ribbon_bounce_short,1.851153785626915,SL,2023-04-21 12:45:00+00:00,-11.537856269148161,-531.5330006994417,30,False
2023-04-24 11:15:00+00:00,21,GBP_AUD,SHORT,1.86047,1.8600028951248149,1.857942256885553,1.857942256885553,1.857942256885553,1126551.43,3,LONDON,2.0,0.0013838715572235076,17.359520830810506,45.97948663443085,1.860744374986548,1.8556195117208723,-6.494541395880571,False,-3.100901586573714e-05,39.47036529871808,-0.3437498654790261,0.38461538461534084,11,0,ema_ribbon_bounce_short,1.8600028951248149,SL,2023-04-24 11:30:00+00:00,4.6710487518519805,526.2176650998564,15,True
2023-04-24 12:00:00+00:00,21,GBP_AUD,LONG,1.86193,1.8574316994297664,1.8643523293084696,1.8643523293084696,1.8643523293084696,118151.25,5,LONDON,2.0,0.0013311646542347201,16.662192778451182,51.84605297075022,1.8607843488009317,1.855781026814148,3.8808082821062406,False,-5.804748101622404e-05,28.95887601580596,9.056511990683802,0.5903614457833356,12,0,ema_ribbon_bounce_long,1.8643523293084696,TP3,2023-04-24 15:30:00+00:00,24.22329513488884,286.2012599306035,210,True
2023-04-27 09:00:00+00:00,21,GBP_AUD,SHORT,1.88364,1.8859213212247556,1.8810523785879851,1.8810523785879851,1.8810523785879851,234224.73,3,LONDON,2.0,0.0014138107060074278,27.417982608610874,47.46410118395246,1.8851482148151526,1.8803459724328517,2.9504264766910815,False,0.00028136035032488166,76.30294013866023,-12.682148151526018,0.24489795918369658,9,3,ema_ribbon_bounce_short,1.8859213212247556,SL,2023-04-27 13:30:00+00:00,-22.81321224755661,-534.3418479116641,270,False
2023-05-02 21:30:00+00:00,21,GBP_AUD,LONG,1.87152,1.8711427922589823,1.8736992514739936,1.8736992514739936,1.8736992514739936,1402406.1,4,NY,2.0,0.0012396257369967334,31.587835641054436,57.780018824151185,1.8697958215948354,1.877291424449796,54.750316148994834,False,-0.00022719297793697454,77.31847964299321,14.241784051647333,0.5000000000000895,21,1,ema_ribbon_bounce_long,1.8711427922589823,SL,2023-05-02 21:45:00+00:00,-3.772077410177932,-528.9984369705734,15,False
2023-05-02 21:45:00+00:00,21,GBP_AUD,LONG,1.87128,1.8711378520153819,1.8734135906544227,1.8734135906544227,1.8734135906544227,3684248.18,3,NY,2.0,0.001216795327211255,31.10432351512489,55.95634414727294,1.8698422599636655,1.8772286242065146,52.153822530411894,False,-0.00021454971369617092,81.56684565606808,11.377400363346002,0.2608695652174018,21,1,ema_ribbon_bounce_long,1.8711378520153819,SL,2023-05-02 22:00:00+00:00,-1.4214798461820166,-523.7084536202775,15,False
2023-05-03 03:00:00+00:00,21,GBP_AUD,LONG,1.87234,1.8708888691474985,1.8745218816229958,1.8745218816229958,1.8745218816229958,357287.81,4,ASIAN,2.0,0.0012409408114979906,14.687087722534756,54.33424518565989,1.8709093822310359,1.8761792095039658,52.8902657288266,False,-6.478048236687595e-05,69.98824911868789,11.306177689640595,0.29787234042537614,3,2,ema_ribbon_bounce_long,1.8745218816229958,TP3,2023-05-03 05:45:00+00:00,21.818816840638288,779.5597285782774,165,True
2023-05-03 17:00:00+00:00,21,GBP_AUD,LONG,1.87965,1.874366186196689,1.8823633270533084,1.8823633270533084,1.8823633270533084,99599.83,5,NY,2.0,0.0015066635266541353,22.00457174406595,54.14984827748769,1.8773285661197165,1.8767193302107124,9.685483493293567,False,-5.4769174561909175e-05,24.298643803575377,20.214338802835297,0.7647058823529284,17,2,ema_ribbon_bounce_long,1.8823633270533084,TP3,2023-05-03 19:45:00+00:00,27.133273257312606,270.2469403771882,165,True
2023-05-04 16:00:00+00:00,21,GBP_AUD,SHORT,1.88199,1.8850252495651583,1.8776770268128335,1.8776770268128335,1.8776770268128335,174275.43,3,OVERLAP,2.0,0.0022764865935832827,18.30029462152124,43.67763845139623,1.883876349767162,1.881118392287878,-20.81608221539577,False,-0.0002430562518162232,15.414814814817,-16.463497671619365,0.7511520737327264,16,3,ema_ribbon_bounce_short,1.8776770268128335,TP3,2023-05-04 17:45:00+00:00,43.12973434646781,751.6452999016445,105,True
2023-05-10 15:30:00+00:00,21,GBP_AUD,SHORT,1.8646099999999999,1.8678314869800572,1.8610346180959836,1.8610346180959836,1.8610346180959836,166533.62,4,OVERLAP,2.0,0.0019076909520081636,22.2621182760864,46.55706795857213,1.86600168549978,1.8661441556278198,-4.9949776190350015,False,0.00023096078192319926,47.15826961512746,-11.516854997801751,0.6551724137931298,15,2,ema_ribbon_bounce_short,1.8678314869800572,SL,2023-05-10 17:30:00+00:00,-32.214869800573084,-536.4858885718114,120,False
2023-05-11 04:15:00+00:00,21,GBP_AUD,SHORT,1.8620400000000001,1.8652113618472654,1.8600164797439214,1.8600164797439214,1.8600164797439214,167474.12,5,ASIAN,2.0,0.0011617601280393788,15.92480362090762,47.2441778130038,1.8632285210809982,1.864935561250169,-23.368487328203624,False,6.88564871998588e-05,20.50507937032825,-8.885210809981281,0.6623376623374414,4,3,ema_ribbon_bounce_short,1.8652113618472654,SL,2023-05-11 06:15:00+00:00,-31.713618472652968,-531.12103457233,120,False
2023-05-11 14:30:00+00:00,21,GBP_AUD,LONG,1.86879,1.863724361835454,1.87298751344285,1.87298751344285,1.87298751344285,103799.32,3,OVERLAP,2.0,0.0022187567214250062,13.906101042042106,52.06915815359284,1.866883573791683,1.865710512877124,-0.049056756892262854,False,-0.00025315860136501406,49.74714312602439,16.66426208317029,0.21804511278187205,14,3,ema_ribbon_bounce_long,1.86711,TIME,2023-05-11 22:30:00+00:00,-16.799999999999034,-174.38285759999002,480,False
2023-05-12 17:30:00+00:00,21,GBP_AUD,LONG,1.87448,1.8695889982265341,1.8771559722731397,1.8771559722731397,1.8771559722731397,107149.01,5,NY,2.0,0.0014879861365698949,17.941364409547173,52.72262126033738,1.8727668521283363,1.8692095220286198,6.882049481093944,False,-0.00014693716579216296,40.100079629277765,14.131478716636892,0.5853658536585498,17,4,ema_ribbon_bounce_long,1.87081,TIME,2023-05-15 01:30:00+00:00,-36.699999999998404,-393.23686669998284,3360,False
2023-05-15 18:15:00+00:00,21,GBP_AUD,SHORT,1.86884,1.8710037940397537,1.867156238008819,1.867156238008819,1.867156238008819,240380.37,5,NY,2.0,0.0009918809955905194,21.915905174869614,45.9366794657115,1.869688093707319,1.8697617662545263,-6.885328053636286,False,-9.32277836184718e-05,63.277876807286596,-5.480937073190084,0.396551724137832,18,0,ema_ribbon_bounce_short,1.867156238008819,TP3,2023-05-15 21:00:00+00:00,16.83762061226879,404.7433472696798,165,True
2023-05-16 17:00:00+00:00,21,GBP_AUD,LONG,1.87557,1.8712240319782951,1.878005130767635,1.878005130767635,1.878005130767635,120613.19,4,NY,2.0,0.0013675653838176019,14.782861881620196,54.085024736565586,1.8738499877278743,1.8714171439330665,9.291118314089797,False,-3.0837954688816096e-05,41.5282272563834,14.200122721257369,0.21126760563393937,17,1,ema_ribbon_bounce_long,1.87527,TIME,2023-05-17 01:00:00+00:00,-2.999999999999669,-36.18395699999601,480,False
2023-05-17 18:15:00+00:00,21,GBP_AUD,LONG,1.87541,1.8726083110361507,1.877605788278034,1.877605788278034,1.877605788278034,186965.51,5,NY,2.0,0.0012478941390169419,20.29395040271015,55.510921054251234,1.8740395155048946,1.8731507383543509,19.316450355968406,False,-0.0001362697644038749,39.793281653746156,10.704844951054948,0.5398230088495211,18,2,ema_ribbon_bounce_long,1.8726083110361507,SL,2023-05-17 21:00:00+00:00,-28.016889638493577,-523.8192059874668,165,False
2023-05-17 23:30:00+00:00,21,GBP_AUD,LONG,1.87517,1.8730326664199777,1.8769960884750307,1.8769960884750307,1.8769960884750307,242629.9,4,NY,2.0,0.001063044237515391,14.557558371958992,52.5709899814449,1.8743455686840693,1.8734146095319806,15.039575944257866,False,5.5673945852428885e-05,49.45957486308648,5.244313159307179,0.05454545454540316,23,2,ema_ribbon_bounce_long,1.8730326664199777,SL,2023-05-18 00:15:00+00:00,-21.37333580022327,-518.5810327874592,45,False
2023-05-18 03:15:00+00:00,21,GBP_AUD,LONG,1.87741,1.8730544244177252,1.8804057354499077,1.8804057354499077,1.8804057354499077,117870.81,4,ASIAN,2.0,0.0016478677249538683,25.85187190809159,54.234072555967735,1.8753432768973892,1.873826739484662,30.287391850345458,False,0.00010207644951340609,21.520491759874698,17.667231026108343,0.6263736263736049,3,3,ema_ribbon_bounce_long,1.8730544244177252,SL,2023-05-18 10:00:00+00:00,-43.5557558227484,-513.3952218989571,405,False
2023-05-18 11:30:00+00:00,21,GBP_AUD,SHORT,1.87297,1.8762834416227312,1.8701608907702572,1.8701608907702572,1.8701608907702572,153393.76,3,LONDON,2.0,0.0015245546148714433,35.334330958790474,44.60325482842307,1.8747808494098575,1.874139837010092,-10.294693905219532,False,-0.00013388861928248334,65.57546851664658,-15.70849409857411,0.27669902912617067,11,3,ema_ribbon_bounce_short,1.8762834416227312,SL,2023-05-18 12:45:00+00:00,-33.134416227311725,-508.26126905123607,75,False
2023-05-18 15:30:00+00:00,21,GBP_AUD,LONG,1.87707,1.873735985127363,1.879972466110253,1.879972466110253,1.879972466110253,150922.74,3,OVERLAP,2.0,0.0015712330551264765,25.391713389133386,53.319988295062025,1.8757623458095336,1.8745197146458528,9.219504753790186,False,3.8755020576227914e-05,27.318435754191977,10.676541904663939,0.01351351351360272,15,3,ema_ribbon_bounce_long,1.873735985127363,SL,2023-05-18 19:15:00+00:00,-33.3401487263707,-503.1786597791376,225,False
2023-05-18 23:15:00+00:00,21,GBP_AUD,SHORT,1.87267,1.875808350300401,1.870768856015889,1.870768856015889,1.870768856015889,158728.89,3,NY,2.0,0.0011005719920554483,37.42043043688423,43.70866876444804,1.8743640124937089,1.874414649582043,-26.231900122408724,False,8.195265099929781e-05,64.57644770014163,-13.940124937088516,0.7608695652172811,23,3,ema_ribbon_bounce_short,1.870768856015889,TP3,2023-05-19 00:15:00+00:00,19.011441038840374,301.766493339558,60,True
2023-05-19 12:15:00+00:00,21,GBP_AUD,SHORT,1.86721,1.872053553614565,1.8647040304080342,1.8647040304080342,1.8647040304080342,103470.42,5,LONDON,2.0,0.0013729847959829298,28.944687587995492,45.1874536569554,1.869022014590359,1.8720713404150753,-1.297313896890806,False,0.00017714634107077835,19.685850224856118,-15.720145903590499,0.7572254335259626,12,4,ema_ribbon_bounce_short,1.872053553614565,SL,2023-05-19 15:30:00+00:00,-48.435536145650104,-501.16452679155975,195,False
2023-05-22 04:30:00+00:00,21,GBP_AUD,LONG,1.87346,1.8703160411020787,1.8754458493945763,1.8754458493945763,1.8754458493945763,157811.5,4,ASIAN,2.0,0.00114292469728819,26.99097579662551,54.260894044802214,1.8719382196077088,1.8717955665642128,34.112584169758705,False,-6.08327890091335e-05,23.340794330909116,12.217803922911497,0.6333333333334814,4,0,ema_ribbon_bounce_long,1.8754458493945763,TP3,2023-05-22 06:00:00+00:00,19.85849520413154,313.38989159068046,90,True
2023-05-22 10:45:00+00:00,21,GBP_AUD,LONG,1.87461,1.8709914384027264,1.8769695779374844,1.8769695779374844,1.8769695779374844,137979.35,4,LONDON,2.0,0.0012997889687421413,17.285513155876004,56.05270745203215,1.8729627427129014,1.8721907392406447,9.446624831817019,False,3.0500217803253253e-05,85.83475832514046,14.072572870986733,0.5271317829457418,10,0,ema_ribbon_bounce_long,1.8769695779374844,TP3,2023-05-22 11:30:00+00:00,23.595781084938125,325.5730536842057,45,True
2023-05-22 18:00:00+00:00,21,GBP_AUD,SHORT,1.8692900000000001,1.8733306677669823,1.8668763593996953,1.8668763593996953,1.8668763593996953,124371.15,5,NY,2.0,0.0013568203001524213,40.37006239971714,43.337642376074925,1.8717293585802508,1.872088929710092,-30.509693104514568,False,9.214562344064966e-05,69.51203558346609,-21.393585802507165,0.7248322147650846,18,0,ema_ribbon_bounce_short,1.86999,TIME,2023-05-23 02:00:00+00:00,-6.999999999999228,-87.0598049999904,480,False
2023-05-23 03:30:00+00:00,21,GBP_AUD,SHORT,1.8682400000000001,1.8716404131340445,1.866271386110237,1.866271386110237,1.866271386110237,147532.64,4,ASIAN,2.0,0.0011343069448815815,21.73107195604634,44.94210395173401,1.8697232349998552,1.8711901931433943,-31.413582360240166,False,5.940188524693353e-05,36.033479292104595,-11.83234999855065,0.7333333333332717,3,1,ema_ribbon_bounce_short,1.866271386110237,TP3,2023-05-23 06:15:00+00:00,19.68614023199036,290.4348239835751,165,True
2023-05-23 09:45:00+00:00,21,GBP_AUD,LONG,1.87126,1.8687437729142597,1.8741495907125612,1.8741495907125612,1.8741495907125612,200528.9,4,LONDON,2.0,0.001564795356280589,12.894527954331158,53.847756285711455,1.8699742414433749,1.8709145707534331,5.095361803122422,False,4.4840076679944984e-05,68.39141467048566,10.457585566250316,0.504347826086792,9,1,ema_ribbon_bounce_long,1.8741495907125612,TP3,2023-05-23 13:30:00+00:00,28.895908566596965,579.4464759360267,225,True
2023-05-26 04:00:00+00:00,21,GBP_AUD,SHORT,1.89325,1.8941526134804958,1.8913986947058559,1.8913986947058559,1.8913986947058559,565436.63,3,ASIAN,2.0,0.0010756526470721086,14.175207629002927,45.43630405051149,1.8940583618288223,1.8899289888835835,-9.644261126398046,False,-0.00016307531297267834,27.132912417027573,-5.083618288221903,0.09859154929579667,4,4,ema_ribbon_bounce_short,1.8941526134804958,SL,2023-05-26 06:00:00+00:00,-9.026134804956953,-510.3707246040567,120,False
2023-05-26 18:45:00+00:00,21,GBP_AUD,SHORT,1.89389,1.8951148702262262,1.8918492664210012,1.8918492664210012,1.8918492664210012,412506.57,3,NY,2.0,0.0011703667894993912,25.61309465577674,45.89515408011079,1.8944869953267007,1.8918387958388947,-1.771510117236641,False,-0.00012193920771738566,4.847210457010637,-2.969953267006886,0.3770491803277913,18,4,ema_ribbon_bounce_short,1.8918492664210012,TP3,2023-05-28 21:00:00+00:00,20.407336284704623,841.8160293640049,3015,True
2023-05-29 04:15:00+00:00,21,GBP_AUD,SHORT,1.89043,1.8935596419020158,1.8887766028664454,1.8887766028664454,1.8887766028664454,164135.45,3,ASIAN,2.0,0.0009766985667772673,31.701760088465285,47.42251083062853,1.8918632465864302,1.8917418039576752,-30.50323542247435,False,0.00028403089512040955,70.3362770945802,-11.332465864302144,0.732394366197302,4,0,ema_ribbon_bounce_short,1.8887766028664454,TP3,2023-05-29 05:00:00+00:00,16.533972342883136,271.38109907866783,45,True
2023-05-29 19:30:00+00:00,21,GBP_AUD,LONG,1.89002,1.8893614954019626,1.8907126961513032,1.8907126961513032,1.8907126961513032,784199.52,5,NY,2.0,0.0004963480756515247,19.205328121471858,56.01778755461282,1.8892083758955194,1.8903079358937163,17.702007558819677,False,-7.067112847301246e-05,22.672019627535736,5.116241044806902,0.6538461538457925,19,0,ema_ribbon_bounce_long,1.8893614954019626,SL,2023-05-29 20:00:00+00:00,-6.585045980374016,-516.3989896987233,30,False
2023-06-01 06:15:00+00:00,21,GBP_AUD,SHORT,1.90906,1.9113077049129346,1.9067930137837732,1.9067930137837732,1.9067930137837732,227447.56,3,ASIAN,2.0,0.0012834931081133988,36.46222614213765,45.69777341339067,1.9108615252368002,1.9064833576199405,-22.38480464899828,False,5.569173298889058e-05,75.48608619058437,-15.015252368002496,0.09000000000013544,6,3,ema_ribbon_bounce_short,1.9113077049129346,SL,2023-06-01 06:45:00+00:00,-22.47704912934578,-511.23499804698224,30,False
2023-06-07 10:15:00+00:00,21,GBP_AUD,SHORT,1.85952,1.8642781025206139,1.8570013281406508,1.8570013281406508,1.8570013281406508,106370.69,4,LONDON,2.0,0.0013793359296746187,22.16171179604889,48.21428648172861,1.860670168152292,1.868583463000723,0.8490923944370898,False,0.00015301278320086728,66.64639223778984,-9.101681522918348,0.5808823529410516,10,2,ema_ribbon_bounce_short,1.8642781025206139,SL,2023-06-07 14:15:00+00:00,-47.581025206138165,-506.12264820843086,240,False
2023-06-08 03:45:00+00:00,21,GBP_AUD,LONG,1.86874,1.8653959371413158,1.87065125032523,1.87065125032523,1.87065125032523,149836.13,4,ASIAN,2.0,0.0011056251626149066,27.737073455650563,53.66513089641435,1.8675143002568602,1.8679993376037196,31.10168627353138,False,2.9424393338792345e-05,86.10338344117355,9.256997431399405,0.5633802816904008,3,3,ema_ribbon_bounce_long,1.8653959371413158,SL,2023-06-08 07:15:00+00:00,-33.440628586842706,-501.0614372219881,210,False
2023-06-08 11:00:00+00:00,21,GBP_AUD,SHORT,1.86497,1.8677122119463858,1.8626379869899041,1.8626379869899041,1.8626379869899041,180894.41,4,LONDON,2.0,0.0012860065050479797,18.958103084885725,45.37401835226193,1.8665450284126957,1.8676102433792292,0.19757683055399156,False,8.777089768154578e-05,62.86584756767811,-13.350284126956158,0.5609756097559523,11,3,ema_ribbon_bounce_short,1.8677122119463858,SL,2023-06-08 14:15:00+00:00,-27.422119463857975,-496.05081213641046,195,False
2023-06-09 16:00:00+00:00,21,GBP_AUD,SHORT,1.86531,1.869689695480629,1.862897880492837,1.862897880492837,1.862897880492837,112128.87,5,OVERLAP,2.0,0.001326059753581434,17.494283833926485,41.537231098734104,1.867779742337985,1.8684924786870971,-13.899619796386986,False,7.367087365039537e-05,57.16748335549761,-22.29742337984897,0.5193798449611949,16,4,ema_ribbon_bounce_short,1.862897880492837,TP3,2023-06-11 21:00:00+00:00,24.12119722283203,270.4682587643294,3180,True
2023-06-11 22:30:00+00:00,21,GBP_AUD,SHORT,1.8652900000000001,1.8684402434034533,1.8632687581474485,1.8632687581474485,1.8632687581474485,156748.2,4,NY,2.0,0.0011606209262757857,22.192848644865236,48.793232198832484,1.8663959693395225,1.8678570904082035,-11.290427950962911,False,0.00010080025635786301,80.9612561017092,-8.059693395223722,0.5,22,6,ema_ribbon_bounce_short,1.8632687581474485,TP3,2023-06-12 06:15:00+00:00,20.212419814999212,316.82604236454597,465,True
2023-06-13 08:30:00+00:00,21,GBP_AUD,SHORT,1.85288,1.8575227891556856,1.849374312057235,1.849374312057235,1.849374312057235,107039.8,4,LONDON,2.0,0.0018728439713825218,16.388630555410572,46.73340485496955,1.8541323605542688,1.8588835445971554,-5.035406697375677,False,-0.0001511154808603337,39.99035027397509,-10.123605542686764,0.18691588785042462,8,1,ema_ribbon_bounce_short,1.8575227891556856,SL,2023-06-13 12:30:00+00:00,-46.427891556855,-496.96322266674485,240,False
2023-06-14 17:00:00+00:00,21,GBP_AUD,SHORT,1.85886,1.8616064958467815,1.8566370171744304,1.8566370171744304,1.8566370171744304,179135.03,5,NY,2.0,0.0012614914127847,45.48478931452083,46.74450663909864,1.860365843775868,1.8601649056437821,-15.802840574437038,False,5.750926623357064e-05,66.803200075485,-12.058437758681873,0.24603174603176423,17,2,ema_ribbon_bounce_short,1.8616064958467815,SL,2023-06-14 17:45:00+00:00,-27.46495846781549,-491.9936159080882,45,False
2023-06-14 21:45:00+00:00,21,GBP_AUD,LONG,1.86309,1.8590844301649336,1.8667850931254342,1.8667850931254342,1.8667850931254342,121599.1,3,NY,2.0,0.001997546562717157,23.991291948029275,53.12816978879597,1.861580908874283,1.8606015152972322,4.616816827314185,False,-0.00013113237931629805,72.91111239348419,12.090911257169878,0.3392857142857532,21,2,ema_ribbon_bounce_long,1.8667850931254342,TP3,2023-06-15 01:15:00+00:00,36.950934293092956,449.320035419924,210,True
2023-06-15 15:45:00+00:00,21,GBP_AUD,SHORT,1.8571199999999999,1.8613948737815311,1.8537741754677408,1.8537741754677408,1.8537741754677408,114989.8,5,OVERLAP,2.0,0.0017929122661295128,16.57993855361136,44.758991671922594,1.858995267275722,1.8599721792502424,-16.175932388100556,False,-0.0002118883634386818,14.086370826135058,-16.35267275722052,0.39130434782625484,15,3,ema_ribbon_bounce_short,1.8537741754677408,TP3,2023-06-15 21:00:00+00:00,33.45824823226138,384.735727257809,315,True
2023-06-16 05:15:00+00:00,21,GBP_AUD,SHORT,1.85731,1.8594037307835143,1.8555387748281704,1.8555387748281704,1.8555387748281704,236617.93,4,ASIAN,2.0,0.001035612585914802,26.031424276475416,45.156117056875416,1.8580763253789592,1.8589886653446035,-8.104733023053257,False,-0.00016917299935736567,17.39340596724783,-4.66325378959187,0.5222222222222469,5,4,ema_ribbon_bounce_short,1.8555387748281704,TP3,2023-06-16 06:15:00+00:00,17.712252466855084,419.1036514344644,60,True
2023-06-19 13:00:00+00:00,21,GBP_AUD,LONG,1.87053,1.8659536665816794,1.8732595866265191,1.8732595866265191,1.8732595866265191,109171.52,4,OVERLAP,2.0,0.0014847933132595824,17.588911952973657,52.49369121405025,1.869080836842585,1.865024038112811,14.246971148510479,False,3.2672810083448755e-05,29.392961047726605,12.091631574149275,0.525773195876225,13,0,ema_ribbon_bounce_long,1.8659536665816794,SL,2023-06-19 16:45:00+00:00,-45.76333418320644,-499.6052753048606,225,False
2023-06-19 20:45:00+00:00,21,GBP_AUD,SHORT,1.86588,1.8683280588166669,1.8642899883458528,1.8642899883458528,1.8642899883458528,202041.39,3,NY,2.0,0.000945005827073598,27.59997029150307,41.53808301782,1.8677789214631761,1.8656026510796206,-24.337714853037706,False,2.636593922115244e-06,39.06158661443035,-15.98921463176195,0.21678321678323306,20,0,ema_ribbon_bounce_short,1.8683280588166669,SL,2023-06-19 21:30:00+00:00,-24.48058816666876,-494.6092061211308,45,False
2023-06-20 20:45:00+00:00,21,GBP_AUD,SHORT,1.8797,1.8788524001485778,1.8778595857062081,1.8778595857062081,1.8778595857062081,577705.53,4,NY,2.0,0.001070207146895849,18.324097108709697,45.50455281982539,1.8800769919294726,1.8737846281329735,-8.873239557980472,False,-6.516329425346748e-05,54.39672801635703,-0.7699192947274724,0.7222222222224963,20,1,ema_ribbon_bounce_short,1.8788524001485778,SL,2023-06-20 21:00:00+00:00,8.475998514221315,489.66312139374384,15,True
2023-06-21 17:45:00+00:00,21,GBP_AUD,SHORT,1.87893,1.8812526461805574,1.8763508314157318,1.8763508314157318,1.8763508314157318,212929.44,4,NY,2.0,0.001439584292134091,28.231024599411437,47.59177503439341,1.880086258398961,1.877506631454484,-12.116330729179392,False,5.3938126130436076e-05,87.81529799827564,-8.56258398961085,0.8378378378377161,17,2,ema_ribbon_bounce_short,1.8763508314157318,TP3,2023-06-22 01:45:00+00:00,25.791687053960626,549.1809481055086,480,True
2023-06-22 09:45:00+00:00,21,GBP_AUD,LONG,1.88249,1.8790151209987271,1.885277612100945,1.885277612100945,1.885277612100945,143904.74,4,LONDON,2.0,0.001513806050472424,23.394271627830747,52.13510795148191,1.8812373901951958,1.8789181049490007,7.033543061276681,False,-0.00015785061071589844,67.39170085457033,10.12609804804221,0.24840764331216228,9,3,ema_ribbon_bounce_long,1.8790151209987271,SL,2023-06-22 11:00:00+00:00,-34.74879001272857,-500.0515592096301,75,False
2023-06-22 18:45:00+00:00,21,GBP_AUD,LONG,1.886,1.8813091227719019,1.8884855078804987,1.8884855078804987,1.8884855078804987,105534.86,4,NY,2.0,0.0013927539402493775,21.25993937496217,53.29437124559778,1.8841449014177114,1.8806365171119355,19.400570986674026,False,-0.00026875509653505856,36.56520705870681,15.550985822885277,0.7142857142853435,18,3,ema_ribbon_bounce_long,1.8884855078804987,TP3,2023-06-23 01:30:00+00:00,24.855081160141815,262.30775105242043,405,True
2023-06-26 03:45:00+00:00,21,GBP_AUD,SHORT,1.90299,1.9017130306907697,1.9008182501115471,1.9008182501115471,1.9008182501115471,389730.69,3,ASIAN,2.0,0.0012358749442264267,26.79043212476477,45.24911599075012,1.9033429414243928,1.8950089650300188,4.942278900166297,False,-0.00031979188869236643,39.7357149743118,-0.5294142439282723,0.45454545454558565,3,0,ema_ribbon_bounce_short,1.9017130306907697,SL,2023-06-26 04:00:00+00:00,12.769693092302692,497.6741299951362,15,True
2023-06-26 19:45:00+00:00,21,GBP_AUD,SHORT,1.9030500000000001,1.9045414301955395,1.9014084736125116,1.9014084736125116,1.9014084736125116,337026.08,4,NY,2.0,0.0009707631937441836,13.721540178786622,43.44276398781589,1.9043747280298937,1.8997033582420138,-15.328108787422412,False,-4.921276513699134e-05,26.322850628402733,-10.247280298936179,0.6276595744679846,19,0,ema_ribbon_bounce_short,1.9045414301955395,SL,2023-06-26 20:45:00+00:00,-14.914301955393228,-502.6508723962515,60,False
2023-06-27 17:30:00+00:00,21,GBP_AUD,LONG,1.90587,1.9009213649575036,1.90876258537553,1.90876258537553,1.90876258537553,100557.9,4,NY,2.0,0.0015962926877649362,38.171588397663946,53.783565655443546,1.9033792947470598,1.900925137243895,21.893116743476604,False,-0.00018637078250148282,7.23282442748324,21.907052529401838,0.3058823529410843,17,1,ema_ribbon_bounce_long,1.90876258537553,TP3,2023-06-28 00:15:00+00:00,28.92585663183661,290.87233985985625,405,True
2023-06-29 10:15:00+00:00,21,GBP_AUD,SHORT,1.9091,1.9124800048891668,1.9065042009425457,1.9065042009425457,1.9065042009425457,148086.5,4,LONDON,2.0,0.0014178995287272144,18.900570443160827,44.152358400537814,1.9107892550709202,1.909577233558186,-7.762823729333679,False,0.00010252886324931489,33.6027056957272,-14.492550709201968,0.5590551181102789,10,3,ema_ribbon_bounce_short,1.9065042009425457,TP3,2023-06-29 11:15:00+00:00,25.95799232743708,384.4028230797011,60,True
2023-06-29 22:30:00+00:00,21,GBP_AUD,SHORT,1.905,1.9086469349364488,1.9030868384283877,1.9030868384283877,1.9030868384283877,138301.65,3,NY,2.0,0.001106580785806204,28.65045454858636,48.822397563865884,1.9061005353561307,1.9079971498134103,-13.911793401881756,False,7.987133498563551e-05,67.78948837945794,-8.005353561306716,0.6274509803923362,22,3,ema_ribbon_bounce_short,1.9086469349364488,SL,2023-06-30 00:15:00+00:00,-36.46934936448742,-504.3771191535062,105,False
2023-06-30 16:15:00+00:00,21,GBP_AUD,SHORT,1.90739,1.9091844361464843,1.9043579172358773,1.9043579172358773,1.9043579172358773,278267.54,4,OVERLAP,2.0,0.0016360413820612689,20.248869363083372,45.44277881380302,1.9079412735397494,1.907624570354661,-12.34505031248112,False,-0.00036470778955189053,11.955707029159704,-3.1127353974946814,0.3364485981309303,16,4,ema_ribbon_bounce_short,1.9043579172358773,TP3,2023-07-02 21:00:00+00:00,30.320828730854522,843.730242169621,3165,True
2023-07-03 10:15:00+00:00,21,GBP_AUD,SHORT,1.90458,1.9079385167143925,1.9016093908440954,1.9016093908440954,1.9016093908440954,151188.96,3,LONDON,2.0,0.0016053045779522248,24.761086946309998,47.52580591978959,1.9058458428033798,1.9068162096191936,5.725946282220118,False,7.205075455808782e-05,70.82058482080711,-10.258428033798062,0.34351145038168845,10,0,ema_ribbon_bounce_short,1.9016093908440954,TP3,2023-07-03 13:45:00+00:00,29.706093523877303,449.12333855377443,210,True
2023-07-03 17:15:00+00:00,21,GBP_AUD,SHORT,1.9013,1.9061838487502398,1.8986493205612485,1.8986493205612485,1.8986493205612485,104888.97,4,NY,2.0,0.0014753397193757536,27.46980788277599,46.207565455510355,1.9034663142239476,1.905803299170145,-13.281006118519567,False,0.0002858407784457123,60.32213680614216,-18.663142239476738,0.5089285714285308,17,0,ema_ribbon_bounce_short,1.90122,TIME,2023-07-04 01:15:00+00:00,0.8000000000008001,8.391117600008393,480,True
2023-07-04 10:30:00+00:00,21,GBP_AUD,SHORT,1.9001,1.903975946242536,1.8971180613740515,1.8971180613740515,1.8971180613740515,132185.99,3,LONDON,2.0,0.0016109693129742727,31.626911677128035,46.6154161108311,1.9015460329308755,1.9037230821475475,3.2483421028972614,False,-0.0001196045673424451,61.87134587717575,-12.060329308756224,0.09909909909895312,10,1,ema_ribbon_bounce_short,1.89967,TIME,2023-07-04 18:30:00+00:00,4.299999999999304,56.8399756999908,480,True
2023-07-05 03:45:00+00:00,21,GBP_AUD,LONG,1.9009,1.8996100493333476,1.9025374729198616,1.9025374729198616,1.9025374729198616,397623.1,4,ASIAN,2.0,0.0009687364599308125,11.160363426454408,55.30110792801022,1.9000554353192938,1.9018808075140932,2.9327896829189903,False,4.80811707871703e-05,36.964502879698664,5.445646807062943,0.24324324324334867,3,2,ema_ribbon_bounce_long,1.8996100493333476,SL,2023-07-05 06:00:00+00:00,-12.899506666523841,-512.9141829213876,135,False
2023-07-05 11:45:00+00:00,21,GBP_AUD,LONG,1.90591,1.9005899080332627,1.9086248854984436,1.9086248854984436,1.9086248854984436,95446.67,5,LONDON,2.0,0.001477442749221813,25.609249695776427,58.41066148522359,1.9029422109645,1.902339971597741,7.539962320752824,False,-0.0001184912474598964,26.714111301546666,27.277890354999723,0.5504587155963079,11,2,ema_ribbon_bounce_long,1.9086248854984436,TP3,2023-07-05 13:45:00+00:00,27.14885782883608,259.1268074065834,120,True
2023-07-05 15:15:00+00:00,21,GBP_AUD,LONG,1.90724,1.9015452223823774,1.91031958341853,1.91031958341853,1.91031958341853,89621.82,5,OVERLAP,2.0,0.001659791709265015,19.944978850332106,55.38243614514631,1.9045647097947946,1.902912930456398,10.933426527850454,False,-0.00013927644286972855,36.463396671084205,24.35290205205387,0.05660377358485428,15,2,ema_ribbon_bounce_long,1.90911,TIME,2023-07-05 23:15:00+00:00,18.700000000000383,167.59280340000345,480,True
2023-07-10 16:30:00+00:00,21,GBP_AUD,LONG,1.92606,1.9215260799588894,1.9288447012707572,1.9288447012707572,1.9288447012707572,112938.08,5,OVERLAP,2.0,0.0015123506353785913,18.649329272619095,54.19697467925456,1.9244709940158127,1.920306112712458,6.081154313710702,False,0.0002215105945033115,63.39530943463816,13.490059841874125,0.04878048780492428,16,0,ema_ribbon_bounce_long,1.9237,TIME,2023-07-11 00:30:00+00:00,-23.600000000001398,-266.5338688000158,480,False
2023-07-12 09:45:00+00:00,21,GBP_AUD,SHORT,1.93102,1.9330458506144266,1.9278184835558334,1.9278184835558334,1.9278184835558334,251443.47,2,LONDON,2.0,0.0017207582220832352,37.11875820614812,47.324572881944846,1.931622380778503,1.929233828264262,-24.465154986017534,False,-0.0002649190131931037,7.102799927342308,-3.6238077850292427,0.0,9,2,ema_ribbon_bounce_short,1.9278184835558334,TP3,2023-07-12 12:30:00+00:00,32.015165714920485,805.0004359984637,165,True
2023-07-14 10:30:00+00:00,21,GBP_AUD,LONG,1.90893,1.9062071654682065,1.9114682112345929,1.9114682112345929,1.9114682112345929,190036.12,3,LONDON,2.0,0.0013891056172964042,23.76069756608777,56.00781981902133,1.9070848200750705,1.9109371729119664,3.311987190404153,False,2.2573809315464812e-05,48.66088404692056,16.051799249294785,0.1626016260162631,10,4,ema_ribbon_bounce_long,1.9114682112345929,TP3,2023-07-14 12:30:00+00:00,25.382113681575312,482.3518401445488,120,True
2023-07-17 19:45:00+00:00,21,GBP_AUD,SHORT,1.9165,1.9185750533854615,1.9147843024652749,1.9147843024652749,1.9147843024652749,251685.3,4,NY,2.0,0.0010078487673625622,21.006004283118678,42.14659960417564,1.918337292989921,1.9160373693908856,-33.002068629717215,False,0.00014127239309172823,55.41182352206089,-15.37292989920891,0.7558139534883451,19,0,ema_ribbon_bounce_short,1.9147843024652749,TP3,2023-07-17 21:15:00+00:00,17.15697602893589,431.81586589355385,90,True
2023-07-17 21:30:00+00:00,21,GBP_AUD,SHORT,1.91631,1.9186425724873806,1.914294881830846,1.914294881830846,1.914294881830846,225750.15,4,NY,2.0,0.0011575590845768757,27.09765120356358,45.15857653386064,1.9179902336855321,1.9160990036658994,-34.03794444496011,False,4.336889260232236e-05,38.79030916565547,-13.80233685532195,0.0530303030303145,21,0,ema_ribbon_bounce_short,1.9186425724873806,SL,2023-07-17 23:45:00+00:00,-23.32572487380613,-526.5785889120465,135,False
2023-07-19 10:00:00+00:00,21,GBP_AUD,SHORT,1.90999,1.9169218573631928,1.9060706857096086,1.9060706857096086,1.9060706857096086,75205.36,5,LONDON,2.0,0.002079657145195747,25.081354790282166,44.5778434866489,1.9132083767187005,1.9158294093163806,-1.5413026828925425,False,0.0004386509616225683,61.97919655553877,-29.783767187003818,0.8706293706293033,10,2,ema_ribbon_bounce_short,1.9060706857096086,TP3,2023-07-19 13:00:00+00:00,39.19314811539761,294.75348135517993,180,True
2023-07-20 21:30:00+00:00,21,GBP_AUD,LONG,1.89739,1.896153919356982,1.8994991529679104,1.8994991529679104,1.8994991529679104,424131.17,3,NY,2.0,0.0012045764839551966,41.27754508877224,57.287664339455006,1.895443552536175,1.9021033196587886,56.01380077188356,False,-0.0002341694423966497,37.00654504225749,16.464474638249182,0.3969072164948023,21,3,ema_ribbon_bounce_long,1.896153919356982,SL,2023-07-20 21:45:00+00:00,-12.360806430178338,-524.2603293375062,15,False
2023-07-21 03:00:00+00:00,21,GBP_AUD,LONG,1.90086,1.8969736911127308,1.9033282743777884,1.9033282743777884,1.9033282743777884,133550.3,4,ASIAN,2.0,0.0013841371888941476,22.68677483665349,55.088880388468105,1.898280155073903,1.9017073662072457,71.13668371348413,False,-0.0002526313267271537,23.221382809078545,22.798449260970077,0.4583333333333719,3,4,ema_ribbon_bounce_long,1.9033282743777884,TP3,2023-07-21 06:00:00+00:00,24.682745626082344,329.63880831869847,180,True
2023-07-21 11:00:00+00:00,21,GBP_AUD,LONG,1.9045,1.8988634061518044,1.9074163316936672,1.9074163316936672,1.9074163316936672,92664.85,3,LONDON,2.0,0.0015781658468335684,23.61777332087127,55.03670794345339,1.901714717592967,1.9019577885501775,-5.025766587345437,False,-0.0002637808594395533,30.205255952626516,25.452824070331115,0.7782426778242915,11,4,ema_ribbon_bounce_long,1.9074163316936672,TP3,2023-07-21 13:15:00+00:00,29.163320083853407,270.24146810722635,135,True
2023-07-24 18:15:00+00:00,21,GBP_AUD,SHORT,1.90147,1.9065009127987895,1.8989429268608793,1.8989429268608793,1.8989429268608793,104358.11,4,NY,2.0,0.001413536569560304,18.653047765389243,47.254415319820204,1.903823586533137,1.9051665894965166,-16.755107805948022,False,0.0003039448229394345,86.24797709374779,-20.535865331370307,0.4923076923078132,18,0,ema_ribbon_bounce_short,1.8989429268608793,TP3,2023-07-24 21:00:00+00:00,25.270733812746826,263.7206019011353,165,True
2023-07-25 11:00:00+00:00,21,GBP_AUD,SHORT,1.89711,1.902058439161596,1.8946079140788117,1.8946079140788117,1.8946079140788117,106630.34,5,LONDON,2.0,0.0013710429605941555,18.462730451501063,46.18113988563681,1.8988880368088694,1.9023929601970133,-2.2252624913976504,False,0.00016117577259178097,68.8507038084984,-15.380368088693253,0.6049382716048605,11,1,ema_ribbon_bounce_short,1.8946079140788117,TP3,2023-07-25 12:15:00+00:00,25.02086155838859,266.7982975063905,75,True
2023-07-25 15:30:00+00:00,21,GBP_AUD,SHORT,1.89518,1.9008365359190094,1.8919505013618718,1.8919505013618718,1.8919505013618718,93753.8,4,OVERLAP,2.0,0.0017347493190641183,26.166994773669806,46.71039281790306,1.8970893488714027,1.9012531866312932,-7.886577402846928,False,7.22769847777688e-05,60.30204962243911,-16.69348871402576,0.27966101694911266,15,1,ema_ribbon_bounce_short,1.89945,TIME,2023-07-25 23:30:00+00:00,-42.69999999999995,-400.3287259999996,480,False
2023-07-27 11:30:00+00:00,21,GBP_AUD,SHORT,1.90633,1.9094003210689292,1.9032874608032968,1.9032874608032968,1.9032874608032968,171421.3,4,LONDON,2.0,0.0016412695983515932,10.81610946895714,49.57605294370609,1.9072717571948408,1.9068072638349585,-1.4373570976178307,False,6.881471375611362e-05,25.530127996849586,-7.017571948406687,0.02247191011250532,11,3,ema_ribbon_bounce_short,1.9032874608032968,TP3,2023-07-27 12:30:00+00:00,30.42539374192257,521.5560548252231,60,True
2023-07-27 19:30:00+00:00,21,GBP_AUD,LONG,1.90844,1.9056288092683416,1.9116195662692235,1.9116195662692235,1.9116195662692235,189077.88,5,NY,2.0,0.0017397831346117828,21.241566636212713,52.98681058360635,1.9071915877489505,1.9068088047700964,21.173973166308535,False,7.651764153772812e-05,26.92195138745322,9.484122510494686,0.4361702127660077,19,3,ema_ribbon_bounce_long,1.9056288092683416,SL,2023-07-27 21:00:00+00:00,-28.11190731658364,-531.5339838176124,90,False
2023-08-03 15:45:00+00:00,21,GBP_AUD,SHORT,1.93888,1.9429786251884378,1.9351797221514893,1.9351797221514893,1.9351797221514893,128389.06,3,OVERLAP,2.0,0.0019701389242553027,22.954533631626802,45.40720209624998,1.940986889417081,1.9380209618617634,-7.833602756388558,False,0.00021070381352565214,7.94019604982882,-18.66889417081019,0.4328358208955026,15,3,ema_ribbon_bounce_short,1.93801,TIME,2023-08-03 23:45:00+00:00,8.699999999999264,111.69848219999055,480,True
2023-08-04 03:30:00+00:00,21,GBP_AUD,SHORT,1.93737,1.9412421307081387,1.9339113614582966,1.9339113614582966,1.9339113614582966,136187.46,4,ASIAN,2.0,0.0018793192708516952,28.02519677220614,49.19788521780683,1.9385423429279396,1.9381665900426013,-15.3707456493124,False,0.0002042849624827415,42.409554077022165,-8.723429279395845,0.27368421052623704,3,4,ema_ribbon_bounce_short,1.93979,TIME,2023-08-04 11:30:00+00:00,-24.199999999998667,-329.57365319998183,480,False
2023-08-06 22:00:00+00:00,21,GBP_AUD,LONG,1.9401599999999999,1.936646544968516,1.9426925237557655,1.9426925237557655,1.9426925237557655,149152.3,4,NY,2.0,0.0014162618778827732,43.17254850085122,56.51746370943788,1.9380593282797312,1.9378176198224568,27.426190627697355,False,-7.75747667751943e-05,32.67564534231237,18.00671720268765,0.583333333333323,22,6,ema_ribbon_bounce_long,1.936646544968516,SL,2023-08-07 01:45:00+00:00,-35.13455031483925,-524.0398988923998,225,False
2023-08-07 10:00:00+00:00,21,GBP_AUD,LONG,1.93853,1.9361629234716506,1.940849572484089,1.940849572484089,1.940849572484089,219173.1,4,LONDON,2.0,0.0012797862420445276,25.78833925535027,56.89216946632657,1.9372274232346511,1.9375339818050759,1.5079679736595963,False,0.00015231450506304452,37.54021758743233,10.625767653489326,0.2751677852349153,10,0,ema_ribbon_bounce_long,1.940849572484089,TP3,2023-08-07 10:45:00+00:00,23.195725899218836,508.38791520820797,45,True
2023-08-08 15:30:00+00:00,21,GBP_AUD,LONG,1.95326,1.9473662922226378,1.9563622313337756,1.9563622313337756,1.9563622313337756,88888.59,5,OVERLAP,2.0,0.0016711156668878398,21.47964614895102,53.20639888961344,1.951592678748778,1.9455180476376117,-0.3186652815445612,False,4.740027728397607e-05,39.08221496645928,14.273212512219136,0.5179856115108293,15,1,ema_ribbon_bounce_long,1.9473662922226378,SL,2023-08-08 21:00:00+00:00,-58.93707777362201,-523.8833742017599,330,False
2023-08-09 05:30:00+00:00,21,GBP_AUD,SHORT,1.94651,1.949698088488268,1.9442190553414929,1.9442190553414929,1.9442190553414929,162681.98,3,ASIAN,2.0,0.0012954723292534802,28.777830167020063,47.65309453040797,1.9480987313038634,1.946721005830715,-41.867712594496616,False,0.00012654257669338716,70.00256172147748,-12.887313038634218,0.23021582733803986,5,2,ema_ribbon_bounce_short,1.9442190553414929,TP3,2023-08-09 06:30:00+00:00,22.909447993306035,372.6954360258053,60,True
2023-08-10 05:15:00+00:00,21,GBP_AUD,SHORT,1.94411,1.9476996245090603,1.9419497617925254,1.9419497617925254,1.9419497617925254,145522.6,3,ASIAN,2.0,0.0012301191037372857,31.16956232516395,45.961856053085775,1.945687292221685,1.9464925066467123,-24.908468446618315,False,6.006387758631239e-05,80.89708576373727,-12.772922216850446,0.28148148148152413,5,3,ema_ribbon_bounce_short,1.9476996245090603,SL,2023-08-10 08:15:00+00:00,-35.896245090603074,-522.3714915821795,180,False
2023-08-10 15:15:00+00:00,21,GBP_AUD,SHORT,1.94086,1.9466768257851017,1.9372890208902072,1.9372890208902072,1.9372890208902072,88905.5,4,OVERLAP,2.0,0.001905489554896409,35.76846210005137,42.69859243915925,1.943577871433812,1.945522188502956,-11.017450723782574,False,2.786398182959434e-05,46.82866581301355,-24.778714338120622,0.09356725146194654,15,3,ema_ribbon_bounce_short,1.94428,TIME,2023-08-10 23:15:00+00:00,-34.19999999999978,-304.0568099999981,480,False
2023-08-11 04:15:00+00:00,21,GBP_AUD,LONG,1.945,1.9428336371458872,1.9471329650244669,1.9471329650244669,1.9471329650244669,237313.53,4,ASIAN,2.0,0.0012164825122334382,25.411869692289464,54.947353008462194,1.9438544789756196,1.9447037980832642,23.14732558509336,False,-3.6236846358081746e-05,71.40837343302105,8.455210243805134,0.6081081081080392,4,4,ema_ribbon_bounce_long,1.9471329650244669,TP3,2023-08-11 06:00:00+00:00,21.329651143464254,506.1814806524039,105,True
2023-08-11 09:15:00+00:00,21,GBP_AUD,LONG,1.94752,1.9434085829728696,1.9503636878053237,1.9503636878053237,1.9503636878053237,126274.96,4,LONDON,2.0,0.001541843902661893,40.19208162247473,56.82299460130614,1.945527130978072,1.9450697705594668,-6.05891123089064,False,-1.6399383229379928e-05,29.76310138773785,17.528690219279497,0.04545454545459133,9,4,ema_ribbon_bounce_long,1.9503636878053237,TP3,2023-08-11 12:00:00+00:00,28.436880305218114,359.08659230662056,165,True
2023-08-14 15:45:00+00:00,21,GBP_AUD,SHORT,1.95324,1.9558947275324108,1.950280303963686,1.950280303963686,1.950280303963686,196916.59,4,OVERLAP,2.0,0.0015998480181570708,22.186495722076984,44.54794157455521,1.9549661975039965,1.9520733833069415,-8.561308125232259,False,0.00013094220127583432,71.48794763927377,-14.86197503996367,0.8609271523178428,15,0,ema_ribbon_bounce_short,1.9558947275324108,SL,2023-08-14 18:00:00+00:00,-26.547275324106945,-522.7598930614284,135,False
2023-08-21 04:30:00+00:00,21,GBP_AUD,LONG,1.98885,1.9865349382094415,1.9910876566276774,1.9910876566276774,1.9910876566276774,223550.1,4,ASIAN,2.0,0.001268828313838686,23.716087046016277,53.15205812254723,1.9879875394163606,1.9857939003213194,3.8580237841689957,False,3.689431310129477e-05,36.926219658736585,5.624605836394014,0.46874999999996747,4,0,ema_ribbon_bounce_long,1.9865349382094415,SL,2023-08-21 09:00:00+00:00,-23.150617905585147,-517.532294785535,270,False
2023-08-21 10:30:00+00:00,21,GBP_AUD,SHORT,1.98676,1.9892602999005962,1.984256256640678,1.984256256640678,1.984256256640678,204918.21,4,LONDON,2.0,0.0013718716796609807,39.56364842605683,45.46668565557374,1.9879340813144357,1.986283717364338,-2.508867770587564,False,-0.00010165463421288529,83.26287560725751,-9.340813144356197,0.46153846153833017,10,0,ema_ribbon_bounce_short,1.9892602999005962,SL,2023-08-21 10:45:00+00:00,-25.00299900596081,-512.3569800933269,15,False
2023-08-21 17:30:00+00:00,21,GBP_AUD,LONG,1.99068,1.9874969733962982,1.9928375189822063,1.9928375189822063,1.9928375189822063,159355.69,4,NY,2.0,0.0012287594911031536,28.94877770272888,52.67806974881305,1.9893276083393565,1.9871325297850104,15.565951344784779,False,-9.79375726521427e-05,14.421052631583967,10.523916606435257,0.5172413793104592,17,0,ema_ribbon_bounce_long,1.9874969733962982,SL,2023-08-21 19:30:00+00:00,-31.83026603701844,-507.23340072126393,120,False
2023-08-22 15:15:00+00:00,21,GBP_AUD,SHORT,1.98119,1.9873718649629022,1.9780118821788195,1.9780118821788195,1.9780118821788195,81231.32,4,OVERLAP,2.0,0.0017090589105903061,23.03714761731493,45.63463375170798,1.9838507627776445,1.9863521220653182,-5.722196076638486,False,0.00027399800159416524,39.10448844563626,-24.207627776444696,0.5999999999998386,15,1,ema_ribbon_bounce_short,1.98104,TIME,2023-08-22 23:15:00+00:00,1.500000000000945,12.184698000007678,480,True
2023-08-24 17:00:00+00:00,21,GBP_AUD,SHORT,1.96315,1.9672168998976676,1.960595446138274,1.960595446138274,1.960595446138274,123505.11,5,NY,2.0,0.0014272769308629962,21.62732352779321,43.762510858627515,1.9646600239868142,1.969712217942209,-14.933045849814253,False,-0.00010617637192144248,20.147204992180146,-12.10023986814246,0.6888888888889803,17,3,ema_ribbon_bounce_short,1.96174,TIME,2023-08-25 01:00:00+00:00,14.099999999999111,174.14220509998904,480,True
2023-08-25 10:00:00+00:00,21,GBP_AUD,SHORT,1.95957,1.963446191133488,1.9573295194562554,1.9573295194562554,1.9573295194562554,130030.83,5,LONDON,2.0,0.0012402402718722787,20.45289230641262,47.89284471010257,1.960814580670248,1.9655226038629017,1.6919607924403834,False,0.00010032763449492046,70.54883394746064,-10.045806702478899,0.3249999999999445,10,4,ema_ribbon_bounce_short,1.963446191133488,SL,2023-08-25 11:45:00+00:00,-38.761911334879166,-504.02435032607457,105,False
2023-08-25 16:15:00+00:00,21,GBP_AUD,LONG,1.96393,1.9609105427325133,1.9673362983512594,1.9673362983512594,1.9673362983512594,165256.22,3,OVERLAP,2.0,0.001823149175629732,33.95981383411537,51.944646718445156,1.9626132981858282,1.9650714976723693,1.6398616377522046,False,-0.0002786635270292594,46.31068878947309,10.767018141717433,0.5588235294114958,16,4,ema_ribbon_bounce_long,1.9609105427325133,SL,2023-08-25 18:30:00+00:00,-30.194572674866468,-498.9840944763722,135,False
2023-08-25 20:00:00+00:00,21,GBP_AUD,LONG,1.96361,1.9614836058894214,1.965838177441891,1.965838177441891,1.965838177441891,232315.48,3,NY,2.0,0.0012640887209453917,20.22941762944028,52.843815208415776,1.9626764793610052,1.9647559851020517,-0.9622765479888606,False,-5.631959288168506e-05,78.03620312357098,6.335206389949111,0.5517241379309816,20,4,ema_ribbon_bounce_long,1.9614836058894214,SL,2023-08-27 21:30:00+00:00,-21.263941105786884,-493.99426846826117,2970,False
2023-08-28 04:45:00+00:00,21,GBP_AUD,SHORT,1.9593,1.9628341410917498,1.957422668931852,1.957422668931852,1.957422668931852,138379.96,5,ASIAN,2.0,0.0010886655340741015,37.86554354659822,44.8170960088914,1.9610297733281694,1.9636174078920787,-29.640361849176955,False,0.00018093097829910692,69.52416186600624,-14.297733281694036,0.7710843373492654,4,0,ema_ribbon_bounce_short,1.9628341410917498,SL,2023-08-28 07:00:00+00:00,-35.34141091749765,-489.0543029106888,135,False
2023-08-28 08:30:00+00:00,21,GBP_AUD,LONG,1.96233,1.960513956358144,1.9644196853979379,1.9644196853979379,1.9644196853979379,266603.6,3,LONDON,2.0,0.001164842698968945,32.96851464072093,56.114130110757,1.9612825346209024,1.96331353297116,-3.4815861755843613,False,0.00023684101779951046,35.0162704510512,8.074653790974828,0.26470588235314607,8,0,ema_ribbon_bounce_long,1.960513956358144,SL,2023-08-28 12:30:00+00:00,-18.160436418559467,-484.16377267590605,240,False
2023-08-30 11:45:00+00:00,21,GBP_AUD,LONG,1.95697,1.9531097723092803,1.9595224711981296,1.9595224711981296,1.9595224711981296,124169.4,4,LONDON,2.0,0.001396235599064773,34.34931939359044,57.79750902046997,1.9542833732099603,1.9563086079715397,2.805057963861657,False,-0.00022519008801740402,37.12915517014651,24.466267900398186,0.9404761904762015,11,2,ema_ribbon_bounce_long,1.9531097723092803,SL,2023-08-30 12:45:00+00:00,-38.60227690719808,-479.3221562200642,60,False
2023-08-31 03:45:00+00:00,21,GBP_AUD,LONG,1.9616799999999999,1.9580656454344518,1.9635852447121351,1.9635852447121351,1.9635852447121351,131290.08,4,ASIAN,2.0,0.0011026223560676026,29.204355154848066,53.100471803340895,1.9605764614395587,1.958427989669839,35.07020069253741,False,0.00013487755923021448,91.57060653770992,8.035385604412415,0.8787878787874404,3,3,ema_ribbon_bounce_long,1.9580656454344518,SL,2023-08-31 11:15:00+00:00,-36.14354565548039,-474.52890005916726,450,False
2023-08-31 16:00:00+00:00,21,GBP_AUD,SHORT,1.95695,1.9608264074235602,1.9534458707263902,1.9534458707263902,1.9534458707263902,121190.47,5,OVERLAP,2.0,0.0018720646368048967,22.890588444942097,47.16217149791829,1.958689333307337,1.9586777449785902,-7.921284606484669,False,0.00026063342524523553,60.95571095571221,-14.993333073369808,0.8064516129031242,16,3,ema_ribbon_bounce_short,1.9534458707263902,TP3,2023-08-31 21:00:00+00:00,35.04129562752081,424.66710865081916,300,True
