timestamp,strategy_id,pair,signal_direction,entry_price,sl_price,tp1_price,tp2_price,tp3_price,lot_size,confluence_score,session,spread_at_entry,atr_at_entry,adx_at_entry,rsi_at_entry,ema_50_value,ema_200_value,vwap_deviation,news_within_60min,macd_hist_at_entry,stoch_k_at_entry,distance_from_ema50_pips,candle_body_ratio,hour_of_day,day_of_week,entry_pattern,exit_price,exit_reason,exit_time,pnl_pips,pnl_dollars,hold_time_minutes,win
2021-01-05 21:15:00+00:00,21,GBP_USD,LONG,1.36273,1.359380745569759,1.364617160379074,1.364617160379074,1.364617160379074,298573.91,3,NY,1.5,0.0010685801895370661,19.574035177743543,54.823203789953325,1.3608972286225338,1.3613281002787236,31.399114252399496,False,-0.00021378969757792667,22.55656221173317,15.827713774660968,0.7692307692306817,21,1,ema_ribbon_bounce_long,1.364617160379074,TP3,2021-01-06 00:45:00+00:00,18.87160442279796,563.456872048808,210,True
2021-01-06 12:15:00+00:00,21,GBP_USD,LONG,1.3651200000000001,1.361135131179271,1.3675414624743258,1.3675414624743258,1.3675414624743258,252363.28,3,LONDON,1.5,0.0013057312371629732,26.043015035863622,53.192695002267996,1.3634955718817763,1.362113247993286,2.174611848044794,False,-0.00013582817838138817,14.554732178364238,14.344281182236962,0.5840707964600343,12,2,ema_ribbon_bounce_long,1.361135131179271,SL,2021-01-06 12:45:00+00:00,-39.84868820729126,-1005.6345659689342,30,False
2021-01-06 22:00:00+00:00,21,GBP_USD,SHORT,1.3603999999999998,1.3622445258735076,1.3582611023577449,1.3582611023577449,1.3582611023577449,539747.5,5,NY,1.5,0.0011944488211275148,12.925391572600532,50.129315921992884,1.3608045132870918,1.3613549541591603,-0.4132601555295601,False,-1.0540214157001395e-06,26.435040959962862,-1.5451328709192858,0.0,22,2,ema_ribbon_bounce_short,1.3622445258735076,SL,2021-01-06 23:30:00+00:00,-18.445258735078074,-995.5782289111553,90,False
2021-01-07 04:45:00+00:00,21,GBP_USD,SHORT,1.35948,1.3618398049960385,1.3578825480053867,1.3578825480053867,1.3578825480053867,417671.14,5,ASIAN,1.5,0.0009237259973067723,23.39514529482164,44.93399195835422,1.3606783080507499,1.361220639530031,-9.813288838274037,False,-6.929320075630416e-06,64.5092871070365,-9.483080507497466,0.831460674157208,4,3,ema_ribbon_bounce_short,1.3578825480053867,TP3,2021-01-07 06:00:00+00:00,15.974520328600086,667.2096116599573,75,True
2021-01-07 11:30:00+00:00,21,GBP_USD,SHORT,1.3576199999999998,1.3615011907821666,1.35492528821593,1.35492528821593,1.35492528821593,255667.55,4,LONDON,1.5,0.0014423558920350153,26.76805898987663,43.95888786833308,1.3594543205184775,1.3606657131331594,-15.006380979520895,False,-0.00021398431641138956,38.56910919828374,-16.443205184775156,0.2139037433154801,11,3,ema_ribbon_bounce_short,1.35492528821593,TP3,2021-01-07 15:15:00+00:00,26.947118894689343,688.9503867363933,225,True
2021-01-07 20:30:00+00:00,21,GBP_USD,SHORT,1.35611,1.3596613493832048,1.3538369932708065,1.3538369932708065,1.3538369932708065,281353.35,5,NY,1.5,0.0012615033645967603,17.028675630666726,48.127774578199336,1.3573335259036698,1.3595328854526074,-15.570247488827516,False,0.00019979704347707408,32.32712681686284,-9.735259036698363,0.7971014492753437,20,3,ema_ribbon_bounce_short,1.3538369932708065,TP3,2021-01-08 01:15:00+00:00,22.73006809981724,639.5180805611715,285,True
2021-01-08 20:45:00+00:00,21,GBP_USD,SHORT,1.35597,1.3589986749085647,1.3535649247156911,1.3535649247156911,1.3535649247156911,332019.53,4,NY,1.5,0.0013275376421544023,12.881288251488114,44.451137273002125,1.3574857030661436,1.358256683880913,-22.56090129747035,False,4.3574682282279177e-05,51.26789935831925,-12.657030661435975,0.5500000000001111,20,4,ema_ribbon_bounce_short,1.3535649247156911,TP3,2021-01-10 23:00:00+00:00,24.050753567465428,798.5319895615695,3015,True
2021-01-12 02:15:00+00:00,21,GBP_USD,LONG,1.3524100000000001,1.3506426156952573,1.354054747666431,1.354054747666431,1.354054747666431,573482.82,4,ASIAN,1.5,0.0009473738332155523,20.283919242501575,53.499599252298374,1.3513320322896345,1.3531354135015157,29.638171388941537,False,-7.960547890516835e-06,64.26575182887422,8.279677103655292,0.8965517241380234,2,1,ema_ribbon_bounce_long,1.354054747666431,TP3,2021-01-12 05:45:00+00:00,16.447476951109493,943.2345463807275,210,True
2021-01-13 18:15:00+00:00,21,GBP_USD,SHORT,1.36367,1.3662789140227192,1.361279209507585,1.361279209507585,1.361279209507585,392115.98,3,NY,1.5,0.0013203952462075839,29.73340542375471,44.80898351704394,1.3656187518397036,1.362371423024836,-24.526689128090418,False,0.00014240241009800723,86.7541818987486,-16.987518397035828,0.8251748251747719,18,2,ema_ribbon_bounce_short,1.36308,TIME,2021-01-14 02:15:00+00:00,5.899999999998683,231.3484281999484,480,True
2021-01-14 04:30:00+00:00,21,GBP_USD,SHORT,1.36334,1.365228257918145,1.3619581600970274,1.3619581600970274,1.3619581600970274,542992.76,4,ASIAN,1.5,0.0008159199514863535,29.408116799738306,45.44003812659592,1.3643174642891553,1.3629071233549301,-21.852528949088956,False,-6.115905423078443e-05,75.122438780617,-7.274642891552663,0.8545454545453224,4,3,ema_ribbon_bounce_short,1.365228257918145,SL,2021-01-14 07:30:00+00:00,-18.882579181449533,-1025.3103785653823,180,False
2021-01-14 12:00:00+00:00,21,GBP_USD,LONG,1.3657100000000002,1.3634454666120934,1.3677046553731786,1.3677046553731786,1.3677046553731786,448241.25,5,LONDON,1.5,0.0010923276865892474,17.791492304890554,55.55733080583434,1.3646327830760303,1.3633579212921343,1.2553374366119918,False,-4.297149009109305e-05,46.74674674674451,8.87216923969758,0.8588235294118877,12,3,ema_ribbon_bounce_long,1.3634454666120934,SL,2021-01-14 12:45:00+00:00,-22.645333879067753,-1015.0572764620679,45,False
2021-01-14 19:00:00+00:00,21,GBP_USD,LONG,1.3679400000000002,1.3640915138697043,1.3702634273266852,1.3702634273266852,1.3702634273266852,261117.4,5,NY,1.5,0.0012867136633425641,36.657241859577795,55.63287454937244,1.3660627316883305,1.3640912733830974,19.83963116605869,False,-0.00013231644359287093,16.30225821318488,16.27268311669594,0.6031746031747655,19,3,ema_ribbon_bounce_long,1.36835,TIME,2021-01-15 03:00:00+00:00,4.099999999997993,107.05813399994761,480,True
2021-01-18 23:45:00+00:00,21,GBP_USD,LONG,1.3584500000000002,1.3573295132264864,1.3591201157716313,1.3591201157716313,1.3591201157716313,897803.79,4,NY,1.5,0.0004600578858156242,46.39287221364258,54.29358968885667,1.3575768627419011,1.3592848917341787,25.5601294732255,False,-0.00014262484350513558,50.37593984963487,6.2313725809892695,0.36363636363673063,23,0,ema_ribbon_bounce_long,1.3591201157716313,TP3,2021-01-19 00:15:00+00:00,6.701157790950635,601.6324862103509,30,True
2021-01-19 13:30:00+00:00,21,GBP_USD,LONG,1.36173,1.3588601475839257,1.3633604266926107,1.3633604266926107,1.3633604266926107,352629.14,4,OVERLAP,1.5,0.0009102133463054094,15.753716905674072,54.18660913677508,1.3605397478934718,1.359874556217639,5.954727626640288,False,-7.13411668598701e-05,62.75446775447241,10.0025210652821,0.5731707317072511,13,1,ema_ribbon_bounce_long,1.3633604266926107,TP3,2021-01-19 19:45:00+00:00,16.30426738846899,574.9359787525866,375,True
2021-01-20 17:00:00+00:00,21,GBP_USD,SHORT,1.36466,1.3665056759428813,1.3620455918869774,1.3620455918869774,1.3620455918869774,551420.18,2,NY,1.5,0.0014322040565113226,24.35226073267713,45.23822623593445,1.3659893085425492,1.3635288791496478,-20.744831782173456,False,-2.305266007258651e-05,82.77826180639771,-10.793085425491178,0.6950354609928285,17,2,ema_ribbon_bounce_short,1.3665056759428813,SL,2021-01-20 23:00:00+00:00,-18.456759428813196,-1017.7429606452871,360,False
2021-01-21 00:30:00+00:00,21,GBP_USD,LONG,1.36654,1.3644934475441906,1.3677327517393345,1.3677327517393345,1.3677327517393345,492323.34,5,ASIAN,1.5,0.0007213758696672372,24.912406268782128,55.4313966822807,1.3656635619681463,1.3639924463972402,-3.30016337555028,False,9.992328601848442e-05,32.21084459938029,6.264380318536933,0.2830188679247496,0,3,ema_ribbon_bounce_long,1.3677327517393345,TP3,2021-01-21 01:00:00+00:00,11.927517635614187,587.2195320274479,30,True
2021-01-21 17:45:00+00:00,21,GBP_USD,SHORT,1.3707399999999998,1.370872730678029,1.3686978125010145,1.3686978125010145,1.3686978125010145,7635293.83,4,NY,1.5,0.0011460937494926818,25.834993996750534,44.38744077824097,1.3712309805958172,1.3674767404466575,-12.586412702693117,False,-0.00023865567904253972,22.089573240464755,-2.4098059581723064,0.11538461538480152,17,3,ema_ribbon_bounce_short,1.370872730678029,SL,2021-01-21 18:00:00+00:00,-1.3273067802921368,-1013.4377270081718,15,False
2021-01-21 19:15:00+00:00,21,GBP_USD,LONG,1.37242,1.3688782460804763,1.3742099026566563,1.3742099026566563,1.3742099026566563,283278.67,4,NY,1.5,0.0010199513283282206,24.125787122820515,54.63224833842265,1.371237388108504,1.3676956172395747,-0.21188984039799408,False,-4.899647491949646e-06,75.3293053231722,9.326118914958492,0.41509433962261383,19,3,ema_ribbon_bounce_long,1.37147,TIME,2021-01-22 03:15:00+00:00,-9.500000000000064,-269.1147365000018,480,False
2021-01-22 12:15:00+00:00,21,GBP_USD,SHORT,1.3669099999999998,1.3706278229426176,1.3649576293998136,1.3649576293998136,1.3649576293998136,269139.28,3,LONDON,1.5,0.0010711853000931835,22.10370820587718,45.30426565170631,1.3687796637954648,1.3687862427477409,2.132198459958712,False,0.00022281967964824173,65.65391983495057,-16.79663795464803,0.1216216216215243,12,4,ema_ribbon_bounce_short,1.3649576293998136,TP3,2021-01-22 13:15:00+00:00,19.52370672727543,525.4596371510067,60,True
2021-01-22 20:30:00+00:00,21,GBP_USD,LONG,1.36861,1.367561949894226,1.3700532163963326,1.3700532163963326,1.3700532163963326,959750.68,5,NY,1.5,0.0008466081981663371,28.887509806656205,56.16958799008596,1.367746839642088,1.3683064411255732,17.492325038130918,False,-2.401969367274892e-07,30.50452926494395,6.131603579120348,0.7777777777780519,20,4,ema_ribbon_bounce_long,1.367561949894226,SL,2021-01-24 22:00:00+00:00,-10.480501057741343,-1005.8668016907974,2970,False
2021-01-25 00:15:00+00:00,21,GBP_USD,LONG,1.36891,1.367659607957923,1.3700829959407221,1.3700829959407221,1.3700829959407221,796396.73,5,ASIAN,1.5,0.000711497970361123,19.118886167478806,56.468868119878515,1.3679866496459248,1.3682995889088152,18.139487344073224,False,1.153127950212588e-05,56.57508840297879,6.733503540752306,0.4687499999998048,0,0,ema_ribbon_bounce_long,1.3700829959407221,TP3,2021-01-25 02:45:00+00:00,11.729959554508548,934.1701432242864,150,True
2021-01-25 12:00:00+00:00,21,GBP_USD,SHORT,1.3678899999999998,1.370122998365754,1.3660536264962202,1.3660536264962202,1.3660536264962202,450134.6,4,LONDON,1.5,0.0010131867518899005,28.35023636560909,42.31231052182892,1.3692367186244612,1.3687976790551668,-7.575827711086003,False,-1.3149577736491194e-05,35.35961133004653,-11.56718624461206,0.771929824561301,12,0,ema_ribbon_bounce_short,1.3660536264962202,TP3,2021-01-25 14:45:00+00:00,18.36373544575729,826.6152709381779,165,True
2021-01-25 17:00:00+00:00,21,GBP_USD,SHORT,1.36642,1.3696644256019725,1.3641756955890632,1.3641756955890632,1.3641756955890632,312356.06,2,NY,1.5,0.0012471522054684392,20.927448029994785,45.53124537935298,1.367960938280453,1.3684817655788548,-9.408683564253728,False,2.345420671991073e-05,67.19636655658029,-12.909382804529024,0.18181818181823425,17,0,ema_ribbon_bounce_short,1.36658,TIME,2021-01-26 01:00:00+00:00,-1.5999999999993797,-49.97696959998063,480,False
2021-01-27 16:00:00+00:00,21,GBP_USD,SHORT,1.3694,1.3729476910851068,1.3665948154592187,1.3665948154592187,1.3665948154592187,285514.21,3,OVERLAP,1.5,0.0014975922703907103,32.018333477727786,45.83064932107695,1.3712849315190112,1.3706497025027284,-9.528203416218073,False,0.0002030537564057973,77.94425440410106,-16.949315190111225,0.7171717171716718,16,2,ema_ribbon_bounce_short,1.3729476910851068,SL,2021-01-27 19:00:00+00:00,-35.47691085106885,-1012.9162174883353,180,False
2021-01-27 21:45:00+00:00,21,GBP_USD,SHORT,1.36821,1.3722286251385791,1.365728480250136,1.365728480250136,1.365728480250136,249534.86,4,NY,1.5,0.0013657598749320086,22.296992621804588,43.5499626164842,1.3703636885275774,1.3704972407346407,-18.09231753187701,False,-0.00011103920179248241,78.94533193300232,-19.03688527577385,0.9304347826086251,21,2,ema_ribbon_bounce_short,1.365728480250136,TP3,2021-01-28 00:15:00+00:00,24.815198493098073,619.2257081847438,150,True
2021-01-28 02:15:00+00:00,21,GBP_USD,SHORT,1.36699,1.3709059018193182,1.3650062928200686,1.3650062928200686,1.3650062928200686,257662.05,5,ASIAN,1.5,0.001116853589965726,32.656480372462646,45.67147079515324,1.3687792677551571,1.3699755625774248,-26.597526022595908,False,0.00015468821002770057,67.95629718362237,-15.392677551571143,0.6229508196722088,2,3,ema_ribbon_bounce_short,1.3650062928200686,TP3,2021-01-28 07:15:00+00:00,19.837072569200703,511.12607841790197,300,True
2021-01-28 12:30:00+00:00,21,GBP_USD,SHORT,1.36425,1.368819130096969,1.3619463244906203,1.3619463244906203,1.3619463244906203,221943.9,4,LONDON,1.5,0.0012468377546899735,20.629670225412326,43.38630131559405,1.3662856595540203,1.3686067842102556,-6.311361886564004,False,2.8288235228697697e-05,30.364970212961307,-18.456595540201626,0.645833333333298,12,3,ema_ribbon_bounce_short,1.368819130096969,SL,2021-01-28 14:00:00+00:00,-45.691300969690204,-1014.0905533286826,90,False
2021-01-29 17:00:00+00:00,21,GBP_USD,LONG,1.3729900000000002,1.3692749748930997,1.3760700438620246,1.3760700438620246,1.3760700438620246,270240.34,4,NY,1.5,0.0016650219310122493,24.74655209826417,53.867796819217816,1.3714387181457204,1.3704324629827556,18.725211946426512,False,-0.00011090046553806528,70.96424010217198,13.0128185427969,0.3840000000000369,17,4,ema_ribbon_bounce_long,1.3692749748930997,SL,2021-01-29 21:30:00+00:00,-37.15025106900471,-1003.9496479973199,270,False
2021-01-31 22:15:00+00:00,21,GBP_USD,SHORT,1.37014,1.3718560788456196,1.3683055692681814,1.3683055692681814,1.3683055692681814,579175.12,4,NY,1.5,0.0010422153659093484,31.503098798965905,47.784568197143024,1.3709154376899433,1.3704641356071885,-4.4851548089486215,False,-2.5458741633599e-05,80.53184035050172,-5.254376899432867,0.09756097560984855,22,6,ema_ribbon_bounce_short,1.3718560788456196,SL,2021-02-01 01:15:00+00:00,-17.160788456196396,-993.9101713412163,180,False
2021-02-01 19:30:00+00:00,21,GBP_USD,SHORT,1.3676499999999998,1.371166209169083,1.3658604608473073,1.3658604608473073,1.3658604608473073,279838.6,4,NY,1.5,0.0010197695763463496,18.69211819505164,47.303898561826394,1.3692076681483751,1.3704584585954316,-20.496959569673567,False,0.00022494823634261365,57.52285734226652,-13.076681483752406,0.03508771929847798,19,0,ema_ribbon_bounce_short,1.3658604608473073,TP3,2021-02-01 20:30:00+00:00,17.895392166415064,500.78214903005585,60,True
2021-02-02 05:00:00+00:00,21,GBP_USD,SHORT,1.3679599999999998,1.3695488060731538,1.3669953911713006,1.3669953911713006,1.3669953911713006,622466.71,5,ASIAN,1.5,0.0006073044143496247,35.82255206097428,48.004993003736956,1.3683385948215687,1.3696081758138916,-12.966111769123767,False,-0.00013026794111047828,8.898074858851507,-1.2859482156879487,0.5357142857149371,5,1,ema_ribbon_bounce_short,1.3695488060731538,SL,2021-02-02 08:15:00+00:00,-15.888060731539255,-988.9788891841433,195,False
2021-02-02 18:45:00+00:00,21,GBP_USD,SHORT,1.36452,1.367979938989965,1.3627640554782656,1.3627640554782656,1.3627640554782656,282978.72,5,NY,1.5,0.0010029722608671935,26.8286423857772,48.135271882750054,1.3658276602599368,1.36819509856787,-12.536117237449407,False,0.00027540505541039334,61.896020009224095,-10.576602599368101,0.7761194029849163,18,1,ema_ribbon_bounce_short,1.367979938989965,SL,2021-02-03 01:15:00+00:00,-34.59938989964994,-979.0891066583869,390,False
2021-02-03 22:00:00+00:00,21,GBP_USD,SHORT,1.3636199999999998,1.3658447041603134,1.3623777465101647,1.3623777465101647,1.3623777465101647,435697.58,5,NY,1.5,0.0007461267449176344,20.41339882854155,45.75416494899605,1.3645421062529415,1.3661373799346965,-7.9198116161216525,False,1.4627595781402803e-05,62.70827959661752,-6.721062529415622,0.8474576271187971,22,2,ema_ribbon_bounce_short,1.3623777465101647,TP3,2021-02-04 03:15:00+00:00,12.42253518346917,541.2468516902373,315,True
2021-02-04 17:30:00+00:00,21,GBP_USD,LONG,1.36627,1.3623975598612819,1.3684632054450658,1.3684632054450658,1.3684632054450658,251704.52,3,NY,1.5,0.0012216027225328907,15.152514286498644,56.355933507832084,1.3639597833308097,1.3644059527601966,27.163337978326485,False,-0.00032301793090533447,41.542358999982774,20.60216669190318,0.6315789473685748,17,3,ema_ribbon_bounce_long,1.3684632054450658,TP3,2021-02-05 00:30:00+00:00,21.932055321998682,552.0397457437124,420,True
2021-02-08 06:30:00+00:00,21,GBP_USD,SHORT,1.37231,1.3719820154047906,1.3715789396950744,1.3715789396950744,1.3715789396950744,2988649.74,4,ASIAN,1.5,0.0004905301524627644,25.655165601321166,44.79760903866016,1.372645492612318,1.3696297922101015,10.224892681056641,False,-5.5937551187205744e-05,18.76216649488957,-0.8549261231793892,0.1578947368419515,6,0,ema_ribbon_bounce_short,1.3719820154047906,SL,2021-02-08 06:45:00+00:00,3.2798459520932965,980.2310751963684,15,True
2021-02-10 16:15:00+00:00,21,GBP_USD,LONG,1.3847,1.3810801469130007,1.3866832303998848,1.3866832303998848,1.3866832303998848,273500.98,4,OVERLAP,1.5,0.001086615199942428,30.305223412962164,51.63473046500222,1.383631013188804,1.3795207801143856,1.0228290473968116,False,-8.0138027971272e-05,33.006342309126154,8.789868111958032,0.18987341772162217,16,2,ema_ribbon_bounce_long,1.38261,TIME,2021-02-11 00:15:00+00:00,-20.900000000001473,-571.6170482000402,480,False
2021-02-11 12:30:00+00:00,21,GBP_USD,SHORT,1.3823699999999999,1.3839027397492398,1.3810635313731079,1.3810635313731079,1.3810635313731079,642194.62,3,LONDON,1.5,0.0007482343134461096,24.863119464693856,44.522218608557715,1.3832658205086146,1.3817143833168928,-0.5435395537456422,False,3.463397748294778e-05,45.721349400043295,-7.05820508614563,0.34246575342471586,12,3,ema_ribbon_bounce_short,1.3839027397492398,SL,2021-02-11 13:00:00+00:00,-15.327397492399529,-984.3172208220469,30,False
2021-02-11 21:45:00+00:00,21,GBP_USD,SHORT,1.3811799999999999,1.3830377160312617,1.3800980504393536,1.3800980504393536,1.3800980504393536,524554.9,3,NY,1.5,0.0006659747803231513,15.757612805018221,48.59109093817757,1.3819427739574774,1.3817161359227066,-6.840441781985618,False,0.0001167945280084013,48.640578343546714,-5.127739574775081,0.1636363636366132,21,3,ema_ribbon_bounce_short,1.3800980504393536,TP3,2021-02-12 02:00:00+00:00,10.819495812722726,567.5419544093189,255,True
2021-02-16 17:00:00+00:00,21,GBP_USD,SHORT,1.39031,1.3925225281452516,1.387945158320107,1.387945158320107,1.387945158320107,442999.77,3,NY,1.5,0.0013074208399465046,36.113038429107135,48.76057773813144,1.3912955958148157,1.3896273936958554,-3.1923990619664444,False,0.0003128740049651974,37.04846673596783,-7.355958148156372,0.318181818181887,17,1,ema_ribbon_bounce_short,1.387945158320107,TP3,2021-02-17 00:15:00+00:00,23.64841733275384,1047.6243439273967,435,True
2021-02-22 12:45:00+00:00,21,GBP_USD,LONG,1.4030300000000002,1.3998199342041564,1.4051303223532179,1.4051303223532179,1.4051303223532179,308599.81,5,LONDON,1.5,0.0011451611766089176,28.190429712660972,55.328621337531594,1.4017329005380135,1.3987386715266936,13.371221703999403,False,4.664809533486467e-05,34.94606378948924,11.070994619866159,0.8153846153846127,12,0,ema_ribbon_bounce_long,1.4051303223532179,TP3,2021-02-22 15:00:00+00:00,21.00322421277407,648.1591001449478,135,True
2021-02-23 17:00:00+00:00,21,GBP_USD,LONG,1.40975,1.4059903462175787,1.4119532322632578,1.4119532322632578,1.4119532322632578,265212.53,4,NY,1.5,0.001226616131628942,18.38106048946754,54.434344800897236,1.4082900267697542,1.404779033708509,10.23030509760936,False,0.00010146684789158418,18.829300196209285,12.099732302457422,0.4042553191490116,17,1,ema_ribbon_bounce_long,1.4119532322632578,TP3,2021-02-23 23:30:00+00:00,22.032323463319074,584.3248247485215,390,True
2021-02-24 17:45:00+00:00,21,GBP_USD,SHORT,1.40986,1.4139225263128923,1.4072157070623785,1.4072157070623785,1.4072157070623785,246878.53,4,NY,1.5,0.0014471464688107154,30.176056065586838,42.40618746525535,1.4125961845378443,1.410262011503634,-28.196333991346023,False,0.00020569121767436967,75.73782204027266,-24.86184537844327,0.8993288590604877,17,2,ema_ribbon_bounce_short,1.4139225263128923,SL,2021-02-24 21:00:00+00:00,-40.62526312892389,-1002.9505242131931,195,False
2021-02-25 12:15:00+00:00,21,GBP_USD,SHORT,1.41373,1.4156162227475078,1.4111803212985916,1.4111803212985916,1.4111803212985916,526407.1,3,LONDON,1.5,0.0013698393507041997,23.031537701003153,43.85209546005178,1.4149046475452862,1.4125208966681035,-15.412716021157014,False,-0.0002922715264009484,32.69616788321271,-9.846475452861547,0.7142857142855907,12,3,ema_ribbon_bounce_short,1.4156162227475078,SL,2021-02-25 14:15:00+00:00,-18.862227475078264,-992.9210464696271,120,False
2021-03-01 16:45:00+00:00,21,GBP_USD,SHORT,1.3935,1.3972331184017859,1.3905951967887848,1.3905951967887848,1.3905951967887848,263316.54,4,OVERLAP,1.5,0.0015474016056075746,25.749656627814613,48.769628618931726,1.394640876206109,1.398281312711802,-2.5133720066383702,False,0.00029030870569757554,57.69812864635719,-9.508762061090081,0.5921052631577832,16,0,ema_ribbon_bounce_short,1.3905951967887848,TP3,2021-03-01 18:00:00+00:00,29.048033215311303,764.8827600060847,75,True
2021-03-01 19:45:00+00:00,21,GBP_USD,SHORT,1.39183,1.3962189834854284,1.3895651725994695,1.3895651725994695,1.3895651725994695,225710.73,4,NY,1.5,0.0012574137002652748,20.334138356948035,44.8784463923745,1.3937331418926748,1.3976059614593903,-16.444291469919214,False,-7.360095650210826e-06,56.402585600168635,-16.531418926748476,0.09803921568633427,19,0,ema_ribbon_bounce_short,1.3895651725994695,TP3,2021-03-02 02:45:00+00:00,22.64827500872391,511.19586854598305,420,True
2021-03-03 19:15:00+00:00,21,GBP_USD,SHORT,1.3956,1.3972286290047604,1.3930142687869995,1.3930142687869995,1.3930142687869995,611405.43,4,NY,1.5,0.0014178656065002063,15.56396376348377,46.80696546004204,1.3963792201843368,1.395419555179374,-4.986913516025204,False,-2.6285042001002336e-05,22.198651335341665,-5.29220184336765,0.7826086956522054,19,2,ema_ribbon_bounce_short,1.3930142687869995,TP3,2021-03-03 23:15:00+00:00,25.857312552920273,1580.930130006262,240,True
2021-03-04 02:00:00+00:00,21,GBP_USD,SHORT,1.39364,1.3961157888774167,1.392048050744458,1.392048050744458,1.392048050744458,408581.65,4,ASIAN,1.5,0.0009209746277710427,34.63050855035698,46.65035160874658,1.3949469779480255,1.3951783422053443,-21.854205950297967,False,8.544941486355174e-05,61.688311688313014,-10.569779480253949,0.42592592592584977,2,3,ema_ribbon_bounce_short,1.3961157888774167,SL,2021-03-04 06:45:00+00:00,-24.757888774167288,-1011.561904586575,285,False
2021-03-05 17:00:00+00:00,21,GBP_USD,SHORT,1.3807399999999999,1.3884636793172633,1.3768543654454488,1.3768543654454488,1.3768543654454488,129659.23,5,NY,1.5,0.0020678172772755116,23.367512183050234,42.645997685964595,1.3837637639700169,1.3893752659842384,-14.081209270344619,False,-4.1933422979620804e-05,46.835366115120074,-27.737639700169403,0.36571428571424147,17,4,ema_ribbon_bounce_short,1.38511,TIME,2021-03-08 01:00:00+00:00,-43.70000000000207,-566.6108351000269,3360,False
2021-03-08 01:30:00+00:00,21,GBP_USD,LONG,1.3851300000000002,1.3842320642054735,1.3870682617687327,1.3870682617687327,1.3870682617687327,1108965.91,3,ASIAN,1.5,0.0010941308843662877,16.059265275259094,53.77130790801908,1.3842069311621752,1.3878711222078601,20.698587998482232,False,-4.4380618286308225e-05,43.162238325286786,6.730688378249194,0.621212121212264,1,0,ema_ribbon_bounce_long,1.3842320642054735,SL,2021-03-08 02:15:00+00:00,-8.97935794526683,-995.780185498856,45,False
2021-03-08 06:15:00+00:00,21,GBP_USD,SHORT,1.3824299999999998,1.3853150269011294,1.3809546004100224,1.3809546004100224,1.3809546004100224,341703.01,4,ASIAN,1.5,0.0008626997949887628,23.474006489977583,47.0930162997446,1.3833315717452117,1.3869529264533844,-1.209641646409132,False,0.00014228091441513676,54.711353755937886,-6.515717452117986,0.5977011494254252,6,0,ema_ribbon_bounce_short,1.3809546004100224,TP3,2021-03-08 07:00:00+00:00,14.753996331552782,504.1484956020544,45,True
2021-03-09 06:00:00+00:00,21,GBP_USD,LONG,1.38453,1.382370079117604,1.3859006305440411,1.3859006305440411,1.3859006305440411,458750.08,3,ASIAN,1.5,0.000810315272020575,21.99728230121275,57.42077287675922,1.3831299265141548,1.3844636263368613,13.338368195774386,False,9.487045357650659e-06,30.29788591285907,11.500734858451711,0.48148148148135966,6,1,ema_ribbon_bounce_long,1.3859006305440411,TP3,2021-03-09 07:15:00+00:00,13.706305739185735,628.7768854355916,75,True
2021-03-09 10:45:00+00:00,21,GBP_USD,LONG,1.3881200000000002,1.3830860572989037,1.390662228305144,1.390662228305144,1.390662228305144,198085.62,3,LONDON,1.5,0.0013661141525718914,29.700393939867325,57.27411472804853,1.385359598115727,1.3849268407449715,-1.8728692603176,False,-0.00019249991472500673,26.3782866836336,25.704018842731546,0.8192771084337542,10,1,ema_ribbon_bounce_long,1.390662228305144,TP3,2021-03-09 14:15:00+00:00,25.422284334835947,503.57889542822664,210,True
2021-03-09 17:30:00+00:00,21,GBP_USD,LONG,1.38935,1.3850617487049548,1.3915871280595264,1.3915871280595264,1.3915871280595264,233705.39,3,NY,1.5,0.0012435640297631908,27.32159417627658,52.58677676732828,1.3877457441258967,1.3858548629120513,2.7451468933681333,False,-0.0002210512375877856,50.49457715401058,13.542558741033162,0.21739130434793802,17,1,ema_ribbon_bounce_long,1.38716,TIME,2021-03-10 01:30:00+00:00,-21.900000000001363,-511.8148041000319,480,False
2021-03-10 17:30:00+00:00,21,GBP_USD,LONG,1.39115,1.386946666253842,1.3937272652046424,1.3937272652046424,1.3937272652046424,237209.16,5,NY,1.5,0.0014136326023212195,16.7704457849056,56.76558747048989,1.3890166543932614,1.3875302171072579,13.86682059417721,False,-4.426849411577697e-05,79.0646891678335,18.8334560673864,0.9925925925927084,17,2,ema_ribbon_bounce_long,1.3937272652046424,TP3,2021-03-10 21:30:00+00:00,25.77265313291779,611.3509400630797,240,True
2021-03-14 21:30:00+00:00,21,GBP_USD,SHORT,1.39143,1.393678119772848,1.3901671773667044,1.3901671773667044,1.3901671773667044,446231.91,4,NY,1.5,0.0007564113166478723,24.128768516274153,48.65019967318047,1.3920209257615304,1.3930462725512849,9.839839561902597,False,-0.00014282553530256732,28.91431784920408,-3.409257615303307,0.4250000000000555,21,6,ema_ribbon_bounce_short,1.393678119772848,SL,2021-03-15 00:30:00+00:00,-22.481197728481117,-1003.182780146779,180,False
2021-03-15 03:00:00+00:00,21,GBP_USD,SHORT,1.3920599999999999,1.3937558517959403,1.3906926522926224,1.3906926522926224,1.3906926522926224,585635.47,3,ASIAN,1.5,0.0008086738536888224,31.69780297734261,45.78295237448899,1.3926035516853412,1.3930328613145455,12.57682925872361,False,-0.0001971847835678865,13.145596011967848,-2.9355168534128673,0.12903225806467786,3,0,ema_ribbon_bounce_short,1.3906926522926224,TP3,2021-03-15 05:30:00+00:00,13.673477307255558,800.7673309368943,150,True
2021-03-15 22:45:00+00:00,21,GBP_USD,SHORT,1.38933,1.3915653808580932,1.3881283488674483,1.3881283488674483,1.3881283488674483,447869.38,4,NY,1.5,0.0007258255662759221,14.904156485120579,49.152545452587525,1.390032019191614,1.3916738541720102,-8.598155151025022,False,6.435225410955833e-05,32.847766392063576,-4.520191916139726,0.6874999999999133,22,0,ema_ribbon_bounce_short,1.3881283488674483,TP3,2021-03-16 02:00:00+00:00,12.016511593820546,538.182759728722,195,True
2021-03-16 18:45:00+00:00,21,GBP_USD,LONG,1.38972,1.3869237892783424,1.3916812870849138,1.3916812870849138,1.3916812870849138,359965.88,3,NY,1.5,0.0011056435424568664,18.867546440851953,56.14871045454207,1.3878666054049758,1.389184567240938,24.384500266594333,False,-0.00011185045277907208,43.21707382731421,16.033945950242323,0.5353535353534289,18,1,ema_ribbon_bounce_long,1.38876,TIME,2021-03-17 02:45:00+00:00,-9.600000000000719,-345.5672448000259,480,False
2021-03-18 18:15:00+00:00,21,GBP_USD,SHORT,1.3925999999999998,1.3954420750740957,1.3899709764420678,1.3899709764420678,1.3899709764420678,352940.99,4,NY,1.5,0.0014395117789660935,16.62504306128385,44.54311794028205,1.394272917806987,1.3928820879218564,-15.501625981750866,False,0.00012330644924163435,56.09708497553398,-14.229178069871118,0.8227848101265609,18,3,ema_ribbon_bounce_short,1.3899709764420678,TP3,2021-03-19 01:15:00+00:00,26.29023632421082,927.8902035600928,420,True
2021-03-19 05:00:00+00:00,21,GBP_USD,SHORT,1.39089,1.3935830855200033,1.3894968280925248,1.3894968280925248,1.3894968280925248,375912.2,4,ASIAN,1.5,0.0008215859537376447,24.491025517448893,45.17144439703976,1.392196068417353,1.3925436909264615,-26.332620394287076,False,0.0001432435702600913,62.37563442305194,-10.560684173530621,0.8879310344827734,5,4,ema_ribbon_bounce_short,1.3935830855200033,SL,2021-03-19 07:15:00+00:00,-26.930855200033577,-1012.3637026126062,135,False
2021-03-19 10:30:00+00:00,21,GBP_USD,LONG,1.3936300000000001,1.3918484050681208,1.395590606149154,1.395590606149154,1.395590606149154,562552.15,4,LONDON,1.5,0.0010753030745770677,19.365241187848305,52.63596827887025,1.392834817761837,1.3926687556689257,-4.92016755677005,False,-0.00014526076991811264,40.62315451302565,6.051822381629712,0.5249999999998751,10,4,ema_ribbon_bounce_long,1.3918484050681208,SL,2021-03-19 11:15:00+00:00,-17.81594931879349,-1002.2400593578313,45,False
2021-03-19 16:45:00+00:00,21,GBP_USD,SHORT,1.3871099999999998,1.3921328146558416,1.3845732286124466,1.3845732286124466,1.3845732286124466,197542.16,3,OVERLAP,1.5,0.0013633856937766637,30.878044465091868,46.432405953563034,1.3892809001178303,1.3915436516006805,-9.776648030785928,False,0.00046467975376991233,82.16175825117001,-19.809001178303642,0.215053763440814,16,4,ema_ribbon_bounce_short,1.3845732286124466,TP3,2021-03-21 21:00:00+00:00,25.36771515969969,501.1193246911821,3135,True
2021-03-22 12:15:00+00:00,21,GBP_USD,LONG,1.38653,1.385209075450466,1.3886553570743785,1.3886553570743785,1.3886553570743785,754947.62,4,LONDON,1.5,0.001157678537189237,15.26110658983464,55.20153659906648,1.3855389003352165,1.3880823142218235,3.4974413985744413,False,6.229059939485694e-05,61.480214948705076,8.010996647833668,0.01136363636345859,12,0,ema_ribbon_bounce_long,1.385209075450466,SL,2021-03-22 12:30:00+00:00,-13.209245495340303,-997.2288448702884,15,False
2021-03-22 20:00:00+00:00,21,GBP_USD,LONG,1.38633,1.3851438579376898,1.3875645989951917,1.3875645989951917,1.3875645989951917,832325.73,4,NY,1.5,0.0007422994975958575,29.256353456732764,54.021535200054394,1.3855216481063664,1.3873210916028447,9.372117527155499,False,-4.939109360083127e-05,20.662378548553026,5.58351893633624,0.3829787234044262,20,0,ema_ribbon_bounce_long,1.3851438579376898,SL,2021-03-23 00:15:00+00:00,-11.861420623102692,-987.2565578961003,255,False
2021-03-24 10:30:00+00:00,21,GBP_USD,SHORT,1.3708999999999998,1.376001292972783,1.3682606353667162,1.3682606353667162,1.3682606353667162,191595.35,5,LONDON,1.5,0.0014146823166418566,26.525943342685558,48.995551573742176,1.3722136357557708,1.3782305109866388,3.5082183890522423,False,0.0003596470035126338,40.86088460588151,-11.23635755770902,0.8035714285715312,10,2,ema_ribbon_bounce_short,1.36903,TIME,2021-03-24 18:30:00+00:00,18.699999999998163,358.2833044999648,480,True
2021-03-25 15:15:00+00:00,21,GBP_USD,LONG,1.3723900000000002,1.369394823758949,1.37480060651685,1.37480060651685,1.37480060651685,327515.56,3,OVERLAP,1.5,0.0013003032584249664,23.5228641041239,56.4809086903651,1.3706206688397828,1.3727125024403792,12.200433679023792,False,-5.862704332221919e-06,33.526889001749296,15.793311602172455,0.6439393939393048,15,3,ema_ribbon_bounce_long,1.37439,TIME,2021-03-25 23:15:00+00:00,19.999999999997797,655.0311199999279,480,True
2021-03-26 11:30:00+00:00,21,GBP_USD,LONG,1.3774300000000002,1.373826635238123,1.379246319653352,1.379246319653352,1.379246319653352,274054.17,4,LONDON,1.5,0.0010031598266759393,24.632272505358173,52.65025997170476,1.376160536197755,1.3742730815796997,-2.420261454734174,False,-0.00010761986344934012,23.181426669798373,10.794638022451064,0.639344262295267,11,4,ema_ribbon_bounce_long,1.379246319653352,TP3,2021-03-26 13:45:00+00:00,18.163197196277633,497.7699932172194,135,True
2021-03-29 02:30:00+00:00,21,GBP_USD,LONG,1.37901,1.3767194785871408,1.3802525955788891,1.3802525955788891,1.3802525955788891,433305.2,3,ASIAN,1.5,0.0007462977894445733,37.830580589021565,53.92997913791328,1.3783454625308311,1.3762281413314297,4.459182773131065,False,4.943506880713831e-05,93.8284433501143,4.14537469168863,0.13793103448289062,2,0,ema_ribbon_bounce_long,1.3767194785871408,SL,2021-03-29 05:00:00+00:00,-22.905214128592366,-992.4948389032542,150,False
2021-03-31 13:15:00+00:00,21,GBP_USD,LONG,1.3770000000000002,1.3741208665445788,1.3789134273910733,1.3789134273910733,1.3789134273910733,341272.78,4,OVERLAP,1.5,0.001051713695536568,21.67601844892642,53.01046443787691,1.3756556960844382,1.375423480057369,-2.9786745200532927,False,-0.0002091560213286067,59.96472663139232,11.543039155619272,0.4691358024692069,13,2,ema_ribbon_bounce_long,1.3789134273910733,TP3,2021-03-31 14:00:00+00:00,19.134274471404197,653.0007042139142,45,True
2021-03-31 15:30:00+00:00,21,GBP_USD,LONG,1.37864,1.374418996492233,1.3811395433594573,1.3811395433594573,1.3811395433594573,234328.14,5,OVERLAP,1.5,0.001344771679728705,24.774875791844906,54.79622033775596,1.3765936241960965,1.3757108690523732,6.188257585117984,False,-3.106607017359876e-05,24.46924396236012,18.563758039034095,0.7326732673267283,15,2,ema_ribbon_bounce_long,1.3811395433594573,TP3,2021-03-31 16:00:00+00:00,24.99543466125745,585.7133712663989,30,True
2021-03-31 20:30:00+00:00,21,GBP_USD,LONG,1.37907,1.3759210994518645,1.3806976091164462,1.3806976091164462,1.3806976091164462,315969.66,4,NY,1.5,0.0009388045582231837,24.123966467301447,52.12883216747677,1.3779200856650318,1.3763311964439504,6.662454037258403,False,-0.00017335047816211343,51.991217443969596,8.99914334968166,0.8314606741574155,20,2,ema_ribbon_bounce_long,1.37757,TIME,2021-04-01 04:30:00+00:00,-15.000000000000568,-473.9544900000179,480,False
2021-04-02 19:00:00+00:00,21,GBP_USD,SHORT,1.3816899999999999,1.383327534744231,1.3802519415270202,1.3802519415270202,1.3802519415270202,604700.14,4,NY,1.5,0.0008440292364898027,16.852587349195,44.580080231929266,1.3826638467638195,1.3812708247525154,-3.46720312453197,False,4.935693861478547e-05,47.33377470630248,-7.238467638195356,0.9821428571431333,19,4,ema_ribbon_bounce_short,1.383327534744231,SL,2021-04-02 19:30:00+00:00,-16.37534744231228,-990.2174890914879,30,False
2021-04-04 22:45:00+00:00,21,GBP_USD,SHORT,1.38202,1.3834480793085762,1.3803702874732744,1.3803702874732744,1.3803702874732744,686457.19,4,NY,1.5,0.0009498562633628794,25.418219450166482,47.36687040089886,1.3826028616503616,1.3814484672131082,-0.7067892377365936,False,-6.795127909370526e-06,46.948356807507366,-3.328616503615045,0.5666666666655811,22,6,ema_ribbon_bounce_short,1.3834480793085762,SL,2021-04-05 00:45:00+00:00,-14.280793085761355,-980.3153092623169,120,False
2021-04-06 14:00:00+00:00,21,GBP_USD,SHORT,1.38407,1.3881254683106587,1.3816614994336862,1.3816614994336862,1.3816614994336862,239309.52,3,OVERLAP,1.5,0.0012992502831569055,28.38390731228097,46.83229336593963,1.3860559061198778,1.386036227691867,0.5871715562344448,False,0.00033998712442448356,68.82288651988726,-17.95906119877788,0.06617647058817767,14,1,ema_ribbon_bounce_short,1.3816614994336862,TP3,2021-04-06 17:00:00+00:00,24.0850066695744,576.3771385292649,180,True
2021-04-07 15:15:00+00:00,21,GBP_USD,SHORT,1.3769299999999998,1.3833051689354832,1.3735328076806503,1.3735328076806503,1.3735328076806503,153137.26,4,OVERLAP,1.5,0.0017935961596747879,29.70576195865569,43.19014989410556,1.3799413633832227,1.3829506657520585,-20.84760008537634,False,0.00017768370724025755,79.74976910306698,-28.21363383222808,0.7941176470588784,15,2,ema_ribbon_bounce_short,1.3735328076806503,TP3,2021-04-07 18:30:00+00:00,33.971925411891256,520.2367574501399,195,True
2021-04-08 10:45:00+00:00,21,GBP_USD,SHORT,1.3737499999999998,1.3772823561321694,1.371719435148628,1.371719435148628,1.371719435148628,277853.72,5,LONDON,1.5,0.0011102824256860272,23.41895332726773,43.564998911987836,1.375079115472459,1.3784611616248208,0.20656347349268245,False,-8.088237704054928e-05,48.15085098963933,-11.391154724591512,0.4482758620690117,10,3,ema_ribbon_bounce_short,1.3772823561321694,SL,2021-04-08 12:45:00+00:00,-35.323561321696225,-981.4782916881413,120,False
2021-04-08 16:30:00+00:00,21,GBP_USD,SHORT,1.3743199999999998,1.3769872258910525,1.3720729101324391,1.3720729101324391,1.3720729101324391,364297.42,4,OVERLAP,1.5,0.0012185449337804165,30.792398902952407,47.408829498026805,1.3750326452820825,1.3777737112721093,-3.2564493613085332,False,-7.687306187980291e-05,84.41411477996753,-5.226452820825678,0.17391304347841477,16,3,ema_ribbon_bounce_short,1.37469,TIME,2021-04-09 00:30:00+00:00,-3.700000000002035,-134.79004540007412,480,False
2021-04-09 09:30:00+00:00,21,GBP_USD,SHORT,1.3706099999999999,1.374155594974272,1.3687541565280381,1.3687541565280381,1.3687541565280381,273667.92,5,LONDON,1.5,0.001022921735980911,32.62034714235083,47.628088393261315,1.371960110966697,1.3751569951450575,2.2798202638307785,False,0.00026234041840481276,59.03331911841331,-11.601109666969922,0.22222222222203947,9,4,ema_ribbon_bounce_short,1.374155594974272,SL,2021-04-09 13:30:00+00:00,-35.455949742722034,-970.3156017715274,240,False
2021-04-09 15:45:00+00:00,21,GBP_USD,LONG,1.37328,1.3716244758864933,1.3753375265990384,1.3753375265990384,1.3753375265990384,580246.73,4,OVERLAP,1.5,0.0011237632995192057,18.398137943617215,57.48465982577815,1.3721459919607606,1.374481642648085,10.622707646954499,False,1.15878098414352e-05,33.76171352074771,9.440080392393302,0.7529411764705422,15,4,ema_ribbon_bounce_long,1.3716244758864933,SL,2021-04-09 18:15:00+00:00,-16.55524113506779,-960.6124532984572,150,False
2021-04-12 16:15:00+00:00,21,GBP_USD,LONG,1.3748300000000002,1.3719554121069302,1.376570498276925,1.376570498276925,1.376570498276925,330832.23,4,OVERLAP,1.5,0.0009652491384623989,33.540362745099,51.56635263660642,1.3737135506847196,1.3732382509017464,-3.2472707978903337,False,-0.00020332043456081441,43.926528154177866,9.264493152805198,0.6904761904762597,16,0,ema_ribbon_bounce_long,1.37425,TIME,2021-04-13 00:15:00+00:00,-5.800000000002471,-191.8826934000817,480,False
2021-04-13 00:30:00+00:00,21,GBP_USD,LONG,1.37471,1.3729875461778145,1.37566393665261,1.37566393665261,1.37566393665261,551008.97,3,ASIAN,1.5,0.0006019683263049904,31.538483556673093,50.734582408518555,1.3741727824042211,1.3735335716977448,-2.5543312520670547,False,1.5876876533324244e-05,30.493611703615827,2.8721759577887696,0.612903225806105,0,1,ema_ribbon_bounce_long,1.3729875461778145,SL,2021-04-13 01:15:00+00:00,-17.224538221856097,-949.0875064350561,45,False
2021-04-13 21:00:00+00:00,21,GBP_USD,LONG,1.3752,1.3735115863753762,1.3762460072503973,1.3762460072503973,1.3762460072503973,556496.71,3,NY,1.5,0.0006480036251987225,18.97309523839441,53.06148189685655,1.3744392026963608,1.373921924307374,11.186294608114267,False,-1.2256191254481964e-05,14.830217358257682,5.107973036391211,0.33333333333382675,21,1,ema_ribbon_bounce_long,1.3762460072503973,TP3,2021-04-13 23:45:00+00:00,10.460072691935622,582.0996039423017,165,True
2021-04-14 18:15:00+00:00,21,GBP_USD,LONG,1.3789200000000001,1.3761910237122483,1.3804680825813143,1.3804680825813143,1.3804680825813143,346436.73,4,NY,1.5,0.000899041290657103,31.575228917251724,51.91290486436803,1.3779516857038776,1.375991808640183,6.782995620677745,False,-9.45737046818235e-05,24.17812418970185,7.183142961224576,0.676470588235467,18,2,ema_ribbon_bounce_long,1.37726,TIME,2021-04-15 02:15:00+00:00,-16.60000000000217,-575.0849718000751,480,False
2021-04-15 10:00:00+00:00,21,GBP_USD,LONG,1.3790900000000001,1.3768763346705792,1.380793573765827,1.380793573765827,1.380793573765827,424484.57,4,LONDON,1.5,0.0009467868829134988,25.030824851698295,53.047558533449994,1.378217891427883,1.3769594605217725,-1.1253966645896618,False,6.458218313646876e-05,51.34575569357798,6.82108572116924,0.2738095238094829,10,3,ema_ribbon_bounce_long,1.3768763346705792,SL,2021-04-15 10:45:00+00:00,-22.136653294209104,-939.6667754831436,45,False
2021-04-15 15:30:00+00:00,21,GBP_USD,SHORT,1.37763,1.379293558213902,1.375397837205647,1.375397837205647,1.375397837205647,559205.02,3,OVERLAP,1.5,0.0012110813971764939,13.620972122799934,45.34242935947878,1.3784285143542692,1.377270969793225,-8.319606359554754,False,-7.89164756838586e-05,42.43841928052876,-6.085143542691185,0.7023809523806502,15,3,ema_ribbon_bounce_short,1.379293558213902,SL,2021-04-15 19:30:00+00:00,-16.63558213902183,-930.2701042763347,240,False
2021-04-21 21:45:00+00:00,21,GBP_USD,LONG,1.39328,1.3925918632890242,1.3942052529198898,1.3942052529198898,1.3942052529198898,1338349.48,5,NY,1.5,0.0005876264599449758,17.856224568632925,52.72421801914459,1.3928262926827075,1.3928791807714376,6.720756693443519,False,-1.3560469595787093e-05,71.30943300279763,2.037073172924675,0.30434782608708244,21,2,ema_ribbon_bounce_long,1.3925918632890242,SL,2021-04-22 00:15:00+00:00,-6.881367109758951,-920.9674093034995,150,False
2021-04-23 12:45:00+00:00,21,GBP_USD,LONG,1.3886,1.3861820229418036,1.3904450331496134,1.3904450331496134,1.3904450331496134,377074.6,4,LONDON,1.5,0.001017516574806718,21.511344489751096,56.196274411696244,1.3871328176455422,1.3884421760049483,4.862086511205899,False,-6.95627624058635e-05,34.130575307043536,12.771823544577288,0.4235294117645983,12,4,ema_ribbon_bounce_long,1.3861820229418036,SL,2021-04-23 13:15:00+00:00,-24.179770581964632,-911.7577320286081,30,False
2021-04-26 00:15:00+00:00,21,GBP_USD,LONG,1.38802,1.3861976584646005,1.3893351512143413,1.3893351512143413,1.3893351512143413,495318.87,5,ASIAN,1.5,0.0007825756071706513,14.65334291179429,54.59945758140208,1.3870389671754686,1.3878094802619896,8.630517750356503,False,-5.3692308093891044e-05,51.74026250066231,7.310328245313524,0.5333333333331853,0,0,ema_ribbon_bounce_long,1.3893351512143413,TP3,2021-04-26 01:00:00+00:00,13.151512408928332,651.4192265181359,45,True
2021-04-26 10:15:00+00:00,21,GBP_USD,LONG,1.3913900000000001,1.3880889617803063,1.3931764662765371,1.3931764662765371,1.3931764662765371,275414.67,4,LONDON,1.5,0.000988233138268581,20.772343289416764,51.975923261421784,1.3901498864162787,1.3887645367794779,-3.1660132970534605,False,-0.0001649756040494829,39.55544848476827,10.501135837213127,0.5853658536585498,10,0,ema_ribbon_bounce_long,1.3880889617803063,SL,2021-04-26 12:15:00+00:00,-33.01038219693852,-909.1543519343699,120,False
2021-04-26 16:00:00+00:00,21,GBP_USD,SHORT,1.38824,1.3899640491572136,1.3864406958782833,1.3864406958782833,1.3864406958782833,522063.31,4,OVERLAP,1.5,0.0009946520608583532,14.470628381470775,44.06023154832418,1.389309657776076,1.3887725670702296,-12.76754918338785,False,7.617133362044202e-05,31.787632863569158,-8.796577760759039,0.7464788732393353,16,0,ema_ribbon_bounce_short,1.3899640491572136,SL,2021-04-26 18:00:00+00:00,-17.240491572136914,-900.0628096176903,120,False
2021-04-26 20:30:00+00:00,21,GBP_USD,LONG,1.3903800000000002,1.3885567619996115,1.3914118587229358,1.3914118587229358,1.3914118587229358,488725.1,5,NY,1.5,0.0006409293614678868,24.577749193650497,54.932278117304755,1.3895562198377434,1.3889237291499963,4.692430929453817,False,6.816219549403326e-05,22.56728778468491,5.737801622567318,0.666666666666461,20,0,ema_ribbon_bounce_long,1.3885567619996115,SL,2021-04-27 01:00:00+00:00,-18.232380003886384,-891.0621740637373,270,False
2021-04-27 12:45:00+00:00,21,GBP_USD,LONG,1.3906200000000002,1.3880427284043684,1.392560610188668,1.392560610188668,1.392560610188668,342281.18,4,LONDON,1.5,0.0010653050943339945,30.743846838547718,56.54967602630109,1.3892474892159898,1.3889734048677633,10.897318898008823,False,8.348571331925859e-05,30.78751671661891,11.825107840102156,0.3793103448276337,12,1,ema_ribbon_bounce_long,1.39107,TIME,2021-04-27 20:45:00+00:00,4.499999999998394,154.02653099994504,480,True
2021-04-28 00:00:00+00:00,21,GBP_USD,SHORT,1.38967,1.3904196763437855,1.3888881520026057,1.3888881520026057,1.3888881520026057,1178764.45,3,ASIAN,1.5,0.0005159239986971877,22.26082717914072,44.96231135504784,1.3902176137149873,1.3895143976573696,-1.5929776558487596,False,-2.2730386686020024e-05,33.635802469132905,-2.9761371498726596,0.6315789473683185,0,2,ema_ribbon_bounce_short,1.3888881520026057,TP3,2021-04-28 00:45:00+00:00,7.818480040270003,921.6146324504849,45,True
2021-04-28 12:15:00+00:00,21,GBP_USD,SHORT,1.38661,1.3894706663162104,1.3850175574172374,1.3850175574172374,1.3850175574172374,312132.86,5,LONDON,1.5,0.0008912212913813333,24.035580908097685,42.36822370471019,1.3880757405012156,1.3888562117845826,-10.168196344975122,False,-6.448027414084805e-05,61.474667724184144,-12.757405012155942,0.669565217391259,12,2,ema_ribbon_bounce_short,1.3894706663162104,SL,2021-04-28 13:45:00+00:00,-28.60666316210514,-892.907958784452,90,False
2021-04-29 12:00:00+00:00,21,GBP_USD,LONG,1.3958400000000002,1.3926956796568861,1.3975948094562662,1.3975948094562662,1.3975948094562662,281135.12,4,LONDON,1.5,0.0009724047281331167,18.60089935673005,55.26454934178152,1.3947361564951573,1.3921600391253754,9.633132911046616,False,8.094679222051324e-05,82.167449351685,9.13843504842804,0.75,12,3,ema_ribbon_bounce_long,1.39437,TIME,2021-04-29 20:00:00+00:00,-14.700000000000824,-413.26862640002315,480,False
2021-04-29 20:45:00+00:00,21,GBP_USD,SHORT,1.39367,1.3948307560542208,1.3925658431912484,1.3925658431912484,1.3925658431912484,757994.07,4,NY,1.5,0.0006770784043757533,17.237621578360837,44.29218819678395,1.394608316693976,1.392900789403879,-8.909223642368236,False,-2.7792667237706284e-05,7.789993383211804,-6.883166939759544,0.32758620689638673,20,3,ema_ribbon_bounce_short,1.3948307560542208,SL,2021-04-29 23:15:00+00:00,-11.60756054220835,-879.8462058159914,150,False
2021-05-04 19:45:00+00:00,21,GBP_USD,LONG,1.38917,1.386994528686267,1.3907649066761998,1.3907649066761998,1.3907649066761998,400394.96,4,NY,1.5,0.000922453338099949,34.21076147834633,55.120023682333986,1.3880068505385748,1.3880549574768026,17.473225141231286,False,-8.824319399693874e-05,20.760376574327594,9.131494614251778,0.6987951807230173,19,1,ema_ribbon_bounce_long,1.3907649066761998,TP3,2021-05-05 01:45:00+00:00,15.949067160331051,638.5926107698066,360,True
2021-05-05 16:45:00+00:00,21,GBP_USD,SHORT,1.3900199999999998,1.3907556379961552,1.3883353461682055,1.3883353461682055,1.3883353461682055,1192751.97,3,OVERLAP,1.5,0.0009373269158972129,21.06463428435959,46.85989591152682,1.390330462966131,1.3892434855060238,-1.3969276908976092,False,-7.687375369396052e-05,36.07961703199827,-1.204629661311074,0.0754716981132945,16,2,ema_ribbon_bounce_short,1.3907556379961552,SL,2021-05-05 17:30:00+00:00,-7.356379961553915,-877.4336691211957,45,False
2021-05-05 20:15:00+00:00,21,GBP_USD,LONG,1.39097,1.3893293815947003,1.3920843742085292,1.3920843742085292,1.3920843742085292,529470.67,4,NY,1.5,0.0006821871042646016,15.06298298505103,51.516909512578756,1.3904529707664688,1.3894215240173908,3.4002011251987874,False,1.0957668598505292e-05,73.99355877617016,2.670292335311686,0.21212121212115095,20,2,ema_ribbon_bounce_long,1.3893293815947003,SL,2021-05-06 02:45:00+00:00,-16.406184052997208,-868.6593262683748,390,False
2021-05-06 11:30:00+00:00,21,GBP_USD,LONG,1.39212,1.389019143724714,1.3948047286258232,1.3948047286258232,1.3948047286258232,277333.96,4,LONDON,1.5,0.001437364312911611,46.65578812940476,55.78192086827362,1.3907316370922207,1.3899562063942132,9.492794596872578,False,0.00010280670807528167,78.14992025518261,11.983629077791935,0.13533834586454116,11,3,ema_ribbon_bounce_long,1.389019143724714,SL,2021-05-06 13:00:00+00:00,-31.00856275286112,-859.9727502159477,90,False
2021-05-06 16:30:00+00:00,21,GBP_USD,SHORT,1.38872,1.391284801592509,1.3862716158790942,1.3862716158790942,1.3862716158790942,331944.98,4,OVERLAP,1.5,0.0013191920604529266,27.28539560953304,47.70218082947319,1.389717188401061,1.3897846809236467,-10.108165318221118,False,8.065913440740238e-05,76.96151112013881,-8.071884010609764,0.7200000000001658,16,3,ema_ribbon_bounce_short,1.38925,TIME,2021-05-07 00:30:00+00:00,-5.300000000001414,-175.93083940004695,480,False
2021-05-07 09:15:00+00:00,21,GBP_USD,LONG,1.3916100000000002,1.3894594480964584,1.3931210669679126,1.3931210669679126,1.3931210669679126,395067.75,4,LONDON,1.5,0.0008505334839562521,35.75387423752191,51.961810614557734,1.3907023995496752,1.3900082749225549,-6.659734537988182,False,-3.337866557562172e-05,31.66803768337356,7.176004503248734,0.4800000000001658,9,4,ema_ribbon_bounce_long,1.3894594480964584,SL,2021-05-07 12:00:00+00:00,-21.505519035418526,-849.6137017904969,165,False
2021-05-11 18:15:00+00:00,21,GBP_USD,LONG,1.41567,1.4116612485510698,1.4177115304583983,1.4177115304583983,1.4177115304583983,209820.33,5,NY,1.5,0.0011457652291992002,19.917549968614832,53.66068939202059,1.4142376924920455,1.4090450847829565,12.432373240491845,False,-3.2989226905561484e-05,46.50220837720624,11.823075079544498,0.5937499999997506,18,1,ema_ribbon_bounce_long,1.4116612485510698,SL,2021-05-12 01:15:00+00:00,-40.08751448930203,-841.1175519025134,420,False
2021-05-12 05:30:00+00:00,21,GBP_USD,SHORT,1.4116799999999998,1.413378177140247,1.4107415228770777,1.4107415228770777,1.4107415228770777,490353.08,4,ASIAN,1.5,0.0005942385614611645,46.48954856927435,46.19555009935527,1.4127755252551653,1.4104504715404755,-20.686747018225926,False,0.00016021770515926804,77.22663742818871,-8.45525255165347,0.47457627118646617,5,2,ema_ribbon_bounce_short,1.413378177140247,SL,2021-05-12 06:15:00+00:00,-16.981771402471146,-832.7063911057646,45,False
2021-05-12 10:15:00+00:00,21,GBP_USD,LONG,1.41405,1.412040735229956,1.415706054548705,1.415706054548705,1.415706054548705,410289.05,5,LONDON,1.5,0.000923027274352535,21.001969950231423,56.125174590779444,1.4130989420806142,1.4109498702592844,4.104738205270575,False,2.484395822463818e-05,57.02343199436268,7.610579193857436,0.6714285714286031,10,2,ema_ribbon_bounce_long,1.412040735229956,SL,2021-05-12 12:15:00+00:00,-20.09264770044039,-824.3793336998373,120,False
2021-05-13 23:15:00+00:00,21,GBP_USD,LONG,1.40523,1.404494436564121,1.406305902347272,1.406305902347272,1.406305902347272,1109537.93,5,NY,1.5,0.0006629511736360039,19.65982043961862,54.687817831098904,1.4044662155584722,1.4065098418585738,12.88225591002723,False,-5.0840152640756284e-05,30.16113516112613,5.137844415277204,0.9047619047617789,23,3,ema_ribbon_bounce_long,1.404494436564121,SL,2021-05-14 00:00:00+00:00,-7.355634358789941,-816.1355320288669,45,False
2021-05-14 10:30:00+00:00,21,GBP_USD,LONG,1.40677,1.4043661632828506,1.4084078519569265,1.4084078519569265,1.4084078519569265,336118.58,5,LONDON,1.5,0.0009139259784632647,21.508982222024546,58.3372501864864,1.4053726315157569,1.406058663434572,2.95446214015449,False,-6.854150852972504e-05,39.42506768593355,12.073684842430765,0.7931034482758554,10,4,ema_ribbon_bounce_long,1.4084078519569265,TP3,2021-05-14 11:30:00+00:00,16.37852005654847,550.5124903908593,60,True
2021-05-14 15:00:00+00:00,21,GBP_USD,LONG,1.4090300000000002,1.4051079225384806,1.4112106410401761,1.4112106410401761,1.4112106410401761,207410.31,5,OVERLAP,1.5,0.0011853205200880207,39.57071606478792,56.18308688500242,1.407074554846028,1.406477510677657,8.096572061473406,False,-7.126692389413237e-05,13.35722819593856,17.65445153972145,0.13235294117668187,15,4,ema_ribbon_bounce_long,1.41014,TIME,2021-05-16 23:00:00+00:00,11.099999999997223,230.2254440999424,3360,True
2021-05-17 05:00:00+00:00,21,GBP_USD,SHORT,1.4082,1.4087599860986229,1.407385509388259,1.407385509388259,1.407385509388259,1456788.94,3,ASIAN,1.5,0.0005322453058704353,17.939694007422183,44.22952467153309,1.4088342990512528,1.4076549170307109,-0.08230569085609929,False,6.264732941179774e-06,36.04371584700342,-3.8429905125281216,0.1914893617019769,5,0,ema_ribbon_bounce_short,1.4087599860986229,SL,2021-05-17 06:00:00+00:00,-5.599860986229554,-815.7815550276707,60,False
2021-05-17 11:45:00+00:00,21,GBP_USD,SHORT,1.40898,1.409957443190612,1.4071268339249958,1.4071268339249958,1.4071268339249958,826261.56,3,LONDON,1.5,0.0010215830375020919,20.99985023775576,45.44240843289811,1.4095682871989605,1.4081888084965655,-8.101306557974919,False,-0.00013944114644058155,17.406738488990502,-3.982871989605119,0.218390804597619,11,0,ema_ribbon_bounce_short,1.409957443190612,SL,2021-05-17 12:30:00+00:00,-9.77443190611993,-807.6237354864427,45,False
2021-05-18 20:30:00+00:00,21,GBP_USD,SHORT,1.41834,1.4182968866945145,1.4172362724912992,1.4172362724912992,1.4172362724912992,18545260.99,3,NY,1.5,0.0006768637543503388,19.608050246415797,43.90042371628139,1.4189527259506085,1.4150283349310326,-12.371824422447997,False,-4.454518680670612e-05,22.604515050164228,-3.62725950608489,0.6166666666667037,20,1,ema_ribbon_bounce_short,1.4182968866945145,SL,2021-05-18 20:45:00+00:00,0.43113305485453773,799.5475023693389,15,True
2021-05-19 16:45:00+00:00,21,GBP_USD,SHORT,1.41559,1.418434950828247,1.413201204404512,1.413201204404512,1.413201204404512,283851.3,4,OVERLAP,1.5,0.0012893977977440276,19.48597120823127,47.824329658212484,1.416646463032731,1.4162965308207738,-1.7373688970501178,False,0.00015338754515332965,46.243373080486805,-8.664630327308576,0.5846153846154214,16,2,ema_ribbon_bounce_short,1.413201204404512,TP3,2021-05-19 18:00:00+00:00,23.88795679644576,678.0627591014965,75,True
2021-05-24 17:15:00+00:00,21,GBP_USD,LONG,1.4158600000000001,1.4142869035650838,1.4172722928418662,1.4172722928418662,1.4172722928418662,517656.51,5,NY,1.5,0.0008311464209330223,18.31846635160045,56.02735142632326,1.4148085178104828,1.41550942111245,13.806052300704419,False,-8.273772203366673e-06,73.87387387387479,8.014821895172553,0.9054054054053811,17,0,ema_ribbon_bounce_long,1.4172722928418662,TP3,2021-05-25 01:00:00+00:00,14.122928691484903,731.0825977412942,465,True
2021-05-25 19:15:00+00:00,21,GBP_USD,SHORT,1.4143599999999998,1.416459715046452,1.4129954397046773,1.4129954397046773,1.4129954397046773,391307.59,4,NY,1.5,0.0008072801476612758,28.664078666338355,48.62969603385337,1.4152203087232242,1.4158142104539089,-5.6082443112637215,False,0.00018221012287299564,13.190505421789675,-6.103087232243176,0.6296296296296601,19,1,ema_ribbon_bounce_short,1.41602,TIME,2021-05-26 03:15:00+00:00,-16.60000000000217,-649.5705994000849,480,False
2021-05-30 21:45:00+00:00,21,GBP_USD,LONG,1.4192,1.4174899310828877,1.4201431318580597,1.4201431318580597,1.4201431318580597,476670.1,5,NY,1.5,0.0005965659290298555,19.014261269342192,54.346322240817265,1.4184166725738463,1.417259549133794,15.300655285392928,False,-0.00010818522475961468,46.64223598871664,5.333274261536403,0.5405405405405082,21,6,ema_ribbon_bounce_long,1.4174899310828877,SL,2021-05-31 00:00:00+00:00,-17.100689171123395,-815.1387217268306,135,False
2021-05-31 09:45:00+00:00,21,GBP_USD,SHORT,1.4172299999999998,1.4190400309416813,1.4159526620402327,1.4159526620402327,1.4159526620402327,445841.74,3,LONDON,1.5,0.0007336689798836117,30.313876759875686,42.77922207906862,1.4183139026533482,1.4177346307638987,2.7001119066105694,False,-6.827761533460949e-05,62.63627347474024,-8.939026533483219,0.014925373134095877,9,0,ema_ribbon_bounce_short,1.4190400309416813,SL,2021-05-31 14:45:00+00:00,-18.100309416815282,-806.9873444931312,300,False
2021-06-01 15:45:00+00:00,21,GBP_USD,SHORT,1.4164899999999998,1.4208127917381894,1.4142991834700591,1.4142991834700591,1.4142991834700591,184815.16,4,OVERLAP,1.5,0.0011904082649704304,14.902820638497005,41.23527717167194,1.418964905354921,1.4193640805017997,-12.852762539303786,False,0.00012102944284926045,26.460828163325615,-22.849053549209852,0.9924812030076355,15,1,ema_ribbon_bounce_short,1.41553,TIME,2021-06-01 23:45:00+00:00,9.599999999998497,177.42255359997225,480,True
2021-06-02 19:00:00+00:00,21,GBP_USD,LONG,1.4173600000000002,1.4154348827481522,1.4187047107664132,1.4187047107664132,1.4187047107664132,415918.4,4,NY,1.5,0.0007973553832065413,13.430930631259043,53.59576351954278,1.4162135302451013,1.4168888365069638,17.550340527061614,False,-0.0001401710928300271,26.939117820392553,8.964697548987655,0.6041666666668787,19,2,ema_ribbon_bounce_long,1.4166,TIME,2021-06-03 03:00:00+00:00,-7.600000000000939,-316.0979840000391,480,False
2021-06-07 04:30:00+00:00,21,GBP_USD,SHORT,1.41435,1.4152266445686574,1.4135665976563625,1.4135665976563625,1.4135665976563625,909753.78,4,ASIAN,1.5,0.0005167011718188271,30.44818037277543,44.45483782684607,1.4151312058838055,1.4145339768854885,-11.473167527602524,False,7.033515168049698e-06,61.44430901713755,-5.312058838053968,0.16666666666675478,4,0,ema_ribbon_bounce_short,1.4135665976563625,TP3,2021-06-07 05:45:00+00:00,7.834023522486428,712.7032512190943,75,True
2021-06-08 20:30:00+00:00,21,GBP_USD,SHORT,1.4147299999999998,1.415851988106844,1.4138984137837805,1.4138984137837805,1.4138984137837805,717171.37,4,NY,1.5,0.0005407931081096819,29.46996746305171,47.68634076882353,1.4150998737746732,1.4153573118689626,6.836088606867463,False,-6.85140979170629e-05,2.372302873032403,-1.1987377467326255,0.8000000000012435,20,1,ema_ribbon_bounce_short,1.415851988106844,SL,2021-06-09 00:45:00+00:00,-11.219881068442737,-804.6577477092143,255,False
2021-06-09 10:30:00+00:00,21,GBP_USD,LONG,1.41789,1.4153204049952939,1.4193382660207159,1.4193382660207159,1.4193382660207159,310014.29,4,LONDON,1.5,0.0008191330103580174,27.907447442528984,54.2069776539899,1.4166561392036825,1.4157959450231214,-2.894970004070352,False,-5.470719026735404e-05,61.98085120628735,10.43860796317464,0.10752688172043268,10,2,ema_ribbon_bounce_long,1.4153204049952939,SL,2021-06-09 12:30:00+00:00,-25.695950047062155,-796.611170971544,120,False
2021-06-11 10:30:00+00:00,21,GBP_USD,SHORT,1.4154099999999998,1.416751779223836,1.4138894343080464,1.4138894343080464,1.4138894343080464,587760.67,4,LONDON,1.5,0.0008552828459768322,47.72948365822432,42.765220393174864,1.41652100235485,1.4151443497814835,-0.29891107186763577,False,-6.426461839494936e-05,62.97771865640588,-9.210023548500423,0.26470588235292836,10,4,ema_ribbon_bounce_short,1.4138894343080464,TP3,2021-06-11 13:00:00+00:00,15.20565717823959,893.7287250872412,150,True
2021-06-14 15:45:00+00:00,21,GBP_USD,LONG,1.41168,1.4104785265771882,1.4131768573500392,1.4131768573500392,1.4131768573500392,663836.86,3,OVERLAP,1.5,0.0008434286750196008,33.364825072170234,56.30222365526087,1.4108334475631326,1.4122664932967375,10.991919320904042,False,-2.287440857367905e-05,39.677488944017604,6.565524368673525,0.2857142857143235,15,0,ema_ribbon_bounce_long,1.4104785265771882,SL,2021-06-14 20:45:00+00:00,-12.014734228118495,-797.5823443728706,300,False
2021-06-15 16:45:00+00:00,21,GBP_USD,SHORT,1.4076,1.410359283041973,1.405848359791823,1.405848359791823,1.405848359791823,286163.65,5,OVERLAP,1.5,0.000970820104088536,24.827901059687893,48.5859774400525,1.4085174505489417,1.4104979373903277,1.0776873672857512,False,0.00010565472877939171,49.15123456790556,-7.2745054894163275,0.641025641025568,16,1,ema_ribbon_bounce_short,1.40782,TIME,2021-06-16 00:45:00+00:00,-2.2000000000010895,-62.956003000031195,480,False
2021-06-16 09:00:00+00:00,21,GBP_USD,LONG,1.4105100000000002,1.408360004928606,1.4117932275693632,1.4117932275693632,1.4117932275693632,366966.87,3,LONDON,1.5,0.0007366137846815916,37.7685958676611,55.67982402131199,1.4092720253885889,1.409694391143974,-3.9503836401122427,False,-6.647550070204014e-05,9.838625733234846,10.47974611411151,0.014705882353037216,9,2,ema_ribbon_bounce_long,1.4117932275693632,TP3,2021-06-16 10:00:00+00:00,12.832276043315398,470.9020174591437,60,True
2021-06-16 16:00:00+00:00,21,GBP_USD,LONG,1.41144,1.409239072573886,1.4127673430970178,1.4127673430970178,1.4127673430970178,360614.33,4,OVERLAP,1.5,0.0007586715485089449,18.199656138028004,53.214809784926864,1.4105411897004196,1.4100664633956896,1.0400821894962498,False,-9.866217445631375e-05,65.82043054169715,7.0881029958025366,0.699999999999852,16,2,ema_ribbon_bounce_long,1.409239072573886,SL,2021-06-16 18:00:00+00:00,-22.009274261141076,-793.6859691467635,120,False
2021-06-22 10:45:00+00:00,21,GBP_USD,SHORT,1.38753,1.390374530679853,1.3856238166703594,1.3856238166703594,1.3856238166703594,276231.55,5,LONDON,1.5,0.0010480916648202836,48.44935129825206,42.527270858861854,1.3894038037328056,1.3895106977468492,4.24558882057724,False,0.00010765591430930439,73.99832696872342,-16.838037328055222,0.03418803418806501,10,1,ema_ribbon_bounce_short,1.390374530679853,SL,2021-06-22 11:45:00+00:00,-28.44530679853019,-785.7491187183532,60,False
2021-06-23 09:45:00+00:00,21,GBP_USD,LONG,1.3961400000000002,1.39256613215361,1.3979657790693834,1.3979657790693834,1.3979657790693834,217660.99,3,LONDON,1.5,0.0010078895346916316,35.924890259732855,52.757729516173086,1.3948016957456715,1.3922199059509817,-9.039826233210313,False,-0.00013272181045534826,27.395323812152117,11.483042543285471,0.3645833333333815,9,2,ema_ribbon_bounce_long,1.3979657790693834,TP3,2021-06-23 12:00:00+00:00,18.257791532649705,397.4008980210152,135,True
2021-06-23 15:45:00+00:00,21,GBP_USD,LONG,1.3977600000000001,1.3940124890657455,1.3997623020008634,1.3997623020008634,1.3997623020008634,208635.99,3,OVERLAP,1.5,0.0010961510004317456,33.07255822457276,51.884398709363346,1.396545682467435,1.3933634858555584,1.4137577662998169,False,-0.000295963233740047,41.80829094281447,10.243175325650444,0.6249999999999769,15,2,ema_ribbon_bounce_long,1.39663,TIME,2021-06-23 23:45:00+00:00,-11.300000000000752,-235.7586687000157,480,False
2021-06-24 03:00:00+00:00,21,GBP_USD,SHORT,1.39578,1.396314539857007,1.3950130317154557,1.3950130317154557,1.3950130317154557,1458278.63,4,ASIAN,1.5,0.0005084841422722238,19.59354031130674,46.79712789284581,1.3962927919691248,1.3944304700447403,-9.92208594045918,False,1.7063785568313805e-05,45.021379281156726,-2.6279196912470937,0.28571428571371926,3,3,ema_ribbon_bounce_short,1.396314539857007,SL,2021-06-24 06:00:00+00:00,-5.345398570069103,-779.5080503564332,180,False
2021-06-24 16:45:00+00:00,21,GBP_USD,SHORT,1.39139,1.395463623366001,1.3891773186815948,1.3891773186815948,1.3891773186815948,189441.41,5,OVERLAP,1.5,0.001201340659202638,26.89752934098026,46.83933268605488,1.3932559453941256,1.3941720356631666,-13.802474234068107,False,0.00024854988897942613,86.18960437710545,-16.75945394125522,0.8169014084507527,16,3,ema_ribbon_bounce_short,1.39158,TIME,2021-06-25 00:45:00+00:00,-1.900000000001345,-35.993867900025485,480,False
2021-06-25 09:30:00+00:00,21,GBP_USD,SHORT,1.39102,1.393514756454465,1.3894604864223465,1.3894604864223465,1.3894604864223465,309189.71,4,LONDON,1.5,0.0008747567888267052,22.591592551796886,45.44346338109014,1.3919850016388688,1.3931821054078806,4.649579627300504,False,-1.734638383549833e-05,66.05208763756366,-7.750016388687886,0.016129032257810354,9,4,ema_ribbon_bounce_short,1.3894604864223465,TP3,2021-06-25 11:30:00+00:00,15.595136280921102,482.18556641084746,120,True
2021-06-28 09:30:00+00:00,21,GBP_USD,LONG,1.39189,1.3891335173700865,1.3937916677463962,1.3937916677463962,1.3937916677463962,281581.63,4,LONDON,1.5,0.0010458338731981426,29.854546050389654,56.54166415164543,1.3901162135919312,1.391008693091439,5.7711228629342415,False,-5.463938789890732e-05,56.4737515042126,15.837864080687769,0.5535714285712834,9,0,ema_ribbon_bounce_long,1.3891335173700865,SL,2021-06-28 11:30:00+00:00,-27.5648262991357,-776.1748719977498,120,False
2021-06-30 12:45:00+00:00,21,GBP_USD,SHORT,1.3840799999999998,1.3860333229102366,1.3821189003437688,1.3821189003437688,1.3821189003437688,393387.66,5,LONDON,1.5,0.0010755498281155218,36.414019265568825,45.68167263689765,1.3847730445937103,1.386004581965077,-4.442385980216734,False,-0.00010715850933297222,20.826437537313296,-5.030445937104222,0.8787878787877769,12,2,ema_ribbon_bounce_short,1.3821189003437688,TP3,2021-06-30 13:15:00+00:00,19.61099706082505,771.4724244024844,30,True
2021-07-05 14:45:00+00:00,21,GBP_USD,SHORT,1.3837899999999999,1.383481849338415,1.3826239004569794,1.3826239004569794,1.3826239004569794,2518663.62,5,OVERLAP,1.5,0.0006780497715103183,33.38711491428919,44.64411317063814,1.3840608802896555,1.3816788915616471,-10.823550046006325,False,-0.000191492046481308,27.73109243696935,-0.8088028965547167,0.6956521739130644,14,0,ema_ribbon_bounce_short,1.383481849338415,SL,2021-07-05 15:00:00+00:00,3.081506615849605,776.1278608129717,15,True
2021-07-06 11:30:00+00:00,21,GBP_USD,SHORT,1.38495,1.3863958443008095,1.38363220932771,1.38363220932771,1.38363220932771,542167.05,4,LONDON,1.5,0.0007538953361450188,41.26204770084052,41.3985207298111,1.3862144937475311,1.384249477674486,-0.4303431596808238,False,1.174883369775071e-05,85.83623693379415,-10.744937475311023,0.9230769230767654,11,1,ema_ribbon_bounce_short,1.3863958443008095,SL,2021-07-06 12:15:00+00:00,-14.458443008096289,-783.8891393292691,45,False
2021-07-07 16:00:00+00:00,21,GBP_USD,SHORT,1.37902,1.3821327066289537,1.3765470551494141,1.3765470551494141,1.3765470551494141,249316.86,4,OVERLAP,1.5,0.0013314724252929612,32.95235109752426,47.43300037388009,1.3801281391488989,1.3815999062407678,-7.884148979744321,False,-0.00012427317260967335,88.00129758062906,-9.181391488988222,0.06451612903219645,16,2,ema_ribbon_bounce_short,1.3801,TIME,2021-07-08 00:00:00+00:00,-10.80000000000192,-269.26220880004786,480,False
2021-07-08 11:15:00+00:00,21,GBP_USD,SHORT,1.3769699999999998,1.3801364366472693,1.3748519290518322,1.3748519290518322,1.3748519290518322,244235.94,4,LONDON,1.5,0.001154035474083911,20.052696439219577,44.96885531261809,1.3782283448343882,1.3800371908210585,-3.6352963767449786,False,-5.242601456159862e-05,69.08255570895093,-10.68344834388224,0.27450980392161983,11,3,ema_ribbon_bounce_short,1.3748519290518322,TP3,2021-07-08 12:00:00+00:00,21.18071034889956,517.3090701931212,45,True
2021-07-12 15:45:00+00:00,21,GBP_USD,LONG,1.3886900000000002,1.385429063381833,1.3907631542960144,1.3907631542960144,1.3907631542960144,238744.51,4,OVERLAP,1.5,0.0011315771480071085,35.37345406734916,56.40690432923351,1.3872681547721881,1.3847320812576744,16.89221745198255,False,0.0002614438238178682,22.967542102363023,12.318452278119452,0.7407407407407332,15,0,ema_ribbon_bounce_long,1.38858,TIME,2021-07-12 23:45:00+00:00,-1.1000000000027654,-26.261896100066025,480,False
2021-07-13 14:30:00+00:00,21,GBP_USD,SHORT,1.3835499999999998,1.3876555452703605,1.3812438054041793,1.3812438054041793,1.3812438054041793,189565.1,3,OVERLAP,1.5,0.0012480972979102625,38.61928065873523,46.83801643055359,1.3854960773975533,1.38600159157699,3.8708630502615193,False,0.00018948134372249016,77.17648769161615,-17.56077397553346,0.6461538461539408,14,1,ema_ribbon_bounce_short,1.3812438054041793,TP3,2021-07-13 19:15:00+00:00,23.061947174776172,437.1740322381163,285,True
2021-07-14 17:45:00+00:00,21,GBP_USD,SHORT,1.3850399999999998,1.3859466128385778,1.3833260401775795,1.3833260401775795,1.3833260401775795,863256.95,4,NY,1.5,0.0009819799112102112,24.39883049826013,44.017570283893996,1.3855545014779647,1.3848483475995745,-12.643344769165399,False,-0.00021399833586452355,26.29866401255305,-2.6450147796475143,0.7746478873237851,17,2,ema_ribbon_bounce_short,1.3859466128385778,SL,2021-07-14 18:15:00+00:00,-9.066128385779582,-782.6398338616505,30,False
2021-07-14 20:00:00+00:00,21,GBP_USD,LONG,1.3861800000000002,1.384317474774525,1.3874411556306099,1.3874411556306099,1.3874411556306099,416001.58,4,NY,1.5,0.0007555778153048979,14.85611085064329,50.95606208568239,1.3855764153691932,1.3849148317689524,-5.5554353561482195,False,1.4757682647301e-05,80.79776871583245,3.535846308069246,0.5,20,2,ema_ribbon_bounce_long,1.384317474774525,SL,2021-07-15 00:30:00+00:00,-18.625252254751423,-774.8134365875155,270,False
2021-07-15 09:30:00+00:00,21,GBP_USD,SHORT,1.38323,1.3855518845786734,1.3812974092065957,1.3812974092065957,1.3812974092065957,330363.24,4,LONDON,1.5,0.0010612953967021335,28.356815169976315,46.63133053973706,1.384222713625818,1.3846516422139723,-2.6740351166854026,False,-1.2517117770750484e-05,37.32508631285547,-8.027136258179635,0.27906976744166834,9,3,ema_ribbon_bounce_short,1.3855518845786734,SL,2021-07-15 10:00:00+00:00,-23.218845786734388,-767.0653123165921,30,False
2021-07-15 12:15:00+00:00,21,GBP_USD,LONG,1.3866900000000002,1.3836154112060595,1.3892011304584946,1.3892011304584946,1.3892011304584946,246990.64,4,LONDON,1.5,0.0013505652292472197,21.17540984787613,54.45537402511045,1.3851694431998065,1.3848863690216953,4.6769335014307245,False,4.151135571720801e-05,47.22380196868507,13.305568001935608,0.3571428571428383,12,3,ema_ribbon_bounce_long,1.3836154112060595,SL,2021-07-15 16:00:00+00:00,-30.745887939407353,-759.3946539522505,225,False
2021-07-16 12:45:00+00:00,21,GBP_USD,SHORT,1.3806399999999999,1.3842071238505762,1.3783038465761985,1.3783038465761985,1.3783038465761985,210758.23,5,LONDON,1.5,0.0012630767119007596,26.33305536579327,43.75395526054176,1.3824650069869002,1.3835438807672684,-18.394888459281056,False,-4.212034498381309e-05,32.66682794039611,-16.350069869002226,0.7876712328766925,12,4,ema_ribbon_bounce_short,1.3783038465761985,TP3,2021-07-16 14:00:00+00:00,23.36153534646516,492.3635839703435,75,True
2021-07-23 03:30:00+00:00,21,GBP_USD,SHORT,1.3760999999999999,1.3755274932345771,1.3752839349343835,1.3752839349343835,1.3752839349343835,1321773.62,3,ASIAN,1.5,0.0005330325328082262,26.509989886665238,45.67515614346163,1.3763694600281093,1.372688936392876,4.936205027841201,False,-9.435033107426858e-05,78.58255451712928,-0.1946002810937486,0.6666666666666666,3,4,ema_ribbon_bounce_short,1.3755274932345771,SL,2021-07-23 03:45:00+00:00,5.725067654227534,756.7243398073236,15,True
2021-07-23 10:45:00+00:00,21,GBP_USD,SHORT,1.37336,1.375708425237902,1.3716317492639325,1.3716317492639325,1.3716317492639325,325448.55,4,LONDON,1.5,0.0009591253680337579,31.99450695767856,43.77517212570176,1.3749266466987995,1.3731514463761612,1.33102195947421,False,6.912020981569335e-05,50.54945054945423,-13.766466987994441,0.4742268041236547,10,4,ema_ribbon_bounce_short,1.375708425237902,SL,2021-07-23 12:00:00+00:00,-23.484252379020187,-764.291588458617,75,False
2021-07-23 19:00:00+00:00,21,GBP_USD,SHORT,1.3750099999999998,1.3756547747518006,1.374041358429122,1.374041358429122,1.374041358429122,1173508.53,3,NY,1.5,0.0006093207854389243,22.18354906625892,48.22895416838974,1.3752871373731346,1.37376338817525,6.0018582478882365,False,-8.264453477486482e-05,20.12833064338373,-0.27137373134644704,0.2500000000005551,19,4,ema_ribbon_bounce_short,1.374041358429122,TP3,2021-07-23 20:45:00+00:00,9.686415791320726,1136.7091556241573,105,True
2021-07-27 11:15:00+00:00,21,GBP_USD,SHORT,1.3782899999999998,1.3810348420200669,1.3765494494062696,1.3765494494062696,1.3765494494062696,279803.27,4,LONDON,1.5,0.0009652752968651464,26.255038555883925,42.452060341948474,1.380171334574465,1.3786527902927284,0.9588262670545689,False,0.00015149184786522802,76.20430167886903,-16.91334574465131,0.6138613861387053,11,1,ema_ribbon_bounce_short,1.3810348420200669,SL,2021-07-27 12:00:00+00:00,-27.448420200670842,-768.0157728481759,45,False
2021-07-28 11:15:00+00:00,21,GBP_USD,SHORT,1.3865299999999998,1.3873989626218872,1.3848192439369136,1.3848192439369136,1.3848192439369136,874992.3,3,LONDON,1.5,0.0009503780315432247,16.55804630758047,43.684425661341585,1.3875027675933624,1.3840411490656255,-9.678498452707629,False,-7.989426402350269e-05,45.37548916603601,-7.827675933624878,0.6521739130435118,11,2,ema_ribbon_bounce_short,1.3873989626218872,SL,2021-07-28 11:30:00+00:00,-8.689626218874036,-760.3356031392897,15,False
2021-07-30 02:30:00+00:00,21,GBP_USD,SHORT,1.39509,1.395246363885311,1.3944273303395132,1.3944273303395132,1.3944273303395132,4813977.63,3,ASIAN,1.5,0.00045633483024343013,34.5511456922288,44.420742744378984,1.3957527666333922,1.392181601292398,-8.052440674042316,False,-3.6335079712764625e-05,85.97584719700727,-4.127666333921809,0.230769230768968,2,4,ema_ribbon_bounce_short,1.395246363885311,SL,2021-07-30 02:45:00+00:00,-1.563638853110394,-752.7322460272293,15,False
2021-08-02 09:45:00+00:00,21,GBP_USD,LONG,1.3920700000000001,1.3906930377519,1.3935667465141424,1.3935667465141424,1.3935667465141424,541194.88,5,LONDON,1.5,0.0008433732570711385,18.72857170817295,55.51318319317966,1.391028341361692,1.391813653302559,-0.5754684802394827,False,-3.9546726386627934e-05,46.758893106963825,8.516586383080504,0.5411764705881124,9,0,ema_ribbon_bounce_long,1.3906930377519,SL,2021-08-02 10:15:00+00:00,-13.76962248100133,-745.2049186250817,30,False
2021-08-02 15:15:00+00:00,21,GBP_USD,SHORT,1.38957,1.392051605007008,1.3876408406867182,1.3876408406867182,1.3876408406867182,297288.6,3,OVERLAP,1.5,0.0010595796566409566,24.018428878079476,45.68044137577193,1.3904255494243936,1.3914580258630262,-6.598777038175907,False,2.2020787585803957e-05,32.37302603500154,-6.655494243934523,0.0694444444442774,15,0,ema_ribbon_bounce_short,1.3876408406867182,TP3,2021-08-02 16:00:00+00:00,19.291593781735504,573.5170907140853,45,True
2021-08-02 17:00:00+00:00,21,GBP_USD,SHORT,1.38892,1.3916773269419045,1.3872313932386198,1.3872313932386198,1.3872313932386198,269640.87,4,NY,1.5,0.00096930338069009,21.40052006671062,45.73212346439215,1.3900364066459758,1.391279083582221,-10.011606888951086,False,-9.866414932844462e-06,78.58527131783224,-8.664066459758146,0.8139534883723932,17,0,ema_ribbon_bounce_short,1.38922,TIME,2021-08-03 01:00:00+00:00,-2.9999999999996696,-80.8922609999911,480,False
2021-08-03 21:00:00+00:00,21,GBP_USD,LONG,1.3917300000000001,1.3902286940860422,1.3925110982699325,1.3925110982699325,1.3925110982699325,494688.73,4,NY,1.5,0.0005155491349661954,20.55388464945826,53.49585584211479,1.391038199310028,1.390756601486905,5.578156939802792,False,6.173392448074956e-07,38.37455202253258,4.418006899720162,0.23684210526351157,21,1,ema_ribbon_bounce_long,1.3902286940860422,SL,2021-08-04 00:45:00+00:00,-15.013059139579175,-742.6791159173315,225,False
2021-08-04 09:30:00+00:00,21,GBP_USD,LONG,1.39365,1.3910257209567802,1.3950942377072413,1.3950942377072413,1.3950942377072413,280173.08,5,LONDON,1.5,0.0008171188536206389,24.610527199652083,55.049523442793536,1.3924495832776107,1.3913940849199538,5.510293003245792,False,-7.770565213907957e-05,65.45167118337804,10.10416722389218,0.7899999999999334,9,2,ema_ribbon_bounce_long,1.3950942377072413,TP3,2021-08-04 13:30:00+00:00,14.44237758789279,404.6365411322894,240,True
2021-08-05 16:00:00+00:00,21,GBP_USD,LONG,1.3931000000000002,1.3899006702229144,1.3954236205460353,1.3954236205460353,1.3954236205460353,231079.24,5,OVERLAP,1.5,0.0012568102730176332,28.44719935611633,54.35625022061927,1.3916563753960987,1.391020625947294,7.977434936323746,False,-8.33016057607541e-06,33.58014644259626,12.536246039014376,0.18750000000019515,16,3,ema_ribbon_bounce_long,1.39258,TIME,2021-08-06 00:00:00+00:00,-5.20000000000298,-120.16120480006886,480,False
2021-08-06 05:15:00+00:00,21,GBP_USD,SHORT,1.39166,1.3923115351225355,1.3912643190156393,1.3912643190156393,1.3912643190156393,1132858.48,4,ASIAN,1.5,0.0003228404921803733,19.866141562234965,44.280272884924585,1.3922231419068178,1.3916297756950466,-3.292137026917885,False,4.1135604374128494e-05,69.72839506172478,-3.131419068178598,0.9062500000007373,5,4,ema_ribbon_bounce_short,1.3923115351225355,SL,2021-08-06 06:45:00+00:00,-6.515351225355737,-738.0970885822637,90,False
2021-08-10 09:30:00+00:00,21,GBP_USD,LONG,1.3859000000000001,1.3848990323892705,1.3871105935510613,1.3871105935510613,1.3871105935510613,730009.75,3,LONDON,1.5,0.0007002967755306728,23.95495378989664,55.635451978950414,1.3851836915650177,1.386752166343464,-4.516861231396163,False,6.57828101132579e-05,32.934609250403234,5.263084349822478,0.2641509433963213,9,1,ema_ribbon_bounce_long,1.3848990323892705,SL,2021-08-10 13:00:00+00:00,-10.009676107296528,-730.7161152668511,210,False
2021-08-10 18:45:00+00:00,21,GBP_USD,SHORT,1.38371,1.3856640932084958,1.3826363257937981,1.3826363257937981,1.3826363257937981,370201.87,4,NY,1.5,0.0006618371031009573,20.931571803077144,47.555501077828154,1.3844959786650126,1.3860697321730509,-10.463292138542801,False,7.718732930253781e-05,69.59876543210744,-5.3597866501253755,0.1304347826090944,18,1,ema_ribbon_bounce_short,1.3826363257937981,TP3,2021-08-11 00:30:00+00:00,10.73674235204256,397.4762096434354,345,True
2021-08-16 15:45:00+00:00,21,GBP_USD,SHORT,1.3845299999999998,1.3863050948204905,1.3825989588952419,1.3825989588952419,1.3825989588952419,409771.75,5,OVERLAP,1.5,0.001060520552378994,25.695521265322547,46.18123345689693,1.3854996501556995,1.3847812417536647,-7.502791746343274,False,-6.32210974465582e-05,44.695999873562535,-7.79650155699585,0.8421052631577564,15,0,ema_ribbon_bounce_short,1.38403,TIME,2021-08-16 23:45:00+00:00,4.999999999997229,204.88587499988645,480,True
2021-08-25 04:30:00+00:00,21,GBP_USD,SHORT,1.37136,1.3723045610413678,1.3708399093201709,1.3708399093201709,1.3708399093201709,772245.03,5,ASIAN,1.5,0.00038504533991457016,20.330210507032923,41.42284236650878,1.3721725716530748,1.3708623345007978,-3.3699509272211436,False,7.405513242803605e-07,54.208489715168035,-5.6257165307482815,0.5892857142854877,4,2,ema_ribbon_bounce_short,1.3723045610413678,SL,2021-08-25 05:15:00+00:00,-9.44561041367864,-729.4325697279575,45,False
2021-08-25 11:00:00+00:00,21,GBP_USD,SHORT,1.37143,1.372864737326646,1.3700750394932895,1.3700750394932895,1.3700750394932895,503324.36,5,LONDON,1.5,0.0007724802533553332,22.613619726028844,43.8948600847186,1.3723012612322731,1.3711984554820567,-12.473612202588136,False,-0.00011578421474608147,19.53410423999028,-6.812612322730782,0.5952380952380638,11,2,ema_ribbon_bounce_short,1.3700750394932895,TP3,2021-08-25 12:30:00+00:00,13.549605336306925,681.9846434149268,90,True
2021-08-26 10:15:00+00:00,21,GBP_USD,SHORT,1.37407,1.3750082043420526,1.3729365499618948,1.3729365499618948,1.3729365499618948,776971.56,3,LONDON,1.5,0.0006617250190526081,22.658303999239,46.276187184202456,1.374691644408701,1.3732973330621014,3.0430487694932395,False,6.638725231752565e-05,80.37037037037113,-4.3164440870091525,0.729166666666763,10,3,ema_ribbon_bounce_short,1.3729365499618948,TP3,2021-08-26 12:00:00+00:00,11.334500526931055,880.6584556230445,105,True
2021-08-31 20:45:00+00:00,21,GBP_USD,SHORT,1.37506,1.3771301913861846,1.3739244747518664,1.3739244747518664,1.3739244747518664,356375.11,3,NY,1.5,0.0006927626240667788,26.274274139749203,45.86814148666136,1.376201331400815,1.3759748062652088,-17.45164471950389,False,8.762249576806786e-05,73.43169398907654,-8.913314008149875,0.06557377049186892,20,1,ema_ribbon_bounce_short,1.3739244747518664,TP3,2021-09-01 00:45:00+00:00,11.355252799967426,404.67294656662,240,True
2021-09-01 10:15:00+00:00,21,GBP_USD,LONG,1.37569,1.3745585118224017,1.3769646360029646,1.3769646360029646,1.3769646360029646,655606.86,5,LONDON,1.5,0.0007323180014822875,28.01599420608569,55.25918068774858,1.3749563474231608,1.3754298712044928,1.3392752606500302,False,-2.1966598823864843e-05,64.24908424908732,5.436525768391931,0.448979591836411,10,2,ema_ribbon_bounce_long,1.3769646360029646,TP3,2021-09-01 12:15:00+00:00,12.746360224065917,835.6601202928753,120,True
2021-09-08 20:00:00+00:00,21,GBP_USD,LONG,1.3776700000000002,1.37692683360668,1.378671522867594,1.378671522867594,1.378671522867594,1009421.33,3,NY,1.5,0.0006257614337969857,24.047878514342862,52.68439751386286,1.3770323873308457,1.3789051412527102,13.436636853687567,False,-4.1597948238149935e-05,7.411156095375681,3.876126691544357,0.19047619047634154,20,2,ema_ribbon_bounce_long,1.37692683360668,SL,2021-09-08 23:00:00+00:00,-7.431663933201715,-750.1680091565506,180,False
2021-09-13 17:15:00+00:00,21,GBP_USD,SHORT,1.38292,1.384139354808576,1.3815990612413653,1.3815990612413653,1.3815990612413653,609064.99,3,NY,1.5,0.0007854693793173431,20.510158417111917,47.79863886064692,1.3832441534426296,1.3831665065005605,0.5117435745005672,False,-0.00014612924610178397,4.338355076274479,-0.7415344262962087,0.048780487804653494,17,0,ema_ribbon_bounce_short,1.384139354808576,SL,2021-09-13 20:45:00+00:00,-12.193548085761561,-742.6663242918885,210,False
2021-09-14 09:45:00+00:00,21,GBP_USD,LONG,1.3864100000000001,1.3836863893786522,1.3878074291089262,1.3878074291089262,1.3878074291089262,269950.36,5,LONDON,1.5,0.0007937145544630699,27.941892805774625,53.66960092428362,1.3851391561385225,1.3838999520713877,-7.629315603894238,False,-4.869652886500028e-05,35.04123727553222,10.80843861477554,0.42372881355939856,9,1,ema_ribbon_bounce_long,1.3878074291089262,TP3,2021-09-14 12:30:00+00:00,13.974291606921915,377.2365050033549,165,True
2021-09-15 09:30:00+00:00,21,GBP_USD,LONG,1.3832200000000001,1.3817297738382597,1.3845585166791357,1.3845585166791357,1.3845585166791357,495905.96,5,LONDON,1.5,0.0007642583395678904,32.53224537719254,59.099499904542824,1.3820129734803444,1.3830037688420658,-0.5627036810884611,False,-7.0006373806519e-06,16.61810169804502,10.170265196556283,0.6629213483146656,9,2,ema_ribbon_bounce_long,1.3817297738382597,SL,2021-09-15 11:15:00+00:00,-14.902261617404378,-739.0120353550071,105,False
2021-09-15 12:00:00+00:00,21,GBP_USD,LONG,1.3829300000000002,1.3817905270402602,1.384105843042326,1.384105843042326,1.384105843042326,642070.45,4,LONDON,1.5,0.0006829215211629492,20.95150802328691,55.6381826679918,1.3821331802512193,1.3829446154297695,0.13569035224980652,False,-9.709978543994877e-05,70.74469807350361,6.068197487807403,0.6379310344826992,12,2,ema_ribbon_bounce_long,1.3817905270402602,SL,2021-09-15 12:45:00+00:00,-11.3947295974004,-731.6219160231193,45,False
2021-09-15 15:00:00+00:00,21,GBP_USD,LONG,1.3839400000000002,1.3816261205589435,1.385805816495096,1.385805816495096,1.385805816495096,313026.55,5,OVERLAP,1.5,0.001027908247547986,23.816362242582887,56.29469227571023,1.3825969009571502,1.3829852809694256,6.765331714064793,False,3.6934495812508965e-05,37.569168740874865,11.53099042849881,0.6560000000000483,15,2,ema_ribbon_bounce_long,1.38491,TIME,2021-09-15 23:00:00+00:00,9.699999999999152,303.6357534999735,480,True
2021-09-17 11:00:00+00:00,21,GBP_USD,SHORT,1.37892,1.3806611220698455,1.3776353991276147,1.3776353991276147,1.3776353991276147,417743.28,4,LONDON,1.5,0.0007373004361927263,18.41658929469018,46.76956323970938,1.3795013381887309,1.3808112639479304,-1.9240431106282152,False,-6.11226800349327e-05,82.05153848717985,-3.913381887308276,0.30188679245263256,11,4,ema_ribbon_bounce_short,1.3806611220698455,SL,2021-09-17 12:15:00+00:00,-17.411220698455576,-727.3420443376724,75,False
2021-09-21 10:30:00+00:00,21,GBP_USD,LONG,1.3683400000000001,1.3669999491868638,1.3698070430205598,1.3698070430205598,1.3698070430205598,537344.27,4,LONDON,1.5,0.0008285215102798631,18.91355153845796,52.44586695432217,1.3674894560431645,1.370100930090191,-3.96514920407931,False,-9.797703181696526e-05,17.753366406802492,6.605439568354576,0.7719298245614513,10,1,ema_ribbon_bounce_long,1.3669999491868638,SL,2021-09-21 12:30:00+00:00,-13.40050813136262,-720.0686259476112,120,False
2021-09-21 16:30:00+00:00,21,GBP_USD,SHORT,1.3659499999999998,1.3683101148757164,1.3640174317138922,1.3640174317138922,1.3640174317138922,302047.99,4,OVERLAP,1.5,0.0010612841430538784,35.77409433139686,48.264652892735576,1.3666949736130858,1.3693038117015541,-7.6237310653270995,False,0.00010704869900859341,83.28597657486294,-5.54973613085874,0.15555555555556652,16,1,ema_ribbon_bounce_short,1.36551,TIME,2021-09-22 00:30:00+00:00,4.399999999997738,132.9011155999317,480,True
2021-09-22 11:30:00+00:00,21,GBP_USD,SHORT,1.3636099999999998,1.3662643535396963,1.3622761570581279,1.3622761570581279,1.3622761570581279,269066.25,4,LONDON,1.5,0.0007619214709360212,23.055693637791205,45.24770985417989,1.3647665270523377,1.3671188456645278,-0.206466612682199,False,8.637289362320325e-05,32.186948853606594,-9.665270523377956,0.639344262295267,11,2,ema_ribbon_bounce_short,1.3622761570581279,TP3,2021-09-22 12:45:00+00:00,13.338429914449181,358.89213179686624,75,True
2021-09-22 21:15:00+00:00,21,GBP_USD,SHORT,1.36158,1.3660494938963694,1.35895125841424,1.35895125841424,1.35895125841424,160596.68,4,NY,1.5,0.0014393707928800285,18.68239170018156,42.05109678584314,1.363922099651705,1.3660850867973644,-22.999742094149678,False,-0.00022956663407831942,23.536599916307708,-20.920996517048707,0.8733333333332485,21,2,ema_ribbon_bounce_short,1.36418,TIME,2021-09-23 05:15:00+00:00,-25.99999999999936,-417.5513679999897,480,False
2021-09-24 16:45:00+00:00,21,GBP_USD,SHORT,1.36773,1.37062458289975,1.3660354750711101,1.3660354750711101,1.3660354750711101,246533.05,5,OVERLAP,1.5,0.0009422624644449205,21.41644760815271,45.68997731879107,1.3691744828051033,1.369157643911389,-7.879422673788827,False,0.00023481163170368776,68.59911330499563,-12.544828051033186,0.8095238095238725,16,4,ema_ribbon_bounce_short,1.3660354750711101,TP3,2021-09-24 18:45:00+00:00,16.945249976239626,417.75641596547825,120,True
2021-09-27 15:30:00+00:00,21,GBP_USD,LONG,1.3715100000000002,1.3677904995345076,1.373884916754546,1.373884916754546,1.373884916754546,192979.66,4,OVERLAP,1.5,0.0012824583772728902,19.142684336397032,56.351077755790925,1.3696056364646163,1.3688075826636537,11.009946429629824,False,-5.2471425350208187e-05,40.67756691212653,17.143635353837894,0.4098360655739077,15,0,ema_ribbon_bounce_long,1.3704,TIME,2021-09-27 23:30:00+00:00,-11.100000000001662,-214.20742260003212,480,False
2021-09-30 18:15:00+00:00,21,GBP_USD,LONG,1.3474700000000002,1.3449291520953193,1.349989413488271,1.349989413488271,1.349989413488271,281656.31,4,NY,1.5,0.0013847067441355152,20.583359976737572,52.75006905384948,1.3461839682277843,1.3491878881675736,4.958517779234395,False,-0.00016903868158009463,75.38940809968663,10.360317722157841,0.41758241758238274,18,3,ema_ribbon_bounce_long,1.3449291520953193,SL,2021-10-01 01:00:00+00:00,-25.408479046808985,-715.6458451036536,405,False
2021-10-01 05:00:00+00:00,21,GBP_USD,SHORT,1.3451899999999999,1.3469436133123842,1.3442670171514042,1.3442670171514042,1.3442670171514042,404016.89,4,ASIAN,1.5,0.0005864914242978968,23.987710225106493,43.419870877042364,1.3461915948487877,1.3482464041050934,-12.472732642971884,False,5.252613092426026e-05,60.89784261318522,-7.515948487877289,0.46153846153857414,5,4,ema_ribbon_bounce_short,1.3442670171514042,TP3,2021-10-01 06:15:00+00:00,9.229828714408653,372.90066924280825,75,True
2021-10-06 16:00:00+00:00,21,GBP_USD,SHORT,1.3566699999999998,1.3603721845926198,1.35421199750771,1.35421199750771,1.35421199750771,192377.87,4,OVERLAP,1.5,0.0013240012461449605,24.781342116980422,48.54758536038318,1.3579049005802764,1.3590612175134935,1.0117810653276216,False,-3.55624238679975e-05,47.43351579265908,-10.449005802763978,0.3611111111109826,16,2,ema_ribbon_bounce_short,1.35945,TIME,2021-10-07 00:00:00+00:00,-27.800000000002264,-534.8104786000436,480,False
2021-10-07 04:15:00+00:00,21,GBP_USD,LONG,1.35891,1.3581909312009328,1.359535495366933,1.359535495366933,1.359535495366933,983035.69,4,ASIAN,1.5,0.0004377476834665096,22.93149225688372,53.60427711462663,1.3583692162942738,1.358776288551318,15.74347621862593,False,-3.48178417688695e-05,91.94541231126793,2.9078370572621637,0.5,4,3,ema_ribbon_bounce_long,1.3581909312009328,SL,2021-10-07 04:45:00+00:00,-7.190687990672462,-706.8702930485417,30,False
2021-10-07 10:45:00+00:00,21,GBP_USD,LONG,1.3595700000000002,1.35767644263686,1.3613081442134582,1.3613081442134582,1.3613081442134582,369569.79,5,LONDON,1.5,0.0009640721067291073,27.67066092854281,56.76508981235681,1.3585758066443028,1.3587455331260079,7.733546911621314,False,5.937925092771265e-05,47.98842461886057,8.04193355697258,0.7105263157893661,10,3,ema_ribbon_bounce_long,1.3613081442134582,TP3,2021-10-07 11:00:00+00:00,17.381442604896375,642.3656093388605,15,True
2021-10-08 18:15:00+00:00,21,GBP_USD,LONG,1.3626900000000002,1.3607208999811176,1.364222244366328,1.364222244366328,1.364222244366328,358653.82,5,NY,1.5,0.0008911221831640533,24.38348929270402,51.27944084613859,1.362093764586622,1.3608842682230224,-4.420209327962166,False,-0.00010305327208803439,88.52068442712495,3.4623541337808206,0.5882352941182233,18,4,ema_ribbon_bounce_long,1.364222244366328,TP3,2021-10-11 01:00:00+00:00,15.322444090500262,549.5453104794345,3285,True
2021-10-11 11:00:00+00:00,21,GBP_USD,SHORT,1.3627799999999999,1.3640214688752677,1.3609655665621148,1.3609655665621148,1.3609655665621148,573289.2,3,LONDON,1.5,0.0010022167189426743,30.53863181340157,46.2896263351565,1.3634962357998974,1.362125500603949,-2.177007515919982,False,-0.00013677164567324967,79.41584158415986,-5.262357998974121,0.10843373493968168,11,0,ema_ribbon_bounce_short,1.3640214688752677,SL,2021-10-11 13:30:00+00:00,-12.414688752677705,-711.7206983271599,150,False
2021-10-11 15:45:00+00:00,21,GBP_USD,SHORT,1.3622599999999998,1.3639951963656802,1.360561719003136,1.360561719003136,1.360561719003136,406065.57,3,OVERLAP,1.5,0.0009441404984319392,15.00103223365609,44.39824347343865,1.3632947807973694,1.3622975831660675,-7.507642012740678,False,-2.904009562077293e-05,31.970075461880167,-8.447807973694932,0.7184466019416513,15,0,ema_ribbon_bounce_short,1.360561719003136,TP3,2021-10-11 17:15:00+00:00,16.98281038686581,689.6134579944587,90,True
2021-10-12 19:00:00+00:00,21,GBP_USD,SHORT,1.35893,1.3610361498241577,1.3574058864963896,1.3574058864963896,1.3574058864963896,337820.05,5,NY,1.5,0.0008870567518052186,17.824348511081816,47.89823904343907,1.3597027138202966,1.3606547746290079,-7.576421521602317,False,7.99589815899025e-05,72.55988529015463,-5.227138202965609,0.26530612244897034,19,1,ema_ribbon_bounce_short,1.3610361498241577,SL,2021-10-13 01:30:00+00:00,-21.061498241576885,-711.4996389044414,390,False
2021-10-13 18:45:00+00:00,21,GBP_USD,LONG,1.36447,1.3611435411783959,1.3662788365508545,1.3662788365508545,1.3662788365508545,211752.1,5,NY,1.5,0.0010294182754272518,23.188265071976147,52.52623223168843,1.3631344289887413,1.3615293879268295,13.775033112366497,False,-0.00018517559069027066,18.99795907224313,10.855710112587236,0.8148148148148301,18,2,ema_ribbon_bounce_long,1.3662788365508545,TP3,2021-10-13 19:30:00+00:00,18.088366362767648,383.0249562885411,45,True
2021-10-14 19:00:00+00:00,21,GBP_USD,SHORT,1.3679299999999999,1.3685615737814538,1.3667718548416536,1.3667718548416536,1.3667718548416536,1121349.4,4,NY,1.5,0.0007040725791731345,17.765983052163357,43.339817308999216,1.3688692708847832,1.3659039400757915,-21.23776698145896,False,6.488269628773693e-05,68.86435761976128,-6.8927088478321075,0.9361702127660078,19,3,ema_ribbon_bounce_short,1.3685615737814538,SL,2021-10-14 19:30:00+00:00,-6.315737814539534,-708.2148808891218,30,False
2021-10-18 10:45:00+00:00,21,GBP_USD,SHORT,1.3724999999999998,1.3740363171069547,1.3710590644154832,1.3710590644154832,1.3710590644154832,456372.41,3,LONDON,1.5,0.0008154677922583629,20.07162549469889,45.407874772645386,1.3734469113510896,1.3716194001401039,-2.3103743563890333,False,2.2388577286231598e-05,40.83902609914643,-7.569113510896841,0.5909090909091673,10,0,ema_ribbon_bounce_short,1.3740363171069547,SL,2021-10-18 12:00:00+00:00,-15.363171069548986,-701.1327406252349,75,False
2021-10-18 20:00:00+00:00,21,GBP_USD,SHORT,1.37262,1.3737617955384984,1.3716337921933348,1.3716337921933348,1.3716337921933348,607920.93,3,NY,1.5,0.0006181039033326414,17.184003498578743,47.35081269467515,1.373156392289611,1.372070325881229,-1.257540285537484,False,-2.4731510733378974e-05,51.618056412580586,-2.8639228961102603,0.7941176470587851,20,0,ema_ribbon_bounce_short,1.3737617955384984,SL,2021-10-19 00:00:00+00:00,-11.417955384984689,-694.1214056338401,240,False
2021-10-22 12:45:00+00:00,21,GBP_USD,SHORT,1.37851,1.380637923811298,1.376639819625945,1.376639819625945,1.376639819625945,322934.58,3,LONDON,1.5,0.001030090187027463,33.42229421589979,45.473397199897285,1.3793542058276531,1.3796079626705142,-5.682046258030926,False,-0.0001135151163915513,48.599033816419556,-6.54205827653076,0.01190476190483743,12,4,ema_ribbon_bounce_short,1.376639819625945,TP3,2021-10-22 14:30:00+00:00,18.70180431966892,603.9459323214469,105,True
2021-10-25 22:00:00+00:00,21,GBP_USD,SHORT,1.3760999999999999,1.3772952898602908,1.375463551888103,1.375463551888103,1.375463551888103,579959.45,4,NY,1.5,0.00044322405594842757,12.2136530840546,45.39731120116826,1.376666991005427,1.377406601087223,-0.3313614334654602,False,-4.196507776352112e-05,30.13092161929194,-3.169910054270364,0.7941176470587851,22,0,ema_ribbon_bounce_short,1.37636,TIME,2021-10-26 06:00:00+00:00,-2.60000000000149,-150.7894570000864,480,False
2021-10-27 21:00:00+00:00,21,GBP_USD,SHORT,1.3736199999999998,1.3756472182094905,1.3725234178755057,1.3725234178755057,1.3725234178755057,341212.28,4,NY,1.5,0.0006732910622471356,21.055480321865687,46.91809066369152,1.3743230269490454,1.3758364431460866,3.2891896729703163,False,-9.512617019050035e-05,59.0038314176226,-4.530269490454764,0.5106382978724108,21,2,ema_ribbon_bounce_short,1.3725234178755057,TP3,2021-10-28 00:30:00+00:00,10.965821566319768,374.16729787171397,210,True
2021-10-28 05:30:00+00:00,21,GBP_USD,LONG,1.37463,1.3739082888077334,1.3753569033273627,1.3753569033273627,1.3753569033273627,963617.35,4,ASIAN,1.5,0.000488451663681438,25.96905481716304,56.83476027496558,1.3739874062291069,1.3752417162160722,8.376148071442824,False,4.611514797459487e-05,61.27347829475195,3.9259377089306824,0.14634146341458132,5,3,ema_ribbon_bounce_long,1.3739082888077334,SL,2021-10-28 06:00:00+00:00,-7.217111922666053,-695.4534265572867,30,False
2021-10-28 10:45:00+00:00,21,GBP_USD,LONG,1.37623,1.3737378413847021,1.3779222557082162,1.3779222557082162,1.3779222557082162,276266.08,5,LONDON,1.5,0.0009411278541081956,15.710195854717936,57.45495388251623,1.3747032390699732,1.3752347530912987,7.460152380223128,False,6.970433268612688e-06,85.94432942258796,13.367609300267702,0.8404255319147831,10,3,ema_ribbon_bounce_long,1.3737378413847021,SL,2021-10-28 12:00:00+00:00,-24.921586152979458,-688.4988913865916,75,False
2021-11-05 19:00:00+00:00,21,GBP_USD,LONG,1.34921,1.3484344223831524,1.351020087557138,1.351020087557138,1.351020087557138,878846.8,4,NY,1.5,0.0010300437785691215,18.05321221622079,55.36631954098956,1.3479638112169683,1.353265259332885,28.147988294640047,False,-0.00014110982698606984,24.371605073921902,9.961887830316485,0.9148936170211861,19,4,ema_ribbon_bounce_long,1.3484344223831524,SL,2021-11-05 19:45:00+00:00,-7.755776168476558,-681.6139067181884,45,False
2021-11-05 19:45:00+00:00,21,GBP_USD,LONG,1.34949,1.3485127089355942,1.3510923368669945,1.3510923368669945,1.3510923368669945,690477.78,4,NY,1.5,0.0009261684334972207,16.92349763659201,56.99142615764084,1.3480840337868927,1.3531399161433346,30.481378686046945,False,-0.00010472335766820943,80.26447503413833,11.559662131073178,0.41836734693880556,19,4,ema_ribbon_bounce_long,1.3485127089355942,SL,2021-11-07 22:00:00+00:00,-9.772910644059161,-674.7977645648341,3015,False
2021-11-07 23:15:00+00:00,21,GBP_USD,LONG,1.34918,1.348578850780947,1.3504798071514375,1.3504798071514375,1.3504798071514375,1111287.8,3,NY,1.5,0.0007749035757187255,39.77823268609864,53.52017232588991,1.3483724933180345,1.3527435320060073,23.67454404208047,False,-0.00011744576512966507,64.77569730581622,5.57506681965414,0.1956521739128231,23,6,ema_ribbon_bounce_long,1.348578850780947,SL,2021-11-08 00:00:00+00:00,-6.011492190529654,-668.0497931130881,45,False
2021-11-08 00:15:00+00:00,21,GBP_USD,LONG,1.3494300000000001,1.3486083911052211,1.3506088354345118,1.3506088354345118,1.3506088354345118,804968.52,3,ASIAN,1.5,0.0007144177172558974,43.46731145860966,55.97549191770249,1.3484582727124146,1.3525948089666575,25.725307523760677,False,-6.939105586140071e-05,60.036608103623145,7.217272875854608,0.671232876712358,0,0,ema_ribbon_bounce_long,1.3486083911052211,SL,2021-11-08 00:45:00+00:00,-8.216088947790023,-661.3692960490893,30,False
2021-11-09 22:15:00+00:00,21,GBP_USD,SHORT,1.35536,1.356244498742052,1.3543582322350918,1.3543582322350918,1.3543582322350918,740256.11,5,NY,1.5,0.000625883882454151,10.2030349537077,47.46645828299715,1.3559132903356448,1.3548271467022683,-6.473595321383474,False,-3.262854353683748e-05,0.0,-3.0329033564480135,0.09999999999955592,22,1,ema_ribbon_bounce_short,1.356244498742052,SL,2021-11-10 03:15:00+00:00,-8.844987420522088,-654.7555980914615,300,False
2021-11-10 04:15:00+00:00,21,GBP_USD,SHORT,1.3551099999999998,1.3561397008508633,1.354283847016711,1.354283847016711,1.354283847016711,629511.03,5,ASIAN,1.5,0.0005380764916444773,21.37618406207421,46.39084255960949,1.3557051016127761,1.3549865057363597,-7.9798697144428665,False,2.569508612630796e-05,24.370709382146256,-3.4510161277623297,0.5806451612904843,4,2,ema_ribbon_bounce_short,1.3561397008508633,SL,2021-11-10 06:45:00+00:00,-10.29700850863513,-648.2080432189665,150,False
2021-11-12 13:45:00+00:00,21,GBP_USD,LONG,1.3399500000000002,1.337736778534047,1.3415696403635473,1.3415696403635473,1.3415696403635473,289951.08,4,OVERLAP,1.5,0.0009048201817736422,23.799000629236755,57.897825034844494,1.3384245223233953,1.3410246856841166,4.402825673466282,False,-7.529520466782036e-05,58.45362188659771,13.354776766048015,0.01098901098883938,13,4,ema_ribbon_bounce_long,1.3415696403635473,TP3,2021-11-12 15:00:00+00:00,16.19640419406205,469.6164888184822,75,True
2021-11-12 16:00:00+00:00,21,GBP_USD,LONG,1.34075,1.337553857001794,1.3430640999266676,1.3430640999266676,1.3430640999266676,202250.69,3,OVERLAP,1.5,0.0012520499633338416,23.256507520562,57.09399261708478,1.338801354674762,1.3409040341808542,10.909734807125204,False,4.4497675778507214e-05,44.16162571861952,17.58645325238062,0.5488372093023386,16,4,ema_ribbon_bounce_long,1.34178,TIME,2021-11-15 00:00:00+00:00,10.299999999998644,208.31821069997258,3360,True
2021-11-15 13:45:00+00:00,21,GBP_USD,LONG,1.34376,1.3408985034856544,1.3453923594677353,1.3453923594677353,1.3453923594677353,226631.52,3,OVERLAP,1.5,0.0009111797338676534,29.632049479638646,57.87180003864546,1.3424591636638665,1.3417555245522912,13.022133864208918,False,0.00012136307017600719,46.717425256580164,11.108363361334028,0.3614457831324914,13,0,ema_ribbon_bounce_long,1.3408985034856544,SL,2021-11-15 20:45:00+00:00,-28.614965143456406,-648.5053045208543,420,False
2021-11-16 00:15:00+00:00,21,GBP_USD,SHORT,1.34092,1.3426102099723562,1.3399161215716384,1.3399161215716384,1.3399161215716384,379846.45,5,ASIAN,1.5,0.0006269392141808291,37.17062568170121,44.16258488799883,1.3420266854112897,1.3419123292477226,-12.876418535243683,False,3.997346486037822e-05,63.29344729345437,-8.566854112896927,0.6909090909091129,0,1,ema_ribbon_bounce_short,1.3426102099723562,SL,2021-11-16 01:45:00+00:00,-16.9020997235636,-642.0202577541615,90,False
2021-11-16 04:45:00+00:00,21,GBP_USD,LONG,1.3429,1.3417036798487914,1.343662252371333,1.343662252371333,1.343662252371333,531295.95,4,ASIAN,1.5,0.0005061261856666067,29.164220419212292,51.548233734947914,1.3424091895994512,1.3420439338607948,1.797129743972281,False,-1.2815692979643617e-05,12.845917813942862,2.408104005486855,0.5238095238086174,4,1,ema_ribbon_bounce_long,1.3417036798487914,SL,2021-11-16 05:45:00+00:00,-11.963201512086297,-635.6000512405325,60,False
2021-11-16 10:30:00+00:00,21,GBP_USD,LONG,1.3454400000000002,1.3421410471992334,1.3472319924042728,1.3472319924042728,1.3472319924042728,190740.54,3,LONDON,1.5,0.000990996202136355,39.63244781294925,54.055000936582495,1.343898273861822,1.3425730210531026,-6.971679810949816,False,-0.00010484605034714856,12.357915918859204,13.517261381781331,0.3333333333333333,10,1,ema_ribbon_bounce_long,1.3421410471992334,SL,2021-11-16 14:00:00+00:00,-32.98952800766752,-629.2440386527628,210,False
2021-11-16 17:00:00+00:00,21,GBP_USD,SHORT,1.34252,1.344445733477024,1.3404598674471198,1.3404598674471198,1.3404598674471198,323487.97,5,NY,1.5,0.0011550662764401565,16.519102528734734,46.03956386487406,1.3435736660009752,1.3428051887987773,-15.499272300156797,False,-6.346420338714052e-05,57.66970063934762,-8.03666000975145,0.0,17,1,ema_ribbon_bounce_short,1.34253,TIME,2021-11-17 01:00:00+00:00,-0.10000000000065512,-3.234879700021192,480,False
2021-11-17 05:15:00+00:00,21,GBP_USD,SHORT,1.34171,1.3435321079017226,1.3405311169141703,1.3405311169141703,1.3405311169141703,341867.39,4,ASIAN,1.5,0.0007144415429148407,26.19946655760996,46.55387911472201,1.3426013599854179,1.3427187892347507,-18.16183059262233,False,1.2683075333098958e-05,72.62072613564503,-6.413599854178109,0.6363636363635217,5,2,ema_ribbon_bounce_short,1.3435321079017226,SL,2021-11-17 06:30:00+00:00,-18.22107901722658,-622.9192726603017,75,False
2021-11-17 11:15:00+00:00,21,GBP_USD,LONG,1.34413,1.342060622338657,1.3462215408979112,1.3462215408979112,1.3462215408979112,298007.5,3,LONDON,1.5,0.0011407704489556209,22.18545343728627,52.7529631455196,1.3433475294057429,1.3429554485193866,1.7507756350521042,False,-8.98599538058224e-05,87.62306610408079,5.924705942570441,0.5890410958903984,11,2,ema_ribbon_bounce_long,1.3462215408979112,TP3,2021-11-17 12:00:00+00:00,20.915409680953626,623.2948950496788,45,True
2021-11-17 16:15:00+00:00,21,GBP_USD,LONG,1.3469300000000002,1.3429101641744565,1.349338474403418,1.349338474403418,1.349338474403418,154962.3,5,OVERLAP,1.5,0.001299237201709002,27.095171476945303,55.58532905362085,1.344974099059918,1.3435501771400018,14.831720232821866,False,-7.354177812365578e-05,65.78597030209899,17.659009400821102,0.17757009345804867,16,2,ema_ribbon_bounce_long,1.349338474403418,TP3,2021-11-17 17:15:00+00:00,24.084745588410968,373.22275712950164,60,True
2021-11-18 16:15:00+00:00,21,GBP_USD,SHORT,1.3470099999999998,1.349104914581853,1.3450671848908113,1.3450671848908113,1.3450671848908113,299131.65,3,OVERLAP,1.5,0.0010664075545942944,25.753427664233424,43.414677248974336,1.3483536070959947,1.3467953530392438,-13.511113092270488,False,5.187074055282954e-05,43.16752429959403,-11.536070959947686,0.5257731958763453,16,3,ema_ribbon_bounce_short,1.349104914581853,SL,2021-11-18 17:00:00+00:00,-20.949145818531797,-626.6552554788018,45,False
2021-11-18 20:15:00+00:00,21,GBP_USD,LONG,1.3500800000000002,1.3477928877338687,1.3512368713175107,1.3512368713175107,1.3512368713175107,271254.15,5,NY,1.5,0.0007034356587552542,32.08067960753928,57.04842540029624,1.3490033043866438,1.347224890339543,11.619021806832386,False,1.6203557995628985e-05,22.593718338401526,8.26695613356243,0.4807692307693211,20,3,ema_ribbon_bounce_long,1.34847,TIME,2021-11-19 04:15:00+00:00,-16.100000000001113,-436.71918150003023,480,False
2021-11-19 05:45:00+00:00,21,GBP_USD,SHORT,1.34839,1.3492487810577873,1.3477593660826372,1.3477593660826372,1.3477593660826372,717320.79,4,ASIAN,1.5,0.00044031695868146066,32.129010735889295,46.61546864644271,1.3489858495762017,1.347829435717764,-1.375314073632783,False,4.286264197757766e-05,84.50299700300157,-3.4584957620165113,0.6470588235290661,5,4,ema_ribbon_bounce_short,1.3492487810577873,SL,2021-11-19 06:30:00+00:00,-8.587810577873611,-616.0215068090656,45,False
2021-11-19 12:15:00+00:00,21,GBP_USD,SHORT,1.3444299999999998,1.3488577850290198,1.341974363651854,1.341974363651854,1.341974363651854,137735.07,3,LONDON,1.5,0.0013228181740729931,40.53319299734625,44.86289453381856,1.3466248326021868,1.3473753727530973,5.966675184565506,False,0.0002612009664135276,75.61439831462827,-20.04832602186868,0.19696969696981168,12,4,ema_ribbon_bounce_short,1.341974363651854,TP3,2021-11-19 12:45:00+00:00,24.556365264327635,338.2272688627736,30,True
2021-11-19 13:45:00+00:00,21,GBP_USD,SHORT,1.3438499999999998,1.348515874922943,1.3411980878800553,1.3411980878800553,1.3411980878800553,131431.63,5,OVERLAP,1.5,0.0014209560599722337,27.283103269109755,46.22764173823035,1.3459923091787067,1.3471575544979264,1.6007789351202284,False,0.00027304849718236095,74.69394290424098,-19.523091787068125,0.8000000000001066,13,4,ema_ribbon_bounce_short,1.34486,TIME,2021-11-19 21:45:00+00:00,-10.100000000001772,-132.74594630002332,480,False
2021-11-21 22:00:00+00:00,21,GBP_USD,SHORT,1.34438,1.3471318218160089,1.3428795001767293,1.3428795001767293,1.3428795001767293,222367.63,4,NY,1.5,0.0008752499116353368,37.44639903594745,45.58039512425114,1.3454442986688637,1.3466687573982903,0.11647907785850009,False,-1.4571579151032531e-05,81.37001345870142,-8.142986688637333,0.4705882352942521,22,6,ema_ribbon_bounce_short,1.3428795001767293,TP3,2021-11-22 01:45:00+00:00,15.004998907489457,333.66260452110197,225,True
2021-11-22 16:45:00+00:00,21,GBP_USD,SHORT,1.3410799999999998,1.34497151207572,1.3387600460627056,1.3387600460627056,1.3387600460627056,158101.2,3,OVERLAP,1.5,0.00125497696864713,23.08437751833015,45.24280364746627,1.3427994374012406,1.344811361794274,-12.296739738344442,False,-3.0126464033988537e-05,76.21538461538493,-15.294374012406742,0.6194690265487595,16,0,ema_ribbon_bounce_short,1.3387600460627056,TP3,2021-11-22 18:00:00+00:00,23.199540840327685,366.7875246304816,75,True
2021-11-23 16:00:00+00:00,21,GBP_USD,SHORT,1.33595,1.3399030287406284,1.333841139243547,1.333841139243547,1.333841139243547,156568.71,5,OVERLAP,1.5,0.0011494303782265507,18.52637042737672,46.64734533204758,1.3374133340035326,1.3407837698316603,-8.948043898420188,False,7.52945881027187e-05,35.8870967741964,-12.73334003532467,0.860215053763256,16,1,ema_ribbon_bounce_short,1.33766,TIME,2021-11-24 00:00:00+00:00,-17.100000000001,-267.7324941000157,480,False
2021-11-24 12:30:00+00:00,21,GBP_USD,SHORT,1.33598,1.3384767042753718,1.3342775346047868,1.3342775346047868,1.3342775346047868,246822.7,4,LONDON,1.5,0.000946232697606676,22.510092961681693,45.27616786114866,1.3370523913703283,1.3388544876689816,-4.394447835354143,False,4.899013652641415e-05,47.22222222222294,-8.82391370328195,0.7578947368419232,12,2,ema_ribbon_bounce_short,1.3342775346047868,TP3,2021-11-24 13:30:00+00:00,17.02465464188362,420.2071225277249,60,True
2021-11-26 10:45:00+00:00,21,GBP_USD,LONG,1.3320100000000001,1.3304398378600226,1.3340458642862985,1.3340458642862985,1.3340458642862985,395147.31,4,LONDON,1.5,0.001112932143149194,14.075242609687258,55.016236769348,1.3310324810525573,1.3329380169169298,6.215138537863929,False,0.00013018073857874122,52.77789441709698,7.875189474426669,0.16494845360819788,10,4,ema_ribbon_bounce_long,1.3340458642862985,TP3,2021-11-26 12:45:00+00:00,20.358643378199698,804.4663166144925,120,True
2021-11-26 14:15:00+00:00,21,GBP_USD,LONG,1.3338900000000002,1.3309564004156451,1.335968218737226,1.335968218737226,1.335968218737226,214238.51,3,OVERLAP,1.5,0.0011341093686129105,24.58997794738019,56.5010451694405,1.3322096073948357,1.3330431878271198,15.772499489548064,False,2.0460857617063443e-06,50.43389852218413,14.903926051643701,0.34666666666655616,14,4,ema_ribbon_bounce_long,1.3309564004156451,SL,2021-11-26 16:30:00+00:00,-29.335995843551284,-628.4900038888621,135,False
2021-11-28 22:15:00+00:00,21,GBP_USD,SHORT,1.33293,1.33442464129047,1.329847287507749,1.329847287507749,1.329847287507749,416290.6,5,NY,1.5,0.0016663562461255927,20.71075718965297,47.29767156501579,1.3332135249504138,1.3331553214373228,-0.9783746553004846,False,-0.00012532012195380193,23.32053251407977,-0.33524950413754695,1.0,22,6,ema_ribbon_bounce_short,1.33351,TIME,2021-11-29 06:15:00+00:00,-5.8000000000002485,-241.44854800001036,480,False
2021-11-29 18:00:00+00:00,21,GBP_USD,SHORT,1.33008,1.3334536031953046,1.328331097054422,1.328331097054422,1.328331097054422,183717.7,3,NY,1.5,0.0009994514727890672,35.24001087857812,44.18859800527309,1.3318872480342097,1.3328718099426624,-20.90715036783486,False,9.688437769546517e-05,75.41151527979908,-15.572480342096462,0.24691358024689328,18,0,ema_ribbon_bounce_short,1.33265,TIME,2021-11-30 02:00:00+00:00,-25.699999999999612,-472.1544889999929,480,False
2021-11-30 04:00:00+00:00,21,GBP_USD,LONG,1.3324,1.331352590644642,1.3331550002905515,1.3331550002905515,1.3331550002905515,587228.94,3,ASIAN,1.5,0.0005025001452757608,35.93328245990207,55.596729559991154,1.331642870393412,1.3323369767680495,0.6043172921610385,False,-4.649356067180086e-05,20.70627597772229,5.071296065879416,0.25,4,1,ema_ribbon_bounce_long,1.331352590644642,SL,2021-11-30 05:45:00+00:00,-10.474093553580754,-615.0690854930059,105,False
2021-11-30 13:30:00+00:00,21,GBP_USD,LONG,1.3349000000000002,1.3319691618132032,1.3365388598870787,1.3365388598870787,1.3365388598870787,207762.54,3,OVERLAP,1.5,0.0009144299435392959,20.674745929640615,57.523535029740025,1.3334535109788126,1.332762842258023,-0.5384774313887952,False,-0.0001544693924081938,76.20574192239009,12.56489021187468,0.5918367346937804,13,1,ema_ribbon_bounce_long,1.3365388598870787,TP3,2021-11-30 15:00:00+00:00,16.38859965959853,340.49370923213263,90,True
2021-12-01 11:15:00+00:00,21,GBP_USD,LONG,1.3323600000000002,1.3298045149890068,1.3345891006332855,1.3345891006332855,1.3345891006332855,239611.4,4,LONDON,1.5,0.0012095503166426912,20.95147368966147,55.50412819351887,1.3310651040553065,1.3313808019085231,13.711693049143214,False,8.046067205566603e-05,68.54558724898286,11.048959446935402,0.29245283018869306,11,2,ema_ribbon_bounce_long,1.3345891006332855,TP3,2021-12-01 14:00:00+00:00,22.291007263151204,534.1179457733829,165,True
2021-12-02 16:45:00+00:00,21,GBP_USD,SHORT,1.3305699999999998,1.3315355818268555,1.3286304295468638,1.3286304295468638,1.3286304295468638,639681.17,4,OVERLAP,1.5,0.0010647852265680728,29.55016887159202,46.28163490737429,1.3308387970140632,1.3305786859082869,-5.589071350855512,False,-0.0001597019384596775,45.49946904914177,-0.7879701406321438,0.5666666666667407,16,3,ema_ribbon_bounce_short,1.3315355818268555,SL,2021-12-02 17:00:00+00:00,-9.65581826855688,-617.664512733784,15,False
2021-12-02 20:45:00+00:00,21,GBP_USD,SHORT,1.3296299999999999,1.3311190773462314,1.3282731438023936,1.3282731438023936,1.3282731438023936,410648.83,4,NY,1.5,0.0008034280988031321,14.951991839749684,45.386849398554745,1.330392562259522,1.33047980572044,-12.209995576768495,False,3.7494214750903696e-05,48.078690935833926,-5.125622595221202,0.4923076923078132,20,3,ema_ribbon_bounce_short,1.32891,TIME,2021-12-03 04:45:00+00:00,7.199999999998319,295.667157599931,480,True
2021-12-06 13:45:00+00:00,21,GBP_USD,LONG,1.3268300000000002,1.3243506885130738,1.328517009411303,1.328517009411303,1.328517009411303,247828.7,4,OVERLAP,1.5,0.0009385047056515045,33.658892853660866,55.827875885540166,1.3252913820721361,1.3263470773370638,4.221249122615678,False,-0.00019498802005205756,31.50586943380887,13.486179278638932,0.8105263157894024,13,0,ema_ribbon_bounce_long,1.3243506885130738,SL,2021-12-06 14:30:00+00:00,-24.79311486926372,-614.4445427000298,45,False
2021-12-06 20:30:00+00:00,21,GBP_USD,LONG,1.3260800000000001,1.3246301743523823,1.3272088487304659,1.3272088487304659,1.3272088487304659,419567.75,3,NY,1.5,0.0006894243652329187,15.673274841990706,52.77339719061089,1.3253828305587756,1.3261059189519546,1.1617027953803039,False,3.0058622408938925e-05,22.287234042551734,4.471694412244709,0.6333333333338514,20,0,ema_ribbon_bounce_long,1.3272088487304659,TP3,2021-12-07 02:15:00+00:00,11.28848757370744,473.628533220339,345,True
2021-12-07 17:15:00+00:00,21,GBP_USD,SHORT,1.32286,1.3265168347736451,1.320802933118481,1.320802933118481,1.320802933118481,167641.26,5,NY,1.5,0.0011535334407594732,22.30699141627081,44.0754288428702,1.3247752918703148,1.325870937718023,-13.501632320080947,False,0.00014175043098557595,51.46729390680692,-16.652918703148334,0.7920792079207398,17,1,ema_ribbon_bounce_short,1.32455,TIME,2021-12-08 01:15:00+00:00,-16.899999999999693,-283.3137293999949,480,False
2021-12-08 05:30:00+00:00,21,GBP_USD,LONG,1.32558,1.3244836882866946,1.3261943615207814,1.3261943615207814,1.3261943615207814,556596.48,4,ASIAN,1.5,0.00043218076039071144,30.484119310914913,54.26526633587056,1.3248572219414863,1.3253488768592616,9.179831148864448,False,-8.680531417526162e-05,23.243620052126705,4.727780585136454,0.044444444444236106,5,2,ema_ribbon_bounce_long,1.3244836882866946,SL,2021-12-08 07:00:00+00:00,-10.963117133053755,-610.2032406085413,90,False
2021-12-08 14:45:00+00:00,21,GBP_USD,SHORT,1.3199599999999998,1.3249107039060597,1.316941934474875,1.316941934474875,1.316941934474875,122023.3,4,OVERLAP,1.5,0.0016040327625624694,20.199154672336256,44.415169643371755,1.3222501995527205,1.3243232078199534,-9.837198952986625,False,0.00022714031625848904,53.14244923650103,-21.001995527205608,0.2653061224490412,14,2,ema_ribbon_bounce_short,1.32035,TIME,2021-12-08 22:45:00+00:00,-3.9000000000011243,-47.58908700001373,480,False
2021-12-09 20:00:00+00:00,21,GBP_USD,LONG,1.32182,1.319997525691371,1.3231843542707888,1.3231843542707888,1.3231843542707888,331211.97,4,NY,1.5,0.000807177135394477,28.506559567319197,57.41121630415429,1.3205421928913599,1.3217900595909076,16.129563403328717,False,4.204944789751059e-05,41.319444444444194,10.278071086400331,0.9166666666666446,20,3,ema_ribbon_bounce_long,1.3231843542707888,TP3,2021-12-10 02:00:00+00:00,13.643543119816304,451.8904794494304,360,True
2021-12-10 12:15:00+00:00,21,GBP_USD,SHORT,1.32005,1.321910328267978,1.318809354533675,1.318809354533675,1.318809354533675,326901.56,5,LONDON,1.5,0.0007153227331625532,35.07129776680371,45.516893033744786,1.3209985946714164,1.3216474633791757,-0.5636859282676099,False,7.527584032969914e-05,81.4691335649999,-7.585946714163683,0.3243243243240648,12,4,ema_ribbon_bounce_short,1.321910328267978,SL,2021-12-10 13:30:00+00:00,-18.603282679781064,-608.144212914141,75,False
2021-12-14 16:15:00+00:00,21,GBP_USD,LONG,1.32414,1.321726708264522,1.3257690212703999,1.3257690212703999,1.3257690212703999,249477.83,4,OVERLAP,1.5,0.0009095106351999082,18.95296557572494,56.396089589323154,1.32288924145844,1.3227108445520712,6.913224073539226,False,-0.00015515344420829395,65.01275108467551,10.607585415600695,0.5394736842104879,16,1,ema_ribbon_bounce_long,1.32332,TIME,2021-12-15 00:15:00+00:00,-8.20000000000043,-204.5718206000107,480,False
2021-12-17 13:15:00+00:00,21,GBP_USD,SHORT,1.3292199999999998,1.331642122550526,1.327600877048788,1.327600877048788,1.327600877048788,247723.66,3,OVERLAP,1.5,0.0009045614756060191,24.708109572116037,43.563104360218944,1.3308772613813178,1.3292534532370899,-11.376180412956405,False,5.4395902884827284e-05,84.94235116475959,-14.672613813178081,0.2916666666667052,13,4,ema_ribbon_bounce_short,1.327600877048788,TP3,2021-12-17 14:45:00+00:00,16.1912301657196,401.0950796554466,90,True
2021-12-21 16:15:00+00:00,21,GBP_USD,LONG,1.32526,1.3221736331326142,1.3271597968831694,1.3271597968831694,1.3271597968831694,195708.43,3,OVERLAP,1.5,0.0010448984415847465,22.178602125814173,54.87672506855773,1.323829975170203,1.3236091973511257,4.347973721119391,False,-0.00012159193270455752,62.202420587146854,12.400248297970151,0.49462365591382446,16,1,ema_ribbon_bounce_long,1.32667,TIME,2021-12-22 00:15:00+00:00,14.099999999999113,275.94888629998263,480,True
2021-12-27 10:30:00+00:00,21,GBP_USD,LONG,1.34095,1.3396071659972504,1.3419542804387785,1.3419542804387785,1.3419542804387785,451870.82,5,LONDON,1.5,0.0005971402193892896,22.02140104792174,55.47848367942276,1.3403171380888341,1.3391075436013182,2.68398639636791,False,4.59435330505093e-05,86.63168103448486,4.428619111658261,0.3488372093020854,10,0,ema_ribbon_bounce_long,1.3396071659972504,SL,2021-12-27 11:15:00+00:00,-13.428340027497041,-606.7875019463911,45,False
2021-12-29 04:15:00+00:00,21,GBP_USD,SHORT,1.34279,1.3436901727939277,1.3421840129641487,1.3421840129641487,1.3421840129641487,667338.12,3,ASIAN,1.5,0.0004279935179256588,13.385317843983975,47.272945064650635,1.343255464580761,1.342592096905058,-6.536512813977158,False,5.750367076994849e-06,15.310596017641485,-2.154645807610489,0.652173913044024,4,2,ema_ribbon_bounce_short,1.3421840129641487,TP3,2021-12-29 06:45:00+00:00,6.059870449319006,404.39825530921007,150,True
2021-12-29 11:15:00+00:00,21,GBP_USD,SHORT,1.3416199999999998,1.3434390762520023,1.3404725220071907,1.3404725220071907,1.3404725220071907,332456.43,3,LONDON,1.5,0.0006687389964046388,24.46320433426304,46.8013186021403,1.3424405602135812,1.3424847538517537,0.17218985937983433,False,6.576461875582365e-05,67.59776536312619,-6.305602135812105,0.016949152542104974,11,2,ema_ribbon_bounce_short,1.3434390762520023,SL,2021-12-29 11:45:00+00:00,-18.19076252002505,-604.7635966385332,30,False
2021-12-30 16:45:00+00:00,21,GBP_USD,LONG,1.3500900000000002,1.3471684061955014,1.3519109822946038,1.3519109822946038,1.3519109822946038,204927.86,4,OVERLAP,1.5,0.0010054911473018288,17.807613349285894,53.08842145615727,1.3490459020635388,1.346650920799723,8.0662319548086,False,-0.00013905699959325228,39.92949527279631,8.540979364612955,0.25,16,3,ema_ribbon_bounce_long,1.35,TIME,2021-12-31 00:45:00+00:00,-0.9000000000014552,-18.44350740002982,480,False
2022-01-03 00:00:00+00:00,21,GBP_USD,SHORT,1.35187,1.351993873918763,1.3507933374806858,1.3507933374806858,1.3507933374806858,4831780.09,4,ASIAN,1.5,0.0006633312596571566,22.369249212450505,45.55861848646732,1.3521442958857042,1.3499089794605306,5.816972423906552,False,-0.00010450080929840343,8.355019570510327,-0.24295885704184172,0.06521739130427437,0,0,ema_ribbon_bounce_short,1.351993873918763,SL,2022-01-03 00:15:00+00:00,-1.2387391876300669,-598.5315343493731,15,False
2022-01-04 11:45:00+00:00,21,GBP_USD,LONG,1.34972,1.3476723899661542,1.3513771771851253,1.3513771771851253,1.3513771771851253,289384.31,4,LONDON,1.5,0.0009235885925627159,36.31494981208113,54.020685592956944,1.3485703024528077,1.3488873690879313,-3.6538395859841977,False,-0.00014259426606858102,27.691163897252054,9.59697547192162,0.2830188679247496,11,1,ema_ribbon_bounce_long,1.3513771771851253,TP3,2022-01-04 13:45:00+00:00,16.571772423908776,479.5610928369869,120,True
2022-01-05 23:45:00+00:00,21,GBP_USD,SHORT,1.3551799999999998,1.3552656633813995,1.3542763408634906,1.3542763408634906,1.3542763408634906,6973129.25,4,NY,1.5,0.0005768295682547088,23.313796806809744,45.47413349905868,1.3555908668036043,1.353207636435169,-1.7198019729836034,False,-2.124199841515472e-05,67.13420847569469,-1.6086680360438699,0.9000000000004441,23,2,ema_ribbon_bounce_short,1.3552656633813995,SL,2022-01-06 00:00:00+00:00,-0.8566338139970319,-597.3418304921763,15,False
2022-01-06 16:30:00+00:00,21,GBP_USD,LONG,1.3539100000000002,1.3521994396401484,1.356185773498429,1.356185773498429,1.356185773498429,345716.19,4,OVERLAP,1.5,0.0012328867492145408,20.60979347018864,54.150397186245144,1.353189817121694,1.3531106240220732,9.289188520960057,False,-1.5221597523966418e-05,82.41456535697894,5.301828783059737,0.13636363636349874,16,3,ema_ribbon_bounce_long,1.3521994396401484,SL,2022-01-06 18:45:00+00:00,-17.105603598517312,-591.3684103729696,135,False
2022-01-06 19:00:00+00:00,21,GBP_USD,SHORT,1.3526,1.3542822353250437,1.351024896277949,1.351024896277949,1.351024896277949,348021.9,3,NY,1.5,0.0009125518610255385,18.349826459864786,47.46515749868391,1.3531486352234627,1.353109406950187,0.1782401068739503,False,-0.00011293351001731404,32.38894707965907,-2.9863522346262883,0.350000000000111,19,3,ema_ribbon_bounce_short,1.3542822353250437,SL,2022-01-07 01:15:00+00:00,-16.82235325043635,-585.4547340688035,375,False
2022-01-10 17:30:00+00:00,21,GBP_USD,SHORT,1.35587,1.3579505191463725,1.3543687033676908,1.3543687033676908,1.3543687033676908,278584.4,3,NY,1.5,0.0008756483161545606,30.987135317264386,47.44512250258546,1.3568979595566097,1.3563681527929996,-6.960445190442588,False,0.00025267531619486386,44.34205560176647,-7.77959556609753,0.27450980392161983,17,0,ema_ribbon_bounce_short,1.3579505191463725,SL,2022-01-10 20:45:00+00:00,-20.80519146372639,-579.6001780807339,195,False
2022-01-19 17:00:00+00:00,21,GBP_USD,LONG,1.36335,1.3608141829985887,1.3648588686328214,1.3648588686328214,1.3648588686328214,226279.81,5,NY,1.5,0.0008794343164107379,19.153546912807535,52.54047096994316,1.362181286205871,1.3624302778461332,6.0452624650264575,False,-0.0001910851521348894,35.86120473597254,9.187137941288892,0.8172043010752406,17,2,ema_ribbon_bounce_long,1.3608141829985887,SL,2022-01-19 22:30:00+00:00,-25.358170014113668,-573.8041892741338,330,False
2022-01-20 04:15:00+00:00,21,GBP_USD,LONG,1.36277,1.361421744106125,1.3635521985293528,1.3635521985293528,1.3635521985293528,421334.07,5,ASIAN,1.5,0.0005160992646764534,20.383512801158652,54.2553351479838,1.36213935681846,1.3623114993416894,0.5850505848381538,False,3.0549179307413964e-05,44.47351848353239,3.8064318153985255,0.4722222222220509,4,3,ema_ribbon_bounce_long,1.3635521985293528,TP3,2022-01-20 08:00:00+00:00,7.821985479176016,329.56689774221314,225,True
2022-01-26 10:30:00+00:00,21,GBP_USD,LONG,1.3512100000000002,1.3493687172009718,1.3524289270235514,1.3524289270235514,1.3524289270235514,310306.38,4,LONDON,1.5,0.0007044635117756968,19.218645087012494,55.16219514473971,1.3504499340601845,1.3505541968694859,6.959127355947725,False,7.528917240689779e-05,76.582600351832,5.700659398155672,0.566666666666531,10,2,ema_ribbon_bounce_long,1.3493687172009718,SL,2022-01-26 15:00:00+00:00,-18.412827990283986,-571.3617999227699,270,False
2022-01-28 12:15:00+00:00,21,GBP_USD,SHORT,1.3377499999999998,1.3405981838416647,1.3361988237004698,1.3361988237004698,1.3361988237004698,198599.61,4,LONDON,1.5,0.0008705881497650295,26.849102416872093,44.07266491632694,1.3388914485278356,1.3419781805759636,-0.4218723693671933,False,9.279980133949342e-05,36.97191697192102,-9.514485278356855,0.6237623762377805,12,4,ema_ribbon_bounce_short,1.3405981838416647,SL,2022-01-28 13:30:00+00:00,-28.48183841664964,-565.6482001629636,75,False
2022-01-28 15:30:00+00:00,21,GBP_USD,LONG,1.3412300000000001,1.3387550503678884,1.3434699505655616,1.3434699505655616,1.3434699505655616,226263.88,2,OVERLAP,1.5,0.0012149752827808088,25.861199989971514,56.38904384400881,1.3396890513376247,1.3418282382458835,15.885990057742383,False,0.00011324375668064215,20.041081463456063,13.509486623752842,0.28930817610057274,15,4,ema_ribbon_bounce_long,1.3387550503678884,SL,2022-01-28 18:00:00+00:00,-24.749496321117,-559.9917065661659,150,False
2022-01-31 16:15:00+00:00,21,GBP_USD,SHORT,1.34171,1.3431073891806076,1.3392700724814053,1.3392700724814053,1.3392700724814053,396733.99,5,OVERLAP,1.5,0.001314963759297437,27.112135380128667,44.926468605033115,1.3424976604481298,1.341776318088538,-9.652313241410582,False,-0.0001087969410218443,28.25707451930435,-5.976604481296999,0.6744186046510428,16,0,ema_ribbon_bounce_short,1.3431073891806076,SL,2022-01-31 16:45:00+00:00,-13.973891806076107,-554.3917852052881,30,False
2022-01-31 17:45:00+00:00,21,GBP_USD,LONG,1.34386,1.340787109013324,1.3459590933566292,1.3459590933566292,1.3459590933566292,178609.61,4,NY,1.5,0.0011745466783146731,19.47721647355097,53.40171008260956,1.3426669761264625,1.341864341679719,7.140527298525878,False,6.69749848326246e-06,57.196163765314736,9.430238735375074,0.9523809523806502,17,0,ema_ribbon_bounce_long,1.3459590933566292,TP3,2022-01-31 20:30:00+00:00,20.990934741532666,374.91826677206,165,True
2022-02-03 17:15:00+00:00,21,GBP_USD,LONG,1.3601,1.3552215415574227,1.363337159370738,1.363337159370738,1.363337159370738,113272.88,3,NY,1.5,0.0017435796853690036,25.777540100485503,53.11382807271671,1.3581415583481653,1.3547559020382935,11.511930389076497,False,-0.00015324170231535705,16.975362600362523,17.084416518347023,0.3786407766991882,17,3,ema_ribbon_bounce_long,1.36076,TIME,2022-02-04 01:15:00+00:00,6.599999999998829,74.76010079998674,480,True
2022-02-04 12:30:00+00:00,21,GBP_USD,SHORT,1.3562699999999999,1.3591846692482807,1.3547026812545833,1.3547026812545833,1.3547026812545833,189848.18,4,LONDON,1.5,0.000878659372708338,27.96097085797611,40.23336731391048,1.3581344908556552,1.3570072240126296,-3.964001009082452,False,0.00018081051229546224,64.24881538604386,-16.744908556551863,0.8834951456311517,12,4,ema_ribbon_bounce_short,1.3547026812545833,TP3,2022-02-04 13:15:00+00:00,15.673188279730288,297.55262697041263,45,True
2022-02-08 14:00:00+00:00,21,GBP_USD,LONG,1.3545900000000002,1.3523757926362534,1.3562996868620179,1.3562996868620179,1.3562996868620179,251250.26,4,OVERLAP,1.5,0.0009498434310089252,29.25878394084535,55.00047577070067,1.353513527477659,1.353600821998059,3.921204395962441,False,-0.00014444608080914196,72.70164103820015,8.864725223409753,0.522123893805355,14,1,ema_ribbon_bounce_long,1.35441,TIME,2022-02-08 22:00:00+00:00,-1.8000000000029102,-45.22504680007312,480,False
2022-02-14 01:00:00+00:00,21,GBP_USD,SHORT,1.3555499999999998,1.3574137649992062,1.3538595646630665,1.3538595646630665,1.3538595646630665,298250.01,4,ASIAN,1.5,0.0009702176684667257,19.873706316955793,44.69655212534262,1.3565452764736952,1.3560936500887535,-10.210596331445831,False,0.00013110268887025188,23.073696215434452,-7.452764736952666,0.6833333333334444,1,0,ema_ribbon_bounce_short,1.3538595646630665,TP3,2022-02-14 03:15:00+00:00,16.90435393611827,504.17237304908144,135,True
2022-02-14 19:45:00+00:00,21,GBP_USD,SHORT,1.35171,1.3545343694867875,1.3497587366584909,1.3497587366584909,1.3497587366584909,198596.41,5,NY,1.5,0.0011006316707545696,19.757054270506938,46.72697543780581,1.3526494701130434,1.354291480509744,-0.6721484870952921,False,-5.309906738173115e-05,28.414580588492385,-6.894701130433223,0.9333333333332593,19,0,ema_ribbon_bounce_short,1.3545343694867875,SL,2022-02-15 01:00:00+00:00,-28.24369486787548,-560.9096405895494,315,False
2022-02-15 04:00:00+00:00,21,GBP_USD,LONG,1.3541,1.3529900664295924,1.3547687324114885,1.3547687324114885,1.3547687324114885,500300.71,4,ASIAN,1.5,0.00045936620574430317,23.319849352745848,55.74304377354381,1.3533068618351702,1.3540473206915995,16.10011311464099,False,-5.319573868176519e-05,23.315412186378364,5.431381648297595,0.45714285714258523,4,1,ema_ribbon_bounce_long,1.3529900664295924,SL,2022-02-15 05:45:00+00:00,-11.099335704076728,-555.3005533277938,105,False
2022-02-16 04:30:00+00:00,21,GBP_USD,LONG,1.35443,1.3534759726668761,1.3549457490308723,1.3549457490308723,1.3549457490308723,576238.79,4,ASIAN,1.5,0.0003828745154361635,27.341188782388127,51.88947429470702,1.353984186319078,1.3539583246293014,1.6682589636696221,False,-4.980012787986999e-05,68.99158465266117,1.9581368092191909,0.2499999999994449,4,2,ema_ribbon_bounce_long,1.3549457490308723,TP3,2022-02-16 05:45:00+00:00,5.157490398225247,297.1946026509935,75,True
2022-02-17 16:15:00+00:00,21,GBP_USD,LONG,1.3626,1.3581968157883335,1.3649510859973792,1.3649510859973792,1.3649510859973792,125527.23,5,OVERLAP,1.5,0.0012705429986896372,17.60525113693846,55.94525286661186,1.360731888235539,1.3578911615572715,14.037431088729235,False,-0.00010009945120599149,59.050900133047016,16.781117644608656,0.07894736842097574,16,3,ema_ribbon_bounce_long,1.36102,TIME,2022-02-18 00:15:00+00:00,-15.800000000001367,-198.33302340001717,480,False
2022-02-18 05:00:00+00:00,21,GBP_USD,SHORT,1.36056,1.361155295410628,1.3598859620396393,1.3598859620396393,1.3598859620396393,925147.68,4,ASIAN,1.5,0.00046201898018035124,21.601052124418956,45.513798572045395,1.3611622712761746,1.3593234610573215,-4.068795760299171,False,5.659508045996762e-05,13.88888888888993,-3.522712761745428,0.2727272727269057,5,4,ema_ribbon_bounce_short,1.361155295410628,SL,2022-02-18 06:15:00+00:00,-5.952954106280828,-550.7361680572182,75,False
2022-02-20 22:30:00+00:00,21,GBP_USD,SHORT,1.35897,1.361035867331759,1.3576806874076932,1.3576806874076932,1.3576806874076932,263922.47,3,NY,1.5,0.0007696562961533993,31.361158133525592,46.793849342687224,1.3598865472537882,1.3598289866263535,-11.82364863246299,False,-3.2425683636709595e-05,33.49917081260108,-6.66547253788119,0.34000000000004443,22,6,ema_ribbon_bounce_short,1.361035867331759,SL,2022-02-21 01:30:00+00:00,-20.658673317590633,-545.2288088901614,180,False
2022-02-21 17:00:00+00:00,21,GBP_USD,SHORT,1.3605399999999999,1.362075367242821,1.3591616176038939,1.3591616176038939,1.3591616176038939,351561.83,3,NY,1.5,0.0008141911980530886,38.48087624197957,44.859263197333654,1.3613964359261157,1.360728075433136,-8.671157867892187,False,4.8268574659098376e-05,41.80011497084508,-6.064359261157559,0.5818181818183066,17,0,ema_ribbon_bounce_short,1.3591616176038939,TP3,2022-02-21 22:45:00+00:00,13.783824353133888,484.58665139863166,345,True
2022-02-22 21:30:00+00:00,21,GBP_USD,LONG,1.359,1.3575929873453536,1.3604113044707284,1.3604113044707284,1.3604113044707284,387077.1,5,NY,1.5,0.0008306522353642495,19.453222143011978,54.189954775929316,1.3580983036105678,1.359041162391397,14.370049303997767,False,-9.848025023011416e-05,47.76572486532427,6.516963894320771,0.7460317460318076,21,1,ema_ribbon_bounce_long,1.35907,TIME,2022-02-23 05:30:00+00:00,0.700000000000145,27.095397000005608,480,True
2022-02-23 12:30:00+00:00,21,GBP_USD,SHORT,1.35902,1.360230421623594,1.3574098566688917,1.3574098566688917,1.3574098566688917,450168.21,3,LONDON,1.5,0.000900071665554201,30.637376998067786,45.24664338667784,1.3596573473649722,1.3593196576777764,-10.34601178774297,False,-0.00021747958732417554,35.532156221813544,-4.4734736497220595,0.2625000000000833,12,2,ema_ribbon_bounce_short,1.360230421623594,SL,2022-02-23 13:30:00+00:00,-12.104216235941932,-544.8933356386918,60,False
2022-02-25 11:45:00+00:00,21,GBP_USD,SHORT,1.3383299999999998,1.3418431398068946,1.336369740185202,1.336369740185202,1.336369740185202,153550.51,5,LONDON,1.5,0.0010751299073990315,40.105011867467695,46.257900873062795,1.3393977030732105,1.3446417692970571,3.276278026513868,False,4.631780966564284e-05,75.82994579945938,-8.777030732105562,0.27710843373518795,11,4,ema_ribbon_bounce_short,1.3418431398068946,SL,2022-02-25 15:45:00+00:00,-35.13139806894827,-539.4444090500023,240,False
2022-02-28 00:45:00+00:00,21,GBP_USD,SHORT,1.33672,1.3408163340338266,1.333978791997796,1.333978791997796,1.333978791997796,130372.66,4,ASIAN,1.5,0.001495604001102072,24.492206253785206,46.35435703152492,1.3383302383436986,1.3422296979565937,-14.190528651982781,False,0.00014165334783646226,66.13803927936449,-13.602383436985832,0.23239436619714565,0,0,ema_ribbon_bounce_short,1.33661,TIME,2022-02-28 08:45:00+00:00,1.0999999999983245,14.340992599978158,480,True
2022-02-28 16:45:00+00:00,21,GBP_USD,LONG,1.3420100000000001,1.3372540564233815,1.3452056618359294,1.3452056618359294,1.3452056618359294,112321.22,4,OVERLAP,1.5,0.001692830917964735,34.95739699172834,56.47939859045388,1.3394217530904167,1.3404244613070406,22.950633892728778,False,-6.48551608264645e-05,57.84829108432237,23.98246909583346,0.31521739130435045,16,0,ema_ribbon_bounce_long,1.34125,TIME,2022-03-01 00:45:00+00:00,-7.600000000000939,-85.36412720001056,480,False
2022-03-01 04:15:00+00:00,21,GBP_USD,SHORT,1.34065,1.3409442532292755,1.3397011820634233,1.3397011820634233,1.3397011820634233,1812519.55,4,ASIAN,1.5,0.0005994089682883097,34.82558698642395,45.839637231349485,1.340997168747714,1.3407276055660116,9.380767148505775,False,-9.93404506764035e-05,42.26179089746096,-0.9716874771403816,0.3437500000003036,4,1,ema_ribbon_bounce_short,1.3409442532292755,SL,2022-03-01 04:30:00+00:00,-2.9425322927556503,-533.339730712594,15,False
2022-03-03 19:30:00+00:00,21,GBP_USD,SHORT,1.33404,1.3378068217841428,1.3318735125227126,1.3318735125227126,1.3318735125227126,140172.9,5,NY,1.5,0.0012082437386436815,29.4603654584978,44.98947639104314,1.336074850102737,1.336724814161567,-20.682875182285176,False,0.00030810094738370106,63.85184322404141,-17.84850102737101,0.959595959595921,19,3,ema_ribbon_bounce_short,1.3318735125227126,TP3,2022-03-04 00:45:00+00:00,21.664876318455416,303.68285416992194,315,True
2022-03-04 03:15:00+00:00,21,GBP_USD,SHORT,1.3335199999999998,1.3363364980898247,1.3318601649503925,1.3318601649503925,1.3318601649503925,188547.32,4,ASIAN,1.5,0.0009549175248037158,29.212231593376764,48.06570016305136,1.334553788182577,1.335993299170322,-17.323911489350863,False,8.705821092285754e-05,33.699382292373706,-7.837881825771831,0.4242424242424446,3,4,ema_ribbon_bounce_short,1.3318601649503925,TP3,2022-03-04 08:00:00+00:00,16.598351376401272,312.9574668438771,285,True
2022-03-08 19:45:00+00:00,21,GBP_USD,SHORT,1.3104799999999999,1.3138528716286022,1.3076467704846493,1.3076467704846493,1.3076467704846493,158373.28,4,NY,1.5,0.0015416147576752886,22.871738639812975,47.093919024565956,1.3113897521164428,1.3157150069628945,-6.710283107629333,False,-0.00013039598486180835,41.5314399298592,-6.597521164428688,0.1086956521738973,19,1,ema_ribbon_bounce_short,1.31069,TIME,2022-03-09 03:45:00+00:00,-2.1000000000004344,-33.258388800006884,480,False
2022-03-09 13:00:00+00:00,21,GBP_USD,LONG,1.3155800000000002,1.3116631850908251,1.3176660129310036,1.3176660129310036,1.3176660129310036,136294.45,3,OVERLAP,1.5,0.0011380064655017441,20.125826566829794,56.40945430356706,1.3135527645532852,1.3141432976159422,4.234091253323413,False,-0.0002081739238747988,40.38285792063187,18.3723544671488,0.3723404255320154,13,2,ema_ribbon_bounce_long,1.3176660129310036,TP3,2022-03-09 14:15:00+00:00,20.860130840553467,284.31200598412727,75,True
2022-03-09 17:15:00+00:00,21,GBP_USD,LONG,1.31753,1.3124825426991038,1.3201398847693644,1.3201398847693644,1.3201398847693644,106327.45,4,NY,1.5,0.0014299423846822284,19.127415231342752,56.634590051871115,1.3150962748719024,1.3145341573251583,14.80627590599859,False,-0.00010334566391935625,41.319696602922726,21.837251280976133,0.7870967741935779,17,2,ema_ribbon_bounce_long,1.31538,TIME,2022-03-10 01:15:00+00:00,-21.500000000000963,-228.60401750001023,480,False
2022-03-14 16:15:00+00:00,21,GBP_USD,LONG,1.3062500000000001,1.3037419874551393,1.308377986844093,1.308377986844093,1.308377986844093,213075.98,4,OVERLAP,1.5,0.00115899342204654,22.68533172168698,56.658702590134865,1.3046052916164481,1.3067175208537525,11.472635694735889,False,-5.894057723153563e-05,51.5960835248506,14.547083835518837,0.9285714285712398,16,0,ema_ribbon_bounce_long,1.3037419874551393,SL,2022-03-14 16:45:00+00:00,-25.080125448608825,-534.3972308485265,30,False
2022-03-21 03:00:00+00:00,21,GBP_USD,SHORT,1.31601,1.3166239196276661,1.3151424337815503,1.3151424337815503,1.3151424337815503,861763.06,4,ASIAN,1.5,0.0005587831092249022,28.076011293254968,45.25741373733215,1.3165260904313796,1.314828812265501,9.261930074999647,False,-9.297150518058916e-06,52.91666666666763,-2.660904313795953,0.7586206896552252,3,0,ema_ribbon_bounce_short,1.3151424337815503,TP3,2022-03-21 05:00:00+00:00,8.675662285169741,747.6365278394469,120,True
2022-03-21 12:15:00+00:00,21,GBP_USD,SHORT,1.3136999999999999,1.316250495476491,1.3122932591601677,1.3122932591601677,1.3122932591601677,210362.9,4,LONDON,1.5,0.0007983704199161478,28.910669278780173,41.71734684531463,1.3151497612187455,1.3148712959578663,-6.997737349661026,False,-2.6748053496630352e-05,76.26568100358259,-12.59761218745492,0.16393442622949028,12,0,ema_ribbon_bounce_short,1.316250495476491,SL,2022-03-21 13:00:00+00:00,-25.504954764912213,-536.5296248715752,45,False
2022-03-21 22:15:00+00:00,21,GBP_USD,SHORT,1.3162099999999999,1.3173023849553982,1.314897206700666,1.314897206700666,1.314897206700666,486242.81,3,NY,1.5,0.0007813966496670026,24.18108808403897,46.28178544003649,1.3167779203496124,1.3157356904439994,-3.295898502213568,False,2.3195803190531876e-05,43.29411764706419,-3.1792034961242166,0.058823529412187284,22,0,ema_ribbon_bounce_short,1.314897206700666,TP3,2022-03-22 00:30:00+00:00,13.127933263326998,638.336315945259,135,True
2022-03-23 16:00:00+00:00,21,GBP_USD,SHORT,1.3202399999999999,1.3241581568076464,1.3177314197977428,1.3177314197977428,1.3177314197977428,137194.02,4,OVERLAP,1.5,0.0013492901011286345,29.923046301166238,47.168799875875806,1.322182642078855,1.3215386298307514,-3.6585393365151653,False,0.00043558121846206874,71.84953703703478,-17.52642078854949,0.6153846153847176,16,2,ema_ribbon_bounce_short,1.32101,TIME,2022-03-24 00:00:00+00:00,-7.7000000000015945,-105.63939540002187,480,False
2022-03-24 16:30:00+00:00,21,GBP_USD,SHORT,1.3178599999999998,1.3207279540027377,1.3156524606614164,1.3156524606614164,1.3156524606614164,187064.12,4,OVERLAP,1.5,0.0011987696692917493,15.557344681897359,46.09870544315998,1.318844306972907,1.3200520946079644,-4.615474930833585,False,-4.045423610363015e-05,27.482045357118334,-7.943069729070551,0.7590361445783713,16,3,ema_ribbon_bounce_short,1.31893,TIME,2022-03-25 00:30:00+00:00,-10.700000000001264,-200.15860840002364,480,False
2022-03-25 20:00:00+00:00,21,GBP_USD,SHORT,1.31798,1.3201474894185978,1.3163556070794837,1.3163556070794837,1.3163556070794837,246593.92,4,NY,1.5,0.0009371964602581127,17.65418060557289,44.46314598800302,1.3190651810604686,1.3194884373897924,-5.7456089718921355,False,-6.181936099344717e-05,52.697184612076036,-8.351810604685372,0.9868421052630734,20,4,ema_ribbon_bounce_short,1.3163556070794837,TP3,2022-03-28 00:15:00+00:00,16.243929863893875,400.5654341342658,3135,True
2022-03-29 20:15:00+00:00,21,GBP_USD,SHORT,1.30911,1.3115654903969975,1.307403541135463,1.307403541135463,1.307403541135463,219302.57,5,NY,1.5,0.0009782294322685954,23.542241584844902,46.245267650635085,1.3101853111026058,1.3120589127952187,-20.05442550806702,False,0.00019146643410295242,34.28253578897549,-8.253111026057525,0.8536585365849564,20,1,ema_ribbon_bounce_short,1.31085,TIME,2022-03-30 04:15:00+00:00,-17.400000000000748,-381.5864718000164,480,False
2022-03-30 10:30:00+00:00,21,GBP_USD,LONG,1.3139100000000001,1.3100601365847269,1.3161066367682284,1.3161066367682284,1.3161066367682284,138882.72,2,LONDON,1.5,0.0011933183841141655,31.770656231280988,56.901843833773626,1.3118762806108628,1.3117316366179943,0.10328733828224301,False,1.4877050319836785e-05,28.843680975793717,18.437193891371884,0.22608695652167868,10,2,ema_ribbon_bounce_long,1.3161066367682284,TP3,2022-03-30 11:45:00+00:00,21.966369263931053,305.07491118991425,75,True
2022-03-31 17:00:00+00:00,21,GBP_USD,LONG,1.31471,1.3119086046722601,1.3170713540439194,1.3170713540439194,1.3170713540439194,191950.86,4,NY,1.5,0.001305677021959665,16.196931462358222,53.83064710462969,1.3134653815063555,1.3129647764329444,11.974538089394304,False,-6.143181875985031e-05,38.542176937396825,9.946184936444613,0.8518518518514661,17,3,ema_ribbon_bounce_long,1.31374,TIME,2022-04-01 01:00:00+00:00,-9.700000000001372,-186.19233420002635,480,False
2022-04-01 04:15:00+00:00,21,GBP_USD,SHORT,1.31286,1.3140728242527027,1.3119490290087377,1.3119490290087377,1.3119490290087377,441835.1,5,ASIAN,1.5,0.0005804854956312016,20.79789422437016,44.93977903682224,1.3135819045391837,1.3132382152089426,-3.576135571625727,False,-6.276235294704828e-06,79.2006406523008,-4.7190453918366515,0.5,4,4,ema_ribbon_bounce_short,1.3119490290087377,TP3,2022-04-01 06:45:00+00:00,9.109710118801454,402.4989681311652,150,True
2022-04-01 16:15:00+00:00,21,GBP_USD,SHORT,1.3107799999999998,1.3134890620375632,1.3090043600232775,1.3090043600232775,1.3090043600232775,199291.6,5,OVERLAP,1.5,0.0009828199883612182,27.3076036400641,46.977252885179276,1.3119436745531414,1.3127705153526041,-7.559535210643897,False,0.0001432672571307686,83.1824305201777,-9.73674553141457,0.893617021276837,16,4,ema_ribbon_bounce_short,1.3090043600232775,TP3,2022-04-03 21:00:00+00:00,17.756400658199475,353.8701497413627,3165,True
2022-04-04 10:15:00+00:00,21,GBP_USD,SHORT,1.3113,1.312451364793329,1.3101059809261222,1.3101059809261222,1.3101059809261222,471989.43,5,LONDON,1.5,0.0006920095369389254,18.848622853869074,44.71871236178921,1.3117589081247039,1.31206212759767,-4.631692595262749,False,-0.00015079343348728508,29.91671096935038,-2.6890812470381498,0.6341463414632033,10,0,ema_ribbon_bounce_short,1.3101059809261222,TP3,2022-04-04 10:30:00+00:00,11.940190991753086,563.5643940288674,15,True
2022-04-04 12:45:00+00:00,21,GBP_USD,SHORT,1.3104799999999999,1.3124398065862894,1.3088492759310018,1.3088492759310018,1.3088492759310018,280164.21,5,LONDON,1.5,0.0009103620344991668,28.26807952960254,45.71884272549841,1.3113498498183411,1.311911328893938,-5.3747995009256755,False,2.531683191066373e-05,61.0086100861048,-6.798498183411272,0.9565217391307845,12,0,ema_ribbon_bounce_short,1.3124398065862894,SL,2022-04-04 14:30:00+00:00,-19.598065862895805,-549.0676640006172,105,False
2022-04-05 11:15:00+00:00,21,GBP_USD,LONG,1.31336,1.3111876604588344,1.3148408422263127,1.3148408422263127,1.3148408422263127,250226.53,4,LONDON,1.5,0.0008354211131563942,20.26535973145345,53.90333401615426,1.312402522697227,1.3119291418695622,2.4774996988696785,False,-7.990717721576587e-05,45.518068887630555,7.674773027730453,0.6333333333332469,11,1,ema_ribbon_bounce_long,1.3148408422263127,TP3,2022-04-05 13:15:00+00:00,14.808422854926821,370.5460265761032,120,True
2022-04-06 19:15:00+00:00,21,GBP_USD,SHORT,1.3063699999999998,1.309303269570239,1.3042215653213993,1.3042215653213993,1.3042215653213993,186577.62,5,NY,1.5,0.0011992173393002659,29.98709972494591,44.35597081720135,1.307578531679183,1.3090973494748328,-13.618404624140545,False,-7.404290590163953e-05,45.91737098220023,-9.585316791831389,0.586206896551711,19,2,ema_ribbon_bounce_short,1.30768,TIME,2022-04-07 03:15:00+00:00,-13.100000000001442,-244.41668220002694,480,False
2022-04-07 04:15:00+00:00,21,GBP_USD,LONG,1.3079500000000002,1.3071756314638474,1.3087800049161322,1.3087800049161322,1.3087800049161322,703590.41,3,ASIAN,1.5,0.0005400024580661138,32.531406842382765,52.64359816101951,1.3074593851394618,1.3085565631681622,-1.695098994849431,False,-7.010907914039986e-06,25.697960618848256,2.4061486053827963,0.18750000000060715,4,3,ema_ribbon_bounce_long,1.3087800049161322,TP3,2022-04-07 06:00:00+00:00,8.300049279287604,583.983507543417,105,True
2022-04-08 04:00:00+00:00,21,GBP_USD,SHORT,1.3065,1.3076819128153372,1.3058279769183982,1.3058279769183982,1.3058279769183982,465921.1,4,ASIAN,1.5,0.00046101154080087776,15.633746398902574,45.328061567864935,1.307037742887285,1.3077409143260021,-5.265789434463208,False,-2.8055952645061213e-05,66.04698483168283,-2.8774288728494746,0.620689655172097,4,4,ema_ribbon_bounce_short,1.3058279769183982,TP3,2022-04-08 06:00:00+00:00,6.720230960252852,313.1097401255065,120,True
2022-04-11 11:30:00+00:00,21,GBP_USD,SHORT,1.3019699999999998,1.303998502413758,1.300100996307544,1.300100996307544,1.300100996307544,273013.83,4,LONDON,1.5,0.0010295018462279592,35.61697337691723,45.65935010121257,1.3026202791477897,1.3041408731029054,-14.454774641798895,False,-0.0001437232339558908,3.5547654412477834,-4.602791477896773,0.2368421052632886,11,0,ema_ribbon_bounce_short,1.303998502413758,SL,2022-04-11 14:45:00+00:00,-20.28502413758071,-553.8092131443357,195,False
2022-04-12 03:15:00+00:00,21,GBP_USD,SHORT,1.30175,1.3032265337690507,1.3008317107242577,1.3008317107242577,1.3008317107242577,371323.12,4,ASIAN,1.5,0.0005841446378711075,15.015658250043394,47.92900958408304,1.3023940282774777,1.3034136298946244,-9.82022642123992,False,4.184169707340267e-05,52.28796269310038,-3.940282774776982,0.25714285714274837,3,1,ema_ribbon_bounce_short,1.3032265337690507,SL,2022-04-12 05:15:00+00:00,-14.765337690507696,-548.2711259092912,120,False
2022-04-12 15:30:00+00:00,21,GBP_USD,LONG,1.3042200000000002,1.3013657804354735,1.3062494319376958,1.3062494319376958,1.3062494319376958,190170.52,4,OVERLAP,1.5,0.0011097159688478546,30.039864652630328,57.66331875381956,1.3025888854696193,1.3029684475288184,13.026897607006926,False,-1.1154738318437294e-05,30.171984029421008,14.411145303807604,0.33944954128437566,15,1,ema_ribbon_bounce_long,1.3013657804354735,SL,2022-04-12 17:45:00+00:00,-28.542195645266943,-542.788418780215,135,False
2022-04-14 22:00:00+00:00,21,GBP_USD,SHORT,1.30696,1.309361535686668,1.3056349508161647,1.3056349508161647,1.3056349508161647,223757.04,3,NY,1.5,0.0007875245919176805,26.318815810543047,46.54779318227988,1.3081901824433793,1.3074723768206151,-13.104299781701023,False,4.591134548888117e-05,54.07773386034731,-9.801824433792738,0.6851851851851699,22,3,ema_ribbon_bounce_short,1.3056349508161647,TP3,2022-04-14 23:30:00+00:00,13.250492430534594,296.4890964798827,90,True
2022-04-17 23:15:00+00:00,21,GBP_USD,SHORT,1.30538,1.3070565659224174,1.304422220628268,1.304422220628268,1.304422220628268,322281.04,4,NY,1.5,0.0006038896858659759,30.153486526047775,46.55094523748791,1.3060515807404478,1.306654977397073,-7.893565812799874,False,3.655730962862539e-05,66.92869339928318,-4.215807404477356,0.31111111111113304,23,6,ema_ribbon_bounce_short,1.304422220628268,TP3,2022-04-18 00:15:00+00:00,9.577794014506773,308.67414159010184,60,True
2022-04-19 10:30:00+00:00,21,GBP_USD,LONG,1.3024700000000002,1.3007105948901063,1.304203657893366,1.304203657893366,1.304203657893366,308861.3,2,LONDON,1.5,0.0009618289466829433,25.760251587346648,54.66549991395714,1.3013906247320584,1.3027858000021981,-4.4300837446153984,False,-2.346533956689616e-05,27.456212370006813,8.8937526794175,0.07407407407415022,10,1,ema_ribbon_bounce_long,1.3007105948901063,SL,2022-04-19 11:30:00+00:00,-17.59405109893919,-543.4121494684787,60,False
2022-04-19 20:45:00+00:00,21,GBP_USD,SHORT,1.2992899999999998,1.3015673779714845,1.2981135629201856,1.2981135629201856,1.2981135629201856,236226.94,5,NY,1.5,0.0007132185399071715,18.349059521557447,44.18711537178804,1.3003839146756273,1.301932490592698,-12.68434819065245,False,-1.70484681330643e-06,54.30751675938185,-8.439146756273885,0.8095238095236584,20,1,ema_ribbon_bounce_short,1.3015673779714845,SL,2022-04-20 00:00:00+00:00,-22.7737797148464,-537.9780294272238,195,False
2022-04-20 15:30:00+00:00,21,GBP_USD,LONG,1.3051300000000001,1.301854681249837,1.3072522543589808,1.3072522543589808,1.3072522543589808,162609.59,5,OVERLAP,1.5,0.001156127179490482,31.031221230878312,52.709518400365695,1.3039037945811907,1.302680346968849,5.1429163726979255,False,-0.0001471452893176026,57.11782260252185,10.362054188093328,0.07407407407399286,15,2,ema_ribbon_bounce_long,1.3072522543589808,TP3,2022-04-20 22:45:00+00:00,21.222544894929747,345.09893241211194,435,True
2022-04-21 09:00:00+00:00,21,GBP_USD,SHORT,1.30564,1.3061519635644427,1.3040097011276297,1.3040097011276297,1.3040097011276297,1047045.69,3,LONDON,1.5,0.0009101494361851494,20.016485934424757,47.26822695423666,1.3059079207672244,1.3043231262763437,-2.884767299264901,False,-0.00011289560844543353,38.71624407338598,-0.7792076722434871,0.2941176470585674,9,3,ema_ribbon_bounce_short,1.3061519635644427,SL,2022-04-21 09:15:00+00:00,-5.119635644428299,-536.0492435869023,15,False
2022-04-21 17:45:00+00:00,21,GBP_USD,SHORT,1.30362,1.3062343841259316,1.3015207766468433,1.3015207766468433,1.3015207766468433,202988.06,5,NY,1.5,0.0011746116765784383,14.70598250168098,45.09999765571144,1.3050278932047181,1.3045097194552202,-11.286522014062328,False,-9.946330770846412e-06,58.83227479245878,-11.578932047180412,0.272727272727063,17,3,ema_ribbon_bounce_short,1.30243,TIME,2022-04-22 01:45:00+00:00,11.900000000000244,241.55579140000495,480,True
2022-04-26 05:15:00+00:00,21,GBP_USD,LONG,1.2759,1.2754563853453356,1.2770090927048579,1.2770090927048579,1.2770090927048579,1201728.35,4,ASIAN,1.5,0.0006795463524289927,27.631346052197586,53.01681178957556,1.2749676195822919,1.2809534756844074,21.807647681526543,False,-9.666457194805879e-05,16.800614844091985,6.823804177080728,0.09374999999995663,5,1,ema_ribbon_bounce_long,1.2754563853453356,SL,2022-04-26 05:45:00+00:00,-4.436146546644704,-533.1043069857539,30,False
2022-04-29 04:00:00+00:00,21,GBP_USD,LONG,1.24861,1.2475793880669914,1.2501106720654713,1.2501106720654713,1.2501106720654713,512096.99,4,ASIAN,1.5,0.0008753360327357056,19.049250945328243,58.097220593780364,1.2473171761055073,1.2524259645346962,18.620922132552842,False,-2.789905591946075e-05,78.00712868767972,10.428238944926171,0.1772151898732078,4,4,ema_ribbon_bounce_long,1.2501106720654713,TP3,2022-04-29 05:00:00+00:00,15.006720947757811,768.4896627116723,60,True
2022-04-29 13:45:00+00:00,21,GBP_USD,LONG,1.2555600000000002,1.2502858105633836,1.2584626856947678,1.2584626856947678,1.2584626856947678,101524.26,4,OVERLAP,1.5,0.0015463428473838083,27.643402732655822,53.85677839774653,1.253336845427341,1.2531070706768261,-2.6228734565281187,False,-0.00037123375302043735,59.106342597675884,20.331545726590683,0.36125654450268657,13,4,ema_ribbon_bounce_long,1.2584626856947678,TP3,2022-04-29 17:00:00+00:00,29.02685980678142,294.6930462007227,195,True
2022-05-03 10:00:00+00:00,21,GBP_USD,SHORT,1.25169,1.2535241643443584,1.249522689294459,1.249522689294459,1.249522689294459,293542.45,4,LONDON,1.5,0.0011786553527705131,24.8520530024563,46.5218125549354,1.2521413877059093,1.2530302252754981,-15.603669600816605,False,-0.0001882685158134423,14.028097681115456,-2.613877059092218,0.4352941176470281,10,1,ema_ribbon_bounce_short,1.249522689294459,TP3,2022-05-03 10:45:00+00:00,21.673107793738385,636.197716088806,45,True
2022-05-03 17:15:00+00:00,21,GBP_USD,SHORT,1.2500499999999999,1.2535523457208875,1.247548418809759,1.247548418809759,1.247548418809759,155543.49,4,NY,1.5,0.0013757905951204854,37.30275356978902,43.06597935474952,1.2519057482037628,1.2527793090504247,-24.45693549210759,False,-0.00026628372264372825,50.14880952380795,-16.057482037628024,0.2538461538460934,17,1,ema_ribbon_bounce_short,1.247548418809759,TP3,2022-05-03 18:30:00+00:00,25.01581351069317,389.1046938642368,75,True
2022-05-03 22:15:00+00:00,21,GBP_USD,SHORT,1.24919,1.2521211974895918,1.2476413646229616,1.2476413646229616,1.2476413646229616,187178.83,5,NY,1.5,0.000899317688519283,18.97031455539537,46.488579645786515,1.250472103965263,1.2521432615577184,-26.381294900164054,False,0.00017063629654643503,63.25798673900213,-10.32103965262987,0.4226804123709641,22,1,ema_ribbon_bounce_short,1.2476413646229616,TP3,2022-05-04 05:00:00+00:00,15.486354597740261,289.8717734570143,405,True
2022-05-04 10:00:00+00:00,21,GBP_USD,LONG,1.2513,1.2492475940653152,1.2530708123609156,1.2530708123609156,1.2530708123609156,268736.72,3,LONDON,1.5,0.0009804061804577666,29.861727902085544,58.00278387364906,1.2498756824916848,1.2511578650646282,-1.8242785073718792,False,8.708098212286428e-05,33.237227550949406,12.343175083151525,0.14150943396216534,10,2,ema_ribbon_bounce_long,1.2530708123609156,TP3,2022-05-04 12:30:00+00:00,17.70812426809423,475.88232331600443,150,True
2022-05-06 11:45:00+00:00,21,GBP_USD,SHORT,1.2333899999999998,1.2395394893875247,1.230267315960554,1.230267315960554,1.230267315960554,90465.34,4,LONDON,1.5,0.0016563420197230282,22.99694179202692,45.6572977978188,1.2351821439294368,1.2423405825649703,-7.827504785633543,False,0.00015635238979444012,24.74379168112071,-16.021439294369166,0.5878787878788172,11,4,ema_ribbon_bounce_short,1.230267315960554,TP3,2022-05-06 13:30:00+00:00,31.226843846259808,282.4947045678801,105,True
2022-05-06 20:00:00+00:00,21,GBP_USD,SHORT,1.23353,1.2374478734540155,1.231094256535456,1.231094256535456,1.231094256535456,142715.33,4,NY,1.5,0.0013428717322720805,21.128130414334382,47.72356751049798,1.234457501287169,1.2400530125981357,-4.588619290899487,False,-5.42309486046137e-05,74.36090225563974,-6.7750128716892455,0.733333333333136,20,4,ema_ribbon_bounce_short,1.231094256535456,TP3,2022-05-09 00:45:00+00:00,24.35743635215582,347.61795669519137,3165,True
2022-05-09 20:30:00+00:00,21,GBP_USD,SHORT,1.23278,1.2344126494596555,1.2304362725805658,1.2304362725805658,1.2304362725805658,344603.54,5,NY,1.5,0.001296863709717129,15.393115639535718,46.93663762416021,1.233222387134069,1.2352039755104887,-4.908129362106717,False,-0.00017671999597702239,13.805480581791812,-1.9238713406899421,0.7272727272729108,20,0,ema_ribbon_bounce_short,1.2344126494596555,SL,2022-05-10 01:15:00+00:00,-16.326494596554664,-562.6167833763609,285,False
2022-05-10 13:15:00+00:00,21,GBP_USD,SHORT,1.2328499999999998,1.23524594191424,1.2301420647773689,1.2301420647773689,1.2301420647773689,232472.5,4,OVERLAP,1.5,0.0014489676113155026,22.569369626169944,47.33097592585096,1.2338209681490753,1.2346652090213364,-2.0730926270995376,False,-3.065163344439782e-05,45.16501497329262,-7.809681490753562,0.5047619047620417,13,1,ema_ribbon_bounce_short,1.2301420647773689,TP3,2022-05-10 15:00:00+00:00,27.07935339115018,629.520498122416,105,True
2022-05-10 15:45:00+00:00,21,GBP_USD,SHORT,1.2310499999999998,1.2351801775496143,1.2278209273016114,1.2278209273016114,1.2278209273016114,136382.96,5,OVERLAP,1.5,0.0017095363491942805,20.333099522356246,43.98842176734045,1.2332065146766205,1.2344131409213694,-15.958936813829094,False,-0.00014322433110736696,42.61915908427133,-19.665146766205677,0.6470588235295424,15,1,ema_ribbon_bounce_short,1.23068,TIME,2022-05-10 23:45:00+00:00,3.6999999999975937,50.46169519996718,480,True
2022-05-11 03:45:00+00:00,21,GBP_USD,LONG,1.23329,1.2318226697646923,1.2345445393430157,1.2345445393430157,1.2345445393430157,384228.73,3,ASIAN,1.5,0.0007522696715078822,32.890986029377046,55.39116632211661,1.2323099242241407,1.2334773301482538,6.142188450557473,False,9.866825084372947e-05,41.78203694143261,7.300757758592624,0.638888888888709,3,2,ema_ribbon_bounce_long,1.2345445393430157,TP3,2022-05-11 06:45:00+00:00,12.545393756665172,482.0300710473388,180,True
2022-05-11 14:15:00+00:00,21,GBP_USD,LONG,1.2373200000000002,1.2316553245643262,1.241761850685821,1.241761850685821,1.241761850685821,100378.34,4,OVERLAP,1.5,0.0023159253429104647,25.048178934905717,55.76075260142882,1.2346533149124197,1.233980247277305,24.246863030299437,False,0.0003329609719610557,74.71025983061381,24.76685087580366,0.12631578947369282,14,2,ema_ribbon_bounce_long,1.2316553245643262,SL,2022-05-11 15:45:00+00:00,-56.64675435673949,-568.6107168717278,90,False
2022-05-13 12:15:00+00:00,21,GBP_USD,SHORT,1.2185899999999998,1.2221897437818932,1.2163865103424563,1.2163865103424563,1.2163865103424563,156379.08,4,LONDON,1.5,0.0011967448287719077,24.356860729592043,42.29250276281841,1.22033852518199,1.2231675034972527,-10.717550252234975,False,2.4135274599184752e-05,29.271200607581346,-15.58525181990067,0.7192982456140306,12,4,ema_ribbon_bounce_short,1.2163865103424563,TP3,2022-05-13 13:15:00+00:00,22.03489798450511,344.57970747107635,60,True
2022-05-13 18:30:00+00:00,21,GBP_USD,LONG,1.2232100000000001,1.2202587357808528,1.2252366329835032,1.2252366329835032,1.2252366329835032,191907.73,4,NY,1.5,0.0011383164917515925,22.441774436188066,54.75006727670854,1.221547816644789,1.222885628654486,24.76191230936342,False,-0.00018745164496804842,20.66974533762152,14.12183355210983,0.8915662650603183,18,4,ema_ribbon_bounce_long,1.2252366329835032,TP3,2022-05-13 20:45:00+00:00,20.26633089107581,388.9265556735237,135,True
2022-05-16 05:30:00+00:00,21,GBP_USD,LONG,1.2253200000000002,1.2226369511778543,1.2267661847842728,1.2267661847842728,1.2267661847842728,212541.68,4,ASIAN,1.5,0.0008480923921363907,23.32276326261837,53.53450257627397,1.2243256964302678,1.2236325045059437,29.450356552025436,False,-1.5309535679231006e-05,83.02108552850972,7.443035697323186,0.8717948717948864,5,0,ema_ribbon_bounce_long,1.2226369511778543,SL,2022-05-16 06:45:00+00:00,-26.830488221458722,-570.2597041809049,75,False
2022-05-18 15:45:00+00:00,21,GBP_USD,SHORT,1.23908,1.2444261188577432,1.2361713980376856,1.2361713980376856,1.2361713980376856,105601.3,4,OVERLAP,1.5,0.0015493009811571924,16.768249365825657,42.06527526630872,1.242317444827042,1.2402493522820708,-13.703476108684054,False,1.26326018003944e-05,35.81714794374394,-30.474448270418897,0.9145299145298293,15,2,ema_ribbon_bounce_short,1.2361713980376856,TP3,2022-05-18 17:15:00+00:00,29.08602237746751,307.152177488966,90,True
2022-05-20 04:30:00+00:00,21,GBP_USD,SHORT,1.24484,1.2455323550609156,1.2433286248145543,1.2433286248145543,1.2433286248145543,819851.91,3,ASIAN,1.5,0.0008806875927228622,34.29978512005094,45.06399894298523,1.2457917599239208,1.2426726775936094,-8.277652800376956,False,9.841023628435292e-05,78.80856994702673,-7.017599239207417,0.7681159420287803,4,4,ema_ribbon_bounce_short,1.2455323550609156,SL,2022-05-20 05:00:00+00:00,-6.923550609156948,-567.6286190898987,30,False
2022-05-20 09:45:00+00:00,21,GBP_USD,LONG,1.2479500000000001,1.2443533293111602,1.250304124218318,1.250304124218318,1.250304124218318,156242.36,4,LONDON,1.5,0.0012720621091590106,24.52737213640615,53.494192195980155,1.2467844319840515,1.24358037385885,1.1833689186668828,False,-3.190259826728998e-05,35.568011450367486,9.75568015948447,0.504347826086985,9,4,ema_ribbon_bounce_long,1.24724,TIME,2022-05-20 17:45:00+00:00,-7.100000000002104,-110.93207560003287,480,False
2022-05-22 21:15:00+00:00,21,GBP_USD,LONG,1.24837,1.245874971592883,1.2501911336727967,1.2501911336727967,1.2501911336727967,224784.22,5,NY,1.5,0.001035566836398382,23.52873244657387,51.90543593345402,1.2476358272244412,1.2451183325458446,4.395159878991528,False,7.962622454813997e-05,28.509780197621613,4.841727755586778,0.09090909090973319,21,6,ema_ribbon_bounce_long,1.2501911336727967,TP3,2022-05-22 22:30:00+00:00,18.211337538136533,409.36213036667414,75,True
2022-05-24 03:15:00+00:00,21,GBP_USD,SHORT,1.2558099999999999,1.2564895567948642,1.2546266731846991,1.2546266731846991,1.2546266731846991,831331.01,4,ASIAN,1.5,0.0007166634076504338,24.50964006630541,45.411334544356066,1.2567152613735588,1.2529753649835758,-10.982724373742592,False,1.7369364117031112e-05,80.95343913944329,-6.552613735588686,0.38805970149278957,3,1,ema_ribbon_bounce_short,1.2564895567948642,SL,2022-05-24 03:45:00+00:00,-6.79556794864311,-564.9366366269105,30,False
2022-05-24 04:15:00+00:00,21,GBP_USD,SHORT,1.2556999999999998,1.2564593235507757,1.2546496364230577,1.2546496364230577,1.2546496364230577,736559.89,4,ASIAN,1.5,0.000650181788471042,22.971208470872323,44.6122418437796,1.2566451519092419,1.2531036067553778,-11.898374739620632,False,7.98514273837938e-05,49.9187275049347,-6.951519092419645,0.4677419354841887,4,1,ema_ribbon_bounce_short,1.2564593235507757,SL,2022-05-24 05:00:00+00:00,-7.593235507759032,-559.2872710339087,45,False
2022-05-25 13:00:00+00:00,21,GBP_USD,SHORT,1.2494599999999998,1.2537086981036838,1.2468806429333863,1.2468806429333863,1.2468806429333863,130320.96,2,OVERLAP,1.5,0.0013846785333067983,35.05420401103727,43.33060230647234,1.251478311486232,1.2525597266076887,-6.627502248188755,False,0.00011386698821438945,71.46399815964632,-18.283114862320815,0.36190476190480825,13,2,ema_ribbon_bounce_short,1.2537086981036838,SL,2022-05-25 14:15:00+00:00,-42.486981036840014,-553.6944156222786,75,False
2022-05-29 21:30:00+00:00,21,GBP_USD,LONG,1.2626300000000001,1.2608622792029,1.2639263087699697,1.2639263087699697,1.2639263087699697,310092.78,4,NY,1.5,0.0007731543849848443,29.587771039250207,51.573607006592155,1.262133398000295,1.2601150471987017,4.3531966305487835,False,1.009939680022786e-05,55.177304964538706,2.4660199970516494,0.3999999999993339,21,6,ema_ribbon_bounce_long,1.2639263087699697,TP3,2022-05-30 01:30:00+00:00,12.963088117734568,401.976003181328,240,True
2022-05-30 10:15:00+00:00,21,GBP_USD,LONG,1.26431,1.2620509158851447,1.2659699741335448,1.2659699741335448,1.2659699741335448,244425.26,4,LONDON,1.5,0.0009249870667724175,28.121032478794262,53.372973327346855,1.2635474501102257,1.2615505875941988,7.840823474316583,False,0.00014143924354218432,62.912324675733736,5.725498897741765,0.2800000000000474,10,0,ema_ribbon_bounce_long,1.26575,TIME,2022-05-30 18:15:00+00:00,14.39999999999886,351.9723743999721,480,True
2022-05-31 09:15:00+00:00,21,GBP_USD,SHORT,1.2608199999999998,1.2638462530332624,1.2589036908205522,1.2589036908205522,1.2589036908205522,183625.4,4,LONDON,1.5,0.0010531545897239057,19.728682321209714,46.164826771403796,1.2621816093011027,1.262498247068728,-7.112065619419017,False,7.642600248949233e-05,22.85104653525652,-11.716093011027162,0.0215053763439859,9,1,ema_ribbon_bounce_short,1.2589036908205522,TP3,2022-05-31 10:45:00+00:00,19.16309283807329,351.8830587628343,90,True
2022-06-02 15:00:00+00:00,21,GBP_USD,LONG,1.2562200000000001,1.2512970384584057,1.2591064729312522,1.2591064729312522,1.2591064729312522,113593.36,4,OVERLAP,1.5,0.0015382364656261135,34.00153195645357,58.421093491868874,1.2531172868033948,1.2544690627040582,14.63492974263847,False,-0.00013387157611951367,70.89928504521276,29.127131966051323,0.7443946188340936,15,3,ema_ribbon_bounce_long,1.25779,TIME,2022-06-02 23:00:00+00:00,15.699999999998493,178.34157519998288,480,True
2022-06-03 05:30:00+00:00,21,GBP_USD,SHORT,1.25663,1.2565532783536255,1.2557200142120932,1.2557200142120932,1.2557200142120932,7312136.89,4,ASIAN,1.5,0.0005799928939533385,36.31314302319249,44.49649080675484,1.2569886967030832,1.2557555334671964,10.779517118371107,False,-9.220207832090729e-05,39.12345679012634,-1.08696703083222,0.9512195121953465,5,4,ema_ribbon_bounce_short,1.2565532783536255,SL,2022-06-03 05:45:00+00:00,0.7672164637440025,560.9991807157869,15,True
2022-06-03 09:15:00+00:00,21,GBP_USD,SHORT,1.25667,1.2570351555932664,1.2554294464045603,1.2554294464045603,1.2554294464045603,1551692.44,3,LONDON,1.5,0.0007152767977198844,19.961491250179403,44.777728423232105,1.2571372022636402,1.2559715576148738,-6.191625371654297,False,-1.4767245238383186e-05,16.045962732922234,-2.7720226364014167,0.6326530612239719,9,4,ema_ribbon_bounce_short,1.2570351555932664,SL,2022-06-03 09:45:00+00:00,-3.651555932664419,-566.6091734952528,30,False
2022-06-06 12:45:00+00:00,21,GBP_USD,LONG,1.2557900000000002,1.2518152713513473,1.2579441748325446,1.2579441748325446,1.2579441748325446,141127.39,5,LONDON,1.5,0.001172087416272297,28.624336614226543,54.53103315422879,1.2535293938218468,1.2534739738049396,-4.862679926731506,False,-0.0003194308421133982,24.508419956938543,20.706061781532448,0.9863013698630761,12,0,ema_ribbon_bounce_long,1.25291,TIME,2022-06-06 20:45:00+00:00,-28.800000000002157,-406.44688320003047,480,False
2022-06-07 12:00:00+00:00,21,GBP_USD,SHORT,1.2487799999999998,1.2521525568769765,1.2463746087348677,1.2463746087348677,1.2463746087348677,165120.6,5,LONDON,1.5,0.0012976956325660687,21.89555926998088,46.24456632559668,1.2499676358406886,1.2519183887700527,-13.267784575263786,False,-0.00013864965422988372,20.024001353440426,-9.97635840688682,0.17431192660565784,12,1,ema_ribbon_bounce_short,1.2521525568769765,SL,2022-06-07 13:45:00+00:00,-33.725568769766845,-556.8786150605164,105,False
2022-06-08 13:15:00+00:00,21,GBP_USD,SHORT,1.2538999999999998,1.2564550979798874,1.2516012985840346,1.2516012985840346,1.2516012985840346,215768.57,3,OVERLAP,1.5,0.0012443507079826874,24.048140645009543,47.722410168450594,1.2551188840362875,1.2546428544220556,3.186871403859648,False,0.000124931798417244,66.62010382255484,-10.288840362875362,0.6753246753248289,13,2,ema_ribbon_bounce_short,1.25371,TIME,2022-06-08 21:15:00+00:00,1.8999999999969042,40.9960282999332,480,True
2022-06-08 22:45:00+00:00,21,GBP_USD,SHORT,1.2535999999999998,1.255215902104172,1.2527856555207753,1.2527856555207753,1.2527856555207753,341431.44,4,NY,1.5,0.0005321722396123417,26.379421178413963,47.649117495782136,1.254332002578275,1.2545282431209446,-2.7212355140004973,False,5.613896994964053e-05,72.05128205128254,-4.8200257827502035,0.5000000000005551,22,2,ema_ribbon_bounce_short,1.2527856555207753,TP3,2022-06-09 01:30:00+00:00,8.143445030754645,278.0428163411403,165,True
2022-06-09 18:15:00+00:00,21,GBP_USD,SHORT,1.25138,1.2541525050920896,1.249285123561676,1.249285123561676,1.249285123561676,199999.71,5,NY,1.5,0.0011724382191619952,13.53475811364054,45.68215680664226,1.2524888299733103,1.2534791201379556,-14.127428676573572,False,-3.6053702913224996e-05,79.0641405303583,-8.588299733103266,0.7241379310346016,18,3,ema_ribbon_bounce_short,1.249285123561676,TP3,2022-06-09 19:45:00+00:00,20.9487654306793,418.9747010993884,90,True
2022-06-15 13:45:00+00:00,21,GBP_USD,LONG,1.2078300000000002,1.2042845997479126,1.211206861869859,1.211206861869859,1.211206861869859,157581.63,4,OVERLAP,1.5,0.001783430934929491,27.97582094900466,51.67835295491819,1.206034245193571,1.2106360719738383,-6.985722631429603,False,-0.0005723893318822179,34.30206592700788,16.05754806428994,0.6214285714287459,13,2,ema_ribbon_bounce_long,1.2042845997479126,SL,2022-06-15 18:00:00+00:00,-35.45400252087605,-558.6899507263757,255,False
2022-06-17 05:30:00+00:00,21,GBP_USD,SHORT,1.2301099999999998,1.2285525296690663,1.2280586431905507,1.2280586431905507,1.2280586431905507,355129.12,3,ASIAN,1.5,0.0011506784047245976,31.532447371906635,42.6822387301839,1.2309661678121382,1.2223980528787937,43.71523786844467,False,6.094353571716219e-05,71.35875090777239,-6.0616781213829185,0.12149532710298798,5,4,ema_ribbon_bounce_short,1.2285525296690663,SL,2022-06-17 05:45:00+00:00,15.574703309335634,553.1030680505452,15,True
2022-06-17 19:45:00+00:00,21,GBP_USD,SHORT,1.2210599999999998,1.2267403034361564,1.2181364051512575,1.2181364051512575,1.2181364051512575,98345.82,4,NY,1.5,0.001586797424371175,17.313898259237796,45.6488076596643,1.2239337100404708,1.2233785061220255,-37.27538243477157,False,0.0003706246251250808,54.14960179562385,-26.237100404709057,0.654929577464868,19,4,ema_ribbon_bounce_short,1.22491,TIME,2022-06-20 03:45:00+00:00,-38.50000000000131,-378.6314070000129,3360,False
2022-06-20 15:00:00+00:00,21,GBP_USD,LONG,1.2253100000000001,1.2227658993966346,1.2279948528741689,1.2279948528741689,1.2279948528741689,218091.92,3,OVERLAP,1.5,0.0014374264370844013,25.18555079269599,53.467617554543125,1.2242656227018454,1.2235647581926214,4.3974262765345,False,-7.059257421472543e-05,79.00630020005515,8.543772981546294,0.15151515151523987,15,0,ema_ribbon_bounce_long,1.22532,TIME,2022-06-20 23:00:00+00:00,0.09999999999843466,2.1809191999658615,480,True
2022-06-22 17:15:00+00:00,21,GBP_USD,LONG,1.2275200000000002,1.2241309961740368,1.2304318491802273,1.2304318491802273,1.2304318491802273,163726.46,5,NY,1.5,0.001580924590113663,25.826214245575095,51.735747839224004,1.2260451414343232,1.2255327506664575,12.633976799290014,False,-0.000397932528414688,28.64039631311923,12.248585656768896,0.8252427184467275,17,2,ema_ribbon_bounce_long,1.22575,TIME,2022-06-23 01:15:00+00:00,-17.700000000002714,-289.7958342000444,480,False
2022-06-23 10:15:00+00:00,21,GBP_USD,SHORT,1.22037,1.2256581654154268,1.2175563673832088,1.2175563673832088,1.2175563673832088,104378.66,3,LONDON,1.5,0.0015018163083956107,24.79840261675051,44.23478308420507,1.2230075417345567,1.2248046926493579,9.737320064755473,False,0.0001789059859998777,38.43785689458153,-24.475417345566353,0.0,10,3,ema_ribbon_bounce_short,1.2256581654154268,SL,2022-06-23 12:15:00+00:00,-52.8816541542687,-551.9716199206001,120,False
2022-06-23 21:00:00+00:00,21,GBP_USD,LONG,1.22595,1.2233024320242485,1.227955698830156,1.227955698830156,1.227955698830156,206397.69,2,NY,1.5,0.0011278494150780431,35.78837993077697,55.102837998247,1.2244905708108493,1.2247090527627134,22.9252976349148,False,0.00010021103844392687,25.665929022210964,12.094291891506792,0.27358490566032595,21,3,ema_ribbon_bounce_long,1.227955698830156,TP3,2022-06-24 02:30:00+00:00,20.05698927332418,413.971625436889,330,True
2022-06-27 16:45:00+00:00,21,GBP_USD,LONG,1.22923,1.2269041778868477,1.2315160306211588,1.2315160306211588,1.2315160306211588,236729.9,3,OVERLAP,1.5,0.0012380153105794368,25.276599286672134,51.99845216264836,1.228495867417858,1.2274617069831135,4.928856721482244,False,3.389754212814486e-05,20.040576181781613,5.441325821418097,0.7101449275359754,16,0,ema_ribbon_bounce_long,1.2269041778868477,SL,2022-06-27 19:45:00+00:00,-23.258221131523538,-550.5916362643454,180,False
2022-06-28 05:15:00+00:00,21,GBP_USD,SHORT,1.2267899999999998,1.228088415985796,1.2257959562493563,1.2257959562493563,1.2257959562493563,419808.23,5,ASIAN,1.5,0.0006220218753217637,13.657931216095767,48.77996634067584,1.2272666715304845,1.2273106793782185,-10.505818500661235,False,-9.701810210707641e-06,36.356447688561,-2.266715304846123,0.7600000000009592,5,1,ema_ribbon_bounce_short,1.228088415985796,SL,2022-06-28 06:00:00+00:00,-12.98415985796275,-545.0857168008394,45,False
2022-06-29 09:15:00+00:00,21,GBP_USD,SHORT,1.21748,1.2218792595722592,1.2152216594395324,1.2152216594395324,1.2152216594395324,122664.93,5,LONDON,1.5,0.0012241702802337927,20.361765405842227,41.397546627367326,1.2193255582696882,1.2226502636328278,-6.433665987779502,False,-0.00011826393703243381,31.878200559105682,-16.555582696882176,0.32824427480907103,9,2,ema_ribbon_bounce_short,1.2152216594395324,TP3,2022-06-29 11:45:00+00:00,22.583407445739322,277.0192093493093,150,True
2022-06-29 16:15:00+00:00,21,GBP_USD,SHORT,1.21372,1.2196865117075417,1.210516762403785,1.210516762403785,1.210516762403785,90908.23,3,OVERLAP,1.5,0.0016966187981075098,28.78156020142137,47.508341645266825,1.2158887665280147,1.220673426593564,-11.521242956789024,False,0.0003292493785260024,73.04872551430388,-19.787665280146527,0.4599999999999556,16,2,ema_ribbon_bounce_short,1.21219,TIME,2022-06-30 00:15:00+00:00,15.299999999998091,139.08959189998265,480,True
2022-06-30 15:30:00+00:00,21,GBP_USD,LONG,1.2154600000000002,1.212181759662143,1.2190926626412233,1.2190926626412233,1.2190926626412233,165880.44,2,OVERLAP,1.5,0.0019113313206116295,26.572660426820004,55.722915167694396,1.2136999938476294,1.216163716213917,15.376700423974654,False,0.00015337589985064363,52.65024654364159,15.700061523706843,0.09195402298859376,15,3,ema_ribbon_bounce_long,1.21596,TIME,2022-06-30 23:30:00+00:00,4.999999999997229,82.94021999995404,480,True
2022-07-04 09:15:00+00:00,21,GBP_USD,LONG,1.2114500000000001,1.208816712088121,1.213354983400986,1.213354983400986,1.213354983400986,206823.32,3,LONDON,1.5,0.0010474917004930167,22.60282314657137,53.590188602907,1.2101380231391623,1.2110816949440386,-1.213037912246584,False,2.6326502910294374e-06,57.63997906854902,11.219768608377034,0.13333333333335307,9,0,ema_ribbon_bounce_long,1.213354983400986,TP3,2022-07-04 09:30:00+00:00,19.049834930926814,393.9950105866255,15,True
2022-07-04 21:00:00+00:00,21,GBP_USD,SHORT,1.20993,1.2115982819953484,1.208929900259778,1.208929900259778,1.208929900259778,328820.49,4,NY,1.5,0.0006250498701110432,21.78661433122731,43.43344876218994,1.2111033735909713,1.2113909572809722,-26.43359250753985,False,9.368025720239985e-05,36.987691917276855,-9.23373590971277,0.5645161290323158,21,0,ema_ribbon_bounce_short,1.2115982819953484,SL,2022-07-04 23:00:00+00:00,-16.682819953484085,-548.5653031686414,120,False
2022-07-06 15:15:00+00:00,21,GBP_USD,SHORT,1.1902099999999998,1.197151089942841,1.1862458820047377,1.1862458820047377,1.1862458820047377,78241.26,5,OVERLAP,1.5,0.0020770589976310885,20.265665431063226,45.508978757225314,1.1927152019953917,1.1991889717363442,-13.525985220266268,False,0.00019688775346262777,60.62380427021072,-23.152019953918135,0.6208791208791853,15,2,ema_ribbon_bounce_short,1.19202,TIME,2022-07-06 23:15:00+00:00,-18.100000000003114,-141.61668060002435,480,False
2022-07-07 11:30:00+00:00,21,GBP_USD,LONG,1.1980600000000001,1.1934806652681584,1.2010835776795477,1.2010835776795477,1.2010835776795477,118284.32,2,LONDON,1.5,0.0016067888397738185,27.21895610436815,53.33392218251385,1.1959423684265853,1.1966122227998035,-2.997545501104426,False,-0.00017119082263850408,12.032323850567105,19.2763157341469,0.16666666666663582,11,3,ema_ribbon_bounce_long,1.2010835776795477,TP3,2022-07-07 15:00:00+00:00,30.235779351670125,357.6418600282342,210,True
2022-07-08 17:00:00+00:00,21,GBP_USD,LONG,1.20202,1.1981612029342337,1.2052246738229657,1.2052246738229657,1.2052246738229657,141297.89,2,NY,1.5,0.0017273369114828227,15.838766806775604,53.17429613651665,1.2004658214036144,1.199247864115843,27.791584407008685,False,-0.00011940420655233734,15.936781633701088,13.041785963856523,0.14285714285702958,17,4,ema_ribbon_bounce_long,1.19975,TIME,2022-07-11 01:00:00+00:00,-22.699999999999942,-320.74621029999923,3360,False
2022-07-14 04:00:00+00:00,21,GBP_USD,SHORT,1.1865299999999999,1.1896678653495802,1.1848198917468933,1.1848198917468933,1.1848198917468933,172739.23,4,ASIAN,1.5,0.0009800541265533396,29.324996224255088,46.00387910753065,1.1880123869016508,1.1895408395675575,-23.089634517796664,False,0.0002717464973517029,40.06117634003213,-12.323869016508393,0.5909090909093662,4,3,ema_ribbon_bounce_short,1.1848198917468933,TP3,2022-07-14 05:30:00+00:00,17.101083521059927,295.4027999593581,90,True
2022-07-14 16:00:00+00:00,21,GBP_USD,SHORT,1.18057,1.1872087196796872,1.1763313434320113,1.1763313434320113,1.1763313434320113,82092.1,4,OVERLAP,1.5,0.002214328283994351,26.846242142096944,47.13140582625007,1.1830120635083199,1.1870459634561095,-12.955660788074308,False,0.00043885750798635477,71.23724110496153,-22.52063508319857,0.8035714285714322,16,3,ema_ribbon_bounce_short,1.18304,TIME,2022-07-15 00:00:00+00:00,-24.700000000001943,-202.76748700001596,480,False
2022-07-15 03:45:00+00:00,21,GBP_USD,SHORT,1.1826699999999999,1.184394179880883,1.1812885237989557,1.1812885237989557,1.1812885237989557,314908.43,4,ASIAN,1.5,0.0008157381005221656,26.712704621624905,47.84297033925805,1.1829351415157505,1.1853506161059761,10.158095448133952,False,-0.00014658515345322015,12.823762987504724,-0.15141515750549672,0.6470588235292837,3,4,ema_ribbon_bounce_short,1.1812885237989557,TP3,2022-07-15 06:30:00+00:00,13.814762449133694,435.03851536796464,165,True
2022-07-15 16:45:00+00:00,21,GBP_USD,LONG,1.18568,1.1823050631340293,1.1885861901903436,1.1885861901903436,1.1885861901903436,162168.71,4,OVERLAP,1.5,0.001548095095171828,17.067633625551558,54.37012061497394,1.184138044742709,1.1847393295784048,13.26338986127995,False,-7.742332554794848e-05,25.076604448419832,13.519552572909266,0.8350515463918021,16,4,ema_ribbon_bounce_long,1.1885861901903436,TP3,2022-07-17 23:30:00+00:00,29.06190369551375,471.29314324456976,3285,True
2022-07-18 22:45:00+00:00,21,GBP_USD,SHORT,1.1945999999999999,1.1947597388107725,1.1931102977228931,1.1931102977228931,1.1931102977228931,3455779.47,3,NY,1.5,0.0008698511385534124,26.187596782733436,42.00480233931175,1.1956982119307713,1.1911509956502326,-24.375231245963302,False,5.5227086861414144e-05,53.63792363792228,-8.482119307713365,0.26956521739133626,22,0,ema_ribbon_bounce_short,1.1947597388107725,SL,2022-07-18 23:00:00+00:00,-1.5973881077258054,-552.0221028300988,15,False
2022-07-19 02:45:00+00:00,21,GBP_USD,SHORT,1.19369,1.194703893674779,1.1923687241845395,1.1923687241845395,1.1923687241845395,539013.01,3,ASIAN,1.5,0.0007856379077302206,41.39757123339996,44.81287502116391,1.1948795924162252,1.191573386450075,-29.95701823230945,False,8.108104232082023e-05,84.48529411764501,-9.3959241622521,0.6279069767442701,2,1,ema_ribbon_bounce_short,1.194703893674779,SL,2022-07-19 03:00:00+00:00,-10.138936747789984,-546.501881462589,15,False
2022-07-19 03:30:00+00:00,21,GBP_USD,SHORT,1.19404,1.194712190875327,1.1927699734086858,1.1927699734086858,1.1927699734086858,804885.76,3,ASIAN,1.5,0.0007600132956571633,29.490119853349142,48.04816856845907,1.1948364507480267,1.1916599417389275,-26.05901555704282,False,0.00016353866943755494,76.10690645840204,-5.4645074802661675,0.49999999999977796,3,1,ema_ribbon_bounce_short,1.194712190875327,SL,2022-07-19 04:30:00+00:00,-6.721908753271054,-541.0368635527226,60,False
2022-07-19 15:45:00+00:00,21,GBP_USD,LONG,1.2023100000000002,1.1964411847479521,1.205502512113365,1.205502512113365,1.205502512113365,91266.55,4,OVERLAP,1.5,0.001691256056682367,23.38535118901268,53.127410842879925,1.2002475614504626,1.1950254190618173,2.5288981898774487,False,-0.0001337331338454428,33.63946852220611,18.724385495374474,0.2983870967741473,15,1,ema_ribbon_bounce_long,1.20018,TIME,2022-07-19 23:45:00+00:00,-21.300000000001873,-194.3977515000171,480,False
2022-07-20 15:15:00+00:00,21,GBP_USD,SHORT,1.1977099999999998,1.2013361169023848,1.1947886359936035,1.1947886359936035,1.1947886359936035,147177.42,4,OVERLAP,1.5,0.001555682003198212,20.278490602563284,43.32700534540303,1.1996664839794915,1.1982209811449498,-12.46170020676729,False,0.00015874338017035747,45.94511920827885,-17.664839794915288,0.8662420382166613,15,2,ema_ribbon_bounce_short,1.19692,TIME,2022-07-20 23:15:00+00:00,7.899999999998464,116.2701617999774,480,True
2022-07-22 09:45:00+00:00,21,GBP_USD,SHORT,1.1949999999999998,1.1980610277561852,1.1923186039145635,1.1923186039145635,1.1923186039145635,174727.33,3,LONDON,1.5,0.0014356980427182393,25.53641738269141,46.78769563391003,1.1962722435110804,1.1969045121393915,3.7753644358962113,False,0.00012593762201779058,42.8507313671721,-10.822435110804385,0.21768707482998642,9,4,ema_ribbon_bounce_short,1.1980610277561852,SL,2022-07-22 13:30:00+00:00,-30.61027756185331,-534.8452068941538,225,False
2022-07-22 17:45:00+00:00,21,GBP_USD,LONG,1.2012,1.196390889637695,1.2041576770266658,1.2041576770266658,1.2041576770266658,110102.85,5,NY,1.5,0.0016038385133329155,21.18691737947022,53.767396344339396,1.1989315289012288,1.1975553849588714,24.532248724105088,False,-0.00034416316963608055,31.523012642416944,20.184710987711796,0.46969696969702324,17,4,ema_ribbon_bounce_long,1.196390889637695,SL,2022-07-25 00:45:00+00:00,-48.09110362305135,-529.496756854328,3300,False
2022-07-25 16:30:00+00:00,21,GBP_USD,LONG,1.20517,1.20032809008013,1.20771989384916,1.20771989384916,1.20771989384916,108263.43,5,OVERLAP,1.5,0.0013699469245800064,23.94355323237631,52.57431235283727,1.2034299209495392,1.2000474002538364,1.9007195760334383,False,-0.0003615384451656028,52.086794153621184,15.500790504607842,0.9019607843137383,16,0,ema_ribbon_bounce_long,1.20594,TIME,2022-07-26 00:30:00+00:00,7.699999999999374,83.36284109999322,480,True
2022-07-27 02:15:00+00:00,21,GBP_USD,LONG,1.20475,1.2025111621610287,1.206050431414062,1.206050431414062,1.206050431414062,234512.49,5,ASIAN,1.5,0.0007752157070311383,19.316319646988415,57.02188199739863,1.203462494055198,1.2026539160994942,26.7849691696731,False,-1.582796865917305e-05,55.151515151511056,10.375059448020085,0.014705882353037216,2,2,ema_ribbon_bounce_long,1.206050431414062,TP3,2022-07-27 05:00:00+00:00,13.004314695146526,304.96742199024027,165,True
2022-07-27 12:00:00+00:00,21,GBP_USD,LONG,1.20663,1.2035930256003382,1.2086308760785536,1.2086308760785536,1.2086308760785536,173885.27,4,LONDON,1.5,0.0010954380392768275,28.567180521423364,52.28089175786666,1.2054852944206234,1.2036695319963766,-1.3178067217034517,False,-5.4684529555170595e-05,57.543859649125466,9.547055793766024,0.03669724770645753,12,2,ema_ribbon_bounce_long,1.2035930256003382,SL,2022-07-27 13:00:00+00:00,-30.369743996618848,-528.0851134682947,60,False
2022-07-27 16:45:00+00:00,21,GBP_USD,SHORT,1.2036399999999998,1.205836828719609,1.2011293229812665,1.2011293229812665,1.2011293229812665,237981.34,4,OVERLAP,1.5,0.0013503385093667363,21.338189880300526,46.14669027389056,1.2046925596322444,1.2037402095774248,-14.542091721412298,False,-1.5998472493103377e-06,62.00204813108095,-8.62559632244464,0.1315789473683903,16,2,ema_ribbon_bounce_short,1.205836828719609,SL,2022-07-27 17:45:00+00:00,-21.96828719609245,-522.8042424430924,60,False
2022-07-28 15:00:00+00:00,21,GBP_USD,SHORT,1.21122,1.21478726937659,1.2075922294009478,1.2075922294009478,1.2075922294009478,145090.31,4,OVERLAP,1.5,0.0019088852995261512,26.71837943646997,41.82639174167997,1.2138975343988032,1.21019112809329,-22.705240716200947,False,-7.378120933092258e-06,31.947752425012748,-24.87534398803115,0.7756097560975947,15,3,ema_ribbon_bounce_short,1.21478726937659,SL,2022-07-28 18:45:00+00:00,-35.67269376590021,-517.5762197029529,225,False
2022-07-31 21:30:00+00:00,21,GBP_USD,LONG,1.21758,1.2148766133635198,1.2195880103516312,1.2195880103516312,1.2195880103516312,189540.2,4,NY,1.5,0.001129005175815597,30.087404597314574,55.28063877403135,1.2162664039856497,1.2145284961688094,30.398344174922265,False,-7.845845230944999e-05,26.200332245691452,10.635960143503542,0.6756756756757352,21,6,ema_ribbon_bounce_long,1.2195880103516312,TP3,2022-08-01 02:45:00+00:00,20.0801045757225,380.5987037303359,315,True
2022-08-01 03:30:00+00:00,21,GBP_USD,LONG,1.21896,1.2158244977864316,1.2206348454308171,1.2206348454308171,1.2206348454308171,164632.78,5,ASIAN,1.5,0.0009624227154085587,23.250498042744876,55.483146383462376,1.2174400206662515,1.2152685064735016,37.757877094353184,False,-3.8873569981658475e-05,25.698764354230548,12.699793337485055,0.606060606060443,3,0,ema_ribbon_bounce_long,1.2206348454308171,TP3,2022-08-01 08:00:00+00:00,16.74845532549281,275.7344760941686,270,True
2022-08-02 03:45:00+00:00,21,GBP_USD,LONG,1.2259600000000002,1.2228636433008082,1.227699795152012,1.227699795152012,1.227699795152012,167604.65,4,ASIAN,1.5,0.000994897576005989,10.341623768423718,50.27273153319059,1.2253258182975404,1.2210864871856868,4.394973321855122,False,-3.542486043805352e-05,61.290322580647974,3.8418170245968497,0.1276595744679846,3,1,ema_ribbon_bounce_long,1.2228636433008082,SL,2022-08-02 06:15:00+00:00,-30.963566991919492,-518.9637808432219,150,False
2022-08-02 10:00:00+00:00,21,GBP_USD,SHORT,1.2209699999999999,1.224412984110884,1.2186076792979645,1.2186076792979645,1.2186076792979645,149223.5,2,LONDON,1.5,0.0012761603510177805,40.508412560240096,42.49250184170895,1.223084759040601,1.2213228456332528,8.997583118086627,False,0.00021771326916486793,80.55989821066593,-19.24759040601076,0.535087719298179,10,1,ema_ribbon_bounce_short,1.2186076792979645,TP3,2022-08-02 14:00:00+00:00,23.623208603428996,352.51378690337873,240,True
2022-08-02 16:45:00+00:00,21,GBP_USD,SHORT,1.2211699999999999,1.2239858532263512,1.2183152244798818,1.2183152244798818,1.2183152244798818,183709.6,3,OVERLAP,1.5,0.0015223877600590958,14.117317013435041,48.20737332293625,1.2220648650350565,1.2213680259038078,1.5009864998338784,False,7.583646029148908e-05,38.097021892547396,-7.048650350565122,0.6000000000000494,16,1,ema_ribbon_bounce_short,1.2183152244798818,TP3,2022-08-02 17:30:00+00:00,28.547756755141346,524.4496974384315,45,True
2022-08-03 11:00:00+00:00,21,GBP_USD,LONG,1.2194800000000001,1.217263435339695,1.2219872643550267,1.2219872643550267,1.2219872643550267,235744.88,5,LONDON,1.5,0.0013486321775133905,20.992846191834445,56.73193701075609,1.2179440724443136,1.2192733762591672,8.471675970536108,False,-8.388879667596484e-06,68.07904575396174,13.459275556864103,0.7499999999999635,11,2,ema_ribbon_bounce_long,1.217263435339695,SL,2022-08-03 12:30:00+00:00,-22.165646603051755,-522.5437698558844,90,False
2022-08-03 18:30:00+00:00,21,GBP_USD,SHORT,1.2138499999999999,1.218129141552583,1.2115500612880097,1.2115500612880097,1.2115500612880097,120893.02,4,NY,1.5,0.0012749693559951337,26.468629436062262,44.76872339561972,1.215571944205779,1.2181187058670488,-13.72156112773304,False,0.0003122471046571136,58.434071169918006,-14.719442057791188,0.7484276729559994,18,2,ema_ribbon_bounce_short,1.21475,TIME,2022-08-04 02:30:00+00:00,-9.00000000000123,-108.80371800001487,480,False
2022-08-04 04:15:00+00:00,21,GBP_USD,LONG,1.2155,1.2150573302800298,1.216601338908065,1.216601338908065,1.216601338908065,1166174.86,4,ASIAN,1.5,0.0006756694540325368,18.375886077328662,53.39637990905301,1.2150066058415694,1.2170301889500823,-0.4673413825928563,False,-1.0408540376273268e-05,51.46871008940314,2.4339415843055434,0.18421052631580484,4,3,ema_ribbon_bounce_long,1.2150573302800298,SL,2022-08-04 04:30:00+00:00,-4.426697199702012,-516.2302987124887,15,False
2022-08-04 22:45:00+00:00,21,GBP_USD,LONG,1.21601,1.214353017245448,1.217142712622121,1.217142712622121,1.217142712622121,308432.9,4,NY,1.5,0.0006913563110605415,17.391307164844306,52.389810233211506,1.2151228565453314,1.215826114233246,28.86362341373294,False,-0.00019608053967263265,33.998585189058225,6.371434546685872,0.5600000000004264,22,3,ema_ribbon_bounce_long,1.214353017245448,SL,2022-08-05 00:30:00+00:00,-16.56982754552061,-511.06799623648044,105,False
2022-08-05 03:45:00+00:00,21,GBP_USD,SHORT,1.2140499999999999,1.2154839638276664,1.2129641235193502,1.2129641235193502,1.2129641235193502,352838.27,3,ASIAN,1.5,0.0006679382403248488,29.2237603062279,47.18300409343309,1.2146717176084152,1.215563673618102,12.5785411725432,False,4.305314003536198e-05,69.7273097273084,-3.7171760841525625,0.25,3,4,ema_ribbon_bounce_short,1.2154839638276664,SL,2022-08-05 06:30:00+00:00,-14.339638276665845,-505.95731619645585,165,False
2022-08-08 10:00:00+00:00,21,GBP_USD,LONG,1.2094200000000002,1.2076201242955613,1.2113911586260506,1.2113911586260506,1.2113911586260506,278295.74,4,LONDON,1.5,0.001080579313025342,24.499076919187303,55.496342808234,1.2081124435962247,1.2105425965476486,4.767781866976684,False,-0.00015459413056443164,69.42735683921114,11.175564037753105,0.4571428571428934,10,0,ema_ribbon_bounce_long,1.2113911586260506,TP3,2022-08-08 11:45:00+00:00,19.711586968800987,548.5650682056828,105,True
2022-08-08 22:15:00+00:00,21,GBP_USD,SHORT,1.2078099999999998,1.2095658228090465,1.2067633676444316,1.2067633676444316,1.2067633676444316,288402.33,4,NY,1.5,0.0006483161777841602,14.237800037107654,46.31708098792824,1.2086414110470443,1.2100307916706732,-14.988930407646706,False,0.0001165583722380717,45.18447018446481,-5.814110470443445,0.33333333333355764,22,0,ema_ribbon_bounce_short,1.20758,TIME,2022-08-09 06:15:00+00:00,2.2999999999973046,66.33253589992226,480,True
2022-08-09 20:45:00+00:00,21,GBP_USD,SHORT,1.20712,1.2096038840930043,1.2057932891509568,1.2057932891509568,1.2057932891509568,204134.61,4,NY,1.5,0.0007883554245216106,21.852014067192766,44.043592484072946,1.2085131003228093,1.2093432691732702,-26.33913745602401,False,0.00012876642840506033,78.0042670972225,-11.431003228092873,0.1282051282051136,20,1,ema_ribbon_bounce_short,1.20826,TIME,2022-08-10 04:45:00+00:00,-11.399999999999189,-232.71345539998342,480,False
2022-08-11 05:45:00+00:00,21,GBP_USD,SHORT,1.21911,1.2186598239542186,1.2179308211056203,1.2179308211056203,1.2179308211056203,1121160.47,4,ASIAN,1.5,0.0007145894471898536,30.781547870203717,47.36084907458261,1.2196736506747796,1.2151695585686242,-4.041617258401242,False,0.00010068434590019225,61.68141418034497,-3.136506747796197,0.8620689655171622,5,3,ema_ribbon_bounce_short,1.2186598239542186,SL,2022-08-11 06:00:00+00:00,4.501760457813474,504.71958707095706,15,True
2022-08-11 16:45:00+00:00,21,GBP_USD,LONG,1.22255,1.2190048957064052,1.2252080992567351,1.2252080992567351,1.2252080992567351,143794.58,4,OVERLAP,1.5,0.0014240496283676332,18.63356818505903,50.94414198547079,1.2218000281964196,1.2176573611717878,0.25570875226144096,False,-0.00011326849316890125,57.952513584188495,5.599718035802503,0.15384615384612757,16,3,ema_ribbon_bounce_long,1.2190048957064052,SL,2022-08-11 19:00:00+00:00,-35.451042935947804,-509.76678295365815,135,False
2022-08-11 22:30:00+00:00,21,GBP_USD,SHORT,1.21966,1.2209631794466058,1.218455152325128,1.218455152325128,1.218455152325128,387259.88,4,NY,1.5,0.0007274238374361167,35.29072942912614,46.05826017676166,1.2206448012360267,1.2181224295742936,-19.58292975392073,False,0.00014013052745297553,74.28634167765226,-7.348012360266498,0.8048780487803029,22,3,ema_ribbon_bounce_short,1.218455152325128,TP3,2022-08-12 00:15:00+00:00,12.048477059841783,466.5891780377082,105,True
2022-08-12 05:00:00+00:00,21,GBP_USD,SHORT,1.2183499999999998,1.220256167225287,1.2173798505543094,1.2173798505543094,1.2173798505543094,267203.74,3,ASIAN,1.5,0.0006100747228452346,21.217596715508595,44.899230789607216,1.219439528118824,1.218273942669485,-26.588321834752904,False,9.287289028898026e-05,18.72759856630183,-8.3952811882404,0.586206896551711,5,4,ema_ribbon_bounce_short,1.220256167225287,SL,2022-08-12 05:30:00+00:00,-19.061672252871364,-509.3350116621454,30,False
2022-08-17 21:00:00+00:00,21,GBP_USD,SHORT,1.2044199999999998,1.2083150738147783,1.202442852172404,1.202442852172404,1.202442852172404,129456.25,4,NY,1.5,0.001113573913797987,13.159077777269266,43.19349199174247,1.2063248378571474,1.2080122581809614,-22.733280788098664,False,-1.225008263447229e-05,31.942767717415098,-16.548378571474842,0.21904761904757475,21,2,ema_ribbon_bounce_short,1.20396,TIME,2022-08-18 05:00:00+00:00,4.599999999999048,59.54987499998769,480,True
2022-08-23 19:00:00+00:00,21,GBP_USD,LONG,1.1828500000000002,1.178236286524994,1.1853548935556761,1.1853548935556761,1.1853548935556761,109421.0,3,NY,1.5,0.0013774467778380382,21.255162192122334,53.41144097863015,1.1806277557446565,1.1812052936263802,20.83956799696418,False,-0.00047977380257721016,30.531563183371542,19.722442553435915,0.652482269503507,19,1,ema_ribbon_bounce_long,1.18042,TIME,2022-08-24 03:00:00+00:00,-24.300000000001543,-265.8930300000169,480,False
2022-08-24 16:30:00+00:00,21,GBP_USD,SHORT,1.1781499999999998,1.1815861674936412,1.1752519413971942,1.1752519413971942,1.1752519413971942,146144.86,4,OVERLAP,1.5,0.0015440293014028395,23.708956904030586,45.62556222746981,1.1796431642802747,1.1807842597309994,-6.4648313724102735,False,0.00014672577958241794,11.864786512458899,-13.031642802747712,0.6470588235296533,16,2,ema_ribbon_bounce_short,1.18105,TIME,2022-08-25 00:30:00+00:00,-29.000000000001243,-423.8200940000182,480,False
2022-08-25 21:15:00+00:00,21,GBP_USD,LONG,1.18361,1.1813072341393505,1.1852046522891582,1.1852046522891582,1.1852046522891582,216235.63,4,NY,1.5,0.00092232614457911,15.339443365921191,53.98400292615274,1.1827019508314642,1.1817649877847183,8.13665370465122,False,2.4093556846646147e-05,37.83838383839066,6.580491685357348,0.6341463414632033,21,3,ema_ribbon_bounce_long,1.1813072341393505,SL,2022-08-26 00:45:00+00:00,-23.027658606495915,-497.94002662005664,210,False
2022-08-29 15:45:00+00:00,21,GBP_USD,LONG,1.1715700000000002,1.1697261635630103,1.1746437502614662,1.1746437502614662,1.1746437502614662,267355.94,4,OVERLAP,1.5,0.0016318751307330414,30.23975497012599,54.518913715886946,1.1699219394945959,1.1743380105023051,15.402299088800309,False,-0.00021471164595929237,51.75596512955095,14.580605054042017,0.854961832060982,15,0,ema_ribbon_bounce_long,1.17211,TIME,2022-08-29 23:45:00+00:00,5.399999999997629,144.37220759993662,480,True
2022-08-30 10:15:00+00:00,21,GBP_USD,LONG,1.17337,1.1701777197763832,1.1757673392777024,1.1757673392777024,1.1757673392777024,154874.98,2,LONDON,1.5,0.0012936696388512223,48.06325005994144,55.58222098999425,1.1717842842335875,1.1727691961398097,-8.89313472941744,False,-5.3352701635440395e-05,21.637730555154203,13.957157664123976,0.11016949152558479,10,1,ema_ribbon_bounce_long,1.1701777197763832,SL,2022-08-30 12:15:00+00:00,-31.92280223616839,-494.4043357870535,120,False
2022-08-30 19:15:00+00:00,21,GBP_USD,SHORT,1.1659,1.170550878797103,1.1635698857698398,1.1635698857698398,1.1635698857698398,105240.39,5,NY,1.5,0.0012900571150801735,23.326853876963717,46.752489067300445,1.1679623950418516,1.1711413170906582,-26.454172133898446,False,0.0003545648812772668,67.3517126148678,-18.123950418516,0.9552238805970495,19,1,ema_ribbon_bounce_short,1.16698,TIME,2022-08-31 03:15:00+00:00,-10.799999999999699,-113.65962119999683,480,False
2022-08-31 16:30:00+00:00,21,GBP_USD,SHORT,1.16231,1.1670255049174383,1.1590581938556235,1.1590581938556235,1.1590581938556235,103557.03,5,OVERLAP,1.5,0.0017209030721883085,29.809836353898625,45.82655437637102,1.1639789383687837,1.167487309725614,-5.160065649099099,False,0.00014918817606036924,23.498164063154885,-14.789383687836555,0.37999999999995854,16,2,ema_ribbon_bounce_short,1.1590581938556235,TP3,2022-09-01 00:00:00+00:00,32.51806458387623,336.74741896544083,450,True
2022-09-01 11:45:00+00:00,21,GBP_USD,SHORT,1.1564699999999999,1.16187545132903,1.1537229863883094,1.1537229863883094,1.1537229863883094,90962.1,4,LONDON,1.5,0.0014685068058452914,25.16491118454021,41.13964606776479,1.1589317541051773,1.1630995078498012,-17.810958407589172,False,-0.00028011459834977715,59.14376269004082,-22.71754105177326,0.6157894736841503,11,3,ema_ribbon_bounce_short,1.1537229863883094,TP3,2022-09-01 14:00:00+00:00,27.470139136858997,249.87415431808822,135,True
2022-09-01 16:30:00+00:00,21,GBP_USD,SHORT,1.1538199999999998,1.1602061781385107,1.1506013342027035,1.1506013342027035,1.1506013342027035,77384.3,3,OVERLAP,1.5,0.001704332898648212,33.800096933873604,45.400536204233994,1.1564466607936161,1.1616016573128174,-17.540269601581393,False,0.00016324150272317272,74.29623059867332,-24.36660793616152,0.3955223880596718,16,3,ema_ribbon_bounce_short,1.15537,TIME,2022-09-02 00:30:00+00:00,-15.500000000001622,-119.94566500001257,480,False
2022-09-05 12:15:00+00:00,21,GBP_USD,SHORT,1.14858,1.151334026619317,1.1463275464108094,1.1463275464108094,1.1463275464108094,179007.15,4,LONDON,1.5,0.0012212267945954022,35.23375264019768,47.120246635517674,1.1490576783148674,1.1527364071421287,-9.814208940923663,False,-0.00022059216724983803,28.712806648866266,-2.8767831486731232,0.09756097560984855,12,0,ema_ribbon_bounce_short,1.151334026619317,SL,2022-09-05 13:45:00+00:00,-27.540266193171178,-492.9904561480922,90,False
2022-09-08 04:30:00+00:00,21,GBP_USD,SHORT,1.1501599999999998,1.1511453561122422,1.1487753451275224,1.1487753451275224,1.1487753451275224,495313.88,5,ASIAN,1.5,0.0008173274362387154,39.92979752018985,44.89440679796943,1.1506992147424662,1.150816897987146,28.57682498047298,False,-5.70450737407181e-05,70.23517416647837,-2.8921474246623724,0.8679245283022583,4,3,ema_ribbon_bounce_short,1.1511453561122422,SL,2022-09-08 05:45:00+00:00,-9.853561122423748,-488.0605591364862,75,False
2022-09-08 19:15:00+00:00,21,GBP_USD,SHORT,1.1494799999999998,1.1516366248175551,1.146826354737872,1.146826354737872,1.146826354737872,224044.51,5,NY,1.5,0.0014518226310638962,16.286531720608856,49.129350339648674,1.1500791564379125,1.150532964480781,-2.4393084855689473,False,0.00012677588148898118,14.927840114846626,-3.491564379125567,0.5000000000003084,19,3,ema_ribbon_bounce_short,1.1516366248175551,SL,2022-09-08 23:15:00+00:00,-21.56624817555297,-483.17995050301596,240,False
2022-09-09 15:45:00+00:00,21,GBP_USD,LONG,1.1600700000000002,1.1547606220282647,1.1633458033259532,1.1633458033259532,1.1633458033259532,90094.95,5,OVERLAP,1.5,0.0017329016629765552,16.69114008168537,55.67396535390899,1.1582308884276509,1.1544442161405444,7.343322536144115,False,0.000238061282124804,61.12341577457761,16.49111572349149,0.7876712328766925,15,4,ema_ribbon_bounce_long,1.1633458033259532,TP3,2022-09-11 21:00:00+00:00,32.75803689547564,295.1333696196033,3195,True
2022-09-12 04:45:00+00:00,21,GBP_USD,SHORT,1.16021,1.1602079247680153,1.158569667858244,1.158569667858244,1.158569667858244,231925630.98,4,ASIAN,1.5,0.0009451660708780394,17.319864821636692,45.76546833440042,1.160606893367022,1.1569680384370844,8.815629039240491,False,-0.00019595634892406266,24.959197622091704,-1.4689336702189415,0.5769230769229291,4,0,ema_ribbon_bounce_short,1.1602079247680153,SL,2022-09-12 05:00:00+00:00,0.020752319846994993,481.2994874813091,15,True
2022-09-13 09:15:00+00:00,21,GBP_USD,LONG,1.17155,1.1670362071996303,1.1739112215142131,1.1739112215142131,1.1739112215142131,107694.9,3,LONDON,1.5,0.0012756107571065421,33.08122363247392,54.69561003607745,1.1697872130479354,1.1651537080064625,-1.7955192239837992,False,-3.3492167953276704e-05,28.648485981479613,15.72786952064531,0.33620689655161523,9,1,ema_ribbon_bounce_long,1.1670362071996303,SL,2022-09-13 12:30:00+00:00,-45.137928003697866,-486.1124642565441,195,False
2022-09-14 16:00:00+00:00,21,GBP_USD,LONG,1.1572500000000001,1.1535836640567807,1.1604422759113608,1.1604422759113608,1.1604422759113608,131262.21,4,OVERLAP,1.5,0.0016911379556804548,13.45825607782218,54.982701080434346,1.1548477844116025,1.1572917653656964,13.029017021541911,False,-7.318551972809045e-05,38.48260025565878,22.122155883974592,0.6747967479674738,16,2,ema_ribbon_bounce_long,1.1535836640567807,SL,2022-09-14 19:00:00+00:00,-36.66335943219412,-481.2513585094145,180,False
2022-09-14 23:15:00+00:00,21,GBP_USD,SHORT,1.154,1.155667242769035,1.1528200655763028,1.1528200655763028,1.1528200655763028,285764.53,4,NY,1.5,0.0007149672118486281,22.70542503062811,47.52170811236965,1.1545635519719009,1.156615166085631,-13.056920908800507,False,0.00010237110144474862,39.29077351764616,-3.135519719008606,0.2499999999997687,23,2,ema_ribbon_bounce_short,1.1528200655763028,TP3,2022-09-15 00:45:00+00:00,11.799344649875701,337.1834178179745,90,True
2022-09-15 11:30:00+00:00,21,GBP_USD,SHORT,1.1502899999999998,1.1542678331953395,1.148247781698954,1.148247781698954,1.148247781698954,120621.12,5,LONDON,1.5,0.0011161091505229729,25.027200816621523,43.0436780437954,1.1521992370468292,1.1549077344888752,-7.331644056771669,False,-2.520573480492268e-05,74.5487072464161,-17.192370468293028,0.6083916083916941,11,3,ema_ribbon_bounce_short,1.148247781698954,TP3,2022-09-15 12:15:00+00:00,20.422184703543014,246.33467917882263,45,True
2022-09-15 15:00:00+00:00,21,GBP_USD,SHORT,1.1490699999999998,1.1539826637525965,1.1458903567852268,1.1458903567852268,1.1458903567852268,98169.56,4,OVERLAP,1.5,0.0016848216073866381,23.8725000255125,45.70758063667553,1.1511116416476213,1.1542209550620377,-10.814639713325747,False,3.183790682415987e-05,34.04217479674832,-18.51641647621305,0.16312056737583738,15,3,ema_ribbon_bounce_short,1.1458903567852268,TP3,2022-09-15 23:00:00+00:00,31.796435386660303,312.1442071476872,480,True
2022-09-16 17:15:00+00:00,21,GBP_USD,SHORT,1.13973,1.1447564343710903,1.1369722490147156,1.1369722490147156,1.1369722490147156,96568.55,4,NY,1.5,0.0015038754926421478,22.297764639612385,47.993639777402564,1.1411168155140148,1.146780414253793,0.7561203905703806,False,-0.00011104898840522259,52.01590562129095,-11.368155140147884,0.5100000000000666,17,4,ema_ribbon_bounce_short,1.14242,TIME,2022-09-19 01:15:00+00:00,-26.900000000000812,-259.76939950000786,3360,False
2022-09-20 03:15:00+00:00,21,GBP_USD,LONG,1.14348,1.140867703927032,1.1449493814375833,1.1449493814375833,1.1449493814375833,184817.4,4,ASIAN,1.5,0.0008596907187916912,21.393090208725603,52.97424819393258,1.142335616496513,1.142640387373143,29.13404655348728,False,-0.00010561634847954927,86.55976494123873,8.943835034869174,0.718309859154956,3,1,ema_ribbon_bounce_long,1.1449493814375833,TP3,2022-09-20 07:00:00+00:00,14.693815170877356,271.5672715962109,225,True
2022-09-20 10:30:00+00:00,21,GBP_USD,LONG,1.1435300000000002,1.141220080139496,1.145751290279226,1.145751290279226,1.145751290279226,210186.27,3,LONDON,1.5,0.0012056451396129403,21.60620091313672,50.94813432163716,1.1429907529977337,1.142811907028381,3.6559771638300376,False,-0.00013101760720229765,60.821089708460626,3.4924700226635075,0.30769230769214345,10,1,ema_ribbon_bounce_long,1.141220080139496,SL,2022-09-20 12:15:00+00:00,-23.09919860504106,-485.5134394782783,105,False
2022-09-20 15:15:00+00:00,21,GBP_USD,SHORT,1.1401499999999998,1.143491956751863,1.1374753619938032,1.1374753619938032,1.1374753619938032,143825.41,3,OVERLAP,1.5,0.0014323190030984213,22.51437950591974,43.413369746110206,1.1420118405220814,1.1425553983691004,-13.466818333485175,False,3.56943672840677e-05,62.95761189302139,-16.71840522081469,0.6875000000000216,15,1,ema_ribbon_bounce_short,1.1374753619938032,TP3,2022-09-20 16:30:00+00:00,26.746381921608243,384.6809345891894,75,True
2022-09-21 09:45:00+00:00,21,GBP_USD,SHORT,1.1341599999999998,1.1390189553679306,1.1315933271411425,1.1315933271411425,1.1315933271411425,99713.84,3,LONDON,1.5,0.0013783364294288052,33.71522164053841,45.28559748830153,1.13614263461949,1.1394428402676195,5.5621084731583,False,9.65698576268644e-05,78.5683356951669,-17.926346194900855,0.2021276595746239,9,2,ema_ribbon_bounce_short,1.1315933271411425,TP3,2022-09-21 16:30:00+00:00,25.66673116261239,255.93283244717458,405,True
2022-09-22 19:45:00+00:00,21,GBP_USD,SHORT,1.12547,1.1294605527352581,1.123027971457042,1.123027971457042,1.123027971457042,122054.38,5,NY,1.5,0.0013460142714790712,10.531135706747941,44.895184789265606,1.1271375334905092,1.1307844188335638,-36.45646929252732,False,5.9152760668636836e-05,64.8375738300775,-14.175334905091042,0.4431818181816978,19,3,ema_ribbon_bounce_short,1.123027971457042,TP3,2022-09-23 03:45:00+00:00,24.420287430351447,298.0603041733339,480,True
2022-09-26 21:30:00+00:00,21,GBP_USD,SHORT,1.06757,1.078159889773166,1.0621971570542452,1.0621971570542452,1.0621971570542452,46274.8,4,NY,1.5,0.002811421472877399,14.80405902148237,44.53223430123602,1.07105871737695,1.086987606041455,-70.17344360571664,False,0.0002966604712627669,33.17143830947124,-32.38717376949918,0.5766871165643738,21,0,ema_ribbon_bounce_short,1.078159889773166,SL,2022-09-27 00:45:00+00:00,-105.89889773165996,-490.0450312753018,195,False
2022-09-27 05:15:00+00:00,21,GBP_USD,LONG,1.0775000000000001,1.0737378798755048,1.0805627395903181,1.0805627395903181,1.0805627395903181,128955.11,3,ASIAN,1.5,0.0016563697951590677,25.397444271019932,56.29228724432573,1.0744936657412167,1.0838457293446968,27.660227124526315,False,-0.0002507946060680403,15.289180280558227,27.563342587832995,0.3600000000001776,5,1,ema_ribbon_bounce_long,1.0805627395903181,TP3,2022-09-27 05:30:00+00:00,30.62739827822319,394.95595139820824,15,True
2022-09-27 08:00:00+00:00,21,GBP_USD,LONG,1.08024,1.0738690231548307,1.0850624889996403,1.0850624889996403,1.0850624889996403,76769.1,3,LONDON,1.5,0.002506244499820147,24.574194918483137,54.777932017774695,1.0765773105321275,1.0834836899675226,4.099999999997994,False,-0.00012103554971684325,50.81672070083422,34.72689467872492,0.15075376884420932,8,1,ema_ribbon_bounce_long,1.0738690231548307,SL,2022-09-27 13:30:00+00:00,-63.70976845169407,-489.0941585244948,330,False
2022-09-27 22:15:00+00:00,21,GBP_USD,SHORT,1.07178,1.0763429751347093,1.0691085413991557,1.0691085413991557,1.0691085413991557,106115.68,4,NY,1.5,0.0014607293004221529,27.049992058298905,46.380042104067904,1.0737041441251742,1.079659132885087,-34.95406261944556,False,0.0003212359765576863,48.12336328134726,-16.74144125174193,0.5743801652892888,22,1,ema_ribbon_bounce_short,1.0691085413991557,TP3,2022-09-28 00:45:00+00:00,26.71458852593935,283.4836727350252,150,True
2022-09-28 09:15:00+00:00,21,GBP_USD,SHORT,1.06611,1.0727434550516475,1.0619420396111865,1.0619420396111865,1.0619420396111865,73421.48,4,LONDON,1.5,0.002178980194406711,18.49486418976216,45.776030422483,1.068468529565962,1.0753676122928508,-17.901909485311673,False,0.00010224603253194281,36.12959691810135,-21.685295659619186,0.6428571428570862,9,2,ema_ribbon_bounce_short,1.0727434550516475,SL,2022-09-28 10:00:00+00:00,-66.33455051647584,-487.0380874054421,45,False
2022-10-03 11:30:00+00:00,21,GBP_USD,LONG,1.1201800000000002,1.112629787137353,1.1248388460356296,1.1248388460356296,1.1248388460356296,63861.47,4,LONDON,1.5,0.0024244230178147937,21.180091665279395,54.09154045486375,1.1174666873842338,1.1090849409070407,-1.8299625255480123,False,-0.0002980818051514572,35.682410792868446,25.233126157662156,0.6203208556149872,11,0,ema_ribbon_bounce_long,1.1248388460356296,TP3,2022-10-03 14:00:00+00:00,46.58846765153152,297.5208029274251,150,True
2022-10-04 11:45:00+00:00,21,GBP_USD,SHORT,1.13292,1.132920245068444,1.1281288223288055,1.1281288223288055,1.1281288223288055,1979622002.0,4,LONDON,1.5,0.002490588835597311,26.437998997328908,44.90617866285221,1.1337681712338488,1.1234394859339896,-21.81453961524582,False,-0.0005653583480679624,52.13286953952933,-6.5817123384870335,0.7951807228915614,11,1,ema_ribbon_bounce_short,1.132920245068444,SL,2022-10-04 12:00:00+00:00,-0.002450684439825323,-485.14288370372554,15,False
2022-10-05 03:45:00+00:00,21,GBP_USD,SHORT,1.14293,1.1419749209637502,1.140181126684902,1.140181126684902,1.140181126684902,502881.37,2,ASIAN,1.5,0.0014994366575490708,11.640236040514642,43.383482487313174,1.1436289010670224,1.133238567087351,15.859632785135691,False,-0.00010842397782374435,72.6407095806453,-4.489010670223337,0.3055555555555099,3,2,ema_ribbon_bounce_short,1.1419749209637502,SL,2022-10-05 04:00:00+00:00,9.550790362498063,480.29145420758226,15,True
2022-10-05 09:00:00+00:00,21,GBP_USD,SHORT,1.14146,1.143488329197609,1.1374180986034017,1.1374180986034017,1.1374180986034017,239159.59,2,LONDON,1.5,0.0021159506982991894,23.537311668100504,45.24478884377486,1.1432463296922286,1.1351168656518786,9.011054707512844,False,-0.0002676260542054296,66.67096072369127,-15.963296922285597,0.27551020408163035,9,2,ema_ribbon_bounce_short,1.1374180986034017,TP3,2022-10-05 10:15:00+00:00,40.419015656025756,966.6595212498701,75,True
2022-10-05 21:30:00+00:00,21,GBP_USD,SHORT,1.1318199999999998,1.136942205895816,1.1289073538635463,1.1289073538635463,1.1289073538635463,96591.39,4,NY,1.5,0.0015813230682267445,32.374809770005925,49.19865230767504,1.133360456053788,1.133872635436102,4.054519439691262,False,-7.301144643622693e-05,67.28908734185761,-12.904560537880805,0.40425531914905677,21,2,ema_ribbon_bounce_short,1.136942205895816,SL,2022-10-06 00:00:00+00:00,-51.22205895816245,-494.7609873430863,150,False
2022-10-06 02:30:00+00:00,21,GBP_USD,LONG,1.13657,1.1336188352804368,1.1394109963477719,1.1394109963477719,1.1394109963477719,165972.9,4,ASIAN,1.5,0.001545498173885892,19.841967717632976,58.27656653065809,1.1342021719117557,1.1340222861645513,40.26974946921502,False,-2.3755760248543242e-05,70.15065913370971,21.178280882443445,0.7409326424870735,2,3,ema_ribbon_bounce_long,1.1336188352804368,SL,2022-10-06 06:00:00+00:00,-29.511647195632484,-489.8133668835991,210,False
2022-10-07 10:45:00+00:00,21,GBP_USD,LONG,1.1196700000000002,1.1181063264550557,1.1231869525020926,1.1231869525020926,1.1231869525020926,310112.83,2,LONDON,1.5,0.001853476251046273,27.98230735342843,54.09691943281483,1.1181022930645328,1.1237607548128232,-5.905102157963693,False,6.606572107596968e-05,24.75833543883475,13.777069354672378,0.03278688524593446,10,4,ema_ribbon_bounce_long,1.1181063264550557,SL,2022-10-07 12:30:00+00:00,-15.63673544944466,-484.9152282188606,105,False
2022-10-10 07:45:00+00:00,21,GBP_USD,SHORT,1.10696,1.1126934900476768,1.1038005719099424,1.1038005719099424,1.1038005719099424,83730.17,4,ASIAN,1.5,0.0017047140450287847,22.38549966110192,46.16166778230684,1.1087593921750218,1.1155705060176406,-45.72742575536193,False,9.20138487270736e-05,48.41750841750852,-15.493921750218131,0.29646017699113697,7,0,ema_ribbon_bounce_short,1.1038005719099424,TP3,2022-10-10 08:30:00+00:00,31.594284673920257,264.5394826775738,45,True
2022-10-10 10:15:00+00:00,21,GBP_USD,SHORT,1.1056599999999999,1.111928716383697,1.1021621535077801,1.1021621535077801,1.1021621535077801,77003.24,3,LONDON,1.5,0.001843923246109926,20.98728689543941,44.68368785853633,1.1078668259588067,1.1146574766969302,-0.7176112984419447,False,5.3753310426254226e-05,37.88704656751537,-20.168259588067006,0.7426900584796461,10,0,ema_ribbon_bounce_short,1.1021621535077801,TP3,2022-10-10 17:00:00+00:00,34.978469464664,269.3455479020194,405,True
2022-10-12 17:00:00+00:00,21,GBP_USD,LONG,1.1073600000000001,1.1014254697042598,1.1116799802691741,1.1116799802691741,1.1116799802691741,81793.32,3,NY,1.5,0.0022849901345870552,21.62095877051393,54.40699936642004,1.1045946946709082,1.1048318492041866,15.425569835620934,False,-0.00010705321339438763,23.667683278028154,25.153053290918326,0.8141592920353722,17,2,ema_ribbon_bounce_long,1.1116799802691741,TP3,2022-10-12 18:00:00+00:00,43.19980797332096,353.34557175003926,60,True
2022-10-12 19:00:00+00:00,21,GBP_USD,LONG,1.1094600000000001,1.1023153238025818,1.1137235228577473,1.1137235228577473,1.1137235228577473,68433.94,2,NY,1.5,0.002256761428873609,22.851903546420413,55.87387508295754,1.105955198604772,1.1051926590380536,30.608551653268368,False,4.35251717879892e-05,39.86253835425484,32.54801395228046,0.05487804878043827,19,2,ema_ribbon_bounce_long,1.10859,TIME,2022-10-13 03:00:00+00:00,-8.700000000001484,-59.53752780001016,480,False
2022-10-14 08:00:00+00:00,21,GBP_USD,SHORT,1.1285399999999999,1.1290414174940735,1.1242152338025315,1.1242152338025315,1.1242152338025315,973924.93,3,LONDON,1.5,0.0022573830987342672,29.2649595261399,42.3910515176413,1.130510084756525,1.1206049183791331,-4.933333333332346,False,-0.00038166877740861474,46.589055921248736,-17.800847565250244,0.8457943925233941,8,4,ema_ribbon_bounce_short,1.1290414174940735,SL,2022-10-14 08:30:00+00:00,-5.014174940736193,-488.34299781642517,30,False
2022-10-14 15:15:00+00:00,21,GBP_USD,SHORT,1.12146,1.1288080339271374,1.114217232932157,1.114217232932157,1.114217232932157,65794.41,2,OVERLAP,1.5,0.0037163835339215127,21.515920316212632,47.05473800220046,1.1250905272794076,1.121235997115573,-11.472461533916789,False,0.0003768981576034614,70.79060385620217,-34.40527279407579,0.4977168949772046,15,4,ema_ribbon_bounce_short,1.12385,TIME,2022-10-16 23:15:00+00:00,-23.900000000001143,-157.24863990000753,3360,False
2022-10-17 03:30:00+00:00,21,GBP_USD,LONG,1.12396,1.1213583648924508,1.1264040613845139,1.1264040613845139,1.1264040613845139,185224.7,4,ASIAN,1.5,0.0013470306922569828,14.876213144386595,57.94503796652202,1.1223154014490553,1.1211235001610953,27.129460712496112,False,-0.0001277147359261459,63.990282028629395,13.945985509447034,0.21739130434785606,3,0,ema_ribbon_bounce_long,1.1264040613845139,TP3,2022-10-17 05:15:00+00:00,24.44061516464966,452.70056116876844,105,True
2022-10-17 08:45:00+00:00,21,GBP_USD,LONG,1.1268300000000002,1.1216442808312947,1.1307324005673471,1.1307324005673471,1.1307324005673471,93798.77,5,LONDON,1.5,0.002046200283673486,21.13479628331229,56.23438002267349,1.1242220183333,1.1219571468023632,14.585065919312523,False,-0.0002269076265848692,42.028884861247356,24.17981666700042,0.9090909090908785,8,0,ema_ribbon_bounce_long,1.1307324005673471,TP3,2022-10-17 10:00:00+00:00,39.024009833865506,366.0404122884489,75,True
2022-10-19 00:30:00+00:00,21,GBP_USD,LONG,1.1342400000000001,1.1311444484194049,1.1364821419910933,1.1364821419910933,1.1364821419910933,158315.73,4,ASIAN,1.5,0.0012460709955465965,23.25479325089141,56.74966017700419,1.13252504237848,1.1308923593365696,28.91737223188029,False,1.3431900121510586e-05,25.240752509920913,14.649576215199911,0.9040000000000796,0,2,ema_ribbon_bounce_long,1.1311444484194049,SL,2022-10-19 06:00:00+00:00,-30.95551580595268,-490.07450823459374,330,False
2022-10-20 22:15:00+00:00,21,GBP_USD,SHORT,1.12269,1.124953034839827,1.120422159571753,1.120422159571753,1.120422159571753,214390.75,4,NY,1.5,0.0012589202141235333,13.092748792694982,46.80119529427168,1.1235889499966434,1.124799468016968,-13.354682391981676,False,0.00014944271662670596,49.17797638751207,-6.489499966433332,0.2653061224488501,22,3,ema_ribbon_bounce_short,1.120422159571753,TP3,2022-10-21 00:00:00+00:00,22.67840534027717,486.20403297060284,105,True
2022-10-21 03:15:00+00:00,21,GBP_USD,SHORT,1.12114,1.1239006968756342,1.1193922599942419,1.1193922599942419,1.1193922599942419,177504.38,5,ASIAN,1.5,0.0009988700028791383,28.583696051332318,46.96854623078865,1.1223005384844882,1.1241677614555492,-24.98577944239022,False,0.0001584841377054735,73.31383105159193,-9.10538484488077,0.7586206896551329,3,4,ema_ribbon_bounce_short,1.1193922599942419,TP3,2022-10-21 04:15:00+00:00,17.47740104219965,310.2315236007003,60,True
2022-10-24 01:15:00+00:00,21,GBP_USD,LONG,1.13311,1.1226722002580745,1.138427869559198,1.138427869559198,1.138427869559198,47245.41,4,ASIAN,1.5,0.0027839347795990655,24.700504510389603,52.65148783415855,1.1287719595144354,1.1242136138312695,107.78166182007664,False,-0.0006800788253358576,24.416269489936898,40.88040485564548,0.2134146341463745,1,0,ema_ribbon_bounce_long,1.1307,TIME,2022-10-24 09:15:00+00:00,-24.100000000000232,-113.86143810000111,480,False
2022-10-24 18:15:00+00:00,21,GBP_USD,SHORT,1.12822,1.131153287085343,1.1246318878351063,1.1246318878351063,1.1246318878351063,167729.74,2,NY,1.5,0.001919056082446863,14.337136479812226,47.04301812169483,1.129844105379435,1.127498395865577,-15.9242259371295,False,9.71547548967172e-05,73.89921674306761,-13.741053794349423,0.33870967741903135,18,0,ema_ribbon_bounce_short,1.131153287085343,SL,2022-10-24 23:00:00+00:00,-29.332870853429057,-491.9994801699234,285,False
2022-10-25 11:15:00+00:00,21,GBP_USD,LONG,1.13267,1.1286318717091677,1.1355558702679305,1.1355558702679305,1.1355558702679305,120620.11,4,LONDON,1.5,0.0015379351339652467,41.68837267186006,56.35583655564977,1.1307996174727732,1.1288796214128198,3.1028483350836744,False,9.693820251952217e-05,54.354415322810496,16.80382527226687,0.01388888888882464,11,1,ema_ribbon_bounce_long,1.1355558702679305,TP3,2022-10-25 12:45:00+00:00,28.85870507183243,348.09401802219855,90,True
2022-10-27 17:45:00+00:00,21,GBP_USD,SHORT,1.1569099999999999,1.1604036307649108,1.152881848453128,1.152881848453128,1.152881848453128,140415.65,4,NY,1.5,0.002139075773436022,18.16020122730721,46.076131972444024,1.1587168492150992,1.1541818710400396,-10.180778472339558,False,-6.790382756165747e-05,48.52430555555545,-15.56849215099243,0.7542372881356681,17,3,ema_ribbon_bounce_short,1.15901,TIME,2022-10-28 01:45:00+00:00,-21.000000000002128,-294.8728650000299,480,False
2022-10-28 10:15:00+00:00,21,GBP_USD,SHORT,1.15315,1.157421991792982,1.1505106303924295,1.1505106303924295,1.1505106303924295,114141.54,2,LONDON,1.5,0.0014146848037852383,32.883961282775495,47.21475310697753,1.1548839141764333,1.154809551502102,10.241011560729874,False,0.0002521099201635735,84.98369485023025,-15.43914176433292,0.19718309859159333,10,4,ema_ribbon_bounce_short,1.157421991792982,SL,2022-10-28 11:30:00+00:00,-42.719917929820994,-487.611722118338,75,False
2022-10-31 01:15:00+00:00,21,GBP_USD,LONG,1.1601700000000001,1.1569634015898265,1.162048205857983,1.162048205857983,1.162048205857983,150544.45,4,ASIAN,1.5,0.0010641029289914935,21.95662619654928,52.85661353969628,1.1588956130419241,1.1565370019930141,31.49443397275853,False,-4.102013292275899e-05,52.69709543568539,10.243869580759402,0.050000000000055514,1,0,ema_ribbon_bounce_long,1.1569634015898265,SL,2022-10-31 08:00:00+00:00,-32.065984101736774,-482.73559403047074,405,False
2022-11-01 11:15:00+00:00,21,GBP_USD,LONG,1.1542500000000002,1.1503752378095793,1.1568781658908538,1.1568781658908538,1.1568781658908538,123338.73,5,LONDON,1.5,0.0014090829454268326,20.231798019104268,57.535594033827834,1.1517778786149266,1.1528432500473407,7.500338929036232,False,-2.766759621941953e-05,42.87574404762074,22.821213850734434,0.7328244274808902,11,1,ema_ribbon_bounce_long,1.1503752378095793,SL,2022-11-01 14:00:00+00:00,-38.747621904209325,-477.908247618536,165,False
2022-11-01 18:30:00+00:00,21,GBP_USD,SHORT,1.14726,1.1523036798590034,1.1441451749276748,1.1441451749276748,1.1441451749276748,93806.34,2,NY,1.5,0.0016824125361626099,24.411056556517064,44.13311494559204,1.1496499811925824,1.1519751194055605,-26.960902387094254,False,0.00036112834764287873,76.42035478100821,-21.399811925824075,0.5810810810808419,18,1,ema_ribbon_bounce_short,1.15088,TIME,2022-11-02 02:30:00+00:00,-36.19999999999956,-339.57895079999594,480,False
2022-11-04 08:30:00+00:00,21,GBP_USD,LONG,1.12236,1.1216171270463657,1.1252496953959887,1.1252496953959887,1.1252496953959887,632319.91,3,LONDON,1.5,0.0015398476979944533,27.14762338368648,55.82593644065546,1.1207272336041672,1.1296169003838192,5.211852888407087,False,-0.00017882462380664312,68.43971631205456,14.427663958327397,0.778409090909025,8,4,ema_ribbon_bounce_long,1.1216171270463657,SL,2022-11-04 09:45:00+00:00,-7.428729536342882,-469.7333591834673,75,False
2022-11-04 10:15:00+00:00,21,GBP_USD,LONG,1.1228600000000002,1.1215579169788263,1.1257303478614091,1.1257303478614091,1.1257303478614091,357147.75,3,LONDON,1.5,0.0015301739307044969,28.140125537130544,55.31676601836791,1.1211903783640658,1.1291447248791187,2.8239465198653946,False,-3.31400365233582e-05,21.953945897607827,14.796216359342917,0.5614035087719469,10,4,ema_ribbon_bounce_long,1.1215579169788263,SL,2022-11-04 10:45:00+00:00,-13.020830211738497,-465.03602132544285,30,False
2022-11-07 02:30:00+00:00,21,GBP_USD,LONG,1.13311,1.1274306502338773,1.1361684015589406,1.1361684015589406,1.1361684015589406,81063.09,3,ASIAN,1.5,0.0016542007794703181,17.933938927419646,50.887111200337515,1.1313289690841866,1.1300376387620477,39.428625553339366,False,-0.00017193837023946886,59.89583333333263,15.310309158134139,0.4772727272726623,2,0,ema_ribbon_bounce_long,1.1361684015589406,TP3,2022-11-07 08:15:00+00:00,30.58401936227124,247.92351141255358,345,True
2022-11-08 10:30:00+00:00,21,GBP_USD,SHORT,1.1471699999999998,1.1483316821484353,1.1441684025898764,1.1441684025898764,1.1441684025898764,398443.67,3,LONDON,1.5,0.001595798705061789,25.856241916443608,46.357241306490856,1.1485058094517748,1.1425280790609127,3.403981259852973,False,0.00019505091763842596,56.25913943990008,-11.458094517748929,0.03787878787886816,10,1,ema_ribbon_bounce_short,1.1441684025898764,TP3,2022-11-08 12:45:00+00:00,30.01597485456445,1195.9675179680376,135,True
2022-11-09 01:45:00+00:00,21,GBP_USD,SHORT,1.15271,1.1523035457641757,1.1506017629714558,1.1506017629714558,1.1506017629714558,1168211.66,3,ASIAN,1.5,0.0011791185142721455,10.907804813483297,45.40975109862541,1.1530243585487598,1.1471248773457263,20.033526730134366,False,-0.00018042918048121045,56.85127577924786,-0.6435854875985747,0.6534653465347863,1,2,ema_ribbon_bounce_short,1.1523035457641757,SL,2022-11-09 02:00:00+00:00,4.06454235824194,474.82457754621316,15,True
2022-11-09 04:15:00+00:00,21,GBP_USD,LONG,1.15459,1.1505972873950443,1.1566155173624688,1.1566155173624688,1.1566155173624688,120112.03,4,ASIAN,1.5,0.0011377586812344376,17.243053289062793,51.83044329428265,1.1535072947137044,1.1478261994262757,28.710952291288727,False,1.3717472290705897e-05,27.907294014261016,8.32705286295532,0.4893617021275892,4,2,ema_ribbon_bounce_long,1.1566155173624688,TP3,2022-11-09 08:15:00+00:00,20.255175311044876,243.28902246154814,240,True
2022-11-14 07:00:00+00:00,21,GBP_USD,SHORT,1.1758199999999999,1.176833784898502,1.1736965057869124,1.1736965057869124,1.1736965057869124,475451.66,2,ASIAN,1.5,0.0011867471065437985,29.490221010495375,43.09725872716073,1.177578314380898,1.1693286441793416,-13.764756090328678,False,8.681336965727293e-05,72.15880169916201,-15.08314380898046,0.17557251908394358,7,0,ema_ribbon_bounce_short,1.176833784898502,SL,2022-11-14 07:15:00+00:00,-10.137848985021236,-482.00571287576616,15,False
2022-11-14 07:15:00+00:00,21,GBP_USD,SHORT,1.1757199999999999,1.1768739839678544,1.1735288982307044,1.1735288982307044,1.1735288982307044,413511.51,2,ASIAN,1.5,0.0012205508846478124,26.58918469555268,42.504217088277954,1.177515243228706,1.169394727321836,-14.638982985533122,False,0.0001129873606329695,61.427784716925395,-15.452432287059725,0.06626506024099689,7,0,ema_ribbon_bounce_short,1.1768739839678544,SL,2022-11-14 07:30:00+00:00,-11.539839678544883,-477.18565306330095,15,False
2022-11-14 09:45:00+00:00,21,GBP_USD,LONG,1.1801800000000002,1.1747643536187449,1.1833015067375718,1.1833015067375718,1.1833015067375718,87231.29,3,LONDON,1.5,0.0016557533687858491,28.62357766611298,56.378711862054956,1.178303833982456,1.1703915621342444,-3.9466389224918075,False,0.00035850402917905115,32.45033112583022,16.861660175440107,0.20111731843571193,9,0,ema_ribbon_bounce_long,1.1747643536187449,SL,2022-11-14 10:45:00+00:00,-54.15646381255357,-472.4138200207366,60,False
2022-11-16 08:45:00+00:00,21,GBP_USD,LONG,1.1885500000000002,1.1831706300152323,1.1925883744298893,1.1925883744298893,1.1925883744298893,86941.34,5,LONDON,1.5,0.002114187214944606,29.406430945513957,56.322107838188344,1.1863393359468737,1.1820388370920194,9.69506518860408,False,0.00014759817775970876,49.04691146029179,20.206640531263975,0.847715736040628,8,2,ema_ribbon_bounce_long,1.1925883744298893,TP3,2022-11-16 10:00:00+00:00,40.38374894383235,351.10172474003696,75,True
2022-11-16 13:15:00+00:00,21,GBP_USD,LONG,1.1911100000000001,1.1850049137366272,1.1945297674746376,1.1945297674746376,1.1945297674746376,77181.66,4,OVERLAP,1.5,0.0018048837373187499,16.546131083615702,55.93263914136003,1.188411932396493,1.1834000064954682,15.346356760244095,False,-9.99220860878672e-05,71.80451127819275,25.080676035069693,0.5136986301369998,13,2,ema_ribbon_bounce_long,1.1850049137366272,SL,2022-11-16 14:45:00+00:00,-61.05086263372916,-471.2006922503189,90,False
2022-11-17 04:30:00+00:00,21,GBP_USD,SHORT,1.18831,1.1894899754650756,1.1867841951081042,1.1867841951081042,1.1867841951081042,395337.6,2,ASIAN,1.5,0.0008879024459478878,34.91908743174116,46.39825027502777,1.1892097244545528,1.1861084764356205,-5.1875458879679925,False,-4.540916659019341e-06,86.68414805980024,-6.4972445455269145,0.1129032258065036,4,3,ema_ribbon_bounce_short,1.1894899754650756,SL,2022-11-17 05:15:00+00:00,-11.799754650756444,-466.4886684218891,45,False
2022-11-18 06:45:00+00:00,21,GBP_USD,LONG,1.1902000000000001,1.1861673888898028,1.1922836611954157,1.1922836611954157,1.1922836611954157,114522.27,4,ASIAN,1.5,0.0011668305977078873,23.46688870045016,55.38483153127375,1.1881096916985547,1.1865240039813183,46.03621048871575,False,-0.0002620940722803238,38.70888157894623,18.40308301445326,0.6902173913043806,6,4,ema_ribbon_bounce_long,1.1922836611954157,TP3,2022-11-18 07:45:00+00:00,20.83661377359343,238.6256308465186,60,True
2022-11-18 12:00:00+00:00,21,GBP_USD,LONG,1.19266,1.1868879318505432,1.196031239380752,1.196031239380752,1.196031239380752,80423.52,5,LONDON,1.5,0.0017806196903760521,15.709131274136407,56.375802677532164,1.189900564779193,1.1874106460563576,15.184050260443893,False,-0.00011588205623788033,49.21750398724189,25.694352208069926,0.7363184079602187,12,4,ema_ribbon_bounce_long,1.18913,TIME,2022-11-18 20:00:00+00:00,-35.300000000000324,-283.89502560000267,480,False
2022-11-18 20:00:00+00:00,21,GBP_USD,SHORT,1.18888,1.1904582271019235,1.1866076019892642,1.1866076019892642,1.1866076019892642,292335.05,2,NY,1.5,0.0012611990053679422,20.933723873914186,48.03976940875532,1.1896777308787578,1.1880887865408236,-11.742429531340637,False,1.5628640295844943e-05,66.67102771657697,-5.477308787578128,0.19117647058817766,20,4,ema_ribbon_bounce_short,1.1866076019892642,TP3,2022-11-21 00:30:00+00:00,22.723980884684114,664.3016088123175,3150,True
2022-11-21 13:30:00+00:00,21,GBP_USD,SHORT,1.1807299999999998,1.185954650054545,1.1780501523327,1.1780501523327,1.1780501523327,89578.08,3,OVERLAP,1.5,0.0014349238336499397,14.664308002163976,47.54230103039198,1.1826016274759141,1.1857862089293545,-1.1419616660135468,False,0.00017001458607849966,78.42212645169833,-16.816274759141603,0.6521739130433838,13,0,ema_ribbon_bounce_short,1.1780501523327,TP3,2022-11-21 15:45:00+00:00,26.798479664631138,240.05563552767012,135,True
2022-11-22 14:15:00+00:00,21,GBP_USD,LONG,1.18809,1.1834376786608511,1.1907710521731256,1.1907710521731256,1.1907710521731256,101113.97,3,OVERLAP,1.5,0.001435526086562819,36.187026146007575,57.02184570113443,1.1858130590169405,1.184863644909654,18.3497788905429,False,-7.244609972155316e-05,16.888055088341144,20.869409830595043,0.43971631205674205,14,1,ema_ribbon_bounce_long,1.18819,TIME,2022-11-22 22:15:00+00:00,0.9999999999998899,10.111396999998886,480,True
2022-11-23 02:00:00+00:00,21,GBP_USD,SHORT,1.18777,1.1878950806502735,1.1862656074090876,1.1862656074090876,1.1862656074090876,3761699.16,3,ASIAN,1.5,0.0008771962954562374,22.375106307250192,45.55102143776148,1.1880958555187697,1.1861617251110503,5.179730918183356,False,-0.00018346473115213137,20.421106037545567,-0.7585551876965191,0.4675324675322616,2,2,ema_ribbon_bounce_short,1.1878950806502735,SL,2022-11-23 02:15:00+00:00,-1.2508065027350133,-470.5157770660838,15,False
2022-11-23 02:15:00+00:00,21,GBP_USD,SHORT,1.1877199999999999,1.1878798489757503,1.1862837783084383,1.1862837783084383,1.1862837783084383,2914066.96,3,ASIAN,1.5,0.0008431108457807887,21.89689284933827,45.18624748713771,1.1880909200082297,1.1861797178960152,4.636098907497832,False,-0.0001925352586081827,26.37516135868903,-1.2092000822971904,0.10000000000011103,2,2,ema_ribbon_bounce_short,1.1878798489757503,SL,2022-11-23 02:30:00+00:00,-1.5984897575038737,-465.81061882404504,15,False
2022-11-24 21:45:00+00:00,21,GBP_USD,SHORT,1.21081,1.2095119402922172,1.2096247252146175,1.2096247252146175,1.2096247252146175,355262.94,4,NY,1.5,0.0007176373926912159,15.931444450689707,44.579794812438074,1.2111814431966228,1.2035568563242338,-0.91180977951133,False,-6.873475366800548e-05,17.204759872947033,-1.2144319662277248,0.7187499999996314,21,3,ema_ribbon_bounce_short,1.2095119402922172,SL,2022-11-24 22:00:00+00:00,12.980597077827394,461.1525080824369,15,True
2022-11-25 12:45:00+00:00,21,GBP_USD,SHORT,1.2086899999999998,1.211192920380062,1.2062774052736045,1.2062774052736045,1.2062774052736045,186088.24,4,LONDON,1.5,0.0013012973631976808,22.261872410106015,43.6083545337828,1.2102942642751637,1.206663471284674,-9.982180059981971,False,-0.00011903264118717392,36.55326612309094,-14.14264275163779,0.2602739726027689,12,4,ema_ribbon_bounce_short,1.2062774052736045,TP3,2022-11-25 13:30:00+00:00,24.125948560432107,448.9555305941344,45,True
2022-11-28 00:45:00+00:00,21,GBP_USD,SHORT,1.2065,1.2097834455312761,1.204495117760592,1.204495117760592,1.204495117760592,143219.55,2,ASIAN,1.5,0.0011274411197039868,25.16097511503614,44.31778703115595,1.208080676729761,1.2071614827438488,-17.11995134028088,False,1.8424141943649067e-05,88.57387506284795,-13.30676729760949,0.4553571428571482,0,0,ema_ribbon_bounce_short,1.204495117760592,TP3,2022-11-28 01:30:00+00:00,20.048823793945,287.13835217980954,45,True
2022-11-28 11:45:00+00:00,21,GBP_USD,LONG,1.2095600000000002,1.2062751916922418,1.2125013322286518,1.2125013322286518,1.2125013322286518,144034.27,4,LONDON,1.5,0.0015656661143258063,18.569290137249435,55.10646524066022,1.207801944648378,1.2071068400469172,2.3248271995068848,False,-9.539737681618697e-05,53.37964292864749,15.680553516219664,0.4099378881987946,11,0,ema_ribbon_bounce_long,1.2062751916922418,SL,2022-11-28 13:15:00+00:00,-32.84808307758347,-473.1249666979088,90,False
2022-11-28 13:45:00+00:00,21,GBP_USD,SHORT,1.2073399999999999,1.209431550814675,1.2044259507439872,1.2044259507439872,1.2044259507439872,223945.66,3,OVERLAP,1.5,0.0015520246280063654,25.808127921086275,46.77193500015702,1.20787625199412,1.2071844940189251,-13.086841943734662,False,-0.00036837882166927856,28.01932367149676,-3.4625199411997265,0.10714285714274385,13,0,ema_ribbon_bounce_short,1.2044259507439872,TP3,2022-11-28 14:15:00+00:00,29.14049386135736,652.5887130507623,30,True
2022-11-29 10:15:00+00:00,21,GBP_USD,LONG,1.2019300000000002,1.1995629650862647,1.20554735857294,1.20554735857294,1.20554735857294,200639.04,5,LONDON,1.5,0.0019036792864699757,28.160512254060016,51.95089176054275,1.2006979335615457,1.2030198430871004,-1.9051704243522316,False,-0.0002736540911418688,43.26478868799453,10.42066438454281,0.6181818181817741,10,1,ema_ribbon_bounce_long,1.1995629650862647,SL,2022-11-29 11:15:00+00:00,-23.670349137354663,-474.91961273836677,60,False
2022-11-29 17:00:00+00:00,21,GBP_USD,SHORT,1.19872,1.2027540666139904,1.194844560171812,1.194844560171812,1.194844560171812,116549.99,3,NY,1.5,0.0020627199140940103,16.896785835931173,48.10008167441757,1.1998856726575102,1.202230199213053,-13.201154907998003,False,4.3553819187241907e-05,56.92287917681907,-9.15672657510136,0.34444444444418676,17,1,ema_ribbon_bounce_short,1.194844560171812,TP3,2022-11-29 19:45:00+00:00,38.75440160701041,451.6825119753048,165,True
2022-11-30 12:45:00+00:00,21,GBP_USD,LONG,1.20032,1.197175058073879,1.202890023757621,1.202890023757621,1.202890023757621,150936.73,4,LONDON,1.5,0.0013800118788105137,21.621623565755627,54.159526395664535,1.1986686446856285,1.199732746769608,5.184822289658886,False,-6.244672033809708e-05,31.8988189209584,14.613553143714153,0.3023255813952608,12,2,ema_ribbon_bounce_long,1.197175058073879,SL,2022-11-30 15:00:00+00:00,-31.44941926121136,-474.68725036862594,135,False
2022-12-02 19:15:00+00:00,21,GBP_USD,LONG,1.22712,1.2220315424667605,1.2304976434171415,1.2304976434171415,1.2304976434171415,92354.19,3,NY,1.5,0.0018138217085707795,24.858798898352095,52.975132010085694,1.2255474020831147,1.2192043691652348,30.379496692287677,False,8.051326671107428e-05,24.977043158860216,13.225979168851598,0.45679012345678,19,4,ema_ribbon_bounce_long,1.2304976434171415,TP3,2022-12-05 01:15:00+00:00,33.77643782868673,311.9395556753722,3240,True
2022-12-06 13:15:00+00:00,21,GBP_USD,LONG,1.2217300000000002,1.2193159395210902,1.2247608737497278,1.2247608737497278,1.2247608737497278,195960.2,4,OVERLAP,1.5,0.0016104368748638285,34.479539721049136,56.53705262920176,1.2199568440548005,1.221578172013183,23.921581382806423,False,0.0002978883777155508,34.122807017543515,15.831559451995325,0.7950310559007813,13,1,ema_ribbon_bounce_long,1.2193159395210902,SL,2022-12-06 14:00:00+00:00,-24.140604789100184,-473.059774259303,45,False
2022-12-07 20:45:00+00:00,21,GBP_USD,LONG,1.2214500000000001,1.2165664762255246,1.223917721643262,1.223917721643262,1.223917721643262,95899.84,5,NY,1.5,0.0013588608216309611,20.027114902497182,54.74553705655801,1.2190672163883354,1.2182442518049723,20.259499513533008,False,-0.00024061677699895652,38.0254184121571,21.327836116646903,0.66265060240979,20,2,ema_ribbon_bounce_long,1.21846,TIME,2022-12-08 04:45:00+00:00,-29.900000000000485,-286.7405216000046,480,False
2022-12-08 16:15:00+00:00,21,GBP_USD,LONG,1.2223300000000001,1.2174184922635591,1.225644412146511,1.225644412146511,1.225644412146511,94769.63,4,OVERLAP,1.5,0.0017522060732555107,38.63264317983736,59.565735795207964,1.2197434522170612,1.218882963935235,24.688154426417697,False,0.00013587082703485256,35.218073031487855,23.965477829388515,0.32972972972974596,16,3,ema_ribbon_bounce_long,1.22283,TIME,2022-12-09 00:15:00+00:00,4.999999999999448,47.38481499999478,480,True
2022-12-09 19:30:00+00:00,21,GBP_USD,SHORT,1.22682,1.227224170161513,1.2242133602905794,1.2242133602905794,1.2242133602905794,1152820.41,3,NY,1.5,0.0014283198547103968,20.448522261866938,45.748773192633436,1.2271769901358178,1.2237463379605167,-4.589865847044461,False,-0.0002851786044756208,39.63400609510928,-1.0699013581771943,0.6666666666664965,19,4,ema_ribbon_bounce_short,1.227224170161513,SL,2022-12-09 19:45:00+00:00,-4.0417016151295115,-465.93561130512654,15,False
2022-12-12 16:45:00+00:00,21,GBP_USD,LONG,1.2284100000000002,1.2242633086709664,1.2315747997169977,1.2315747997169977,1.2315747997169977,111239.59,4,OVERLAP,1.5,0.001677399858498794,26.18043018140529,53.99586120996906,1.2266272959779068,1.2248153961363994,12.068288370186142,False,-0.00023018430350513468,59.64369876816406,15.927040220933275,0.6850000000000461,16,0,ema_ribbon_bounce_long,1.2242633086709664,SL,2022-12-12 19:00:00+00:00,-41.4669132903378,-461.2762432982728,135,False
2022-12-14 12:00:00+00:00,21,GBP_USD,LONG,1.23838,1.2338326590088677,1.2411706375088534,1.2411706375088534,1.2411706375088534,100424.29,5,LONDON,1.5,0.0014903187544267602,25.788086284042333,53.70519842590172,1.2368185065513577,1.2326230242973908,-0.06683127559581337,False,-0.0001588130851647438,21.135533686901848,13.714934486421804,0.6595744680849556,12,2,ema_ribbon_bounce_long,1.2411706375088534,TP3,2022-12-14 15:45:00+00:00,27.90637786738046,280.2478183803397,225,True
2022-12-15 06:00:00+00:00,21,GBP_USD,SHORT,1.23857,1.2398493294943889,1.2371664555512718,1.2371664555512718,1.2371664555512718,359145.92,4,ASIAN,1.5,0.0008267722243640867,44.23750903490385,44.08111513429182,1.2397695568292724,1.2365230712167663,-8.284655878962877,False,8.195623787086873e-05,74.63918825234808,-9.495568292723355,0.4659090909091196,6,3,ema_ribbon_bounce_short,1.2398493294943889,SL,2022-12-15 06:30:00+00:00,-12.793294943889144,-459.4659682454415,30,False
2022-12-19 10:45:00+00:00,21,GBP_USD,LONG,1.2208700000000001,1.2176347451043956,1.2235780732084862,1.2235780732084862,1.2235780732084862,140598.29,2,LONDON,1.5,0.0014490366042431006,26.81390438417041,53.98096766589975,1.219135243680269,1.2213911767653618,-6.901332607731625,False,-1.1108534139607669e-05,19.57895781782018,15.447563197310554,0.39285714285715984,10,0,ema_ribbon_bounce_long,1.2176347451043956,SL,2022-12-19 12:15:00+00:00,-32.352548956045,-454.87130603612127,90,False
2022-12-19 18:30:00+00:00,21,GBP_USD,SHORT,1.2162799999999998,1.2197210952718498,1.2135843651589462,1.2135843651589462,1.2135843651589462,130866.07,5,NY,1.5,0.0014728174205269017,15.584688423878035,45.01620573242202,1.217787942219018,1.2203004059276439,-19.998268498224725,False,0.00010135590633657656,21.8693504799171,-12.579422190182044,0.677419354838779,18,0,ema_ribbon_bounce_short,1.21503,TIME,2022-12-20 02:30:00+00:00,12.499999999997513,163.58258749996747,480,True
2022-12-20 11:15:00+00:00,21,GBP_USD,LONG,1.21686,1.213836282357527,1.220429188945761,1.220429188945761,1.220429188945761,149471.11,3,LONDON,1.5,0.001879594472880554,18.87785401404235,55.98206386430032,1.2151664347360736,1.2175923087416316,9.410954976321051,False,0.00017129307669655827,80.06126118872078,15.035652639263652,0.19393939393946164,11,1,ema_ribbon_bounce_long,1.213836282357527,SL,2022-12-20 12:45:00+00:00,-30.237176424730002,-451.9584323470225,90,False
2022-12-20 16:15:00+00:00,21,GBP_USD,SHORT,1.2126299999999999,1.2173494523746407,1.208648283465881,1.208648283465881,1.208648283465881,94807.36,4,OVERLAP,1.5,0.0020858582670594916,19.3994846848122,43.448116805273,1.214700440185767,1.2170059881461166,-20.853493794614764,False,-8.479597860060678e-05,22.717039231920168,-18.804401857670516,0.6958525345621643,16,1,ema_ribbon_bounce_short,1.2173494523746407,SL,2022-12-20 20:30:00+00:00,-47.194523746407754,-447.4388202854229,255,False
2022-12-21 19:30:00+00:00,21,GBP_USD,SHORT,1.20881,1.2146138089951668,1.2058910118747177,1.2058910118747177,1.2058910118747177,76323.06,4,NY,1.5,0.0015844940626411263,26.914432578155647,46.759397382970036,1.2112924227351982,1.2147682224338945,-18.76910170156565,False,0.00020248392323725427,81.45703933747411,-22.324227351981918,0.06944444444458579,19,2,ema_ribbon_bounce_short,1.21288,TIME,2022-12-22 03:30:00+00:00,-40.70000000000018,-310.63485420000137,480,False
2022-12-23 12:00:00+00:00,21,GBP_USD,LONG,1.20757,1.2044019118560356,1.209759462615291,1.209759462615291,1.209759462615291,138840.24,3,LONDON,1.5,0.0011897313076455467,22.003963129601317,58.72320108614505,1.2054316046798528,1.2074531907941048,12.370131490431202,False,6.961308872972599e-05,31.41602952116702,19.483953201471227,0.3243243243242148,12,4,ema_ribbon_bounce_long,1.2044019118560356,SL,2022-12-23 13:30:00+00:00,-31.68088143964409,-439.8581182491731,90,False
2022-12-23 16:30:00+00:00,21,GBP_USD,LONG,1.2066500000000002,1.2039445695867796,1.209792736827169,1.209792736827169,1.209792736827169,160957.58,3,OVERLAP,1.5,0.0016663684135844843,26.563047735072445,53.1967770602663,1.2055525977571844,1.207156463488091,7.875459624195891,False,9.52408185846423e-05,40.25965515210655,9.074022428157136,0.4843750000000705,16,4,ema_ribbon_bounce_long,1.2039445695867796,SL,2022-12-23 18:15:00+00:00,-27.054304132205772,-435.45953217038414,105,False
2022-12-23 20:15:00+00:00,21,GBP_USD,SHORT,1.20359,1.206471285662247,1.201489318178958,1.201489318178958,1.201489318178958,149622.42,4,NY,1.5,0.0011753409105209223,23.120534229429598,44.02994484016355,1.2050021722214233,1.2067764663345644,-17.177341132230683,False,-7.335487360241982e-05,68.4361759833463,-11.6217222142323,0.8493150684931007,20,4,ema_ribbon_bounce_short,1.206471285662247,SL,2022-12-25 22:00:00+00:00,-28.812856622471013,-431.104933496714,2985,False
2022-12-26 00:30:00+00:00,21,GBP_USD,LONG,1.20591,1.2042534288923294,1.2077069280104231,1.2077069280104231,1.2077069280104231,257636.92,4,ASIAN,1.5,0.0010234640052115907,20.411283169246808,53.289927500021086,1.2051350857566667,1.2065313111093106,1.4234722033279468,False,0.00010370283799419211,38.91906426105023,5.249142433332299,0.017857142857263225,0,0,ema_ribbon_bounce_long,1.20488,TIME,2022-12-26 08:30:00+00:00,-10.300000000000864,-265.3660276000223,480,False
2022-12-27 04:15:00+00:00,21,GBP_USD,LONG,1.20863,1.2061524706101698,1.2098710879124737,1.2098710879124737,1.2098710879124737,171194.83,3,ASIAN,1.5,0.0007455439562367963,27.47106332336133,53.639691791514515,1.2075053078917812,1.2067578492364766,4.690754293186217,False,-0.00017103972814882466,28.58046518937756,8.746921082187775,0.31578947368435406,4,1,ema_ribbon_bounce_long,1.2098710879124737,TP3,2022-12-27 06:00:00+00:00,12.410879849692128,212.46784660184693,105,True
2022-12-27 19:15:00+00:00,21,GBP_USD,SHORT,1.20234,1.2061429929946066,1.2003971657015413,1.2003971657015413,1.2003971657015413,112086.69,5,NY,1.5,0.0010964171492293293,19.71722870783402,47.60675449109611,1.2039281445273844,1.2058120997465602,-16.058715116094024,False,0.00022903369199444635,72.16322793019869,-13.38144527384344,0.9041095890407875,19,1,ema_ribbon_bounce_short,1.20089,TIME,2022-12-28 03:15:00+00:00,14.499999999999513,162.52570049999454,480,True
2022-12-29 20:30:00+00:00,21,GBP_USD,LONG,1.2070400000000001,1.2034982890288926,1.209039635683337,1.209039635683337,1.209039635683337,120814.53,4,NY,1.5,0.0011248178416685406,26.94566589524728,56.98200804044099,1.205204703786639,1.2044964227142847,19.593970443556596,False,-5.500914521194356e-05,37.50915206442102,15.852962133611204,0.5900000000001554,20,3,ema_ribbon_bounce_long,1.2042,TIME,2022-12-30 04:30:00+00:00,-28.400000000001757,-343.1132652000212,480,False
2022-12-30 20:15:00+00:00,21,GBP_USD,LONG,1.20767,1.2041030205105068,1.2104026047252432,1.2104026047252432,1.2104026047252432,118996.77,5,NY,1.5,0.0014913023626216093,16.493603125337614,53.256778618022246,1.2061514902866102,1.2051580811489584,13.23903205828314,False,-0.0001379932652870509,44.05557673571487,12.68509713389765,0.830769230769441,20,4,ema_ribbon_bounce_long,1.20692,TIME,2023-01-02 05:15:00+00:00,-7.500000000000284,-89.24757750000339,3420,False
2023-01-03 05:30:00+00:00,21,GBP_USD,LONG,1.20724,1.204871858948293,1.2088828497543456,1.2088828497543456,1.2088828497543456,178860.35,4,ASIAN,1.5,0.0009464248771727481,31.812380827589408,54.42272457482208,1.2060410904785128,1.2056853604621995,16.382097057137113,False,-7.627558186997744e-05,18.733296063434732,9.489095214871845,0.21590909090899343,5,1,ema_ribbon_bounce_long,1.204871858948293,SL,2023-01-03 07:45:00+00:00,-23.68141051707129,-423.56653735770516,135,False
2023-01-03 18:45:00+00:00,21,GBP_USD,SHORT,1.19766,1.2025199749390723,1.194292160987177,1.194292160987177,1.194292160987177,86282.52,3,NY,1.5,0.0018089195064114702,21.074700897229285,48.95669845745707,1.1989374111548046,1.2025521255428335,12.52673141789451,False,-0.0001099178546711458,86.91499522444775,-10.274111548045362,0.4852941176469628,18,1,ema_ribbon_bounce_short,1.19846,TIME,2023-01-04 02:45:00+00:00,-8.00000000000134,-69.02601600001157,480,False
2023-01-04 11:45:00+00:00,21,GBP_USD,LONG,1.2056300000000002,1.1996535657064549,1.208748249420049,1.208748249420049,1.208748249420049,70048.56,4,LONDON,1.5,0.0016541247100244187,31.45889832356335,54.537098237592936,1.202463981591371,1.2017286499841255,-8.55274112740334,False,-0.0002897724683561661,15.878405862329627,29.760184086291552,0.25806451612905534,11,2,ema_ribbon_bounce_long,1.20588,TIME,2023-01-04 19:45:00+00:00,2.499999999998614,17.512139999990293,480,True
2023-01-04 19:45:00+00:00,21,GBP_USD,LONG,1.2061300000000001,1.2016832410679943,1.2090078174327894,1.2090078174327894,1.2090078174327894,94184.49,4,NY,1.5,0.0015639087163946722,24.301773660943795,52.14423795802928,1.2046478768545474,1.2027259367808925,4.624205075225429,False,-9.547864073317655e-05,49.723880201836856,12.321231454526238,0.4390243902440477,19,2,ema_ribbon_bounce_long,1.20364,TIME,2023-01-05 03:45:00+00:00,-24.900000000001032,-234.51938010000973,480,False
2023-01-05 10:15:00+00:00,21,GBP_USD,SHORT,1.20203,1.204821674467029,1.1998409656645492,1.1998409656645492,1.1998409656645492,149183.06,4,LONDON,1.5,0.0011895171677254466,31.551227820726325,45.990065618061216,1.203476722797421,1.2033118011243948,4.774368792386241,False,0.00018470429994884457,62.85382491703381,-12.567227974209505,0.44736842105258545,10,3,ema_ribbon_bounce_short,1.1998409656645492,TP3,2023-01-05 13:15:00+00:00,21.890344821854804,326.56686249794546,180,True
2023-01-10 18:00:00+00:00,21,GBP_USD,SHORT,1.21458,1.217136616494768,1.211564279279648,1.211564279279648,1.211564279279648,164176.45,3,NY,1.5,0.0016328603601761158,21.354030320101863,46.91541412852918,1.2156704968036471,1.2129134494553762,-7.663619606290695,False,1.8427776600881074e-05,34.60103019648338,-8.404968036470617,0.05194805194810812,18,1,ema_ribbon_bounce_short,1.21537,TIME,2023-01-11 02:00:00+00:00,-7.900000000000684,-129.69939550001124,480,False
2023-01-11 03:15:00+00:00,21,GBP_USD,SHORT,1.2146,1.2161783030124704,1.2132375250552776,1.2132375250552776,1.2132375250552776,265119.7,3,ASIAN,1.5,0.0008062374723611525,17.43731503084027,46.811948279207385,1.2153225908509102,1.2136421967458626,-6.630914390108877,False,-4.2029103034269315e-05,12.584175084173452,-4.725908509102261,0.2653061224488501,3,2,ema_ribbon_bounce_short,1.2161783030124704,SL,2023-01-11 05:00:00+00:00,-15.783030124705276,-418.43922117528257,105,False
2023-01-11 09:30:00+00:00,21,GBP_USD,SHORT,1.2138099999999998,1.2165866650300388,1.211771708911025,1.211771708911025,1.211771708911025,149191.5,4,LONDON,1.5,0.0011141455444874735,33.1307609271392,42.52967526350989,1.2154585557630189,1.214090192303292,-4.814495316567413,False,-0.0003020064886853804,49.714757231986056,-14.585557630188983,0.5214285714287141,9,2,ema_ribbon_bounce_short,1.211771708911025,TP3,2023-01-11 11:15:00+00:00,20.382912255973757,304.0957253837109,105,True
2023-01-11 16:00:00+00:00,21,GBP_USD,SHORT,1.21234,1.2156802101306805,1.20975198132712,1.20975198132712,1.20975198132712,124931.0,3,OVERLAP,1.5,0.0013890093364400877,28.27452849029465,46.95744719281618,1.2136032853447623,1.2137371747904235,-4.978646923905483,False,0.00022123340513972308,30.146790736015504,-10.732853447621427,0.09821428571413525,16,2,ema_ribbon_bounce_short,1.2156802101306805,SL,2023-01-11 23:00:00+00:00,-33.40210130680532,-417.29579183604955,420,False
2023-01-12 16:30:00+00:00,21,GBP_USD,LONG,1.21747,1.2122600163732185,1.2237362940099372,1.2237362940099372,1.2237362940099372,79294.46,5,OVERLAP,1.5,0.0032281470049686876,25.25033809105551,53.08805761310008,1.215835265651002,1.2148590236123398,8.418210080656241,False,0.00011138051263146211,84.22500040147212,14.447343489978337,0.3157894736840491,16,3,ema_ribbon_bounce_long,1.2237362940099372,TP3,2023-01-12 18:00:00+00:00,62.662948001933856,496.8824623821425,90,True
2023-01-15 22:30:00+00:00,21,GBP_USD,LONG,1.22262,1.2196411326270948,1.22420269294028,1.22420269294028,1.22420269294028,140352.56,4,NY,1.5,0.0009163464701401002,33.45152837496918,53.36805160908659,1.2213912786288554,1.219099212220915,18.170625591373835,False,-0.00019506225677897772,39.03030303030524,9.787213711445197,0.7307692307690994,22,6,ema_ribbon_bounce_long,1.22420269294028,TP3,2023-01-16 00:30:00+00:00,15.826930530455371,222.13502168915693,120,True
2023-01-16 10:45:00+00:00,21,GBP_USD,SHORT,1.2212599999999998,1.223703453264832,1.218788681172593,1.218788681172593,1.218788681172593,172015.98,3,LONDON,1.5,0.0013306594137034848,39.22050033609995,46.2321314456272,1.2227199705292324,1.2208846256526191,14.782570498212966,False,0.00022555803977115994,76.84087543621479,-12.699705292325003,0.24242424242424923,10,0,ema_ribbon_bounce_short,1.218788681172593,TP3,2023-01-16 12:45:00+00:00,24.713189710747894,425.1063547020216,120,True
2023-01-16 15:00:00+00:00,21,GBP_USD,SHORT,1.2196099999999999,1.2228430229550726,1.217375578898118,1.217375578898118,1.217375578898118,131321.08,4,OVERLAP,1.5,0.001212210550940989,27.46606202278108,45.558565748919825,1.2212645101502504,1.2207174415632887,-1.2649173250300905,False,0.00021399817862565395,56.85901396847007,-14.645101502503977,0.2037037037038103,15,0,ema_ribbon_bounce_short,1.21959,TIME,2023-01-16 23:00:00+00:00,0.1999999999990898,2.626421599988047,480,True
2023-01-17 03:30:00+00:00,21,GBP_USD,SHORT,1.21878,1.2211724989422021,1.2171778731270664,1.2171778731270664,1.2171778731270664,177467.3,4,ASIAN,1.5,0.000926063436466881,20.804553175999626,47.949777261414575,1.21963451930694,1.220226271450201,-5.207333271082248,False,-6.569241448896681e-05,61.036955760337044,-6.045193069399435,0.2678571428569658,3,1,ema_ribbon_bounce_short,1.2171778731270664,TP3,2023-01-17 06:45:00+00:00,16.021269632108957,284.325146418237,195,True
2023-01-17 17:45:00+00:00,21,GBP_USD,LONG,1.22642,1.2210897004420407,1.2295987989640638,1.2295987989640638,1.2295987989640638,80189.41,5,NY,1.5,0.0017143994820318497,25.27885667584155,52.72756939145284,1.224258239950353,1.2216755737135747,9.586369077736467,False,-0.0004268205154811355,23.242762920303477,19.117600496469933,0.748538011695832,17,1,ema_ribbon_bounce_long,1.22841,TIME,2023-01-18 01:45:00+00:00,19.899999999999366,159.5769258999949,480,True
2023-01-18 04:30:00+00:00,21,GBP_USD,LONG,1.22818,1.2244721640611833,1.2302191551166193,1.2302191551166193,1.2302191551166193,115708.83,4,ASIAN,1.5,0.0011445775583096797,20.532431350892555,53.89021744234628,1.2270553719994102,1.2237739291167848,18.482794685916737,False,-3.989635194788396e-05,57.85096013406311,8.746280005897944,0.47191011235936836,4,2,ema_ribbon_bounce_long,1.2302191551166193,TP3,2023-01-18 07:00:00+00:00,20.391552928508197,235.9482731240757,150,True
2023-01-19 04:15:00+00:00,21,GBP_USD,SHORT,1.23298,1.2338887707949469,1.2314161443009157,1.2314161443009157,1.2314161443009157,474694.87,3,ASIAN,1.5,0.0009069278495421353,43.44943126364423,47.58435815752024,1.23381781877923,1.2302603541149812,-27.939035164794568,False,0.000118872981209144,28.360254670977724,-5.87818779229865,0.3181818181818335,4,3,ema_ribbon_bounce_short,1.2338887707949469,SL,2023-01-19 06:15:00+00:00,-9.087707949468893,-431.38883436711023,120,False
2023-01-20 11:45:00+00:00,21,GBP_USD,SHORT,1.2350199999999998,1.2375599812835791,1.2328837377687814,1.2328837377687814,1.2328837377687814,168140.98,4,LONDON,1.5,0.0011631311156092572,23.83290259895197,43.31280998562494,1.2365690006474892,1.234753373780887,-3.5867840529757444,False,0.00014902081347999423,43.80787037036916,-13.590006474892835,0.7981651376147891,11,4,ema_ribbon_bounce_short,1.2375599812835791,SL,2023-01-20 15:00:00+00:00,-25.399812835793508,-427.07494220269,195,False
2023-01-23 09:15:00+00:00,21,GBP_USD,SHORT,1.2405599999999999,1.241217582716922,1.2383198038211327,1.2383198038211327,1.2383198038211327,642967.32,3,LONDON,1.5,0.001215098089433624,15.726509264819176,45.67092932405569,1.2411380588079832,1.2380017652888382,-4.639189564037416,False,-8.772685521333975e-05,41.55122655122668,-3.880588079832048,0.20879120879106935,9,0,ema_ribbon_bounce_short,1.241217582716922,SL,2023-01-23 09:30:00+00:00,-6.575827169221783,-422.8041971777715,15,False
2023-01-23 19:30:00+00:00,21,GBP_USD,SHORT,1.2363899999999999,1.239227980301628,1.2343392436270557,1.2343392436270557,1.2343392436270557,147490.86,4,NY,1.5,0.0011503781864721778,21.89169310175459,47.89217630306461,1.2374721471534667,1.2375194265541627,-2.115752639475499,False,0.00011944201555756245,15.462701348510246,-8.321471534666891,0.5542168674701083,19,0,ema_ribbon_bounce_short,1.23831,TIME,2023-01-24 03:30:00+00:00,-19.200000000001438,-283.1824512000212,480,False
2023-01-24 04:45:00+00:00,21,GBP_USD,LONG,1.2386000000000001,1.2374109001281883,1.2395725740484327,1.2395725740484327,1.2395725740484327,349629.45,5,ASIAN,1.5,0.0006112870242163565,24.5526338567464,53.78014351998564,1.2379220554512593,1.2376447556684333,12.125302844194774,False,-9.27552219550008e-05,59.15465268676359,4.2794454874073296,0.6122448979589895,4,1,ema_ribbon_bounce_long,1.2395725740484327,TP3,2023-01-24 06:30:00+00:00,9.7257407624982,340.04053936348265,105,True
2023-01-26 17:45:00+00:00,21,GBP_USD,SHORT,1.2371999999999999,1.2396477448646726,1.2343670349561555,1.2343670349561555,1.2343670349561555,171237.1,2,NY,1.5,0.0015414825219222054,35.337941510159574,46.963085740284896,1.2383464247263547,1.2372246466102912,-8.303666885856043,False,5.295731834237716e-05,76.85255487486545,-8.964247263547609,0.23008849557518646,17,3,ema_ribbon_bounce_short,1.2396477448646726,SL,2023-01-26 18:30:00+00:00,-24.47744864672696,-419.14473216644495,45,False
2023-01-27 10:45:00+00:00,21,GBP_USD,SHORT,1.2371999999999999,1.2396709409911633,1.2353413258092663,1.2353413258092663,1.2353413258092663,167933.31,3,LONDON,1.5,0.0010243370953668938,23.686832518710474,45.954769545958165,1.2383857057726442,1.2381429766261995,-1.2020742763718673,False,0.00012705140341701332,65.77698176947031,-9.957057726441843,0.7750000000000231,10,4,ema_ribbon_bounce_short,1.2353413258092663,TP3,2023-01-27 14:00:00+00:00,18.58674301412904,312.1333276482067,195,True
2023-01-27 20:45:00+00:00,21,GBP_USD,LONG,1.2392500000000002,1.2374152623505978,1.2407963448549366,1.2407963448549366,1.2407963448549366,227866.16,4,NY,1.5,0.0008981724274682796,21.469737397676294,54.334256037421675,1.2382738567882674,1.2380749112686777,15.419040249413651,False,-3.852927186421488e-06,37.828109072383704,7.261432117326994,0.20408163265308896,20,4,ema_ribbon_bounce_long,1.2403,TIME,2023-01-30 04:45:00+00:00,10.499999999997733,239.25946799994836,3360,True
2023-01-31 20:00:00+00:00,21,GBP_USD,SHORT,1.23166,1.2344575100409707,1.2299509299458635,1.2299509299458635,1.2299509299458635,150300.52,4,NY,1.5,0.0009795350270683143,27.391716523605837,46.82508142842978,1.2324763460794161,1.2349709272981388,3.222086941472302,False,1.6089535570863213e-06,21.487660290856827,-5.663460794160802,0.5492957746477419,20,1,ema_ribbon_bounce_short,1.23155,TIME,2023-02-01 04:00:00+00:00,1.100000000000545,16.53305720000819,480,True
2023-02-07 04:15:00+00:00,21,GBP_USD,LONG,1.20463,1.204047549130214,1.2058033846935299,1.2058033846935299,1.2058033846935299,722176.87,4,ASIAN,1.5,0.0007116923467649494,49.29710230531089,55.84817615837376,1.2036677212353035,1.2091463420910564,8.81591168140572,False,-6.72273908780399e-05,17.88505126879008,7.122787646964834,0.621212121212264,4,1,ema_ribbon_bounce_long,1.204047549130214,SL,2023-02-07 04:30:00+00:00,-5.824508697860331,-420.63254607085497,15,False
2023-02-07 05:15:00+00:00,21,GBP_USD,LONG,1.20492,1.20401944162952,1.2060658613658868,1.2060658613658868,1.2060658613658868,462408.92,4,ASIAN,1.5,0.0006979306829434267,33.196646395596886,58.76045729276831,1.2037493035617122,1.2089528752357852,11.58480572205578,False,-0.00010185388772856015,58.80358036607813,9.20696438287738,0.9090909090906644,5,1,ema_ribbon_bounce_long,1.20401944162952,SL,2023-02-07 07:00:00+00:00,-9.005583704799758,-416.4262234906055,105,False
2023-02-08 02:30:00+00:00,21,GBP_USD,LONG,1.2049500000000002,1.2022262906420382,1.2065531592048329,1.2065531592048329,1.2065531592048329,151360.48,3,ASIAN,1.5,0.000926579602416391,23.169119520229366,52.64964562092268,1.2035496751061836,1.2052117607870216,23.991255504158815,False,-0.0002015342317036983,35.918400767332635,11.503248938165012,0.5081967213115292,2,2,ema_ribbon_bounce_long,1.2065531592048329,TP3,2023-02-08 07:30:00+00:00,16.03159310749302,242.65496279148354,300,True
2023-02-08 17:45:00+00:00,21,GBP_USD,LONG,1.2085700000000001,1.2051004891159076,1.2110622668406088,1.2110622668406088,1.2110622668406088,119523.62,3,NY,1.5,0.0013711334203043793,25.30553255834635,51.54348165341404,1.2076389561195566,1.2063615904057392,-1.6837112520318165,False,0.00013211291002890755,59.9674557121387,6.810438804434327,0.05952380952393855,17,2,ema_ribbon_bounce_long,1.20746,TIME,2023-02-09 01:45:00+00:00,-11.100000000001664,-132.6712182000199,480,False
2023-02-10 12:15:00+00:00,21,GBP_USD,SHORT,1.20996,1.212290104759106,1.2076367278245463,1.2076367278245463,1.2076367278245463,177400.52,5,LONDON,1.5,0.0012566360877268254,15.522572562077691,46.67804569017721,1.2108504359682153,1.210346227979922,-9.141335869053968,False,-6.269917729465936e-05,31.09936925138777,-7.004359682152295,0.46666666666644957,12,4,ema_ribbon_bounce_short,1.212290104759106,SL,2023-02-10 14:45:00+00:00,-23.301047591059998,-413.36179591987906,150,False
2023-02-14 17:15:00+00:00,21,GBP_USD,SHORT,1.2163599999999999,1.217796840890251,1.2118408646452443,1.2118408646452443,1.2118408646452443,284811.06,3,NY,1.5,0.0023845676773777994,40.749981040192445,46.99542824891816,1.2170851500910824,1.2131495477597354,-16.638295013904347,False,-0.0002869052695567317,64.10318240556998,-4.7515009108245465,0.45918367346945943,17,1,ema_ribbon_bounce_short,1.217796840890251,SL,2023-02-14 18:00:00+00:00,-14.368408902512009,-409.2281770037882,45,False
2023-02-14 23:15:00+00:00,21,GBP_USD,LONG,1.21778,1.2151876518068658,1.21932436241387,1.21932436241387,1.21932436241387,156281.44,5,NY,1.5,0.0008971812069349967,13.41288969509773,52.533879606506275,1.2171505942068572,1.2140071713692968,-4.025704500247862,False,4.648444434494029e-05,68.89755252329331,3.79405793142773,0.7058823529412149,23,1,ema_ribbon_bounce_long,1.2151876518068658,SL,2023-02-15 02:15:00+00:00,-25.92348193134253,-405.13590860441917,180,False
2023-02-15 05:00:00+00:00,21,GBP_USD,SHORT,1.21535,1.2167891251999592,1.2141736716168596,1.2141736716168596,1.2141736716168596,278700.24,3,ASIAN,1.5,0.0007131641915702375,26.761036025191213,45.511566408182546,1.2164242721331882,1.2144417706455122,-21.163505024881513,False,1.9152520086755057e-05,74.02561324555354,-8.24272133188142,0.1746031746032865,5,2,ema_ribbon_bounce_short,1.2141736716168596,TP3,2023-02-15 06:30:00+00:00,11.763284253479574,327.84301446329783,90,True
2023-02-16 11:00:00+00:00,21,GBP_USD,LONG,1.2057000000000002,1.2043635864158564,1.2077194466489038,1.2077194466489038,1.2077194466489038,302573.22,3,LONDON,1.5,0.0011047233244518976,19.564182861677168,53.413856799022966,1.2046882500294478,1.207511852557057,-0.40730942465927455,False,1.2213603811858816e-05,50.779977997799,8.21749970552288,0.0980392156862617,11,3,ema_ribbon_bounce_long,1.2043635864158564,SL,2023-02-16 12:15:00+00:00,-13.364135841438252,-404.3629614061381,75,False
2023-02-16 17:00:00+00:00,21,GBP_USD,SHORT,1.20072,1.205561643988404,1.1977733214938968,1.1977733214938968,1.1977733214938968,82682.52,4,NY,1.5,0.0015983392530516203,26.462095989092262,46.08355378148061,1.2026182955450828,1.206255716795391,-9.905526285520772,False,0.00029453727138080746,64.63629691059917,-16.48295545082723,0.4965517241377557,17,3,ema_ribbon_bounce_short,1.1977733214938968,TP3,2023-02-16 23:00:00+00:00,29.466788624878948,243.63883398123264,360,True
2023-02-20 12:30:00+00:00,21,GBP_USD,SHORT,1.2022899999999999,1.202975554461308,1.2005699912886005,1.2005699912886005,1.2005699912886005,587489.03,4,LONDON,1.5,0.0009550043556997735,17.490849564723025,44.63907498841487,1.2029227058321608,1.2018472121124362,-6.836449037017633,False,-8.421419382773066e-05,22.252875788520143,-4.427058321607724,0.4861111111111754,12,0,ema_ribbon_bounce_short,1.202975554461308,SL,2023-02-20 13:15:00+00:00,-6.855544613082465,-402.7557254861543,45,False
2023-02-20 16:30:00+00:00,21,GBP_USD,LONG,1.2038900000000001,1.201608404353527,1.2052771670350522,1.2052771670350522,1.2052771670350522,174758.47,4,OVERLAP,1.5,0.000788583517526115,22.801188798723672,54.90853529591158,1.2031468595577302,1.2020758712691975,4.712958146828594,False,2.2887267895073163e-06,65.48432113310609,5.531404422698394,0.6851851851851699,16,0,ema_ribbon_bounce_long,1.20346,TIME,2023-02-21 00:30:00+00:00,-4.300000000001525,-75.14614210002665,480,False
2023-02-21 17:15:00+00:00,21,GBP_USD,LONG,1.21114,1.2042603818556665,1.214817359245299,1.214817359245299,1.214817359245299,57848.66,3,NY,1.5,0.001963679622649581,20.961931975024694,54.1910492644485,1.2082084830320874,1.2045553017499058,20.81539082587014,False,-0.00021469852311881382,12.588810419589151,26.81516967912634,0.44285714285716776,17,1,ema_ribbon_bounce_long,1.21327,TIME,2023-02-22 01:15:00+00:00,21.29999999999965,123.217645799998,480,True
2023-02-22 11:15:00+00:00,21,GBP_USD,SHORT,1.2081199999999999,1.2104310661903541,1.206015106371112,1.206015106371112,1.206015106371112,172737.97,3,LONDON,1.5,0.0011474468144440128,23.597612027575305,43.07314413239611,1.2097146785449615,1.2075735514804122,0.2832167750699277,False,5.086994140845232e-05,70.01599606251058,-14.046785449615129,0.38297872340419,11,2,ema_ribbon_bounce_short,1.2104310661903541,SL,2023-02-22 12:15:00+00:00,-23.110661903542603,-399.20888225742857,60,False
2023-02-22 18:15:00+00:00,21,GBP_USD,SHORT,1.20712,1.2101798750911954,1.2047959708650107,1.2047959708650107,1.2047959708650107,129161.09,4,NY,1.5,0.0012870145674946617,29.426991441714538,44.422679846060085,1.2086825047776877,1.2077920668285094,-10.28084574904442,False,2.1946241981594494e-05,78.9249335252485,-13.125047776876286,0.2906976744184906,18,2,ema_ribbon_bounce_short,1.2047959708650107,TP3,2023-02-22 19:30:00+00:00,23.240293149219074,300.17415950726684,75,True
2023-02-23 19:45:00+00:00,21,GBP_USD,SHORT,1.20145,1.2053401288674204,1.1993264839097184,1.1993264839097184,1.1993264839097184,102366.41,5,NY,1.5,0.0011867580451408052,31.412577868615198,47.7429312575204,1.2028458365204031,1.2052612215423866,-13.40454891044951,False,0.0002508787259375985,70.35805147225831,-11.458365204031207,0.7058823529410843,19,3,ema_ribbon_bounce_short,1.20221,TIME,2023-02-24 03:45:00+00:00,-7.600000000000939,-77.79847160000962,480,False
2023-03-01 18:15:00+00:00,21,GBP_USD,SHORT,1.2008999999999999,1.2057753351389038,1.1976979196278248,1.1976979196278248,1.1976979196278248,81520.66,5,NY,1.5,0.0017260401860875764,17.299437000035987,43.57455082752768,1.2032554959026363,1.2040467140320856,-18.152925136845077,False,0.0001963110626828588,16.92177883660799,-21.054959026363118,0.8278688524589806,18,2,ema_ribbon_bounce_short,1.20163,TIME,2023-03-02 02:15:00+00:00,-7.3000000000011935,-59.510081800009736,480,False
2023-03-02 12:15:00+00:00,21,GBP_USD,SHORT,1.1971699999999998,1.2018580308980107,1.1945639021649437,1.1945639021649437,1.1945639021649437,84650.78,5,LONDON,1.5,0.0013980489175281327,16.568927077200872,46.56689073056172,1.1990024938851482,1.2018076903372321,-2.2825037919060875,False,0.00017040505113426045,73.40448823207642,-16.42493885148255,0.9647887323944477,12,3,ema_ribbon_bounce_short,1.1945639021649437,TP3,2023-03-02 12:45:00+00:00,26.060981429207626,220.60824055479404,30,True
2023-03-02 16:00:00+00:00,21,GBP_USD,SHORT,1.19433,1.200663729892227,1.1908661191694214,1.1908661191694214,1.1908661191694214,63004.19,4,OVERLAP,1.5,0.0018269404152893142,28.65741251454903,45.774518485285185,1.1968295602518242,1.200748574692558,-13.441247927405975,False,0.00016329837976765947,55.352292407255895,-23.09560251824161,0.42162162162164435,16,3,ema_ribbon_bounce_short,1.1951,TIME,2023-03-03 00:00:00+00:00,-7.700000000001594,-48.51322630001005,480,False
2023-03-03 03:00:00+00:00,21,GBP_USD,LONG,1.19656,1.195883499003832,1.197917780460955,1.197917780460955,1.197917780460955,589158.63,3,ASIAN,1.5,0.00080389023047751,33.19028781693707,56.67977022803715,1.1956343467680886,1.1987192276919336,8.677908669461054,False,-5.036556037854199e-06,16.008559431519323,6.756532319114328,0.5394736842106455,3,4,ema_ribbon_bounce_long,1.197917780460955,TP3,2023-03-03 06:30:00+00:00,13.577804840011199,799.9480897948367,210,True
2023-03-03 11:15:00+00:00,21,GBP_USD,LONG,1.1989200000000002,1.1962700532303951,1.2008142873193919,1.2008142873193919,1.2008142873193919,153424.17,3,LONDON,1.5,0.0010421436596959313,25.495649422586116,54.649737870923026,1.197480351855144,1.1984864397687018,0.546600818698284,False,-2.3755613350658978e-05,44.90957358553084,12.496481448560637,0.08620689655190235,11,4,ema_ribbon_bounce_long,1.2008142873193919,TP3,2023-03-03 13:30:00+00:00,18.942874428590073,290.6294786620657,135,True
2023-03-06 10:00:00+00:00,21,GBP_USD,SHORT,1.2025299999999999,1.2028017209267372,1.2009892211732083,1.2009892211732083,1.2009892211732083,1506958.56,3,LONDON,1.5,0.0008653894133958907,24.334713338972154,45.4320960578379,1.202980838140878,1.200921997551026,-4.071313122975262,False,-8.61683345691835e-05,46.01394289227671,-2.608381408779614,0.1355932203391489,10,0,ema_ribbon_bounce_short,1.2028017209267372,SL,2023-03-06 10:15:00+00:00,-2.7172092673732884,-409.4721764779506,15,False
2023-03-06 13:45:00+00:00,21,GBP_USD,SHORT,1.2008899999999998,1.2027267060399518,1.1989535809437006,1.1989535809437006,1.1989535809437006,220708.95,4,OVERLAP,1.5,0.0010632095281496677,36.52510555612872,45.29146200781612,1.20203935441359,1.2009161060167708,-7.07452555670951,False,0.00015036298313850813,61.57840083073636,-9.593544135901855,0.6320000000000682,13,0,ema_ribbon_bounce_short,1.2027267060399518,SL,2023-03-06 15:00:00+00:00,-18.367060399520074,-405.37746153646566,75,False
2023-03-06 18:15:00+00:00,21,GBP_USD,LONG,1.20351,1.200956594082649,1.2054321548403948,1.2054321548403948,1.2054321548403948,157171.91,2,NY,1.5,0.0010860774201974335,31.377965062805487,53.29682044544758,1.2025381816107725,1.201237647329142,10.605381619583909,False,4.5521174397213223e-05,31.695526695524663,7.218183892274688,0.6753246753248289,18,0,ema_ribbon_bounce_long,1.20379,TIME,2023-03-07 02:15:00+00:00,2.7999999999983594,44.008134799974215,480,True
2023-03-09 07:15:00+00:00,21,GBP_USD,LONG,1.18575,1.184283262524234,1.1867166108063036,1.1867166108063036,1.1867166108063036,273916.61,3,ASIAN,1.5,0.00060830540315182,29.264068356161673,56.265788099298334,1.1846507648501265,1.1874351443801938,16.436981136500606,False,-1.752710096777693e-05,37.18434343434819,8.492351498734507,0.6385542168672894,7,3,ema_ribbon_bounce_long,1.184283262524234,SL,2023-03-09 08:00:00+00:00,-14.667374757659777,-401.7637571217738,45,False
2023-03-14 02:15:00+00:00,21,GBP_USD,SHORT,1.21516,1.2139487714525596,1.2135401326402162,1.2135401326402162,1.2135401326402162,328382.39,3,ASIAN,1.5,0.0009349336798919152,31.655019081377354,43.35604922064465,1.21561200752676,1.2079200440688806,24.56082564911588,False,-0.00020671079451778927,44.17047246982971,-2.020075267599175,0.7580645161289051,2,1,ema_ribbon_bounce_short,1.2139487714525596,SL,2023-03-14 02:30:00+00:00,12.112285474403794,397.7461252447002,15,True
2023-03-14 03:15:00+00:00,21,GBP_USD,SHORT,1.2148599999999998,1.2140436003595703,1.2133476910229386,1.2133476910229386,1.2133476910229386,492067.32,3,ASIAN,1.5,0.0008811544885306585,29.24901266817386,42.8803493184891,1.2155138749258556,1.2081955313442914,21.00551224744507,False,-0.00012095519031993766,29.912280701756206,-4.038749258556962,0.13846153846141232,3,1,ema_ribbon_bounce_short,1.2140436003595703,SL,2023-03-14 03:30:00+00:00,8.16399640429566,401.7235831151402,15,True
2023-03-14 11:45:00+00:00,21,GBP_USD,LONG,1.2168200000000002,1.2131855617658194,1.2191768994681278,1.2191768994681278,1.2191768994681278,111637.84,5,LONDON,1.5,0.0012734497340638879,16.37654224972045,54.89679114985226,1.2157206082140435,1.210384273345648,11.823024435440033,False,0.00012074037028853234,85.55812443406745,9.093917859566147,0.11578947368426712,11,1,ema_ribbon_bounce_long,1.2191768994681278,TP3,2023-03-14 12:30:00+00:00,23.568996792476845,263.1191892879043,45,True
2023-03-15 20:00:00+00:00,21,GBP_USD,SHORT,1.20538,1.2120041140017874,1.2017737553651167,1.2017737553651167,1.2017737553651167,61649.3,4,NY,1.5,0.0019281223174416329,31.318047360681774,48.74223200815546,1.207531691940349,1.2110200770004218,-12.643801465228588,False,0.0003585727641775802,19.92319560728655,-19.016919403489485,0.5094339622640007,20,2,ema_ribbon_bounce_short,1.20783,TIME,2023-03-16 04:00:00+00:00,-24.50000000000063,-151.0407850000039,480,False
2023-03-16 10:00:00+00:00,21,GBP_USD,SHORT,1.2063799999999998,1.2094569514553202,1.2039836906194732,1.2039836906194732,1.2039836906194732,132228.8,4,LONDON,1.5,0.0012931546902633121,23.070441794643553,44.623490254045606,1.2074332674286157,1.2093499012218536,-18.53385210246028,False,-0.0002506841626884424,30.347361838583577,-8.632674286157549,0.8119658119658915,10,3,ema_ribbon_bounce_short,1.2039836906194732,TP3,2023-03-16 10:45:00+00:00,23.96309561751062,316.86113777886885,45,True
2023-03-16 21:45:00+00:00,21,GBP_USD,LONG,1.2114500000000001,1.2080752919521562,1.2131394024009832,1.2131394024009832,1.2131394024009832,121500.95,4,NY,1.5,0.0009697012004915905,27.33336117567996,55.68551154922644,1.209708754490238,1.209335313073283,27.005785074318833,False,-0.0002548771581085146,40.71737141002186,14.912455097619848,0.5494505494505092,21,3,ema_ribbon_bounce_long,1.2131394024009832,TP3,2023-03-17 01:30:00+00:00,16.89402540027409,205.2640135457432,225,True
2023-03-17 13:00:00+00:00,21,GBP_USD,LONG,1.2143100000000002,1.2112495294308911,1.216168207218613,1.216168207218613,1.216168207218613,134646.89,4,OVERLAP,1.5,0.0010241036093065002,37.46069829322701,54.77326161811885,1.2133434132101037,1.211256123278949,4.089216633909043,False,6.436787080781319e-05,87.30839949136076,7.765867898963386,0.6491228070177523,13,4,ema_ribbon_bounce_long,1.216168207218613,TP3,2023-03-17 14:00:00+00:00,18.582073566188022,250.20184154384268,60,True
2023-03-20 09:45:00+00:00,21,GBP_USD,LONG,1.2194,1.2158290915450136,1.2218041192812248,1.2218041192812248,1.2218041192812248,116100.67,4,LONDON,1.5,0.0012970596406124506,25.434298874982012,53.00485280849028,1.2182832322799606,1.2151244450177632,2.577923091293677,False,6.958389257463965e-05,34.34248770381631,9.26767720039301,0.2983870967742008,9,0,ema_ribbon_bounce_long,1.2218041192812248,TP3,2023-03-20 10:45:00+00:00,24.04119488296704,279.1198833513045,60,True
2023-03-22 06:15:00+00:00,21,GBP_USD,LONG,1.2230800000000002,1.2220476976008865,1.2240432390934444,1.2240432390934444,1.2240432390934444,404315.71,4,ASIAN,1.5,0.0006066195467220911,25.180954199446166,52.42232255985754,1.2224636161516869,1.221973954165086,4.568237576498824,False,-5.524876926780379e-05,20.776784729118543,3.6638384831322313,0.6764705882357935,6,2,ema_ribbon_bounce_long,1.2240432390934444,TP3,2023-03-22 07:00:00+00:00,9.632391172681357,389.4527075980396,45,True
2023-03-24 06:30:00+00:00,21,GBP_USD,SHORT,1.2274999999999998,1.2292120170780223,1.2265518147148828,1.2265518147148828,1.2265518147148828,246066.82,3,ASIAN,1.5,0.0005990926425585385,27.418874197049135,46.6065474804453,1.2283092678002472,1.2278327066035704,-14.217769885094267,False,4.488720594726294e-05,12.016449980202784,-5.592678002472873,0.16279069767387822,6,4,ema_ribbon_bounce_short,1.2265518147148828,TP3,2023-03-24 08:00:00+00:00,9.481853236506263,233.31694736138044,90,True
2023-03-27 15:30:00+00:00,21,GBP_USD,LONG,1.2279700000000002,1.2240032523430657,1.230182212881059,1.230182212881059,1.230182212881059,106788.69,4,OVERLAP,1.5,0.001201106440529419,22.75360933148084,57.382199143631894,1.2257599309245182,1.2253502208566363,14.056412558576259,False,1.29665705414678e-05,35.61420073832007,20.200690754819117,0.7202797202797594,15,0,ema_ribbon_bounce_long,1.22937,TIME,2023-03-27 23:30:00+00:00,13.999999999998458,149.50416599998354,480,True
2023-03-29 02:15:00+00:00,21,GBP_USD,SHORT,1.2326599999999999,1.232648370174241,1.2318401467115718,1.2318401467115718,1.2318401467115718,36552466.2,3,ASIAN,1.5,0.000534926644214027,19.646899310245967,43.94153179769222,1.2331046689833622,1.230374041213195,3.960857755536118,False,-6.296411371875367e-05,33.66066557555791,-1.9466898336228944,0.42592592592584977,2,2,ema_ribbon_bounce_short,1.232648370174241,SL,2023-03-29 02:30:00+00:00,0.11629825758863177,425.0988129627357,15,True
2023-03-29 18:00:00+00:00,21,GBP_USD,SHORT,1.2308899999999998,1.2333541696270731,1.229032294112872,1.229032294112872,1.229032294112872,174237.11,4,NY,1.5,0.0010538529435639293,14.03813491491692,44.46197207406233,1.2322740468812647,1.2313427857570403,-14.26331313377771,False,3.8526686137728926e-05,66.8107119178248,-11.340468812648385,0.7747747747748883,18,2,ema_ribbon_bounce_short,1.2297,TIME,2023-03-30 02:00:00+00:00,11.899999999998021,207.34216089996553,480,True
2023-03-31 09:45:00+00:00,21,GBP_USD,SHORT,1.2365499999999998,1.2384138552723476,1.2346462988154512,1.2346462988154512,1.2346462988154512,231468.2,3,LONDON,1.5,0.0010468505922743869,27.703693602008496,42.21830841392506,1.2380679997983113,1.2356673097167876,1.740922180333282,False,-1.653100515885714e-05,73.09344490934379,-13.2799979831133,0.562043795620516,9,4,ema_ribbon_bounce_short,1.2384138552723476,SL,2023-03-31 11:15:00+00:00,-18.638552723477808,-431.4232249508506,90,False
2023-04-05 01:15:00+00:00,21,GBP_USD,SHORT,1.24894,1.2478776036175225,1.247734755053121,1.247734755053121,1.247734755053121,402024.14,4,ASIAN,1.5,0.0007276224734394582,30.742611299848544,43.97925311955202,1.2492411231342775,1.2436732614945885,-3.644490058312133,False,-0.0001668900872641833,26.511287171696825,-0.5112313427746429,0.27083333333323695,1,2,ema_ribbon_bounce_short,1.2478776036175225,SL,2023-04-05 01:30:00+00:00,10.62396382477404,427.1089920045895,15,True
2023-04-05 06:45:00+00:00,21,GBP_USD,SHORT,1.24816,1.2484751042126634,1.2469870206112093,1.2469870206112093,1.2469870206112093,1369007.66,3,ASIAN,1.5,0.0007114896943954388,23.50407192354075,42.91514990847384,1.2489973038958522,1.2447052680884276,-10.228597637895742,False,-9.814456001232784e-06,32.74597302210951,-5.873038958521537,0.14492753623185142,6,2,ema_ribbon_bounce_short,1.2484751042126634,SL,2023-04-05 07:00:00+00:00,-3.1510421266345285,-431.380080834536,15,False
2023-04-05 10:00:00+00:00,21,GBP_USD,SHORT,1.2470899999999998,1.2491240699061634,1.24480874870598,1.24480874870598,1.24480874870598,209956.54,3,LONDON,1.5,0.0012356256470099872,25.90884519511752,43.756168220506794,1.2486882395856067,1.2451491874496603,-5.565678991039658,False,-0.00013048235958429963,37.79128672745674,-14.082395856067631,0.5649350649351258,10,2,ema_ribbon_bounce_short,1.2491240699061634,SL,2023-04-05 12:30:00+00:00,-20.34069906163616,-427.06627961623747,150,False
2023-04-05 16:00:00+00:00,21,GBP_USD,SHORT,1.2463899999999999,1.2490534056034153,1.2436042596054144,1.2436042596054144,1.2436042596054144,158742.48,3,OVERLAP,1.5,0.0014878701972927547,18.6185836985633,47.25225813123713,1.247636022377269,1.2455588425642181,-7.09296007293414,False,1.457652751296547e-05,77.81969662443817,-10.560223772688726,0.257142857142984,16,2,ema_ribbon_bounce_short,1.24624,TIME,2023-04-06 00:00:00+00:00,1.4999999999987246,23.811371999979755,480,True
2023-04-07 09:45:00+00:00,21,GBP_USD,SHORT,1.2437399999999998,1.2450913976936153,1.2429788736700327,1.2429788736700327,1.2429788736700327,313034.23,4,LONDON,1.5,0.000475563164983653,34.81880696811692,45.538887266845705,1.2443081098472373,1.2448666101889994,1.6567457442140388,False,-1.7424424031784228e-05,77.05218987674165,-3.781098472372957,0.8666666666665186,9,4,ema_ribbon_bounce_short,1.2429788736700327,TP3,2023-04-07 12:15:00+00:00,7.611263542816416,238.25860224526087,150,True
2023-04-11 14:00:00+00:00,21,GBP_USD,LONG,1.2437500000000001,1.2402738563634952,1.2458825367121376,1.2458825367121376,1.2458825367121376,122381.69,4,OVERLAP,1.5,0.0011612683560688153,26.69436204891401,54.1281071576024,1.2422926925013653,1.2414528933206632,0.9565486534524048,False,-0.00011866198565724863,53.26643269722883,12.673074986346844,0.5130434782609552,14,1,ema_ribbon_bounce_long,1.24272,TIME,2023-04-11 22:00:00+00:00,-10.300000000000862,-126.05314070001057,480,False
2023-04-13 15:15:00+00:00,21,GBP_USD,LONG,1.25252,1.2479423573798383,1.2548536998423176,1.2548536998423176,1.2548536998423176,92658.13,5,OVERLAP,1.5,0.0012618499211588992,25.98865341844848,56.83720723054348,1.2506808092482657,1.247062299420462,6.152636845031534,False,-0.00010827295140916312,56.07644373131145,16.491907517341975,0.7096774193547578,15,3,ema_ribbon_bounce_long,1.25229,TIME,2023-04-13 23:15:00+00:00,-2.300000000001745,-21.31136990001617,480,False
2023-04-14 10:45:00+00:00,21,GBP_USD,SHORT,1.2512299999999998,1.2526216030754518,1.249863541822326,1.249863541822326,1.249863541822326,304643.38,3,LONDON,1.5,0.0007782290888369831,43.2223876325121,43.188126505205595,1.252284290030531,1.2500691417266858,3.4806311949053814,False,3.5954876709723524e-05,87.2216705285254,-8.64290030531123,0.3823529411763553,10,4,ema_ribbon_bounce_short,1.249863541822326,TP3,2023-04-14 11:00:00+00:00,13.664582225281327,416.2824515397625,15,True
2023-04-18 16:45:00+00:00,21,GBP_USD,LONG,1.2430200000000002,1.240239592510814,1.244744097263452,1.244744097263452,1.244744097263452,153972.21,5,OVERLAP,1.5,0.0009570486317259628,16.515753037270883,52.89635478640344,1.2419790988484924,1.2417036774978076,-3.0942446014781133,False,-0.00010424964908617084,63.19955406912654,8.509011515076548,0.6777777777776846,16,1,ema_ribbon_bounce_long,1.24311,TIME,2023-04-19 00:45:00+00:00,0.8999999999970142,13.857498899954027,480,True
2023-04-19 09:00:00+00:00,21,GBP_USD,LONG,1.24496,1.2412135525837114,1.2473775184331533,1.2473775184331533,1.2473775184331533,114306.71,4,LONDON,1.5,0.001303759216576703,27.676774113396878,55.29258015749905,1.2431566473076179,1.2422812191238395,1.7506580328285892,False,2.0944801548579092e-05,30.04214667962168,16.13352692382053,0.7058823529410843,9,2,ema_ribbon_bounce_long,1.2412135525837114,SL,2023-04-19 09:30:00+00:00,-37.464474162887115,-428.24407834396305,30,False
2023-04-20 03:45:00+00:00,21,GBP_USD,SHORT,1.24257,1.2436048710882361,1.241834500563152,1.241834500563152,1.241834500563152,409675.79,4,ASIAN,1.5,0.0004927497184241001,15.364262444788583,46.925525076337664,1.2431849086179578,1.2428208123259814,-4.958121416949179,False,3.639606091963127e-05,66.04288499025354,-3.6490861795779317,0.48648648648669734,3,3,ema_ribbon_bounce_short,1.2436048710882361,SL,2023-04-20 05:45:00+00:00,-10.348710882361887,-423.96163062132035,120,False
2023-04-20 15:15:00+00:00,21,GBP_USD,LONG,1.2452200000000002,1.242467515354111,1.2473448880117173,1.2473448880117173,1.2473448880117173,152488.41,4,OVERLAP,1.5,0.0011574440058585577,28.12329375720465,53.897400037103246,1.2440014643175978,1.2432083614368432,9.875665283498591,False,6.39360828586222e-05,26.38395894548681,10.28535682402243,0.12698412698427244,15,3,ema_ribbon_bounce_long,1.24386,TIME,2023-04-20 23:15:00+00:00,-13.600000000002499,-207.38423760003812,480,False
2023-04-24 10:30:00+00:00,21,GBP_USD,LONG,1.2451500000000002,1.2422626376121622,1.2469973718270684,1.2469973718270684,1.2469973718270684,144646.95,5,LONDON,1.5,0.0010186859135342078,26.10291564395932,57.50486868928315,1.2436108485511732,1.2430692653612858,8.582002234365227,False,9.229369458532499e-05,45.943755326048404,13.491514488268574,0.8536585365853174,10,0,ema_ribbon_bounce_long,1.2469973718270684,TP3,2023-04-24 17:15:00+00:00,18.473719547840982,267.21671877505776,405,True
2023-04-25 09:15:00+00:00,21,GBP_USD,SHORT,1.2463899999999999,1.2479067687598684,1.2448435348840028,1.2448435348840028,1.2448435348840028,277115.64,4,LONDON,1.5,0.0008682325579985803,29.033026929488532,40.752581705122466,1.2476744322261382,1.245795884841968,-0.5854206843247667,False,1.0837759981517149e-05,71.6968291867089,-10.944322261381423,0.5523809523809786,9,1,ema_ribbon_bounce_short,1.2479067687598684,SL,2023-04-25 10:00:00+00:00,-15.16768759868503,-420.32034562296656,45,False
2023-04-26 19:45:00+00:00,21,GBP_USD,SHORT,1.2460399999999998,1.2463497115533624,1.244502590867807,1.244502590867807,1.244502590867807,1343563.49,3,NY,1.5,0.0008937045660965335,16.777729606065556,47.01766342118352,1.246308326183115,1.2448749467807056,-11.993921543609343,False,-7.529727675623508e-05,81.86773832853426,-0.18326183115036088,0.1999999999999013,19,2,ema_ribbon_bounce_short,1.2463497115533624,SL,2023-04-26 20:00:00+00:00,-3.097115533625683,-416.11713552913346,15,False
2023-04-26 20:30:00+00:00,21,GBP_USD,LONG,1.24689,1.2447371207923639,1.2481992849356516,1.2481992849356516,1.2481992849356516,191351.17,4,NY,1.5,0.0007796424678258268,14.112351307106906,50.284588689739515,1.246330211209243,1.244922914610025,-8.40497546096497,False,2.5500440139202208e-05,87.05097087379018,3.0978879075704846,0.2083333333328322,20,2,ema_ribbon_bounce_long,1.24739,TIME,2023-04-27 04:30:00+00:00,4.999999999999449,95.67558499998947,480,True
2023-04-27 17:15:00+00:00,21,GBP_USD,LONG,1.2480600000000002,1.2453332546221265,1.250238402206831,1.250238402206831,1.250238402206831,151430.61,5,NY,1.5,0.0012142011034153852,17.525181880544256,55.61887923931965,1.2467612416996798,1.2459878291494948,14.400014378734838,False,5.284662927354698e-05,52.72954470279344,10.487583003202516,0.9560439560441545,17,3,ema_ribbon_bounce_long,1.24951,TIME,2023-04-28 01:15:00+00:00,14.499999999997293,219.574384499959,480,True
2023-04-28 10:45:00+00:00,21,GBP_USD,SHORT,1.2460699999999998,1.2488533272663986,1.243779793733893,1.243779793733893,1.243779793733893,149141.09,3,LONDON,1.5,0.0012401031330534005,21.00894089433623,45.84438228288186,1.2474947247942063,1.2470918902899195,1.3440837087852486,False,0.00011868425930681352,72.6809378185535,-12.347247942063877,0.6504065040652329,10,4,ema_ribbon_bounce_short,1.2488533272663986,SL,2023-04-28 12:30:00+00:00,-27.833272663988495,-415.1084623374448,105,False
2023-05-02 11:30:00+00:00,21,GBP_USD,SHORT,1.24718,1.2507784939534075,1.2451941792891315,1.2451941792891315,1.2451941792891315,114202.6,3,LONDON,1.5,0.0010879103554343554,34.53757508082192,46.02219410032971,1.2486682284415966,1.250269000448363,2.7180038288565633,False,0.00012256592058437397,80.0429967955236,-12.982284415965495,0.6624999999999722,11,1,ema_ribbon_bounce_short,1.2451941792891315,TP3,2023-05-02 13:00:00+00:00,19.85820884754273,226.78590817323834,90,True
2023-05-02 18:30:00+00:00,21,GBP_USD,SHORT,1.24663,1.2493756579836897,1.2448975247578276,1.2448975247578276,1.2448975247578276,150501.35,4,NY,1.5,0.0009912376210862504,18.27088136352513,49.410137670489284,1.2473496845594427,1.249376048252606,3.487748913242328,False,6.621859903237477e-05,23.09493311967977,-4.696845594427401,0.645161290322442,18,1,ema_ribbon_bounce_short,1.24874,TIME,2023-05-03 02:30:00+00:00,-21.100000000000563,-317.5578485000085,480,False
2023-05-03 11:15:00+00:00,21,GBP_USD,LONG,1.25133,1.2483268232498093,1.2529876183413846,1.2529876183413846,1.2529876183413846,136538.64,4,LONDON,1.5,0.0009238091706923271,23.561370923513934,53.95900712980706,1.2499078261161907,1.2493160191585277,-4.174176320841383,False,-0.00020138844850306394,30.717793563098628,12.32173883809251,0.3358208955222941,11,2,ema_ribbon_bounce_long,1.2529876183413846,TP3,2023-05-03 14:00:00+00:00,16.576184627874337,226.32897054788685,165,True
2023-05-04 19:15:00+00:00,21,GBP_USD,SHORT,1.2573599999999998,1.2576599133315554,1.255734422209246,1.255734422209246,1.255734422209246,1374773.66,3,NY,1.5,0.0009377888953770267,28.49460308942519,47.1395315407063,1.2576670554184237,1.2548557967957006,3.9883355027781064,False,-0.00016580722260453514,29.90767521056158,-0.5705541842382367,0.5454545454548513,19,3,ema_ribbon_bounce_short,1.2576599133315554,SL,2023-05-04 19:30:00+00:00,-2.999133315555458,-412.31294850541116,15,False
2023-05-04 19:30:00+00:00,21,GBP_USD,SHORT,1.25735,1.2576267406564168,1.2558255349085856,1.2558255349085856,1.2558255349085856,1474990.43,3,NY,1.5,0.0008872325457072516,28.957713801402473,47.059829760374,1.2576644257941718,1.2548831023002212,3.8725123643978954,False,-0.00017057045138832932,34.20962326251186,-0.6442579417176297,0.0,19,3,ema_ribbon_bounce_short,1.2576267406564168,SL,2023-05-04 19:45:00+00:00,-2.7674065641680734,-408.1898198067089,15,False
2023-05-10 18:15:00+00:00,21,GBP_USD,SHORT,1.2616299999999998,1.2631857689832355,1.2599193629840777,1.2599193629840777,1.2599193629840777,259748.03,3,NY,1.5,0.0009803185079610755,13.167745541659741,48.607161493467956,1.262205357228578,1.2620220256085533,-10.476259581020386,False,-2.8167062077796194e-05,69.35433713703826,-3.253572285781825,0.027777777777949108,18,2,ema_ribbon_bounce_short,1.2631857689832355,SL,2023-05-11 00:15:00+00:00,-15.557689832357278,-404.10792853058337,360,False
2023-05-17 19:00:00+00:00,21,GBP_USD,LONG,1.24915,1.2468957277418355,1.2507116069999158,1.2507116069999158,1.2507116069999158,177470.51,3,NY,1.5,0.0009058034999579282,23.674421513950342,54.444476435776785,1.247691080394684,1.2486718558214946,21.965993225225855,False,-0.00017376296055958797,14.047487857428829,12.089196053159945,0.9206349206347416,19,2,ema_ribbon_bounce_long,1.24867,TIME,2023-05-18 03:00:00+00:00,-4.800000000000359,-85.18584480000638,480,False
2023-05-21 21:15:00+00:00,21,GBP_USD,LONG,1.2450400000000001,1.2427341804006626,1.2464304436179507,1.2464304436179507,1.2464304436179507,173133.66,4,NY,1.5,0.0008202218089753361,17.884448156191624,51.01559239239927,1.2441705765774138,1.244035748935133,2.9995004738725406,False,-0.00014253387632565058,60.83289764449472,6.194234225862516,0.6842105263160355,21,6,ema_ribbon_bounce_long,1.2464304436179507,TP3,2023-05-22 00:30:00+00:00,13.90443698261014,240.73260650386501,195,True
2023-05-22 19:45:00+00:00,21,GBP_USD,SHORT,1.2429,1.2447692461491513,1.2416148909731983,1.2416148909731983,1.2416148909731983,214857.9,4,NY,1.5,0.0007675545134008524,30.443972233644526,46.80885155690105,1.243766026876767,1.244197204008699,-7.364785809351737,False,0.00011914866835685233,23.268799102131513,-6.160268767669841,0.6216216216218243,19,0,ema_ribbon_bounce_short,1.24356,TIME,2023-05-23 03:45:00+00:00,-6.6000000000010495,-141.80621400002255,480,False
2023-05-23 18:45:00+00:00,21,GBP_USD,LONG,1.2420300000000002,1.2409583538276447,1.2434978127213576,1.2434978127213576,1.2434978127213576,373448.12,3,NY,1.5,0.0008589063606787948,19.141257541558698,54.123586759310676,1.2413196776273259,1.2426293228092722,14.025668209109998,False,-5.632622759403546e-05,37.90822897621277,4.603223726742378,0.31147540983628635,18,1,ema_ribbon_bounce_long,1.2409583538276447,SL,2023-05-23 19:45:00+00:00,-10.716461723554447,-400.20424837133686,60,False
2023-05-24 02:30:00+00:00,21,GBP_USD,LONG,1.24251,1.2412799510948223,1.243375430278262,1.243375430278262,1.243375430278262,322102.81,3,ASIAN,1.5,0.000557715139131043,26.026787789956003,54.701800620594895,1.2417547280063836,1.2424148749241577,14.7630763001394,False,-8.793732437521111e-07,65.79540229885315,5.052719936162742,0.3239436619720821,2,2,ema_ribbon_bounce_long,1.243375430278262,TP3,2023-05-24 04:30:00+00:00,8.65430305130163,278.75753314158294,120,True
2023-05-24 16:45:00+00:00,21,GBP_USD,SHORT,1.2368899999999998,1.2416288095107273,1.234446340305912,1.234446340305912,1.234446340305912,84196.21,3,OVERLAP,1.5,0.001316829847043961,27.294525643115144,43.61306568254156,1.239184264205053,1.241357092725424,-17.05865006449203,False,6.716211137291171e-05,57.85646774046716,-21.042642050530525,0.19148936170216788,16,2,ema_ribbon_bounce_short,1.23637,TIME,2023-05-25 00:45:00+00:00,5.199999999998539,43.782029199987704,480,True
2023-05-25 10:45:00+00:00,21,GBP_USD,SHORT,1.2354599999999998,1.237806090327682,1.2337182263728104,1.2337182263728104,1.2337182263728104,170252.44,5,LONDON,1.5,0.0009658868135947878,37.09213068703965,46.781478566249206,1.2360094490026665,1.2384931897638667,-12.742739577773499,False,-5.509036675288906e-05,10.917123031529355,-3.5944900266660085,0.8194444444445087,10,3,ema_ribbon_bounce_short,1.2337182263728104,TP3,2023-05-25 13:00:00+00:00,17.41773729494768,296.5412273743843,135,True
2023-05-26 16:30:00+00:00,21,GBP_USD,SHORT,1.2341199999999999,1.2359167876571144,1.2318703368993527,1.2318703368993527,1.2318703368993527,223951.35,3,OVERLAP,1.5,0.0012198315503236833,29.240549279831388,46.327102511214605,1.2348618620394325,1.2354953261537063,-11.259901071323242,False,-9.745713452005299e-05,88.07537853840881,-5.518620394324714,0.05882352941182233,16,4,ema_ribbon_bounce_short,1.23429,TIME,2023-05-29 00:30:00+00:00,-1.700000000002255,-38.07172950005051,3360,False
2023-05-29 10:00:00+00:00,21,GBP_USD,SHORT,1.2343499999999998,1.2355283423532153,1.2332587978892882,1.2332587978892882,1.2332587978892882,341167.65,5,LONDON,1.5,0.0006406010553559487,28.66903863245431,45.459443878337346,1.2349412717459214,1.235215998839777,1.5098128942403477,False,-9.431941612928364e-05,46.58049819244189,-4.012717459214166,0.08510638297881387,10,0,ema_ribbon_bounce_short,1.2355283423532153,SL,2023-05-29 15:00:00+00:00,-11.783423532154558,-402.012291541987,300,False
2023-05-31 11:30:00+00:00,21,GBP_USD,SHORT,1.2360999999999998,1.2392391364154687,1.23433057824291,1.23433057824291,1.23433057824291,126783.97,5,LONDON,1.5,0.0009797108785450305,27.884553978717587,45.34487149444775,1.2377419935987586,1.2378532865103111,3.289798030614577,False,0.00021262639279027312,64.7948994006253,-14.51993598758694,0.7203389830508873,11,2,ema_ribbon_bounce_short,1.2392391364154687,SL,2023-05-31 13:30:00+00:00,-31.39136415468924,-397.9921771247196,120,False
2023-06-02 07:45:00+00:00,21,GBP_USD,SHORT,1.2523099999999998,1.2515770723293125,1.2509637068681072,1.2509637068681072,1.2509637068681072,537586.81,3,ASIAN,1.5,0.0007981465659463773,24.82758226543849,44.78903433794124,1.2526968341987776,1.2474272268109217,19.923394932259697,False,-0.0001377062301194073,25.530846812310852,-1.368341987777466,0.31707317073160163,7,4,ema_ribbon_bounce_short,1.2515770723293125,SL,2023-06-02 08:00:00+00:00,7.329276706873332,394.01224844553406,15,True
2023-06-02 11:00:00+00:00,21,GBP_USD,SHORT,1.25247,1.2521296854563944,1.2510425885084864,1.2510425885084864,1.2510425885084864,1169366.34,3,LONDON,1.5,0.0008087057457568196,24.371411143752287,45.462880228400905,1.2528793981969981,1.2481243377307487,-4.859684947715603,False,-4.8672165176807315e-05,28.44356261023101,-2.1939819699801077,0.23809523809507027,11,4,ema_ribbon_bounce_short,1.2521296854563944,SL,2023-06-02 11:15:00+00:00,3.403145436056132,397.95237230486634,15,True
2023-06-05 23:45:00+00:00,21,GBP_USD,LONG,1.24344,1.2424943033188496,1.2441023504943831,1.2441023504943831,1.2441023504943831,425011.43,4,NY,1.5,0.0004561752471915652,26.35208344943624,54.29752899003714,1.2425599030172536,1.244045013610667,20.98510930087949,False,-9.25451037866283e-05,31.95235083280832,6.300969827464087,0.5172413793104504,23,0,ema_ribbon_bounce_long,1.2441023504943831,TP3,2023-06-06 02:00:00+00:00,6.623505099673111,281.50653740243615,135,True
2023-06-06 20:45:00+00:00,21,GBP_USD,LONG,1.24255,1.2417754769177505,1.2433442203781595,1.2433442203781595,1.2433442203781595,522575.73,3,NY,1.5,0.0005221101890797401,20.471577807943618,52.65714200896251,1.2420534572498287,1.2430465007128642,10.582875131939229,False,-6.77589698592404e-05,20.236372736371155,2.465427501712192,0.1785714285709754,20,1,ema_ribbon_bounce_long,1.2433442203781595,TP3,2023-06-07 00:00:00+00:00,7.942203933576476,415.0403018397598,195,True
2023-06-07 03:15:00+00:00,21,GBP_USD,SHORT,1.2420099999999998,1.2428998812289862,1.24128274361571,1.24128274361571,1.24128274361571,459496.56,5,ASIAN,1.5,0.0004886281921450605,31.105582829127588,45.99195555422792,1.2423960993609162,1.2429380803992247,6.31423761208616,False,-9.530780649102235e-05,65.09628957451302,-1.3609936091629748,0.44000000000007106,3,2,ema_ribbon_bounce_short,1.2428998812289862,SL,2023-06-07 04:15:00+00:00,-8.898812289863667,-408.8973635278078,60,False
2023-06-07 18:15:00+00:00,21,GBP_USD,SHORT,1.2438099999999999,1.2448362754084419,1.242094735801435,1.242094735801435,1.242094735801435,394444.21,3,NY,1.5,0.0009826320992824696,32.965617136867046,45.151978948856424,1.2445007053111297,1.24355032128013,-15.258144412895192,False,-0.00019235196684458253,84.05678405678248,-4.407053111297188,0.6607142857141158,18,2,ema_ribbon_bounce_short,1.2448362754084419,SL,2023-06-08 00:15:00+00:00,-10.262754084420234,-404.80839272534126,360,False
2023-06-08 10:00:00+00:00,21,GBP_USD,LONG,1.24666,1.2438425362629544,1.2482420657186695,1.2482420657186695,1.2482420657186695,142241.51,5,LONDON,1.5,0.0008860328593347787,38.43176157686183,55.8181140831148,1.2452903302426763,1.2441911078033145,-1.505832066717172,False,1.548461548220645e-05,17.54452118228635,11.796697573236425,0.7241379310344388,10,3,ema_ribbon_bounce_long,1.2482420657186695,TP3,2023-06-08 12:30:00+00:00,15.820658298932795,225.03543256342323,150,True
2023-06-14 19:45:00+00:00,21,GBP_USD,SHORT,1.26558,1.265465857962244,1.2630682517573395,1.2630682517573395,1.2630682517573395,3530782.09,2,NY,1.5,0.0013808741213302768,28.61171106306024,44.05658507211313,1.2661757439718353,1.2611695724011287,-5.96290243869646,False,-0.0003983055487333925,40.06365254333421,-3.4574397183528838,0.5072463768116409,19,2,ema_ribbon_bounce_short,1.265465857962244,SL,2023-06-14 20:00:00+00:00,1.1414203775594876,403.0106626248077,15,True
2023-06-14 20:45:00+00:00,21,GBP_USD,SHORT,1.26582,1.2653759030505682,1.2637999247303564,1.2637999247303564,1.2637999247303564,916558.35,3,NY,1.5,0.0011350376348217887,25.07515195796914,45.390112221547646,1.2661663657775402,1.2613633874134227,-3.4203977800606467,False,-0.00019721917026058926,54.06564133441183,-0.9636577754013054,0.3666666666668887,20,2,ema_ribbon_bounce_short,1.2653759030505682,SL,2023-06-14 21:00:00+00:00,4.440969494317049,407.04076721115683,15,True
2023-06-14 21:15:00+00:00,21,GBP_USD,SHORT,1.2657399999999999,1.2653424427159268,1.2639310065277052,1.2639310065277052,1.2639310065277052,1034092.93,4,NY,1.5,0.0010294967361473449,26.051647891175552,44.97656016038866,1.2661595864021045,1.2614567744600123,-4.203302420113797,False,-0.0001284426785530937,57.56582938964115,-1.695864021045157,0.7142857142867717,21,2,ema_ribbon_bounce_short,1.2653424427159268,SL,2023-06-14 21:30:00+00:00,3.975572840730912,411.11117672998523,15,True
2023-06-14 22:15:00+00:00,21,GBP_USD,SHORT,1.2658699999999998,1.2652932195360163,1.2644415828674975,1.2644415828674975,1.2644415828674975,719896.59,3,NY,1.5,0.0008392085662511559,28.99119071363132,46.156199746074094,1.2661578493337358,1.2616407053476342,-2.811112098370927,False,-2.039477173208234e-05,77.08701134931255,-0.37849333735850976,0.7142857142854877,22,2,ema_ribbon_bounce_short,1.2652932195360163,SL,2023-06-14 22:30:00+00:00,5.7678046398357266,415.2222892003918,15,True
2023-06-14 22:45:00+00:00,21,GBP_USD,SHORT,1.2657699999999998,1.2652907398432458,1.264479834207179,1.264479834207179,1.264479834207179,875045.64,3,NY,1.5,0.0007700828964104319,27.958866268395525,45.45189523377106,1.2661574226260284,1.2617300817423247,-3.7899808621655318,False,5.291489328817199e-06,59.99901409838254,-1.3742262602844946,0.700000000000222,22,2,ema_ribbon_bounce_short,1.2652907398432458,SL,2023-06-14 23:00:00+00:00,4.7926015675403555,419.37451059333534,15,True
2023-06-15 09:45:00+00:00,21,GBP_USD,LONG,1.26635,1.2638735584123197,1.2679998893488127,1.2679998893488127,1.2679998893488127,171039.07,5,LONDON,1.5,0.0009199446744063942,22.453319250153235,57.290884772406216,1.265255024109418,1.262880913972025,-0.03546174932145263,False,0.00014199921848673762,32.1330373957537,9.04975890581916,0.5494505494503752,9,3,ema_ribbon_bounce_long,1.2679998893488127,TP3,2023-06-15 13:15:00+00:00,16.498894452753227,282.19555632270715,210,True
2023-06-20 03:45:00+00:00,21,GBP_USD,SHORT,1.27883,1.2803192302812487,1.2779342463728411,1.2779342463728411,1.2779342463728411,286315.84,3,ASIAN,1.5,0.0005728768135794356,15.48464712914941,47.13738704427666,1.2794355473901868,1.2786681657016068,-7.013918940221853,False,-3.668825975445851e-05,26.842619028404886,-3.555473901868389,0.5,3,1,ema_ribbon_bounce_short,1.2779342463728411,TP3,2023-06-20 04:45:00+00:00,8.957536584442757,256.4684611505459,60,True
2023-06-21 12:00:00+00:00,21,GBP_USD,SHORT,1.2716699999999999,1.2762911476097465,1.269256808557625,1.269256808557625,1.269256808557625,92824.32,3,LONDON,1.5,0.0013015957211875238,29.472818879731154,44.93901929720691,1.273821528276342,1.2760502832250293,1.1918520916198716,False,0.00026882846778726447,78.57366895341578,-19.61528276342106,0.7519999999999687,12,2,ema_ribbon_bounce_short,1.2762911476097465,SL,2023-06-21 17:15:00+00:00,-46.21147609746634,-428.95488449435675,315,False
2023-06-21 20:45:00+00:00,21,GBP_USD,LONG,1.27701,1.2743499282042596,1.2783593278003478,1.2783593278003478,1.2783593278003478,159644.32,4,NY,1.5,0.000799663900173991,29.738239900199158,56.87480592847614,1.2752306013068557,1.2757698553142434,34.38608663143272,False,-0.00019508824461099395,20.766647093363023,15.293986931441683,0.6341463414632033,20,2,ema_ribbon_bounce_long,1.27585,TIME,2023-06-22 04:45:00+00:00,-11.600000000000497,-185.18741120000797,480,False
2023-06-22 14:15:00+00:00,21,GBP_USD,SHORT,1.27476,1.2780742980146769,1.2711773143010296,1.2711773143010296,1.2711773143010296,127572.56,3,OVERLAP,1.5,0.001886342849485172,23.563049229185232,44.364260728926595,1.276369006436162,1.2761678321958159,-18.947222656018337,False,-0.000202552761620912,79.46561779465785,-14.190064361618848,0.9361702127658603,14,3,ema_ribbon_bounce_short,1.27436,TIME,2023-06-22 22:15:00+00:00,3.9999999999995595,51.02902399999438,480,True
2023-06-23 18:30:00+00:00,21,GBP_USD,SHORT,1.2705499999999998,1.2729473688063504,1.2690493890539842,1.2690493890539842,1.2690493890539842,176578.49,4,NY,1.5,0.0008753054730078175,15.737184818706675,48.93917645390149,1.2712218741941441,1.2733005879550419,-3.07410056241908,False,9.405707913035072e-05,34.795030230546296,-4.218741941441895,0.2758620689658869,18,4,ema_ribbon_bounce_short,1.2729473688063504,SL,2023-06-25 23:30:00+00:00,-23.97368806350553,-423.323763798483,3180,False
2023-06-27 08:45:00+00:00,21,GBP_USD,LONG,1.27391,1.271640034335495,1.275277605680152,1.275277605680152,1.275277605680152,184624.17,5,LONDON,1.5,0.0007788028400759802,31.901764746688446,55.6997830905437,1.2727617326706295,1.2725311792608303,5.288479841056848,False,-0.00013919555236023573,38.76255991337206,9.582673293704325,0.9589041095890702,8,1,ema_ribbon_bounce_long,1.271640034335495,SL,2023-06-27 09:15:00+00:00,-22.699656645051025,-419.09052673775307,30,False
2023-06-29 17:00:00+00:00,21,GBP_USD,SHORT,1.2618099999999999,1.2650100957767687,1.2600214834564372,1.2600214834564372,1.2600214834564372,129652.25,5,NY,1.5,0.001019258271781398,18.715322904880523,48.04911860552909,1.2628215285326783,1.2662237144939241,-5.970932848144983,False,0.000178831069669798,72.62305523990655,-7.615285326783017,0.6923076923074734,17,3,ema_ribbon_bounce_short,1.26182,TIME,2023-06-30 01:00:00+00:00,-0.1000000000006551,-1.2965225000084937,480,False
2023-06-30 09:30:00+00:00,21,GBP_USD,LONG,1.26323,1.2614438591120256,1.2651797393257276,1.2651797393257276,1.2651797393257276,232281.04,3,LONDON,1.5,0.0010698696628637895,23.345900063303382,54.74129282929277,1.262194381787929,1.2641251441567656,6.015015408542546,False,-6.202703738309042e-05,51.20001334058941,8.456182120708533,0.7272727272725233,9,4,ema_ribbon_bounce_long,1.2651797393257276,TP3,2023-06-30 11:00:00+00:00,19.49739409666313,452.8874978062772,90,True
2023-07-03 10:15:00+00:00,21,GBP_USD,SHORT,1.2665199999999999,1.2688326546564328,1.2648614460456746,1.2648614460456746,1.2648614460456746,181356.75,5,LONDON,1.5,0.0009242769771626585,15.402501009528601,40.4790420476424,1.2683048915263169,1.2671131003782792,-3.294919281566777,False,1.94370081272032e-05,44.05743697723886,-15.948915263168661,0.6019417475728281,10,0,ema_ribbon_bounce_short,1.2688326546564328,SL,2023-07-03 12:30:00+00:00,-23.12654656432933,-419.4155323630433,135,False
2023-07-03 19:15:00+00:00,21,GBP_USD,LONG,1.2692400000000001,1.2676385223304842,1.2705010888280721,1.2705010888280721,1.2705010888280721,259273.91,4,NY,1.5,0.0007555444140360302,18.289526686468015,50.90381581540017,1.2687739815297525,1.2676272499330203,4.293938380324214,False,-8.46596224498938e-05,83.47164010554184,2.160184702475476,0.33333333333271653,19,0,ema_ribbon_bounce_long,1.2687,TIME,2023-07-04 03:15:00+00:00,-5.40000000000207,-140.00791140005367,480,False
2023-07-04 09:00:00+00:00,21,GBP_USD,LONG,1.27001,1.2682732534200025,1.271212713041221,1.271212713041221,1.271212713041221,238273.85,4,LONDON,1.5,0.0006963565206104773,16.39175171801922,55.189707383754005,1.2692565010056145,1.2683047204009883,2.9699845554742588,False,-3.006479753920975e-06,57.4800785497577,5.634989943854585,0.3492063492062205,9,1,ema_ribbon_bounce_long,1.271212713041221,TP3,2023-07-04 10:45:00+00:00,12.027130916969641,286.5750788040387,105,True
2023-07-05 15:15:00+00:00,21,GBP_USD,LONG,1.2718200000000002,1.269847250160532,1.2738391586470497,1.2738391586470497,1.2738391586470497,211221.43,4,OVERLAP,1.5,0.0011045793235247606,26.929296855408666,52.43328270727298,1.2711132106228291,1.2703492610461538,5.000957540604034,False,-7.2264227060017e-06,48.678388859514406,5.167893771709231,0.18181818181821852,15,2,ema_ribbon_bounce_long,1.269847250160532,SL,2023-07-05 18:15:00+00:00,-19.727498394681575,-416.68704212473466,180,False
2023-07-05 19:45:00+00:00,21,GBP_USD,SHORT,1.26979,1.271544340162566,1.26848892524172,1.26848892524172,1.26848892524172,235142.64,4,NY,1.5,0.0007755373791400869,15.750898118222521,45.50412032524537,1.2706943373512152,1.270352923051042,-8.704107113366444,False,-7.237956880526598e-05,59.18118119557726,-6.543373512151174,0.20930232558125125,19,2,ema_ribbon_bounce_short,1.26941,TIME,2023-07-06 03:45:00+00:00,3.800000000000469,89.35420320001104,480,True
2023-07-06 09:15:00+00:00,21,GBP_USD,LONG,1.2718200000000002,1.2696202162441472,1.2737563224128852,1.2737563224128852,1.2737563224128852,187933.8,5,LONDON,1.5,0.0010631612064425364,27.65091401675004,54.83873464925903,1.2707750941046185,1.2704428175356044,2.824558633487406,False,-3.0324634683658795e-05,49.669374153906574,8.54905895381508,0.7319587628866498,9,3,ema_ribbon_bounce_long,1.2737563224128852,TP3,2023-07-06 10:00:00+00:00,19.363225159171478,363.90044844187,45,True
2023-07-06 21:00:00+00:00,21,GBP_USD,LONG,1.27387,1.2716398759050584,1.2750718922823967,1.2750718922823967,1.2750718922823967,187008.75,4,NY,1.5,0.000725946141198328,25.90325753463297,52.84413061602702,1.272987014085221,1.2715903587613904,5.50382604367794,False,9.613248293780722e-06,48.80555555554895,6.329859147788941,0.38235294117648017,21,3,ema_ribbon_bounce_long,1.27458,TIME,2023-07-07 05:00:00+00:00,7.099999999999884,132.77621249999783,480,True
2023-07-11 16:00:00+00:00,21,GBP_USD,LONG,1.2901600000000002,1.2866214096543303,1.2919504930529269,1.2919504930529269,1.2919504930529269,118233.66,5,OVERLAP,1.5,0.0009902465264633629,23.14597424143701,50.39551529157547,1.289330960015173,1.2846142868686683,-1.7023972731755599,False,-0.00011458378563939962,60.60951980982016,6.3903998482706115,0.17241379310387073,16,1,ema_ribbon_bounce_long,1.2919504930529269,TP3,2023-07-11 16:45:00+00:00,17.90493204363496,211.6965647570241,45,True
2023-07-14 16:15:00+00:00,21,GBP_USD,SHORT,1.31056,1.311663061442237,1.308533492880569,1.308533492880569,1.308533492880569,381209.45,4,OVERLAP,1.5,0.00110825355971551,11.761883498564174,45.171456484398604,1.311437056836274,1.3069538385234187,-5.255701281019487,False,-2.6959700217508688e-05,21.94977063463537,-6.870568362740137,0.47058823529392557,16,4,ema_ribbon_bounce_short,1.311663061442237,SL,2023-07-14 16:30:00+00:00,-11.030614422371519,-420.4974457114315,15,False
2023-07-14 18:30:00+00:00,21,GBP_USD,SHORT,1.31001,1.3114662630672196,1.3084639345671318,1.3084639345671318,1.3084639345671318,285863.51,4,NY,1.5,0.0008980327164341057,22.67679377346131,43.45588686267624,1.311191290661823,1.3072713216240839,-9.132943592096154,False,-5.381624185163064e-05,42.644636065687244,-9.312906618230699,0.6133333333334794,18,4,ema_ribbon_bounce_short,1.3084639345671318,TP3,2023-07-16 21:00:00+00:00,15.460654869521026,441.9637067899873,3030,True
2023-07-16 22:00:00+00:00,21,GBP_USD,SHORT,1.30913,1.3110063123914726,1.3079010755536529,1.3079010755536529,1.3079010755536529,224222.85,3,NY,1.5,0.0007394622231735994,41.37705716105394,43.414860086265435,1.3103849211012162,1.3075424319769178,-15.495514235763785,False,1.0989492615551526e-05,49.81481481481145,-10.04921101216194,0.37500000000004335,22,6,ema_ribbon_bounce_short,1.30839,TIME,2023-07-17 06:00:00+00:00,7.399999999999628,165.9249089999917,480,True
2023-07-17 15:30:00+00:00,21,GBP_USD,SHORT,1.3072599999999999,1.3099660257943857,1.305233144744624,1.305233144744624,1.305233144744624,156085.49,4,OVERLAP,1.5,0.0011084276276880206,29.101371629681008,45.852497985385284,1.308351154610511,1.3080184852792813,-5.628837153885957,False,0.00010167010935503967,29.029775568022924,-9.011546105111012,0.704081632653156,15,0,ema_ribbon_bounce_short,1.30726,TIME,2023-07-17 23:30:00+00:00,-2.220446049250313e-12,-3.465794096157992e-11,480,False
2023-07-18 09:15:00+00:00,21,GBP_USD,LONG,1.3095500000000002,1.3075297383251536,1.311450421750506,1.311450421750506,1.311450421750506,209067.65,4,LONDON,1.5,0.0010452108752530026,21.555565731132372,54.15101809925757,1.308662295901682,1.30819584511703,7.899583245241093,False,-5.343351412322933e-05,60.53290031353354,6.977040983180416,0.30769230769225514,9,1,ema_ribbon_bounce_long,1.311450421750506,TP3,2023-07-18 10:30:00+00:00,19.004218414057124,397.316728391365,75,True
2023-07-18 11:45:00+00:00,21,GBP_USD,LONG,1.31078,1.3077671295518443,1.3129295332144428,1.3129295332144428,1.3129295332144428,141507.75,4,LONDON,1.5,0.0011697666072214019,25.76968568219473,55.30620233297935,1.3092940324654232,1.3084215452851005,8.768021281968519,False,3.6245290759041426e-05,21.615256906292064,12.959675345767252,0.733333333333277,11,1,ema_ribbon_bounce_long,1.3077671295518443,SL,2023-07-18 12:30:00+00:00,-30.128704481557907,-426.3445181600176,45,False
2023-07-20 04:15:00+00:00,21,GBP_USD,LONG,1.29522,1.294697671308111,1.2961543484958347,1.2961543484958347,1.2961543484958347,808075.63,4,ASIAN,1.5,0.0005921742479173073,29.624520659486045,54.572067957822746,1.2942172584188398,1.2984081158077576,26.178783594825727,False,-0.00012678547753668047,26.373031120959833,7.527415811601212,0.17307692307717765,4,3,ema_ribbon_bounce_long,1.294697671308111,SL,2023-07-20 04:30:00+00:00,-5.223286918889514,-422.0810867652403,15,False
2023-07-20 08:45:00+00:00,21,GBP_USD,SHORT,1.2921699999999998,1.295453478886978,1.290335222503856,1.290335222503856,1.290335222503856,127261.45,4,LONDON,1.5,0.0010123887480719992,38.3970999398975,45.70683333849409,1.293293739205747,1.2974377271444737,0.8901713066311601,False,3.362542850883824e-05,72.98741140378672,-9.337392057471305,0.8281249999999675,8,3,ema_ribbon_bounce_short,1.290335222503856,TP3,2023-07-20 10:00:00+00:00,18.34777640317666,233.49646293440463,75,True
2023-07-21 14:30:00+00:00,21,GBP_USD,SHORT,1.2840599999999998,1.2881236698479634,1.2818647122575177,1.2818647122575177,1.2818647122575177,103402.9,4,OVERLAP,1.5,0.0011926438712410764,27.21212982846173,45.5864219050954,1.2856505420302173,1.2898063570890075,-2.5371049243205768,False,0.00022653877207784532,38.11137051886924,-14.005420302174443,0.2772277227722859,14,4,ema_ribbon_bounce_short,1.28551,TIME,2023-07-23 22:30:00+00:00,-14.500000000001734,-149.93420500001793,3360,False
2023-07-24 04:45:00+00:00,21,GBP_USD,LONG,1.2866300000000002,1.2856394383594978,1.2874029451191709,1.2874029451191709,1.2874029451191709,422685.35,4,ASIAN,1.5,0.0005114725595853661,17.043867466170553,55.37115862933526,1.2858550631380776,1.288037242265466,12.933604401013099,False,-3.505064519931383e-05,51.57304318488203,5.249368619224537,0.8571428571430837,4,0,ema_ribbon_bounce_long,1.2874029451191709,TP3,2023-07-24 05:00:00+00:00,7.729451374572349,326.71258595690944,15,True
2023-07-24 12:15:00+00:00,21,GBP_USD,SHORT,1.2839099999999999,1.2866441108771427,1.2818848792347466,1.2818848792347466,1.2818848792347466,154332.81,5,LONDON,1.5,0.001107560382626739,27.18579707085511,46.80931844711444,1.285004349509797,1.2872182544284718,6.385199881608905,False,0.00022544144532455864,54.90244927068856,-9.043495097968979,0.8888888888890384,12,0,ema_ribbon_bounce_short,1.2818848792347466,TP3,2023-07-24 13:45:00+00:00,20.2512089647107,312.5425985420993,90,True
2023-07-24 15:30:00+00:00,21,GBP_USD,SHORT,1.2816899999999998,1.2860017578697243,1.2794088579119436,1.2794088579119436,1.2794088579119436,98588.2,4,OVERLAP,1.5,0.0012355710440281888,21.32056740619883,42.05666179189026,1.2838392676970931,1.2866056457998454,-10.365606363680335,False,-4.440780630699155e-05,70.81399097356223,-19.592676970932033,0.019801980198146052,15,0,ema_ribbon_bounce_short,1.28124,TIME,2023-07-24 23:30:00+00:00,4.499999999998394,44.364689999984165,480,True
2023-07-25 10:45:00+00:00,21,GBP_USD,SHORT,1.28358,1.2846422970539746,1.2821012217815582,1.2821012217815582,1.2821012217815582,400577.31,5,LONDON,1.5,0.0008343891092209465,28.80626741848595,46.458150846059254,1.2838866136531837,1.284853954434495,-8.544675278316927,False,-0.0001985935337915141,65.84416334546249,-1.1661365318360595,0.6538461538460717,10,1,ema_ribbon_bounce_short,1.2821012217815582,TP3,2023-07-25 11:30:00+00:00,14.78778255357954,592.3650156177823,45,True
2023-07-26 09:15:00+00:00,21,GBP_USD,LONG,1.2902300000000002,1.287006968905204,1.29185078470017,1.29185078470017,1.29185078470017,133866.45,4,LONDON,1.5,0.0009053923500848867,22.63373592901781,54.478626259727676,1.2890575087289007,1.2869357273878184,-3.5606212280048233,False,3.555321885329195e-05,38.163659793817196,9.82491271099395,0.620689655172449,9,2,ema_ribbon_bounce_long,1.29185078470017,TP3,2023-07-26 10:30:00+00:00,16.207848212444365,216.96871023387732,75,True
2023-07-28 15:15:00+00:00,21,GBP_USD,LONG,1.28604,1.2823823056759518,1.2887948555460318,1.2887948555460318,1.2887948555460318,118551.58,3,OVERLAP,1.5,0.0014724277730158934,29.606539261715,54.80541851085547,1.2836400273099575,1.2855086018985609,10.56334911941681,False,-0.0002617677713388749,31.633561230711297,22.099726900424166,0.07476635514006086,15,4,ema_ribbon_bounce_long,1.28559,TIME,2023-07-30 23:15:00+00:00,-4.500000000000615,-53.34821100000729,3360,False
2023-07-31 03:45:00+00:00,21,GBP_USD,SHORT,1.2847199999999999,1.2854854429838187,1.2837293825248008,1.2837293825248008,1.2837293825248008,565805.63,4,ASIAN,1.5,0.000620308737599573,16.01371167128922,45.94079357673017,1.2851324820967889,1.2855085427588613,-2.5738836381972163,False,-2.9810928907669955e-06,43.33687083080182,-1.6248209678892955,0.26470588235336373,3,0,ema_ribbon_bounce_short,1.2854854429838187,SL,2023-07-31 06:00:00+00:00,-7.654429838188647,-433.0919496887126,135,False
2023-07-31 10:30:00+00:00,21,GBP_USD,LONG,1.286,1.2842472273198564,1.2874268036110654,1.2874268036110654,1.2874268036110654,244618.73,4,LONDON,1.5,0.0008084018055327438,20.069879819894307,54.802974425541976,1.2852744551126707,1.2854611428705798,6.690308302166326,False,5.609387105101186e-05,62.38236670247873,5.35544887329209,0.7959183673465503,10,0,ema_ribbon_bounce_long,1.2842472273198564,SL,2023-07-31 13:00:00+00:00,-17.527726801436216,-428.76102699542895,150,False
2023-07-31 17:00:00+00:00,21,GBP_USD,LONG,1.28628,1.2843315950655518,1.2879415741153173,1.2879415741153173,1.2879415741153173,217856.88,3,NY,1.5,0.0009557870576585932,13.785430070848111,53.819456907832325,1.2855077643604862,1.2854988164508536,5.431116640699507,False,3.8351193387450746e-05,64.02180682805586,5.222356395138128,0.41379310344828907,17,0,ema_ribbon_bounce_long,1.2843315950655518,SL,2023-07-31 18:00:00+00:00,-19.484049344482557,-424.4734199955015,60,False
2023-08-01 09:45:00+00:00,21,GBP_USD,SHORT,1.28151,1.2843148399328035,1.2799363619605308,1.2799363619605308,1.2799363619605308,149822.7,5,LONDON,1.5,0.0008818190197346183,23.26245321551341,42.84977781512115,1.2828029732002781,1.2842238600751827,-4.879540832807283,False,-2.1084130354207344e-05,50.76974389175337,-11.02973200278079,0.9861111111113253,9,1,ema_ribbon_bounce_short,1.2799363619605308,TP3,2023-08-01 10:45:00+00:00,15.73638144502435,235.76671563234498,60,True
2023-08-02 07:15:00+00:00,21,GBP_USD,SHORT,1.2767199999999999,1.2793956086378167,1.2753259708732174,1.2753259708732174,1.2753259708732174,157940.27,4,ASIAN,1.5,0.0008220145633912785,16.407143217159703,45.39866261415166,1.2777048900961645,1.2803380993238918,-9.39673959543974,False,-2.5633673673045954e-05,60.674208103878506,-7.3489009616456435,0.33684210526325875,7,2,ema_ribbon_bounce_short,1.2793956086378167,SL,2023-08-02 07:45:00+00:00,-26.756086378167954,-422.58635067111686,30,False
2023-08-03 19:45:00+00:00,21,GBP_USD,LONG,1.27055,1.269377737450292,1.2721976819458045,1.2721976819458045,1.2721976819458045,356882.93,3,NY,1.5,0.0009488409729022444,15.669111047380866,52.795565636981905,1.26963086257128,1.2726809792210698,25.988604034872242,False,-0.0002212381329108375,41.39479132615069,6.691374287199903,0.5918367346935539,19,3,ema_ribbon_bounce_long,1.2721976819458045,TP3,2023-08-04 00:45:00+00:00,16.476819919731426,588.0295770036116,300,True
2023-08-06 22:30:00+00:00,21,GBP_USD,SHORT,1.2744499999999999,1.2746529363519412,1.2729551804240817,1.2729551804240817,1.2729551804240817,2090511.54,5,NY,1.5,0.0008724097879590877,22.05604165353563,45.73985684656601,1.274820796811669,1.2734013717870716,4.660301182355386,False,-8.008499180105203e-05,48.45029545370691,-1.2079681166898837,0.8571428571430082,22,6,ema_ribbon_bounce_short,1.2746529363519412,SL,2023-08-06 22:45:00+00:00,-2.0293635194135184,-424.24078561889746,15,False
2023-08-07 08:15:00+00:00,21,GBP_USD,SHORT,1.2729099999999998,1.2744937805929997,1.2715777593828723,1.2715777593828723,1.2715777593828723,265187.22,4,LONDON,1.5,0.0007611203085637595,41.65120057009105,46.92972381861807,1.2737996565170537,1.2735245901863783,-2.573537914165591,False,0.00016960577047895773,50.96225216365705,-6.996565170538371,0.17073170731709958,8,0,ema_ribbon_bounce_short,1.2744937805929997,SL,2023-08-07 12:00:00+00:00,-15.83780592999906,-419.9983725475965,225,False
2023-08-08 21:15:00+00:00,21,GBP_USD,LONG,1.27448,1.2734554936207583,1.2754543472557245,1.2754543472557245,1.2754543472557245,405852.42,4,NY,1.5,0.0006121736278622245,40.12268295553893,54.775077071001924,1.2736719625297537,1.2743119449959366,20.7568483788112,False,-6.862718188431656e-05,35.93507578470044,5.580374702462976,0.3999999999997039,21,1,ema_ribbon_bounce_long,1.2754543472557245,TP3,2023-08-09 02:45:00+00:00,9.743472797318557,395.44120139959057,330,True
2023-08-09 17:45:00+00:00,21,GBP_USD,SHORT,1.27256,1.2749430790168617,1.2709435825155098,1.2709435825155098,1.2709435825155098,176138.85,5,NY,1.5,0.0009332087422451096,18.313495066174774,47.57575509483572,1.2735889918928203,1.2742547717543962,-7.092301422779723,False,0.00011503822415830512,46.42857142857247,-7.789918928202688,0.7045454545455349,17,2,ema_ribbon_bounce_short,1.2709435825155098,TP3,2023-08-10 01:00:00+00:00,16.16417576259655,284.71393300216295,435,True
2023-08-11 08:30:00+00:00,21,GBP_USD,LONG,1.27082,1.2694265608682513,1.2723494189687459,1.2723494189687459,1.2723494189687459,303278.37,2,LONDON,1.5,0.0008597094843729967,42.09601654048938,59.401545127173215,1.2695628598533784,1.2714693815723828,-1.0005917463296043,False,8.956664984087145e-05,60.6484380899064,10.671401466215702,0.3064516129032316,8,4,ema_ribbon_bounce_long,1.2694265608682513,SL,2023-08-11 10:00:00+00:00,-13.934391317487192,-422.59994857096683,90,False
2023-08-11 15:15:00+00:00,21,GBP_USD,SHORT,1.2699599999999998,1.2719070842528022,1.2674200030461806,1.2674200030461806,1.2674200030461806,214872.03,5,OVERLAP,1.5,0.0013649984769096043,28.48255630306089,46.83448856230443,1.270432268053013,1.271336528155694,-6.049200753988071,False,-6.17841772827886e-05,30.413214185683348,-2.8226805301301283,0.7333333333337774,15,4,ema_ribbon_bounce_short,1.26919,TIME,2023-08-13 23:15:00+00:00,7.699999999997154,165.45146309993885,3360,True
2023-08-14 09:45:00+00:00,21,GBP_USD,LONG,1.26981,1.268197761852542,1.271363465512687,1.271363465512687,1.271363465512687,260525.07,4,LONDON,1.5,0.0008717327563435854,48.64136212666451,56.571918660397856,1.268720069261098,1.2699488229607254,0.2500325338994358,False,9.14307655996273e-05,32.98641635709164,8.999307389019329,0.963855421686515,9,0,ema_ribbon_bounce_long,1.271363465512687,TP3,2023-08-14 10:45:00+00:00,15.534655723152342,404.7167269700165,60,True
2023-08-14 11:15:00+00:00,21,GBP_USD,LONG,1.2699500000000001,1.2682901922481389,1.271582796555834,1.271582796555834,1.271582796555834,255496.84,4,LONDON,1.5,0.0009113982779169992,43.828461517417125,53.24800115198858,1.2690405461347931,1.2699660996007505,-0.9224465687807104,False,-2.275630465969165e-05,26.654978571823037,7.194538652068871,0.7796610169491653,11,0,ema_ribbon_bounce_long,1.2682901922481389,SL,2023-08-14 12:00:00+00:00,-16.59807751861253,-424.07563560805426,45,False
2023-08-15 03:45:00+00:00,21,GBP_USD,LONG,1.26908,1.267882598582719,1.2700488027203967,1.2700488027203967,1.2700488027203967,350621.66,4,ASIAN,1.5,0.0006094013601983271,20.39905488488881,53.62323673671455,1.268426844086909,1.2690813702459363,7.9925046692941315,False,3.627116034305278e-05,68.78592878593109,4.031559130908136,0.36111111111087124,3,1,ema_ribbon_bounce_long,1.267882598582719,SL,2023-08-15 06:00:00+00:00,-11.974014172810854,-419.8348726134468,135,False
2023-08-15 09:15:00+00:00,21,GBP_USD,LONG,1.2710100000000002,1.2677216109495888,1.2732126386477525,1.2732126386477525,1.2732126386477525,126395.18,3,LONDON,1.5,0.001196319323876229,17.174803068615805,57.27188527097734,1.2692068546515773,1.2691940246935727,7.528682278203913,False,6.033810842850251e-05,77.14515647269137,16.131453484227176,0.589403973509924,9,1,ema_ribbon_bounce_long,1.2732126386477525,TP3,2023-08-15 13:00:00+00:00,22.02638822018307,278.4029303839919,225,True
2023-08-16 02:30:00+00:00,21,GBP_USD,SHORT,1.2693299999999998,1.2708736014479671,1.2684256401095544,1.2684256401095544,1.2684256401095544,271067.74,5,ASIAN,1.5,0.0005771799452228092,31.465281500272056,43.493860337325565,1.270342351453618,1.2700677461161958,-18.05130784470199,False,7.325761287065664e-05,63.4383378556372,-7.623514536181375,0.5882352941175703,2,2,ema_ribbon_bounce_short,1.2708736014479671,SL,2023-08-16 05:00:00+00:00,-15.436014479672798,-418.42055596121816,150,False
2023-08-16 21:00:00+00:00,21,GBP_USD,SHORT,1.27223,1.273480350464176,1.270772403933428,1.270772403933428,1.270772403933428,331296.19,4,NY,1.5,0.0008537980332859621,21.27518337191457,45.3870656845801,1.273127697720368,1.2717398437982745,-15.58421079294492,False,1.5507150560073414e-05,78.18367528200024,-6.476977203679901,0.900000000000074,21,2,ema_ribbon_bounce_short,1.27245,TIME,2023-08-17 05:00:00+00:00,-2.20000000000109,-72.88516180003612,480,False
2023-08-17 05:30:00+00:00,21,GBP_USD,SHORT,1.2715299999999998,1.2728528350484576,1.270838173503697,1.270838173503697,1.270838173503697,312591.88,5,ASIAN,1.5,0.00047091324815136105,27.424277618388473,45.15281107929069,1.2723417824434562,1.2718626061675695,-15.673542560259435,False,9.226803794225798e-05,58.017934446499915,-5.617824434562824,0.8448275862070351,5,3,ema_ribbon_bounce_short,1.2728528350484576,SL,2023-08-17 06:15:00+00:00,-13.228350484577598,-413.5074947273023,45,False
2023-08-17 14:45:00+00:00,21,GBP_USD,LONG,1.27584,1.2724340824769087,1.2780459515704392,1.2780459515704392,1.2780459515704392,120194.46,4,OVERLAP,1.5,0.0011979757852195992,34.16728359885786,52.654139493343926,1.2744418952351155,1.2727160798089556,3.113093562239211,False,-0.00024310952223131248,22.172640364514205,12.081047648844212,0.2888888888887683,14,3,ema_ribbon_bounce_long,1.27448,TIME,2023-08-17 22:45:00+00:00,-13.600000000000277,-163.46446560000336,480,False
2023-08-18 08:30:00+00:00,21,GBP_USD,SHORT,1.2720999999999998,1.2748447341602394,1.2705490370479096,1.2705490370479096,1.2705490370479096,148552.74,4,LONDON,1.5,0.000870481476045148,37.8855940742342,40.68072458950013,1.2738108650380742,1.2734800446599985,1.3477107600978755,False,-5.896398789275565e-05,55.95422233641531,-15.208650380742483,0.19565217391287035,8,4,ema_ribbon_bounce_short,1.2705490370479096,TP3,2023-08-18 11:00:00+00:00,15.50963056495099,230.39981168112175,150,True
2023-08-21 03:45:00+00:00,21,GBP_USD,SHORT,1.27335,1.27415713831193,1.2726141544210001,1.2726141544210001,1.2726141544210001,508019.22,4,ASIAN,1.5,0.0004929227895000251,17.42308683764207,45.58175508312867,1.2737533599469713,1.2734654863470263,5.629240689182247,False,-4.803772405546686e-05,39.97262722755173,-1.533599469711877,0.916666666666127,3,0,ema_ribbon_bounce_short,1.27415713831193,SL,2023-08-21 05:00:00+00:00,-8.071383119299114,-410.0417756587502,75,False
2023-08-22 17:30:00+00:00,21,GBP_USD,SHORT,1.27361,1.276364246217706,1.2719168636053386,1.2719168636053386,1.2719168636053386,147387.46,5,NY,1.5,0.0009715681973306922,29.28691568554802,46.537430072539706,1.2750221262082067,1.2750600101246974,-11.982617893777636,False,0.00023413096683824763,66.53699681521941,-11.621262082066597,0.5454545454545914,17,1,ema_ribbon_bounce_short,1.27432,TIME,2023-08-23 01:30:00+00:00,-7.099999999999884,-104.64509659999828,480,False
2023-08-23 23:45:00+00:00,21,GBP_USD,LONG,1.27221,1.270632768814325,1.2732324795930043,1.2732324795930043,1.2732324795930043,256712.46,4,NY,1.5,0.0006362397965021703,16.040771505008987,54.24587177929405,1.271069140702058,1.27221373457091,37.90308112713303,False,-0.0001542728315519793,26.202501202507126,8.908592979419705,0.2786885245901699,23,2,ema_ribbon_bounce_long,1.270632768814325,SL,2023-08-24 01:30:00+00:00,-15.772311856749875,-404.8948976633428,105,False
2023-08-24 04:00:00+00:00,21,GBP_USD,LONG,1.2720600000000002,1.2707075097372538,1.2730489001387355,1.2730489001387355,1.2730489001387355,296376.22,3,ASIAN,1.5,0.0006194500693677202,23.467747024177743,53.53579280872596,1.271264815775444,1.2720980004821558,29.15281475439624,False,2.0207853146163793e-05,46.1385836385835,5.451842245560723,0.49382716049406067,4,3,ema_ribbon_bounce_long,1.2707075097372538,SL,2023-08-24 06:30:00+00:00,-13.524902627464195,-400.84595165959064,150,False
2023-08-25 16:30:00+00:00,21,GBP_USD,SHORT,1.2580099999999999,1.2620530695933418,1.2547899704245578,1.2547899704245578,1.2547899704245578,98152.53,3,OVERLAP,1.5,0.0017050147877211458,16.646423515682933,47.545165881880465,1.2591141110992083,1.263271827636591,-12.678770285239338,False,-0.00015018240223497662,88.0405527179628,-9.14111099208359,0.7058823529410843,16,4,ema_ribbon_bounce_short,1.25948,TIME,2023-08-28 00:30:00+00:00,-14.700000000000822,-144.28421910000807,3360,False
2023-08-31 17:45:00+00:00,21,GBP_USD,SHORT,1.2663,1.2696526833256048,1.264362830146138,1.264362830146138,1.264362830146138,117933.79,5,NY,1.5,0.001093584926931042,21.80614479932052,45.854146851900545,1.26803085642591,1.267516727643781,-10.55230410789365,False,0.0001477702258380698,72.84472049689701,-14.808564259098933,0.9710144927534367,17,3,ema_ribbon_bounce_short,1.26706,END,2023-08-31 23:45:00+00:00,-7.6000000000009384,-89.62968040001107,360,False
