timestamp,strategy_id,pair,signal_direction,entry_price,sl_price,tp1_price,tp2_price,tp3_price,lot_size,confluence_score,session,spread_at_entry,atr_at_entry,adx_at_entry,rsi_at_entry,ema_50_value,ema_200_value,vwap_deviation,news_within_60min,macd_hist_at_entry,stoch_k_at_entry,distance_from_ema50_pips,candle_body_ratio,hour_of_day,day_of_week,exit_price,exit_reason,exit_time,pnl_pips,pnl_dollars,hold_time_minutes,win
2021-01-06 13:45:00+00:00,2,GBP_USD,LONG,1.35667,1.3555664229783138,1.3634971711687691,1.3643902458333839,1.3661763951626136,906144.27,2,OVERLAP,1.5,0.001787154043372586,40.42206009519644,27.191276241611575,1.3628783357952492,1.3620294120450924,-70.1717116876921,False,-0.0008526655166046969,16.999393931997908,-63.98335795249288,0.9957894736842298,13,2,1.3555664229783138,SL,2021-01-06 14:00:00+00:00,-11.035770216862861,-999.9999947046939,15,False
2021-01-08 09:45:00+00:00,2,GBP_USD,SHORT,1.35984,1.3612711893776206,1.3578875106808987,1.35738939747679,1.3563931710685728,691732.36,2,LONDON,1.5,0.0010023787552412779,32.20710672504867,70.99866014871728,1.3571123342568705,1.3583738837450032,21.42489319101326,False,0.00022882611828376777,90.3640650926112,29.176657431295716,0.8363636363635887,9,4,1.3612711893776206,SL,2021-01-08 13:30:00+00:00,-14.311893776206562,-990.0000057884678,225,False
2021-01-12 09:45:00+00:00,2,GBP_USD,SHORT,1.3600299999999999,1.3612705175719104,1.3567775985198711,1.3559436396800155,1.354275722000304,790073.45,2,LONDON,1.5,0.0012810351438207637,48.645846863760454,78.32480023155692,1.353888270516797,1.353485255973597,34.42401480128865,False,0.0004574567075498856,90.16252009259074,63.31729483203041,0.7709497206703737,9,1,1.3612705175719104,SL,2021-01-12 15:15:00+00:00,-12.40517571910571,-980.0999978250079,330,False
2021-01-15 12:00:00+00:00,2,GBP_USD,LONG,1.36278,1.361432142146151,1.3648010794303445,1.3651685653897145,1.3659035373084545,719882.29,2,LONDON,1.5,0.000995715707698025,35.94945217082639,27.788380460717235,1.3661263990802945,1.3655308528832708,-22.11079430344487,False,-0.00010463216534595178,15.629538352513052,-35.36399080294572,0.5720720720721477,12,4,1.361432142146151,SL,2021-01-15 12:30:00+00:00,-13.478578538490549,-970.2989984233429,30,False
2021-01-15 13:45:00+00:00,2,GBP_USD,LONG,1.3607200000000002,1.359956524958265,1.363892414051303,1.3645514229140148,1.3658694406394387,1258189.15,2,OVERLAP,1.5,0.0011469500834699058,45.46611804243207,26.051746897986476,1.3651406438551643,1.3652994064142752,-33.62414051302886,False,-0.0001681887696993239,49.86784140969129,-46.10643855164298,0.9956331877729939,13,4,1.359956524958265,SL,2021-01-15 14:00:00+00:00,-7.634750417351288,-960.5960138069362,15,False
2021-01-15 14:45:00+00:00,2,GBP_USD,LONG,1.3601900000000002,1.3588030494932581,1.3633188123093767,1.3641431162078175,1.3657917240046993,685669.78,2,OVERLAP,1.5,0.0011939010134835414,44.070119761873045,26.90717255716706,1.364476131730143,1.36511729105583,-33.18812309376584,False,-0.00016958671835830578,31.846323224525065,-44.7613173014294,0.6643356643357523,14,4,1.3588030494932581,SL,2021-01-15 15:00:00+00:00,-13.869505067420905,-950.9900488287378,15,False
2021-01-15 16:00:00+00:00,2,GBP_USD,LONG,1.3581200000000002,1.3565437530316615,1.36229896257105,1.363388049038793,1.365566221974279,597292.28,2,OVERLAP,1.5,0.0013324939366769655,49.21494127385383,21.761593966094395,1.363427071569869,1.3648046276050367,-43.68962571049906,False,-0.0002330265862286753,29.970141207582117,-54.97071569869005,0.4112149532709757,16,4,1.3565437530316615,SL,2021-01-18 04:15:00+00:00,-15.762469683386902,-941.4801455621042,3615,False
2021-01-18 08:45:00+00:00,2,GBP_USD,LONG,1.3529300000000002,1.3518971285090042,1.354138306153345,1.3544441230675441,1.3550557568959423,902402.05,2,LONDON,1.5,0.0009457429819915553,40.09752660958952,21.106092257591314,1.357217466169172,1.3612478168116424,-13.983061533449082,False,-0.0002993777652496336,15.102669134928007,-44.77466169171995,0.6302083333333243,8,0,1.3536882338291278,TP1+TP2+SL,2021-01-18 10:45:00+00:00,12.478312246819167,1126.0454552069723,120,True
2021-01-20 10:30:00+00:00,2,GBP_USD,SHORT,1.3703299999999998,1.3711185691957677,1.3684171660088649,1.3679287823052715,1.3669520148980847,1196249.88,2,LONDON,1.5,0.0010371383915353367,51.47892287424516,71.84859915916024,1.366034320033583,1.3627051593901272,21.02833991135089,False,0.00022817456477922245,65.6449080189754,44.85679966417022,0.9497206703911031,10,2,1.3711185691957677,SL,2021-01-20 10:45:00+00:00,-7.885691957678631,-943.3258058090026,15,False
2021-01-26 12:30:00+00:00,2,GBP_USD,SHORT,1.36946,1.3702946909878755,1.3654939999979536,1.3644629453073502,1.3624008359261432,1118848.24,2,LONDON,1.5,0.0011293819757513593,47.4004404781101,70.8120645330981,1.3659471190468648,1.367143684396987,41.560000020464116,False,0.0005255838158256446,85.274693260427,37.02880953135201,0.8481012658228845,12,1,1.3702946909878755,SL,2021-01-26 13:30:00+00:00,-8.346909878755858,-933.8925427284606,60,False
2021-01-27 13:30:00+00:00,2,GBP_USD,LONG,1.36891,1.3674852911441981,1.3720033036935189,1.3727626965043527,1.3742814821260205,648942.14,2,OVERLAP,1.5,0.0012494177116034928,33.948414429668766,29.730574258255317,1.372436698843719,1.3708329586567947,-32.83303693518924,False,-0.0003534259512195235,29.693545193543116,-37.166988437191684,0.5659340659340653,13,2,1.3674852911441981,SL,2021-01-27 14:30:00+00:00,-14.24708855801926,-924.5536137610534,60,False
2021-01-27 14:30:00+00:00,2,GBP_USD,LONG,1.36671,1.3655007127334822,1.3712286872672907,1.3721438738919804,1.3739742471413596,756898.8,2,OVERLAP,1.5,0.0013985745330358963,42.09069329825957,26.503351467630964,1.371851259924276,1.3707418537039484,-47.086872672907894,False,-0.0003382580262108613,27.19429691773907,-53.31259924276077,0.888524590163932,14,2,1.3716785938946394,TP1+TP2+SL,2021-01-27 19:15:00+00:00,49.064885800343525,3713.715318441705,285,True
2021-02-08 10:15:00+00:00,2,GBP_USD,LONG,1.36925,1.3681077977055103,1.3710708404658627,1.3715177630707704,1.372411608280586,833867.38,2,LONDON,1.5,0.0009044045889792826,49.27755868656232,26.5614911466311,1.3721466160427782,1.369919552750024,-20.10840465862751,False,-0.000319286790742638,17.596333213076388,-30.866160427782674,0.6200000000000644,10,0,1.3681077977055103,SL,2021-02-08 12:00:00+00:00,-11.422022944898025,-952.4452347362001,105,False
2021-02-16 14:30:00+00:00,2,GBP_USD,LONG,1.38785,1.3869145557084588,1.3912846198646582,1.3920530331046008,1.393589859584486,1007992.45,2,OVERLAP,1.5,0.0011308885830824242,57.2699780462698,24.67962259953292,1.391801606899789,1.3895698719712548,-36.2461986465834,False,-0.0004597356147051344,23.376986336642386,-41.416068997890406,0.6470588235294579,14,1,1.3869145557084588,SL,2021-02-16 14:45:00+00:00,-9.354442915412431,-942.9207832691718,15,False
2021-02-18 13:30:00+00:00,2,GBP_USD,SHORT,1.39767,1.3992253449817935,1.393044374962968,1.3918814453817778,1.3895555862193973,600182.97,2,OVERLAP,1.5,0.001270689963587249,75.58339255964611,83.41337734240068,1.3904406955498232,1.3884647798068515,48.15625037032145,False,0.00021759686803665083,84.93313164754353,74.19304450176911,0.5596707818930312,13,3,1.39767,TP1+SL,2021-02-18 20:15:00+00:00,23.128125185160055,1388.110686416116,405,True
2021-02-19 12:45:00+00:00,2,GBP_USD,SHORT,1.4014199999999999,1.4022986827116812,1.3994466133937908,1.3991611137258246,1.3985901143898922,1078173.81,2,LONDON,1.5,0.0009973654233626865,30.733964843274357,70.95215571597602,1.3981807807425302,1.3939041536816208,21.633866062091833,False,4.7939533134730254e-05,82.40524907191616,34.29219257469862,0.8418604651163698,12,4,1.4022986827116812,SL,2021-02-19 13:00:00+00:00,-8.786827116813445,-947.3726870346068,15,False
2021-02-24 13:45:00+00:00,2,GBP_USD,LONG,1.4099300000000001,1.4083762452930637,1.4147709131269317,1.4160221004716884,1.4185244751612016,603633.86,2,OVERLAP,1.5,0.0013875094138726936,39.78166938144269,28.384125096711557,1.414285316590153,1.4101771624852903,-50.30913126931713,False,-0.0004270296375258238,14.120172577080362,-45.453165901530035,0.6331658291456979,13,2,1.4083762452930637,SL,2021-02-24 16:15:00+00:00,-15.537547069364166,-937.8989512411979,150,False
2021-03-04 15:30:00+00:00,2,GBP_USD,SHORT,1.3989999999999998,1.400475264998052,1.3951546402997512,1.3943549009843628,1.3927554223535856,629391.99,2,OVERLAP,1.5,0.001290529996104252,55.230443694403206,75.40236683823449,1.3953161852435938,1.395096031965215,40.353597002487085,False,0.00037642868000104966,70.52502616193136,38.73814756406135,0.5599999999999935,15,3,1.400475264998052,SL,2021-03-04 16:30:00+00:00,-14.752649980522836,-928.5199729014729,60,False
2021-03-04 16:30:00+00:00,2,GBP_USD,SHORT,1.40038,1.402397008892372,1.395738808334779,1.3947567838864774,1.392792734989874,455741.55,2,OVERLAP,1.5,0.0013740177847442235,63.557348615499734,75.63637643317186,1.3959109481696783,1.3952616129296596,48.31191665221057,False,0.0003354198568450723,69.71063766003034,46.590518303217806,0.5584905660377829,16,3,1.392792734989874,TP3,2021-03-04 17:45:00+00:00,54.26811223862238,2473.223358720373,75,True
2021-03-05 08:45:00+00:00,2,GBP_USD,LONG,1.3841,1.3830826729386083,1.3853192216852437,1.385589150713148,1.3861290087689564,927889.4,2,LONDON,1.5,0.0012146541227836408,56.04739056021935,22.661257093021234,1.388809738025068,1.3922906549169856,-14.092216852437112,False,-0.00038649372979174636,19.42836394509325,-48.99738025067934,0.8128654970760826,8,4,1.3830826729386083,SL,2021-03-05 09:15:00+00:00,-10.173270613917927,-943.9669965985938,30,False
2021-03-12 11:30:00+00:00,2,GBP_USD,LONG,1.3895000000000002,1.3885565263897528,1.3927496239856212,1.393355195228134,1.3945663377131594,990517.72,2,LONDON,1.5,0.0011269472204942395,54.50562393385907,23.63742392317947,1.3949697166381003,1.394186332406092,-34.39623985621143,False,-0.00013400345045803627,27.076226021515538,-56.59716638100276,0.7610294117646963,11,4,1.3885565263897528,SL,2021-03-12 11:45:00+00:00,-9.434736102473806,-934.527329302404,15,False
2021-03-12 14:00:00+00:00,2,GBP_USD,LONG,1.3874700000000002,1.3865029486755036,1.3912017602518503,1.392106566176977,1.39391617802723,956704.19,2,OVERLAP,1.5,0.0012941026489931488,49.97041416563156,28.681522556454553,1.3930797745241497,1.3937189195587094,-39.217602518502034,False,-8.279960166405554e-05,22.91812443174768,-57.99774524149592,0.731843575418968,14,4,1.3865029486755036,SL,2021-03-12 14:30:00+00:00,-9.670513244965928,-925.1820540909399,30,False
2021-03-16 08:45:00+00:00,2,GBP_USD,LONG,1.3820700000000001,1.3810825517994683,1.3830783687673849,1.3832867385869354,1.3837034782260367,927572.95,2,LONDON,1.5,0.0010348964010631861,50.8692433654637,26.723390379547354,1.3867885710272516,1.3900238421381015,-11.98368767384883,False,-0.0002555924828140442,45.281405610918824,-49.08571027251618,0.7741935483871661,8,1,1.3810825517994683,SL,2021-03-16 09:15:00+00:00,-9.874482005318706,-915.9302403395388,30,False
2021-03-23 09:15:00+00:00,2,GBP_USD,LONG,1.3789200000000001,1.3775575117774363,1.3810967161204915,1.381666100596552,1.382804869548673,665525.7,2,LONDON,1.5,0.001164976445127194,43.24448620945198,22.11313806441251,1.3836851059283837,1.3859857456448845,-23.66716120491441,False,-0.0004438350555922457,9.934617782679904,-49.55105928383663,0.6815920398010187,9,1,1.3775575117774363,SL,2021-03-23 09:30:00+00:00,-13.624882225637958,-906.770928063526,15,False
2021-03-29 08:15:00+00:00,2,GBP_USD,SHORT,1.3823199999999998,1.3832012038560881,1.3807377161502352,1.3805577749695068,1.3801978926080498,1018723.67,2,LONDON,1.5,0.0011624077121765671,49.43182201087624,80.16082936515241,1.3781095286406138,1.3765535713046515,17.722838497646887,False,0.0005784337430540652,86.78556041571896,44.00471359386149,0.698254364089742,8,0,1.3832012038560881,SL,2021-03-29 08:30:00+00:00,-8.812038560883638,-897.70322629249,15,False
2021-03-31 08:45:00+00:00,2,GBP_USD,SHORT,1.37807,1.3788533133141383,1.3765823567190443,1.376163010013544,1.3753243166025433,1134573.07,2,LONDON,1.5,0.0010466266282763196,43.17903284975334,73.64329093441665,1.374086741939492,1.3750660565475725,16.77643280955765,False,0.0004474191379317499,93.90823040924721,41.73258060508056,0.7088607594936157,8,2,1.3788533133141383,SL,2021-03-31 09:00:00+00:00,-7.833133141383897,-888.7261915938673,15,False
2021-04-01 15:00:00+00:00,2,GBP_USD,SHORT,1.3824299999999998,1.3834220348625492,1.3796388219745388,1.3789082340207783,1.3774470581132576,886903.24,2,OVERLAP,1.5,0.0011840697250985917,49.36368302406337,70.18227034073598,1.378961705966674,1.3774354575810064,29.81178025461162,False,0.000271564515827498,53.76562488624946,36.5829403332607,0.8227848101267922,15,3,1.3834220348625492,SL,2021-04-01 16:00:00+00:00,-9.920348625493956,-879.8389337880137,60,False
2021-04-05 15:15:00+00:00,2,GBP_USD,SHORT,1.3904999999999998,1.3917648312753497,1.3875950975237852,1.3868932840498756,1.3854896571020565,688661.45,2,OVERLAP,1.5,0.0008696625506996048,65.76243997155927,77.84746695768189,1.3863501930714708,1.3833582932471067,30.949024762148003,False,0.00015400435236712388,59.16430862101524,43.398069285291996,0.5244755244755288,15,0,1.3917648312753497,SL,2021-04-06 05:45:00+00:00,-12.648312753498201,-871.0405400877564,870,False
2021-04-06 09:15:00+00:00,2,GBP_USD,LONG,1.38332,1.3823369404832928,1.3851803014597002,1.3855333694287166,1.3862395053667496,877190.16,2,LONDON,1.5,0.0011861190334143071,69.54186457713975,25.995082151219137,1.3886194708975022,1.3865214680572704,-20.50301459700199,False,-0.0005278457634408321,28.116470961598747,-54.8947089750218,0.8537414965986603,9,1,1.3823369404832928,SL,2021-04-06 09:30:00+00:00,-9.830595167072964,-862.3301347499961,15,False
2021-04-12 12:30:00+00:00,2,GBP_USD,SHORT,1.3769699999999998,1.377658849014024,1.3751948083771683,1.3747462196034772,1.3738490420560951,1239323.59,3,LONDON,1.5,0.0009976980280482987,48.646707309228574,71.29018957581138,1.3730085108189123,1.3730134861753365,19.65191622831597,False,-2.375722094902894e-05,38.33453151209785,41.51489181087653,0.8842105263157329,12,0,1.377658849014024,SL,2021-04-12 12:45:00+00:00,-6.888490140242175,-853.7068330284537,15,False
2021-04-19 10:45:00+00:00,2,GBP_USD,SHORT,1.3916,1.3929259843902593,1.388801649514002,1.3883095500298335,1.3873253510614965,637390.43,2,LONDON,1.5,0.0012919687805187949,51.91827401835998,75.54684310562219,1.385729719692716,1.3814086901736307,29.883504859979926,False,0.00025336417086672383,81.9893783486905,60.60280307284005,0.6614420062696047,10,0,1.3929259843902593,SL,2021-04-19 11:45:00+00:00,-13.25984390259327,-845.1697606806804,60,False
2021-04-19 11:45:00+00:00,2,GBP_USD,SHORT,1.39272,1.3938070751814402,1.3896712066966777,1.3889619012637002,1.3875432903977452,769696.6,2,LONDON,1.5,0.0013141503628799885,55.220312790679515,73.6036483715501,1.3865970129541294,1.381807582952444,32.3879330332244,False,0.00022062820390548001,62.9594376751136,63.12987045870688,0.867521367521449,11,0,1.3938070751814402,SL,2021-04-19 12:15:00+00:00,-10.870751814402446,-836.7180710989394,30,False
2021-04-19 12:45:00+00:00,2,GBP_USD,SHORT,1.39617,1.3975994917288919,1.3905801541433231,1.389513615882643,1.387380539361283,579472.32,2,LONDON,1.5,0.0013989834577836195,61.99241509433501,80.28839271015524,1.3877447149545117,1.382298430706587,57.798458566769014,False,0.0004033809454893854,91.65937120725283,86.15285045488363,0.7620481927711299,12,0,1.3975994917288919,SL,2021-04-19 14:30:00+00:00,-14.294917288919518,-828.3508885618303,105,False
2021-04-19 14:45:00+00:00,2,GBP_USD,SHORT,1.39848,1.4000218896878764,1.3923861244940523,1.3908352136529756,1.3877333919708223,531858.66,2,OVERLAP,1.5,0.00152377937575307,57.98511772958733,75.80963201118438,1.3901431409142702,1.383384995091772,62.838755059477776,False,0.0002142984770591872,88.34827586511842,85.2685908572992,0.46724890829701815,14,0,1.4000218896878764,SL,2021-04-20 03:00:00+00:00,-15.418896878764965,-820.0673832618118,735,False
2021-04-22 12:00:00+00:00,2,GBP_USD,LONG,1.3870600000000002,1.3861746678578692,1.3901981306937155,1.3906425069366823,1.3915312594226161,917019.35,2,LONDON,1.5,0.0012506642842613851,43.33202746158986,26.899735066817513,1.3918187478694393,1.3926425259795754,-33.28130693715403,False,-0.00022084167833682513,12.922477076363492,-49.48747869439218,0.9732824427480867,12,3,1.3861746678578692,SL,2021-04-22 12:45:00+00:00,-8.853321421309346,-811.8667055110172,45,False
2021-04-22 13:15:00+00:00,2,GBP_USD,LONG,1.38562,1.384720062962887,1.3890248507189955,1.3898248002014817,1.3914246991664538,893115.86,2,OVERLAP,1.5,0.0012798740742255106,57.75344345493029,23.83707818393846,1.3908529046390525,1.3923434297706707,-35.94850718995568,False,-0.0003940033471282428,14.874552313624344,-54.229046390525944,0.6108374384237164,13,3,1.384720062962887,SL,2021-04-22 13:45:00+00:00,-8.999370371129965,-803.7480408470259,30,False
2021-04-22 13:45:00+00:00,2,GBP_USD,LONG,1.3849300000000002,1.38352125326902,1.3884486666698856,1.3893593510685165,1.3911807198657784,564835.78,2,OVERLAP,1.5,0.001297493461959761,61.9953225803942,21.83062103426306,1.390408859684108,1.3921996678881299,-37.08666669885563,False,-0.00039428751116723235,13.749947811825693,-56.688596841079075,0.4347826086955742,13,3,1.38352125326902,SL,2021-04-22 14:15:00+00:00,-14.087467309802369,-795.7105586156724,30,False
2021-04-30 12:30:00+00:00,2,GBP_USD,LONG,1.38843,1.3872523541131494,1.3908737854524904,1.3911847627000138,1.3918067171950605,668922.18,2,LONDON,1.5,0.0010352917737011791,30.712201053814738,26.23982825072916,1.3923837870980682,1.3929477914025161,-26.33785452490489,False,-0.0001091722453581041,19.35805668682314,-41.43787098068285,0.813953488372081,12,4,1.3872523541131494,SL,2021-04-30 12:45:00+00:00,-11.776458868506534,-787.7534539001725,15,False
2021-04-30 14:00:00+00:00,2,GBP_USD,LONG,1.3847600000000002,1.3837988460244477,1.3896053439638663,1.3903752948027988,1.391915196480664,811395.4,2,OVERLAP,1.5,0.0013623079511044032,56.67536857731931,16.528432415617928,1.3912703407197782,1.3926136761148846,-50.35343963866179,False,-0.00041761224745721806,30.12847264509735,-67.00340719778097,0.9647435897435724,14,4,1.3837988460244477,SL,2021-04-30 15:00:00+00:00,-9.611539755525198,-779.8759144550272,60,False
2021-05-03 12:15:00+00:00,2,GBP_USD,SHORT,1.38845,1.3892183150257136,1.385982051995602,1.3854165808118382,1.3842856384443105,1004896.6,2,LONDON,1.5,0.0009366300514272071,46.09034860025471,75.39864253777975,1.3846022018730244,1.3871288800767763,26.57948004398003,False,0.00013368158381111606,46.547543265516225,40.37798126975689,0.9009433962264947,12,0,1.3892183150257136,SL,2021-05-03 12:30:00+00:00,-7.683150257136173,-772.0771570685266,15,False
2021-05-03 13:15:00+00:00,2,GBP_USD,SHORT,1.38919,1.3899677806239434,1.3863902475505796,1.385713538024807,1.3843601189732617,982740.33,2,OVERLAP,1.5,0.0010355612478866365,56.3897721202644,72.47269270670266,1.38516107649127,1.387177070289097,29.897524494204575,False,0.00013374739098738443,70.21276595744634,42.18923508729988,0.839080459770109,13,0,1.3899677806239434,SL,2021-05-03 13:45:00+00:00,-7.777806239435137,-764.3563870418545,30,False
2021-05-03 13:45:00+00:00,2,GBP_USD,SHORT,1.39007,1.3911939537012572,1.386785619185671,1.3860043794409582,1.384441899951533,673259.78,2,OVERLAP,1.5,0.001067907402514492,62.79631227560404,75.71609085420334,1.3855203708787158,1.3872295463111939,34.74380814329159,False,0.00019027291483365762,89.61724642575653,47.39629121284228,0.6312056737589457,13,0,1.3911939537012572,SL,2021-05-03 14:00:00+00:00,-11.239537012572853,-756.7128216386657,15,False
2021-05-10 08:15:00+00:00,2,GBP_USD,SHORT,1.4082199999999998,1.408985533322859,1.4073925133951186,1.4071989476496585,1.406811816158738,978593.19,2,LONDON,1.5,0.001011066645717719,52.62893220333183,73.4082598064608,1.403102159449786,1.3965768003642294,10.174866048813236,False,0.0002478662575249842,83.97856242118299,53.07840550214049,0.8709677419354931,8,0,1.408985533322859,SL,2021-05-10 08:30:00+00:00,-7.655333228591132,-749.1456964679995,15,False
2021-05-10 11:30:00+00:00,2,GBP_USD,SHORT,1.4116399999999998,1.4124770969113065,1.4091293641152527,1.4085827775011421,1.4074896042729208,885983.72,2,LONDON,1.5,0.0010941938226134145,59.880099394772955,77.72195860757773,1.4057849080810978,1.3981678366381398,27.006358847472267,False,0.00010281939575073522,80.86967706179233,60.450919189021235,0.7608695652173729,11,0,1.4124770969113065,SL,2021-05-10 12:15:00+00:00,-8.37096911306734,-741.6542354800501,45,False
2021-05-10 12:15:00+00:00,2,GBP_USD,SHORT,1.4128999999999998,1.4136860010620047,1.409587428253771,1.4088856520125106,1.40748209952999,934143.39,2,LONDON,1.5,0.0011120021240093537,61.29808495327258,76.65499440527688,1.4064875294632766,1.3985759595703189,35.025717462289215,False,0.00015185079602447987,87.31313599412992,66.0247053672336,0.9154929577463929,12,0,1.4136860010620047,SL,2021-05-10 12:30:00+00:00,-7.860010620048817,-734.2376966048405,15,False
2021-05-13 10:00:00+00:00,2,GBP_USD,LONG,1.40118,1.4000736565733216,1.4036120304037707,1.4041368717331126,1.4051865543917967,657025.03,2,LONDON,1.5,0.0012126868533564304,49.059631183606754,26.948928281627516,1.4054867300821547,1.4082270955268366,-26.220304037707365,False,-0.00035363618769722305,19.107125039814832,-44.96730082154787,0.744791666666633,10,3,1.4030008433467545,TP1+TP2+SL,2021-05-13 12:00:00+00:00,25.240468104878456,1658.3619313821812,120,True
2021-05-20 15:30:00+00:00,2,GBP_USD,SHORT,1.41743,1.4187387712001316,1.413621309417951,1.412837295220325,1.411269266825073,568074.04,2,OVERLAP,1.5,0.0012175424002633657,38.5448385128079,73.50042633655073,1.4135513852252757,1.4141071286716145,39.98690582049047,False,0.0002952613181796779,78.77366490447285,40.68614774724421,0.617647058823603,15,3,1.4187387712001316,SL,2021-05-20 18:00:00+00:00,-13.087712001316198,-743.4789430944179,150,False
2021-05-21 16:00:00+00:00,2,GBP_USD,LONG,1.4152900000000002,1.4144258751098837,1.4189491981500584,1.4198650837323836,1.4216968548970341,851779.83,2,OVERLAP,1.5,0.0011282497802323685,49.82288935438092,29.882750342270967,1.4183894812834734,1.4169383628836518,-38.49198150058353,False,-0.00034559592767170245,22.863178282938094,-32.89481283473394,0.6025641025640625,16,4,1.4144258751098837,SL,2021-05-21 16:45:00+00:00,-8.641248901164467,-736.0441520021556,45,False
2021-05-21 16:45:00+00:00,2,GBP_USD,LONG,1.4147,1.4134627414782852,1.4187692795995177,1.419792724014034,1.4218396128430668,588950.24,2,OVERLAP,1.5,0.001094517043429501,56.70460150278723,29.770323008309674,1.4180300738292164,1.4168876627287246,-42.59279599517773,False,-0.0002606704883924537,23.563463772433266,-35.20073829216486,0.6437500000000356,16,4,1.4134627414782852,SL,2021-05-24 08:30:00+00:00,-12.372585217148568,-728.6837033060101,3825,False
2021-05-25 12:45:00+00:00,2,GBP_USD,LONG,1.4142700000000001,1.4130032446400727,1.4170505174860077,1.4176006902368463,1.4187010357385235,569483.97,2,LONDON,1.5,0.0010535107198544665,37.64633809716912,27.72797322439878,1.4170810164169623,1.4163389889724285,-29.7051748600774,False,-0.0002672792116262615,26.06442330279813,-30.010164169622655,0.7843137254901807,12,1,1.4130032446400727,SL,2021-05-25 13:15:00+00:00,-12.66755359927485,-721.3968713902831,30,False
2021-05-25 13:45:00+00:00,2,GBP_USD,LONG,1.41307,1.4116539093129197,1.4162410938415821,1.417059794398709,1.418697195512963,504334.16,2,OVERLAP,1.5,0.0011321813741608472,50.66855858399576,27.858623684465968,1.416534641415905,1.416223612505683,-33.6109384158223,False,-0.00037315092220318354,19.672602686517042,-36.54641415905102,0.580419580419639,13,1,1.4116539093129197,SL,2021-05-25 15:45:00+00:00,-14.160906870803736,-714.182907152503,120,False
2021-05-27 11:00:00+00:00,2,GBP_USD,SHORT,1.4167699999999999,1.4185362667994927,1.4132235191834295,1.4128267666668934,1.4120332616338211,400302.53,2,LONDON,1.5,0.0013325335989853738,34.680124370482716,71.13505253870045,1.4122031097993992,1.4134575855189875,37.3648081657052,False,0.0003061109513854184,66.1750550054996,47.56890200600772,0.7589134125636692,11,3,1.4185362667994927,SL,2021-05-27 14:15:00+00:00,-17.66266799492877,-707.0410684920015,195,False
2021-05-28 12:45:00+00:00,2,GBP_USD,LONG,1.41433,1.4134138765375155,1.4173935894212364,1.418102099493304,1.419519119637439,764057.13,2,LONDON,1.5,0.0010122469249691417,45.67903299888434,19.113221898219706,1.4180385072069077,1.4168079058902683,-32.535894212364354,False,-0.0003638692400528006,14.418927898808812,-38.98507206907764,0.7943262411348088,12,4,1.419519119637439,TP3,2021-05-28 16:15:00+00:00,36.30397478890368,2773.83107848021,210,True
2021-05-31 14:45:00+00:00,2,GBP_USD,SHORT,1.4211399999999998,1.4220456568834317,1.4176558061033009,1.4173209147865655,1.4166511321530946,803515.09,2,OVERLAP,1.5,0.0008913137668633495,39.69877770949042,75.827814683432,1.4181263304863359,1.4177677920351286,36.74193896699096,False,0.0002279029124460631,80.04548184548248,32.03669513664131,0.8920863309352373,14,0,1.4220456568834317,SL,2021-05-31 23:15:00+00:00,-9.056568834318046,-727.708972199826,510,False
2021-06-03 10:00:00+00:00,2,GBP_USD,SHORT,1.41956,1.4207180434849846,1.4180123764639614,1.4176209361615644,1.4168380555567701,622111.25,2,LONDON,1.5,0.0009160869699689974,43.59947838931005,70.05289503426584,1.4167820229548498,1.4168541864765176,17.376235360386794,False,0.0004050024006660704,74.1290143238183,29.67977045150283,0.6558441558442298,10,3,1.4185120983431196,TP1+TP2+SL,2021-06-03 11:15:00+00:00,16.096693600037625,1001.3934176386408,75,True
2021-06-10 12:30:00+00:00,2,GBP_USD,SHORT,1.4137899999999999,1.4150123966633223,1.4102170903257436,1.4098243307420473,1.4090388115746548,597552.2,2,LONDON,1.5,0.0012647933266447563,30.187484107906936,74.70993000572916,1.4105684196883177,1.4128088154763812,37.629096742564094,False,0.00042313623173752545,85.13108123076181,34.11580311682316,0.5385906040268379,12,3,1.4150123966633223,SL,2021-06-10 12:45:00+00:00,-12.223966633224668,-730.4458154409994,15,False
2021-06-15 11:15:00+00:00,2,GBP_USD,LONG,1.4049800000000001,1.4038341041667024,1.408419695024002,1.4091030056615979,1.4104696269367896,631070.76,2,LONDON,1.5,0.0009517916665950251,42.08425112985822,22.324882886993464,1.4098594081475833,1.411258169569953,-36.29695024002011,False,-0.00030552332074994097,41.6796114771336,-50.69408147583276,0.8545994065281639,11,1,1.4038341041667024,SL,2021-06-15 11:45:00+00:00,-11.458958332977163,-723.1413544000233,30,False
2021-06-17 12:45:00+00:00,2,GBP_USD,LONG,1.3929300000000002,1.391568596935315,1.396372232231012,1.3972191050215774,1.3989128506027086,525861.86,2,LONDON,1.5,0.001322806129369879,31.467005148748363,28.838129957254324,1.3977975156994855,1.4037039059883027,-36.32232231011834,False,-0.0001008321011670536,41.083230759342364,-50.57515699485426,0.8299999999999904,12,3,1.391568596935315,SL,2021-06-17 15:45:00+00:00,-13.614030646851294,-715.9099478050224,180,False
2021-06-17 16:15:00+00:00,2,GBP_USD,LONG,1.39026,1.389107450908887,1.3951761169390429,1.3962243207642366,1.3983207284146244,614942.0,2,OVERLAP,1.5,0.0014050981822261905,27.886489793406994,28.538898334042855,1.395837160709133,1.4023521169526016,-51.061169390429484,False,-0.00026069115063985255,13.793905591322135,-57.6716070913319,0.8737864077670228,16,3,1.389107450908887,SL,2021-06-18 06:00:00+00:00,-11.525490911130643,-708.75084318725,825,False
2021-06-18 14:00:00+00:00,2,GBP_USD,LONG,1.38331,1.381653586713769,1.3869271545859734,1.3878054673092,1.389562092755653,423604.03,2,OVERLAP,1.5,0.0014328265724622951,62.256914948184246,28.6151393590185,1.3887648584616223,1.395267500830935,-38.07154585973471,False,-0.0004412009956298163,26.342857012346254,-56.44858461622437,0.523809523809549,14,4,1.381653586713769,SL,2021-06-18 14:15:00+00:00,-16.564132862311176,-701.663343393045,15,False
2021-06-18 14:45:00+00:00,2,GBP_USD,LONG,1.38088,1.3796469570007834,1.3860261330016423,1.3871083790299021,1.389272871086422,563359.68,2,OVERLAP,1.5,0.0015260859984328426,72.06072184162578,24.59275073453945,1.3879983051251135,1.3948755093521732,-53.361330016423736,False,-0.000484436131205178,20.154769150507992,-73.0830512511349,0.8875502008031942,14,4,1.3796469570007834,SL,2021-06-18 15:00:00+00:00,-12.330429992166712,-694.6467094649443,15,False
2021-06-21 14:00:00+00:00,2,GBP_USD,SHORT,1.39105,1.3919038635237866,1.3870797006311397,1.3862055873070105,1.3844573606587522,805398.31,2,OVERLAP,1.5,0.0012277270475732672,38.503085187753356,75.56364157702716,1.3853653133201582,1.3879242587531841,41.60299368860309,False,0.0001249708727988309,93.80417446779019,58.74686679841812,0.7765363128491815,14,0,1.3919038635237866,SL,2021-06-21 16:15:00+00:00,-8.53863523786691,-687.7002390284457,135,False
2021-06-29 11:00:00+00:00,2,GBP_USD,LONG,1.3825800000000001,1.381724481878388,1.384616186864358,1.3849782661174521,1.3857024246236405,795802.24,2,LONDON,1.5,0.0009910362432239998,34.65621953285952,28.782045879524205,1.3860655496212804,1.3885451797579833,-22.261868643580485,False,-0.00016895937362012008,8.650245724065284,-36.75549621280361,0.8131313131312191,11,1,1.381724481878388,SL,2021-06-29 12:45:00+00:00,-8.555181216121088,-680.8232375395086,105,False
2021-07-01 08:45:00+00:00,2,GBP_USD,LONG,1.3781800000000002,1.376913735991276,1.3798456928875673,1.3802754510715598,1.3811349674395448,532286.31,2,LONDON,1.5,0.0010325280174477067,40.1792791643814,29.186648587565344,1.3815629868793984,1.3836140491743962,-18.556928875672618,False,-0.00036300603486973343,6.527157665877971,-35.72986879398332,0.48117154811712526,8,3,1.376913735991276,SL,2021-07-01 10:45:00+00:00,-12.66264008724205,-674.0149966896149,120,False
2021-07-06 14:15:00+00:00,2,GBP_USD,LONG,1.38118,1.3801553429295594,1.384718235889573,1.385282176439347,1.386410057538895,651217.73,2,OVERLAP,1.5,0.0011893141408809732,41.61130267015057,29.641429835224685,1.385535854735867,1.3842707137608032,-37.28235889573161,False,-0.0003373223723255064,14.50726187994026,-45.45854735866994,0.8938053097345124,14,1,1.3801553429295594,SL,2021-07-06 14:30:00+00:00,-10.246570704406377,-667.2748514408022,15,False
2021-07-08 12:00:00+00:00,2,GBP_USD,LONG,1.3745,1.3735304836121423,1.3772881276813052,1.3777630737083744,1.378712965762513,681372.81,3,LONDON,1.5,0.00121903277571514,24.43201393439973,29.411970963559,1.3779390777409966,1.3799088633965941,-29.781276813052315,False,-0.00023294972873727575,25.969205239195514,-36.29077740996633,0.7090163934426275,12,3,1.3771308463678085,TP1+TP2+SL,2021-07-08 13:45:00+00:00,29.307665937548183,1996.9446694408496,105,True
2021-07-09 13:30:00+00:00,2,GBP_USD,SHORT,1.3853099999999998,1.3862218658478864,1.3807577156375628,1.379598132788715,1.3772789670910195,746350.52,2,OVERLAP,1.5,0.0009837316957728728,71.03690842934002,81.79526843916875,1.3800682479602864,1.379222187535224,47.422843624371765,False,0.0003428933119623864,91.19630729630722,54.31752039713577,0.7795275590552269,13,4,1.3862218658478864,SL,2021-07-09 14:30:00+00:00,-9.11865847886606,-680.5715497404093,60,False
2021-07-13 12:30:00+00:00,2,GBP_USD,LONG,1.38203,1.380163314125442,1.3844568017769956,1.3847843033937826,1.3854393066273567,360942.27,2,LONDON,1.5,0.0011177905830386495,54.90029941351709,23.776267409485598,1.386633162990336,1.3863014943720589,-26.168017769956364,False,-0.00010841809983146535,57.72612365244411,-47.931629903359415,0.6612021857923543,12,1,1.380163314125442,SL,2021-07-13 13:15:00+00:00,-18.666858745581827,-673.7658369399658,45,False
2021-07-20 13:00:00+00:00,2,GBP_USD,LONG,1.3576800000000002,1.356641282669268,1.363436226587473,1.3647395287684747,1.367346133130478,642165.25,2,OVERLAP,1.5,0.0014174346614643342,46.23170209690391,23.874374075318514,1.3644381184747418,1.3704621188043087,-59.462265874730136,False,-0.0005116289773041101,10.953593616133297,-69.48118474741749,0.9014778325123249,13,1,1.36226,TP1+TIME,2021-07-21 09:00:00+00:00,51.68113293736342,3318.782765300522,1200,True
2021-07-21 13:30:00+00:00,2,GBP_USD,SHORT,1.36624,1.3671941110444938,1.3624976537287248,1.3619379904593674,1.3608186639206523,733893.62,2,OVERLAP,1.5,0.001228222088988065,29.447498687816385,71.08781333573751,1.362384182781373,1.36523021382768,39.32346271275255,False,0.0003486068890389572,84.46050642479156,40.45817218627068,0.8903654485050013,13,2,1.3671941110444938,SL,2021-07-21 13:45:00+00:00,-9.541110444939438,-700.2160083256415,15,False
2021-07-22 11:45:00+00:00,2,GBP_USD,SHORT,1.3770799999999999,1.3780052767244002,1.3747752171478185,1.374220557937097,1.3731112395156542,749196.24,2,LONDON,1.5,0.001190553448800455,34.436576212252604,71.02979629873887,1.3730257059606545,1.3692658353392964,24.947828521815207,False,0.00010568165745553863,50.74734557190715,42.44294039345453,0.8484848484848193,11,3,1.3780052767244002,SL,2021-07-22 12:30:00+00:00,-9.25276724400348,-693.213842880257,45,False
2021-07-27 14:45:00+00:00,2,GBP_USD,SHORT,1.38784,1.3890517319894524,1.3803321540501867,1.3793622368427447,1.3774224024278607,566364.27,2,OVERLAP,1.5,0.0015034639789044614,32.74730440588385,74.99425928117562,1.3810012223162804,1.3790828847994476,76.97845949813374,False,0.0005978484514383415,86.38988243877559,70.28777683719677,0.9191176470588259,14,1,1.3890517319894524,SL,2021-07-27 15:30:00+00:00,-12.11731989452458,-686.2817036418892,45,False
2021-07-30 09:15:00+00:00,2,GBP_USD,SHORT,1.3980899999999998,1.3986923514078005,1.3973923413655658,1.397249364610858,1.3969634111014422,1127944.38,2,LONDON,1.5,0.0007447028156008303,26.058915417006794,72.74373593148917,1.3958027358392773,1.392985723244311,8.876586344341852,False,0.0003236900415277439,87.15560349053662,24.77264160722692,0.8799999999998934,9,4,1.3969634111014422,TP3,2021-07-30 09:45:00+00:00,8.120400382003456,915.9359974230651,30,True
2021-08-11 08:30:00+00:00,2,GBP_USD,LONG,1.38115,1.3806584726404496,1.3817544104787352,1.3818622500839468,1.3820779292943703,1400895.06,2,LONDON,1.5,0.0005430547191007165,31.369697943682837,28.000073606989687,1.3828792669151777,1.3847434678777637,-7.944104787351858,False,-0.00010231169572902501,46.17248062015154,-19.19266915177742,0.8796992481203523,8,2,1.3806584726404496,SL,2021-08-11 10:15:00+00:00,-4.915273595504922,-688.5782498491283,105,False
2021-08-11 12:30:00+00:00,2,GBP_USD,SHORT,1.3868999999999998,1.388065207852705,1.383295755927571,1.3828401176628051,1.3819288411332733,585039.37,2,LONDON,1.5,0.0009904157054100643,45.524986169393884,78.29623689797552,1.3825883782771384,1.384351402627009,37.942440724290094,False,0.0005339385528075395,85.02781654980213,45.01621722861504,0.8967741935483803,12,2,1.388065207852705,SL,2021-08-11 17:00:00+00:00,-11.652078527051302,-681.6924680656622,270,False
2021-08-12 12:30:00+00:00,2,GBP_USD,LONG,1.3840400000000002,1.383384698293086,1.385535901634046,1.385916484050647,1.3866776488838493,1029869.96,2,LONDON,1.5,0.0006706034138281233,43.09768310028386,29.71544471955582,1.3859925788807892,1.3856371027572727,-16.859016340460276,False,-0.00012264726515113014,57.90079807043936,-21.4257888078917,0.9097222222222404,12,3,1.383384698293086,SL,2021-08-12 13:00:00+00:00,-6.553017069141909,-674.8755426876495,30,False
2021-08-13 13:00:00+00:00,2,GBP_USD,SHORT,1.3832499999999999,1.3838873676397763,1.38124422583543,1.3807006968119482,1.3796136387649842,1048259.66,2,OVERLAP,1.5,0.0006547352795528997,48.768588462194884,71.05756621840773,1.3812142514562156,1.3828559783778906,21.957741645699524,False,0.00036215322003917746,85.65873579717203,22.257485437844338,0.800000000000148,13,4,1.3838873676397763,SL,2021-08-13 13:15:00+00:00,-6.373676397763983,-668.1267853670098,15,False
2021-08-13 15:00:00+00:00,2,GBP_USD,SHORT,1.3858099999999998,1.3864923736081405,1.3825824799661968,1.3817984766783955,1.3802304701027928,969330.45,2,OVERLAP,1.5,0.0008047472162809212,61.107850636964024,78.53240441146146,1.3821409927342205,1.3829862690691228,34.17520033803134,False,0.00028828488539383613,89.94941938305745,38.590072657793684,0.7525773195874165,15,4,1.3864923736081405,SL,2021-08-13 16:15:00+00:00,-6.8237360814071835,-661.4455166471662,75,False
2021-08-17 14:30:00+00:00,2,GBP_USD,LONG,1.37508,1.3738191875059274,1.3782275626656053,1.3790337566599342,1.3806461446485918,519372.28,2,OVERLAP,1.5,0.0009816249881449658,59.5257579163416,21.90973439993938,1.3794812434654078,1.3825716862808173,-33.37562665605365,False,-0.00022871022568324035,25.913609382819896,-45.91243465407846,0.5413533834586655,14,1,1.3738191875059274,SL,2021-08-17 14:45:00+00:00,-12.608124940727272,-654.8310596990389,15,False
2021-08-23 10:45:00+00:00,2,GBP_USD,SHORT,1.3674499999999998,1.3682745237606542,1.3659786539374041,1.36560748667168,1.3648651521402322,786251.15,2,LONDON,1.5,0.0008090475213087022,28.9602128301874,70.08839701263443,1.3649208867514149,1.3654000694653032,16.613460625958254,False,0.00015704882868181882,67.37484319763242,27.191132485850922,0.6666666666666666,10,0,1.3682745237606542,SL,2021-08-23 11:30:00+00:00,-8.245237606543387,-648.2827550167987,45,False
2021-08-23 12:30:00+00:00,2,GBP_USD,SHORT,1.36923,1.3703289284831792,1.3667449382155188,1.366109226861662,1.3648378041539482,584023.38,2,LONDON,1.5,0.0008378569663583945,40.717335877142276,78.68327221901215,1.3657398437777089,1.365591912881665,26.75061784481292,False,0.00020054427748633164,79.75141969355634,36.80156222291231,0.5555555555555921,12,0,1.3703289284831792,SL,2021-08-23 13:30:00+00:00,-10.989284831792734,-641.7999271246324,60,False
2021-08-23 14:30:00+00:00,2,GBP_USD,SHORT,1.3712499999999999,1.3718977460751622,1.3678988852276075,1.3670578566362481,1.3653757994535292,980912.04,2,OVERLAP,1.5,0.0008954921503242347,49.134692771210766,81.05134263459982,1.3668752793180972,1.3659184430378588,35.41114772392495,False,0.00017548756156384945,88.19716413267228,45.64720681902834,0.967741935483663,14,0,1.3718977460751622,SL,2021-08-23 14:45:00+00:00,-6.477460751623809,-635.3819239895245,15,False
2021-09-01 13:15:00+00:00,2,GBP_USD,SHORT,1.3788099999999999,1.379540189190577,1.376465964492409,1.3759655630777528,1.37496476024844,861459.08,2,OVERLAP,1.5,0.0008603783811539103,57.13982018811143,72.43772727786809,1.3757071933729357,1.375584783213386,25.340355075909038,False,0.000319146189501485,84.04677762577832,32.928066270643264,0.780303030303103,13,2,1.379540189190577,SL,2021-09-01 13:30:00+00:00,-7.301891905771018,-629.0281083404948,15,False
2021-09-06 14:15:00+00:00,2,GBP_USD,LONG,1.3824800000000002,1.381867929082416,1.383783807218701,1.383994410108858,1.384415615889172,1017427.57,3,OVERLAP,1.5,0.0006041418351678627,24.032071178347582,29.903949732319887,1.3841935653277564,1.3835210662906858,-14.938072187009599,False,-9.654404328139697e-05,18.76273345057101,-19.035653277563735,0.8846153846152861,14,0,1.381867929082416,SL,2021-09-06 14:30:00+00:00,-6.120709175840844,-622.7378263452453,15,False
2021-09-07 11:30:00+00:00,2,GBP_USD,LONG,1.3782900000000002,1.3776383528609684,1.3805241391659941,1.381050139835069,1.3821021411732184,946080.19,2,LONDON,1.5,0.0009232942780634638,52.77890275927777,20.746635581960092,1.3822990888394258,1.3832147879762258,-24.241391659940437,False,-0.0002757546062652226,20.148395769219267,-41.99088839425657,0.9672131147540656,11,1,1.3776383528609684,SL,2021-09-07 11:45:00+00:00,-6.5164713903187454,-616.5104491082323,15,False
2021-09-09 08:45:00+00:00,2,GBP_USD,SHORT,1.38089,1.3815591884377043,1.3802377662602345,1.3800297458858322,1.3796137051370274,912067.97,2,LONDON,1.5,0.0007583768754085136,57.72698820914121,80.12562174133501,1.3773207693045597,1.378174834987963,8.422337397655522,False,0.00049740314046396,92.59986069579149,37.59230695440374,0.5841584158415711,8,3,1.3815591884377043,SL,2021-09-09 09:15:00+00:00,-6.6918843770436,-610.345339924487,30,False
2021-09-09 09:15:00+00:00,2,GBP_USD,SHORT,1.3816099999999998,1.3824246828876123,1.3805573321276,1.3802789895793544,1.379722304482863,741689.68,2,LONDON,1.5,0.0008093657752246742,64.24007361084207,80.67398448128594,1.3776305294503068,1.3782375555149213,12.426678724000162,False,0.00047867735518002585,89.54588626681722,41.69470549693077,0.6888888888888158,9,3,1.3824246828876123,SL,2021-09-09 09:30:00+00:00,-8.1468288761255,-604.2418902148282,15,False
2021-09-09 11:45:00+00:00,2,GBP_USD,SHORT,1.3834699999999998,1.3842020949987286,1.381436587661682,1.3810579271938215,1.3803006062581005,817106.35,2,LONDON,1.5,0.000864189997457176,55.21947607864907,76.20674620193155,1.3790142077341887,1.378577944485597,22.234123383177984,False,4.9298855332378846e-05,65.77121520886641,46.45792265811188,0.9011857707509521,11,3,1.3842020949987286,SL,2021-09-09 13:00:00+00:00,-7.320949987288383,-598.1994722645757,75,False
2021-09-09 13:00:00+00:00,2,GBP_USD,SHORT,1.3843599999999998,1.385194563813372,1.3820780714978467,1.3815726239119803,1.3805617287402474,709613.17,2,OVERLAP,1.5,0.0010491276267438259,50.553408329624034,72.02994550824725,1.3798186314647238,1.378814837958002,24.719285021532755,False,9.387233738672907e-05,71.46706514582304,47.31368535276115,0.40454545454548435,13,3,1.385194563813372,SL,2021-09-09 14:30:00+00:00,-8.345638133722133,-592.2174731743447,90,False
2021-09-09 16:30:00+00:00,2,GBP_USD,SHORT,1.38574,1.3863989302651203,1.383010989067789,1.382288209562899,1.3808426505531188,889768.36,3,OVERLAP,1.5,0.0009378605302403711,40.13771363425269,70.36738694432975,1.3819015127202314,1.3795733948128512,29.190109322110303,False,-3.29225041690198e-05,81.56424581005264,40.28487279768677,0.785714285714248,16,3,1.3863989302651203,SL,2021-09-10 07:00:00+00:00,-6.589302651203166,-586.2953013504693,870,False
2021-09-16 13:00:00+00:00,2,GBP_USD,LONG,1.3790600000000002,1.377761221889282,1.3817735598036165,1.3822402359236066,1.3831735881635867,446906.47,2,OVERLAP,1.5,0.0010175562214359449,37.50849981438445,29.976044634172325,1.382545231951581,1.3830575386828208,-29.03559803616451,False,-0.0002546506166210718,10.465956875793283,-36.75231951580926,0.7446808510638419,13,3,1.377761221889282,SL,2021-09-16 13:45:00+00:00,-12.987781107181018,-580.432340774296,45,False
2021-09-23 12:45:00+00:00,2,GBP_USD,SHORT,1.3722299999999998,1.3732089812192654,1.36858308323231,1.3676292627232436,1.3657216217051107,586965.32,2,LONDON,1.5,0.0012779624385307227,55.10180077860329,73.05438861858164,1.3666864133204726,1.3657756234279907,38.36916767689935,False,0.000290403948555973,81.16385285689275,57.335866795273915,0.733333333333277,12,3,1.3732089812192654,SL,2021-09-23 13:30:00+00:00,-9.7898121926554,-574.6280246401878,45,False
2021-09-23 13:30:00+00:00,2,GBP_USD,SHORT,1.3734499999999998,1.3744728978639673,1.3689468962835663,1.3679008866486027,1.3658088673786757,556147.16,2,OVERLAP,1.5,0.0013857957279344159,51.31522316138939,71.88601527588071,1.3672960229530142,1.3659611094192414,46.93103716433722,False,0.00018492327068243657,59.499983459275846,63.43977046985749,0.809352517985561,13,3,1.3744728978639673,SL,2021-09-23 14:00:00+00:00,-10.228978639674756,-568.881742015578,30,False
2021-09-23 14:00:00+00:00,2,GBP_USD,SHORT,1.3744599999999998,1.3754652282602573,1.369282466955208,1.3680739065313707,1.365656785683696,560263.72,2,OVERLAP,1.5,0.0013704565205148738,54.89774554663175,73.54628437914731,1.3678140219570114,1.366120749835682,53.67533044791983,False,0.0002524279936319549,88.85022731874984,68.35978042988522,0.7960526315789214,14,3,1.37043,TIME,2021-09-24 10:00:00+00:00,40.29999999999755,2257.862791599863,1200,True
2021-09-28 12:30:00+00:00,2,GBP_USD,LONG,1.3541800000000002,1.3522605838251165,1.362034383376515,1.3636319869509608,1.3668271940998522,305182.15,2,LONDON,1.5,0.0016188323497668875,76.83061300919225,12.343135459393196,1.3655540526775078,1.3681997885721104,-80.44383376514918,False,-0.0006815184578615663,12.477451586694762,-115.64052677507819,0.7241379310344926,12,1,1.3522605838251165,SL,2021-09-28 17:00:00+00:00,-19.194161748836702,-585.7715549957745,270,False
2021-09-29 12:45:00+00:00,2,GBP_USD,LONG,1.3464500000000001,1.3447649499570036,1.3498468568495914,1.3506732485023198,1.352326031807777,344152.29,2,LONDON,1.5,0.0014101000859928904,52.139926949249876,28.016540981662544,1.3518595301181795,1.3586188350556725,-35.868568495913685,False,-0.0003201170153268782,32.05896318491505,-55.99530118179485,0.42794759825324336,12,2,1.3447649499570036,SL,2021-09-29 13:30:00+00:00,-16.85050042996572,-579.9138310618687,45,False
2021-09-29 14:00:00+00:00,2,GBP_USD,LONG,1.3432100000000002,1.3418353495462934,1.3484138222149509,1.3495766422714668,1.3519022823844984,417644.14,2,OVERLAP,1.5,0.001569300907413146,62.53062676293554,23.567668488344893,1.3505623806861482,1.3579423947317744,-53.938222149507716,False,-0.0004397215068439016,10.689304399255548,-75.42380686148097,0.49002849002845666,14,2,1.3418353495462934,SL,2021-09-29 16:30:00+00:00,-13.746504537068827,-574.1147065390209,150,False
2021-10-01 10:15:00+00:00,2,GBP_USD,SHORT,1.3516199999999998,1.3524965416108898,1.348219016593669,1.3473847210856706,1.3457161300696743,648427.35,2,LONDON,1.5,0.0012330832217795642,48.931291306669664,71.95306356973374,1.3468216754283384,1.3479994153974142,35.909834063310164,False,0.0006010372586709208,95.41136779421315,49.8832457166154,0.8843537414965853,10,4,1.3524965416108898,SL,2021-10-01 10:30:00+00:00,-8.765416108900135,-568.3735539141427,15,False
2021-10-04 14:00:00+00:00,2,GBP_USD,SHORT,1.3633799999999998,1.3645812919473452,1.358773446831291,1.3577341474508953,1.3556555486901036,468403.89,2,OVERLAP,1.5,0.0011425838946906108,41.82747992313612,76.56714407096763,1.3577197031233472,1.3536205208859982,47.965531687088614,False,0.00022454660972972542,92.00775416995657,58.502968766527275,0.7024390243902275,14,0,1.36189,TP1+TIME,2021-10-05 10:00:00+00:00,30.482765843542484,1427.8246099074431,1200,True
2021-10-06 08:45:00+00:00,2,GBP_USD,LONG,1.35525,1.3544313157455727,1.3564504031949913,1.356644392347682,1.3570323706530638,704750.41,2,LONDON,1.5,0.0010973685088546195,51.09454279585655,22.391750855255978,1.3602915816073262,1.359830245706758,-13.904031949913964,False,-0.00038172518295026005,28.440199092370737,-52.31581607326285,0.7974137931035461,8,2,1.3544313157455727,SL,2021-10-06 09:15:00+00:00,-8.186842544273265,-576.9680639682027,30,False
2021-10-14 08:30:00+00:00,2,GBP_USD,SHORT,1.3708999999999998,1.3716696502598034,1.3701706722607232,1.3699942022124354,1.3696412621158598,742153.17,2,LONDON,1.5,0.0006393005196067345,51.27972901373455,83.4589244466228,1.3671127490988595,1.3638856560844979,9.193277392767207,False,0.0002847800349888069,86.55611450024482,39.772509011404274,0.8082191780821543,8,3,1.3716696502598034,SL,2021-10-14 08:45:00+00:00,-7.6965025980357815,-571.1983801045492,15,False
2021-10-14 10:00:00+00:00,2,GBP_USD,SHORT,1.37319,1.3738109794814544,1.3714495771929398,1.3710549046360576,1.3702655595222935,910636.21,2,LONDON,1.5,0.0008019589629085266,66.41768940720134,89.84268297825288,1.3681983389736745,1.364367955385287,19.30422807060239,False,0.0003124581016047323,92.37096936483924,51.81661026325557,0.680981595091982,10,3,1.3716961748693548,TP1+TP2+SL,2021-10-14 11:00:00+00:00,18.415685505066225,1676.9990052885444,60,True
2021-10-19 09:45:00+00:00,2,GBP_USD,SHORT,1.3812799999999998,1.3819387455919434,1.379297442537303,1.3789500242113735,1.3782551875595146,883886.58,2,LONDON,1.5,0.0007774911838868286,73.68000157691218,83.51846965999427,1.3768170761032872,1.3738613670253244,21.725574626969557,False,0.00018242572042307737,88.33069841522058,46.5292389671279,0.9067357512953004,9,1,1.3819387455919434,SL,2021-10-19 10:15:00+00:00,-6.587455919435658,-582.2563883530739,30,False
2021-10-20 10:00:00+00:00,2,GBP_USD,LONG,1.3762900000000002,1.3755324601096435,1.377584342567508,1.3778862863233718,1.3784901738350992,760928.68,2,LONDON,1.5,0.0008150797807129461,39.54055054726669,28.984034167707463,1.3789317913327923,1.3774733952808729,-14.843425675079569,False,-0.00013944126926313102,26.57976582481554,-28.317913327922106,0.8604651162790178,10,2,1.3755324601096435,SL,2021-10-20 10:15:00+00:00,-7.575398903567621,-576.4338288165158,15,False
2021-10-20 11:15:00+00:00,2,GBP_USD,LONG,1.3753400000000002,1.3746786664903201,1.3769660924651355,1.3773985410014946,1.3782634380742127,862907.26,2,LONDON,1.5,0.0008626670193599649,49.374279719825935,29.27108232655118,1.3783942211562557,1.3774002551394466,-18.16092465135366,False,-0.00012788593329245243,35.44228881575272,-32.442211562555556,0.9370629370628372,11,2,1.3746786664903201,SL,2021-10-20 11:45:00+00:00,-6.613335096801175,-570.6694867842538,30,False
2021-10-20 11:45:00+00:00,2,GBP_USD,LONG,1.3744500000000002,1.3737747685554291,1.3767050581703397,1.3772323550170806,1.3782869487105622,836695.03,2,LONDON,1.5,0.0008504628891420125,54.443960777092094,25.24577077016285,1.3781098596678854,1.377346841013273,-24.450581703396868,False,-0.00019060883003558854,5.002796207328482,-38.49859667885313,0.8613861386138265,11,2,1.3782869487105622,TP3,2021-10-20 12:45:00+00:00,26.768956477322472,2239.745284286202,60,True
2021-10-22 15:45:00+00:00,2,GBP_USD,LONG,1.37447,1.3728791181850204,1.3782811227050127,1.3788485964716584,1.3799835440049497,369204.2,2,OVERLAP,1.5,0.0014017636299591995,40.16306703254804,26.903442477141326,1.378576393309592,1.379360516642595,-40.01122705012738,False,-0.0003165419299278376,24.767280007601993,-42.96393309592084,0.7020202020202096,15,4,1.378196548452559,TP1+TP2+SL,2021-10-25 07:45:00+00:00,39.970523854705235,1475.7285283357362,3840,True
2021-10-26 09:15:00+00:00,2,GBP_USD,SHORT,1.37912,1.3800760197865827,1.3779802221664594,1.3776770976377217,1.3770708485802465,629817.02,2,LONDON,1.5,0.0008520395731653464,44.34065395682953,73.58152685021011,1.3768611252748644,1.3771407641812494,13.297778335406019,False,0.0002513510129818146,90.79190650619442,24.488747251356635,0.5436241610738135,9,1,1.3800760197865827,SL,2021-10-26 10:00:00+00:00,-9.560197865827734,-602.1175330465984,45,False
2021-10-26 10:00:00+00:00,2,GBP_USD,SHORT,1.3811499999999999,1.3818883347197966,1.378481428347397,1.377972235314602,1.376953849249012,807352.46,2,LONDON,1.5,0.0009166694395933768,52.14182631292654,81.49356306720325,1.377214279782757,1.377224186727804,28.58571652603059,False,0.0003615387789777638,86.24213981917508,41.257202172431114,0.9422222222223336,10,1,1.3818883347197966,SL,2021-10-26 10:15:00+00:00,-7.383347197966738,-596.0963523312553,15,False
2021-10-26 16:00:00+00:00,2,GBP_USD,LONG,1.37636,1.3751273188023032,1.379550781216322,1.3803446182517036,1.381932292322467,478741.29,2,OVERLAP,1.5,0.0010453623953936455,48.849108726965,29.382673210734012,1.3786024366615506,1.3777710092174744,-33.80781216322015,False,-0.0004922164632346749,11.69448269831907,-24.324366615506854,0.7623762376239539,16,1,1.3751273188023032,SL,2021-10-27 07:45:00+00:00,-12.326811976968164,-590.1353867441189,945,False
2021-10-27 10:45:00+00:00,2,GBP_USD,LONG,1.3714000000000002,1.3706896243355,1.3732217814442849,1.3736571717904045,1.374527952482644,822429.69,2,LONDON,1.5,0.001000751328999778,48.29328953473114,28.26161658794696,1.3753459588587247,1.3767767006475258,-20.117814442848214,False,-0.0002347604343315207,12.538364443513451,-41.35958858724642,0.9809523809522561,10,2,1.374527952482644,TP3,2021-10-27 12:15:00+00:00,21.700937211804103,1784.7495063813512,90,True
2021-11-04 09:00:00+00:00,2,GBP_USD,LONG,1.3635700000000002,1.3628712837299513,1.3641495493739422,1.3642770876162615,1.3645321641009005,861696.74,2,LONDON,1.5,0.0008374325400971796,42.297204962989056,28.816724594740506,1.3660302778499702,1.365680057135934,-7.695493739421355,False,-0.000158603769848757,22.928444104914167,-26.50277849970184,0.9705882352941433,9,3,1.3628712837299513,SL,2021-11-04 09:15:00+00:00,-6.987162700489157,-602.0815320861103,15,False
2021-11-04 09:30:00+00:00,2,GBP_USD,LONG,1.3628200000000001,1.3620046272977642,1.3639612635965093,1.364267230155219,1.3648791632726385,731028.54,2,LONDON,1.5,0.00085074540447155,46.83936687958726,24.99191543730481,1.3657902949318643,1.3656252766674122,-13.312635965092579,False,-0.0002217463381378931,14.070810510438891,-31.60294931864316,0.6043956043956822,9,3,1.3620046272977642,SL,2021-11-04 10:00:00+00:00,-8.153727022359723,-596.0607160714177,30,False
2021-11-04 10:00:00+00:00,2,GBP_USD,LONG,1.3621100000000002,1.3611993470067456,1.3637162775801863,1.364132749096876,1.3649656921302555,647996.67,2,LONDON,1.5,0.0008613059865086435,51.56392992251333,23.494301933834564,1.3655269812116135,1.3655608712978933,-17.962775801863007,False,-0.0002498903933165887,11.586937351710711,-36.06981211613513,0.6521739130433314,10,3,1.3621100000000002,TP1+SL,2021-11-04 11:30:00+00:00,8.031387900930829,520.4312615281468,90,True
2021-11-04 12:00:00+00:00,2,GBP_USD,LONG,1.3558400000000002,1.354571552903491,1.361418324999938,1.3619585196480302,1.3630389089442145,469317.5,2,LONDON,1.5,0.0015368941930182635,38.65909769069495,21.679474865610644,1.3645852735705801,1.3653007057057445,-57.68324999938068,False,-0.0003498987994118639,34.33766063075763,-89.35273570580104,0.9616279069767507,12,3,1.354571552903491,SL,2021-11-04 12:30:00+00:00,-12.684470965091954,-595.3044202159543,30,False
2021-11-04 13:15:00+00:00,2,GBP_USD,LONG,1.35376,1.3522184176369887,1.359043574728439,1.3602720464269438,1.3627289898239532,382302.88,2,OVERLAP,1.5,0.001923164726022504,48.058918730260466,25.623998721772352,1.3628247366671222,1.3647937204478828,-54.73574728439123,False,-0.0008356902183496149,13.683275532028262,-92.54736667122287,0.6300000000000792,13,3,1.3522184176369887,SL,2021-11-04 13:45:00+00:00,-15.415823630113845,-589.3513771364578,30,False
2021-11-04 13:45:00+00:00,2,GBP_USD,LONG,1.3530700000000002,1.3511228192890363,1.3585675450261587,1.3599552786083349,1.362730745772687,299642.38,2,OVERLAP,1.5,0.001894361421927552,49.70126433290126,26.130391294594844,1.3621082786381244,1.3645704206197027,-56.875450261586465,False,-0.0007187829516153233,17.240940401316845,-92.28278638124365,0.5882352941176293,13,3,1.3511228192890363,SL,2021-11-04 14:15:00+00:00,-19.471807109638917,-583.4578625233127,30,False
2021-11-04 15:15:00+00:00,2,GBP_USD,LONG,1.3484,1.3473002591620113,1.3572380289723178,1.3592500241025052,1.36327401436288,525235.82,2,OVERLAP,1.5,0.00179948167597748,63.42270107864402,18.59620954638713,1.3596261079796221,1.363752721180885,-90.28028972317914,False,-0.0004920858624308504,14.16616348117769,-114.16107979622225,0.9535864978903658,15,3,1.3473002591620113,SL,2021-11-04 15:45:00+00:00,-10.997408379886942,-577.6232808284789,30,False
2021-11-05 08:30:00+00:00,2,GBP_USD,LONG,1.34576,1.3450850659858897,1.347078825768751,1.3474360774210805,1.3481505807257397,847263.65,2,LONDON,1.5,0.0008898680282203086,38.51207783477365,24.498476423244384,1.3499106090726087,1.3566184977041136,-15.088257687509987,False,-0.0003706237310236098,6.677259960090056,-43.40609072608803,0.6181818181817741,8,4,1.3450850659858897,SL,2021-11-05 08:45:00+00:00,-6.749340141103399,-571.8470563042781,15,False
2021-11-08 15:15:00+00:00,2,GBP_USD,SHORT,1.3574399999999998,1.3584855809859158,1.3515263286668073,1.3501677423596528,1.3474505697453434,541448.81,2,OVERLAP,1.5,0.0012711619718317007,56.01835371195408,77.30530343008809,1.3510301618400908,1.3514516404137804,61.03671333192562,False,0.00035971521709636306,88.73004345071797,65.99838159909055,0.6958762886597555,15,0,1.3584855809859158,SL,2021-11-09 09:15:00+00:00,-10.45580985916006,-566.1285805828483,1080,False
2021-11-10 09:00:00+00:00,2,GBP_USD,LONG,1.3529000000000002,1.3519614725459281,1.3539142767308847,1.3542106840973676,1.354803498830333,597177.31,2,LONDON,1.5,0.0008370549081437314,39.893262365761686,28.68705792479639,1.3552443121627404,1.354980028648744,-12.042767308846347,False,-0.0002814017444213635,15.006374066653938,-25.343121627403598,0.5999999999999366,9,2,1.3519614725459281,SL,2021-11-10 09:15:00+00:00,-9.385274540720799,-560.4673003839133,15,False
2021-11-10 11:00:00+00:00,2,GBP_USD,LONG,1.3514100000000002,1.3506863275690681,1.353438875707102,1.3537804549519976,1.3544636134417887,766731.74,2,LONDON,1.5,0.0009273448618639588,39.115735142687946,26.026494218197925,1.3546283574781024,1.3548297515489631,-22.18875707101997,False,-0.0001833713306572507,17.730478156171014,-34.08357478102308,0.9292929292929101,11,2,1.3506863275690681,SL,2021-11-10 11:15:00+00:00,-7.236724309320763,-554.8626221585807,15,False
2021-11-10 12:15:00+00:00,2,GBP_USD,LONG,1.34973,1.3490575072274609,1.3526032576319427,1.3532750580426636,1.3546186588641056,816832.57,2,LONDON,1.5,0.0009649855450780561,55.242552398150934,21.437249191644767,1.3538862353608665,1.354621135620716,-30.632576319427063,False,-0.0003059390230413224,14.69925604650345,-43.462353608665346,0.7723577235772006,12,2,1.3490575072274609,SL,2021-11-10 12:30:00+00:00,-6.724927725392238,-549.3139996996396,15,False
2021-11-10 15:30:00+00:00,2,GBP_USD,LONG,1.3475700000000002,1.3465538039840041,1.3515877013090682,1.352356204529312,1.3538932109697999,535153.5,2,OVERLAP,1.5,0.0014123920319913574,36.1564740353337,29.28796099964262,1.35261942972309,1.3541556769989898,-42.077013090682236,False,-0.00014161963539781016,3.4723857436802916,-52.394297230899944,0.9259259259259023,15,2,1.3465538039840041,SL,2021-11-10 17:00:00+00:00,-10.161960159960069,-543.8208546463192,90,False
2021-11-16 08:45:00+00:00,2,GBP_USD,SHORT,1.3467999999999998,1.3477277320667824,1.3457669470835034,1.345481945297783,1.3449119417263427,580321.27,2,LONDON,1.5,0.0009554641335648673,50.613967135361776,70.88879596751597,1.3432492262320135,1.3423287107658983,12.23052916496492,False,0.0003656128355916491,72.14639145073527,37.40773767986427,0.7603305785121419,8,1,1.3461568358320635,TP1+TP2+SL,2021-11-16 10:15:00+00:00,10.743202292144646,623.4508798044293,90,True
2021-11-25 12:30:00+00:00,2,GBP_USD,LONG,1.33108,1.3304054455744247,1.3329886943697065,1.3334958096032277,1.3345100400702703,807373.19,2,LONDON,1.5,0.0007691088511502958,36.870029393649595,29.075593891331152,1.3333855462631294,1.3355280860995886,-20.986943697065552,False,-0.00015702805338692772,24.108734402853468,-24.955462631295333,0.6176470588236447,12,3,1.33108,TP1+SL,2021-11-26 00:00:00+00:00,9.543471848532104,770.5143310024561,690,True
2021-12-02 09:45:00+00:00,2,GBP_USD,SHORT,1.3319199999999998,1.3333862848946114,1.329947792744394,1.3294135854796922,1.3283451709502891,376681.44,2,LONDON,1.5,0.000850856596407637,38.46112591302671,70.58399077423155,1.329355261819151,1.3302342763440544,21.62207255606008,False,0.00031587880291862076,83.05724417426326,27.547381808488147,0.951388888888875,9,3,1.3319199999999998,TP1+SL,2021-12-02 16:00:00+00:00,9.861036278029365,371.4469345100342,375,True
2021-12-03 08:30:00+00:00,2,GBP_USD,LONG,1.3271100000000002,1.3265692881167979,1.3276813235547367,1.3277862520556665,1.3279961090575259,1028342.06,2,LONDON,1.5,0.0006214237664042852,50.10620867463323,29.77775017258672,1.3289804659523927,1.3299122136669372,-7.613235547365704,False,-0.0001349310575157295,60.38545977346171,-20.604659523926205,0.9834710743800561,8,4,1.3271100000000002,TP1+SL,2021-12-03 09:00:00+00:00,2.856617773682179,293.75802060209463,30,True
2021-12-08 11:15:00+00:00,2,GBP_USD,LONG,1.3198800000000002,1.3178865662201311,1.3227175311470254,1.323450479507012,1.3249163762269847,280407.79,2,LONDON,1.5,0.0012868675597375603,49.28971778015488,28.394094552145617,1.3238648749561457,1.3249667016446265,-30.27531147025364,False,-0.0004327771552494796,25.729794683738827,-41.74874956145658,0.4807692307692324,11,2,1.3178865662201311,SL,2021-12-08 11:30:00+00:00,-19.93433779869047,-558.974360724426,15,False
2021-12-10 10:45:00+00:00,2,GBP_USD,LONG,1.3192000000000002,1.3181957175909627,1.3205002893566382,1.3207941096849227,1.3213817503414915,551024.89,2,LONDON,1.5,0.0006885648180745778,36.55089474762165,27.43541781259904,1.3212803455792197,1.3217527362403807,-14.90289356638197,False,-0.00014026174895562064,23.977363678177003,-22.70345579219679,0.9306930693069133,10,4,1.3213817503414915,TP3,2021-12-10 13:30:00+00:00,15.353456192656378,846.01365096783,165,True
2021-12-15 16:30:00+00:00,2,GBP_USD,LONG,1.32132,1.3201003501577255,1.3247753987385413,1.325645481389869,1.3273856466925247,460660.69,2,OVERLAP,1.5,0.001019299684549071,39.99453689872399,29.353910664815956,1.3240712385873776,1.323497835665947,-36.453987385414166,False,-0.0003101814971566241,55.79479000531501,-29.412385873777147,0.760330578512465,16,2,1.3201003501577255,SL,2021-12-15 19:00:00+00:00,-12.19649842274517,-561.8447379005703,150,False
2021-12-16 12:00:00+00:00,2,GBP_USD,SHORT,1.3360899999999998,1.3375073029080828,1.330180489447068,1.3295610332346337,1.3283221208097653,392454.07,2,LONDON,1.5,0.0014946058161657695,41.01098518659241,80.4593999190272,1.3270346978222485,1.3248682835105312,60.99510552932008,False,0.00027344988216455553,66.85447827419863,92.45302177751435,0.9444444444444431,12,3,1.33181,TIME,2021-12-17 08:00:00+00:00,42.79999999999839,1679.703419599937,1200,True
2021-12-20 09:00:00+00:00,2,GBP_USD,LONG,1.3199800000000002,1.3194072218041137,1.3204844443388153,1.320591914720626,1.3208068554842471,1000427.98,2,LONDON,1.5,0.0007055563917727705,45.411091184360174,28.87564566504321,1.322697525563842,1.326091584512109,-6.944443388152699,False,-0.000117937921584493,26.92292667682212,-29.07525563841995,0.7325581395348957,9,0,1.3194072218041137,SL,2021-12-20 09:15:00+00:00,-5.727781958864142,-573.0233334986897,15,False
2021-12-21 08:30:00+00:00,2,GBP_USD,SHORT,1.3248199999999999,1.3253867663694245,1.3240683931486543,1.3238661078234948,1.3234615371731757,1000929.36,2,LONDON,1.5,0.0007135327388492796,42.030295656711786,76.59701992781554,1.3216597471209253,1.3231987253836224,9.416068513456999,False,0.0003430332587805947,95.77625942078431,33.502528790747554,0.4962962962962719,8,1,1.324252893024824,TP1+TP2+SL,2021-12-21 09:15:00+00:00,7.947317337259395,795.470325609995,45,True
2021-12-22 10:00:00+00:00,2,GBP_USD,SHORT,1.32906,1.329775737605256,1.3275412551435675,1.3271735372740665,1.3264381015350646,803713.26,2,LONDON,1.5,0.0007914752105116328,48.2477059234154,74.68336609207694,1.3262634318827347,1.3249298721322207,17.087448564325758,False,0.0003398365889142273,86.10957540911244,29.86568117265387,0.7019230769232391,10,2,1.329775737605256,SL,2021-12-22 10:15:00+00:00,-7.15737605256006,-575.2478040248977,15,False
2021-12-22 16:00:00+00:00,2,GBP_USD,SHORT,1.33544,1.336198828698697,1.33103925616433,1.3300017256759342,1.3279266646991426,750492.6,2,OVERLAP,1.5,0.001017657397394011,52.53603957564803,80.04797786647467,1.3300108727525777,1.3264605903112427,45.90743835670041,False,0.00013923410755487062,96.03832336581212,56.19127247422417,0.9117647058824297,16,2,1.336198828698697,SL,2021-12-22 16:15:00+00:00,-7.588286986970338,-569.4953230397535,15,False
2021-12-23 09:30:00+00:00,2,GBP_USD,SHORT,1.3391799999999998,1.3398005302019782,1.3381384043681699,1.337910905449028,1.3374559076107437,908578.45,2,LONDON,1.5,0.0006810604039561148,61.62160098228428,78.06533965529611,1.3356938239874678,1.3310854939491943,12.315956318300625,False,0.0003322632822821128,89.19979891681344,36.761760125321175,0.7322834645667708,9,3,1.3398005302019782,SL,2021-12-23 09:45:00+00:00,-6.205302019783865,-563.8003690917093,15,False
2021-12-28 09:45:00+00:00,2,GBP_USD,SHORT,1.34442,1.3448660724389003,1.3437580324241871,1.343626448323815,1.3433632801230708,1251281.89,3,LONDON,1.5,0.00043214487780076087,23.186836451689985,70.05816001121303,1.3434490310158336,1.3416275006483946,8.519675758129619,False,9.248894493735994e-05,76.30993966338913,11.609689841665105,0.9459459459461892,9,1,1.3448660724389003,SL,2021-12-28 10:30:00+00:00,-4.460724389003801,-558.1623644241771,45,False
2021-12-28 10:30:00+00:00,2,GBP_USD,SHORT,1.3447299999999998,1.3451212832172974,1.3439163088303059,1.3436820727984455,1.3432136007347246,1412227.05,2,LONDON,1.5,0.0004025664345948474,35.58222970920491,73.01020501620216,1.3435880535388487,1.3417175558585184,10.036911696940098,False,0.00013163689174443895,89.87018514577107,13.31946461151201,0.8205128205127329,10,1,1.3451212832172974,SL,2021-12-28 11:00:00+00:00,-3.9128321729764437,-552.5807436787613,30,False
2021-12-28 11:15:00+00:00,2,GBP_USD,SHORT,1.3452899999999999,1.3459120587567064,1.3440458686131913,1.3437148334760356,1.3430527632017242,879426.47,2,LONDON,1.5,0.0004241175134128397,48.544301215113634,78.75925501277695,1.3437674163842868,1.3418195475459374,14.341313868087013,False,0.00015645479952395961,85.70856489222301,17.12583615713248,0.6451612903226731,11,1,1.3459120587567064,SL,2021-12-28 13:30:00+00:00,-6.220587567065117,-547.0549365429964,135,False
2021-12-28 15:30:00+00:00,2,GBP_USD,LONG,1.3424600000000002,1.3412578963435622,1.344376855168867,1.3448102698770608,1.3456770992934484,450530.52,2,OVERLAP,1.5,0.0008042073128757577,42.06356713286661,28.0107210250507,1.3442000433369496,1.342276784937345,-21.068551688669945,False,-0.00034020565663291395,17.658727065273833,-19.300433369495718,0.5628742514970251,15,1,1.3412578963435622,SL,2021-12-29 08:30:00+00:00,-12.02103656438025,-541.5843854289247,1020,False
2021-12-30 12:30:00+00:00,2,GBP_USD,SHORT,1.3505399999999999,1.351275117596265,1.3474315850285108,1.346770235666615,1.3454475369428232,729364.31,2,LONDON,1.5,0.0007502351925300101,50.94306038694409,71.57341928584573,1.347977711699828,1.345999147801475,32.98414971489194,False,0.0004110516962671811,89.18053087815696,27.522883001720455,0.8741258741258296,12,3,1.351275117596265,SL,2021-12-30 12:45:00+00:00,-7.351175962651001,-536.1685383687534,15,False
2021-12-31 15:45:00+00:00,2,GBP_USD,SHORT,1.35425,1.3556588999313663,1.350656735182054,1.3498569884415779,1.3482574949606259,376752.7,2,OVERLAP,1.5,0.0013177998627329284,43.15782700978308,72.47457203445731,1.35032417153095,1.3487209143730776,37.83264817946108,False,0.0005980092502598804,93.80761453479055,41.1582846905012,0.4648437500000285,15,4,1.3501008627727835,TP1+TP2+SL,2022-01-03 03:45:00+00:00,39.565570385031826,1490.6435469600783,3600,True
2022-01-03 16:00:00+00:00,2,GBP_USD,LONG,1.34437,1.3424752480980682,1.3486671188094066,1.3497725657790278,1.3519834597182703,288013.06,2,OVERLAP,1.5,0.001136501267954555,58.253766480140214,23.856887782119017,1.349265895336605,1.3498880376421343,-44.871188094066646,False,-0.0005001181411993672,27.211918756769336,-50.85895336605084,0.3024691358025402,16,0,1.3491753340060368,TP1+TP2+SL,2022-01-04 08:15:00+00:00,47.60257528268496,1371.016337104646,975,True
2022-01-04 09:15:00+00:00,2,GBP_USD,SHORT,1.3507699999999998,1.3513715330395226,1.349495246428718,1.3492538087256487,1.3487709333195104,929996.22,2,LONDON,1.5,0.0008230660790455726,47.258358146656875,72.58186172295424,1.3478584824068283,1.348762339828124,14.647535712819515,False,0.0004125155714684182,80.3900070910383,31.015175931716765,1.0,9,1,1.3513715330395226,SL,2022-01-04 10:15:00+00:00,-6.015330395228169,-559.4234529613303,60,False
2022-01-04 15:00:00+00:00,2,GBP_USD,SHORT,1.35364,1.354667169945806,1.350266309085002,1.349669323922253,1.3484753535967553,539179.74,2,OVERLAP,1.5,0.0011543398916118823,43.72422627011017,71.1094933860299,1.3493703266558852,1.3490656940164045,35.63690914998085,False,0.0003677768440355072,82.75077854820366,44.596733441149006,0.8943089430894566,15,1,1.354667169945806,SL,2022-01-04 15:15:00+00:00,-10.271699458059834,-553.8292243154842,15,False
2022-01-14 14:15:00+00:00,2,GBP_USD,LONG,1.36911,1.3682949224732073,1.3719338646328885,1.3725044802058237,1.3736457113516942,672685.62,2,OVERLAP,1.5,0.001030155053585731,37.20814572608347,29.261602907266933,1.37192605599526,1.3703959726384383,-30.13864632888552,False,-0.00027551919095379293,18.06475360054805,-30.060559952600485,0.8797468354430868,14,4,1.3682949224732073,SL,2022-01-14 15:00:00+00:00,-8.150775267927735,-548.2909314586634,45,False
2022-01-14 16:15:00+00:00,2,GBP_USD,LONG,1.3675800000000002,1.3666178631417927,1.37089313611442,1.3717457397749078,1.373450947095883,564169.24,2,OVERLAP,1.5,0.0011642737164147255,53.837666620797926,27.94295379111469,1.370952657207762,1.37024376453051,-35.03136114419991,False,-0.00021657296538368266,26.06376919291074,-35.62657207761832,0.6969696969695203,16,4,1.3666178631417927,SL,2022-01-14 16:45:00+00:00,-9.621368582075629,-542.8080200709485,30,False
2022-01-18 13:00:00+00:00,2,GBP_USD,LONG,1.3586300000000002,1.357638510879151,1.3620070494407566,1.362898126430572,1.3646802804102027,541992.77,2,OVERLAP,1.5,0.000962978241697639,61.69003857219409,25.23564671556126,1.3627275078572822,1.3655385378519347,-35.67049440756475,False,-0.0003111604113053792,17.598940221893205,-42.87507857282158,0.6521739130433838,13,1,1.357638510879151,SL,2022-01-18 15:00:00+00:00,-9.914891208491206,-537.3799350338796,120,False
2022-01-24 09:45:00+00:00,2,GBP_USD,LONG,1.35268,1.3520692277320077,1.3539297069753755,1.3542522119324023,1.354897221846456,871038.47,2,LONDON,1.5,0.0007015445359847878,32.57143235539704,29.63154539986266,1.3548282620422978,1.3574406600024227,-14.397069753755432,False,-0.00012827215054196216,16.33582071530581,-23.382620422978118,0.9189189189189838,9,0,1.3520692277320077,SL,2022-01-24 10:00:00+00:00,-6.107722679924432,-532.0061418305677,15,False
2022-01-27 13:15:00+00:00,2,GBP_USD,LONG,1.3373100000000002,1.3363938128779467,1.3406663456243832,1.3414808358934076,1.3431098164314563,574867.37,2,OVERLAP,1.5,0.0010123742441066623,52.57207831692035,24.777155826708807,1.3422224281732245,1.3467584995222894,-35.46345624383162,False,-0.00022561445916538699,27.427439053365415,-51.024281732243715,0.7305699481864874,13,3,1.3363938128779467,SL,2022-01-27 13:30:00+00:00,-9.161871220535467,-526.6860812827914,15,False
2022-01-31 09:30:00+00:00,2,GBP_USD,SHORT,1.3444299999999998,1.3451949980975815,1.343699178695163,1.3435362248762988,1.3432103172385703,681595.44,2,LONDON,1.5,0.0007299961951627983,39.49014635728891,71.11150451283176,1.3417105270400786,1.3414238522082083,9.208213048368386,False,0.00010587102270898899,55.41493798087149,29.094729599212776,0.7957746478872336,9,0,1.3432103172385703,TP3,2022-01-31 11:00:00+00:00,8.611843599281356,586.9793327263359,90,True
2022-02-01 09:45:00+00:00,2,GBP_USD,SHORT,1.3495899999999998,1.3504713613700494,1.3482690920493885,1.3479465464927067,1.3473014553793434,598266.53,2,LONDON,1.5,0.0007827227400988159,53.48050420218375,73.52758402055181,1.3457280993902314,1.3435146207775865,15.109079506114842,False,0.00027469559823016044,78.50120119349917,40.51900609768566,0.8159509202454214,9,1,1.3504713613700494,SL,2022-02-01 11:15:00+00:00,-8.813613700495715,-527.2890085356031,90,False
2022-02-01 11:15:00+00:00,2,GBP_USD,SHORT,1.35092,1.3517762682644996,1.3490021902217335,1.3485119784299706,1.347531554846445,609640.86,2,LONDON,1.5,0.0007725365289990701,53.926543392529446,76.1653020472443,1.3466727490083128,1.3439006634935282,21.07809778266523,False,0.00015913816117440202,73.5766888485031,44.37250991687236,0.8041958041957694,11,1,1.3484235149285428,TP1+TP2+SL,2022-02-01 13:00:00+00:00,21.761851993620013,1326.691416458322,105,True
2022-02-02 12:45:00+00:00,2,GBP_USD,SHORT,1.3578,1.3583828318732794,1.354842001809305,1.354166863028438,1.3528165854667042,918417.57,2,LONDON,1.5,0.0007256637465584794,63.99639993137795,82.03778221988877,1.3538084944653048,1.349494668486352,31.479981906950005,False,0.000253065362523905,80.35132469747779,41.815055346952064,0.9097222222221002,12,2,1.3583828318732794,SL,2022-02-02 13:00:00+00:00,-5.828318732794546,-535.2830327758646,15,False
2022-02-07 10:30:00+00:00,2,GBP_USD,LONG,1.35054,1.3496084224937301,1.352905307373725,1.3535391742755947,1.3548069080793343,568852.51,2,LONDON,1.5,0.0008631550125394053,34.93111663307294,28.60950443427855,1.3528954286733226,1.3546468295566463,-25.55307373725002,False,-0.00033600073920523325,10.647986480253687,-25.45428673322636,0.6862745098040496,10,0,1.3496084224937301,SL,2022-02-07 10:45:00+00:00,-9.315775062699315,-529.9302027011913,15,False
2022-02-11 12:00:00+00:00,2,GBP_USD,SHORT,1.35804,1.3598164016656837,1.355673979913969,1.355220104563432,1.3543123538623578,295333.49,2,LONDON,1.5,0.0010576011104558285,31.596017868276792,70.74784608513417,1.3552510736286556,1.3553606300920311,25.560200860310633,False,0.00020011110874977784,58.15685082861845,29.78926371344448,0.7865612648222214,12,4,1.3598164016656837,SL,2022-02-11 13:00:00+00:00,-17.76401665683824,-524.630903568217,60,False
2022-02-11 13:00:00+00:00,2,GBP_USD,SHORT,1.3595099999999998,1.3613457500253434,1.3561578256852291,1.3554746339028354,1.3541082503380477,282927.73,2,OVERLAP,1.5,0.001097166683562312,41.03641565323887,72.4688269462104,1.3557457308697183,1.3554870195381816,35.42174314770774,False,0.0003009301690774272,78.88995795674332,39.54269130281629,0.8434343434342222,13,4,1.355717543042566,TP1+TP2+SL,2022-02-11 19:15:00+00:00,36.57333835007903,1034.7611597909804,375,True
2022-02-15 14:45:00+00:00,2,GBP_USD,LONG,1.3491300000000002,1.347925560132026,1.3545111557709308,1.355065305093182,1.3561736037376841,439816.23,2,OVERLAP,1.5,0.0014488797359479611,31.262237290773832,28.321798987258873,1.3539387987842064,1.3540842576822976,-55.71155770930813,False,-0.0004681786326937587,14.734285530463596,-49.98798784206393,0.9014084507042077,14,1,1.3549397932084477,TP1+TP2+SL,2022-02-16 06:00:00+00:00,56.39403649346119,2480.301252503652,915,True
2022-02-24 09:15:00+00:00,2,GBP_USD,LONG,1.3451700000000002,1.344169170594752,1.3469767778037507,1.347472337707988,1.3484634575164625,554075.66,2,LONDON,1.5,0.0012616588104958752,47.97595188556587,25.484448577346342,1.3508971658437332,1.3555215418033142,-19.967778037506267,False,-0.00027837857322436394,5.929554587912754,-59.17165843733141,0.825503355704597,9,3,1.344169170594752,SL,2022-02-24 09:45:00+00:00,-10.008294052481492,-554.5352132602758,30,False
2022-02-24 09:45:00+00:00,2,GBP_USD,LONG,1.34356,1.34263655525772,1.3463994536708326,1.347097665462142,1.3484940890447612,594502.13,2,LONDON,1.5,0.001266889484560217,54.01330350267712,21.17032046374598,1.3503730085316432,1.35529520746895,-30.29453670832627,False,-0.00036284104480467845,5.239336368688833,-70.03008531643262,0.869047619047564,9,3,1.34263655525772,SL,2022-02-24 10:15:00+00:00,-9.234447422801217,-548.9898662228335,30,False
2022-02-24 11:00:00+00:00,2,GBP_USD,LONG,1.3404800000000001,1.3395364076190437,1.3448312841203613,1.345941975677998,1.348163358793271,575990.2,2,LONDON,1.5,0.0013671847619124641,66.28023933036837,15.808228937816011,1.3488739462596468,1.3546534036160178,-45.41284120361366,False,-0.0004094703299447914,19.532751978141487,-85.83946259646868,0.8962655601659415,11,3,1.3395364076190437,SL,2022-02-24 11:15:00+00:00,-9.435923809564262,-543.4999642255681,15,False
2022-02-24 15:00:00+00:00,2,GBP_USD,LONG,1.33193,1.330361775725361,1.3405836999332315,1.3427318697176716,1.3470282092865518,343104.6,2,OVERLAP,1.5,0.001636448549277976,62.7777002901055,13.257727237313276,1.3431884317584712,1.3520747652144818,-88.4369993323153,False,-0.00038203944440542764,8.20885891699021,-114.48431758471322,0.6211453744493995,15,3,1.330361775725361,SL,2022-02-24 15:30:00+00:00,-15.682242746390962,-538.0649624603373,30,False
2022-02-24 15:30:00+00:00,2,GBP_USD,LONG,1.3304500000000001,1.329239719885643,1.3399842852650206,1.3423580350889306,1.3471055347367509,440133.08,2,OVERLAP,1.5,0.001580560228714177,66.01129932794996,11.545581147515136,1.3422357649565897,1.3516536367233163,-97.24285265020559,False,-0.00043542393815071455,6.461822745661571,-119.75764956589695,0.7971014492754719,15,3,1.329239719885643,SL,2022-02-24 15:45:00+00:00,-12.102801143571982,-532.6843143947859,15,False
2022-03-07 08:30:00+00:00,2,GBP_USD,LONG,1.3173500000000002,1.3165009921807274,1.3186481935812562,1.3189395334247958,1.3195222131118751,621145.6,2,LONDON,1.5,0.0012180156385453906,32.59972280106163,29.29664672221317,1.3214556064591712,1.3275106832807444,-14.881935812560698,False,-0.0003875223920163692,5.932794560790701,-42.956064591710415,0.7553191489361162,8,0,1.3165009921807274,SL,2022-03-07 08:45:00+00:00,-8.490078192728845,-527.3574713069473,15,False
2022-03-09 10:00:00+00:00,2,GBP_USD,SHORT,1.3166099999999998,1.3176064108860677,1.3139083627903316,1.3133672357550772,1.3122849816845683,523964.47,2,LONDON,1.5,0.0011528217721357137,40.34175527920604,74.8879020466517,1.3121863829771012,1.3139278284209581,28.916372096683407,False,0.0003837206328598996,89.24423522644832,46.136170228987524,0.8502415458937053,10,2,1.3176064108860677,SL,2022-03-09 10:30:00+00:00,-9.964108860678333,-522.0839018207627,30,False
2022-03-17 12:00:00+00:00,2,GBP_USD,LONG,1.3114700000000001,1.3087757220120193,1.3170267675831349,1.3176731895146698,1.31896603337774,191837.32,2,LONDON,1.5,0.001669518658653806,32.168161071528836,28.078500337595173,1.316278489628322,1.311069594017915,-57.46767583134859,False,-0.00038840899985366517,63.055036871596066,-49.98489628321945,0.8417132216014861,12,3,1.3087757220120193,SL,2022-03-17 12:45:00+00:00,-26.94277987980831,-516.8630685492349,45,False
2022-03-22 08:30:00+00:00,2,GBP_USD,SHORT,1.31863,1.3205019571938625,1.316237290148307,1.3157290115873657,1.3147124544654831,273347.29,2,LONDON,1.5,0.0011213047959083467,46.683692826260106,76.46386604144793,1.314809587391024,1.315315049917343,25.827098516930658,False,0.0006203802968103493,91.50845158653658,40.10412608976166,0.8186666666667183,8,1,1.3205019571938625,SL,2022-03-22 10:30:00+00:00,-18.719571938625723,-511.6944259383387,120,False
2022-03-22 10:45:00+00:00,2,GBP_USD,SHORT,1.32086,1.3223154667987227,1.318222180150426,1.317538812968666,1.316172078605146,348051.56,2,LONDON,1.5,0.0012309335974451585,58.69232025851822,73.68736473298905,1.3161100480282744,1.315636797427816,28.278198495741425,False,0.0004931992646789746,75.56615694052762,49.39951971725698,0.5166666666667139,10,1,1.3223154667987227,SL,2022-03-22 11:45:00+00:00,-14.554667987227708,-506.57748982366644,60,False
2022-03-22 12:15:00+00:00,2,GBP_USD,SHORT,1.3244699999999998,1.325378443128272,1.3194075872739777,1.31831768023544,1.3161378661583643,552056.25,2,LONDON,1.5,0.0012568862565436646,66.1351713957759,82.9004074869597,1.317429152205658,1.3160214249455562,52.52412726022282,False,0.00044418211156447445,83.15725717860742,72.3084779434191,0.9444444444444346,12,1,1.325378443128272,SL,2022-03-22 13:15:00+00:00,-9.08443128272207,-501.5117067322237,60,False
2022-03-22 13:15:00+00:00,2,GBP_USD,SHORT,1.32581,1.3268737628640819,1.3202749807169796,1.3189153379432879,1.3161960523959042,466736.16,2,OVERLAP,1.5,0.0013075257281638943,70.02241605267777,78.65099618358084,1.3184728423980794,1.3163522775713907,57.25019283020494,False,0.00035904663694549853,80.51037759884345,75.27157601920686,0.6282051282051611,13,1,1.3268737628640819,SL,2022-03-22 14:00:00+00:00,-10.637628640819406,-496.49659433220694,45,False
2022-03-23 11:15:00+00:00,2,GBP_USD,LONG,1.32047,1.3196757474002634,1.3227543276962883,1.3233025300035017,1.3243989346179283,618860.58,2,LONDON,1.5,0.0010885051994732587,67.38763583182595,22.981337822442626,1.3249689546405568,1.3219310558468722,-24.743276962884142,False,-0.0002636348380145243,11.193445745072767,-46.889546405568524,0.9387755102041325,11,2,1.3196757474002634,SL,2022-03-23 12:00:00+00:00,-7.942525997366444,-491.5316245395276,45,False
2022-03-23 12:15:00+00:00,2,GBP_USD,LONG,1.3183500000000001,1.317429440896994,1.3220513531214828,1.3227997747275206,1.3242966179395965,528609.53,2,LONDON,1.5,0.001161118206011974,74.652102399921,20.123127222265524,1.3241889341677855,1.321844474583947,-38.9135312148281,False,-0.0002851971797909183,13.873063468267235,-60.289341677854935,0.7317073170731602,12,2,1.317429440896994,SL,2022-03-24 08:15:00+00:00,-9.205591030061466,-486.6163147773008,1200,False
2022-03-25 08:45:00+00:00,2,GBP_USD,LONG,1.31638,1.3155422700955899,1.3176234358224066,1.3178467262861615,1.3182933072136713,575066.19,2,LONDON,1.5,0.0009354598088201034,51.646624889085544,25.35508359992201,1.3197523517451961,1.3198421405912304,-14.334358224066257,False,-0.0005638687806413382,15.588662946018772,-35.62351745196146,0.8387096774193218,8,4,1.31638,TP1+SL,2022-03-25 09:30:00+00:00,6.217179112032455,357.52895045040873,45,True
2022-03-28 13:45:00+00:00,2,GBP_USD,LONG,1.3083500000000001,1.3072429063793636,1.3126834263613358,1.3137921753295054,1.3160096732658444,438377.95,2,OVERLAP,1.5,0.0012741872412726115,40.57768636289154,27.923332030323976,1.3135146825541035,1.3169094973284554,-45.23426361335847,False,-0.0003977270494972382,17.48888053623889,-53.5468255410354,0.7249999999998844,13,0,1.3072429063793636,SL,2022-03-28 14:30:00+00:00,-11.070936206365456,-485.32543187272654,45,False
2022-03-30 09:15:00+00:00,2,GBP_USD,SHORT,1.3148799999999998,1.3162278076433138,1.3131957539224408,1.3128060071843262,1.3120265137080969,356484.24,2,LONDON,1.5,0.0011556152866275715,30.72215516964429,70.52717993210742,1.311340744227928,1.3115990958701975,18.742460775591496,False,0.00023090160165832932,92.35268826527978,37.292557720720595,0.9469026548671088,9,2,1.3148799999999998,TP1+SL,2022-03-30 11:00:00+00:00,8.421230387795076,300.2035914658033,105,True
2022-04-22 08:30:00+00:00,2,GBP_USD,LONG,1.2885400000000002,1.2875593546463793,1.2901436949578402,1.2904322574620715,1.2910093824705342,493016.38,2,LONDON,1.5,0.001541290707241244,74.74638626561776,13.859305486778823,1.2995026401204397,1.302735496859085,-17.936949578400974,False,-0.0010808698538087845,7.493101523035574,-111.52640120439594,0.8134920634919929,8,4,1.2875593546463793,SL,2022-04-22 09:15:00+00:00,-9.80645353620968,-483.47422230602956,45,False
2022-04-22 09:15:00+00:00,2,GBP_USD,LONG,1.2874,1.286134363031376,1.2893817732104849,1.2898509015799136,1.290789158318771,378180.7,2,LONDON,1.5,0.0015712739372481836,81.97963184322194,15.767303530039442,1.2982327001494876,1.3023085177577631,-21.717732104848952,False,-0.0007708783569051712,15.347367537265718,-110.22700149487585,0.647272727272762,9,4,1.290789158318771,TP3,2022-04-22 10:45:00+00:00,23.570759060277165,891.4006160946961,90,True
2022-04-22 14:45:00+00:00,2,GBP_USD,LONG,1.2844200000000001,1.2830259658026237,1.2881888300254634,1.2889686001470175,1.2905281403901259,349742.84,2,OVERLAP,1.5,0.0016280683947525363,42.98639198021428,27.35986053745333,1.2921884014568334,1.2995053407236992,-39.58830025463378,False,-4.1095312799426225e-05,28.995505984846165,-79.58401456833464,0.7122641509434876,14,4,1.2830259658026237,SL,2022-04-22 16:15:00+00:00,-13.940341973763815,-487.55347924753625,90,False
2022-04-25 10:45:00+00:00,2,GBP_USD,LONG,1.2710500000000002,1.2701709948057995,1.2736296237987925,1.2743080731619836,1.2756649718883655,549118.43,2,LONDON,1.5,0.0013380103884008553,59.182460997657536,24.9360235825836,1.2776037998490222,1.2884291296375734,-27.6962379879242,False,-0.00014798357777948828,7.961533096942816,-67.43799849022069,0.60583941605827,10,0,1.2740002688404748,TP1+TP2+SL,2022-04-25 12:15:00+00:00,28.726778321614965,1577.4403410923246,90,True
2022-04-26 14:15:00+00:00,2,GBP_USD,LONG,1.26618,1.2648593690942653,1.2696836376605494,1.270515842623052,1.2721802525480572,377435.02,2,OVERLAP,1.5,0.0013412618114694702,51.30163734063823,23.378597814219546,1.2712049100828267,1.2778578816620196,-36.9363766054942,False,-0.00014347054456128076,28.548920040694913,-52.149100828267066,0.6285714285714921,14,1,1.2648593690942653,SL,2022-04-26 14:30:00+00:00,-13.206309057347541,-498.4523523186151,15,False
2022-04-26 15:45:00+00:00,2,GBP_USD,LONG,1.26163,1.2601360827106107,1.267978836113953,1.2694706502812514,1.2724542786158481,330318.04,2,OVERLAP,1.5,0.0014878345787784587,70.47178619317675,18.38043612058452,1.269282595394398,1.2769464224749132,-65.38836113953117,False,-0.00046465957949445337,17.568265257184276,-78.42595394398133,0.6725146198831222,15,1,1.2601360827106107,SL,2022-04-26 16:30:00+00:00,-14.939172893893014,-493.4678309531869,45,False
2022-04-26 16:30:00+00:00,2,GBP_USD,LONG,1.2607800000000002,1.259267127811666,1.26758806299948,1.2692943682422402,1.2727069787277603,322917.66,2,OVERLAP,1.5,0.0014657443766677438,76.87745686013697,20.487421315625568,1.2683731144548893,1.2764824519699194,-69.98062999479914,False,-0.0002898493199155437,27.43978440170254,-77.83114454889217,0.6632653061223889,16,1,1.259267127811666,SL,2022-04-26 17:45:00+00:00,-15.128721883341802,-488.5331469359527,75,False
2022-04-28 11:30:00+00:00,2,GBP_USD,LONG,1.2444700000000002,1.2434854885352447,1.250732528011613,1.2523092949754993,1.2554628289032714,491256.66,2,LONDON,1.5,0.0015690229295106165,59.15767952991095,22.944767673053306,1.2519956098478071,1.2582086839899649,-64.52528011613,False,-0.0009350045486985889,8.585879816191397,-77.15609847807059,0.9554655870445119,11,3,1.2434854885352447,SL,2022-04-28 11:45:00+00:00,-9.845114647555329,-483.64781390751085,15,False
2022-04-29 10:30:00+00:00,2,GBP_USD,SHORT,1.25744,1.2583675768740985,1.2560629932636713,1.2558569648048756,1.255444907887284,516195.86,3,LONDON,1.5,0.001195153748196994,61.43515799215444,75.11901379421823,1.2519518990781306,1.2527806471581855,15.670067363287021,False,-7.62758887153641e-05,52.47439203762587,56.781009218693775,0.9065934065932906,10,4,1.25744,TP1+SL,2022-04-29 11:15:00+00:00,6.885033681642838,355.4025882424591,45,True
2022-04-29 11:15:00+00:00,2,GBP_USD,SHORT,1.2580299999999998,1.2591911976648666,1.2563237373253437,1.2560128264387302,1.2553910046655035,415403.32,3,LONDON,1.5,0.0012623953297335093,58.08384274043877,72.39155252071888,1.2525524399713763,1.2529126777629083,18.96262674656146,False,-5.642893214380189e-05,65.35589929020902,56.675600286235635,0.7868020304569002,11,4,1.2553910046655035,TP3,2022-04-29 11:45:00+00:00,19.549913839467802,812.1099114628872,30,True
2022-05-05 11:00:00+00:00,2,GBP_USD,LONG,1.2459300000000002,1.2440682655426767,1.2531629811724756,1.2539643990398484,1.255567234774594,263456.73,2,LONDON,1.5,0.002103468914646611,33.48146012486825,23.264011747937957,1.2557301564413104,1.254216488752174,-74.22981172475528,False,-0.00034438868194234466,8.697785253712604,-99.90156441310293,0.7313677313677318,11,3,1.2440682655426767,SL,2022-05-05 11:15:00+00:00,-18.61734457323516,-490.4864722547781,15,False
2022-05-05 12:15:00+00:00,2,GBP_USD,LONG,1.2371100000000002,1.2346890412721208,1.2475860584307843,1.2499927452025863,1.2548061187461903,200574.09,2,LONDON,1.5,0.0027419174557585376,58.62172246592411,17.959782665346992,1.2528626424395473,1.2535222949562799,-106.66058430784275,False,-0.0017544789099000362,9.297270180347601,-159.42642439547237,0.7500000000000114,12,3,1.2346890412721208,SL,2022-05-05 15:15:00+00:00,-24.209587278793965,-485.58159377196756,180,False
2022-05-17 11:30:00+00:00,2,GBP_USD,SHORT,1.2492699999999999,1.2503403191871494,1.246711303917286,1.246280744290154,1.2454196250358902,449142.45,3,LONDON,1.5,0.0017606383742988522,56.43747978745708,74.22572447742326,1.239826802679216,1.2309633951843595,27.486960827141083,False,-0.00012819076606621418,72.98642036395621,96.33197320783937,0.8987854251012696,11,1,1.2492699999999999,TP1+SL,2022-05-17 12:45:00+00:00,12.793480413569869,574.6095136977784,75,True
2022-05-19 13:15:00+00:00,2,GBP_USD,SHORT,1.2455399999999999,1.2475740463092015,1.2410591125862624,1.2400657300600657,1.238078965007672,239164.6,2,OVERLAP,1.5,0.0016280926184028832,44.16356038000063,72.51509868618793,1.2395650643805498,1.2388082333197112,46.70887413737557,False,0.0002548215840080289,81.07706474722738,61.649356194501955,0.5055350553505897,13,3,1.2475740463092015,SL,2022-05-19 13:30:00+00:00,-20.34046309201676,-486.47187192169514,15,False
2022-05-19 15:30:00+00:00,2,GBP_USD,SHORT,1.2516599999999998,1.2533943544724568,1.2443083491236142,1.2424774813776058,1.238815745885589,277686.69,2,OVERLAP,1.5,0.0019087089449136199,52.86033755042517,77.0367953011395,1.2425285403477655,1.2397112241937382,75.41650876385697,False,0.00038037696636907935,68.95867498795604,93.2145965223441,0.6082089552238018,15,3,1.24692,TP1+TIME,2022-05-20 11:30:00+00:00,60.45825438192652,1678.8452542495174,1200,True
2022-05-24 08:30:00+00:00,2,GBP_USD,LONG,1.2485600000000001,1.2475359745793053,1.2534383768487567,1.2540707298001006,1.2553354357027882,486702.38,2,LONDON,1.5,0.0016280508413895709,34.936468202000924,18.500078064444438,1.256810509558254,1.2537187846499727,-50.68376848756717,False,-0.0005978847326475301,12.85193374529951,-84.40509558254038,0.9977246871444927,8,1,1.2475359745793053,SL,2022-05-24 08:45:00+00:00,-10.240254206947961,-498.3956094326586,15,False
2022-05-25 15:15:00+00:00,2,GBP_USD,SHORT,1.2554299999999998,1.2567261110136279,1.251310792256263,1.2504030996414506,1.248587714411826,380686.26,2,OVERLAP,1.5,0.00149222202725537,61.31314209235447,70.62517406750244,1.2520857928486613,1.2526317009217198,43.09207743736998,False,0.0006561854099072646,87.63483839096743,35.34207151338675,0.8911564625850659,15,2,1.2567261110136279,SL,2022-05-25 18:00:00+00:00,-12.961110136280318,-493.4116543228645,165,False
2022-05-31 12:45:00+00:00,2,GBP_USD,LONG,1.2563700000000002,1.2553968454866078,1.2594487696360526,1.2602226438159072,1.2617703921756167,501952.71,2,LONDON,1.5,0.0012263090267843502,43.70288282773815,27.231510335972175,1.2606412220449472,1.2620069257538709,-32.68769636052493,False,-0.00031568572969578666,17.934381593384675,-44.61222044947144,0.5555555555554501,12,1,1.2598041760725434,TP1+TP2+SL,2022-05-31 15:15:00+00:00,34.029365644751,1708.1132304963667,150,True
2022-06-02 11:15:00+00:00,2,GBP_USD,SHORT,1.25562,1.25634140403612,1.2542603131540095,1.253949127331625,1.2533267556868561,700798.23,2,LONDON,1.5,0.0008628080722397216,72.59410626853189,77.80523814498711,1.2517488333893318,1.2544155100138672,15.4968684599055,False,4.9555011394636925e-05,86.21173645660618,40.61166610668243,0.6725663716814542,11,3,1.2546502227077374,TP1+TP2+SL,2022-06-02 12:45:00+00:00,14.101154507658253,988.2064119923425,90,True
2022-06-10 12:45:00+00:00,2,GBP_USD,LONG,1.23848,1.2373874076337077,1.2442375378617292,1.245220690050117,1.2471869944268927,471759.42,2,LONDON,1.5,0.0016851847325845856,70.02622924529015,20.35497521388632,1.2469363620852418,1.250551752100409,-59.47537861729302,False,-0.0004372678259289885,48.274818120950535,-86.46362085241942,0.8967032967033044,12,4,1.2373874076337077,SL,2022-06-10 13:45:00+00:00,-10.925923662923333,-515.4407410184987,60,False
2022-06-10 13:45:00+00:00,2,GBP_USD,LONG,1.2370700000000001,1.2353597292645337,1.2429226045956905,1.2442618295078869,1.2469402793322795,298365.82,2,OVERLAP,1.5,0.0017805414709326473,73.23500221387638,22.457086338463228,1.2456721204655063,1.2500760265501143,-60.426045956905035,False,-0.0006018211560724954,11.262070351951166,-87.92120465506369,0.6759259259259526,13,4,1.2353597292645337,SL,2022-06-10 14:00:00+00:00,-17.102707354663682,-510.28633040942606,15,False
2022-06-10 15:15:00+00:00,2,GBP_USD,LONG,1.2320700000000002,1.2303814280742684,1.240977949195142,1.2430740573594896,1.2472662736881845,299177.94,2,OVERLAP,1.5,0.0018771438514632124,81.1897203907457,17.893295657893205,1.243130354499979,1.2491284882364289,-90.97949195141952,False,-0.0006128183140878089,17.812010347105772,-112.50354499978909,0.7250996015935952,15,4,1.2303814280742684,SL,2022-06-10 17:15:00+00:00,-16.885719257317966,-505.1834702822719,120,False
2022-06-13 11:00:00+00:00,2,GBP_USD,LONG,1.21872,1.2171785929475563,1.2214799437811665,1.2220197728092377,1.22309943086538,324464.35,2,LONDON,1.5,0.001442814104887483,58.81682482064782,26.28439356100243,1.2257841019616984,1.237110020856429,-29.499437811666418,False,-0.00018088078774052192,29.84519224891159,-72.54101961698511,0.7142857142857284,11,0,1.2171785929475563,SL,2022-06-13 11:45:00+00:00,-15.41407052443766,-500.1316373565825,45,False
2022-06-13 11:45:00+00:00,2,GBP_USD,LONG,1.21632,1.2153433522980253,1.220796746828675,1.2216767210003965,1.2234366693438394,506969.21,2,LONDON,1.5,0.0015532954039496297,62.38590112162386,23.79205826605262,1.2248128301459609,1.2365218525292836,-46.66746828674961,False,-0.0003509920934836124,7.160619998637938,-86.82830145960939,0.8818181818182139,11,0,1.21632,TP1+SL,2022-06-13 14:15:00+00:00,22.38373414337413,1134.7864015516411,150,True
2022-06-14 14:00:00+00:00,2,GBP_USD,LONG,1.2014200000000002,1.1999860061516627,1.209698814032379,1.211485719773586,1.215059531256,353194.11,2,OVERLAP,1.5,0.0021079876966749304,61.72595076107004,20.07339682988315,1.2117931165846956,1.2217560890530614,-84.6881403237898,False,-0.00040095431844972777,9.295790152015073,-105.63116584695553,0.8668076109936741,14,1,1.1999860061516627,SL,2022-06-14 14:45:00+00:00,-14.339938483374224,-506.47818100901094,45,False
2022-06-14 14:45:00+00:00,2,GBP_USD,LONG,1.2003000000000001,1.1988233930448988,1.2086170198590298,1.2106652453624318,1.214761696369236,339571.34,2,OVERLAP,1.5,0.0022932139102021807,68.31268115117459,23.319993668902782,1.2106417855355247,1.221161364381216,-85.07019859029796,False,-0.0004949485403306364,19.487227466226056,-105.31785535524695,0.6515151515151643,14,1,1.1988233930448988,SL,2022-06-14 17:45:00+00:00,-14.766069551013226,-501.413402397076,180,False
2022-06-15 11:00:00+00:00,2,GBP_USD,SHORT,1.21101,1.2120634858595818,1.2082819289578406,1.207689481879551,1.2065045877229719,471196.89,2,LONDON,1.5,0.001686971719163648,38.90088319400502,73.5988733522087,1.2048565451487818,1.210905148595649,29.180710421594647,False,0.0002783687498823528,79.22431374648073,63.43454851218233,0.8429752066116339,11,2,1.2120634858595818,SL,2022-06-15 11:15:00+00:00,-10.534858595818708,-496.39926069395426,15,False
2022-06-16 16:15:00+00:00,2,GBP_USD,SHORT,1.2371199999999998,1.2391570618525232,1.219521285899158,1.215436260488869,1.2072662096682916,241247.1,2,OVERLAP,1.5,0.003434123705046108,44.901213930294084,73.4233208799134,1.220640211522273,1.2146950813751023,177.8871410084193,False,0.0009211194837325416,90.5550440922877,166.6978847772693,0.8250460405156131,16,3,1.2391570618525232,SL,2022-06-16 16:30:00+00:00,-20.37061852523392,-491.435264441896,15,False
2022-06-28 12:45:00+00:00,2,GBP_USD,LONG,1.2214800000000001,1.2204239226057532,1.2253934150560521,1.2263171281813336,1.2281645544318969,460686.8,2,LONDON,1.5,0.0012921547884937902,42.21200887424505,25.080827269158135,1.225977664418176,1.2269335226993112,-41.03415056052162,False,-0.0004161620976100694,23.669651579656108,-46.87664418175918,0.7329192546584099,12,1,1.2204239226057532,SL,2022-06-28 14:00:00+00:00,-10.56077394246957,-486.520915307969,75,False
2022-07-01 09:45:00+00:00,2,GBP_USD,LONG,1.20693,1.205655978771123,1.20977107655475,1.2104566242886305,1.2118277197563914,378059.41,2,LONDON,1.5,0.0013880424577540679,48.73526230284941,23.664553168452386,1.212477899003418,1.2150297862610826,-30.310765547501006,False,-0.00035528694071002877,8.094602656068743,-57.37899003418034,0.7607655502392522,9,4,1.205655978771123,SL,2022-07-01 10:45:00+00:00,-12.74021228877098,-481.65571411675063,60,False
2022-07-01 11:30:00+00:00,2,GBP_USD,LONG,1.2035000000000002,1.2023109191156995,1.2079271204193571,1.2090095566727899,1.2111744291796556,401014.9,2,LONDON,1.5,0.0015181617686013077,56.22835624954233,21.37036603553186,1.2108292824220956,1.2144061091104885,-46.17120419357023,False,-0.0004133221606001545,11.11460179578208,-75.1928242209554,0.7484662576687017,11,4,1.2023109191156995,SL,2022-07-01 12:15:00+00:00,-11.89080884300697,-476.8391519097557,45,False
2022-07-01 12:15:00+00:00,2,GBP_USD,LONG,1.2013300000000002,1.2002635748167607,1.2070001629034992,1.208331338134088,1.2109936885952661,442666.55,2,LONDON,1.5,0.0015328503664785412,59.189186827773675,20.49738609685484,1.2099092853252307,1.2140608368038288,-58.601629034991106,False,-0.0004684668286254745,8.488835429792035,-87.6928532523058,0.8461538461537457,12,4,1.2002635748167607,SL,2022-07-01 13:15:00+00:00,-10.664251832395166,-472.07075669775463,60,False
2022-07-05 08:45:00+00:00,2,GBP_USD,LONG,1.2045700000000001,1.2034742045496225,1.20611528175665,1.206365562343601,1.2068661235175027,426493.88,2,LONDON,1.5,0.0015715909007554237,49.11016031246703,28.59291663702352,1.2099571800700266,1.2109613136769013,-17.352817566500534,False,-0.0006053246666716022,20.308235837647167,-55.771800700266105,0.7602523659306318,8,1,1.2034742045496225,SL,2022-07-05 09:45:00+00:00,-10.957954503776346,-467.35005331790484,60,False
2022-07-05 09:45:00+00:00,2,GBP_USD,LONG,1.20334,1.2020801238062724,1.2053273382388707,1.2058583342052762,1.2069203261380874,367239.7,2,LONDON,1.5,0.0015197523874551228,61.37538578571157,29.411998534471522,1.209098568179256,1.210695272493372,-21.77338238870785,False,-0.0005147165528143537,7.608286777421541,-59.48568179256153,0.7578125000000068,9,1,1.2020801238062724,SL,2022-07-05 11:00:00+00:00,-12.598761937276937,-462.67655542170013,75,False
2022-07-05 11:00:00+00:00,2,GBP_USD,LONG,1.2010600000000002,1.2000582543702072,1.2045721798341642,1.2053620589057596,1.2069418170489505,457251.59,2,LONDON,1.5,0.001543491259585615,66.2481109786124,28.524159691754377,1.2079232601041103,1.2103027756792306,-37.02179834164099,False,-0.00033587896411411836,29.02657422444949,-70.53260104110225,0.7999999999999783,11,1,1.2000582543702072,SL,2022-07-05 11:15:00+00:00,-10.017456297930494,-458.0497819984232,15,False
2022-07-05 12:15:00+00:00,2,GBP_USD,LONG,1.1978900000000001,1.1969623395197635,1.203231799184216,1.2045647918767497,1.2072307772618167,488831.1,2,LONDON,1.5,0.0014753209604727855,75.93425986848759,22.556827287148536,1.206342437500438,1.209763158481486,-55.31799184216091,False,-0.0004092682590420074,9.229347887885286,-86.42437500437916,0.7768595041322254,12,1,1.1969623395197635,SL,2022-07-05 12:30:00+00:00,-9.27660480236625,-453.4692929805977,15,False
2022-07-05 15:00:00+00:00,2,GBP_USD,LONG,1.1903700000000002,1.1891560265138728,1.199174765272855,1.201306376616968,1.2055695993051938,369805.93,2,OVERLAP,1.5,0.0019079469722546713,68.32099636122454,20.250007690471904,1.202194264350074,1.2082086369858802,-89.94765272855031,False,-0.00031594901314593166,14.159020333573414,-120.14264350074022,0.8117647058822992,15,1,1.19065,TIME,2022-07-06 11:00:00+00:00,2.7999999999983594,103.54566039993932,1200,True
2022-07-06 12:00:00+00:00,2,GBP_USD,LONG,1.1879400000000002,1.186703718372552,1.1932692616259803,1.1945443120226933,1.197094412816119,363970.51,2,LONDON,1.5,0.001772563254895949,51.01773358455841,26.732501796862337,1.1941751002168692,1.2003909360774403,-55.19261625980265,False,-0.0006271631265808602,16.30998783287227,-64.2510021686915,0.833333333333304,12,2,1.1943749059918363,TP1+TP2+SL,2022-07-07 03:45:00+00:00,59.41375919708047,2162.4856235978573,945,True
2022-07-07 09:30:00+00:00,2,GBP_USD,SHORT,1.1995399999999998,1.2006001755671412,1.1971101976416445,1.1967320820135874,1.195975850757473,444827.18,2,LONDON,1.5,0.0016403511342821147,31.61987088904963,72.17115212367894,1.1946573383053125,1.196377018377453,26.19802358355461,False,0.000312092743045922,77.06872462138227,50.72661694687452,0.9230769230769577,9,3,1.2006001755671412,SL,2022-07-07 10:00:00+00:00,-10.601755671413304,-471.5949078363787,30,False
2022-07-11 13:00:00+00:00,2,GBP_USD,LONG,1.1902100000000002,1.1889092821868135,1.1945106072351184,1.1953474301859048,1.1970210760874775,358939.47,2,OVERLAP,1.5,0.001601435626373244,37.807504918609,29.85255976250768,1.1963588544531025,1.1986303772378657,-44.906072351182935,False,-0.00035425046016356585,19.571509835413558,-63.38854453102449,0.8745098039215328,13,0,1.1889092821868135,SL,2022-07-11 13:30:00+00:00,-13.00717813186747,-466.8789624848099,30,False
2022-07-11 14:15:00+00:00,2,GBP_USD,LONG,1.18812,1.185732918735476,1.1929231359801065,1.1941485111589616,1.1965992615166718,193629.84,2,OVERLAP,1.5,0.0017341625290485411,49.26206258110005,28.805016892122467,1.1950272345491457,1.198162181548684,-49.931359801065334,False,-0.0004124494916938118,34.27996510113363,-70.97234549145792,0.4074074074074711,14,0,1.185732918735476,SL,2022-07-12 05:00:00+00:00,-23.870812645241376,-462.2101633168065,885,False
2022-07-13 12:30:00+00:00,2,GBP_USD,LONG,1.18446,1.1816469457892267,1.1900026252620757,1.1908425107980272,1.19252228186993,162665.93,2,LONDON,1.5,0.0021261084215463658,38.51135704168495,28.664882428254757,1.1901013622721386,1.1903708514794749,-57.32625262075741,False,-0.0002522468898928562,44.47669356243198,-58.313622721386515,0.8439849624060153,12,2,1.19252228186993,TP3,2022-07-13 14:45:00+00:00,62.14533690836765,1010.8929023362949,135,True
2022-07-18 09:30:00+00:00,2,GBP_USD,SHORT,1.19688,1.1981176641592173,1.1951215966995201,1.1947398252720611,1.193976282417143,377886.84,2,LONDON,1.5,0.0013953283184348563,53.940966311052954,71.42569710447401,1.1905663284566474,1.1870771834922267,19.484033004799617,False,0.0003767135743798463,80.93820038972096,65.0367154335263,0.5261044176707658,9,0,1.1981176641592173,SL,2022-07-18 09:45:00+00:00,-12.376641592173332,-467.69699810789496,15,False
2022-07-18 14:15:00+00:00,2,GBP_USD,SHORT,1.20077,1.2021292910523023,1.1972486946771796,1.1964153999136207,1.194748810386503,340633.47,2,OVERLAP,1.5,0.0013985821046043241,43.4252745102127,72.198482596952,1.1945841123907084,1.1889651487680535,37.113053228203796,False,0.00012409395870494533,74.48987319228364,63.75887609291642,0.680981595091982,14,0,1.2021292910523023,SL,2022-07-18 14:30:00+00:00,-13.592910523023692,-463.0200278857075,15,False
2022-07-25 11:00:00+00:00,2,GBP_USD,SHORT,1.20715,1.208406448573085,1.203087152685409,1.2020505063309406,1.1999772136220035,364829.76,2,LONDON,1.5,0.001512897146170308,45.7755394930661,73.26992424585762,1.200682646556588,1.1986836895823219,42.528473145910795,False,0.00041366964879288614,75.81497149295073,66.57353443412006,0.7046263345196112,11,0,1.208406448573085,SL,2022-07-25 13:15:00+00:00,-12.56448573085045,-458.3898313709594,135,False
2022-07-26 10:00:00+00:00,2,GBP_USD,LONG,1.1998600000000001,1.198964862884479,1.202371472319636,1.202981545956771,1.2042016932310409,506968.06,2,LONDON,1.5,0.001190274231042323,63.149965931261995,22.869929608528153,1.2046474003372896,1.2026518811790532,-27.014723196359114,False,-0.00047180488178758624,17.01090747211011,-49.7740033728955,0.7761194029850516,10,1,1.198964862884479,SL,2022-07-26 10:15:00+00:00,-8.951371155212495,-453.80592688980374,15,False
2022-07-26 11:30:00+00:00,2,GBP_USD,LONG,1.1975200000000001,1.1965518853584827,1.2010968606034613,1.2020341453167882,1.2039087147434422,464064.74,2,LONDON,1.5,0.0012562292830346198,69.56611727208862,20.210594085871747,1.2034366144404138,1.2024394907837732,-37.66860603461319,False,-0.0003705707625150992,24.343737422884875,-61.066144404138264,0.8275862068964235,11,1,1.1965518853584827,SL,2022-07-26 12:15:00+00:00,-9.681146415174702,-449.267869405998,45,False
2022-07-29 12:30:00+00:00,2,GBP_USD,LONG,1.21167,1.2097037200030445,1.215791262501803,1.2165223630307795,1.2179845640887326,226201.35,2,LONDON,1.5,0.001692559993910971,36.50041291585899,28.914812375021484,1.2170045891087797,1.2141480188743419,-43.112625018031366,False,-0.0004360364555022324,12.674637523261048,-55.24589108779843,0.7060518731988483,12,4,1.2097037200030445,SL,2022-07-29 13:00:00+00:00,-19.662799969555333,-444.77518978933756,30,False
2022-08-01 14:45:00+00:00,2,GBP_USD,SHORT,1.22799,1.230180247515324,1.2244416285768736,1.2236186133651288,1.2219725829416395,201040.04,2,OVERLAP,1.5,0.0017404950306481217,42.25068362333333,71.75782653548225,1.2224603663196538,1.2178650627258216,37.38371423126496,False,0.0001873443924245064,68.02472076713629,57.19633680346225,0.4724409448819276,14,0,1.2231153341801166,TP1+TP2+SL,2022-08-02 06:45:00+00:00,40.353709067505676,811.2711285079705,960,True
2022-08-04 11:00:00+00:00,2,GBP_USD,LONG,1.2102400000000002,1.2080295942270367,1.216155672756405,1.2168004558290515,1.218090021974345,202876.85,2,LONDON,1.5,0.001920811545926591,34.72057559906329,28.355806577879775,1.2157971103441547,1.2167984193208388,-61.05672756404834,False,-0.00035015016926515053,42.48570897472381,-57.47110344154649,0.6442307692307528,11,3,1.2080295942270367,SL,2022-08-04 11:30:00+00:00,-22.10405772963497,-448.44016044064955,30,False
2022-08-05 12:30:00+00:00,2,GBP_USD,LONG,1.2068400000000001,1.2058125561769488,1.2127752842767665,1.2132841491799375,1.2143018789862798,432097.35,2,LONDON,1.5,0.0014348876461024417,27.960172492020877,19.177630969763044,1.2139876961301124,1.2150942283023112,-61.25284276766507,False,-0.00041426050503884495,30.860830123039793,-73.3769613011237,0.9838274932614692,12,4,1.2058125561769488,SL,2022-08-05 12:45:00+00:00,-10.274438230513104,-443.9557532143402,15,False
2022-08-10 12:30:00+00:00,2,GBP_USD,SHORT,1.2240099999999998,1.2260685552453738,1.2124967061195884,1.211564943948408,1.2097014196060472,213507.11,2,LONDON,1.5,0.002037110490747722,42.034188625194155,85.19404120409351,1.2095375921860274,1.209083392449283,117.0329388041158,False,0.000971916186282886,62.07921395478075,146.62407813972544,0.9269776876267622,12,2,1.2260685552453738,SL,2022-08-10 14:45:00+00:00,-20.58555245374016,-439.51618121514707,135,False
2022-08-12 10:00:00+00:00,2,GBP_USD,LONG,1.21283,1.211956243809128,1.2157194711317505,1.2163542495141546,1.2176238062789626,497989.07,2,LONDON,1.5,0.0012475123817441065,40.153961694479854,24.629882458389318,1.2183214671114604,1.2181819063393509,-30.794711317505552,False,-0.000583828518990801,11.594474153297476,-56.81467111460447,0.9629629629630276,10,4,1.211956243809128,SL,2022-08-12 10:30:00+00:00,-8.737561908720437,-435.1210328991115,30,False
2022-08-16 15:00:00+00:00,2,GBP_USD,SHORT,1.2102899999999999,1.2125073823697237,1.2051055069577137,1.2037941612579415,1.201171469858397,194269.52,2,OVERLAP,1.5,0.001514764739447074,59.74492231177249,70.44424417867123,1.2054636738785556,1.2082206466771466,53.74493042286321,False,0.0006984033176630792,72.57515085582709,50.163261214444255,0.8278688524589806,15,1,1.2125073823697237,SL,2022-08-17 06:00:00+00:00,-22.173823697237967,-430.76980862270455,900,False
2022-08-17 15:45:00+00:00,2,GBP_USD,LONG,1.20297,1.2020108814811228,1.2074963325565313,1.208467099645228,1.2104086338226216,444639.65,2,OVERLAP,1.5,0.0015382370377541408,30.069571437772876,29.89528567644301,1.2078018882915789,1.208674650649726,-47.16332556531366,False,-0.00027453036850347864,9.787067693547707,-50.21888291578902,0.8609271523178633,15,2,1.2073221250155382,TP1+TP2+SL,2022-08-17 18:45:00+00:00,48.399699064261014,2152.0425252038344,180,True
2022-08-18 15:30:00+00:00,2,GBP_USD,LONG,1.1989200000000002,1.1979698374759795,1.2035287071724323,1.2046196533798192,1.206801545794593,471479.92,2,OVERLAP,1.5,0.001420325048040779,48.59561269839487,25.479973872353057,1.2034030852332747,1.2058055983420282,-47.98707172432248,False,-0.0004711909270494147,36.42691622103762,-46.730852332745876,0.9871794871794033,15,3,1.1979698374759795,SL,2022-08-18 15:45:00+00:00,-9.501625240206923,-447.9825508122741,15,False
2022-08-19 10:00:00+00:00,2,GBP_USD,LONG,1.18541,1.1844930812942156,1.1881870124182463,1.1887334246392507,1.1898262490812597,483688.16,2,LONDON,1.5,0.0012938374115691184,41.52031929733541,25.184109613697004,1.1911158366646208,1.19832440510119,-29.67012418246373,False,-0.0004275298180168351,6.312101575261361,-58.958366646209015,0.9375000000000506,10,4,1.1844930812942156,SL,2022-08-19 10:45:00+00:00,-9.169187057844752,-443.50272167047416,45,False
2022-08-31 09:45:00+00:00,2,GBP_USD,LONG,1.1624900000000002,1.1615163535917157,1.1639953671304848,1.1642906755267974,1.1648812923194225,450951.9,2,LONDON,1.5,0.0012072928165688171,48.3521849085008,25.22012476914692,1.166154743423836,1.168961198594948,-16.953671304846818,False,-0.00041513194914650174,11.209999541271065,-38.54743423835849,0.7567567567566513,9,2,1.1615163535917157,SL,2022-08-31 10:45:00+00:00,-9.736464082845675,-439.06769774410145,60,False
2022-09-01 14:00:00+00:00,2,GBP_USD,LONG,1.1517100000000002,1.150661361362873,1.15728438077845,1.1581466779150031,1.1598712721881095,414515.55,3,OVERLAP,1.5,0.0016772772742540238,21.0153536123851,26.301311449152934,1.1579910912876825,1.1624797876478585,-57.64380778449984,False,-0.0003365460438267742,21.12057167335326,-64.71091287682418,0.9952380952380641,14,3,1.150661361362873,SL,2022-09-01 14:45:00+00:00,-10.486386371273415,-434.6770214200904,45,False
2022-09-08 11:30:00+00:00,2,GBP_USD,SHORT,1.1551799999999999,1.1567819833606823,1.1507788579326728,1.1497398982016924,1.1476619787397317,268623.42,2,LONDON,1.5,0.0014639667213645702,45.53551813673212,71.60755639536212,1.1508190411329728,1.1507831733148337,45.911420673272474,False,0.0006924046825149258,80.38709701344041,45.50958867027166,0.5868852459016262,11,3,1.1476619787397317,TP3,2022-09-08 13:00:00+00:00,52.323098521113835,1405.520966973854,90,True
2022-09-13 12:30:00+00:00,2,GBP_USD,LONG,1.15934,1.156532796044402,1.1689634662057924,1.1697279901775681,1.1712570381211194,158301.81,2,LONDON,1.5,0.0021944079111956925,40.40810400473998,20.513473563290717,1.1702854293122538,1.1658841962770459,-98.13466205792487,False,-0.0008575953199491456,23.410193478370427,-111.35429312253864,0.9007832898172347,12,1,1.156532796044402,SL,2022-09-13 12:45:00+00:00,-28.072039555979696,-444.38546721031827,15,False
2022-09-23 09:30:00+00:00,2,GBP_USD,LONG,1.11043,1.1085610498488694,1.1166078890863402,1.1173933371173237,1.1189642331792906,235395.04,2,LONDON,1.5,0.00217790030226126,47.37773196795386,19.86753985907434,1.121963421508852,1.1273723542426464,-63.67889086340339,False,-0.0005170192669593236,47.61920503265642,-117.23421508852194,0.8860000000000082,9,4,1.1085610498488694,SL,2022-09-23 09:45:00+00:00,-18.68950151130644,-439.94159558340397,15,False
2022-09-23 10:15:00+00:00,2,GBP_USD,LONG,1.1091900000000001,1.1061764236581508,1.1144997919675135,1.1158201884826766,1.1184609815130029,144526.68,2,LONDON,1.5,0.002687152683698246,52.322472687158175,26.156103615208522,1.1207260511952037,1.1268904119673218,-54.997919675134895,False,-0.000832766640560834,26.885878511263524,-117.26051195203756,0.4029850746268473,10,4,1.1061764236581508,SL,2022-09-23 10:30:00+00:00,-30.13576341849289,-435.54218361402275,15,False
2022-09-23 14:30:00+00:00,2,GBP_USD,LONG,1.09468,1.0916622434042285,1.107707076039733,1.1104534110204554,1.1159460809819004,142883.21,2,OVERLAP,1.5,0.0032555131915432065,50.147247496664065,22.774651168894735,1.112269490796065,1.123295937500475,-132.17076039732987,False,-0.0005700936305178478,14.291658796245116,-177.7949079606511,0.6231003039513848,14,4,1.0916622434042285,SL,2022-09-23 14:45:00+00:00,-30.177565957716364,-431.18674940252384,15,False
2022-09-28 15:45:00+00:00,2,GBP_USD,SHORT,1.0827099999999998,1.0875053610201746,1.0679064922374815,1.0651673031989468,1.0596889251218773,89018.3,2,OVERLAP,1.5,0.00455072204034943,48.91033536860098,72.72092436357488,1.06887054431849,1.0736968883795106,149.9350776251851,False,0.001605114159262041,80.75277842530758,140.29455681509927,0.6960167714884761,15,2,1.0875053610201746,SL,2022-09-28 16:00:00+00:00,-47.95361020174749,-426.8748859022219,15,False
2022-09-29 14:45:00+00:00,2,GBP_USD,SHORT,1.1029099999999998,1.1048946022442128,1.0883873732196285,1.0854337574984025,1.0795265260559508,212942.49,2,OVERLAP,1.5,0.003369204488425659,52.88087216753975,75.93276149005979,1.086802210925365,1.080561020232784,147.1262678037144,False,0.0011361365134778915,80.36529170886341,162.97789074634971,0.9163265306121974,14,3,1.1048946022442128,SL,2022-09-29 15:00:00+00:00,-19.846022442129296,-422.6061435422893,15,False
2022-09-29 16:00:00+00:00,2,GBP_USD,SHORT,1.1096599999999999,1.111773115277601,1.090960258912864,1.0869959268820917,1.0790672628205469,197992.08,2,OVERLAP,1.5,0.0036062305552021145,68.8713935646586,78.71763804397312,1.0901118450922107,1.0817517203609976,188.89741087136036,False,0.0010850623944643574,78.91234738456001,197.38154907789294,0.9448398576512393,16,3,1.111773115277601,SL,2022-09-29 20:45:00+00:00,-21.131152776010516,-418.38008909200965,285,False
2022-10-05 13:15:00+00:00,2,GBP_USD,LONG,1.12915,1.1275571621673326,1.1360457373655763,1.1377532061946205,1.1411681438527088,260036.69,2,OVERLAP,1.5,0.002305675665335188,53.771610109817935,29.09807913656563,1.138983897599867,1.1351120654262827,-70.85737365576384,False,-0.0005720491650254888,13.508521620966528,-100.23897599866993,0.6415094339623076,13,2,1.1275571621673326,SL,2022-10-05 14:00:00+00:00,-15.928378326675041,-414.1962777136317,45,False
2022-10-05 14:15:00+00:00,2,GBP_USD,LONG,1.12538,1.1227751963676902,1.1337910344722344,1.1358620100101973,1.1400039610861228,157422.36,2,OVERLAP,1.5,0.0024496072646199014,56.23473399381929,24.60769691058009,1.1373188239473757,1.1348246820805907,-86.01034472234481,False,-0.000600556674171142,20.866964914247692,-121.288239473758,0.5979729729730197,14,2,1.1227751963676902,SL,2022-10-05 15:15:00+00:00,-26.0480363230986,-410.0543351347904,60,False
2022-10-06 15:30:00+00:00,2,GBP_USD,LONG,1.11806,1.11597131255372,1.1252880134107963,1.1270700652996806,1.1306341690774488,194358.32,2,OVERLAP,1.5,0.002277374892559844,41.223369495472284,29.96984688393887,1.1270026435980933,1.1317050268800508,-74.18013410796398,False,-0.0004117964417555712,15.84453006547536,-91.32643598093404,0.532934131736542,15,3,1.11597131255372,SL,2022-10-06 15:45:00+00:00,-20.88687446279991,-405.9537830640693,15,False
2022-10-11 15:30:00+00:00,2,GBP_USD,SHORT,1.1130799999999998,1.1165858061425795,1.1070471919271745,1.105845192468376,1.103441193550779,114636.76,2,OVERLAP,1.5,0.0022105374283863523,31.38712822876365,70.73761493792563,1.1067507375339432,1.1085253263642252,62.228080728254916,False,0.00034896817254358387,89.08037065808873,65.1926246605683,0.5289256198346941,15,1,1.1165858061425795,SL,2022-10-11 15:45:00+00:00,-35.05806142579671,-401.89425737343146,15,False
2022-10-13 11:30:00+00:00,2,GBP_USD,SHORT,1.1261999999999999,1.1301371114642764,1.1162674165498598,1.1144300928229947,1.110755445369264,101057.67,2,LONDON,1.5,0.002498074309517639,59.90329849161396,83.88755598355205,1.1112912355202202,1.1077550240981604,101.22583450140165,False,0.0011678130801009508,82.01098182710935,150.98764479779757,0.6334488734835356,11,3,1.1261999999999999,TP1+SL,2022-10-13 15:00:00+00:00,49.662917250700154,501.88187027585633,210,True
2022-10-19 11:00:00+00:00,2,GBP_USD,LONG,1.1225200000000002,1.121218472336353,1.1262892687751804,1.1267848400029044,1.127775982458352,309554.79,2,LONDON,1.5,0.0018430553272937402,39.32871647976075,29.019778303389955,1.129408134087666,1.1305210338240586,-39.5926877518038,False,-0.00019147537087512052,10.592809441039506,-70.78134087666,0.868347338935523,11,2,1.1255807574427936,TP1+TP2+SL,2022-10-19 13:45:00+00:00,38.36442005025597,1187.5889992128778,165,True
2022-10-20 12:15:00+00:00,2,GBP_USD,SHORT,1.1282699999999999,1.1301660067441006,1.1210896842445273,1.1198936423760657,1.1175015586391428,218759.77,2,LONDON,1.5,0.002232013488201016,41.10883607951614,71.78507594479512,1.12170505591826,1.1248444313387478,73.70315755472755,False,0.0008013079900197632,78.45817377827665,67.54944081740044,0.8521560574948601,12,3,1.1301660067441006,SL,2022-10-20 12:30:00+00:00,-18.96006744100731,-414.7699992579248,15,False
2022-10-20 14:15:00+00:00,2,GBP_USD,SHORT,1.1329299999999998,1.1349512156961719,1.1232212091189249,1.1215137645681845,1.118098875466704,203156.1,2,OVERLAP,1.5,0.0027024313923438665,51.51389892731328,72.55339840363759,1.1232124988766141,1.1250167050503157,98.98790881075037,False,0.0006838744817090903,66.39647753623228,99.07501123385786,0.8862745098039141,14,3,1.1229861632609464,TP1+TP2+SL,2022-10-20 18:30:00+00:00,103.41653352530798,2100.9699626520824,255,True
2022-10-21 09:30:00+00:00,2,GBP_USD,LONG,1.1117400000000002,1.1101321895865652,1.1142763155011413,1.1148453778838345,1.1159835026492213,268459.52,2,LONDON,1.5,0.001855620826869386,36.95097558830034,29.571663920975894,1.1190802878830493,1.1227323072010518,-27.263155011412188,False,-0.0005869968058800693,27.455199046483994,-75.30287883049213,0.7557755775577019,9,4,1.1101321895865652,SL,2022-10-21 10:30:00+00:00,-16.0781041343494,-431.6320118417456,60,False
2022-10-31 12:45:00+00:00,2,GBP_USD,LONG,1.1508,1.1494265080269552,1.154286060043434,1.1549033515602365,1.1561379345938414,311116.26,2,LONDON,1.5,0.0015069839460896068,53.60913123386604,28.15868555411201,1.156466141827517,1.1567103895787207,-36.76060043434015,False,-0.00021431146843713784,29.641007232178534,-58.56141827517147,0.7305194805195149,12,0,1.1494265080269552,SL,2022-10-31 13:15:00+00:00,-13.734919730448159,-427.31568579372396,30,False
2022-11-01 16:15:00+00:00,2,GBP_USD,LONG,1.1456000000000002,1.1433368956280576,1.1511345522596188,1.1525125269790362,1.1552684764178711,186930.19,2,OVERLAP,1.5,0.0021462087438847755,43.124725197752745,28.37571851845881,1.1508758179272736,1.1524684596900285,-57.24552259618765,False,-0.0007328286634914563,29.758297604807012,-54.6581792727352,0.6437499999998968,16,1,1.1517837969455706,TP1+TP2+SL,2022-11-02 03:45:00+00:00,61.142301143074846,1142.9341969712198,690,True
2022-11-03 08:15:00+00:00,2,GBP_USD,LONG,1.12989,1.1286491009526918,1.1322636861747173,1.132739929488984,1.133692416117517,350126.69,2,LONDON,1.5,0.0015417980946167624,69.91320696624007,17.464476423306337,1.1397567123554977,1.1456370040734065,-25.63686174717361,False,-0.0009731898289362044,15.640985433026861,-100.56712355497766,0.8574821852732216,8,3,1.1286491009526918,SL,2022-11-03 08:30:00+00:00,-12.40899047308286,-434.4718760582036,15,False
2022-11-03 12:30:00+00:00,2,GBP_USD,LONG,1.1187900000000002,1.1151915115622502,1.1260922838179301,1.1277221333299279,1.1309818323539234,119529.95,2,LONDON,1.5,0.0025369768754996175,56.88685125376839,19.392641908201426,1.1321995898671462,1.1423579657209495,-74.92283817930101,False,-0.00015171081407351064,31.503460945444687,-135.99589867146156,0.5706984667802283,12,3,1.1151915115622502,SL,2022-11-03 20:15:00+00:00,-35.98488437750014,-430.1271430398372,465,False
2022-11-10 15:15:00+00:00,2,GBP_USD,SHORT,1.1674799999999999,1.1693384056490896,1.152908977647414,1.1494052199657443,1.142397704602405,229135.06,2,OVERLAP,1.5,0.0032768112981794795,69.86340003046773,86.30366580376734,1.145702748954343,1.1437848333469074,147.61022352586028,False,0.002361225912136545,85.5983851716692,219.67251045657,0.7890173410404291,15,3,1.1693384056490896,SL,2022-11-10 19:45:00+00:00,-18.58405649089789,-425.8258899085278,270,False
2022-11-15 10:15:00+00:00,2,GBP_USD,SHORT,1.18454,1.1856145554925999,1.1830135514708682,1.1826754973282447,1.181999389042998,392318.15,2,LONDON,1.5,0.001589110985199724,45.02199708667853,71.27459843429338,1.1792468690262432,1.1748340915765774,17.164485291318865,False,5.7990972837984166e-05,73.22832928894614,54.83130973756855,0.858208955223935,10,1,1.1856145554925999,SL,2022-11-15 10:30:00+00:00,-10.745554925999379,-421.56762292914635,15,False
2022-11-15 12:15:00+00:00,2,GBP_USD,SHORT,1.18844,1.190157449377259,1.1842186549701106,1.183221556934553,1.1812273608634378,243006.84,2,LONDON,1.5,0.0017348987545182017,46.41065337185063,72.75203970486913,1.1813286385646409,1.17575570854395,44.113450298894904,False,0.000141299252734746,56.50820241941329,73.01361435359199,0.6822916666666724,12,1,1.190157449377259,SL,2022-11-15 12:30:00+00:00,-17.174493772591504,-417.351946027714,15,False
2022-11-15 13:30:00+00:00,2,GBP_USD,SHORT,1.1968299999999998,1.2011294445485734,1.187117709389494,1.1854377821371724,1.182077927632529,96100.42,2,OVERLAP,1.5,0.0027396296990489987,48.541257616126344,79.44204270634857,1.1831707942050247,1.1765197696890133,99.02290610505959,False,0.0005752355615446978,63.334448560514204,138.49205794975282,0.5799151343705772,13,1,1.1848627988634455,TP1+TP2+SL,2022-11-15 18:30:00+00:00,106.38501727725657,1022.3644842051613,300,True
2022-11-22 13:00:00+00:00,2,GBP_USD,SHORT,1.18942,1.190919748112649,1.1857102079719888,1.1848600187412648,1.1831596402798168,282315.46,2,OVERLAP,1.5,0.0013994962252979561,48.83348435029443,70.567914457231,1.1853604971408223,1.1847095236475154,38.99792028011273,False,0.0002949365716413808,81.09043428811165,42.495028591778,0.5980861244018589,13,1,1.18942,TP1+SL,2022-11-23 00:00:00+00:00,18.54896014005569,523.6658214461488,660,True
2022-11-23 13:00:00+00:00,2,GBP_USD,SHORT,1.1951399999999999,1.196031116988528,1.191510989595976,1.1905914068755528,1.1887522414347063,481012.86,2,OVERLAP,1.5,0.0012222339770561336,51.76797872761435,73.87994018148821,1.1905445490532984,1.1876336668219707,38.19010404024103,False,0.00024503619449249016,76.96061405349212,47.854509467015745,0.6976744186047262,13,2,1.196031116988528,SL,2022-11-23 13:15:00+00:00,-8.911169885281733,-428.63873124652383,15,False
2022-11-23 13:45:00+00:00,2,GBP_USD,SHORT,1.1968199999999998,1.198799237982433,1.1921251945946616,1.1909626119885652,1.1886374467763725,214401.88,2,OVERLAP,1.5,0.0013784759648660047,61.555876445771446,78.97876372098789,1.1912018509590696,1.187891102173787,48.8480540533831,False,0.0003474749485006582,73.70840409504773,58.081490409302994,0.4293193717276373,13,2,1.198799237982433,SL,2022-11-23 14:45:00+00:00,-19.792379824332684,-424.35234440109974,60,False
2022-11-23 14:45:00+00:00,2,GBP_USD,SHORT,1.2017699999999998,1.2044313773171664,1.1931005367281688,1.1915252761184314,1.1883747548989563,157853.91,2,OVERLAP,1.5,0.0016827546343330293,72.1395362028795,87.03647072922783,1.192342459159853,1.1883214435266831,88.59463271831069,False,0.0005599759432611908,80.88843666621399,96.17540840146876,0.7068345323740975,14,2,1.2044313773171664,SL,2022-11-23 15:30:00+00:00,-26.613773171666466,-420.1088155000653,45,False
2022-12-01 12:30:00+00:00,2,GBP_USD,SHORT,1.21969,1.2208717676531815,1.213093373144189,1.211426220693671,1.2080919157926349,351936.97,2,LONDON,1.5,0.0015835353063630266,68.65215799838512,78.33792660917791,1.2112001977982008,1.20469228285451,67.86626855810995,False,0.0005022563917863438,90.8864456710812,86.79802201799313,0.8011695906432824,12,3,1.2208717676531815,SL,2022-12-01 13:15:00+00:00,-11.817676531815644,-415.90772710473067,45,False
2022-12-01 14:30:00+00:00,2,GBP_USD,SHORT,1.2273899999999998,1.2290160561042536,1.2176209443656687,1.2153295965602553,1.2107469009494285,253219.22,2,OVERLAP,1.5,0.0021521122085068995,81.66208360210999,80.76022946676278,1.2143532158688597,1.2060626046287528,99.59055634331193,False,0.0007757553652868953,94.60068339969676,132.267841311402,0.718045112781872,14,3,1.2290160561042536,SL,2022-12-01 14:45:00+00:00,-16.260561042538146,-411.7486583953896,15,False
2022-12-13 13:30:00+00:00,2,GBP_USD,SHORT,1.2425499999999998,1.2442658907509294,1.2319403342865156,1.2309198852587657,1.2288789872032662,237562.42,2,OVERLAP,1.5,0.0024117815018589103,35.73473013224577,85.13438242367515,1.2285766775148412,1.2264732822555662,107.9966571348434,False,0.0008941384321609269,61.11833537619259,141.63322485158724,0.710027100270992,13,1,1.2442658907509294,SL,2022-12-13 14:15:00+00:00,-17.158907509295936,-407.6311592464516,45,False
2022-12-16 09:00:00+00:00,2,GBP_USD,LONG,1.21266,1.211670856408517,1.2166008206493997,1.2172115074971614,1.2184328811926848,407984.1,2,LONDON,1.5,0.001598287182965698,32.10099040034649,21.443268579670914,1.2200325101066256,1.2272448454597635,-41.30820649399735,False,-0.0006931666603137207,21.537770405695724,-75.62510106625675,0.9443254817986854,9,4,1.2184328811926848,TP3,2022-12-16 11:00:00+00:00,44.29370127608989,1807.1125850794385,120,True
2022-12-21 10:30:00+00:00,2,GBP_USD,LONG,1.2125700000000001,1.2114251340239564,1.2143792471255814,1.2148673530874396,1.2158435650111563,368275.41,2,LONDON,1.5,0.0012497319520872463,32.417590983607795,29.77081838188782,1.215720478431694,1.2165966005386735,-19.99247125581416,False,-0.00025788639243243543,36.075027870677246,-33.404784316939384,0.6079999999999993,10,2,1.2114251340239564,SL,2022-12-21 11:15:00+00:00,-11.448659760437963,-421.6259867225792,45,False
2022-12-21 12:00:00+00:00,2,GBP_USD,LONG,1.20941,1.2085186535807837,1.2132576185554966,1.2142344780150565,1.2161881969341761,468291.24,2,LONDON,1.5,0.0013626928384328151,51.0925454173229,22.955302695957414,1.214634502650405,1.2162529995278046,-40.37618555496669,False,-0.0004577641290171618,7.487382338537112,-54.14502650405106,0.38554216867468427,12,2,1.2161881969341761,TP3,2022-12-21 13:30:00+00:00,46.291061231444004,2167.769846498884,90,True
2022-12-22 11:45:00+00:00,2,GBP_USD,LONG,1.2046400000000002,1.2033165024337908,1.2093582671208187,1.2104278681322884,1.2125670701552276,331762.92,2,LONDON,1.5,0.0015269951324182961,25.314016084700086,27.686770843988967,1.2100685592712297,1.2125505879660448,-49.0826712081871,False,-0.0005747010614604378,14.09058013188124,-56.185592712296724,0.7173913043478051,11,3,1.2033165024337908,SL,2022-12-22 13:30:00+00:00,-13.234975662093085,-439.08741717849347,105,False
2022-12-27 11:30:00+00:00,2,GBP_USD,LONG,1.2037900000000001,1.2029908509877907,1.206403827510183,1.2069063061787917,1.2079112635160092,543949.3,2,LONDON,1.5,0.001138298024418721,38.25167818483939,28.267384861353264,1.2073489411277807,1.206986665015091,-28.038275101829324,False,-0.0003373429812267327,7.349922960086574,-37.4894112778068,0.9675324675324011,11,1,1.2029908509877907,SL,2022-12-27 12:00:00+00:00,-7.991490122094547,-434.6965457870244,30,False
2022-12-27 12:45:00+00:00,2,GBP_USD,LONG,1.2030100000000001,1.2018712946164725,1.2059400603889303,1.2067095143347562,1.2082484222264076,377928.82,2,LONDON,1.5,0.0011974107670548425,44.20861175301515,29.69882660489965,1.2066416558214061,1.2068143699817242,-31.200603889303125,False,-0.0002592062867726834,32.60500286095705,-38.21655821406144,0.5377358490565346,12,1,1.2018712946164725,SL,2022-12-27 14:00:00+00:00,-11.387053835276715,-430.3495819242604,75,False
2022-12-27 14:00:00+00:00,2,GBP_USD,LONG,1.20087,1.1999891155229852,1.205205348304157,1.2061934079535506,1.208169527252338,483657.16,2,OVERLAP,1.5,0.0011817689540297256,47.73810825110291,22.913221074893514,1.2058433450648631,1.2065925737654997,-45.253483041569616,False,-0.00022077428648393984,13.72523423966832,-51.63345064863156,0.9318181818182392,14,1,1.20472,TP1+TIME,2022-12-28 10:00:00+00:00,40.92674152078368,1979.4511571996316,1200,True
2023-01-02 15:45:00+00:00,2,GBP_USD,LONG,1.2044700000000002,1.2038900269647557,1.205268568524431,1.20549516476348,1.2059483572415775,768726.42,4,OVERLAP,1.5,0.0003799460704886777,20.125008155045588,28.42960607610891,1.2056435985972078,1.205757722304884,-9.885685244310771,False,5.410854921599189e-06,17.31957400413395,-13.635985972078046,0.8313253012050288,15,0,1.2038900269647557,SL,2023-01-02 16:00:00+00:00,-5.799730352444853,-445.84059508002713,15,False
2023-01-03 08:45:00+00:00,2,GBP_USD,LONG,1.19137,1.1901977086026483,1.1955951443059247,1.1966030221119972,1.1986187777241424,376512.35,2,LONDON,1.5,0.0018445827947033608,52.368575860235794,11.39397498547497,1.2043320138261073,1.205285274467584,-44.15144305924823,False,-0.0017456355614890295,3.907672187062459,-131.5201382610742,0.9434523809524075,8,1,1.1901977086026483,SL,2023-01-03 09:00:00+00:00,-11.722913973517546,-441.38218890169287,15,False
2023-01-05 13:15:00+00:00,2,GBP_USD,LONG,1.1967900000000002,1.1956321898903906,1.2011960996515416,1.2016866168389966,1.2026676512139063,377409.36,2,OVERLAP,1.5,0.001455620219218991,29.227295063143934,25.657620812194935,1.2026472482982167,1.2030990934623462,-45.960996515415076,False,-0.00037330414599410404,6.312459966849289,-60.47248298216567,0.8358531317494367,13,3,1.1956321898903906,SL,2023-01-05 13:30:00+00:00,-11.578101096096916,-436.9683724693235,15,False
2023-01-05 15:45:00+00:00,2,GBP_USD,LONG,1.18826,1.186362690066342,1.1958744435487272,1.1978035553600854,1.2016617789828017,228006.34,2,OVERLAP,1.5,0.0018546198673157427,69.60151760622875,17.05360609555227,1.1987515222683094,1.2019430109006963,-78.04443548727224,False,-0.0007169491261491134,17.58550324214001,-106.81522268309429,0.5402843601896258,15,3,1.186362690066342,SL,2023-01-06 09:15:00+00:00,-18.97309933658109,-432.59869381902826,1050,False
2023-01-06 09:30:00+00:00,2,GBP_USD,LONG,1.18639,1.1852126876606282,1.1885589168691197,1.1891236187404322,1.1902530224830572,363771.52,2,LONDON,1.5,0.0014746246787437879,30.36612780792634,24.767771955493714,1.1910175599229305,1.196367461462072,-23.589168691198203,False,-0.00037298966114827556,16.991419425987754,-48.17559922930536,0.6036585365854443,9,4,1.1852126876606282,SL,2023-01-06 10:00:00+00:00,-11.773123393719054,-428.2726992080739,30,False
2023-01-06 15:00:00+00:00,2,GBP_USD,SHORT,1.1969899999999998,1.2002270351519517,1.1890943143454993,1.1880409034561914,1.1859340816775754,130980.96,2,OVERLAP,1.5,0.0027140703039033325,40.56735895062166,70.79666078928972,1.189318180398642,1.1946479768984242,80.8568565450063,False,0.0009691080112269245,54.101668015760545,78.6181960135801,0.80338266384776,15,4,1.2002270351519517,SL,2023-01-06 15:15:00+00:00,-32.3703515195195,-423.98997175641233,15,False
2023-01-12 13:45:00+00:00,2,GBP_USD,SHORT,1.2233899999999998,1.225585349166283,1.2168437969804868,1.216123899774011,1.2146841053610593,191199.69,3,OVERLAP,1.5,0.002830698332565878,20.821911026159945,71.64767734160475,1.215742934303728,1.2147265240510585,67.36203019513054,False,0.0004008146989117013,55.05836945431565,78.3706569627185,0.9199507389162503,13,3,1.2146841053610593,TP3,2023-01-12 14:30:00+00:00,71.2212078469362,1361.7472861759768,45,True
2023-01-18 13:30:00+00:00,2,GBP_USD,SHORT,1.2405199999999998,1.24288428498713,1.23572939851183,1.2347173068653297,1.232693123572329,183297.51,2,OVERLAP,1.5,0.001708569974260011,50.131531472819894,76.42941935821152,1.2328499906182502,1.2267574841105189,49.80601488169922,False,0.00020231818976208728,87.8953512217427,78.60009381749799,0.641304347826081,13,2,1.24288428498713,SL,2023-01-18 14:15:00+00:00,-23.642849871301493,-433.3675510713385,45,False
2023-01-24 10:00:00+00:00,2,GBP_USD,LONG,1.23116,1.229368916428351,1.2365065828960207,1.2378112892147846,1.2404207018523121,239538.72,2,LONDON,1.5,0.0015621671432981793,45.1253165518781,19.168275322962856,1.237981211542372,1.2377747641166992,-55.36582896020769,False,-0.0009904915795639175,11.145404663922506,-70.11211542372165,0.6165191740413406,10,1,1.229368916428351,SL,2023-01-24 12:30:00+00:00,-17.910835716490325,-429.03386616583754,150,False
2023-02-02 15:00:00+00:00,2,GBP_USD,LONG,1.22472,1.2226822502460073,1.2313929346933497,1.2326416312741335,1.235139024435701,208437.53,2,OVERLAP,1.5,0.0024154995079852864,27.893748843653096,25.117062995505307,1.2332824097368154,1.2343319201799647,-68.62934693349753,False,-0.00030919386667936123,5.630108578504941,-87.52409736815459,0.5995575221239302,15,3,1.2226822502460073,SL,2023-02-02 21:15:00+00:00,-20.377497539927347,-424.74352548035324,375,False
2023-02-03 16:30:00+00:00,2,GBP_USD,LONG,1.2070600000000002,1.2049596304342916,1.2162735059359504,1.2185884768054263,1.2232184185443777,200201.0,2,OVERLAP,1.5,0.0024807391314166792,67.05019092702636,22.301324027632333,1.2183594912089357,1.2255710972658316,-94.03505935950295,False,-0.0007415222518173848,28.3461818690853,-114.89491208935608,0.8869863013698083,16,4,1.2049596304342916,SL,2023-02-03 21:00:00+00:00,-21.00369565708693,-420.49608742444605,270,False
2023-02-07 11:00:00+00:00,2,GBP_USD,LONG,1.1983700000000002,1.1975392480891527,1.201040337412173,1.2016537418648845,1.2028805507703075,501101.63,2,LONDON,1.5,0.001221503821694827,47.04900969959613,28.82131557084874,1.2025536557804173,1.2075466112434525,-28.60337412172953,False,-0.00035609355842333896,6.060485574311492,-43.73655780417263,0.910344827586229,11,1,1.1975392480891527,SL,2023-02-07 11:15:00+00:00,-8.307519108474715,-416.2911366512826,15,False
2023-02-09 09:45:00+00:00,2,GBP_USD,SHORT,1.2138799999999998,1.214867228025632,1.2123032889355962,1.21188625878154,1.2110521984734273,417460.01,2,LONDON,1.5,0.0011544560512637787,46.38151536057029,77.49782370137652,1.2094854631507923,1.2074634758526734,17.667110644037365,False,0.00029435198023256264,77.83831344806667,45.845368492076766,0.48924731182788767,9,3,1.214867228025632,SL,2023-02-09 10:15:00+00:00,-9.872280256322252,-412.128221452709,30,False
2023-02-09 13:00:00+00:00,2,GBP_USD,SHORT,1.21671,1.217572471472455,1.2136335325991126,1.212872218350094,1.2113495898520568,473067.17,2,OVERLAP,1.5,0.0011449429449097341,59.82088430251589,76.07752926926916,1.2117001923440298,1.2083656651545647,32.6646740088754,False,0.00010443192091392573,91.47783832284551,51.99807655970279,0.5608108108108281,13,3,1.217572471472455,SL,2023-02-09 13:30:00+00:00,-8.624714724549953,-408.0069386800176,30,False
2023-02-09 13:30:00+00:00,2,GBP_USD,SHORT,1.21793,1.2188126157083923,1.2140208141193463,1.2131548045436533,1.2114227853922677,457647.5,2,OVERLAP,1.5,0.0011852314167844148,64.74343282249826,77.15977819108954,1.212131665443297,1.2085425609709146,40.991858806538325,False,0.00017054999280838095,88.75393895321645,59.88334556703112,0.9431818181818239,13,3,1.2188126157083923,SL,2023-02-09 13:45:00+00:00,-8.826157083923203,-403.9268724064744,15,False
2023-02-09 14:15:00+00:00,2,GBP_USD,SHORT,1.2189299999999998,1.2198473912942192,1.2145922777674192,1.2135272200225153,1.2113971045327079,435896.44,2,OVERLAP,1.5,0.0012747825884385404,72.56915900303873,72.02190470251172,1.2128721347576608,1.2088421616435572,45.277222325808,False,0.00022936984003819427,85.51528505939473,62.478652423392234,0.8687499999999766,14,3,1.2134640247440918,TP1+TP2+SL,2023-02-09 19:00:00+00:00,48.79730396796123,2127.0571081232174,285,True
2023-02-13 15:00:00+00:00,2,GBP_USD,SHORT,1.2125799999999998,1.213984545523702,1.2074731484625338,1.2062433368947831,1.2037837137592815,299853.7,2,OVERLAP,1.5,0.0013090910474038012,48.85207267934243,74.39254308810857,1.2070237750442916,1.2076811164889845,52.968515374660626,False,0.0003301160653826575,88.14839998111182,57.46224955708312,0.6199999999999534,15,0,1.213984545523702,SL,2023-02-13 15:45:00+00:00,-14.045455237021718,-421.158172100534,45,False
2023-02-14 10:00:00+00:00,2,GBP_USD,SHORT,1.2196799999999999,1.2209563347201684,1.217109146895924,1.2164469242113272,1.215122478842133,326674.96,2,LONDON,1.5,0.0011526694403366947,57.21986450671999,76.16437701853823,1.2149343050714685,1.211367555998074,27.60853104075922,False,0.0004283320344209532,90.61811037042997,49.356949285315196,0.5879120879120571,10,1,1.2209563347201684,SL,2023-02-14 11:45:00+00:00,-12.763347201685258,-416.94659365766444,105,False
2023-02-14 14:15:00+00:00,2,GBP_USD,LONG,1.2139400000000002,1.2109830681706844,1.219436910980098,1.2204562323947696,1.2224948752241127,139596.43,2,OVERLAP,1.5,0.002513863658631164,72.11255266175712,28.11390541724667,1.2172453980670155,1.2126691971760404,-56.86910980097881,False,-0.0007100296030749557,23.836638673895454,-34.95398067015376,0.6907216494845257,14,1,1.2192707869128965,TP1+TP2+SL,2023-02-14 15:30:00+00:00,58.28754865152597,813.6733705204339,75,True
2023-02-15 10:45:00+00:00,2,GBP_USD,LONG,1.2069100000000001,1.2059901395640367,1.208769210432269,1.2091702097981778,1.2099722085299958,457584.48,2,LONDON,1.5,0.0013397208719269226,52.25168717693764,27.857252425646678,1.2126330721967817,1.2136408207871179,-20.49210432268911,False,-5.5873801153640944e-05,8.188478714555059,-59.13072196781721,0.9411764705882243,10,2,1.2059901395640367,SL,2023-02-15 11:45:00+00:00,-9.198604359634821,-420.91385926292327,60,False
2023-02-15 11:45:00+00:00,2,GBP_USD,LONG,1.20585,1.204918427246159,1.2085168849643417,1.2090082978391241,1.2099911235886889,447313.13,2,LONDON,1.5,0.0013431455076818185,57.26745826925382,28.70789232672277,1.2118291114799222,1.213388899951138,-28.56884964341777,False,-4.741171787574607e-05,30.379273449826396,-61.69111479922273,0.9533898305084543,11,2,1.204918427246159,SL,2023-02-15 12:30:00+00:00,-9.315727538410368,-416.7047243433537,45,False
2023-02-15 12:30:00+00:00,2,GBP_USD,LONG,1.2050400000000001,1.2038281121209224,1.2081635992882493,1.208819400862172,1.2101310040100173,340409.11,2,LONDON,1.5,0.00134377575815487,60.50761021811809,29.14193782690245,1.2111482779360985,1.2131652709751457,-33.13599288249369,False,-0.00010036686137527965,26.37560297604294,-62.98277936098495,0.7815533980582409,12,2,1.2038281121209224,SL,2023-02-15 12:45:00+00:00,-12.118878790776664,-412.5376743366161,15,False
2023-02-15 13:45:00+00:00,2,GBP_USD,LONG,1.2015300000000002,1.1997968753787738,1.2064118051338677,1.2074314106124835,1.2094706215697153,235650.85,2,OVERLAP,1.5,0.0016262492424521833,70.64858983045177,21.173291184505786,1.2097671253901954,1.2126974031641649,-50.71805133867624,False,-0.0002873388359333068,27.570197174675965,-84.271253901953,0.6869300911853855,13,2,1.1997968753787738,SL,2023-02-15 14:15:00+00:00,-17.331246212264336,-408.4122901479372,30,False
2023-02-17 15:00:00+00:00,2,GBP_USD,SHORT,1.2003899999999998,1.202834561371278,1.1948513388757334,1.1938990236696492,1.1919943932574806,165399.07,2,OVERLAP,1.5,0.0015030409141853992,43.85316132585288,71.63543411268458,1.1955937426257603,1.2002207806577627,57.286611242666204,False,0.0005690998133276552,58.29375438498795,49.86257374239633,0.7300613496932574,15,4,1.202834561371278,SL,2023-02-17 15:15:00+00:00,-24.445613712782418,-404.328177367346,15,False
2023-02-23 09:15:00+00:00,2,GBP_USD,LONG,1.2019900000000001,1.2008502701703714,1.2040867511310027,1.2045739086896423,1.2055482238069215,351210.33,2,LONDON,1.5,0.00101945965925708,53.23588324841751,23.745164941547444,1.2056327974381402,1.2066667060434049,-22.8675113100274,False,-0.00047415117652872314,7.1385022058761365,-38.32797438140245,0.6756756756756676,9,3,1.2019900000000001,TP1+SL,2023-02-23 11:15:00+00:00,10.483755655013026,368.20032832364916,120,True
2023-02-24 12:00:00+00:00,2,GBP_USD,LONG,1.1983100000000002,1.1969750292129355,1.2011392450825917,1.2018932429199705,1.2034012385947277,302603.55,2,LONDON,1.5,0.0010899415741288505,41.495887412024636,28.54472579036684,1.2015056969465436,1.203542415528824,-30.192450825916595,False,-0.00046208845825760893,14.537563312999884,-33.85696946543559,0.49152542372875935,12,4,1.1969750292129355,SL,2023-02-24 13:00:00+00:00,-13.349707870646819,-403.96689931206686,60,False
2023-02-24 13:30:00+00:00,2,GBP_USD,LONG,1.1954500000000001,1.1938641541955919,1.1993018575200023,1.200282315046927,1.2022432301007764,252185.44,2,OVERLAP,1.5,0.0013916916088161778,53.57479121630424,21.417142566184467,1.200620393547976,1.203184236904785,-40.41857520002301,False,-0.000370054166991107,43.16383650748799,-53.60393547976017,0.6435406698565018,13,4,1.1938641541955919,SL,2023-02-24 14:00:00+00:00,-15.858458044082367,-399.92722195684513,30,False
2023-02-24 14:00:00+00:00,2,GBP_USD,LONG,1.1942100000000002,1.1928380972400765,1.1987424337697168,1.1998012118991357,1.2019187681579737,288597.68,2,OVERLAP,1.5,0.0015638055198466101,59.380432116631965,24.531465454394294,1.200203292929139,1.2030264143379223,-47.22433769716705,False,-0.0004343185237293736,23.018839712919643,-61.832929291389945,0.8571428571428005,14,4,1.1928380972400765,SL,2023-02-24 14:15:00+00:00,-13.719027599237155,-395.9279536995812,15,False
2023-02-27 15:00:00+00:00,2,GBP_USD,SHORT,1.2033399999999999,1.2042003839074562,1.1987268903996346,1.1976814724061968,1.195590636419321,455574.16,2,OVERLAP,1.5,0.0013207678149124355,61.800085395862844,74.30845925099581,1.197812795200581,1.198741762092503,48.0310960036534,False,0.00037350179093072677,80.70611816236972,57.17204799418951,0.772486772486803,15,0,1.2042003839074562,SL,2023-02-27 15:15:00+00:00,-8.603839074563524,-391.9686759169455,15,False
2023-03-01 15:00:00+00:00,2,GBP_USD,LONG,1.1980300000000002,1.1954920753551985,1.2040660033773654,1.2051839501829007,1.2074198437939712,152900.12,2,OVERLAP,1.5,0.0019558492896025875,36.878347202635695,28.85111543112656,1.2043236185744686,1.2043862170723925,-62.26003377365341,False,-0.0006423871122289884,22.150789118236275,-64.83618574468552,0.5656565656565653,15,2,1.1980300000000002,TP1+SL,2023-03-02 06:00:00+00:00,30.180016886826028,461.45282035977266,900,True
2023-03-07 11:30:00+00:00,2,GBP_USD,LONG,1.19866,1.1977625446076257,1.201650205086963,1.2021469794794,1.203140528264274,437529.84,2,LONDON,1.5,0.0011549107847486641,32.886547385102034,29.52685026940803,1.2025696709492153,1.2020087703139553,-31.802050869631504,False,-0.0002818903164929238,52.597359295811934,-40.99670949215373,0.8939929328622066,11,1,1.1977625446076257,SL,2023-03-07 12:30:00+00:00,-8.97455392374402,-392.6635142327094,60,False
2023-03-07 15:00:00+00:00,2,GBP_USD,LONG,1.1891100000000001,1.187628091785558,1.198483589699101,1.1995769421748612,1.2017636471263817,262321.83,2,OVERLAP,1.5,0.001863816428884071,55.98567372865196,18.853825781222753,1.2003967258361923,1.2014448615485236,-95.63589699101094,False,-0.0005624412812229025,31.11465069049044,-114.76725836192303,0.9613733905579489,15,1,1.187628091785558,SL,2023-03-07 15:45:00+00:00,-14.819082144421625,-388.7368747045005,45,False
2023-03-09 13:45:00+00:00,2,GBP_USD,SHORT,1.1907999999999999,1.1917322183589951,1.1880589443969285,1.1873848239680498,1.1860365831102924,412831.94,2,OVERLAP,1.5,0.0012644367179900757,34.17578136604077,70.50647316362117,1.186877777090238,1.1875275160877132,29.310556030714974,False,5.1181816444117794e-05,59.735501259046686,41.12222909762097,0.9262672811060195,13,3,1.1917322183589951,SL,2023-03-09 14:00:00+00:00,-9.322183589952626,-384.8495136476307,15,False
2023-03-09 14:30:00+00:00,2,GBP_USD,SHORT,1.1916399999999998,1.1927005698741662,1.18855699734742,1.1877852926466035,1.1862418832449704,359241.79,2,OVERLAP,1.5,0.001321139748332417,43.822629004174004,71.79723602467432,1.187356827893415,1.1876331265054543,32.73002652580015,False,0.00021988508314360166,79.07981648391055,44.73172106584933,0.49729729729733946,14,3,1.1927005698741662,SL,2023-03-09 14:45:00+00:00,-10.605698741663616,-381.0010200155985,15,False
2023-03-09 15:00:00+00:00,2,GBP_USD,SHORT,1.1922799999999998,1.194318169942521,1.188989293728841,1.1881224051258417,1.1863886279198426,185063.57,2,OVERLAP,1.5,0.0014163398850417382,51.65471207738619,73.59210129095658,1.1877221160215647,1.187721613889322,34.80706271158817,False,0.0002751600820914183,76.59833950385995,47.47883978435174,0.30894308943082605,15,3,1.194318169942521,SL,2023-03-10 07:00:00+00:00,-20.381699425211508,-377.191005829659,960,False
2023-03-10 13:30:00+00:00,2,GBP_USD,SHORT,1.20345,1.2053865749247274,1.1988260820996588,1.1977549573985982,1.195612707996477,192824.5,2,OVERLAP,1.5,0.0017731498494550646,44.19983770055953,72.31517344481566,1.1959248606087025,1.191618897789506,48.139179003412465,False,0.00019212888013912105,67.61119214069167,77.15139391297531,0.8380782918149514,13,4,1.2053865749247274,SL,2023-03-10 14:30:00+00:00,-19.36574924727541,-373.41909157312574,60,False
2023-03-15 10:15:00+00:00,2,GBP_USD,LONG,1.2102300000000001,1.2093321966100825,1.2130496694178063,1.2137042024971014,1.2150132686556918,411765.99,2,LONDON,1.5,0.001395606779834827,45.99834591526944,21.97969186671932,1.2150981820729194,1.2135670064667006,-30.096694178063377,False,-0.0005321189920753652,5.929247917490169,-50.58182072919415,0.6035242290749325,10,2,1.2093321966100825,SL,2023-03-15 10:30:00+00:00,-8.978033899176284,-369.6849016747883,15,False
2023-03-20 13:30:00+00:00,2,GBP_USD,SHORT,1.2252899999999998,1.2265488674853704,1.2209751621531324,1.2198834138127317,1.2176999171319303,290728.02,2,OVERLAP,1.5,0.0013977349707405948,50.74876268159645,73.04237178404443,1.2202714759794278,1.2161514474951185,45.04837846867504,False,0.0003112789100647023,90.57952578025278,52.08524020572147,0.6153846153845168,13,0,1.2265488674853704,SL,2023-03-20 14:00:00+00:00,-12.588674853706294,-365.9880514641821,30,False
2023-03-28 15:15:00+00:00,2,GBP_USD,SHORT,1.2341,1.2348718096548557,1.2310068795375173,1.2303571509507965,1.229057693777355,469452.76,2,OVERLAP,1.5,0.001123619309711469,32.067215093780426,71.81606355707574,1.2311491044796903,1.228576436173439,32.831204624828025,False,0.0002772186402575376,90.8822431548222,31.408955203098277,0.75182481751826,15,1,1.2348718096548557,SL,2023-03-28 15:30:00+00:00,-7.71809654855682,-362.3281726666473,15,False
2023-03-30 12:45:00+00:00,2,GBP_USD,SHORT,1.2375699999999998,1.238545397951867,1.2351155035854873,1.234605052510197,1.2335841503596165,367752.36,2,LONDON,1.5,0.001150795903734159,38.563370447533124,71.58539172807612,1.233491622675009,1.231995496225979,26.44496414512698,False,0.0001957350515680848,81.52184516387082,42.683773249909684,0.7814569536422935,12,3,1.238545397951867,SL,2023-03-30 16:45:00+00:00,-9.753979518671851,-358.7048987383237,240,False
2023-04-14 12:30:00+00:00,2,GBP_USD,LONG,1.2468100000000002,1.245884779749847,1.2501283863885664,1.2505083079236183,1.251268150993722,383819.79,2,LONDON,1.5,0.0012304405003061224,41.9774131059223,26.06831930927261,1.2515755369514183,1.2500247839034067,-35.0838638856632,False,-0.00021046705158508873,52.28204097285255,-49.5553695141826,0.6960950764006837,12,4,1.245884779749847,SL,2023-04-14 14:00:00+00:00,-9.252202501532913,-355.11784211758373,90,False
2023-04-14 15:15:00+00:00,2,GBP_USD,LONG,1.2426000000000001,1.2414454349711856,1.2476980042417654,1.2487793679585584,1.2509420953921446,304501.4,2,OVERLAP,1.5,0.0014691300576287827,57.23337801140582,24.844585545050123,1.2493243548287474,1.2495451139894564,-52.88004241765343,False,-0.0004140120629785094,20.149873034717434,-69.14354828747359,0.8215962441314304,15,4,1.2414454349711856,SL,2023-04-14 15:30:00+00:00,-11.545650288145024,-351.5666676650564,15,False
2023-04-17 14:30:00+00:00,2,GBP_USD,LONG,1.2365000000000002,1.235088388917699,1.239850866212164,1.2406845134294833,1.242351807864122,246562.96,2,OVERLAP,1.5,0.0012232221646021008,44.430450781096894,27.686717013995974,1.240469209712136,1.2440985051011886,-35.408662121638734,False,-0.0005890527484250167,8.963543013502523,-41.592097121359025,0.3937499999999315,14,0,1.2408686738850376,TP1+TP2+SL,2023-04-18 07:00:00+00:00,37.953138891565814,935.7838266395587,990,True
2023-04-25 13:00:00+00:00,2,GBP_USD,LONG,1.24082,1.239959599192904,1.2450491334046205,1.2458757719301987,1.2475290489813553,415398.07,2,OVERLAP,1.5,0.0011008016141922047,60.512870936618455,22.22605185171392,1.2461736837316448,1.2456282322059904,-44.19133404620634,False,-0.0003834526770830275,24.62794872121431,-55.43683731644933,0.8045454545454843,13,1,1.239959599192904,SL,2023-04-25 13:45:00+00:00,-8.6040080709604,-357.40883469413734,45,False
2023-04-25 14:00:00+00:00,2,GBP_USD,LONG,1.2390400000000001,1.2380601087450158,1.2438537383465482,1.2449317925927232,1.247087901085073,361095.94,2,OVERLAP,1.5,0.0012997825099683358,61.73452889650566,23.38751783943829,1.2453181839371616,1.2454239246381298,-50.037383465482144,False,-0.00042031977133993306,13.398832875115467,-64.68183937161642,0.6093749999999502,14,1,1.2444630297652435,TP1+TP2+SL,2023-04-26 07:15:00+00:00,52.824510455136256,1907.4716257837254,1035,True
2023-04-26 08:45:00+00:00,2,GBP_USD,SHORT,1.2476699999999998,1.2483860433173917,1.2461651253392825,1.245870159783933,1.2452802286732343,520791.77,2,LONDON,1.5,0.0010520866347835949,60.49897262694884,71.98891504812953,1.2430747269661662,1.2435984470562529,16.948746607174936,False,0.00033646485997341374,78.89471639471742,47.852730338338034,0.9806763285023963,8,2,1.2483860433173917,SL,2023-04-26 09:00:00+00:00,-7.160433173918346,-372.9094666611653,15,False
2023-05-03 08:30:00+00:00,2,GBP_USD,SHORT,1.253,1.2537102578527004,1.252057516946498,1.2518841479521319,1.2515374099633993,519783.58,2,LONDON,1.5,0.0008205157054006164,48.52912125744125,77.43042713659445,1.2491423854303736,1.2490826952087595,11.32483053501998,False,0.0002973594472193558,83.35608880633616,40.47614569626434,0.6073298429319384,8,2,1.2515374099633993,TP3,2023-05-03 09:00:00+00:00,10.811782489948182,561.9787008806582,30,True
2023-05-05 12:30:00+00:00,2,GBP_USD,LONG,1.2566000000000002,1.255281741876897,1.2593520573884551,1.2596415354889865,1.2602204916900495,284314.7,2,LONDON,1.5,0.0010565162462064285,29.63815964918601,24.348464783638832,1.2601123197383102,1.2573253270691371,-29.420573884550993,False,-0.00040636075561225265,14.851428147582375,-37.02319738310145,0.8337349397590655,12,4,1.2602204916900495,TP3,2023-05-05 14:15:00+00:00,29.83639868880095,848.2926742286836,105,True
2023-05-09 12:45:00+00:00,2,GBP_USD,LONG,1.25879,1.2580084251267443,1.2608139369844578,1.2612665407277994,1.2621717482144827,490398.42,2,LONDON,1.5,0.0008831497465115164,39.71007958497998,28.984669834780405,1.2612357691078226,1.2615641096949535,-22.139369844578205,False,-0.0003046310848398437,19.12866176163701,-26.357691078227052,0.7519379844962227,12,1,1.2580084251267443,SL,2023-05-09 13:15:00+00:00,-7.815748732558081,-383.28308295634855,30,False
2023-05-10 12:30:00+00:00,2,GBP_USD,SHORT,1.2661799999999999,1.2669535194879185,1.262612765309187,1.2622000694747393,1.2613746778058441,490550.35,2,LONDON,1.5,0.0010870389758370334,34.395980413252076,72.52223734159136,1.2621307250231906,1.2619088135457215,37.57234690813016,False,0.0002868856024087098,86.92682926829734,42.39274976809426,0.9849056603773436,12,2,1.2669535194879185,SL,2023-05-10 12:45:00+00:00,-7.735194879185947,-379.4502555302874,15,False
2023-05-11 15:30:00+00:00,2,GBP_USD,LONG,1.2502300000000002,1.249242034409749,1.2571313068649317,1.258788659669066,1.262103365277335,380231.62,2,OVERLAP,1.5,0.0014759311805020014,48.99092010998426,27.609961175007072,1.2571838150560684,1.2604090678237696,-70.91306864931646,False,-0.00043855326611079307,34.43040815588642,-71.43815056068314,0.9037037037037281,15,3,1.25242,TIME,2023-05-12 11:30:00+00:00,21.899999999999142,832.7072477999674,1200,True
2023-05-15 16:45:00+00:00,2,GBP_USD,SHORT,1.25307,1.253661292093839,1.2507076239355903,1.2501202331137868,1.2489454514701799,649396.18,2,OVERLAP,1.5,0.0007625841876782162,53.854412706795365,71.79795100670816,1.2499628938924838,1.250530008538969,25.523760644097226,False,6.220936481556396e-05,82.97879735836493,32.97106107516212,0.9230769230769043,16,0,1.2489454514701799,TP3,2023-05-16 06:00:00+00:00,28.322887218523714,1839.277476628013,795,True
2023-05-18 09:15:00+00:00,2,GBP_USD,LONG,1.2431900000000002,1.242305601168442,1.244142137777687,1.2444180103502538,1.2449697554953876,454970.75,2,LONDON,1.5,0.000988797663115935,55.25245063767357,27.39784066359387,1.2467454182326452,1.2480976132871404,-11.421377776867914,False,-0.00026004304025315037,17.07195804799269,-37.4541823264507,0.8198198198196667,9,3,1.2434349458943637,TP1+TP2+SL,2023-05-18 10:15:00+00:00,9.426143955865829,428.8619785208243,60,True
2023-05-23 10:00:00+00:00,2,GBP_USD,LONG,1.23811,1.23706329269913,1.2396143984526193,1.2400361166871376,1.240879553156174,388517.61,2,LONDON,1.5,0.0010734146017398667,45.974977230616304,29.37000045292325,1.2418978851466485,1.243402713105863,-16.943984526194278,False,-0.0002901910105751022,8.326890629522703,-39.778851466485406,0.6111111111112345,10,1,1.240879553156174,TP3,2023-05-23 13:30:00+00:00,18.41773040233907,715.5612597541115,210,True
2023-05-26 11:30:00+00:00,2,GBP_USD,SHORT,1.2385799999999998,1.240030245892061,1.2363731805308407,1.235793919907281,1.2346353986601613,285344.6,2,LONDON,1.5,0.0010204917841218713,54.890058341867245,70.39433700801295,1.2349066837333005,1.235586611252846,23.968194691592615,False,0.00024627086200948195,85.35097376215452,38.63316266699446,0.4339622641508591,11,4,1.2367262842525588,TP1+TP2+SL,2023-05-26 12:45:00+00:00,23.565951291473095,672.4416944884873,75,True
2023-05-30 09:15:00+00:00,2,GBP_USD,SHORT,1.2406799999999998,1.241396836408702,1.2373207455180828,1.236784156514291,1.2357109785067075,586666.98,2,LONDON,1.5,0.0010536728174041442,50.25162643718204,78.63286430279399,1.2356100789719815,1.2353590781410548,35.49254481917119,False,0.0006141575752483842,89.21578429902513,52.59921028018422,1.0,9,1,1.241396836408702,SL,2023-05-30 09:30:00+00:00,-7.168364087022371,-420.5442510473872,15,False
2023-06-01 11:00:00+00:00,2,GBP_USD,SHORT,1.24738,1.2487888292859202,1.243776982494843,1.2428602160729871,1.2410266832292756,295521.12,2,LONDON,1.5,0.0010776585718403273,47.7607547687946,74.0122976651773,1.243405158184911,1.2408089777835214,37.930175051570366,False,0.0005329396909753711,89.61349343134997,41.648418150890265,0.6349206349206256,11,3,1.2487888292859202,SL,2023-06-01 13:00:00+00:00,-14.088292859202323,-416.33880846394726,120,False
2023-06-05 11:15:00+00:00,2,GBP_USD,LONG,1.23794,1.2372577811344585,1.23959319346917,1.2399691365786134,1.2407210227975005,604168.89,2,LONDON,1.5,0.0009044377310830232,30.432675147598314,29.864917044746804,1.2416848510706702,1.2452428854910935,-18.43193469170057,False,-7.908453076360688e-05,37.71334138762094,-39.34851070670264,0.9699248120302082,11,0,1.2372577811344585,SL,2023-06-05 12:30:00+00:00,-6.8221886554153945,-412.1754147312912,75,False
2023-06-06 12:15:00+00:00,2,GBP_USD,LONG,1.23954,1.2388950719262186,1.2413024921131255,1.2417804731655042,1.2427364352702615,632711.9,2,LONDON,1.5,0.0008098561475627428,44.30539519357383,29.772177027827425,1.2423056525564575,1.243582522054416,-19.52492113125537,False,-9.440090513494835e-05,6.804457953390333,-29.556525564575775,0.8301886792454016,12,1,1.241440725888264,TP1+TP2+SL,2023-06-06 16:00:00+00:00,19.5052054772874,1234.117561742492,225,True
2023-06-07 13:45:00+00:00,2,GBP_USD,SHORT,1.2496099999999999,1.2504722036215534,1.2455091421259006,1.2446277576256064,1.242864988625018,487581.85,2,OVERLAP,1.5,0.001064407243106891,51.7608522076591,77.65164122411012,1.2442948549429118,1.2432883407282342,42.90857874099441,False,0.00024217096788182947,84.87090632326876,55.05145057088212,0.7977528089886996,13,2,1.242864988625018,TP3,2023-06-07 17:00:00+00:00,48.0596547433465,2343.301537012216,195,True
2023-06-12 12:45:00+00:00,2,GBP_USD,LONG,1.2552800000000002,1.254679143209218,1.2578561026460857,1.2585119244069958,1.259823567928816,738658.3,2,LONDON,1.5,0.0008017135815639021,43.0426738480091,28.373012598504815,1.2574366728659174,1.2550712101308419,-27.661026460856775,False,-0.0003766815511403042,5.394068362605302,-23.466728659173874,0.6538461538461648,12,0,1.254679143209218,SL,2023-06-12 13:00:00+00:00,-6.0085679078225604,-443.8278556226769,15,False
2023-06-12 13:15:00+00:00,2,GBP_USD,LONG,1.2544600000000001,1.2536156387875401,1.2574701956543886,1.2582217110311433,1.259724741784653,520381.05,2,OVERLAP,1.5,0.0008487224249198901,48.46975707768016,24.443852079277775,1.2572252024417794,1.2550637185315088,-32.0019565438856,False,-0.00038733462141796535,10.556698734868185,-29.55202441779381,0.5540540540541108,13,0,1.2536156387875401,SL,2023-06-12 13:30:00+00:00,-8.443612124600097,-439.38957431921295,15,False
2023-06-12 15:45:00+00:00,2,GBP_USD,LONG,1.2490200000000002,1.248148357357375,1.2549292070086344,1.2563722199759015,1.2592582459104358,499052.78,2,OVERLAP,1.5,0.001003285285249962,79.14909784091742,11.62189273744545,1.2551701504752184,1.2546856618416926,-60.992070086343105,False,-0.00040771025929054816,11.623707660390215,-63.40150475218298,0.8208955223880325,15,0,1.2559522365339904,TP1+TP2+SL,2023-06-13 06:15:00+00:00,65.67715975981058,3277.6369160637605,870,True
2023-06-13 12:30:00+00:00,2,GBP_USD,SHORT,1.2595699999999999,1.261001490769066,1.2574887210531354,1.257211460925152,1.2566569406691852,326772.66,2,LONDON,1.5,0.0009629815381319213,44.98265400447303,81.591573830991,1.2553626071075117,1.2541662788090688,22.7127894686463,False,7.739364611241469e-05,73.95089659794684,43.973928924883054,0.44230769230765127,12,1,1.2583148543874914,TP1+TP2+SL,2023-06-13 13:30:00+00:00,20.543999915053067,671.3217499281664,60,True
2023-06-13 16:45:00+00:00,2,GBP_USD,SHORT,1.2620799999999999,1.2629799385425726,1.2588352466966768,1.2580739972108521,1.2565514982392025,527241.86,2,OVERLAP,1.5,0.0010798770851454388,51.16004885421611,72.86569602208615,1.257837713526651,1.2551095996177717,34.347533033232125,False,0.0001230575939660057,81.7815096183739,44.32286473349034,0.7281553398057917,16,1,1.2629799385425726,SL,2023-06-14 08:15:00+00:00,-8.999385425727533,-474.4852710717477,930,False
2023-06-14 12:30:00+00:00,2,GBP_USD,SHORT,1.2667399999999998,1.267522546009647,1.2645266440246927,1.2640783409409435,1.2631817347734453,600271.94,2,LONDON,1.5,0.0007650920192941263,41.5794762002085,78.37600815842308,1.2627243454760524,1.2588699911596701,24.033559753071643,False,0.00015111360587562075,90.41328992454868,42.05654523947499,0.6831683168316821,12,2,1.267522546009647,SL,2023-06-14 12:45:00+00:00,-7.825460096473336,-469.74041135026357,15,False
2023-06-14 14:15:00+00:00,2,GBP_USD,SHORT,1.2694599999999998,1.270136099160878,1.2657400286495215,1.264872408905748,1.2631371694182005,687832.55,2,OVERLAP,1.5,0.0009121983217561957,64.47283959016266,80.59959117755574,1.264117560920817,1.2595136801862994,39.09971350478436,False,0.0002782362792452984,79.57235041627068,55.324390791828826,0.9112903225805946,14,2,1.2631371694182005,TP3,2023-06-14 18:00:00+00:00,44.14067145497203,3036.1390605585625,225,True
2023-06-19 16:30:00+00:00,2,GBP_USD,LONG,1.27808,1.2771497637831788,1.2804736948265998,1.2809085975969352,1.281778403137606,532557.64,2,OVERLAP,1.5,0.0008004724336421341,34.1012932582374,27.368135074375076,1.28054676330427,1.2784745325252695,-25.83694826599814,False,-9.197255877191026e-05,37.32286329762747,-26.567633042700045,0.8229166666666763,16,0,1.2771497637831788,SL,2023-06-19 16:45:00+00:00,-9.302362168213117,-495.40440427288615,15,False
2023-06-21 09:45:00+00:00,2,GBP_USD,LONG,1.27021,1.2692727714092527,1.2721334126465509,1.2726051001245824,1.2735484750806456,523298.54,2,LONDON,1.5,0.0014144571814950894,44.63347979207201,28.12690744107806,1.274891620914996,1.2764989971007887,-21.134126465509606,False,-0.0005509568718755774,18.064108284988716,-48.71620914996155,0.9019607843139347,9,2,1.2692727714092527,SL,2023-06-21 10:45:00+00:00,-9.372285907474076,-490.4503531843759,60,False
2023-06-28 09:45:00+00:00,2,GBP_USD,LONG,1.2697900000000002,1.268907966295792,1.2710938347638852,1.271453836572371,1.272173840189343,550484.47,2,LONDON,1.5,0.0009040674084160396,54.10738688530073,29.555277327475707,1.2727263275153526,1.2731117895753368,-14.938347638850935,False,-0.00024308608183167338,15.805377720866693,-31.263275153525782,0.6912751677851479,9,2,1.2697900000000002,TP1+SL,2023-06-28 10:45:00+00:00,6.519173819424795,358.8703944823934,60,True
2023-06-28 11:30:00+00:00,2,GBP_USD,LONG,1.26777,1.2669375565861745,1.270500943166072,1.2710034925780955,1.2720085914021422,587588.96,2,LONDON,1.5,0.001104886827651023,59.45500251710611,29.277024234469636,1.2719528347499323,1.2728754316421167,-29.209431660721652,False,-0.00023097372947690812,16.37493155081979,-43.728347499323306,0.7110266159696206,11,2,1.2669375565861745,SL,2023-06-28 11:45:00+00:00,-8.324434138256008,-489.1345597886344,15,False
2023-06-28 13:00:00+00:00,2,GBP_USD,LONG,1.2632100000000002,1.2622124176268175,1.26839926740537,1.269696506976376,1.2722909861183878,485416.77,2,OVERLAP,1.5,0.0011951647463651746,73.87557620566045,19.570656176017366,1.2703416280324629,1.2723850916759982,-53.7926740536987,False,-0.0006007914059692066,10.196490192378258,-73.21628032462834,0.6712328767123079,13,2,1.2622124176268175,SL,2023-06-28 13:45:00+00:00,-9.975823731827038,-484.24321339928275,45,False
2023-06-30 12:30:00+00:00,2,GBP_USD,SHORT,1.26816,1.269683204957568,1.2644171278705778,1.2637016285181408,1.2622706298132669,314731.63,2,LONDON,1.5,0.0012864099151361156,42.9648886686237,72.03050639110518,1.2632584426994928,1.2642079210690138,39.328721294222824,False,0.00039299326177888645,83.8932500689526,50.915573005072545,0.7675840978593581,12,4,1.269683204957568,SL,2023-06-30 13:15:00+00:00,-15.232049575679694,-479.4007791194479,45,False
2023-06-30 14:00:00+00:00,2,GBP_USD,SHORT,1.2715899999999998,1.2725837252352648,1.2662790998076598,1.26511466056809,1.2627857820889503,477603.62,2,OVERLAP,1.5,0.0013674504705293992,59.12030771637493,80.80656483269522,1.2646153635916384,1.2645201370220653,55.00900192340063,False,0.0005423634180538935,81.37685220244823,71.64636408361513,0.9457013574660101,14,4,1.2725837252352648,SL,2023-06-30 14:30:00+00:00,-9.93725235264975,-474.6067696479037,30,False
2023-07-04 12:45:00+00:00,2,GBP_USD,SHORT,1.2733999999999999,1.2743206953374635,1.2706813131201948,1.2701165698896817,1.2689870834286552,510332.45,2,LONDON,1.5,0.0008013906749269282,50.68591283553256,76.42340742129755,1.2702401731362336,1.2687225124341188,29.08686879805167,False,0.00023463608850515338,84.68921883769302,33.49826863766392,0.7839506172840369,12,1,1.2703795288631752,TP1+TP2+SL,2023-07-05 03:30:00+00:00,29.6161464903758,1511.4080597992383,885,True
2023-07-07 12:15:00+00:00,2,GBP_USD,SHORT,1.27795,1.2790664414578132,1.2752300762263626,1.274608599623675,1.2733656464182992,434393.39,2,LONDON,1.5,0.0010328829156261781,41.161125970962544,71.54725649870086,1.2746201359296223,1.2728435093375041,29.09923773637413,False,0.0002407825630305132,53.21430052673063,35.19864070377743,0.5175438596491405,12,4,1.2790664414578132,SL,2023-07-07 12:30:00+00:00,-11.164414578133108,-484.9747895960661,15,False
2023-07-07 16:30:00+00:00,2,GBP_USD,SHORT,1.2841299999999998,1.2849401787851933,1.2784293405547735,1.276961545428147,1.274025955174894,592616.16,2,OVERLAP,1.5,0.0012203575703865703,63.91624368035045,79.3607585929232,1.2779886652438084,1.2741338095202221,58.90659445226376,False,0.0002449233796706729,78.33448355187697,63.3133475619152,0.9223300970875064,16,4,1.27573,TP1+TP2+TIME,2023-07-10 12:30:00+00:00,66.19288822761514,3922.6975240758497,4080,True
2023-07-11 10:30:00+00:00,2,GBP_USD,SHORT,1.29287,1.2940128216725015,1.2900785068219325,1.2893935436822548,1.2880236174028994,454447.12,2,LONDON,1.5,0.001085643345003241,36.37007451396067,72.24113020308917,1.2882402509308448,1.283243174234878,29.81493178067618,False,0.0003083780969699398,88.12838625271509,48.197490691552765,0.7772020725388947,10,1,1.2897688559074034,TP1+TP2+SL,2023-07-11 13:00:00+00:00,30.77677914134036,1398.64186436582,150,True
2023-07-13 09:30:00+00:00,2,GBP_USD,SHORT,1.30761,1.3086128556208036,1.3050074599113077,1.3046095241912952,1.30381365275127,531819.76,2,LONDON,1.5,0.00140571124160747,45.571964081485405,72.5021852312268,1.3013997536108333,1.295851583245326,27.925400886923413,False,0.00044809945351782397,71.8192887541958,64.00246389166809,0.8393442622951214,9,3,1.305793950690923,TP1+TP2+SL,2023-07-13 12:45:00+00:00,26.238439737543025,1395.4120723994597,195,True
2023-07-19 11:45:00+00:00,2,GBP_USD,LONG,1.28994,1.28903420340662,1.2931083462393131,1.2938570894805124,1.2953545759629108,604211.32,2,LONDON,1.5,0.0013515931867597271,44.80274533534163,24.788687974763192,1.2971146613050641,1.3034251987350722,-33.583462393131924,False,-0.00012272382211650024,6.591253904508946,-73.6466130506419,0.7212121212120698,11,2,1.28903420340662,SL,2023-07-19 13:45:00+00:00,-9.057965933800816,-547.2925553376823,120,False
2023-07-19 14:00:00+00:00,2,GBP_USD,LONG,1.2884300000000002,1.2871093043109303,1.2921431244330561,1.2930008443217775,1.2947162840992201,410253.19,3,OVERLAP,1.5,0.0014613913781394855,52.78408215214798,27.786571063248388,1.295088322596499,1.302310176789267,-39.03124433056071,False,4.215590107378058e-05,17.69444449246625,-68.48322596499034,0.7228464419475743,14,2,1.2871093043109303,SL,2023-07-19 14:45:00+00:00,-13.20695689069895,-541.8196194601726,45,False
2023-07-20 12:00:00+00:00,2,GBP_USD,LONG,1.2878800000000001,1.2868350527599903,1.2905964853828242,1.2911562832660464,1.2922758790324904,513328.72,2,LONDON,1.5,0.001069894480019209,51.95565863040282,26.539932272295104,1.2919638303467778,1.296545783802186,-29.06485382824231,False,-0.00021348547114844753,17.894175901006122,-42.73830346777751,0.8022598870056142,12,3,1.2868350527599903,SL,2023-07-20 12:15:00+00:00,-10.44947240009808,-536.4014291817675,15,False
2023-07-21 11:45:00+00:00,2,GBP_USD,LONG,1.2826000000000002,1.2818210245621067,1.2854158743869506,1.2858465647317558,1.2867079454213664,681712.66,2,LONDON,1.5,0.001077950875786745,38.40465659639189,26.167527645302656,1.286611006331457,1.2905007708116476,-30.058743869505467,False,-0.0002906132323880472,12.887623986844345,-42.01006331457035,0.9764150943395742,11,4,1.2818210245621067,SL,2023-07-21 12:15:00+00:00,-7.789754378935144,-531.0374178410525,30,False
2023-07-24 14:15:00+00:00,2,GBP_USD,LONG,1.2803600000000002,1.279116088249464,1.2831157452471573,1.2836227176239008,1.284636662377388,422640.14,2,OVERLAP,1.5,0.0012878235010716664,26.632938973705816,29.978918160943905,1.2842790817640304,1.286849435215878,-29.457452471572942,False,-0.0002890929350888951,9.002328781625126,-41.090817640303534,0.7722222222222133,14,0,1.2829284357729829,TP1+TP2+SL,2023-07-24 17:30:00+00:00,29.050891578912054,1227.8072884036212,195,True
2023-08-01 11:30:00+00:00,2,GBP_USD,LONG,1.2790100000000002,1.2780125464794303,1.2813601192467852,1.2819569803692368,1.2831507026141402,539378.63,2,LONDON,1.5,0.0008949070411390711,47.8639736542076,28.50563069695194,1.2821178044020776,1.2839410820003965,-25.401192467850997,False,-0.00031323457109662606,19.720163684908574,-32.97804402077497,0.7313432835820104,11,1,1.2780125464794303,SL,2023-08-01 11:45:00+00:00,-9.97453520569902,-538.0051134136705,15,False
2023-08-03 10:00:00+00:00,2,GBP_USD,LONG,1.2650000000000001,1.2640335584658282,1.2677062178920568,1.2682654242357563,1.2693838369231554,551119.8,2,LONDON,1.5,0.0011728830683438338,39.22259112247875,27.243216639506045,1.269916424938961,1.2744387010901752,-28.962178920568515,False,-0.00034055810628250876,10.929118141322464,-51.06424938960963,0.8815789473685133,10,3,1.2640335584658282,SL,2023-08-03 11:00:00+00:00,-9.664415341719135,-532.6250650245182,60,False
2023-08-08 11:30:00+00:00,2,GBP_USD,LONG,1.2707100000000002,1.2696297941079269,1.2731207719517814,1.2737468098940927,1.2749988857787156,488146.58,2,LONDON,1.5,0.0009404117841462211,52.815456452532935,23.53755599694415,1.2747514892026341,1.2750010637018963,-26.00771951781322,False,-0.00025121442080520235,22.614415315272144,-42.31489202634053,0.64197530864195,11,1,1.2696297941079269,SL,2023-08-08 11:45:00+00:00,-10.802058920733604,-527.29881191146,15,False
2023-08-10 10:30:00+00:00,2,GBP_USD,SHORT,1.27693,1.2776275907776484,1.2760276712861525,1.2758670783365758,1.2755458924374226,748326.73,2,LONDON,1.5,0.0007351815552966302,59.428210331998194,75.13805463674537,1.2737925280029414,1.2736429020937254,10.92328713847568,False,7.548531418035765e-05,81.28871509878878,33.27471997058628,0.8660714285715436,10,3,1.27693,TP1+SL,2023-08-10 12:00:00+00:00,4.511643569237167,337.61834790927776,90,True
2023-08-10 12:15:00+00:00,2,GBP_USD,SHORT,1.2788499999999998,1.2795413987688455,1.2764549719703953,1.2761308570079568,1.27548262708308,759911.69,2,LONDON,1.5,0.0008627975376913387,44.384162525043045,75.62144575382345,1.27460804812901,1.273877063903666,25.850280296046968,False,5.679037299118495e-05,61.06172276675937,44.31951870989881,0.9098712446351723,12,3,1.2795413987688455,SL,2023-08-10 12:30:00+00:00,-6.91398768845719,-525.4020068974696,15,False
2023-08-16 09:00:00+00:00,2,GBP_USD,SHORT,1.2763399999999998,1.2770784674936577,1.2755549581442587,1.2753202407062434,1.274850805830213,704361.39,2,LONDON,1.5,0.0009569349873154538,59.27802606975181,81.92063726560541,1.271885716483902,1.270565855724735,9.750418557412655,False,0.00038760185963868186,83.12724490789769,46.442835160980245,0.8061224489794508,9,2,1.274850805830213,TP3,2023-08-16 10:15:00+00:00,9.728158061533263,685.2138934361276,75,True
2023-08-22 13:30:00+00:00,2,GBP_USD,LONG,1.2728100000000002,1.271657948623029,1.2762610053504457,1.27702266209585,1.2785459755866584,457444.99,2,OVERLAP,1.5,0.0011041027539422,49.30621060855901,25.566862800728146,1.2765449178209376,1.2753706420821325,-36.41005350445647,False,-0.00041868457522963357,18.72982963096483,-39.249178209375124,0.6153846153846319,13,1,1.2728100000000002,TP1+SL,2023-08-23 07:30:00+00:00,17.255026752227565,789.3225540122471,1080,True
2023-08-24 09:30:00+00:00,2,GBP_USD,LONG,1.2671500000000002,1.2654173213900806,1.2695014800715632,1.2699755647892317,1.270923734224569,308708.93,2,LONDON,1.5,0.001028452406612984,48.2465794350729,26.771266915789965,1.2707506285149857,1.2718060639927486,-25.414800715630737,False,-0.0003500699893730282,7.458985277614109,-37.90628514985572,0.9081632653060855,9,3,1.2654173213900806,SL,2023-08-24 12:00:00+00:00,-17.32678609919658,-534.893359702185,150,False
2023-08-24 12:30:00+00:00,2,GBP_USD,LONG,1.26391,1.2631365232054876,1.2675719010270916,1.268374637159882,1.269980109425463,684628.71,2,LONDON,1.5,0.0011269535890249672,50.38526406652472,27.5468470461891,1.2692577092317676,1.271257291298894,-38.51901027091653,False,-0.00034073905084841993,9.813574636582457,-55.37709231767662,0.9913793103448664,12,3,1.2631365232054876,SL,2023-08-24 12:45:00+00:00,-7.734767945124511,-529.5444200419944,15,False
2023-08-30 12:30:00+00:00,2,GBP_USD,SHORT,1.2702999999999998,1.2717260514380704,1.2662838680294992,1.2655549883282529,1.2640972289257604,367622.77,2,LONDON,1.5,0.0013721028761410237,36.449527240499435,73.28721392687356,1.264563066280911,1.2625570108567596,42.06131970500682,False,0.0003890401670629427,79.11354355418284,59.269337190888116,0.8391812865496918,12,2,1.2717260514380704,SL,2023-08-30 12:45:00+00:00,-14.260514380706189,-524.2489798260044,15,False
2023-08-30 13:45:00+00:00,2,GBP_USD,SHORT,1.2737899999999998,1.2748776371110169,1.2678368052597897,1.266660858918875,1.2643089662370457,477187.18,2,OVERLAP,1.5,0.0014752742220336546,58.839919463025446,79.52604599040362,1.2658834250380822,1.2630085015200447,61.43194740210189,False,0.000646450941725287,85.0972886762349,80.96574961917734,0.946843853820544,13,2,1.2686,TP1+TIME,2023-08-31 09:45:00+00:00,55.7159737010493,2658.694837135788,1200,True
2023-08-31 11:15:00+00:00,2,GBP_USD,LONG,1.2667700000000002,1.265856254661187,1.2687141546477703,1.2692397111772862,1.2702908242363182,597095.72,2,LONDON,1.5,0.0009274906776260632,41.94038853772925,28.98185701323709,1.2700729526431356,1.2676627803555998,-21.341546477702256,False,-0.00019430931276376794,21.567246970475093,-34.929526431355384,0.49523809523785356,11,3,1.2683772612650022,TP1+TP2+SL,2023-08-31 12:30:00+00:00,20.775654256854455,1240.5054236967576,75,True
