timestamp,strategy_id,pair,signal_direction,entry_price,sl_price,tp1_price,tp2_price,tp3_price,lot_size,confluence_score,session,spread_at_entry,atr_at_entry,adx_at_entry,rsi_at_entry,ema_50_value,ema_200_value,vwap_deviation,news_within_60min,macd_hist_at_entry,stoch_k_at_entry,distance_from_ema50_pips,candle_body_ratio,hour_of_day,day_of_week,exit_price,exit_reason,exit_time,pnl_pips,pnl_dollars,hold_time_minutes,win
2021-01-07 12:45:00+00:00,2,GBP_JPY,SHORT,140.934,141.05406505179835,140.72702989152344,140.6775548600426,140.57860479708089,8328.82,2,LONDON,2.5,0.12813010359669957,53.39297806422747,71.43589691135729,140.53155286907483,140.29373734226476,23.597010847655042,False,0.009020486006970738,87.00511789537195,43.14471309251644,0.6753246753245938,12,3,140.73561126826522,TP1+TP2+SL,2021-01-07 16:45:00+00:00,22.299916298358653,1857.3198886409552,240,True
2021-01-12 09:45:00+00:00,2,GBP_JPY,SHORT,141.649,141.74993884664286,141.36808172432234,141.29283381546693,141.1423379977561,10090.99,2,LONDON,2.5,0.10987769328575632,59.003312580629654,80.07952044351441,141.08867890451725,140.85350616398284,30.991827567765995,False,0.04445305617183512,90.42263175239532,58.932109548274525,0.8827586206896687,9,1,141.74993884664286,SL,2021-01-12 12:30:00+00:00,-10.09388466428618,-1018.5728920846519,165,False
2021-01-12 15:15:00+00:00,2,GBP_JPY,SHORT,141.984,142.0819313487319,141.60200837529175,141.51234526801883,141.333019053473,10296.88,2,OVERLAP,2.5,0.12386269746379486,42.24979033996662,71.73449553834217,141.45422769207116,141.02039265693242,41.099162470825945,False,0.0041012858957383685,77.87617316764813,55.8772307928848,0.8548387096774608,15,1,142.0819313487319,SL,2021-01-13 09:15:00+00:00,-9.793134873189047,-1008.3873461304282,1080,False
2021-01-13 09:15:00+00:00,2,GBP_JPY,SHORT,142.18,142.26709705256025,141.97793735834932,141.92854925730313,141.82977305521078,11461.97,2,LONDON,2.5,0.09219410512047488,32.657416014250444,78.04759871989293,141.8180448994674,141.42635054593745,23.10626416506807,False,0.03268549418556278,94.41927994389924,39.095510053260796,0.89999999999997,9,2,142.18,TP1+SL,2021-01-13 13:30:00+00:00,10.103132082534215,1158.017968360447,255,True
2021-01-15 09:30:00+00:00,2,GBP_JPY,LONG,141.49,141.4079865877489,141.5752570317488,141.59960858842945,141.64831170179076,12313.64,2,LONDON,2.5,0.09002682450223054,53.55758561956865,24.221999349319645,141.83095129483726,141.81947952472308,-11.425703174879231,False,-0.021884146815191657,13.455548679874381,-36.99512948372501,0.6914893617021469,9,4,141.4079865877489,SL,2021-01-15 09:45:00+00:00,-8.201341225111491,-1009.8836336318186,15,False
2021-01-15 12:00:00+00:00,2,GBP_JPY,LONG,141.32,141.18574180785137,141.50334831758005,141.54539719718255,141.6294949563876,7446.73,2,LONDON,2.5,0.10051638429722393,42.50595145195172,26.318019930112584,141.70365155420023,141.78418089970026,-21.234831758005157,False,-0.006229507304580328,20.31881967011071,-41.2651554200238,0.47826086956519054,12,4,141.18574180785137,SL,2021-01-15 13:45:00+00:00,-13.425819214862145,-999.7845072189037,105,False
2021-01-15 13:45:00+00:00,2,GBP_JPY,LONG,141.19299999999998,141.09974813600329,141.4279206755564,141.48992486436947,141.61393324199557,10614.13,2,OVERLAP,2.5,0.10050372799345629,49.31373674874762,27.379683758635267,141.59775564446898,141.7495079133843,-26.39206755564203,False,-0.0036116305076293598,54.63233927907183,-43.37556444689881,0.8830409356726157,13,4,141.09974813600329,SL,2021-01-15 14:00:00+00:00,-9.32518639966986,-989.7874072032785,15,False
2021-01-15 15:15:00+00:00,2,GBP_JPY,LONG,141.06799999999998,140.89340602775442,141.35854135371125,141.4336076318805,141.583740188219,5612.39,2,OVERLAP,2.5,0.12118794449118098,42.004192754605114,28.61461398656155,141.50694359026096,141.7160476649553,-31.954135371125858,False,-0.0052906333714761306,38.862778315632944,-46.794359026097254,0.3858695652175399,15,4,140.89340602775442,SL,2021-01-18 01:00:00+00:00,-17.459397224556028,-979.8894638912601,3465,False
2021-01-20 14:45:00+00:00,2,GBP_JPY,LONG,141.546,141.43975347596495,141.96548558507004,142.04122993528418,142.19271863571248,9130.56,2,OVERLAP,2.5,0.10849304807009459,47.76574980191668,24.77183195112339,141.8402254662516,141.56176987086735,-44.848558507004554,False,-0.052808412961602956,13.96026736943599,-32.32254662516141,0.9144981412639567,14,2,141.43975347596495,SL,2021-01-20 15:00:00+00:00,-10.624652403504342,-970.090262493406,15,False
2021-01-26 12:15:00+00:00,2,GBP_JPY,SHORT,142.02100000000002,142.12952625483123,141.69330642584055,141.60649082899303,141.43285963529803,8849.37,2,LONDON,2.5,0.10705250966245913,47.85526501107072,70.66975617414082,141.71985279990193,141.82993301932794,35.66935741594648,False,0.04325266247093122,83.83806821761043,33.01472000980823,0.775862068965599,12,1,142.12952625483123,SL,2021-01-26 13:45:00+00:00,-10.85262548312187,-960.3889837157418,90,False
2021-01-26 15:45:00+00:00,2,GBP_JPY,SHORT,142.395,142.50542743570136,141.9156479345133,141.7886916007754,141.5347789332996,8610.05,2,OVERLAP,2.5,0.1068548714027222,60.12229748486746,77.59390349211542,141.90783106545643,141.87117451492904,50.83520654867186,False,0.02206088503061915,88.20405615576543,51.61689345435718,0.7393617021277593,15,1,142.50542743570136,SL,2021-01-27 07:00:00+00:00,-11.042743570135372,-950.7857427604405,915,False
2021-01-29 12:00:00+00:00,2,GBP_JPY,SHORT,143.67600000000002,143.7931556043785,143.32767132390393,143.24505027062975,143.0798081640814,8034.42,2,LONDON,2.5,0.1203112087570318,37.78541036744644,70.73268144215409,143.27952983066038,142.88442434390478,37.732867609608434,False,0.04151508114098282,91.29303240439361,42.54701693396328,0.7676056338029015,12,4,143.7931556043785,SL,2021-01-29 13:15:00+00:00,-11.715560437849604,-941.2773309306762,75,False
2021-02-04 12:00:00+00:00,2,GBP_JPY,SHORT,143.51500000000001,143.71773483796346,143.0378718769145,142.9934625778048,142.90464397958542,4596.47,2,LONDON,2.5,0.1454696759268804,26.86536540697395,71.35028299319336,143.092727645985,143.28111705165307,50.612812308551725,False,0.04202987355788217,55.639409609998324,45.12723540150034,0.8488529014844903,12,3,143.71773483796346,SL,2021-02-04 12:15:00+00:00,-20.27348379634475,-931.8646006538476,15,False
2021-02-05 12:45:00+00:00,2,GBP_JPY,SHORT,144.727,144.85373036374045,144.4904581168842,144.43506983856315,144.32429328192106,7279.6,2,LONDON,2.5,0.09746072748088813,38.56470895061355,71.87832281521362,144.40496504478293,143.9341396618899,26.55418831157874,False,0.024461145752206703,81.71063674512116,35.10349552170737,0.5157232704401459,12,4,144.85373036374045,SL,2021-02-05 13:45:00+00:00,-12.673036374044955,-922.5463558849766,60,False
2021-02-10 09:30:00+00:00,2,GBP_JPY,SHORT,144.861,144.9484132413124,144.66901404897868,144.63687873336227,144.5726081021294,10448.31,2,LONDON,2.5,0.08082648262482538,44.61229877596985,74.39155137658035,144.52643491387062,144.45378626615582,22.098595102130503,False,0.031855333738836235,83.99392080064415,36.35650861293698,0.9126984126984404,9,2,144.9484132413124,SL,2021-02-10 09:45:00+00:00,-8.741324131241868,-913.3206433369571,15,False
2021-02-12 16:30:00+00:00,2,GBP_JPY,SHORT,145.329,145.4298742147062,144.99707785735268,144.91000763398023,144.73586718723533,8963.52,2,OVERLAP,2.5,0.09574842941235642,71.01085298089023,76.51907203741513,144.9390428974676,144.75911714140798,36.09221426473255,False,0.019127467417215105,70.46485135780826,41.89571025324028,0.895522388060018,16,4,145.4298742147062,SL,2021-02-12 17:00:00+00:00,-10.087421470618095,-904.1880410031472,30,False
2021-02-15 09:30:00+00:00,2,GBP_JPY,SHORT,146.371,146.46042003191891,146.27693059080266,146.25667643723864,146.21616813011056,10010.57,2,LONDON,2.5,0.08684006383785434,63.89824786362857,80.25269934530121,145.90913505581366,145.28257046332217,12.306940919734188,False,0.015439126544302795,66.68287671125454,49.086494418634175,0.7971014492754309,9,0,146.46042003191891,SL,2021-02-15 09:45:00+00:00,-8.942003191890535,-895.1454889264363,15,False
2021-02-17 16:00:00+00:00,2,GBP_JPY,LONG,146.515,146.3844940902837,146.94943119983068,147.0325181777038,147.19869213345004,6790.45,2,OVERLAP,2.5,0.14501181943254396,35.176414549568,29.1826750918395,146.97589467942493,146.80386906825646,-46.343119983069414,False,-0.03792810345590597,35.09099704248268,-48.98946794249355,0.7755775577558276,16,2,147.06715693198842,TP1+TP2+SL,2021-02-18 09:30:00+00:00,48.11705019099463,3267.364234694395,1050,True
2021-02-18 13:30:00+00:00,2,GBP_JPY,SHORT,147.678,147.84354253396597,147.25811234898507,147.15548104872627,146.95021844820866,5550.65,2,OVERLAP,2.5,0.11708506793198077,72.70824436613839,84.5531827408631,147.0678592517492,146.85452377090755,44.88876510149282,False,0.02402809558195218,80.27049140327401,63.91407482507816,0.5305164319248958,13,3,147.456,TIME,2021-02-19 09:30:00+00:00,22.20000000000084,1232.2443000000467,1200,True
2021-02-19 15:00:00+00:00,2,GBP_JPY,SHORT,148.0,148.09071350930924,147.61655972567033,147.52890674625536,147.3536007874254,10265.18,2,OVERLAP,2.5,0.11942701861846057,49.23430822731713,71.89712019289212,147.61781739310175,147.3245081264796,41.244027432966845,False,0.04045542688184112,68.60494479212696,41.11826068982509,0.7613636363634877,15,4,148.09071350930924,SL,2021-02-19 15:15:00+00:00,-9.071350930923927,-931.1905014910168,15,False
2021-03-04 15:15:00+00:00,2,GBP_JPY,SHORT,150.272,150.41964247118068,149.8110587662718,149.69811967102322,149.4722414805261,6243.99,2,OVERLAP,2.5,0.125284942361336,70.96721658718387,82.19831073259442,149.67774603145097,149.30432827601575,48.994123372818876,False,0.03907034138799026,88.40604835823189,62.32539685490224,0.5929648241205413,15,3,150.41964247118068,SL,2021-03-04 15:30:00+00:00,-14.76424711806885,-921.8781136275072,15,False
2021-03-04 16:30:00+00:00,2,GBP_JPY,SHORT,150.613,150.80009083557462,149.95342695397196,149.79779438010254,149.48652923236372,4878.16,2,OVERLAP,2.5,0.14418167114923658,76.75432059759143,84.64449050350177,149.83410647950774,149.36455160067737,68.85730460280399,False,0.04349966745901587,77.45976325879428,80.78935204922573,0.5592592592591715,16,3,149.94385415857013,TP1+TP2+SL,2021-03-04 19:15:00+00:00,71.5480366192611,3490.2277031461467,165,True
2021-03-12 11:30:00+00:00,2,GBP_JPY,LONG,151.44899999999998,151.34402193922287,151.92101392339765,152.00118080299538,152.16151456219086,9026.29,2,LONDON,2.5,0.11395612155430092,30.806026287692493,23.843677611889362,151.8731424117726,151.50941496200903,-50.10139233976645,False,-0.046795618301755076,15.032669915004503,-45.31424117726033,0.9309309309309423,11,4,151.34402193922287,SL,2021-03-12 11:45:00+00:00,-10.497806077711402,-947.5624202118566,15,False
2021-03-16 08:45:00+00:00,2,GBP_JPY,LONG,150.962,150.85410773300356,151.07199959368694,151.0940647727046,151.13819513073994,8694.66,2,LONDON,2.5,0.10178453399286623,48.96732191223055,23.62962969623493,151.40696994947288,151.6062579995389,-13.899959368694681,False,-0.02069212291861132,53.785159393486985,-47.39699494728882,0.8591549295775889,8,1,150.85410773300356,SL,2021-03-16 09:15:00+00:00,-10.789226699642995,-938.0865781631796,30,False
2021-03-23 09:15:00+00:00,2,GBP_JPY,LONG,149.953,149.83522773761422,150.2093227453311,150.27217711932917,150.39788586732536,7885.6,2,LONDON,2.5,0.12554452477155717,58.388395109085494,23.876955357037033,150.48908372238375,150.8028029592647,-28.532274533108648,False,-0.043838346950354615,5.548834558044962,-56.508372238374704,0.8285714285714286,9,1,149.83522773761422,SL,2021-03-23 09:30:00+00:00,-11.777226238578463,-928.7049522693434,15,False
2021-03-23 10:00:00+00:00,2,GBP_JPY,LONG,149.51,149.3370668147006,149.9687822167226,150.0886849379117,150.32849038028994,5316.61,2,LONDON,2.5,0.14186637059880203,67.27489488627673,15.507501788754666,150.39395528759474,150.76876134537068,-48.77822167225929,False,-0.0858945188469474,6.382468850851723,-91.29552875947411,0.7392857142856886,10,1,149.3370668147006,SL,2021-03-23 10:15:00+00:00,-17.29331852993994,-919.4183022946397,15,False
2021-03-25 10:00:00+00:00,2,GBP_JPY,SHORT,149.592,149.71019378874163,149.36230938289322,149.3226641571603,149.2433737056944,7701.12,2,LONDON,2.5,0.1223875774832921,35.979176244927444,72.90188283884302,149.18522954945234,149.37764739928434,25.869061710679375,False,0.0330833648555488,70.09285480207572,43.57704505476647,0.7113402061856506,10,3,149.71019378874163,SL,2021-03-25 10:30:00+00:00,-11.819378874162112,-910.2245503538733,30,False
2021-03-26 09:45:00+00:00,2,GBP_JPY,SHORT,150.94400000000002,151.04644722524262,150.72472627278512,150.6825724286301,150.59826474032005,8795.96,2,LONDON,2.5,0.12689445048521658,52.1928284460109,76.23538700667225,150.3345181375708,149.8481337133741,24.827372721489382,False,0.039405781095148085,61.22805814013437,63.848186242921656,0.8937198067633235,9,4,151.04644722524262,SL,2021-03-26 11:15:00+00:00,-10.244722524259942,-901.1216953448946,90,False
2021-03-26 11:45:00+00:00,2,GBP_JPY,SHORT,151.162,151.27168222749555,150.83855144270305,150.76100566073657,150.6059140968036,8133.59,2,LONDON,2.5,0.1213644549910589,55.653792711443685,78.99630751822424,150.51763543104676,149.9365650332823,35.244855729695246,False,0.02261883025733502,84.21499183065986,67.33645689532466,0.84615384615375,11,4,151.27168222749555,SL,2021-03-26 13:00:00+00:00,-10.968222749554002,-892.1102687354494,75,False
2021-03-26 13:45:00+00:00,2,GBP_JPY,SHORT,151.435,151.60922460493995,150.9841051952353,150.87789657171842,150.66547932468472,5069.26,2,OVERLAP,2.5,0.13444920987991468,53.49459785200338,75.93724875682261,150.7075549389553,150.03382794763033,47.98948047647116,False,0.020567759194099172,88.71065262353962,75.64450610447011,0.6372093023255734,13,4,150.85771393984402,TP1+TP2+SL,2021-03-29 03:30:00+00:00,50.70265113043077,2570.2492126944753,3705,True
2021-03-31 09:15:00+00:00,2,GBP_JPY,SHORT,152.434,152.52608382115832,152.30605553893005,152.27091374419177,152.20063015471524,9870.27,2,LONDON,2.5,0.1121676423166501,31.29239207461424,73.72099781295603,152.02611068452495,151.5493317427701,15.694446106994064,False,0.011278829328396259,82.30172622753604,43.68893154750424,0.7200000000000683,9,2,152.37951705533627,TP1+TP2+SL,2021-03-31 11:15:00+00:00,12.922486176741044,1275.4842763570184,120,True
2021-03-31 14:00:00+00:00,2,GBP_JPY,SHORT,152.659,152.82437411818532,152.43882840357114,152.3887160004701,152.2884911942681,5573.1,3,OVERLAP,2.5,0.11874823637063615,24.16873912779079,70.50734152353942,152.26576843414645,151.70780501201187,24.917159642885167,False,0.011146725521152659,75.81319893541404,42.22315658535365,0.5384615384614738,14,2,152.2884911942681,TP3,2021-03-31 15:00:00+00:00,26.026151890967103,1450.4634710354876,60,True
2021-04-06 12:15:00+00:00,2,GBP_JPY,LONG,152.522,152.4102540422072,152.81053493543723,152.8725530668931,152.99658932980478,8377.5,2,LONDON,2.5,0.12749191558553957,54.661135944675465,29.166668893865435,153.0045109099214,153.0333953508714,-31.75349354372372,False,-0.027101643279538012,15.95364850412988,-51.151090992141235,0.6966292134831299,12,1,152.4102540422072,SL,2021-04-06 12:30:00+00:00,-11.174595779277752,-936.1517614089937,15,False
2021-04-08 12:30:00+00:00,2,GBP_JPY,LONG,150.082,149.95070914873475,150.37338534083054,150.42589601056673,150.5309173500391,7059.06,2,LONDON,2.5,0.1445817025304911,46.057664085652256,26.293955918012003,150.64503358045332,151.32976388452406,-32.03853408305406,False,-0.02251539060932678,28.52365869245187,-59.20335804533181,0.8434163701067252,12,3,149.95070914873475,SL,2021-04-08 13:30:00+00:00,-13.12908512652484,-926.7899965324646,60,False
2021-04-08 13:30:00+00:00,2,GBP_JPY,LONG,150.016,149.8593986619381,150.31174703852082,150.37905050974373,150.51365745218953,5858.97,2,OVERLAP,2.5,0.14320267612383789,55.68790636623939,28.646513923489906,150.56570744751428,151.2819663793864,-32.4747038520826,False,-0.023190131613565895,30.881172382250544,-57.870744751429015,0.6907216494846524,13,3,150.016,TP1+SL,2021-04-09 03:00:00+00:00,14.787351926041481,866.3865131411926,810,True
2021-04-09 12:45:00+00:00,2,GBP_JPY,SHORT,150.68800000000002,150.79104706224496,150.3853565831246,150.31356472367338,150.1699810047709,8987.99,2,LONDON,2.5,0.13009412448989469,38.51192227420401,70.86387598663558,150.26115315811336,150.60880533114215,33.164341687540855,False,0.024822868136627513,86.23331692316935,45.58468418866539,0.6954314720812109,12,4,150.79104706224496,SL,2021-04-09 13:00:00+00:00,-10.304706224493996,-926.1859649868981,15,False
2021-04-19 12:45:00+00:00,2,GBP_JPY,SHORT,150.888,151.05723384283186,150.31126468640414,150.18596868074502,149.93537666942677,5418.09,2,LONDON,2.5,0.15446768566375246,52.879892338101044,74.21568481856849,150.34632474943274,150.18516760196064,60.573531359585786,False,0.06570448709878995,79.2132582864317,57.067525056726254,0.7095808383233309,12,0,151.05723384283186,SL,2021-04-19 13:30:00+00:00,-16.923384283185783,-916.9241915088606,45,False
2021-04-20 14:45:00+00:00,2,GBP_JPY,LONG,150.867,150.70071952949385,151.4017982457596,151.50033490979118,151.6974082378543,5459.18,2,OVERLAP,2.5,0.13656094101228122,49.87674717793557,26.020093888799423,151.37285137916967,150.94950919145546,-56.37982457596138,False,-0.049504659466444556,22.310786950111265,-53.48513791696803,0.7560975609756605,14,1,150.70071952949385,SL,2021-04-20 15:15:00+00:00,-16.62804705061376,-907.7550189776963,30,False
2021-04-22 13:15:00+00:00,2,GBP_JPY,LONG,149.827,149.71974250228013,150.10227111367536,150.15676796389386,150.26576166433088,8378.69,2,OVERLAP,2.5,0.12451499543976186,59.668620273347166,25.702331725830717,150.26946951495174,150.51720727328583,-30.42711136753553,False,-0.03013874341589197,27.736573891876134,-47.14695149517354,0.734513274336272,13,3,149.71974250228013,SL,2021-04-22 13:30:00+00:00,-10.725749771987127,-898.6773235705082,15,False
2021-04-27 16:30:00+00:00,2,GBP_JPY,SHORT,151.08100000000002,151.17600208044374,150.6340833002101,150.51719247427297,150.28341082239868,9364.96,2,OVERLAP,2.5,0.12200416088746083,49.76378788956355,72.75760787929929,150.62228057938214,150.24570448491085,47.59166997899058,False,0.021233639500345958,67.22584864265353,48.771942061787854,0.8031496062991826,16,1,151.17600208044374,SL,2021-04-27 17:45:00+00:00,-9.500208044372016,-889.6906832722215,75,False
2021-04-29 09:15:00+00:00,2,GBP_JPY,SHORT,152.166,152.25022278565245,151.98373745604627,151.9490155887543,151.8795718541703,10457.9,2,LONDON,2.5,0.10644557130487774,41.664806972700795,75.88205091038435,151.6598499228549,151.200196731948,21.126254395372257,False,0.01907370834506765,69.66749192505445,53.51500771450901,0.9086294416243633,9,3,151.8795718541703,TP3,2021-04-29 10:30:00+00:00,21.00400377873129,2196.5777111759394,75,True
2021-05-07 12:30:00+00:00,2,GBP_JPY,LONG,151.498,151.31117271568945,151.77947963488356,151.8207898734934,151.90341035071305,4832.05,2,LONDON,2.5,0.11765456862110661,35.60502703967191,29.078472428041678,151.76715730220567,151.76044935088612,-31.047963488356345,False,-0.03805911969415171,43.10903194558973,-29.81573022056807,0.7268623024830564,12,4,151.31117271568945,SL,2021-05-07 12:45:00+00:00,-18.682728431053874,-902.7587791527387,15,False
2021-05-10 12:15:00+00:00,2,GBP_JPY,SHORT,153.598,153.70379001223412,153.36176322143325,153.30608566656554,153.19473055683014,8448.17,2,LONDON,2.5,0.11358002446824593,49.61964449773717,75.14115092935856,153.02126056208533,152.31729049008595,26.52367785667593,False,0.007828533595371584,83.51851851852173,60.573943791467855,0.6918918918919608,12,0,153.70379001223412,SL,2021-05-10 12:45:00+00:00,-10.579001223410954,-893.7320076558373,30,False
2021-05-11 13:00:00+00:00,2,GBP_JPY,LONG,153.328,153.19169906482065,153.67300232922145,153.72892153943963,153.84075995987598,6491.48,2,OVERLAP,2.5,0.13460187035866109,33.582101990801746,29.64075615061951,153.69598585479872,153.21077661464943,-37.40023292214403,False,-0.02964043016611355,39.96721831321796,-39.69858547987144,0.8911917098444886,13,1,153.19169906482065,SL,2021-05-11 13:15:00+00:00,-13.630093517934938,-884.7947946980429,15,False
2021-05-12 12:30:00+00:00,2,GBP_JPY,SHORT,154.046,154.18732282282255,153.77028455118,153.74310309071865,153.68874016979598,6198.2,2,LONDON,2.5,0.1286456456451378,39.23594282673993,70.00184453858027,153.70785954356114,153.49665154474715,30.47154488199908,False,0.016403672731068377,50.94679594106129,36.714045643884674,0.8055045871559688,12,2,154.18732282282255,SL,2021-05-12 12:45:00+00:00,-14.132282282255915,-875.9471204187861,15,False
2021-05-14 13:45:00+00:00,2,GBP_JPY,SHORT,154.124,154.24438731332688,153.8967060834951,153.84199803739392,153.73258194519155,7203.31,2,OVERLAP,2.5,0.10277462665375578,35.47938236426144,71.25287149159318,153.87769493407643,153.83610852214068,25.629391650488742,False,0.02567193904687285,74.86032879974003,27.53050659235612,0.6338797814206123,13,4,154.24438731332688,SL,2021-05-14 14:00:00+00:00,-12.038731332688712,-867.1871379606994,15,False
2021-05-19 14:00:00+00:00,2,GBP_JPY,LONG,153.858,153.64192215730645,154.41861077397795,154.51254481266295,154.70041289003296,3973.18,2,OVERLAP,2.5,0.17015568538712134,48.33399119132113,24.5773400434028,154.50003007115512,154.47057928614004,-58.961077397793815,False,-0.06765880786857259,31.459110749414194,-67.10300711551156,0.7574468085106285,14,2,153.64192215730645,SL,2021-05-19 14:30:00+00:00,-21.60778426935508,-858.5161630331621,30,False
2021-05-27 11:00:00+00:00,2,GBP_JPY,SHORT,154.576,154.75600104427696,154.23519659420828,154.19563815797324,154.11652128550313,4721.81,2,LONDON,2.5,0.13000208855392564,46.807061397947045,72.86103107990428,154.09809978596135,154.06190979062245,36.98034057917141,False,0.03063093339708229,58.3747391750367,50.69002140386374,0.7560553633217667,11,3,154.75600104427696,SL,2021-05-27 11:15:00+00:00,-18.00010442769633,-849.9307308774081,15,False
2021-05-27 14:45:00+00:00,2,GBP_JPY,SHORT,155.649,155.87383807092314,154.79021001658262,154.60720028686157,154.24118082741947,3742.39,2,OVERLAP,2.5,0.1676761418462831,64.85999411389828,82.36720068575981,154.54570462101532,154.20086560185095,88.77899834173775,False,0.05682692464495254,83.96312755098221,113.22953789846792,0.6958637469586385,14,3,155.87383807092314,SL,2021-05-27 17:30:00+00:00,-22.483807092314123,-841.4317482420545,165,False
2021-06-03 11:15:00+00:00,2,GBP_JPY,SHORT,155.76500000000001,155.83934782064918,155.65532179771094,155.6263926389558,155.56853432144553,11204.32,2,LONDON,2.5,0.08869564129840114,36.71560666040436,70.43046626183951,155.488129366141,155.36679721471816,13.867820228907135,False,0.00900399678586157,53.393607035227284,30.587063385900137,0.8524590163936526,11,3,155.76500000000001,TP1+SL,2021-06-03 12:15:00+00:00,5.483910114453749,614.4348377357643,60,True
2021-06-09 08:45:00+00:00,2,GBP_JPY,SHORT,155.27,155.34263343786824,155.22091146612607,155.20748469425203,155.18063115050398,11553.37,2,LONDON,2.5,0.08526687573647532,52.7653793053349,70.47057488252048,155.0196725053308,154.97617860630498,7.80885338739381,False,0.024082078835787217,77.10823967355718,27.93274946692179,0.6759259259259698,8,2,155.27,TP1+SL,2021-06-09 09:15:00+00:00,2.454426693697087,283.5689973015912,30,True
2021-06-09 13:45:00+00:00,2,GBP_JPY,LONG,154.582,154.42864201300648,154.9506264044109,155.04826746369537,155.24354958226428,5490.4,2,OVERLAP,2.5,0.09871597398708018,64.06418779716152,23.561626231435255,154.96485664818766,154.9729105829595,-39.762640441091435,False,-0.05591240724025315,22.818749455812,-41.185664818766554,0.47928994082838544,13,2,154.42864201300648,SL,2021-06-10 07:00:00+00:00,-15.335798699351244,-841.9966917891807,1035,False
2021-06-14 13:30:00+00:00,2,GBP_JPY,SHORT,155.107,155.18912683404918,154.68417847327123,154.59104010686514,154.40476337405292,10149.87,2,OVERLAP,2.5,0.09625366809838787,57.58623170728829,75.65667143262121,154.76211589753942,154.83191988106174,45.18215267287644,False,0.05552335835436911,95.05901423965918,37.3884102460579,0.9166666666668033,13,0,155.18912683404918,SL,2021-06-14 13:45:00+00:00,-8.212683404917696,-833.5766891107199,15,False
2021-06-15 11:15:00+00:00,2,GBP_JPY,LONG,154.707,154.55206540568392,155.05110037035826,155.1223597581562,155.26487853375207,5326.38,2,LONDON,2.5,0.10786918863215711,54.678407016448354,23.62999485168615,155.1761165927101,155.07110758239605,-37.31003703582587,False,-0.03453719631718241,36.35667866158181,-49.811659271009034,0.7784431137724205,11,1,154.55206540568392,SL,2021-06-15 11:45:00+00:00,-15.493459431607446,-825.2405244732528,30,False
2021-06-17 12:45:00+00:00,2,GBP_JPY,LONG,153.911,153.7190263923132,154.48476655433677,154.56885033365265,154.73701789228437,4255.73,2,LONDON,2.5,0.14594721537362626,57.59436016756698,19.718723400827585,154.63675559204168,154.87768663042138,-60.27665543367675,False,-0.040490850891115274,11.319905962748601,-75.47555920416755,0.8016701461377832,12,3,153.7190263923132,SL,2021-06-17 15:00:00+00:00,-19.19736076868048,-816.9878414409658,135,False
2021-06-17 15:00:00+00:00,2,GBP_JPY,LONG,153.706,153.58101662948587,154.28663999827296,154.43202436299015,154.7227930924245,6471.41,2,OVERLAP,2.5,0.1519667410282988,49.4431721974062,24.188823916732375,154.41355787218978,154.7938361804989,-60.96399982729679,False,-0.029757657701083656,9.151657983460497,-73.65578721897919,0.5783132530120813,15,3,153.58101662948587,SL,2021-06-17 15:45:00+00:00,-12.498337051411568,-808.8186337787533,45,False
2021-06-17 15:45:00+00:00,2,GBP_JPY,LONG,153.48,153.319068161436,154.2409285867995,154.41029414155622,154.74902525106964,4975.59,2,OVERLAP,2.5,0.1538636771279794,55.25706118942344,20.27843377695625,154.3211002563513,154.758508638733,-78.99285867995047,False,-0.03723942468742403,9.267033667121522,-87.0100256351293,0.7734375000000286,15,3,153.319068161436,SL,2021-06-17 16:15:00+00:00,-16.09318385639824,-800.7308466405652,30,False
2021-06-21 13:30:00+00:00,2,GBP_JPY,SHORT,153.187,153.30944301496578,152.66697139703874,152.53718157152042,152.27760192048382,6474.22,2,OVERLAP,2.5,0.15088602993154213,45.998061958319816,77.73827138225933,152.44620113504246,152.87421130839965,54.90286029612719,False,0.0134927825067101,95.03940221431567,76.97988649575507,0.6358695652175013,13,0,153.30944301496578,SL,2021-06-21 14:00:00+00:00,-12.244301496576782,-792.7230163516733,30,False
2021-06-21 14:00:00+00:00,2,GBP_JPY,SHORT,153.27100000000002,153.45700953841435,152.71764550979165,152.57346017915657,152.28508951788638,4219.12,2,OVERLAP,2.5,0.1580190768287293,51.91102640507762,77.49856335871414,152.50706763753823,152.88139145129912,58.23544902083597,False,0.024017622518709147,90.83377609440963,79.29323624617837,0.5727272727272974,14,0,153.45700953841435,SL,2021-06-21 16:45:00+00:00,-18.60095384143392,-784.7965637147068,165,False
2021-06-24 11:00:00+00:00,2,GBP_JPY,LONG,154.32399999999998,154.03308991027458,154.75190825657285,154.80389771905973,154.90787664403348,2670.75,3,LONDON,2.5,0.17460672648360592,23.13194579233476,26.358185523805616,154.83069279311823,154.5366536875511,-45.69082565728593,False,-0.02755059153579151,46.87501639005172,-53.5692793118244,0.6540342298288718,11,3,154.03308991027458,SL,2021-06-24 12:00:00+00:00,-29.09100897254007,-776.9481221341139,60,False
2021-06-25 12:15:00+00:00,2,GBP_JPY,LONG,153.73,153.62151947876768,153.95613959582772,153.98846362823195,154.05311169304042,7090.47,2,LONDON,2.5,0.10896104246463677,31.89258070473347,27.179726109791844,154.1351269300771,154.3368658305437,-25.513959582772827,False,-0.011866503871615003,22.349957366055524,-43.41269300770989,0.8571428571428209,12,4,153.62151947876768,SL,2021-06-25 12:30:00+00:00,-10.8480521232309,-769.17788138205,15,False
2021-06-29 11:00:00+00:00,2,GBP_JPY,LONG,152.915,152.80139159784912,153.15648778636248,153.21011262609616,153.31736230556356,6702.73,2,LONDON,2.5,0.11721680430176991,47.631071078972504,28.985835421576937,153.29261642199285,153.6565400620318,-27.048778636248016,False,-0.0316246514582809,11.59879476904633,-40.6616421992851,0.8351063829788328,11,1,152.915,TP1+SL,2021-06-30 06:00:00+00:00,12.07438931812419,809.3137151427055,1140,True
2021-07-02 10:15:00+00:00,2,GBP_JPY,LONG,153.22,153.13325549170227,153.35343069363628,153.38640648485324,153.45235806728718,8871.8,2,LONDON,2.5,0.09148901659544004,43.88423509426566,27.487603268824415,153.49465322131428,153.4985974651039,-16.243069363628138,False,-0.02270710056889036,23.92500209960552,-30.365322131427774,0.7478991596638556,10,4,153.13325549170227,SL,2021-07-02 10:30:00+00:00,-8.674450829772695,-769.5799287157739,15,False
2021-07-06 11:30:00+00:00,2,GBP_JPY,LONG,153.253,153.15888124316027,153.439270422522,153.49136386217893,153.5955507414928,8094.92,2,LONDON,2.5,0.09823751367944625,63.301696224167436,26.057077368881437,153.6068152105766,153.6047860334409,-21.527042252199635,False,-0.021283962706915432,27.511351034670373,-38.28152105766094,0.8814814814815392,11,1,153.40822892946292,TP1+TP2+SL,2021-07-06 12:30:00+00:00,19.984690244307046,1617.74468752446,60,True
2021-07-06 14:00:00+00:00,2,GBP_JPY,LONG,152.922,152.79144738894317,153.3627424185665,153.42817785271194,153.55904872100277,5959.75,2,OVERLAP,2.5,0.13710522211370807,46.7154890487259,27.67580886881622,153.49885359039328,153.574780770333,-46.97424185665113,False,-0.022529149512299937,10.815273981516661,-60.58535903932807,0.8356940509915128,14,1,152.79144738894317,SL,2021-07-06 14:15:00+00:00,-13.055261105682803,-778.0609237459308,15,False
2021-07-06 16:00:00+00:00,2,GBP_JPY,LONG,152.522,152.32765851218454,153.1514665426391,153.30382745326668,153.60854927452186,3963.54,2,OVERLAP,2.5,0.1586829756309592,57.43462368545525,26.942367296001862,153.26520942897406,153.5038272568886,-65.84665426391041,False,-0.04530744670674536,44.84245116190854,-77.22094289740653,0.8486842105263563,16,1,152.32765851218454,SL,2021-07-07 01:00:00+00:00,-19.43414878154499,-770.2802606160483,540,False
2021-07-08 10:15:00+00:00,2,GBP_JPY,LONG,151.136,150.98540391861047,151.39029328968155,151.45305702425142,151.5785844933912,5063.73,3,LONDON,2.5,0.18719216277909378,46.17341640033017,29.71358089126022,151.96545888833845,152.58273699309592,-28.32932896815521,False,0.0014003399492882318,19.020585979731937,-85.8458888338447,0.8763636363636687,10,3,150.98540391861047,SL,2021-07-08 11:45:00+00:00,-15.059608138952285,-762.5778952145685,90,False
2021-07-08 12:00:00+00:00,2,GBP_JPY,LONG,150.847,150.61895209556636,151.2885676551357,151.37851791498906,151.55841843469582,3310.5,2,LONDON,2.5,0.20009580886724657,47.830527287860846,28.52645361914071,151.75696020081102,152.48370379687123,-47.056765513568166,False,-0.013681738532979104,35.62636503754674,-93.89602008110103,0.6017964071856032,12,3,151.27322739035444,TP1+TP2+SL,2021-07-08 21:00:00+00:00,47.0749206367175,1558.415247678533,540,True
2021-07-09 13:30:00+00:00,2,GBP_JPY,SHORT,152.42600000000002,152.55077954742413,151.90381719317273,151.7920666673275,151.56856561563708,6175.18,2,OVERLAP,2.5,0.13155909484820247,67.43207667901711,80.49088506237746,151.78170477811523,151.88519019319745,55.11828068272848,False,0.03435820636173481,86.13174544429127,67.32952218847856,0.8240343347639653,13,4,152.55077954742413,SL,2021-07-09 13:45:00+00:00,-12.477954742411157,-770.5361656624253,15,False
2021-07-13 09:45:00+00:00,2,GBP_JPY,LONG,152.762,152.65256637855055,152.90029241953798,152.93217130735653,152.99592908299363,6970.72,2,LONDON,2.5,0.11086724289892934,63.67298089044627,27.694960218859407,153.131015542001,152.87518503946026,-16.729241953797214,False,-0.03518430873609528,17.51892365809599,-39.801554200099076,0.7046979865771082,9,1,152.65256637855055,SL,2021-07-13 11:00:00+00:00,-10.943362144945468,-762.8311337101427,75,False
2021-07-13 11:15:00+00:00,2,GBP_JPY,LONG,152.642,152.49600770114986,152.83300411979573,152.8842670301635,152.98679285089906,5172.89,2,LONDON,2.5,0.10398459770027552,71.13320074851393,26.0422595731236,153.04377032868936,152.86644190790662,-22.000411979573187,False,-0.019167805432240864,23.813245366633566,-43.07703286893627,0.43113772455091043,11,1,152.49600770114986,SL,2021-07-13 12:30:00+00:00,-14.599229885013187,-755.2021027988587,75,False
2021-07-13 12:30:00+00:00,2,GBP_JPY,LONG,152.507,152.35420838579728,152.73946768125322,152.79995210978515,152.92092096684902,4893.27,2,LONDON,2.5,0.11758322840544305,69.71219957895383,27.88951607046191,152.9685228165325,152.85491721476728,-26.14676812532082,False,-0.006665096771995949,54.32486558380422,-49.052281653249,0.7994011976047706,12,1,152.6757087678788,TP1+TP2+SL,2021-07-13 14:00:00+00:00,24.407339423322725,1194.317017799624,90,True
2021-07-14 10:30:00+00:00,2,GBP_JPY,SHORT,153.192,153.27349310131305,153.02003722191273,152.990890872781,152.93259817451755,9320.96,2,LONDON,2.5,0.10498620262610635,28.06009471271808,70.54109540634269,152.88166065143048,152.83447337212039,20.096277808727336,False,0.01418104078420053,92.64583541313476,33.93393485695242,0.9161290322580314,10,2,153.27349310131305,SL,2021-07-14 10:45:00+00:00,-8.149310131304333,-759.5939376148242,15,False
2021-07-14 16:45:00+00:00,2,GBP_JPY,LONG,152.392,152.29453039492617,152.89474517634736,153.01343765801982,153.2508226213648,7715.2,2,OVERLAP,2.5,0.11893921014767299,51.531416371082244,26.058146352248514,152.78342602508653,152.8227087874674,-53.17451763473571,False,-0.0391747805215122,25.132025637818618,-42.04260250865275,0.9224137931035581,16,2,152.29453039492617,SL,2021-07-14 21:45:00+00:00,-9.746960507382596,-751.997497065582,300,False
2021-07-19 14:00:00+00:00,2,GBP_JPY,LONG,149.527,149.37158017147547,150.24533543654084,150.4073968459186,150.73151966467415,4790.11,2,OVERLAP,2.5,0.21483965704907806,60.00116007481299,26.842811395107276,150.5994083516467,151.4487165915069,-74.73354365408511,False,-0.050541573108242865,25.96703646982959,-110.1408351646711,0.8750000000000342,14,0,149.37158017147547,SL,2021-07-19 14:15:00+00:00,-15.541982852451497,-744.4780748135644,15,False
2021-07-20 13:00:00+00:00,2,GBP_JPY,LONG,148.636,148.3549436764266,149.32657253962103,149.49310320378848,149.82616453212339,2622.37,2,OVERLAP,2.5,0.204112647146805,44.674014934369104,26.116739962713922,149.4353243495054,150.2981100941444,-71.95725396210264,False,-0.058349127812821644,19.120942520053394,-82.8324349505408,0.6365740740740631,13,1,149.44703400670178,TP1+TP2+SL,2021-07-20 15:00:00+00:00,76.69274921417525,2011.1676475677675,120,True
2021-08-02 15:30:00+00:00,2,GBP_JPY,LONG,151.74099999999999,151.59712205343,152.20148949675732,152.32379992336195,152.56842077657123,5262.41,2,OVERLAP,2.5,0.13375589313993114,49.36827044260474,27.26500442728181,152.26671828388783,152.553349329865,-48.94894967573293,False,-0.03249867245082594,13.197347917535941,-55.471828388783706,0.5246913580247206,15,0,151.59712205343,SL,2021-08-02 16:00:00+00:00,-14.387794656997245,-757.1447448092887,30,False
2021-08-05 14:00:00+00:00,2,GBP_JPY,SHORT,152.888,153.01039101234187,152.48350455290674,152.4372056470536,152.34460783534732,6124.41,2,OVERLAP,2.5,0.17078202468369005,29.15322296607635,70.44846000224302,152.42619098614884,152.18738717076988,43.34954470932644,False,0.03267230966979847,83.16612837149374,49.08090138511625,0.9724770642202257,14,3,153.01039101234187,SL,2021-08-05 14:30:00+00:00,-12.239101234186478,-749.5727398966401,30,False
2021-08-12 14:00:00+00:00,2,GBP_JPY,LONG,152.815,152.71808999997967,152.96945339230842,153.0023494729056,153.0681416340999,7657.39,2,OVERLAP,2.5,0.07782000004070064,41.84287714811647,28.238198909637802,153.0100298261453,153.02228665124366,-18.345339230842228,False,-0.009679908280787283,27.865527165827626,-22.402982614531197,0.7664233576641564,14,3,152.71808999997967,SL,2021-08-12 14:15:00+00:00,-9.691000002032979,-742.0776650556732,15,False
2021-08-12 16:30:00+00:00,2,GBP_JPY,LONG,152.60399999999998,152.51749865586302,152.90109348373477,152.98057821899187,153.13954768950603,8493.01,2,OVERLAP,2.5,0.07300268827395943,69.34794655643786,25.82827155255572,152.88743343062052,152.98596302656702,-32.60934837347804,False,-0.01216963904786672,41.03053435113829,-31.243343062052986,0.7678571428570975,16,3,152.51749865586302,SL,2021-08-12 17:00:00+00:00,-8.650134413696264,-734.6567807686652,30,False
2021-08-18 12:45:00+00:00,2,GBP_JPY,SHORT,151.215,151.30647717290108,150.93469278088176,150.87186609320082,150.74621271783897,7950.73,2,LONDON,2.5,0.1029543458021907,59.31490111073541,76.82726496559981,150.80996192903837,150.97693461194004,30.930721911823866,False,0.027865558100630905,79.46977424554866,43.403807096163405,0.6453488372092553,12,2,151.30647717290108,SL,2021-08-18 17:45:00+00:00,-9.147717290107948,-727.3103028997997,300,False
2021-08-19 09:00:00+00:00,2,GBP_JPY,LONG,149.749,149.60272931099638,150.00420645081232,150.07235720539745,150.20865871456772,4922.63,2,LONDON,2.5,0.1485413780072438,82.28733699807023,7.11914592759652,150.77450485505148,150.95803107140495,-28.42064508123201,False,-0.10200993621262194,9.20360038897957,-105.45048550514764,0.7763157894736219,9,3,150.20865871456772,TP3,2021-08-19 09:45:00+00:00,30.972705448043026,1524.6716901970005,45,True
2021-08-27 11:15:00+00:00,2,GBP_JPY,SHORT,151.03300000000002,151.1182659873531,150.91573024125108,150.88572924271136,150.8257272456319,8623.41,2,LONDON,2.5,0.08253197470620129,32.43996773792547,70.52754689164803,150.8261347604302,150.8674016009571,14.626975874892878,False,0.009540246513037316,69.84200489195874,23.586523956981864,0.6776859504133532,11,4,151.1182659873531,SL,2021-08-27 11:30:00+00:00,-8.526598735309676,-735.2835680005682,15,False
2021-08-27 13:45:00+00:00,2,GBP_JPY,SHORT,151.322,151.4266726391122,151.05630621732652,150.99858561148898,150.8831443998139,6954.36,2,OVERLAP,2.5,0.10734527822444424,34.86626832108513,75.33648297073574,150.93432479892405,150.89441330437853,29.46937826734768,False,0.012667691772275627,69.44581280788208,41.66752010759467,0.8883248730964921,13,4,151.4266726391122,SL,2021-08-27 14:00:00+00:00,-10.467263911220925,-727.9312145363835,15,False
2021-09-06 14:15:00+00:00,2,GBP_JPY,LONG,151.861,151.79141663046695,152.0347403692601,152.0651323182687,152.12591621628587,10356.67,2,OVERLAP,2.5,0.06716673906608563,32.852721355529425,28.87140555555318,152.04168018282138,151.99864324608347,-20.274036926011263,False,-0.016437505081088266,23.961094530558736,-20.9680182821387,0.9349593495934264,14,0,152.12591621628587,TP3,2021-09-07 02:00:00+00:00,19.80539284669874,2051.1791793361945,705,True
2021-09-07 10:45:00+00:00,2,GBP_JPY,LONG,151.661,151.53697953179102,151.8554829465946,151.90104623150253,151.9921728013184,5976.14,2,LONDON,2.5,0.09804093641800399,34.47913685048314,26.66826192054721,151.936133714962,151.97259575597386,-22.348294659460066,False,-0.03165882969715712,11.51234632400365,-30.413371496200625,0.6202531645569165,10,1,151.53697953179102,SL,2021-09-07 11:45:00+00:00,-12.40204682089825,-741.1636808824287,60,False
2021-09-15 11:00:00+00:00,2,GBP_JPY,LONG,150.988,150.90992131422294,151.19613084854112,151.25018085923747,151.35828088063022,9397.6,2,LONDON,2.5,0.08815737155412652,44.62593434884047,28.555368449714308,151.33221734652895,151.7767856241209,-23.713084854111344,False,-0.028165300394653994,4.061447811448757,-37.321734652894634,0.724137931034601,11,2,150.90992131422294,SL,2021-09-15 12:15:00+00:00,-7.80786857770579,-733.7522574584793,75,False
2021-09-15 12:15:00+00:00,2,GBP_JPY,LONG,150.883,150.77728607968734,151.127999226426,151.19523560308298,151.3297083563969,6871.51,2,LONDON,2.5,0.09542784062527276,55.121145132100324,27.162556898189862,151.26634083530567,151.73747548955586,-27.39992264259854,False,-0.021172472207698814,36.571133108163984,-41.23408353056561,0.6999999999998421,12,2,151.11896284043232,TP1+TP2+SL,2021-09-15 13:15:00+00:00,26.717650035687935,1835.9059939673002,60,True
2021-09-20 11:30:00+00:00,2,GBP_JPY,LONG,149.714,149.5453746785631,149.95341243474408,149.9934778037587,150.07360854178796,4416.74,3,LONDON,2.5,0.1432506428738025,36.10585157787816,29.605214688865757,150.36656779755495,150.9763310584056,-26.84124347440786,False,0.002333070241494456,15.42184366859673,-68.15677975549477,0.7301587301586926,11,0,149.5453746785631,SL,2021-09-20 12:00:00+00:00,-16.8625321436906,-744.7742022032402,30,False
2021-09-21 13:15:00+00:00,2,GBP_JPY,LONG,149.258,149.0862372942442,149.73019919848417,149.83618744739428,150.04816394521453,4292.7,2,OVERLAP,2.5,0.1475254115115738,55.783013298958195,28.02626529337948,149.71850330331154,150.1313780845487,-50.11991984841586,False,-0.05980194823022747,12.018508906077983,-48.95033033115226,0.7659574468084367,13,1,149.0862372942442,SL,2021-09-21 14:45:00+00:00,-17.176270575581043,-737.3257669979674,90,False
2021-09-21 14:45:00+00:00,2,GBP_JPY,LONG,149.031,148.86635029608647,149.58617409531612,149.7186059084291,149.98346953465506,4433.37,2,OVERLAP,2.5,0.17129940782709072,53.7026229162896,26.787709073597767,149.61347060008566,150.0790072201228,-58.4174095316115,False,-0.045828928090279525,19.621571843794843,-61.14706000856529,0.72765957446801,14,1,149.60942004906696,TP1+TP2+SL,2021-09-22 01:45:00+00:00,60.50121229682887,2682.242595603922,660,True
2021-09-23 12:45:00+00:00,2,GBP_JPY,SHORT,151.03900000000002,151.18049560183377,150.4687468118107,150.33238802316924,150.05967044588633,5348.4,2,LONDON,2.5,0.17499120366753443,48.1711362317592,73.96454569566822,150.19119319252903,149.8217712776664,59.92531881893228,False,0.04691023074327852,78.9255191429722,87.68068074709845,0.8852459016393787,12,3,151.18049560183377,SL,2021-09-23 13:30:00+00:00,-14.149560183375344,-756.7750768476468,45,False
2021-09-23 13:30:00+00:00,2,GBP_JPY,SHORT,151.203,151.35712585175975,150.5305463464784,150.3730913911292,150.05818148043082,4861.01,2,OVERLAP,2.5,0.18425170351952214,55.26187517101681,73.25067698835551,150.28787624599778,149.85786486652978,70.1453653521611,False,0.03928634276597004,70.97752405664119,94.412375400222,0.7910447761194106,13,3,151.35712585175975,SL,2021-09-23 14:00:00+00:00,-15.412585175974414,-749.2073066626339,30,False
2021-09-23 14:00:00+00:00,2,GBP_JPY,SHORT,151.338,151.4693049436092,150.57354002487816,150.393888968523,150.03458685581268,5648.8,2,OVERLAP,2.5,0.18660988721836383,61.31257139588324,73.46368839225784,150.36279079840085,149.88563982523814,79.34599751218343,False,0.04288472292413248,85.47425808489503,100.42092015991386,0.8945147679324631,14,3,151.4693049436092,SL,2021-09-23 16:45:00+00:00,-13.130494360919442,-741.7153654596175,165,False
2021-09-27 11:00:00+00:00,2,GBP_JPY,SHORT,152.109,152.2249046572135,151.9081702150181,151.85719340035658,151.7552397710336,6335.36,2,LONDON,2.5,0.13180931442704089,53.80355138333596,73.44169204776527,151.56827862790178,151.18095620284276,22.982978498191642,False,0.018731304954357653,58.98186521347932,56.972137209822904,0.8987341772151838,11,0,151.90627053387522,TP1+TP2+SL,2021-09-27 12:15:00+00:00,21.89566222848796,1387.169026558735,75,True
2021-09-28 10:45:00+00:00,2,GBP_JPY,LONG,151.596,151.4146255446002,151.93866693411985,152.0304630659645,152.21405532965383,4125.0,2,LONDON,2.5,0.1407489107996264,64.63085173395447,21.485565079001788,152.10233712563272,151.76382253794648,-37.1666934119844,False,-0.0639183215845821,11.497684454206118,-53.5337125632708,0.48484848484847365,10,1,151.4146255446002,SL,2021-09-28 12:00:00+00:00,-18.13744553998049,-748.1696285241952,75,False
2021-09-28 12:30:00+00:00,2,GBP_JPY,LONG,151.141,150.9513352181375,151.7288976805079,151.8601201395571,152.12256505765546,3905.25,2,LONDON,2.5,0.1693295637249837,68.95058259578471,14.465601015154874,151.94733209650462,151.74442143005967,-61.68976805079183,False,-0.052877645805231216,21.849146325757797,-83.53320965046294,0.7989417989418088,12,1,150.9513352181375,SL,2021-09-28 13:30:00+00:00,-18.96647818624899,-740.6883893684887,60,False
2021-09-28 14:15:00+00:00,2,GBP_JPY,LONG,150.684,150.44020764485262,151.4914252132714,151.68256412522464,152.06484194913114,3007.81,2,OVERLAP,2.5,0.19358471029479848,73.1286614757901,15.011871795450702,151.71532204809506,151.69449447809495,-83.64252132714114,False,-0.05171147186688618,34.16004009548137,-106.03220480950597,0.5441527446301146,14,1,150.44020764485262,SL,2021-09-29 08:00:00+00:00,-24.37923551473773,-733.2810837358329,1065,False
2021-09-29 13:30:00+00:00,2,GBP_JPY,LONG,149.98,149.8370937012225,150.30117434498203,150.36207549602372,150.48387779810713,5079.89,2,OVERLAP,2.5,0.15581259755499752,41.48615552537717,26.841998359735797,150.56007335461135,151.10325125931604,-35.01743449820367,False,-0.01146013381608349,17.973703142461165,-60.9073354611354,0.7330508474575776,13,2,150.2526994124444,TP1+TP2+SL,2021-09-29 15:45:00+00:00,33.521850796598756,1702.8731464313407,135,True
2021-10-01 11:15:00+00:00,2,GBP_JPY,SHORT,150.473,150.75239324420727,149.96119657163445,149.83584729589109,149.58514874440436,2659.25,2,LONDON,2.5,0.1727864884145487,52.88009623784876,72.7654752785469,149.89320728439367,150.23988921043025,54.08034283655638,False,0.07619265820976591,91.23989174960936,60.87927156063415,0.8990825688073741,11,4,150.609,TIME,2021-10-04 07:15:00+00:00,-13.599999999999568,-361.65799999998853,4080,False
2021-10-04 10:45:00+00:00,2,GBP_JPY,SHORT,151.226,151.33203175890512,150.91750800771484,150.83425641446456,150.667753227964,6973.01,2,LONDON,2.5,0.1380635178102436,47.15162845344074,74.09811901071564,150.6334580481806,150.42655620926732,33.74919922851518,False,0.045241121293205816,83.44346474972697,62.15419518194096,0.8029197080290865,10,0,151.226,TP1+SL,2021-10-04 13:30:00+00:00,15.42459961425777,1075.558873562156,165,True
2021-10-04 14:00:00+00:00,2,GBP_JPY,SHORT,151.478,151.59217591142155,151.06760290289495,150.97176159470078,150.78007897831247,6569.83,2,OVERLAP,2.5,0.14435182284305276,33.801185966347674,70.83531589766675,150.86088887095335,150.51894316444353,43.93970971050578,False,0.017108253304625648,93.54830688548198,64.6111129046659,0.8175182481751416,14,0,150.78007897831247,TP3,2021-10-04 14:45:00+00:00,48.70701436603909,3199.968041924346,45,True
2021-10-06 08:45:00+00:00,2,GBP_JPY,LONG,151.221,151.11636197683492,151.34935171994726,151.3728986174822,151.4199924125521,7474.49,2,LONDON,2.5,0.13527604633016957,62.44083582276991,15.896378272204274,151.8082670119756,151.44199374631322,-15.73517199472576,False,-0.07493777795912943,22.43380842321872,-61.62670119755944,0.9252336448597213,8,2,151.11636197683492,SL,2021-10-06 09:15:00+00:00,-10.463802316508009,-782.1158577671595,30,False
2021-10-06 09:15:00+00:00,2,GBP_JPY,LONG,151.101,150.9955748677811,151.2886529512696,151.33700078059795,151.43369643925465,7344.5,2,LONDON,2.5,0.13485026443774933,68.12086831045873,13.730410374176088,151.75594813369992,151.43579036033142,-21.66529512695945,False,-0.07629090630015128,6.26285257991308,-68.39481336999143,0.9274193548386062,9,2,151.22817408540342,TP1+TP2+SL,2021-10-06 11:30:00+00:00,19.550286165459454,1435.8707674221698,135,True
2021-10-07 14:15:00+00:00,2,GBP_JPY,SHORT,151.892,152.03109317231943,151.48460486338536,151.41217121491874,151.26730391798552,5669.96,2,OVERLAP,2.5,0.14018634463885754,44.97662219360725,72.86728898263722,151.45742883476882,151.38328687090763,43.639513661463525,False,0.03259609399098254,80.18309841714849,46.35711652311727,0.7527675276751588,14,3,152.03109317231943,SL,2021-10-07 16:00:00+00:00,-13.909317231943419,-788.6527233242991,105,False
2021-10-14 10:00:00+00:00,2,GBP_JPY,SHORT,155.592,155.68146584995702,155.46539897372855,155.42750325614625,155.35171182098165,8726.98,2,LONDON,2.5,0.11493169991405493,31.71147208577793,72.367506948632,155.18146117968294,154.66364128970176,15.560102627145511,False,0.014693327720363705,76.17677092481415,43.953882031706826,0.5585106382980042,10,3,155.592,TP1+SL,2021-10-14 11:30:00+00:00,6.330051313572937,552.4223121252475,90,True
2021-10-15 10:45:00+00:00,2,GBP_JPY,SHORT,157.121,157.21994081068996,156.87299554099246,156.8078868585499,156.67766949366475,7947.08,2,LONDON,2.5,0.13988162137991617,60.93510565686482,76.98127437323072,156.2842133350356,155.47096701492143,27.70044590075429,False,0.015490824973957151,78.49767575795032,86.57866649644177,0.7142857142856532,10,4,157.21994081068996,SL,2021-10-15 11:00:00+00:00,-9.89408106899532,-786.2905378179132,15,False
2021-10-20 11:15:00+00:00,2,GBP_JPY,LONG,157.349,157.24269137389516,157.56346959203623,157.60337940057497,157.68319901765244,7322.34,2,LONDON,2.5,0.12261725220968993,46.822127533529084,27.443154178652236,157.74147836235477,157.44339323295745,-24.34695920362344,False,-0.015288213978359333,19.73805186919913,-42.1478362354776,0.8545454545456143,11,2,157.24269137389516,SL,2021-10-20 11:45:00+00:00,-10.630862610483405,-778.4279052724705,30,False
2021-10-22 14:30:00+00:00,2,GBP_JPY,LONG,156.412,156.24172986153496,156.9656339441003,157.05843011818178,157.24402246634472,4526.01,2,OVERLAP,2.5,0.16054027693008613,32.278986482942145,26.183135078514994,157.0253161447332,157.2902729748937,-58.26339441002801,False,-0.033375310144152195,14.895284460925259,-64.23161447332006,0.8156424581005538,14,4,156.24172986153496,SL,2021-10-22 15:45:00+00:00,-17.027013846504246,-770.6443493941669,75,False
2021-10-22 15:45:00+00:00,2,GBP_JPY,LONG,156.07999999999998,155.92681822674126,156.83244314123553,156.9573598107459,157.2071931497667,4980.6,2,OVERLAP,2.5,0.19036354651745158,31.17698930396149,26.556936075122678,156.91485637166085,157.24790661386672,-78.14431412355418,False,-0.04862825559000533,26.165330360732906,-86.38563716608587,0.9255079006772322,15,4,155.92681822674126,SL,2021-10-22 16:15:00+00:00,-15.318177325872284,-762.9371398923951,30,False
2021-10-26 10:00:00+00:00,2,GBP_JPY,SHORT,157.434,157.5522233789625,157.14788258375913,157.0923038357529,156.98114633974043,6388.82,2,LONDON,2.5,0.12044675792503434,73.26039854423234,81.62614516993717,156.8693729886161,156.74936857464363,31.511741624086653,False,0.03256838977484745,83.72281726712411,59.36270113838873,0.8360655737705243,10,1,157.5522233789625,SL,2021-10-26 10:15:00+00:00,-11.822337896251156,-755.3078879832731,15,False
2021-11-02 08:45:00+00:00,2,GBP_JPY,LONG,154.769,154.65721445883122,155.07928184452635,155.1334909096001,155.2419090397476,6689.19,2,LONDON,2.5,0.14557108233756344,44.17539146768005,24.94818415749951,155.44224465536396,155.92611261000835,-33.928184452634014,False,-0.01798207771641766,17.54230617867238,-70.22446553639554,0.9401496259350905,8,1,155.2419090397476,TP3,2021-11-02 12:00:00+00:00,35.36490965853503,2365.626000387759,195,True
2021-11-03 14:00:00+00:00,2,GBP_JPY,SHORT,155.596,155.696987472473,155.2957466257778,155.21993897331805,155.06832366839856,7638.68,2,OVERLAP,2.5,0.10397494494598135,58.9647469520276,76.14406516818224,155.2415090885121,155.39831824974894,32.92533742221906,False,0.0320901622452871,61.11869620176282,38.3490911487911,0.8802395209580237,14,2,155.696987472473,SL,2021-11-03 14:15:00+00:00,-10.098747247300821,-771.4109862301184,15,False
2021-11-04 12:00:00+00:00,2,GBP_JPY,LONG,154.447,154.2742043517544,155.2527814988178,155.3668864897282,155.59509647154897,4419.65,2,LONDON,2.5,0.19759129649116913,64.13414193418146,19.642218159363964,155.63135594034344,155.6387266539077,-83.47814988177902,False,-0.0640957976765347,29.28078378980273,-121.33559403434333,0.9480968858131316,12,3,154.2742043517544,SL,2021-11-04 12:45:00+00:00,-17.279564824559653,-763.6962867686508,45,False
2021-11-04 13:15:00+00:00,2,GBP_JPY,LONG,154.206,154.02650229512992,154.94664180179694,155.13460623504866,155.51053510155208,4212.09,2,OVERLAP,2.5,0.22699540974016746,65.61767814464935,23.104295435927668,155.39955524855236,155.57622940005137,-76.96418017969506,False,-0.09006632392205949,11.38559888689747,-122.25552485523679,0.6426332288401307,13,3,154.02650229512992,SL,2021-11-04 13:45:00+00:00,-17.9497704870073,-756.0604877061858,30,False
2021-11-04 13:45:00+00:00,2,GBP_JPY,LONG,154.007,153.8315708565151,154.85577033981497,155.0687254739842,155.4946357423226,4266.68,2,OVERLAP,2.5,0.2228582869698363,66.48283313435086,20.632539522243107,155.29555945858294,155.5459711014934,-87.77703398149583,False,-0.08602048328037215,6.3696826478494595,-131.75594585829344,0.6698564593301591,13,3,153.8315708565151,SL,2021-11-04 14:00:00+00:00,-17.542914348490513,-748.500017924175,15,False
2021-11-04 15:15:00+00:00,2,GBP_JPY,LONG,153.307,153.14721129208556,154.53143316572599,154.84417911819662,155.4696710231379,4637.46,2,OVERLAP,2.5,0.23357741582889133,76.11621564468655,15.616102236100218,154.91811972667205,155.42892271412742,-125.3433165725994,False,-0.07857747035306867,15.107936940420146,-164.01197266720544,0.7964601769910836,15,3,153.14721129208556,SL,2021-11-04 15:45:00+00:00,-15.978870791443,-741.0137414048526,30,False
2021-11-19 09:15:00+00:00,2,GBP_JPY,LONG,153.459,153.20033677924846,153.99589972764412,154.10255373442743,154.3158617479941,2836.14,2,LONDON,2.5,0.15310881383436253,41.95855970469316,19.030370803469054,154.18428641797374,154.07314829774415,-56.589972764410845,False,-0.07694634393466654,14.027566913087114,-75.42864179737307,0.7471590909090572,9,4,153.20033677924846,SL,2021-11-19 09:30:00+00:00,-25.866322075154354,-733.6051069022827,15,False
2021-11-19 10:00:00+00:00,2,GBP_JPY,LONG,152.71099999999998,152.5311419344034,153.4528208435648,153.6357845981493,154.00171210731833,4038.01,2,LONDON,2.5,0.20571613119318558,57.96799809261288,11.271411733861456,154.04814652575703,154.04099235685322,-77.08208435648203,False,-0.16783829092420527,9.145928263827258,-136.61465257570455,0.8910505836575671,10,4,152.5311419344034,SL,2021-11-19 12:45:00+00:00,-17.985806559659064,-726.2686674596891,165,False
2021-11-25 12:15:00+00:00,2,GBP_JPY,LONG,153.522,153.44593550055274,153.7608188772435,153.82143856968898,153.9426779545799,9452.58,2,LONDON,2.5,0.08812899889451876,40.87509504410815,26.877243814189498,153.8201089464654,153.8194807229795,-26.78188772435135,False,-0.02256035499169874,26.325412646545885,-32.71089464654153,0.9074074074074951,12,3,153.44593550055274,SL,2021-11-25 12:45:00+00:00,-7.6064499447255685,-719.0057661851401,30,False
2021-12-07 12:00:00+00:00,2,GBP_JPY,LONG,150.369,150.1347372184921,150.69134275733197,150.77914946914316,150.95476289276553,3038.53,2,LONDON,2.5,0.13684185433860815,46.22407340848218,29.36157361974587,150.67589588715612,150.37586496434216,-35.13427573319632,False,-0.04420727619812308,33.50947211579509,-33.589588715611285,0.5320754716981071,12,1,150.1347372184921,SL,2021-12-07 18:15:00+00:00,-23.426278150790836,-711.8144894952248,375,False
2021-12-14 11:45:00+00:00,2,GBP_JPY,SHORT,150.41400000000002,150.5343368714812,150.26463177165977,150.2215565829993,150.13540620567844,5856.04,2,LONDON,2.5,0.10867374296239546,32.910751699990875,71.3443283322915,150.1641421373909,150.18394616003752,17.8368228340247,False,0.015000948594248997,70.60615399161901,27.885786260910095,0.6410256410258404,11,1,150.2809873284529,TP1+TP2+SL,2021-12-14 14:00:00+00:00,16.199121085243746,948.6270104003079,135,True
2021-12-15 16:30:00+00:00,2,GBP_JPY,LONG,150.343,150.24954606573007,150.7455705217312,150.8304548229229,151.00022342530625,7642.09,2,OVERLAP,2.5,0.12490786853985822,48.845772252070006,29.057945917590203,150.6578712954046,150.4650079538578,-43.15705217312029,False,-0.04820411313807156,34.15814681772049,-34.38712954045968,0.8701298701299852,16,2,151.00022342530625,TP3,2021-12-15 19:45:00+00:00,47.04779626845565,3595.4349338520224,195,True
2021-12-16 12:00:00+00:00,2,GBP_JPY,SHORT,152.54500000000002,152.7075093686621,151.7602075696617,151.6875631255708,151.54227423738894,4615.97,2,LONDON,2.5,0.17901873732423693,38.39063550606374,82.02291371011547,151.43260605835687,150.91933797192428,81.37924303383102,False,0.03691963021231562,75.75200496168345,114.13939416431447,0.9578947368421213,12,3,151.54227423738894,TP3,2021-12-16 14:45:00+00:00,84.29079856110476,3890.837974341028,165,True
2021-12-21 10:00:00+00:00,2,GBP_JPY,SHORT,150.643,150.75851780380881,150.46656400048033,150.4290643136552,150.35406494000497,6830.52,3,LONDON,2.5,0.1110356076175971,23.161509184625885,70.87495453019497,150.27998751692937,150.35687474449009,20.543599951966485,False,0.020684919379208494,89.91341410890998,39.201248307063,0.7861271676300245,10,1,150.75851780380881,SL,2021-12-21 10:30:00+00:00,-11.551780380881384,-789.0466692721791,30,False
2021-12-21 14:15:00+00:00,2,GBP_JPY,SHORT,150.885,151.0176312632179,150.60982053385865,150.5434674927174,150.4107614104349,5889.68,2,OVERLAP,2.5,0.11126252643585026,27.692688701807857,70.24572600519139,150.48743633312736,150.40922103476578,30.417946614133484,False,0.01100999192580085,85.42742342585507,42.65636668726245,0.5804195804195665,14,1,151.0176312632179,SL,2021-12-21 16:00:00+00:00,-13.263126321791672,-781.1556983492999,105,False
2021-12-21 16:00:00+00:00,2,GBP_JPY,SHORT,151.138,151.23482062199793,150.69797260659087,150.61583633297167,150.45156378573327,7987.39,2,OVERLAP,2.5,0.13364124399586202,37.746268617576405,75.49635417150024,150.59452902779313,150.44373535630203,46.90273934091351,False,0.02193295773077425,91.89422827355365,57.24709722068724,0.9336283185841309,16,1,151.23482062199793,SL,2021-12-21 16:15:00+00:00,-9.682062199792085,-773.3440679399731,15,False
2021-12-22 10:00:00+00:00,2,GBP_JPY,SHORT,151.937,152.0215692490163,151.6919048030936,151.63302936084474,151.51527847634708,9053.06,2,LONDON,2.5,0.10713849803261727,57.41150666429773,78.02992356146669,151.38946824437264,150.91907325606783,27.40951969064156,False,0.052674667493995464,89.25575344199683,57.65317556273715,0.8928571428572298,10,2,152.0215692490163,SL,2021-12-22 10:15:00+00:00,-8.456924901628327,-765.6104854993533,15,False
2021-12-22 10:45:00+00:00,2,GBP_JPY,SHORT,152.129,152.2593981924522,151.7814851841575,151.68915340651526,151.5044898512308,5812.62,2,LONDON,2.5,0.11479638490439534,64.50224395031947,82.26429264585212,151.46688736219252,150.95316995733384,37.65148158424836,False,0.05640561381794473,82.66483963290216,69.11126378074641,0.7471264367815548,10,2,152.2593981924522,SL,2021-12-22 14:30:00+00:00,-13.039819245221906,-757.9551414116175,225,False
2021-12-22 15:45:00+00:00,2,GBP_JPY,SHORT,152.501,152.63944570134558,152.05357409122158,151.939717033027,151.71200291663786,5420.0,2,OVERLAP,2.5,0.12489140269115359,54.099548643045466,77.62278323054642,151.8659320547605,151.1739609341093,47.642590877842395,False,0.016762189424878338,91.00034696774901,66.40679452395091,0.38967136150235115,15,2,152.63944570134558,SL,2021-12-23 07:30:00+00:00,-13.844570134557443,-750.3757012930134,945,False
2021-12-23 09:30:00+00:00,2,GBP_JPY,SHORT,153.048,153.13481911429233,152.93112322436437,152.90212026088955,152.84411433393993,8556.54,2,LONDON,2.5,0.09963822858463704,69.36948112070944,75.6603591483954,152.5315534858407,151.84640745196776,14.587677563562806,False,0.044150698799925336,83.97453043794512,54.54465141592948,0.8452380952380388,9,3,153.13481911429233,SL,2021-12-23 09:45:00+00:00,-8.681911429232514,-742.8712242068518,15,False
2021-12-27 16:00:00+00:00,2,GBP_JPY,SHORT,154.21800000000002,154.32643464357898,153.8262965465313,153.7247902971046,153.5217777982512,6782.36,2,OVERLAP,2.5,0.10886928715797145,59.67607482268173,70.73248519086678,153.7496639596638,153.30103206647766,42.07034534687182,False,0.010507986090840471,60.04034225138948,49.733604033622214,0.7590361445783566,16,0,154.32643464357898,SL,2021-12-27 16:30:00+00:00,-10.843464357895982,-735.4427892241939,30,False
2021-12-28 15:30:00+00:00,2,GBP_JPY,LONG,154.144,153.9604077686759,154.36749860716506,154.4227891097913,154.5333701150438,3965.79,2,OVERLAP,2.5,0.10306148754940594,43.84632591630084,29.786801473133877,154.35614002464476,153.9452783060937,-25.249860716505168,False,-0.039284287078296246,18.744186046511377,-24.114002464474993,0.48507462686565345,15,1,154.33810498234746,TP1+TP2+SL,2021-12-29 11:15:00+00:00,23.844123936159747,945.6078826478296,1185,True
2021-12-31 15:45:00+00:00,2,GBP_JPY,SHORT,155.92600000000002,156.08946045134684,155.46427307107703,155.38036851397763,155.21255939977885,4512.07,2,OVERLAP,2.5,0.16092090269370893,46.806393971746644,74.43260588264833,155.41568378705114,155.164705864776,49.072692892298164,False,0.06930681862494141,92.72694070335466,53.93162129488758,0.5780885780886577,15,4,155.46608185349996,TP1+TP2+SL,2022-01-03 11:15:00+00:00,49.082220654433684,2214.624153482506,4050,True
2022-01-03 13:00:00+00:00,2,GBP_JPY,LONG,155.198,155.11430063849025,155.5923860409702,155.6657163937936,155.81237709944034,9076.42,2,OVERLAP,2.5,0.10139872301949578,40.93619421544596,21.730770639155182,155.6005825652324,155.4465467182261,-42.33860409702004,False,-0.033986088310764134,12.844813198866978,-43.15825652323895,0.9285714285713158,13,0,155.11430063849025,SL,2022-01-03 15:00:00+00:00,-8.369936150975832,-759.6905587944007,120,False
2022-01-03 15:15:00+00:00,2,GBP_JPY,LONG,155.08599999999998,154.908784607958,155.44177298900473,155.53682729050195,155.72693589349637,4243.95,2,OVERLAP,2.5,0.13243078408394687,45.09095621161238,29.452077711868924,155.49333366872554,155.42966747784357,-38.477298900474466,False,-0.01868257513305946,14.142704104982021,-43.63336687255526,0.5,15,0,154.908784607958,SL,2022-01-03 15:30:00+00:00,-17.721539204197253,-752.0932630565294,15,False
2022-01-04 09:00:00+00:00,2,GBP_JPY,SHORT,156.327,156.42779202675786,156.24147803005738,156.2154016469178,156.16324888063866,7387.22,2,LONDON,2.5,0.1135840535156914,49.27489646272144,74.57141844126046,155.808625655116,155.54905475681537,11.452196994261499,False,0.03296181814045461,90.47501407386638,54.73743448839912,0.7659574468085878,9,1,156.42779202675786,SL,2022-01-04 09:15:00+00:00,-10.079202675785837,-744.5728759061865,15,False
2022-01-04 11:30:00+00:00,2,GBP_JPY,SHORT,156.71,156.82692770323098,156.41308209437642,156.34717018007387,156.21534635146878,6304.13,2,LONDON,2.5,0.1378554064619334,56.404253725312586,77.06311009051139,156.04267500323496,155.64089095212645,32.59179056235837,False,0.015320429533154711,62.32245764773646,69.63249967650427,0.7437185929647588,11,1,156.82692770323098,SL,2022-01-04 12:15:00+00:00,-11.69277032309708,-737.1274417694599,45,False
2022-01-04 13:15:00+00:00,2,GBP_JPY,SHORT,156.96,157.05930188681953,156.54758789437983,156.44635189803935,156.24387990535843,7348.86,2,OVERLAP,2.5,0.13260377363908185,54.07289316132904,78.46420377862107,156.22917504217057,155.71933746927692,44.14121056201736,False,0.016724436823142785,89.36431873691883,75.98249578294372,0.7853107344633666,13,1,157.05930188681953,SL,2022-01-04 13:45:00+00:00,-9.93018868195179,-729.7556639724824,30,False
2022-01-04 13:45:00+00:00,2,GBP_JPY,SHORT,157.092,157.21724754526787,156.59155027356397,156.47586238428588,156.24448660572972,5768.24,2,OVERLAP,2.5,0.1364950905357392,58.7120073510237,80.71892975116943,156.29232498125782,155.74567389720147,52.94497264360416,False,0.02369341538385228,93.6770226592922,82.86750187421887,0.6170212765957525,13,1,157.21724754526787,SL,2022-01-04 14:15:00+00:00,-12.524754526785387,-722.4579005158454,30,False
2022-01-04 15:00:00+00:00,2,GBP_JPY,SHORT,157.345,157.46448523369196,156.727425206507,156.57441475954334,156.26839386561605,5985.96,2,OVERLAP,2.5,0.154970467383917,60.36052905913322,76.13152892206891,156.46141123237308,155.8177194412896,64.6574793492988,False,0.022835975669728004,78.29652360770929,91.25887676269144,0.8575851393188247,15,1,156.707,TP1+TIME,2022-01-05 11:00:00+00:00,62.778739674649835,3757.9102454286694,1200,True
2022-01-05 16:15:00+00:00,2,GBP_JPY,SHORT,157.241,157.3585535116151,156.87543028652394,156.804688747149,156.66320566839906,6404.0,2,OVERLAP,2.5,0.137107023230202,40.516520755864654,71.03061547572392,156.90597968488214,156.55265264973653,39.45697134760735,False,0.04639814335299276,89.0652557319226,36.40203151178696,0.8680000000000518,16,2,157.3585535116151,SL,2022-01-05 16:45:00+00:00,-11.75535116150854,-752.8126883830071,30,False
2022-01-10 12:45:00+00:00,2,GBP_JPY,LONG,156.394,156.24621480844155,156.93037011717757,157.06736496328404,157.34135465549699,5043.03,2,LONDON,2.5,0.12957038311688523,72.64357663698442,17.968511976752183,157.01904165417665,156.98183658220734,-56.53701171775651,False,-0.06979176364877754,14.96658065577651,-65.40416541766376,0.6231884057970756,12,0,156.24621480844155,SL,2022-01-10 14:30:00+00:00,-14.778519155845515,-745.285154585036,105,False
2022-01-11 09:00:00+00:00,2,GBP_JPY,SHORT,157.072,157.1905041970368,156.93211951389532,156.9020161349343,156.84180937701228,6226.21,2,LONDON,2.5,0.1170083940736009,39.30014159603055,70.91050288747462,156.66475923994844,156.73234336807698,16.88804861046833,False,0.042461409921106884,87.53167188427894,43.6240760051561,0.814814814814826,9,1,156.98595111529818,TP1+TP2+SL,2022-01-11 09:45:00+00:00,14.234192853060817,886.250738836558,45,True
2022-01-12 13:30:00+00:00,2,GBP_JPY,SHORT,157.53900000000002,157.7105361905331,157.3439014907252,157.29616077769995,157.20067935164948,4352.98,2,OVERLAP,2.5,0.09502412702205534,34.97838215404661,71.28842628685786,157.2980343753097,157.0652498075991,22.409850927482466,False,0.024314647843295633,68.70160566112492,26.99656246903146,0.4265734265734738,13,2,157.20067935164948,TP3,2022-01-12 15:45:00+00:00,23.329107969501596,1015.5114040908104,135,True
2022-01-14 13:30:00+00:00,2,GBP_JPY,LONG,155.701,155.60264387170835,156.14803744884884,156.24480727933198,156.43834694029826,7694.99,2,OVERLAP,2.5,0.1327122565833186,54.036363234815454,25.806754195728587,156.2191213228797,156.61747959583008,-47.603744884884236,False,-0.06998631323828514,8.096557463561558,-54.712132287968984,0.969072164948597,13,4,155.60264387170835,SL,2022-01-14 13:45:00+00:00,-9.83561282916412,-756.8494236428961,15,False
2022-01-18 09:00:00+00:00,2,GBP_JPY,LONG,156.23499999999999,156.0972666150124,156.4917288622116,156.54272672061478,156.6447224374211,5440.08,2,LONDON,2.5,0.13346676997520926,40.23232872657548,28.806637118721937,156.5262870369013,156.45911287466583,-28.572886221161298,False,-0.04875522125726712,13.007885106634525,-32.028703690130556,0.8405797101449897,9,1,156.0972666150124,SL,2022-01-18 09:15:00+00:00,-13.773338498759811,-749.2806330033328,15,False
2022-01-18 12:30:00+00:00,2,GBP_JPY,LONG,155.804,155.67869356465667,156.25804312132362,156.37294008175056,156.6027340026044,5919.79,2,LONDON,2.5,0.124612870686704,61.11195079172602,22.890671483465127,156.3359058734112,156.41169284406897,-48.304312132361815,False,-0.04074320130094369,10.559326542045653,-56.09058734112011,0.7435897435897576,12,1,155.67869356465667,SL,2022-01-18 14:30:00+00:00,-12.530643534333306,-741.7877828811097,120,False
2022-02-01 15:00:00+00:00,2,GBP_JPY,SHORT,155.05700000000002,155.14930364222704,154.83367341642847,154.7799593935354,154.6725313477492,7956.03,2,OVERLAP,2.5,0.12260728445406287,42.90987636668068,72.4682325643229,154.78378627504298,154.71927607546954,25.23265835715449,False,0.034324984763601935,78.50722302514389,30.22137249570278,0.8169014084507588,15,1,155.14930364222704,SL,2022-02-01 15:15:00+00:00,-9.230364222702292,-734.3705466674611,15,False
2022-02-03 11:45:00+00:00,2,GBP_JPY,SHORT,155.731,155.84736926909838,155.50562603307722,155.45717932242923,155.36028590113324,6247.58,2,LONDON,2.5,0.098738538196746,42.15389890024023,74.92019660201828,155.36640912700372,155.14340149048425,25.437396692277048,False,0.019116978271558047,91.75503655323212,39.35908729962705,0.6402439024389007,11,3,155.84736926909838,SL,2022-02-03 12:00:00+00:00,-11.636926909838508,-727.0263182336886,15,False
2022-02-07 09:15:00+00:00,2,GBP_JPY,LONG,155.634,155.47518616685772,155.8569676334689,155.9168406896669,156.03658680206294,4532.07,2,LONDON,2.5,0.11762766628455332,32.230510207441036,29.237320791962972,155.93126653624384,155.87801557098888,-25.196763346892226,False,-0.03756167197096216,11.846539784176963,-32.62665362438497,0.5789473684209964,9,0,155.47518616685772,SL,2022-02-07 09:45:00+00:00,-15.88138331422613,-719.755408769048,30,False
2022-02-10 09:00:00+00:00,2,GBP_JPY,SHORT,156.96200000000002,157.06078599734158,156.7158227454667,156.68185820998423,156.6139291390193,7213.15,2,LONDON,2.5,0.09957199468315026,47.90044031584454,81.21129057501497,156.48785812730623,156.37537029791105,27.5177254533304,False,0.03149016474308859,70.5676399888943,50.31418726937886,0.9331742243437606,9,3,157.06078599734158,SL,2022-02-10 09:15:00+00:00,-9.878599734156523,-712.5582167243113,15,False
2022-02-10 15:00:00+00:00,2,GBP_JPY,SHORT,157.57500000000002,157.71924070003774,157.17709825347228,157.07184448413662,156.86133694546527,4890.67,2,OVERLAP,2.5,0.14048140007549276,41.11647755037388,80.46458161445157,156.9563419030287,156.55636098121403,42.690174652773294,False,0.018640181173455173,89.24321203870936,64.76580969713268,0.5846153846155729,15,3,157.71924070003774,SL,2022-02-10 15:30:00+00:00,-14.424070003772727,-705.4336644535116,30,False
2022-02-10 15:30:00+00:00,2,GBP_JPY,SHORT,157.778,157.89306723625705,157.22216259252335,157.10408266780198,156.86792281835926,6069.31,2,OVERLAP,2.5,0.14213447251407366,49.31994824007502,84.87085344290607,157.0151583656947,156.5794015300873,58.483740747664115,False,0.03528237822077401,94.26426370383552,79.18416343052854,0.8202764976957909,15,3,157.89306723625705,SL,2022-02-10 16:00:00+00:00,-11.506723625706172,-698.3787276873474,30,False
2022-02-10 16:15:00+00:00,2,GBP_JPY,SHORT,157.87800000000001,158.038347200458,157.2921856603129,157.14993829738867,156.86544357154023,4311.86,2,OVERLAP,2.5,0.14469440091597027,61.45585944813438,82.36217734351969,157.1107318947133,156.6172435572939,61.481433968711485,False,0.040840381486577676,83.95189710546265,79.6268105286714,0.4845360824743008,16,3,158.038347200458,SL,2022-02-10 16:45:00+00:00,-16.03472004579771,-691.3946797667331,30,False
2022-02-16 13:45:00+00:00,2,GBP_JPY,LONG,156.506,156.30083681802515,156.8543488207479,156.90052563198395,156.99287925445603,3336.28,2,OVERLAP,2.5,0.12632636394969818,27.80485946802623,28.65818298271148,156.76740396496373,156.6053422482894,-37.734882074789766,False,-0.042660016105681015,25.129243016110703,-29.040396496372978,0.7297979797979723,13,2,156.75990865293838,TP1+TP2+SL,2022-02-16 15:45:00+00:00,35.0344679509091,1168.84794735259,120,True
2022-02-24 10:15:00+00:00,2,GBP_JPY,LONG,153.969,153.72849600517844,154.36185018999026,154.46148372685892,154.66075080059622,2894.63,2,LONDON,2.5,0.22100798964311463,34.48913785209544,27.349565162582024,154.88884874229444,155.70187072396408,-42.185018999026624,False,-0.014485280144600182,9.510913223752247,-94.88487422944445,0.6213235294118254,10,3,153.72849600517844,SL,2022-02-24 11:00:00+00:00,-24.05039948215517,-696.1700785303083,45,False
2022-02-24 11:00:00+00:00,2,GBP_JPY,LONG,153.67,153.4912331353415,154.2580588261573,154.3915493560168,154.65853041573578,3855.34,2,LONDON,2.5,0.22553372931702648,44.35716922936528,23.264639976459364,154.77125057242085,155.64721336750827,-61.705882615731866,False,-0.03392997451180807,17.64531866703552,-113.02505724208629,0.7741935483871559,11,3,153.4912331353415,SL,2022-02-24 11:15:00+00:00,-17.87668646584848,-689.2070439924428,15,False
2022-02-28 10:45:00+00:00,2,GBP_JPY,SHORT,154.933,155.18861776097663,154.54890396027633,154.4693527064083,154.3102501986722,2669.28,2,LONDON,2.5,0.15107850731774938,44.22201967852876,73.39433328056728,154.50759797796528,154.68418345754625,41.309603972365494,False,0.050305507643835526,86.34565034740547,45.44020220347136,0.7269503546098451,10,0,154.5348074301219,TP1+TP2+SL,2022-02-28 16:15:00+00:00,41.405345810063494,1105.224614638863,330,True
2022-03-01 10:15:00+00:00,2,GBP_JPY,LONG,153.849,153.75633049091687,154.15973504496492,154.23742090461786,154.39279262392378,7482.16,2,LONDON,2.5,0.11133901816630282,42.94814990990849,20.103589106486737,154.32159714274732,154.49834363034566,-33.973504496492524,False,-0.05825726471691986,3.4423489285677875,-50.15971427473289,0.6999999999999822,10,1,153.75633049091687,SL,2022-03-01 10:30:00+00:00,-9.26695090831231,-693.3680940813804,15,False
2022-03-02 13:45:00+00:00,2,GBP_JPY,SHORT,153.994,154.11045295437702,153.42127045134853,153.2905308168538,153.0290515478643,5894.52,2,OVERLAP,2.5,0.17090590875401468,54.52953235467653,72.58428327687501,153.38579248970186,153.69433698250933,60.17295486514627,False,0.03592784630756149,81.59972202450898,63.72075102981398,0.9822695035460153,13,2,154.11045295437702,SL,2022-03-02 14:15:00+00:00,-11.64529543770243,-686.4342686344573,30,False
2022-03-02 14:15:00+00:00,2,GBP_JPY,SHORT,154.034,154.20797729229446,153.4625227921854,153.31689170623335,153.0256295343292,3906.08,2,OVERLAP,2.5,0.1739545845889222,61.407408598223256,70.54390663758339,153.43281651971324,153.70031699325148,60.04772078145777,False,0.03878577751396026,86.80726037561533,63.01834802867461,0.6473429951689461,14,2,154.20797729229446,SL,2022-03-02 16:00:00+00:00,-17.397729229446668,-679.5692218855704,105,False
2022-03-02 16:45:00+00:00,2,GBP_JPY,SHORT,154.447,154.6556069974072,153.67789663688592,153.4898452654216,153.1137425224929,3225.08,2,OVERLAP,2.5,0.20521399481443084,47.27496945438821,71.98736367712633,153.65731300981486,153.73823208811916,79.81033631140804,False,0.03616945442417058,85.80068874280887,81.86869901851423,0.6548672566371537,16,2,154.6556069974072,SL,2022-03-02 18:45:00+00:00,-20.86069974072018,-672.7742551980183,120,False
2022-03-04 16:45:00+00:00,2,GBP_JPY,LONG,151.504,151.36614127007704,152.83892526390466,153.16407530289055,153.81437538086237,4831.37,2,OVERLAP,2.5,0.19171745984592187,87.22865313271568,12.45949092961618,152.97218294612367,153.7932350161126,-136.39252639046617,False,-0.07097367784238856,11.315377262179686,-149.71829461236723,0.893048128342198,16,4,151.36614127007704,SL,2022-03-07 08:30:00+00:00,-13.785872992295369,-666.0465319878607,3825,False
2022-03-09 09:15:00+00:00,2,GBP_JPY,SHORT,152.226,152.35296002331057,152.09549969175126,152.06805132347665,152.01315458692747,5193.65,2,LONDON,2.5,0.12592004662115203,50.791492498551776,70.58257043618437,151.87156556693319,151.84279284746168,15.950030824873807,False,0.025149187354687172,83.4710263178908,38.343443306681024,0.6897959183672636,9,2,152.35296002331057,SL,2022-03-09 09:45:00+00:00,-12.696002331057343,-659.3859250669597,30,False
2022-03-11 12:00:00+00:00,2,GBP_JPY,SHORT,153.30700000000002,153.44925074999497,152.97122825866333,152.88894923760796,152.72439119549722,4589.02,2,LONDON,2.5,0.15250149998995308,43.12753089217154,74.36590436579819,152.70290447391147,152.4499930105278,36.4771741336682,False,0.031256058890573674,85.89179486364272,63.30955260885389,0.711656441717953,12,4,152.9648491660076,TP1+TP2+SL,2022-03-11 14:45:00+00:00,36.55262626044233,1677.407329616951,165,True
2022-03-14 09:30:00+00:00,2,GBP_JPY,SHORT,153.791,153.90080274651862,153.63768982007133,153.60357088221699,153.53533300650827,6097.9,2,LONDON,2.5,0.12560549303724272,50.967877927731756,71.9255598555928,153.35237733656828,152.91136354004283,18.231017992866327,False,0.030340050564031884,81.00743367206587,46.76226634317118,0.8165680473373925,9,0,153.90080274651862,SL,2022-03-14 10:00:00+00:00,-10.980274651862487,-669.5661679959226,30,False
2022-03-14 10:00:00+00:00,2,GBP_JPY,SHORT,153.90200000000002,154.02450849062063,153.68725850761436,153.63934602078606,153.54352104712947,5410.81,2,LONDON,2.5,0.13301698124129496,57.44067101458737,75.05392543120782,153.3923106440217,152.93036186107366,24.374149238565224,False,0.03764357503258223,92.87717221011819,53.868935597830614,0.49586776859508014,10,0,153.54352104712947,TP3,2022-03-14 11:45:00+00:00,25.307148184829202,1369.3217046995571,105,True
2022-03-18 16:30:00+00:00,2,GBP_JPY,SHORT,157.04,157.1417481009459,156.5390619351188,156.41860351492198,156.17768667452833,6649.4,2,OVERLAP,2.5,0.13349620189183845,62.666363105909326,72.77612568460344,156.51550211094553,155.96580263646328,52.99380648811791,False,0.031621842356850116,88.06963869464077,55.34978890544551,0.885964912280881,16,4,157.1417481009459,SL,2022-03-18 17:00:00+00:00,-10.174810094591178,-676.5638224297459,30,False
2022-03-22 08:30:00+00:00,2,GBP_JPY,SHORT,158.774,158.915689566915,158.49693318096598,158.44393412423304,158.33793601076712,4727.22,2,LONDON,2.5,0.14537913383001252,67.22999964552352,84.63448130332011,157.81572731332508,157.09795587642557,30.606681903401523,False,0.0457843941987332,91.68961972440805,98.72726866749133,0.812500000000023,8,1,158.915689566915,SL,2022-03-22 09:15:00+00:00,-14.168956691500512,-669.7977545119505,45,False
2022-03-22 09:30:00+00:00,2,GBP_JPY,SHORT,159.208,159.32378007134162,158.73704345648702,158.61936224028017,158.38399980786645,5727.24,2,LONDON,2.5,0.16356014268322838,78.60172586747788,86.2616472169899,157.98577033462624,157.1709425829387,49.99565435129796,False,0.08365298247629399,93.77928632961624,125.12296653737565,0.852398523985262,9,1,159.32378007134162,SL,2022-03-22 09:45:00+00:00,-11.578007134161794,-663.1002557905679,15,False
2022-03-24 16:15:00+00:00,2,GBP_JPY,SHORT,161.062,161.18812987129402,160.54307553958444,160.42124708832546,160.17759018580753,5204.71,2,OVERLAP,2.5,0.17425974258803117,37.203754670586456,72.3687681139666,160.47673663789251,159.86867126765463,54.79244604155724,False,0.0229540191233554,77.49654416320702,61.426336210749355,0.8806818181818861,16,3,161.18812987129402,SL,2022-03-24 16:30:00+00:00,-12.612987129401176,-656.469402422656,15,False
2022-03-28 08:30:00+00:00,2,GBP_JPY,SHORT,163.591,163.85456855807593,163.15434461726062,163.05641185682157,162.86054633594344,2465.79,2,LONDON,2.5,0.2571371161518698,63.64865597948331,86.70952971002691,161.82459288935476,160.9951675905657,46.5655382739385,False,0.12861514634535354,86.69005853732972,179.54071106452432,0.8130841121495245,8,0,163.85456855807593,SL,2022-03-28 08:45:00+00:00,-26.356855807591725,-649.904714818016,15,False
2022-04-11 09:15:00+00:00,2,GBP_JPY,SHORT,163.43800000000002,163.5521525272669,163.23421465564388,163.19064489566475,163.1035053757065,5636.37,2,LONDON,2.5,0.16030505453381186,79.21068930546193,76.13739933193719,162.64703029471883,162.15831207156504,23.278534435613096,False,0.032881655235320745,83.69986065624747,81.99697052811814,0.9449541284403694,9,0,163.5521525272669,SL,2022-04-11 09:30:00+00:00,-11.415252726689573,-643.4058801113131,15,False
2022-04-13 15:30:00+00:00,2,GBP_JPY,SHORT,164.131,164.29434837373893,163.7937988562047,163.71899603565828,163.56939039456543,3899.47,2,OVERLAP,2.5,0.15469674747784157,37.24271755930951,70.86242119234242,163.68419274867225,163.31103998165375,36.62011437953083,False,0.04464047419743499,81.80207311072057,47.580725132775115,0.6839622641509352,15,2,164.29434837373893,SL,2022-04-13 16:15:00+00:00,-16.334837373892697,-636.9720829437335,45,False
2022-04-13 16:15:00+00:00,2,GBP_JPY,SHORT,164.27,164.41924867970278,163.8192670597697,163.73193021100056,163.55725651346228,4225.17,2,OVERLAP,2.5,0.16049735940554472,42.8391569123635,71.94251794136154,163.73891105750087,163.3363008066005,47.973294023032054,False,0.054527134965113244,75.77761371912199,56.00889424991351,0.7344398340249095,16,2,164.41924867970278,SL,2022-04-13 16:30:00+00:00,-14.924867970276525,-630.6010440197326,15,False
2022-04-25 09:15:00+00:00,2,GBP_JPY,LONG,163.041,162.8738736234419,163.34341709344554,163.42030304189825,163.5740749388037,3735.47,2,LONDON,2.5,0.26025275311614465,39.403155812704476,28.240973199731087,164.18273525616948,165.51372825423996,-33.14170934455376,False,-0.02189093854998103,15.298959465755061,-117.0735256169479,0.5720000000000027,9,0,162.8738736234419,SL,2022-04-25 10:30:00+00:00,-16.71263765580875,-624.295565841439,75,False
2022-04-26 12:30:00+00:00,2,GBP_JPY,LONG,161.51,161.31659603557384,162.29903195759584,162.4769417036674,162.83276119581046,3195.66,2,LONDON,2.5,0.2268079288523228,61.56885862480994,21.584743926313237,162.57911834882108,163.69195538711716,-81.80319575958492,False,-0.07835711441837867,8.85372325584604,-109.81183488210888,0.749271137026277,12,1,161.31659603557384,SL,2022-04-26 12:45:00+00:00,-19.340396442615315,-618.0533129580806,15,False
2022-04-26 14:30:00+00:00,2,GBP_JPY,LONG,160.70499999999998,160.4994389897284,161.88166732466743,162.15673192007662,162.706861110895,2976.6,2,OVERLAP,2.5,0.25712202054317446,80.34504667126096,17.80065051221854,162.1942213398573,163.49917914596404,-120.5667324667445,False,-0.061164428495201206,24.46665978838564,-151.82213398573197,0.8991304347826243,14,1,160.4994389897284,SL,2022-04-26 14:45:00+00:00,-20.55610102715946,-611.8729031744284,15,False
2022-05-02 12:00:00+00:00,2,GBP_JPY,LONG,163.019,162.86346238515446,163.3924373225634,163.4784861107212,163.6505836870368,3894.58,2,LONDON,2.5,0.1570752296911158,36.186901815140224,28.47675882215067,163.40662281190555,163.12521091303367,-40.24373225634008,False,-0.03696817153391334,26.638091530733515,-41.66228119055404,0.7212389380530227,12,0,162.86346238515446,SL,2022-05-02 14:00:00+00:00,-15.55376148455423,-605.7536840251521,120,False
2022-05-05 11:00:00+00:00,2,GBP_JPY,LONG,161.632,161.4698133568586,162.64413116420465,162.737220720947,162.9233998344317,3697.57,2,LONDON,2.5,0.26637328628285206,30.88806376143256,25.74518861511625,162.6236462176727,162.67961526737838,-104.11311642046428,False,-0.059007669511021495,16.47727272727319,-102.06462176726916,0.7219387755102148,11,3,161.4698133568586,SL,2022-05-05 11:15:00+00:00,-16.21866431414105,-599.6964660803853,15,False
2022-05-12 13:30:00+00:00,2,GBP_JPY,LONG,155.96699999999998,155.40822317133293,156.80844588086137,156.91995709536334,157.14297952436732,1062.5,2,OVERLAP,2.5,0.37155365733410844,35.74103496740511,26.101348246622308,157.51180567251055,159.16556165071754,-87.04458808613822,False,-0.02375433949259803,22.9566609119267,-157.38056725105594,0.5745654162854567,13,3,156.64399692239962,TP1+TP2+SL,2022-05-12 15:30:00+00:00,85.58074621678145,909.2954285533029,120,True
2022-05-18 15:00:00+00:00,2,GBP_JPY,LONG,159.21099999999998,158.94283220983036,159.93963964451913,160.08936680925223,160.38882113871844,2247.82,2,OVERLAP,2.5,0.2603355803392848,42.01910213804965,27.928434757945794,160.27726183393656,160.20657938037806,-75.76396445191449,False,-0.0467081435032074,45.59082236336726,-109.52618339365756,0.6777251184834203,15,2,158.94283220983036,SL,2022-05-18 15:30:00+00:00,-26.816779016962755,-602.7929220990923,30,False
2022-05-19 15:30:00+00:00,2,GBP_JPY,SHORT,159.823,160.10106673875507,158.6884345756683,158.51903994121696,158.18025067231426,2146.12,2,OVERLAP,2.5,0.37213347751015746,34.45790258201699,70.90024986770219,158.80786498924542,159.27232533040726,116.35654243316935,False,0.11838208676840375,77.63366542203083,104.41350107545873,0.8548601864180984,15,3,160.10106673875507,SL,2022-05-20 09:00:00+00:00,-27.806673875505794,-596.7645893770049,1050,False
2022-05-24 08:30:00+00:00,2,GBP_JPY,LONG,159.069,158.86480320060218,159.822560489768,159.93975402391428,160.17414109220687,2893.27,2,LONDON,2.5,0.2743935987956613,31.947305256283375,17.963731545372084,160.42582913287,160.1941298562338,-78.25604897680023,False,-0.09461109934015377,19.333616768784392,-138.58291328700147,0.9684908789386544,8,1,158.86480320060218,SL,2022-05-24 09:30:00+00:00,-20.41967993978062,-590.7964737936908,60,False
2022-05-24 13:30:00+00:00,2,GBP_JPY,LONG,158.436,158.21127235063815,159.20834837810253,159.37296100652932,159.70218626338294,2602.65,2,OVERLAP,2.5,0.2674552987236936,26.89985948381348,21.082328836153565,159.68723294964587,159.9977195992911,-80.13483781025172,False,-0.03203269547036769,18.056526689438112,-128.0232949645864,0.8247232472324749,13,1,158.21127235063815,SL,2022-05-24 14:00:00+00:00,-22.472764936185285,-584.8874166116263,30,False
2022-05-24 14:00:00+00:00,2,GBP_JPY,LONG,158.204,158.02797207784616,159.08070467454405,159.26826919813007,159.6433982453021,3289.48,2,OVERLAP,2.5,0.28405584430767633,34.136879810918444,21.25316184611121,159.58346109653968,159.96489764737322,-90.57046745440402,False,-0.05702730552391877,9.738097186892851,-140.84610965396678,0.956896551724097,14,1,158.02797207784616,SL,2022-05-24 14:15:00+00:00,-17.602792215384962,-579.0403293666453,15,False
2022-05-25 11:30:00+00:00,2,GBP_JPY,LONG,158.483,158.21666801948533,158.927794982484,159.02392092146798,159.21617279943595,2152.39,2,LONDON,2.5,0.21866396102933472,47.15070784254891,29.90459828862589,159.0243651568669,159.3974373092562,-47.37949824839802,False,-0.058231259612419484,19.757677602505215,-57.03651568668988,0.5198863636363372,11,2,159.21617279943595,TP3,2022-05-25 13:30:00+00:00,52.169573367117444,1122.892680196499,120,True
2022-05-30 09:00:00+00:00,2,GBP_JPY,SHORT,160.927,161.04976959404271,160.76325630948523,160.7325027075439,160.67099550366117,4760.77,3,LONDON,2.5,0.13553918808543375,14.229398493653425,70.61577128963674,160.609326284235,160.31733103115522,19.274369051476015,False,0.018396668485894184,75.29703290708535,34.667371576497885,0.8771929824560573,9,0,161.04976959404271,SL,2022-05-30 10:30:00+00:00,-12.276959404272246,-584.4778002307719,90,False
2022-05-30 10:30:00+00:00,2,GBP_JPY,SHORT,161.114,161.22050852834116,160.8545464256583,160.79814211513798,160.68533349409734,5432.74,2,LONDON,2.5,0.13301705668230693,26.081569108184215,72.69792412620744,160.68759341279224,160.35551523777377,28.845357434170182,False,0.028748023664100064,71.70914712848787,45.54065872077615,0.9408866995073878,10,0,161.22050852834116,SL,2022-05-30 12:15:00+00:00,-10.650852834115199,-578.63314226011,105,False
2022-05-30 12:15:00+00:00,2,GBP_JPY,SHORT,161.25900000000001,161.40017089763717,160.9727117612299,160.8982916089333,160.7494513043401,4057.83,2,LONDON,2.5,0.13634179527434834,34.633693442302565,71.27978714046131,160.79257716968414,160.40677072185323,31.528823877010836,False,0.020074096735859304,71.71614775970458,49.54228303158743,0.6941176470590124,12,0,161.40017089763717,SL,2022-05-30 12:45:00+00:00,-14.117089763715285,-572.8475035589679,30,False
2022-06-01 15:30:00+00:00,2,GBP_JPY,LONG,162.023,161.860565538568,162.59083337040605,162.71620644007956,162.96695257942662,3491.37,2,OVERLAP,2.5,0.20886892286397124,32.498614240853016,28.852616948816305,162.56586759481323,161.99812409071026,-59.683337040604556,False,-0.053583130965911135,24.43414682907654,-57.186759481322724,0.6857923497268162,15,2,162.71750948763741,TP1+TP2+SL,2022-06-02 07:15:00+00:00,63.07153623764848,2202.0606947403876,945,True
2022-06-06 15:45:00+00:00,2,GBP_JPY,SHORT,164.989,165.11859964563345,164.41258191192767,164.2794069217662,164.0130569414432,4545.84,2,OVERLAP,2.5,0.16519929126688393,57.56663653429844,75.82223159946085,164.13723943761138,163.50658390040712,60.541808807232655,False,0.05205177232068242,85.84798534798574,88.07605623886161,0.7999999999999633,15,0,165.11859964563345,SL,2022-06-06 17:00:00+00:00,-12.959964563344782,-589.1392531063525,75,False
2022-06-08 12:30:00+00:00,2,GBP_JPY,SHORT,168.481,168.62587650309396,167.87533658276777,167.74704037354698,167.49044795510537,4025.83,2,LONDON,2.5,0.19775300618792907,40.42850594286612,79.60650899906044,167.5818059601282,166.313716313151,63.46634172322183,False,0.04735473900405279,75.38478041800154,92.81940398717836,0.8372093023255891,12,2,167.92555496407354,TP1+TP2+SL,2022-06-08 14:30:00+00:00,64.3034333263634,2588.746909882736,120,True
2022-06-10 14:00:00+00:00,2,GBP_JPY,LONG,165.608,165.4072551956127,166.39197939939655,166.54934153377292,166.8640658025257,3034.38,2,OVERLAP,2.5,0.27548960877457096,48.195149821908906,26.492322700012807,166.79149508326614,167.24033966607539,-81.29793993965393,False,-0.04635922701672601,30.111016656880256,-121.24950832661341,0.9143426294820607,14,4,165.4072551956127,SL,2022-06-10 14:15:00+00:00,-20.074480438731257,-609.1360195367736,15,False
2022-06-10 15:15:00+00:00,2,GBP_JPY,LONG,165.327,165.04470418546703,166.21538274155313,166.42913995563185,166.85665438378933,2136.21,2,OVERLAP,2.5,0.27459162906589835,54.4534284335602,28.048447645000337,166.55811742788032,167.15575565233175,-91.73827415531264,False,-0.05073009471863327,29.669178664890183,-126.01174278803171,0.6514745308310528,15,4,165.04470418546703,SL,2022-06-13 06:00:00+00:00,-28.229581453297214,-603.0431419634805,3765,False
2022-06-13 11:15:00+00:00,2,GBP_JPY,LONG,163.674,163.49733770293062,164.21020305777208,164.29613881761367,164.46801033729685,3379.4,2,LONDON,2.5,0.25532459413875774,52.08398662249993,23.33794316844717,164.935633108025,166.05788454920457,-56.52030577720666,False,-0.02474832547582778,9.221241390543428,-129.06331080249913,0.8431372549019559,11,0,163.49733770293062,SL,2022-06-13 12:15:00+00:00,-17.666229706938452,-597.0125667162781,60,False
2022-06-13 13:00:00+00:00,2,GBP_JPY,LONG,163.315,162.94823867638044,163.9463517375691,164.10779714719294,164.4306879664406,1611.52,2,OVERLAP,2.5,0.27152264723913844,68.49025552844259,26.336448101036652,164.59814783322804,165.88916110901468,-66.03517375691013,False,-0.025300846444934133,31.45963788165616,-131.2147833228039,0.41787439613528293,13,0,162.94823867638044,SL,2022-06-13 13:30:00+00:00,-36.67613236195563,-591.0432082393875,30,False
2022-06-13 14:15:00+00:00,2,GBP_JPY,LONG,162.554,162.1222225344524,163.6847621178575,163.9302401819927,164.42119631026313,1355.17,2,OVERLAP,2.5,0.3315549310952302,78.27960189250705,22.679003305195877,164.2808754944834,165.74115676691048,-115.97621178574968,False,-0.06200168460805677,22.446248697534646,-175.5875494483405,0.6255319148936347,14,0,164.05782251874447,TP1+TP2+SL,2022-06-14 04:15:00+00:00,127.26385004378655,1724.6415166383822,840,True
2022-06-14 13:30:00+00:00,2,GBP_JPY,LONG,161.891,161.7207324179458,162.62856481900175,162.80261307608814,163.15070959026087,3537.84,2,OVERLAP,2.5,0.280535164108375,43.8354861141147,26.834868635986496,162.95127212936458,164.13703139135293,-76.65648190017578,False,-0.01005468640049656,18.857098640839563,-108.92721293645877,0.8934010152283998,13,1,161.7207324179458,SL,2022-06-14 14:00:00+00:00,-17.02675820541799,-602.3794624945599,30,False
2022-06-14 14:00:00+00:00,2,GBP_JPY,LONG,161.624,161.42435856445326,162.55414354572014,162.74996542300048,163.14160917756112,2987.13,2,OVERLAP,2.5,0.3032828710934467,49.92022817730234,26.865218926321447,162.8636748875834,164.09105948191797,-95.91435457201385,False,-0.04295758254356019,12.87525795298223,-126.86748875833871,0.8170055452865247,14,1,161.42435856445326,SL,2022-06-14 14:15:00+00:00,-19.964143554673797,-596.3549213647274,15,False
2022-06-16 09:00:00+00:00,2,GBP_JPY,LONG,161.069,160.83190539561915,161.66967348361865,161.78617730355828,162.01918494343755,2490.11,2,LONDON,2.5,0.33818920876171044,65.29943414537323,22.938278307700912,162.72893950474062,162.91753613687837,-62.967348361866016,False,-0.16456523393661648,22.4686229621754,-168.8939504740631,0.8136645962732865,9,3,160.83190539561915,SL,2022-06-16 09:15:00+00:00,-23.709460438084307,-590.3916453147812,15,False
2022-06-21 10:45:00+00:00,2,GBP_JPY,SHORT,166.74,166.904780768269,166.51643698637395,166.46854432154407,166.37275899188435,3547.06,2,LONDON,2.5,0.19756153653797762,40.571819287420404,71.80007028867225,166.01792045186681,165.26439746612195,25.256301362605882,False,0.008103231793046756,68.76931517195176,75.10795481331911,0.5558441558441244,10,1,166.904780768269,SL,2022-06-21 11:45:00+00:00,-16.478076826899724,-584.4872718962293,60,False
2022-06-21 11:45:00+00:00,2,GBP_JPY,SHORT,167.037,167.17376206587178,166.60104869050116,166.53275278377347,166.3961609703181,4231.02,2,LONDON,2.5,0.20552413174357376,42.18354029836079,75.24554551361497,166.1337741472637,165.32449047570003,46.495130949884356,False,0.019775117558228833,83.9241538125507,93.2225852736309,0.9465875370919844,11,1,167.17376206587178,SL,2022-06-21 12:00:00+00:00,-13.67620658717783,-578.6430359448115,15,False
2022-06-21 13:15:00+00:00,2,GBP_JPY,SHORT,167.23,167.39003451393398,166.77463391536907,166.65495147138984,166.4155865834314,3579.58,2,OVERLAP,2.5,0.20206902786799372,43.84697918663593,75.65409663848115,166.34440002416397,165.42896935460448,48.43660846309206,False,0.021609786929371433,78.21894858324278,91.4599975836012,0.8314606741572944,13,1,167.39003451393398,SL,2022-06-21 13:30:00+00:00,-16.00345139339936,-572.8563453878447,15,False
2022-07-01 12:15:00+00:00,2,GBP_JPY,LONG,162.416,162.21296051103639,163.42440071466646,163.66565633317416,164.14816757018957,2793.19,2,LONDON,2.5,0.2600789779271952,57.90947798774903,22.12663354606393,163.79568539786104,164.83349909533194,-103.7400714666461,False,-0.09112145708758584,18.768347883318913,-140.8685397861035,0.8967136150234519,12,4,162.21296051103639,SL,2022-07-01 14:00:00+00:00,-20.303948896361135,-567.1278701782696,105,False
2022-07-05 12:00:00+00:00,2,GBP_JPY,LONG,162.837,162.68224113596554,163.5058493023453,163.62741814607472,163.87055583353353,3627.95,2,LONDON,2.5,0.243517728068941,64.27094269346392,22.577500757084735,164.06314522077992,164.2228226484882,-69.7849302345304,False,-0.0331153181307835,12.007804290209625,-125.5145220779923,0.9892473118279816,12,1,162.68224113596554,SL,2022-07-05 12:15:00+00:00,-15.47588640344486,-561.4574207737778,15,False
2022-07-05 13:00:00+00:00,2,GBP_JPY,LONG,162.343,162.08447812329007,163.26559278700887,163.47147990971513,163.88325415512762,2150.08,2,OVERLAP,2.5,0.25104375341985075,69.81467268594582,17.530760826762133,163.83469039602778,164.15611722525486,-95.15927870088774,False,-0.07177557305662474,13.282939687808033,-152.06903960277884,0.725593667546207,13,1,162.08447812329007,SL,2022-07-05 13:15:00+00:00,-25.85218767099207,-555.8427166764662,15,False
2022-07-05 15:00:00+00:00,2,GBP_JPY,LONG,161.755,161.56886853978753,162.95078464250545,163.22944779213253,163.78677409138672,2956.43,2,OVERLAP,2.5,0.2902629204249406,49.049755376303594,19.360460804002827,163.39542275199102,164.0087458626948,-122.47846425054547,False,-0.021440948457562503,20.92018220692339,-166.94227519910214,0.9674796747967467,15,1,161.56886853978753,SL,2022-07-06 04:45:00+00:00,-18.613146021246507,-550.2846329159381,825,False
2022-07-07 09:30:00+00:00,2,GBP_JPY,SHORT,163.214,163.39208813980707,162.94405808240143,162.90222583975466,162.8185613544611,3059.05,2,LONDON,2.5,0.2761762796141684,40.26487836678243,71.17746872646546,162.3143339005003,162.36874638095819,29.89419175985688,False,0.06071815216446863,70.30463462929039,92.86660994997078,0.9230769230769303,9,3,163.39208813980707,SL,2022-07-07 10:00:00+00:00,-17.808813980707328,-544.7805240768275,30,False
2022-07-18 09:30:00+00:00,2,GBP_JPY,SHORT,165.424,165.58469789194555,165.05831143079422,164.96645625444532,164.7827459017475,3356.19,2,LONDON,2.5,0.19139578389106873,48.31383428649462,73.87544785645204,164.60680455845727,164.26249387095305,39.46885692057833,False,0.06912561820162855,91.9491305735293,84.61954415427329,0.6800000000000289,9,0,165.58469789194555,SL,2022-07-18 10:00:00+00:00,-16.069789194554573,-539.3326579687212,30,False
2022-07-22 12:30:00+00:00,2,GBP_JPY,LONG,163.468,163.3050167051722,164.05867046748114,164.20081650051804,164.4851085665919,3276.04,2,LONDON,2.5,0.23196658965561412,41.196455967748314,29.53628191113252,164.3495545423503,164.9414781550868,-61.967046748114285,False,-0.04657099401110035,26.440189291135486,-91.05545423502974,0.8108108108107849,12,4,163.3050167051722,SL,2022-07-22 17:15:00+00:00,-16.298329482779653,-533.9397931876545,285,False
2022-07-25 11:00:00+00:00,2,GBP_JPY,SHORT,164.704,164.90711489610607,164.08826454306444,163.9526956206398,163.68155777579048,2602.47,2,LONDON,2.5,0.22022979221211844,52.231116285290874,78.33423903066374,163.70763734669654,164.10053473255797,64.47354569355639,False,0.06318404549372447,81.17666245111606,102.53626533034605,0.7046004842614749,11,0,164.90711489610607,SL,2022-07-25 12:00:00+00:00,-20.311489610605804,-528.6004236691329,60,False
2022-07-26 09:15:00+00:00,2,GBP_JPY,LONG,164.078,163.92923519595425,164.31950533375576,164.37193618141504,164.47679787673357,3517.73,2,LONDON,2.5,0.16552960809151337,39.55501891355463,26.101731238917722,164.56034444247285,164.4111585073942,-27.050533375575014,False,-0.06551507669445522,15.196430318019233,-51.134444247284705,0.7707509881423085,9,1,163.92923519595425,SL,2022-07-26 10:15:00+00:00,-14.87648040457543,-523.3144141358713,60,False
2022-07-28 12:30:00+00:00,2,GBP_JPY,LONG,163.745,163.57135570909614,164.49461271589004,164.6608557018132,164.9933416736595,2983.58,2,LONDON,2.5,0.22328858180770453,46.074705308774384,25.160203146275023,164.7233247525296,164.86918443033198,-77.86127158900342,False,-0.044514045751876785,20.591529021713455,-100.73247525295983,0.9398230088495718,12,3,163.57135570909614,SL,2022-07-28 12:45:00+00:00,-17.36442909038658,-518.0816334549559,15,False
2022-08-10 11:45:00+00:00,2,GBP_JPY,SHORT,163.43200000000002,163.55497910837423,163.2426184603432,163.20069767146657,163.11685609371332,4170.63,2,LONDON,2.5,0.11395821674848482,25.5521750479462,74.77347557689188,163.182309336015,163.07930962592738,21.838153965680362,False,0.028962384314792006,89.72390333707585,27.86906639850031,0.48969072164950794,11,2,163.43200000000002,TP1+SL,2022-08-10 12:15:00+00:00,9.469076982840363,394.92016536943504,30,True
2022-08-10 12:30:00+00:00,2,GBP_JPY,LONG,162.601,162.21785065477602,163.14493930411527,163.21360632605064,163.35094036992137,1348.95,2,LONDON,2.5,0.2360995634826641,31.08240119017688,27.399273027817273,163.16786975652525,163.0787883481498,-57.29393041152662,False,-0.03760358967427665,32.51388587464607,-59.58697565252464,0.5245791245791173,12,2,162.21785065477602,SL,2022-08-10 13:30:00+00:00,-38.3149345223984,-516.8493092398933,60,False
2022-08-15 09:00:00+00:00,2,GBP_JPY,LONG,160.817,160.6824903045312,161.2037682626376,161.2992333042644,161.49016338751798,3804.05,2,LONDON,2.5,0.17101939093761148,38.61052503430975,28.041064239325962,161.51724542483896,161.96865789754824,-41.57682626375845,False,-0.04078022209771717,4.387999177104295,-72.92454248389504,0.8786764705881746,9,0,160.6824903045312,SL,2022-08-15 09:15:00+00:00,-13.450969546880742,-511.6816070481169,15,False
2022-08-15 12:30:00+00:00,2,GBP_JPY,LONG,160.482,160.23925481686638,160.94492902462227,161.05383465428898,161.27164591362242,2086.82,2,LONDON,2.5,0.19549036626719898,35.54353685823067,29.751043263048118,161.25496167725726,161.83132274304256,-49.192902462226584,False,-0.04231692001572959,8.832131709705818,-80.19616772572533,0.5498392282957826,12,0,160.482,TP1+SL,2022-08-15 22:15:00+00:00,23.146451231113474,483.02477358112225,585,True
2022-08-16 12:15:00+00:00,2,GBP_JPY,SHORT,161.717,161.91952101665603,161.34267829454325,161.25809676840348,161.0889337161239,2525.14,2,LONDON,2.5,0.16704203331202144,38.76130772948463,72.80717882530428,161.0621555411921,161.2313970057942,40.33217054567615,False,0.026764912831204635,83.40220385674657,68.38444588078971,0.5347985347985417,12,1,161.91952101665603,SL,2022-08-16 12:45:00+00:00,-20.25210166560214,-511.39391999878586,30,False
2022-08-16 14:30:00+00:00,2,GBP_JPY,SHORT,162.674,162.81718849632907,161.74695756494302,161.515432541586,161.05238249487195,3535.76,2,OVERLAP,2.5,0.2043769926581389,66.489375840429,79.04369329229323,161.46306973831,161.32948159014467,95.6042435056986,False,0.06872309575203434,80.92884127366753,123.99302616900059,0.8675213675213472,14,1,162.81718849632907,SL,2022-08-17 06:00:00+00:00,-14.318849632905994,-506.28015778043704,930,False
2022-08-18 15:45:00+00:00,2,GBP_JPY,LONG,161.95499999999998,161.7827779632054,162.5694356545805,162.72448815018544,163.03459314139533,2910.3,2,OVERLAP,2.5,0.18644407358922044,47.708906344318976,29.82346320502424,162.52920090032933,162.47788136932616,-64.34356545805144,False,-0.033384235308715565,13.281101802959531,-60.320090032934104,0.9574468085106794,15,3,161.7827779632054,SL,2022-08-18 16:45:00+00:00,-17.222203679457948,-501.2177936832647,60,False
2022-09-05 13:45:00+00:00,2,GBP_JPY,SHORT,161.866,161.97709754708077,161.56576991626088,161.5086555772881,161.39442689934256,4466.4,2,OVERLAP,2.5,0.14419509416153103,29.36908107141668,70.4266754635016,161.41639029638154,161.49522179593686,32.923008373913376,False,0.003372214212457869,93.85575791942438,47.86097036184742,0.9253731343284236,13,0,161.97709754708077,SL,2022-09-05 22:00:00+00:00,-11.109754708076025,-496.2060842815075,495,False
2022-09-09 10:00:00+00:00,2,GBP_JPY,LONG,164.703,164.51208500147004,165.19865675217264,165.3051615672979,165.51817119754836,2573.1,2,LONDON,2.5,0.20782999705992847,37.61072081766141,28.173237393839287,165.49507683162184,165.35539620772764,-52.4656752172632,False,-0.058182502897697996,18.733456100477447,-82.10768316218378,0.8364116094987205,10,4,164.51208500147004,SL,2022-09-09 10:30:00+00:00,-19.091499852996208,-491.2433827174454,30,False
2022-09-22 08:30:00+00:00,2,GBP_JPY,LONG,159.959,159.44469203906783,161.94204192963886,162.36727458690302,163.21773990143137,945.6,2,LONDON,2.5,0.6066159218643029,55.18096619301963,23.638633808790175,162.7553025831371,163.10320352374455,-201.20419296388548,False,-0.2743296050036363,13.185221635365266,-282.5302583137102,0.8241900647948116,8,3,159.959,TP1+SL,2022-09-22 11:30:00+00:00,99.1520964819429,937.5822243332523,180,True
2022-09-23 10:30:00+00:00,2,GBP_JPY,LONG,158.15699999999998,157.75218735775775,159.03535499565757,159.25956280203513,159.7079784147903,1224.53,2,LONDON,2.5,0.3736252844844742,39.33443688797333,27.40081577195589,159.55128204843774,161.00334826417912,-90.73549956575846,False,-0.10104023200435519,11.368609332564011,-142.32820484377555,0.6205211726384325,10,4,157.75218735775775,SL,2022-09-23 10:45:00+00:00,-40.48126422422342,-495.7052248048831,15,False
2022-09-23 14:30:00+00:00,2,GBP_JPY,LONG,156.685,156.28828017389566,158.29083928421196,158.6402422883125,159.3390482965136,1237.02,2,OVERLAP,2.5,0.4194396522086638,46.56867328956463,21.37277772499138,158.69967237086396,160.52736155498266,-163.48392842119495,False,-0.0805015404973714,15.5630385884596,-204.3672370863959,0.5824800910125021,14,4,156.28828017389566,SL,2022-09-23 14:45:00+00:00,-39.6719826104345,-490.75035928759684,15,False
2022-09-28 15:45:00+00:00,2,GBP_JPY,SHORT,156.08,156.9561526316101,154.38686916406095,154.03101947731602,153.3193201038262,554.52,2,OVERLAP,2.5,0.6003052632202279,44.75631223140863,70.46973274845607,154.53423732239798,155.09573123364012,172.21308359390548,False,0.2083635447351154,75.97931783368456,157.4762677602024,0.6081081081081084,15,2,156.9561526316101,SL,2022-09-28 17:00:00+00:00,-87.61526316100968,-485.8441572804309,75,False
2022-09-29 13:15:00+00:00,2,GBP_JPY,SHORT,158.43,158.72338956907265,157.01690699787895,156.76250955667368,156.2537146742631,1639.4,2,OVERLAP,2.5,0.3987791381453128,30.373360391619176,73.6652799513666,156.68502459589422,155.93519383775924,144.20930021210552,False,0.09513448930807517,90.50142821493317,177.39754041057836,0.8673602080624147,13,3,158.72338956907265,SL,2022-09-29 13:30:00+00:00,-29.338956907264443,-480.98285953769334,15,False
2022-09-29 14:30:00+00:00,2,GBP_JPY,SHORT,158.883,159.20815850867513,157.35854712138774,156.97926697672924,156.2207066874122,1464.44,2,OVERLAP,2.5,0.42831701735026356,46.57601620118304,72.23112056400038,157.0398492287985,156.0670336425322,155.3452878612262,False,0.12136991312354456,72.2960557098499,187.21507712015182,0.5772811918063291,14,3,159.20815850867513,SL,2022-09-29 14:45:00+00:00,-32.51585086751163,-476.17512644418736,15,False
2022-09-29 16:00:00+00:00,2,GBP_JPY,SHORT,160.098,160.3699773079111,157.7509746258147,157.21291787245735,156.13680436574268,1733.28,2,OVERLAP,2.5,0.46395461582219477,64.79361216061847,77.17974783672682,157.58579863307116,156.27218908263984,237.60253741853035,False,0.11908009514309703,74.61918995016467,254.12013669288456,0.9444444444444573,16,3,160.3699773079111,SL,2022-09-29 20:30:00+00:00,-27.197730791110075,-471.4128282561527,270,False
2022-10-12 15:30:00+00:00,2,GBP_JPY,SHORT,162.911,163.2314024487607,162.0382320072378,161.82677722214802,161.40386765196843,1456.6,2,OVERLAP,2.5,0.34480489752138416,29.476289536827178,75.60510149862026,161.70571424114422,161.25365958822076,90.17679927621884,False,0.03349963808103129,92.3660484103674,123.42857588557763,0.452025586353927,15,2,163.2314024487607,SL,2022-10-12 18:00:00+00:00,-32.04024487606887,-466.6982068648191,150,False
2022-10-13 11:30:00+00:00,2,GBP_JPY,SHORT,165.226,165.7699636908821,163.692653859637,163.43670548091245,162.92480872346334,849.38,2,LONDON,2.5,0.34330912725474,59.71337285154121,83.93620784444309,163.1298013048045,162.219685620702,156.23461403629904,False,0.16429793122200465,84.47149322134261,212.51986951955075,0.6547927461139942,11,3,165.7699636908821,SL,2022-10-13 15:00:00+00:00,-54.39636908820944,-462.03187976143334,210,False
2022-10-13 15:00:00+00:00,2,GBP_JPY,SHORT,166.267,166.61849356161923,164.556606199784,164.19608421487487,163.47504024505662,1301.34,2,OVERLAP,2.5,0.5089871232384812,31.672088829164068,73.70639212415169,163.98765013364388,162.5972315266152,173.93938002159928,False,0.05391803944930118,84.95868614131311,230.83498663561102,0.865155131264916,15,3,166.61849356161923,SL,2022-10-13 15:15:00+00:00,-35.149356161923606,-457.4126314775766,15,False
2022-10-17 14:00:00+00:00,2,GBP_JPY,SHORT,169.086,169.26694474496395,168.10205261331927,167.86386650811832,167.38749429771642,2502.62,2,OVERLAP,2.5,0.3038894899278922,68.469258085443,71.5252437187369,167.76699616572049,166.38078509834094,101.29473866807359,False,0.06026726622578876,71.90079994870075,134.8003834279524,1.0,14,0,169.26694474496395,SL,2022-10-17 14:15:00+00:00,-18.094474496393786,-452.83593764165016,15,False
2022-10-20 12:15:00+00:00,2,GBP_JPY,SHORT,168.965,169.21471573470586,168.01087973140432,167.85586506577846,167.54583573452672,1795.28,2,LONDON,2.5,0.3054314694116959,39.84658077071067,71.47754258404282,168.08180003942311,168.2058028073628,98.31202685956839,False,0.11551676046695558,81.6307540483299,91.21999605768849,0.8671874999999907,12,3,169.21471573470586,SL,2022-10-20 12:30:00+00:00,-24.971573470585895,-448.30966420273444,15,False
2022-10-20 14:15:00+00:00,2,GBP_JPY,SHORT,169.599,169.8977894652931,168.3632001044556,168.1340345926927,167.67570356916696,1485.41,2,OVERLAP,2.5,0.3555789305861959,51.80350560954388,73.09564452983179,168.3060931589153,168.2581219853462,126.47998955443995,False,0.09912195607476143,66.05126239777205,132.1906841084683,0.84527220630368,14,3,168.26999633434124,TP1+TP2+SL,2022-10-21 05:45:00+00:00,132.99883901785648,1975.578054655142,930,True
2022-10-28 09:00:00+00:00,2,GBP_JPY,SHORT,170.132,170.27663580755396,169.8476204065975,169.78225728975448,169.6515310560684,3205.16,2,LONDON,2.5,0.22727161510789232,56.303168060360235,77.36210726565491,169.36822610451858,169.3755089230176,31.337959340248744,False,0.10699027000049194,93.24417077224435,79.27738954814174,0.7310344827585314,9,4,170.27663580755396,SL,2022-10-28 09:15:00+00:00,-14.463580755395355,-463.58090493962976,15,False
2022-10-28 13:00:00+00:00,2,GBP_JPY,SHORT,170.727,170.9752530416753,170.2011858549032,170.0801378689004,169.83804189689482,1848.7,2,OVERLAP,2.5,0.22450608335061717,46.8030134609758,77.51260367411655,169.83547120339063,169.51899431412366,55.481414509679894,False,0.004581653031657307,76.42924719535056,92.05287966093749,0.7328767123287823,13,4,170.727,TP1+SL,2022-10-28 14:15:00+00:00,26.290707254840125,486.03630502022946,75,True
2022-10-28 16:45:00+00:00,2,GBP_JPY,SHORT,171.133,171.31583506201682,170.42233980146574,170.24318710192193,169.88488170283432,2536.74,2,OVERLAP,2.5,0.22767012403364262,30.820932473981312,70.19006778221268,170.28126320052658,169.69730507822769,73.9660198534267,False,0.008468897839155554,86.17259985523573,88.0736799473425,0.7853403141361451,16,4,171.31583506201682,SL,2022-10-28 19:30:00+00:00,-18.283506201680662,-463.80501522051406,165,False
2022-11-07 09:00:00+00:00,2,GBP_JPY,SHORT,168.08100000000002,168.31187563932997,167.44743372814384,167.28793282933682,166.9689310317228,1988.81,2,LONDON,2.5,0.22175127865993072,45.84413838779641,87.32689341224143,166.75819015445452,166.7245568865587,66.25662718561784,False,0.1276829703634811,93.03850722263256,135.1809845545489,0.6563071297989229,9,0,168.31187563932997,SL,2022-11-07 17:00:00+00:00,-23.08756393299518,-459.16778025580146,480,False
2022-11-08 10:45:00+00:00,2,GBP_JPY,LONG,167.633,167.42426350499755,167.98445267837,168.07255823960014,168.24876936206044,2177.75,2,LONDON,2.5,0.20347299000489344,59.9029693918918,28.884915394938943,168.31539964794035,167.8072896348653,-38.04526783699771,False,-0.03547224479877564,34.67764667108994,-71.13996479403397,0.6519337016574404,10,1,167.42426350499755,SL,2022-11-08 13:00:00+00:00,-20.873649500245506,-454.5759019915965,135,False
2022-11-08 13:00:00+00:00,2,GBP_JPY,LONG,167.386,167.25699331453342,167.8569385782131,167.9680034156588,168.1901330905503,3488.43,2,OVERLAP,2.5,0.1900133709331487,49.46180238980751,26.081433393591908,168.10648715641034,167.79203974967135,-49.99385782130901,False,-0.010042456992982535,10.085783706054553,-74.94871564103391,0.5543859649122419,13,1,167.87137987393373,TP1+TP2+SL,2022-11-08 15:30:00+00:00,51.19774656771938,1785.997550592293,150,True
2022-11-10 14:30:00+00:00,2,GBP_JPY,LONG,165.661,165.19219621354412,166.63225576351425,166.72334811835617,166.90553282804,998.05,2,OVERLAP,2.5,0.35960757291178425,32.08635323693558,26.461056664594395,166.59585761204153,166.97668226125165,-100.02557635142466,False,-0.07824773533212198,18.826101233508563,-96.38576120415223,0.7752332485156979,14,3,165.19219621354412,SL,2022-11-10 21:00:00+00:00,-46.880378645587946,-467.88961907229043,390,False
2022-11-11 10:00:00+00:00,2,GBP_JPY,LONG,163.79,163.6046067232007,165.06046809440718,165.29257532315614,165.75678978065406,2498.53,2,LONDON,2.5,0.30478655359858364,43.74948364545774,14.736186473304173,165.50238837683554,166.1868616342543,-129.94680944071888,False,-0.17383014765378957,10.19470010993417,-174.13883768355447,0.9514124293785555,10,4,163.6046067232007,SL,2022-11-11 10:15:00+00:00,-18.539327679928874,-463.2106638813269,15,False
2022-11-11 10:30:00+00:00,2,GBP_JPY,LONG,163.423,162.87641637072838,164.7690011003571,165.10832823673172,165.78698250948102,838.99,2,LONDON,2.5,0.34505575284776047,55.00926843443052,13.900397004756911,165.35601633709425,166.1356766312246,-137.5001100357082,False,-0.22781494899843507,11.173699818213604,-196.20163370942407,0.52578616352201,10,4,163.772,TP1+TIME,2022-11-14 06:30:00+00:00,84.75005501785375,711.0444865942912,4080,True
2022-11-14 08:30:00+00:00,2,GBP_JPY,SHORT,165.092,165.26548459267076,164.75239798012802,164.68063169645492,164.5370991291087,2684.33,2,LONDON,2.5,0.2269691853415562,44.169946011756004,78.69138516215851,164.1688952476492,164.94264282430052,36.86020198719859,False,0.1349657272672616,96.64930224381318,95.2104752350806,0.8386411889597262,8,0,165.26548459267076,SL,2022-11-14 08:45:00+00:00,-17.348459267074645,-465.6898966438648,15,False
2022-11-18 09:15:00+00:00,2,GBP_JPY,SHORT,167.118,167.278852984618,166.730998344627,166.64766822546466,166.48100798713998,2866.17,2,LONDON,2.5,0.19970596923599432,39.24357275913549,70.55811662111593,166.4585922287957,166.05473469579988,41.60016553729804,False,0.0640125506073154,83.51488337253384,68.84077712042824,0.8663101604277754,9,4,167.278852984618,SL,2022-11-18 09:30:00+00:00,-16.085298461800335,-461.03199892258266,15,False
2022-11-21 09:15:00+00:00,2,GBP_JPY,SHORT,167.073,167.21635341112733,166.82538070924036,166.78198856736046,166.69520428360062,3183.9,2,LONDON,2.5,0.17670682225468817,51.44826443268417,71.84704023072598,166.5323449616734,166.3740980249868,27.661929075964053,False,0.07758246083831687,81.12858926881027,56.96550383266015,0.7923322683706064,9,0,167.21635341112733,SL,2022-11-21 09:30:00+00:00,-14.33534111273218,-456.4229256882799,15,False
2022-11-25 09:15:00+00:00,2,GBP_JPY,SHORT,168.306,168.42850650758996,167.99040487066614,167.9149155904517,167.76393703002282,3688.44,2,LONDON,2.5,0.15101301517987165,30.238434036954917,72.0046200949605,167.87523578035567,167.85644990837187,34.459512933386804,False,0.057864545315567936,94.54534343214429,45.97642196443417,0.8793103448276222,9,4,168.42850650758996,SL,2022-11-25 09:30:00+00:00,-12.250650758994652,-451.8579028550624,15,False
2022-11-30 09:45:00+00:00,2,GBP_JPY,SHORT,166.678,166.82706531784987,166.21221323641015,166.100287446145,165.87643586561467,3000.96,2,LONDON,2.5,0.1861306356997443,49.18989679487731,73.40484870916254,166.00328261068702,166.28717165615626,49.47867635898433,False,0.09218934023876518,84.86823231014544,70.37173893129705,0.8333333333333052,9,2,166.82706531784987,SL,2022-11-30 10:00:00+00:00,-14.906531784987465,-447.33905625475984,15,False
2022-11-30 14:15:00+00:00,2,GBP_JPY,SHORT,167.279,167.43382650593597,166.60779337770686,166.4543383331327,166.14742824398442,2860.4,2,OVERLAP,2.5,0.21765301187193464,42.27075820441984,72.61952990300286,166.39097163672085,166.36139991753126,70.02066222931376,False,0.050513832821543064,91.8984358709971,91.70283632791438,0.8140350877193056,14,2,166.14742824398442,TP3,2022-11-30 15:45:00+00:00,79.39706579524568,2271.0736700072075,90,True
2022-12-01 12:30:00+00:00,2,GBP_JPY,SHORT,166.036,166.34878185083576,165.47428877204322,165.32994044106405,165.04124377910568,1488.5,2,LONDON,2.5,0.1891879005571818,47.07086381215211,71.68539729777666,165.53446176186492,165.96298277231728,59.07112279567741,False,0.059853727779828295,93.64349280793726,53.05382381350796,0.7460937500000091,12,3,166.34878185083576,SL,2022-12-01 13:30:00+00:00,-31.278185083576204,-465.5757849690318,60,False
2022-12-01 13:30:00+00:00,2,GBP_JPY,SHORT,166.303,166.66592762947488,165.61148535394588,165.4349184727363,165.0817847103172,1270.01,2,OVERLAP,2.5,0.22585525894975292,55.623700208062374,70.30132641016985,165.6249014066634,165.97007842291873,72.0514646054113,False,0.05834076439644664,73.82540363909216,70.70985933365819,0.7666666666666085,13,3,166.66592762947488,SL,2022-12-01 14:15:00+00:00,-36.2927629474882,-460.9217187093949,45,False
2022-12-12 11:30:00+00:00,2,GBP_JPY,SHORT,168.049,168.15295815300308,167.75584120906942,167.67970190389158,167.5274232935359,4389.38,2,LONDON,2.5,0.14991630600615957,45.75609899699585,73.03376881474948,167.58213962476674,167.2246880713313,32.215879093058675,False,0.027605944348861794,73.09005847953222,49.586037523326354,0.8993710691824405,11,0,168.15295815300308,SL,2022-12-12 12:30:00+00:00,-10.395815300307733,-456.31183762864754,60,False
2022-12-12 12:45:00+00:00,2,GBP_JPY,SHORT,168.285,168.45642518370875,167.83091962995843,167.73099793048272,167.53115453153129,2635.25,2,LONDON,2.5,0.16085036741749506,57.306568544323426,73.39755759575544,167.67607664965587,167.2671325492654,48.30803700415629,False,0.030957124289531013,83.07165147382574,63.79233503441242,0.7725631768952594,12,0,168.45642518370875,SL,2022-12-12 13:00:00+00:00,-17.142518370874882,-451.7482153684803,15,False
2022-12-13 16:15:00+00:00,2,GBP_JPY,LONG,167.172,167.00083443618092,168.17702372222917,168.4129103628697,168.88468364415075,2612.86,2,OVERLAP,2.5,0.26633112763815187,60.950489299034004,18.02972259378157,168.38871918678353,168.18841606347343,-103.40237222291648,False,-0.06877601370532144,23.581801024939626,-124.5719186783532,0.8806682577565393,16,1,167.00083443618092,SL,2022-12-14 10:00:00+00:00,-17.116556381907344,-447.2316550803043,1065,False
2022-12-16 08:45:00+00:00,2,GBP_JPY,LONG,166.59799999999998,166.45898735716105,166.82476555289622,166.88186987171355,166.9960785093482,3185.03,2,LONDON,2.5,0.20602528567792947,70.71574882764007,24.996705954729023,167.53133885364386,167.79443565649524,-25.57655528962357,False,-0.0923548916014747,12.684937349358288,-96.2338853643871,0.902654867256675,8,4,166.45898735716105,SL,2022-12-16 09:00:00+00:00,-13.901264283893509,-442.7594378212935,15,False
2022-12-22 11:45:00+00:00,2,GBP_JPY,LONG,159.123,158.9571592825076,159.69280025386743,159.82535119672895,160.090453082452,2643.09,2,LONDON,2.5,0.19168143498478982,25.91062950352218,27.854876347562808,159.70875954320212,160.67898637305044,-59.880025386743796,False,-0.05903022042769841,15.69778882472255,-61.47595432021262,0.7341772151899174,11,3,158.9571592825076,SL,2022-12-22 13:30:00+00:00,-16.58407174923866,-438.33194199695214,105,False
2022-12-29 14:45:00+00:00,2,GBP_JPY,LONG,160.238,160.03855074265013,160.73918258958128,160.83028675002188,161.01249507090313,2175.73,2,OVERLAP,2.5,0.19089851469973404,53.93750336435496,26.80478740000447,160.85779253649244,160.9526737864704,-53.01825895812726,False,-0.047596033926981085,29.259807964113204,-64.87925364924365,0.7762237762237688,14,3,160.63389719926442,TP1+TP2+SL,2022-12-29 16:45:00+00:00,51.72762371879614,1125.4534275369633,120,True
2022-12-30 08:45:00+00:00,2,GBP_JPY,LONG,158.826,158.65443903737057,159.03542712821746,159.08210200994384,159.17545177339662,2595.01,2,LONDON,2.5,0.2011219252588335,63.07430311703285,24.973401018264155,159.77277160874604,160.43634443738037,-23.84271282174666,False,-0.06326700979376765,19.00354050249541,-97.57716087460437,0.8171557562076409,8,4,158.65443903737057,SL,2022-12-30 09:00:00+00:00,-17.15609626294281,-445.20241363299226,15,False
2023-01-04 14:45:00+00:00,2,GBP_JPY,SHORT,158.06,158.2528969717769,157.42433812298202,157.29881056411318,157.04775544637548,2284.9,2,OVERLAP,2.5,0.19979394355377816,40.43703302269269,75.71864626710243,157.27293050054305,157.2423418824437,66.46618770179771,False,0.024157171579612835,82.36942776906773,81.6069499456944,0.7652811735941184,14,2,158.2528969717769,SL,2023-01-04 15:00:00+00:00,-19.289697177688936,-440.7502908130145,15,False
2023-01-09 09:30:00+00:00,2,GBP_JPY,SHORT,161.145,161.3237753990547,160.71240118262463,160.61972796534326,160.4343815307805,2440.73,2,LONDON,2.5,0.19755079810942278,69.7868718781487,85.28215436127533,160.0612522188583,159.4722504033511,46.15988173753749,False,0.07162345520672395,87.09165294384313,111.27477811417066,0.6809651474531517,9,0,160.77200544941698,TP1+TP2+SL,2023-01-09 10:45:00+00:00,45.60938034050068,1113.2018287847022,75,True
2023-01-12 09:30:00+00:00,2,GBP_JPY,LONG,159.42,159.28199057221573,159.79236855448414,159.84591487409892,159.9530075133285,3242.35,2,LONDON,2.5,0.1760188555685163,34.13199986816238,20.90341118239722,160.12374401505977,160.4239204476425,-40.136855448415076,False,-0.022407064430899515,26.672049956937173,-73.27440150597795,0.8662280701754822,9,3,159.28199057221573,SL,2023-01-12 10:30:00+00:00,-13.800942778425451,-447.4748681762776,60,False
2023-01-12 11:30:00+00:00,2,GBP_JPY,LONG,159.112,158.9811682856925,159.57034293541844,159.68169887154974,159.90441074381232,3386.03,2,LONDON,2.5,0.19366342861502955,49.59205462822022,24.9275974918491,159.91171703069162,160.34185330772092,-48.734293541843954,False,-0.041837721532316685,13.249455581223678,-82.8717030691621,0.7411764705883179,11,3,158.9811682856925,SL,2023-01-12 12:00:00+00:00,-13.08317143075044,-443.00010959663916,30,False
2023-01-12 12:15:00+00:00,2,GBP_JPY,LONG,158.883,158.73131130600086,159.46611180774286,159.6078683534669,159.89138144491497,2891.25,2,LONDON,2.5,0.19937738799826,55.742645927346025,22.95659828415286,159.80864821934128,160.30229393526074,-61.21118077428491,False,-0.05164611943938188,11.266178244554501,-95.46482193412658,0.6986301369861911,12,3,158.73131130600086,SL,2023-01-12 12:30:00+00:00,-15.168869399914795,-438.56993652503655,15,False
2023-01-13 12:45:00+00:00,2,GBP_JPY,LONG,156.52,156.34092428649606,156.89633653293237,156.99095521918332,157.1801925916852,2424.59,2,LONDON,2.5,0.1881514270078664,32.74518115495641,29.529494043583,157.19019244221954,158.53075140909903,-40.53365329323526,False,-0.02421319573834782,36.81016430527757,-69.91924422195268,0.7945619335346998,12,4,156.34092428649606,SL,2023-01-13 13:30:00+00:00,-17.907571350394846,-434.1851842045384,45,False
2023-01-20 10:00:00+00:00,2,GBP_JPY,SHORT,160.038,160.18604800752865,159.6392514635392,159.54698588474255,159.36245472714924,2903.4,2,LONDON,2.5,0.1680960150573249,34.66690047253596,72.56182164885082,159.4700150116296,158.92971860979088,42.77485364607969,False,0.03713367885936196,82.79946785470314,59.69849883703944,0.8717201166180499,10,4,160.18604800752865,SL,2023-01-20 10:45:00+00:00,-14.804800752864367,-429.84258505866404,45,False
2023-01-20 10:45:00+00:00,2,GBP_JPY,SHORT,160.27,160.43245698707742,159.75473619631094,159.62957656104646,159.37925729051747,2619.43,2,LONDON,2.5,0.18891397415485994,34.01303552652629,77.19682369817907,159.54760721067476,158.96588781970692,54.42638036890628,False,0.06701540770057704,91.44679874530964,75.13927893252514,0.7754237288135614,10,4,160.43245698707742,SL,2023-01-20 11:30:00+00:00,-16.24569870774053,-425.5447056601677,45,False
2023-01-20 12:30:00+00:00,2,GBP_JPY,SHORT,160.828,160.97280057203483,160.0103720608308,159.80152808133238,159.3838401223355,2909.44,2,LONDON,2.5,0.18360114406968048,48.42327782761907,85.33598998230104,159.78750794780942,159.07089690344193,84.66279391691955,False,0.07786093908691466,93.56510595683692,106.94920521905829,0.8743961352657834,12,4,160.97280057203483,SL,2023-01-20 13:30:00+00:00,-14.480057203482488,-421.2885763010009,60,False
2023-02-02 12:00:00+00:00,2,GBP_JPY,LONG,158.48499999999999,158.29934596532846,159.05035015967553,159.1945207381673,159.48286189515085,2246.52,2,LONDON,2.5,0.20730806934307214,43.07542099409251,25.02425298034676,159.13990964539008,159.70815886333517,-59.43501596755425,False,-0.06174176836876853,19.79479587086897,-68.39096453900879,0.27695560253699897,12,3,158.29934596532846,SL,2023-02-02 12:15:00+00:00,-18.56540346715292,-417.07550197028377,15,False
2023-02-06 14:15:00+00:00,2,GBP_JPY,SHORT,159.708,159.90510887150015,159.19423205187968,159.06356581350136,158.80223333674468,2094.81,2,OVERLAP,2.5,0.17621774300029142,55.43236061143559,71.92319208205629,159.0837583945322,158.60077879858255,54.276794812031426,False,0.0525192684728831,76.55811782784228,65.32416054677981,0.584745762711841,14,0,159.90510887150015,SL,2023-02-06 15:00:00+00:00,-19.710887150014855,-412.9056351072262,45,False
2023-02-07 09:45:00+00:00,2,GBP_JPY,LONG,158.262,158.14391553267095,158.52514966271,158.57933389738224,158.68770236672677,3461.73,2,LONDON,2.5,0.1721689346580866,69.82156110996151,23.388052350166106,159.0649419478824,158.95282595006867,-29.214966270998843,False,-0.058035168769705076,10.215189056652143,-83.19419478823988,0.9842931937172027,9,1,158.14391553267095,SL,2023-02-07 10:30:00+00:00,-11.808446732905509,-408.7765430870099,45,False
2023-02-07 13:15:00+00:00,2,GBP_JPY,LONG,158.087,157.96611419781476,158.37931018756183,158.45878705700326,158.61774079588614,3347.69,3,OVERLAP,2.5,0.15777160437047735,57.16131450134793,29.611603212036172,158.71512961841816,158.86137525232252,-32.131018756183494,False,0.013703108609215753,5.7240091502652435,-65.71296184181676,0.5416666666666948,13,1,157.96611419781476,SL,2023-02-07 13:30:00+00:00,-12.088580218522793,-404.6881911174657,15,False
2023-02-07 14:00:00+00:00,2,GBP_JPY,LONG,157.933,157.77741668826494,158.32482506249744,158.42448097744918,158.62379280735263,2575.09,2,OVERLAP,2.5,0.157166623470094,61.23840916315437,28.059899830026282,158.62717330798324,158.83407341822084,-42.082506249744256,False,-0.006325661812529471,12.666243728440142,-72.31733079832452,0.538922155688638,14,1,157.77741668826494,SL,2023-02-07 15:45:00+00:00,-15.558331173505735,-400.64103021582883,105,False
2023-02-07 15:45:00+00:00,2,GBP_JPY,LONG,157.652,157.49701020881233,158.22927559062765,158.3437545819483,158.5727125645896,2559.11,2,OVERLAP,2.5,0.17597958237538391,54.60396812603989,26.75762931737134,158.46501132485085,158.77573376230862,-60.62755906276607,False,-0.0065530973414480165,25.830815272162692,-84.20113248508585,0.7129032258064582,15,1,157.49701020881233,SL,2023-02-07 18:30:00+00:00,-15.498979118765988,-396.63592452625227,165,False
2023-02-09 15:00:00+00:00,2,GBP_JPY,SHORT,159.266,159.38378895502734,158.93915569846857,158.86434875223924,158.71473485978058,3333.66,3,OVERLAP,2.5,0.15757791005464247,22.442281539018165,72.66060223354816,158.89835738702024,158.63359130573403,35.584430153141966,False,0.012362650778478104,87.48820939731894,39.66426129797469,0.952830188679158,15,3,159.38378895502734,SL,2023-02-09 16:00:00+00:00,-11.778895502735054,-392.66832781647736,60,False
2023-02-09 16:00:00+00:00,2,GBP_JPY,SHORT,159.366,159.48061399793144,158.99724832708029,158.9076586040122,158.72847915787602,3391.75,2,OVERLAP,2.5,0.14522799586293753,27.08139424243293,74.14758235521693,158.9592864121926,158.6600588203878,39.77516729197248,False,0.02658102738848024,92.90477546038592,43.57135878074132,0.6666666666669036,16,3,159.48061399793144,SL,2023-02-09 19:45:00+00:00,-11.461399793142844,-388.74202748392247,225,False
2023-02-13 09:00:00+00:00,2,GBP_JPY,SHORT,159.614,159.71690005574206,159.52178264506213,159.50158734954553,159.46119675851236,3740.08,2,LONDON,2.5,0.13380011148411827,61.42793320444617,74.78792232298274,159.03804824972366,158.82819807416809,12.1217354937869,False,0.009388087650997745,85.48041014964933,60.49517502763422,0.6337209302326205,9,0,159.71690005574206,SL,2023-02-13 09:15:00+00:00,-10.290005574205452,-384.85444047974323,15,False
2023-02-13 11:30:00+00:00,2,GBP_JPY,SHORT,159.95000000000002,160.0783694179735,159.6212114598743,159.56763685886344,159.46048765684168,2968.05,2,LONDON,2.5,0.14673883594700088,61.79591488841822,76.97723520395496,159.2540365008832,158.91010414062967,35.77885401257106,False,0.004130971245493054,78.99776890623598,72.4963499116825,0.8911290322581135,11,0,160.0783694179735,SL,2023-02-13 12:00:00+00:00,-12.8369417973488,-381.0068510162111,30,False
2023-02-13 15:00:00+00:00,2,GBP_JPY,SHORT,160.921,161.08945547472592,160.06303394088508,159.86521739277154,159.4695842965445,2239.14,2,OVERLAP,2.5,0.1829109494518837,82.73615555918589,85.57542461042021,159.76118851689455,159.10663244485983,88.69660591149113,False,0.02966483882664317,80.1977740652896,118.88114831054395,0.7588495575221033,15,0,161.08945547472592,SL,2023-02-13 15:45:00+00:00,-16.845547472593125,-377.1953916778217,45,False
2023-02-13 15:45:00+00:00,2,GBP_JPY,SHORT,161.138,161.26646198176854,160.16498163122077,159.93871742566103,159.48618901454154,2906.88,2,OVERLAP,2.5,0.18692396353709428,86.18595388186502,81.44998225441856,159.89845908303843,159.16174038920641,100.20183687792326,False,0.04471532477648771,86.39823924226242,126.85409169615696,0.9163179916317579,15,0,161.138,TP1+SL,2023-02-14 10:00:00+00:00,48.6509184389618,1414.223817918493,1095,True
2023-02-14 10:00:00+00:00,2,GBP_JPY,SHORT,161.199,161.34751025394394,160.67897578224452,160.57539067481292,160.36822045994973,2609.69,2,LONDON,2.5,0.17302050788789866,58.04844503025283,79.13838358003765,160.4896821589102,159.88407909201234,54.90242177554876,False,0.08616591121875315,92.7938275348596,73.83178410898097,0.8800000000000333,10,1,161.34751025394394,SL,2023-02-14 10:30:00+00:00,-14.851025394392536,-387.5657246149226,30,False
2023-02-22 08:30:00+00:00,2,GBP_JPY,LONG,162.906,162.78361155412784,163.03173873069642,163.06307705033512,163.12575368961257,3135.02,2,LONDON,2.5,0.13277689174428775,37.17227385967409,28.1239573487927,163.23645341536792,162.55284582278853,-15.473873069640831,False,-0.03274834693401438,13.038062783010375,-35.94534153679092,0.6941747572815943,8,2,162.78361155412784,SL,2023-02-22 08:45:00+00:00,-12.238844587216134,-383.69022557814327,15,False
2023-02-23 09:15:00+00:00,2,GBP_JPY,LONG,162.142,161.9970065207892,162.407497449887,162.47273974248185,162.60322432767157,2619.8,2,LONDON,2.5,0.10998695842160375,48.45609204828103,20.23424530083591,162.54726930815787,162.5785955407474,-29.449744988698967,False,-0.05287439251884999,6.764689135354073,-43.42693081578659,0.6756756756756817,9,3,162.60322432767157,TP3,2023-02-23 12:15:00+00:00,31.76912839628812,832.2876257259563,180,True
2023-02-24 15:00:00+00:00,2,GBP_JPY,SHORT,162.852,162.98162828325601,162.48303742493584,162.3996442078184,162.23285777358348,2994.54,3,OVERLAP,2.5,0.19125656651205847,21.989272288882557,70.72967896661153,162.30979487252117,162.27836593057677,39.7962575064156,False,0.02423569324613714,81.11134647611505,57.12051274788337,0.7589285714285511,15,4,162.98162828325601,SL,2023-02-24 15:15:00+00:00,-12.962828325601095,-388.177079341455,15,False
2023-02-27 15:15:00+00:00,2,GBP_JPY,SHORT,163.939,164.05841764675807,163.28290192194686,163.15095260083302,162.88705395860532,3218.08,2,OVERLAP,2.5,0.16283529351613232,46.9765621830076,73.80085056336532,163.1833151559862,162.75175464513686,68.50980780531302,False,0.03812491457340439,74.8719503233417,78.46848440137819,0.9218106995884533,15,0,164.05841764675807,SL,2023-02-27 17:15:00+00:00,-11.941764675808031,-384.29554067924306,120,False
2023-02-28 08:30:00+00:00,2,GBP_JPY,SHORT,164.824,164.9868474097914,164.64123728735908,164.60656656960592,164.5372251340996,2336.25,2,LONDON,2.5,0.1356948195828116,48.661571268501866,81.97158876912323,164.19847637507436,163.4823148704171,21.176271264093316,False,0.06766544374347946,84.5665552243761,65.45236249256448,0.6830466830467142,8,1,164.9868474097914,SL,2023-02-28 08:45:00+00:00,-16.284740979139656,-380.4522611251502,15,False
2023-03-01 10:15:00+00:00,2,GBP_JPY,LONG,163.649,163.36042423017727,164.0456951628289,164.1375309130003,164.3212024133431,1305.19,2,LONDON,2.5,0.17305051321516338,44.98443323833153,28.888507555252417,164.13180754284605,164.0312821890569,-42.56951628289016,False,-0.06351727158153611,27.344652473960497,-51.18075428460429,0.7216494845361285,10,2,163.36042423017727,SL,2023-03-01 10:30:00+00:00,-28.8575769822728,-376.6462090149264,15,False
2023-03-01 11:00:00+00:00,2,GBP_JPY,LONG,163.134,162.99435259155726,163.89233640999583,164.0608217947332,164.39779256420792,2670.16,2,LONDON,2.5,0.22129481688546573,59.568515939651704,27.267575847607617,164.03450171961236,164.00885994149937,-78.73364099958451,False,-0.1086541204926312,15.39461150376935,-92.95017196123752,0.9924812030075542,11,2,162.99435259155726,SL,2023-03-01 11:15:00+00:00,-13.964740844272683,-372.88092412743146,15,False
2023-03-08 13:15:00+00:00,2,GBP_JPY,LONG,162.129,161.9292940808301,162.6281479658139,162.71142562551248,162.8779809449096,1848.48,2,OVERLAP,2.5,0.16141183833979497,37.858467844874376,29.15722889229582,162.61962668203853,162.89821579737642,-52.814796581390056,False,-0.05335890739404012,22.921995918030934,-51.96266820385347,0.6966292134831619,13,2,161.9292940808301,SL,2023-03-08 14:15:00+00:00,-19.970591916990088,-369.1523974671784,60,False
2023-03-10 09:30:00+00:00,2,GBP_JPY,SHORT,163.729,163.96421494319657,163.05970837168513,162.8956335094273,162.56748378491167,1553.73,2,LONDON,2.5,0.25042988639315894,39.39452451203868,71.0411227845565,162.78079971037965,162.52655099168564,69.82916283148768,False,0.04932435657170947,95.01321779131517,97.7200289620356,0.7917737789203425,9,4,163.96421494319657,SL,2023-03-10 09:45:00+00:00,-23.52149431965529,-365.4605136927801,15,False
2023-03-13 09:15:00+00:00,2,GBP_JPY,LONG,161.23,161.05560049451546,162.14034928975596,162.35597315929184,162.78722089836356,2074.58,2,LONDON,2.5,0.2907990109690543,50.611447309453425,26.112491330296606,162.4664993677092,162.57528395968484,-93.93492897559668,False,-0.1656908727588847,4.554128982226213,-126.54993677091966,0.9521531100478458,9,0,161.05560049451546,SL,2023-03-13 09:30:00+00:00,-17.439950548452998,-361.8057260880962,15,False
2023-03-14 13:00:00+00:00,2,GBP_JPY,SHORT,163.586,163.86996396579684,163.13418691277033,163.02602586844324,162.80970377978903,1261.39,3,OVERLAP,2.5,0.2599279315936623,23.204294427687135,70.4406515876766,162.8099706453931,162.44553597361997,48.08130872296772,False,0.041584016785135736,68.55670103092821,80.50293546069156,0.6071428571429098,13,1,163.86996396579684,SL,2023-03-14 13:15:00+00:00,-28.396396579682914,-358.18930681646236,15,False
2023-03-15 10:00:00+00:00,2,GBP_JPY,LONG,162.061,161.89073211273174,163.1600793129722,163.41859168422445,163.93561642672898,2082.64,2,LONDON,2.5,0.27453577453651273,56.78145379800198,19.27157708756019,163.38077967034923,162.9899559137339,-112.80793129721758,False,-0.20195571704472015,6.452437109561717,-134.87796703492165,0.9690909090908655,10,2,161.89073211273174,SL,2023-03-15 10:15:00+00:00,-17.02678872682668,-354.60671274038316,15,False
2023-03-16 13:15:00+00:00,2,GBP_JPY,LONG,159.034,158.47144239201563,160.01164717562995,160.22532038237003,160.6526667958502,624.04,2,OVERLAP,2.5,0.35570507198956836,42.63538128510163,28.770396070733923,160.20581426220906,161.2458583159602,-100.66471756299507,False,-0.08265405252531735,32.01557395137028,-120.08142622090645,0.41234221598877085,13,3,160.6526667958502,TP3,2023-03-16 14:45:00+00:00,114.85857410220203,716.7634458273816,90,True
2023-03-17 12:15:00+00:00,2,GBP_JPY,LONG,160.43,160.24064245644476,161.33629968570764,161.53029031508208,161.918271573831,1891.81,2,LONDON,2.5,0.2667150871104824,37.28790192442256,29.132691426908664,161.41217029675153,161.38446620428118,-93.52996857076334,False,-0.10643938984149379,21.350103364431703,-101.11702967515157,0.8297491039426521,12,4,160.24064245644476,SL,2023-03-17 12:30:00+00:00,-18.935754355524637,-358.22849447325063,15,False
2023-03-21 09:45:00+00:00,2,GBP_JPY,SHORT,161.94,162.07982504079914,161.77835569900316,161.7373426266814,161.6553164820379,2536.35,2,LONDON,2.5,0.17765008159827086,50.99919816025008,71.07080717098916,161.2803505798078,161.07332019794862,19.064430099683705,False,0.05718380402887363,72.6526526526499,68.86494201922062,0.8404907975459588,9,1,162.07982504079914,SL,2023-03-21 10:00:00+00:00,-13.982504079913838,-354.6452422308946,15,False
2023-03-22 10:00:00+00:00,2,GBP_JPY,SHORT,162.955,163.16821306667353,162.68834863970102,162.63406930611416,162.52551063894043,1646.7,2,LONDON,2.5,0.2104261333471128,57.30282366371769,70.52036483630464,162.17980276268736,161.6343112953363,29.56513602989901,False,0.04479334692873277,83.41421617462022,80.41972373126498,0.5635359116022395,10,2,163.16821306667353,SL,2023-03-22 10:15:00+00:00,-21.321306667351788,-351.09795689128197,15,False
2023-03-24 09:30:00+00:00,2,GBP_JPY,LONG,158.698,158.49934632975393,159.2504651552354,159.335539591546,159.50568846416724,1749.72,2,LONDON,2.5,0.3073073404920973,40.11882715581593,26.94620763613264,160.0107117323676,160.85041735241725,-58.1465155235378,False,-0.09002747671878342,22.27414380909983,-134.17117323675996,0.9489436619717885,9,4,158.49934632975393,SL,2023-03-24 09:45:00+00:00,-19.865367024607394,-347.5882999029605,15,False
2023-03-29 12:45:00+00:00,2,GBP_JPY,SHORT,163.38400000000001,163.5725283691954,162.83012492332358,162.68969300687252,162.4088291739704,1825.25,2,LONDON,2.5,0.19905673839074056,47.95057675804725,70.86925713008101,162.5281389690103,161.6913329920915,58.28750766764301,False,0.043999130192339364,67.2236737324245,88.48610309896969,0.7142857142856829,12,2,163.5725283691954,SL,2023-03-29 19:30:00+00:00,-18.85283691953816,-344.1114058738703,405,False
2023-03-30 09:00:00+00:00,2,GBP_JPY,SHORT,163.94,164.0699524729604,163.71254276893345,163.66637526341773,163.57404025238628,2621.5,2,LONDON,2.5,0.17190494592082822,36.514838802916024,77.17208692602156,163.3274028078202,162.5971522945121,25.645723106654827,False,0.06655932529055086,83.98896364553879,64.15971921798018,0.9387755102040225,9,3,163.57404025238628,TP3,2023-03-30 10:45:00+00:00,26.439123547912548,693.1016238085274,105,True
2023-04-04 08:45:00+00:00,2,GBP_JPY,SHORT,165.762,165.88105062562852,165.57399658492167,165.52567502473505,165.42903190436178,2919.78,2,LONDON,2.5,0.17010125125702377,58.74291382671079,82.9540460137257,164.80786982126543,164.36662994445538,21.700341507832377,False,0.08437467091038825,93.18534412159818,98.31301787345694,0.7201834862386164,8,1,165.88105062562852,SL,2023-04-04 09:00:00+00:00,-11.905062562851754,-347.60163569763296,15,False
2023-04-04 14:00:00+00:00,2,GBP_JPY,LONG,165.011,164.65735689670117,165.81169077403203,165.94703664198835,166.217728377901,973.09,2,OVERLAP,2.5,0.21642873553255584,51.411838279809665,28.64131311922202,165.416513973825,164.66240137743054,-82.96907740320307,False,-0.14237258103872313,20.350039422202066,-43.451397382500545,0.8760806916426719,14,1,164.65735689670117,SL,2023-04-04 15:15:00+00:00,-35.36431032988219,-344.1265673890506,75,False
2023-04-04 15:15:00+00:00,2,GBP_JPY,LONG,164.652,164.27038221564464,165.5541389055746,165.76055160712983,166.17337701024027,892.74,2,OVERLAP,2.5,0.2350785229035686,64.50728810778355,27.909731163416893,165.30493365067994,164.66927205900222,-93.11389055746133,False,-0.15495669134906753,15.478761699063469,-68.19336506799516,0.9441860465116266,15,1,164.27038221564464,SL,2023-04-04 16:00:00+00:00,-38.16177843553418,-340.6854608053879,45,False
2023-04-05 14:00:00+00:00,2,GBP_JPY,LONG,163.111,162.87692579416165,163.76021181297324,163.87603360149254,164.1076771785311,1440.9,2,OVERLAP,2.5,0.23814841167670212,45.75872446848986,26.14006335054917,164.01438466554347,164.37993023664674,-67.82118129732453,False,-0.06148757249152237,22.95487613385639,-93.23846655434807,0.8174603174603448,14,2,162.87692579416165,SL,2023-04-05 14:30:00+00:00,-23.407420583833982,-337.2775231924639,30,False
2023-04-07 12:15:00+00:00,2,GBP_JPY,LONG,163.527,163.40176405595025,163.7422684164665,163.79494800462498,163.900307180942,2666.21,2,LONDON,2.5,0.10047188809950353,44.46215629401229,27.593935583558633,163.82483560048004,163.8414657006584,-24.426841646649677,False,-0.02208618910118791,62.344132722484964,-32.68356004800523,0.7422680412371496,12,4,163.900307180942,TP3,2023-04-07 12:30:00+00:00,25.741208699330254,686.3146804624132,15,True
2023-04-10 14:00:00+00:00,2,GBP_JPY,SHORT,165.234,165.36182638584341,164.63491487271463,164.51753737130053,164.2827823684723,2665.87,2,OVERLAP,2.5,0.18365277168683647,45.640628718012024,75.5853907439393,164.53774311366587,164.19511899789492,62.80851272853738,False,0.05393903318765168,97.02412479658796,72.52568863341367,0.8796296296295858,14,0,165.36182638584341,SL,2023-04-10 14:30:00+00:00,-12.782638584340589,-340.7685272283604,30,False
2023-04-12 12:30:00+00:00,2,GBP_JPY,LONG,165.557,165.2973793392147,165.92571753675898,165.99738215771822,166.14071139963667,1299.44,2,LONDON,2.5,0.15924132157059068,43.563255141407865,24.59027281455745,166.06003284863522,165.6530145931882,-39.771753675898935,False,-0.032656804904706765,35.54912541383474,-53.203284863522526,0.596715328467148,12,2,165.9052027440291,TP1+TP2+SL,2023-04-12 13:45:00+00:00,39.072293518524646,507.7210108971167,75,True
2023-04-26 08:45:00+00:00,2,GBP_JPY,SHORT,166.605,166.7237815096015,166.41070645844016,166.35759263661404,166.25136499296184,2882.92,2,LONDON,2.5,0.16956301920296984,55.38451038889485,71.1398696080822,166.1148776069005,166.52427750154496,22.329354155982628,False,0.03750486233180084,80.99969606769842,51.91223930994795,0.7619047619046492,8,2,166.25136499296184,TP3,2023-04-26 10:00:00+00:00,23.678459902071868,682.6310562088103,75,True
2023-04-27 15:15:00+00:00,2,GBP_JPY,SHORT,167.274,167.40315460317163,166.79053894273164,166.67289793373425,166.43761591573943,2704.23,2,OVERLAP,2.5,0.17430920634325173,56.98210422596907,72.29113483907597,166.7628262228709,166.62533215735044,51.24610572683537,False,0.06530209160911574,88.22467774041752,54.01737771290982,0.7872340425531701,15,3,167.40315460317163,SL,2023-04-27 20:30:00+00:00,-12.915460317162795,-349.2637525348115,315,False
2023-04-28 13:45:00+00:00,2,GBP_JPY,SHORT,170.215,170.3888123800215,169.472494592564,169.2994956500845,168.95349776512555,1989.34,2,OVERLAP,2.5,0.23362476004300897,66.4104710907555,76.45992493960959,168.89446384115138,167.61302225267667,77.15054074359955,False,0.016964204070209654,91.0152310250171,134.9536158848622,0.788927335640203,13,4,170.3888123800215,SL,2023-04-28 14:00:00+00:00,-17.38123800215021,-345.771920071975,15,False
2023-05-05 12:30:00+00:00,2,GBP_JPY,SHORT,169.639,169.79943789119633,169.20754306139716,169.14125811323314,169.00868821690509,2133.62,2,LONDON,2.5,0.17087578239268872,25.013714002456673,71.96387485486323,169.06161186628813,169.21792065000085,46.04569386028459,False,0.014033631138022279,35.22351457080416,60.63881337118744,0.924590163934437,12,4,169.79943789119633,SL,2023-05-05 13:30:00+00:00,-16.04378911963238,-342.31349341430035,60,False
2023-05-08 14:45:00+00:00,2,GBP_JPY,LONG,170.379,170.1401678982273,170.72847972538466,170.80960407760838,170.97185278205583,1418.95,2,OVERLAP,2.5,0.14566420354535498,35.933643560808605,28.66573111188498,170.6332935361608,170.07253764123686,-37.84797253846648,False,-0.06598211405991838,12.363187341598243,-28.32935361608122,0.5255972696245496,14,0,170.1401678982273,SL,2023-05-09 01:45:00+00:00,-23.883210177268666,-338.89081081035374,660,False
2023-05-10 14:15:00+00:00,2,GBP_JPY,LONG,169.789,169.453468264045,170.34503414573675,170.45130627115688,170.66385052199718,999.91,2,OVERLAP,2.5,0.22106347190996603,50.95176487103036,26.759126771826644,170.50774210147486,170.4459484197222,-58.50341457367563,False,-0.07187623512610664,38.029055105672875,-74.774210147487,0.610091743119301,14,2,169.453468264045,SL,2023-05-10 17:00:00+00:00,-33.55317359549871,-335.5015380987512,165,False
2023-05-11 13:45:00+00:00,2,GBP_JPY,LONG,167.993,167.69979595433978,168.8902280070476,169.10239875866077,169.52674026188714,1132.82,2,OVERLAP,2.5,0.2684080913204628,27.401936893100032,22.82906306569751,169.10100094228957,169.72734220877177,-92.62280070475981,False,-0.11530846396645572,16.37890755818267,-113.70009422895748,0.8042704626334318,13,3,169.01556482535108,TP1+TP2+SL,2023-05-12 07:45:00+00:00,99.02882928577343,1121.8183839150984,1080,True
2023-05-16 13:30:00+00:00,2,GBP_JPY,SHORT,170.785,170.92602817026784,170.2253926907702,170.1667075352648,170.049337224254,2434.73,2,OVERLAP,2.5,0.1960563405356804,26.71633517937618,71.01405510186086,170.19350171292564,169.89461729145916,58.86073092297863,False,0.04711815265710835,79.78561633090794,62.049828707435495,0.8854545454545176,13,1,170.19859533346118,TP1+TP2+SL,2023-05-16 20:00:00+00:00,58.41667172530336,1422.2882314974786,390,True
2023-05-17 12:30:00+00:00,2,GBP_JPY,SHORT,170.883,171.00323423278616,170.4824433348688,170.39540536834633,170.2213294353014,2974.09,2,LONDON,2.5,0.14646846557231025,37.56336972538635,72.55718490196955,170.45070059863107,170.19713043789272,42.95566651312015,False,0.04418793178167753,60.61453680715416,46.12994013689331,0.9240506329113879,12,2,171.00323423278616,SL,2023-05-17 12:45:00+00:00,-12.023423278614587,-357.5874293869486,15,False
2023-05-17 15:15:00+00:00,2,GBP_JPY,SHORT,171.514,171.67950676983617,170.83266129648914,170.66867636050173,170.34070648852696,2138.96,2,OVERLAP,2.5,0.16301353967233112,50.98899951932816,79.47769171871361,170.7207230495017,170.30116250529008,71.0338703510871,False,0.04484112470164364,88.33073423158642,82.22769504983205,0.7835820895522665,15,2,171.67950676983617,SL,2023-05-17 15:30:00+00:00,-16.550676983615627,-354.0123604087449,15,False
2023-05-17 16:30:00+00:00,2,GBP_JPY,SHORT,171.769,171.88511786586835,170.9051599331071,170.69642806241265,170.27896432102378,3018.24,2,OVERLAP,2.5,0.15823573173670202,62.98682867425595,79.17693617954512,170.89182040302907,170.3675251427694,89.28400668929157,False,0.041251091484799385,93.43767504199057,90.61795969709294,0.7202380952381234,16,2,171.88511786586835,SL,2023-05-17 16:45:00+00:00,-11.611786586834683,-350.4715874784791,15,False
2023-05-19 10:15:00+00:00,2,GBP_JPY,SHORT,171.901,172.14249639523214,171.52724636382928,171.4538672224164,171.30710893959062,1436.74,2,LONDON,2.5,0.14166426348808842,44.012649514499785,71.01465016574645,171.6362274167098,171.4531361234356,40.27536361707291,False,0.06050514796059248,87.40990222624724,29.377258329020606,0.8344827586207768,10,4,172.14249639523214,SL,2023-05-19 11:30:00+00:00,-24.149639523213295,-346.9675308858147,75,False
2023-05-22 11:15:00+00:00,2,GBP_JPY,SHORT,171.987,172.09793223799687,171.62004417218733,171.53384179340387,171.36143703583696,3096.46,2,LONDON,2.5,0.1358644759937264,51.42102038865167,70.5704956686397,171.61406823897357,171.59220615322906,39.59558278126565,False,0.05369408237714022,80.91129476019715,40.193176102641814,0.7954545454545234,11,0,172.09793223799687,SL,2023-05-22 11:30:00+00:00,-11.093223799687735,-343.49723766781085,15,False
2023-05-22 12:30:00+00:00,2,GBP_JPY,SHORT,172.464,172.57397163838462,171.8585554702267,171.7057882173596,171.40025371162542,3092.27,2,LONDON,2.5,0.15194327676923486,71.66337705821581,78.69999189207994,171.74432317285397,171.6281613821927,63.44445297733046,False,0.08299948785312078,93.72161040536152,74.86768271460278,0.7234042553192218,12,0,171.82033972807875,TP1+TP2+SL,2023-05-22 14:15:00+00:00,66.4645429598977,2055.2631225860287,105,True
2023-05-29 12:30:00+00:00,2,GBP_JPY,LONG,173.011,172.9018625059582,173.1830460941086,173.23195006169337,173.32975799686292,3304.23,2,LONDON,2.5,0.09627498808359283,43.0063961273048,26.91048701140687,173.3097886584597,173.03457251123612,-20.104609410859098,False,-0.002952014494558869,20.204659918089426,-32.77886584596956,0.6641791044775296,12,0,173.32975799686292,TP3,2023-05-29 15:00:00+00:00,21.116926817641684,697.7518309865618,150,True
2023-06-05 11:15:00+00:00,2,GBP_JPY,LONG,173.749,173.65069420155478,173.92146214818385,173.9684147712154,174.06232001727855,3739.28,2,LONDON,2.5,0.11861159689044595,48.307488670338394,24.3185475906662,174.04150244302986,173.97730659425517,-20.146214818385033,False,-0.018868584530552332,24.894205037683765,-32.1502443029857,0.6330935251798958,11,0,173.65069420155478,SL,2023-06-05 11:45:00+00:00,-9.830579844521026,-367.5929060102058,30,False
2023-06-05 12:00:00+00:00,2,GBP_JPY,LONG,173.64,173.54718701195912,173.8890669594393,173.9482783271805,174.06670106266293,3920.97,2,LONDON,2.5,0.12162597608174462,57.79015672967037,20.010952170969716,174.0000664368909,173.9684098333831,-27.80669594393146,False,-0.022715404250269328,11.168421542785469,-38.906643689091425,0.48823529411767363,12,0,173.54718701195912,SL,2023-06-05 12:30:00+00:00,-9.281298804086191,-363.9169417185783,30,False
2023-06-05 12:30:00+00:00,2,GBP_JPY,LONG,173.454,173.25988573990352,173.8509375547524,173.92756504580143,174.08082002789948,1856.01,2,LONDON,2.5,0.1322285201929333,65.01205768950672,15.522851148622792,173.9633454498174,173.9596099059876,-42.59375547523803,False,-0.032505183663806045,10.078648032799995,-53.834544981739896,0.6320754716980685,12,0,173.25988573990352,SL,2023-06-05 13:45:00+00:00,-19.411426009648377,-360.2780078816749,75,False
2023-06-05 13:45:00+00:00,2,GBP_JPY,LONG,173.333,173.17854273056986,173.7284663752975,173.8318137654652,174.03850854580057,2309.21,2,OVERLAP,2.5,0.14091453886028799,65.72106923142162,25.332852994989523,173.8673022825631,173.93402910886192,-42.446637529749864,False,-0.025686690776223403,35.10888234446785,-56.3302282563086,0.7979452054794617,13,0,173.17854273056986,SL,2023-06-05 14:00:00+00:00,-15.445726943013936,-356.67427114077213,15,False
2023-06-07 11:30:00+00:00,2,GBP_JPY,SHORT,173.662,173.79746350943762,173.37897194588427,173.30207586474978,173.14828370248077,2606.66,2,LONDON,2.5,0.13092701887523608,50.102533827631284,73.7862182554659,173.24688894335296,173.40082186563902,31.202805411572854,False,0.048288670263684635,76.22960152956108,44.411105664704564,0.6526315789473511,11,2,173.79746350943762,SL,2023-06-07 11:45:00+00:00,-13.546350943761356,-353.1073115106497,15,False
2023-06-07 14:15:00+00:00,2,GBP_JPY,SHORT,174.161,174.30147189884056,173.67472152165286,173.55080051598293,173.30295850464304,2488.59,2,OVERLAP,2.5,0.1569437976810718,54.25966513257344,75.48681232642289,173.4779107097058,173.45156963094504,51.52784783471418,False,0.021276433870582145,72.79373367696819,71.20892902941875,0.7058823529412046,14,2,174.30147189884056,SL,2023-06-07 15:30:00+00:00,-14.04718988405591,-349.57696273562703,75,False
2023-06-12 12:15:00+00:00,2,GBP_JPY,LONG,174.877,174.68630217006142,175.22668315512712,175.31275604297454,175.48490181866936,1814.81,2,LONDON,2.5,0.1433956598771985,37.30332996883101,29.76795124675681,175.25991245584316,174.95203047416544,-37.86831551271064,False,-0.03000116718273481,61.763138543796664,-41.191245584315084,0.7407407407406965,12,0,174.68630217006142,SL,2023-06-12 12:45:00+00:00,-19.069782993858553,-346.0803287508444,30,False
2023-06-14 10:30:00+00:00,2,GBP_JPY,SHORT,177.08,177.19596660443648,176.82821156047967,176.7644203526248,176.63683793691501,2954.47,2,LONDON,2.5,0.10793320887297539,44.70573811610317,72.04907003110446,176.66789962670515,175.92323030852296,28.078843952033594,False,0.040929477276086174,94.62245158456416,44.11003732948586,0.7062937062936966,10,2,177.08,TP1+SL,2023-06-14 12:45:00+00:00,12.589421976016979,371.9506954548288,135,True
2023-06-16 16:45:00+00:00,2,GBP_JPY,SHORT,181.918,182.05965230011523,181.015633814722,180.78696280158792,180.32962077531977,2445.0,2,OVERLAP,2.5,0.20930460023044434,32.85453760771557,77.09955393694662,180.7982081390317,179.19173506058203,93.13661852779944,False,0.023137218930587067,91.9603299379334,114.87918609683163,0.8461538461539073,16,4,182.05965230011523,SL,2023-06-18 22:00:00+00:00,-14.165230011522567,-346.33987378172674,3195,False
2023-06-20 10:30:00+00:00,2,GBP_JPY,LONG,180.56,180.3629079124687,180.96162956158582,181.05947444451198,181.25516421036428,1739.68,2,LONDON,2.5,0.21418417506259274,56.11701998614722,29.499546603513522,181.29079616472916,181.05806059474597,-43.062956158581756,False,-0.06149394034639713,11.43733118563196,-75.97961647291527,0.7305194805194793,10,1,180.3629079124687,SL,2023-06-20 11:15:00+00:00,-19.70920875313027,-342.8771628364567,45,False
2023-06-21 10:30:00+00:00,2,GBP_JPY,LONG,180.057,179.8071520437924,180.58294785778628,180.71881812122984,180.99055864811695,1358.62,2,LONDON,2.5,0.21969591241520592,43.07426259404488,29.20445471502012,180.6855312055059,180.7574959111783,-55.49478577862885,False,-0.09959810447820644,19.64168800818368,-65.75312055059044,0.8722222222223174,10,2,180.99055864811695,TP3,2023-06-21 14:15:00+00:00,63.464406854113946,862.2401244013629,225,True
2023-06-28 13:00:00+00:00,2,GBP_JPY,LONG,182.329,182.17405271767893,182.87152087706954,183.0040418673958,183.26908384804835,2246.38,2,OVERLAP,2.5,0.1858945646421542,53.049340873611634,27.440918656182433,183.0235729892788,182.92253187473563,-57.152087706953125,False,-0.05189011272906713,18.9816270289747,-72.35729892787788,0.7934782608695137,13,2,182.17405271767893,SL,2023-06-28 14:45:00+00:00,-15.49472823210749,-348.0704760604163,105,False
2023-06-30 14:30:00+00:00,2,GBP_JPY,SHORT,183.671,183.79735386965535,183.11044442733876,182.9844331431271,182.73241057470378,2727.18,2,OVERLAP,2.5,0.17870773931073103,63.34146233303579,73.71828381872811,182.95738480314236,182.7380830559214,58.95555726612258,False,0.051483087400269106,87.85846406621404,74.26151968576278,0.7415730337077981,14,4,183.79735386965535,SL,2023-06-30 14:45:00+00:00,-12.6353869655361,-344.58974624670736,15,False
2023-07-04 12:45:00+00:00,2,GBP_JPY,SHORT,183.786,183.90806274833102,183.4862964700479,183.40701865965877,183.2484630388805,2794.82,2,LONDON,2.5,0.10612549666206064,55.04924673043335,73.56806416881159,183.52257088441172,183.369347297757,32.87035299520937,False,0.033508203694518346,75.4988290900635,29.2429115588277,0.6787564766839965,12,1,183.786,TP1+SL,2023-07-05 00:15:00+00:00,14.985176497604867,418.8087097903604,690,True
2023-07-10 13:15:00+00:00,2,GBP_JPY,LONG,181.297,181.05918110745165,182.01728035670794,182.19371383632685,182.54658079556464,1452.08,2,OVERLAP,2.5,0.19563778509670907,56.798178305196686,20.912063586843743,182.28380917327345,182.73901612155905,-74.9280356707942,False,-0.0644692050516,17.96415793508736,-101.58091732734533,0.6352941176470766,13,0,181.05918110745165,SL,2023-07-11 02:45:00+00:00,-23.78188925483471,-345.33205749160385,810,False
2023-07-14 12:45:00+00:00,2,GBP_JPY,SHORT,181.977,182.14125679569887,181.66611389827568,181.58285135193984,181.41632625926817,2081.36,2,LONDON,2.5,0.18851359139774052,42.85872742625654,71.42130698783646,181.34138187363513,180.98124302256363,33.98861017243178,False,0.007645865513743744,85.60864162659105,66.46181263648714,0.5149700598803109,12,4,182.14125679569887,SL,2023-07-14 14:00:00+00:00,-16.425679569886142,-341.8775242957822,75,False
2023-07-24 13:30:00+00:00,2,GBP_JPY,LONG,180.837,180.70051695610385,181.25073531041107,181.35933455663127,181.57653304907163,2479.86,2,OVERLAP,2.5,0.1969660877923191,55.78688483683449,29.228564024572037,181.51217128771154,181.41505412998788,-44.27353104110807,False,-0.009294580385613538,23.43347536169065,-70.41712877115458,0.8088737201364834,13,0,181.40250351837471,TP1+TP2+SL,2023-07-24 18:30:00+00:00,47.45102777826987,1176.7190574622032,300,True
2023-07-26 09:00:00+00:00,2,GBP_JPY,LONG,180.951,180.83077171574828,181.16787141099036,181.21880384426976,181.32066871082853,2913.01,2,LONDON,2.5,0.17045656850344748,39.277424521789285,26.350284865010636,181.55999335670373,181.5362269446725,-24.587141099036103,False,-0.05766266197287048,16.34736205613495,-63.799335670373125,0.8469387755101557,9,2,181.32066871082853,TP3,2023-07-26 10:30:00+00:00,25.761735761387996,750.4419389028085,90,True
2023-07-28 16:00:00+00:00,2,GBP_JPY,SHORT,181.28300000000002,181.47321258661435,179.79608536649846,179.43658554754904,178.7175859096502,1880.69,2,OVERLAP,2.5,0.31442517322869895,64.69615429757513,79.86690434502242,179.56154920513822,179.90908746937345,151.5914633501552,False,0.04067194738669033,93.04079130072631,175.04507948617913,0.8548387096774608,16,4,181.47321258661435,SL,2023-07-28 19:15:00+00:00,-19.021258661433645,-357.7309095197165,195,False
2023-07-31 10:30:00+00:00,2,GBP_JPY,SHORT,183.139,183.26989241472157,182.89847452388491,182.8434189102619,182.7333076830159,2705.69,3,LONDON,2.5,0.1877848294431811,40.147635169664156,74.67716860516937,182.19545232533872,180.98057415995123,26.952547611509203,False,-0.007864838316227196,70.9129535754944,97.25476746612856,0.8488888888889214,10,0,182.7333076830159,TP3,2023-07-31 12:00:00+00:00,28.45699670135005,769.9581140487583,90,True
2023-08-08 12:00:00+00:00,2,GBP_JPY,LONG,181.614,181.47081669477126,182.08723653498546,182.20366851218594,182.4365324665869,2527.2,2,LONDON,2.5,0.18836661045747807,43.699990219347534,26.51395067104542,182.23975725929682,181.8486158220848,-50.22365349854567,False,-0.05751664942950452,15.108177484415721,-65.47572592968152,0.8364779874213094,12,1,181.47081669477126,SL,2023-08-08 12:15:00+00:00,-14.31833052287459,-361.8528489740866,15,False
2023-08-16 14:00:00+00:00,2,GBP_JPY,SHORT,185.872,185.99156534719623,185.6473282558307,185.6002590643944,185.5061206815218,2996.14,3,OVERLAP,2.5,0.13713069439245762,35.15754263112162,71.32204935095646,185.38687132249453,184.8642797018513,25.367174416930993,False,-0.002047812170793195,86.26648889806326,51.41286775054823,0.5608695652174993,14,2,185.99156534719623,SL,2023-08-16 14:15:00+00:00,-11.956534719621459,-358.23451934846634,15,False
2023-08-21 09:45:00+00:00,2,GBP_JPY,SHORT,185.68800000000002,185.80110032833255,185.30455798415147,185.21380628300003,185.0323028806971,3135.73,2,LONDON,2.5,0.1522006566650951,33.738116663279285,71.25079252532765,185.2150090304945,185.30961209088053,41.24420158485407,False,0.051756898654505626,96.46278966143988,50.199096950549915,0.8207547169812054,9,0,185.80110032833255,SL,2023-08-21 10:00:00+00:00,-11.310032833253556,-354.6520925621818,15,False
2023-08-31 14:45:00+00:00,2,GBP_JPY,LONG,184.537,184.30600219729138,185.0157010096247,185.08601040160727,185.22662918557242,1519.95,2,OVERLAP,2.5,0.19799560541726138,26.325545960005396,29.85111040593668,185.1936673207248,185.1613465749936,-50.770100962469655,False,-0.015495311721266114,7.782975641255099,-68.56673207248036,0.7203065134099284,14,3,184.30600219729138,SL,2023-08-31 16:15:00+00:00,-23.09978027086288,-351.10511022698034,90,False
