timestamp,strategy_id,pair,signal_direction,entry_price,sl_price,tp1_price,tp2_price,tp3_price,lot_size,confluence_score,session,spread_at_entry,atr_at_entry,adx_at_entry,rsi_at_entry,ema_50_value,ema_200_value,vwap_deviation,news_within_60min,macd_hist_at_entry,stoch_k_at_entry,distance_from_ema50_pips,candle_body_ratio,hour_of_day,day_of_week,exit_price,exit_reason,exit_time,pnl_pips,pnl_dollars,hold_time_minutes,win
2021-01-18 12:00:00+00:00,3,GBP_JPY,SHORT,140.41400000000002,140.6210318465386,140.17200743397368,139.99134572328944,139.72035315726308,4830.17,5,LONDON,2.5,0.1806617106842308,66.74939007799561,28.28783416037828,141.17373209913026,141.18807663794794,-5.050467391379243,False,-0.009255066744528029,39.98723077330741,-73.07320991302504,0.5584415584415313,12,0,140.6210318465386,SL,2021-01-18 13:00:00+00:00,-20.703184653859804,-999.9990141953402,60,False
2021-01-21 14:00:00+00:00,3,GBP_JPY,LONG,142.198,142.01383319808596,142.45733400957027,142.64955668261712,142.93789069218738,5375.56,3,OVERLAP,2.5,0.19222267304684573,32.940678029356576,64.65159887936815,141.64700794369486,141.38081162266374,16.71597206548654,False,0.04714231393668021,52.90950910494582,52.199205630515166,0.6710526315790097,14,3,142.01383319808596,SL,2021-01-21 17:00:00+00:00,-18.416680191404566,-989.9996936970674,180,False
2021-01-26 14:00:00+00:00,3,GBP_JPY,LONG,142.188,142.04173246984584,142.4153376507707,142.58622941795122,142.84256706872193,6700.74,4,OVERLAP,2.5,0.17089176718048718,42.450112080216925,63.032770173891,141.8631088029006,141.65677934157307,29.972258964892262,False,0.06782661933959175,92.22029362143054,29.589119709939382,0.522727272727165,14,1,142.39174323398686,TP1+TP2+SL,2021-01-27 08:00:00+00:00,29.09754742861537,1949.7509995682017,1080,True
2021-02-10 09:00:00+00:00,3,GBP_JPY,LONG,144.999,144.87236194190183,145.18152362382403,145.32253937304006,145.5340629968641,7893.34,3,LONDON,2.5,0.14101574921602278,26.654237934916907,76.16324459574753,144.46901473307963,143.89242245486125,20.27364505993603,False,0.04514119255365756,78.08021776510266,50.09852669203667,0.7043879907621523,9,2,144.87236194190183,SL,2021-02-10 13:00:00+00:00,-12.663805809816608,-999.5972495085783,240,False
2021-02-12 13:00:00+00:00,3,GBP_JPY,LONG,145.02,144.86490302161798,145.20848489191005,145.35347481985008,145.57095971176008,6380.53,5,OVERLAP,2.5,0.14498992794002008,48.470360501688035,63.46950054720257,144.70387031593134,144.240161312081,15.740155379344856,False,0.037019261043647944,73.94286118690502,28.71296840686739,0.58400000000006,13,4,145.57095971176008,TP3,2021-02-14 23:00:00+00:00,31.8975827056056,2035.234833805977,3480,True
2021-02-23 08:00:00+00:00,3,GBP_JPY,LONG,148.21699999999998,148.08058908409302,148.43255457953495,148.5955909658916,148.84014554542657,7403.76,3,LONDON,2.5,0.1630363863566416,18.93700761893801,62.796410720188575,147.79623380790161,146.78052086106482,4.6666666666652645,False,0.03571833247900724,74.66309510362309,39.17661920983733,0.6753246753245938,8,1,148.08058908409302,SL,2021-02-23 09:00:00+00:00,-13.64109159069642,-1009.9536827553452,60,False
2021-02-23 15:00:00+00:00,3,GBP_JPY,LONG,148.29399999999998,148.0704500582442,148.56024970877903,148.75708284796505,149.05233255674406,4472.62,3,OVERLAP,2.5,0.1968331391860222,30.137274392946296,59.30564061150242,147.907418671869,146.8801020500285,5.220559689846027,False,0.027672147065202726,65.74182814640686,35.75813281309763,0.7137546468400556,15,1,149.05233255674406,TP3,2021-02-24 01:00:00+00:00,44.33995340464605,1983.1576239668802,600,True
2021-02-26 13:00:00+00:00,3,GBP_JPY,LONG,148.397,148.10416417123062,149.0271791438469,149.4666319064115,150.12581105025836,3482.11,3,OVERLAP,2.5,0.4394527625645939,49.92253954471799,45.52613953984731,148.86716248586345,148.03317612649488,29.120353971288182,False,0.02805219526202507,70.22054058110348,-49.91624858634509,0.46060606060607384,13,4,148.10416417123062,SL,2021-02-26 15:00:00+00:00,-29.283582876936975,-1019.6865677161102,120,False
2021-03-04 12:00:00+00:00,3,GBP_JPY,LONG,149.814,149.6318197072091,150.11256813062104,150.3309468843684,150.65851501498943,5541.15,4,LONDON,2.5,0.2183787537473602,25.4987477324776,71.23167151517332,149.23770084009203,148.64635552575677,19.98844596500078,False,0.03356907066062215,77.94562897842276,54.729915990796485,0.7725118483412067,12,3,150.65851501498943,TP3,2021-03-04 16:00:00+00:00,49.510900899366554,2743.4732851852496,240,True
2021-03-08 09:00:00+00:00,3,GBP_JPY,LONG,150.182,149.96639218943514,150.55353905282436,150.8205650880406,151.221104140865,4809.31,4,LONDON,2.5,0.2670260352162517,15.824151453611204,57.96552266417224,149.81694499933306,149.11819677794185,13.596618541026828,False,0.0093612476747232,75.8783514959769,33.60550006669314,0.6264705882352698,9,0,151.221104140865,TP3,2021-03-09 05:00:00+00:00,61.18624845190026,2942.636365422085,1200,True
2021-03-11 09:00:00+00:00,3,GBP_JPY,LONG,151.343,151.1720207792077,151.60889610396143,151.80549350660237,152.1003896105638,6236.72,4,LONDON,2.5,0.1965974026409518,33.13203153649093,57.39105608829557,150.97991472815636,150.04861310561458,1.8275201867908208,False,0.017641897727625075,35.81583217843456,33.40852718436338,0.4919786096255547,9,3,152.1003896105638,TP3,2021-03-12 01:00:00+00:00,44.283376633829334,2761.8302071973612,960,True
2021-03-17 10:00:00+00:00,3,GBP_JPY,LONG,151.823,151.65714523978872,152.06827380105645,152.25112300176073,152.52539680281714,6595.94,4,LONDON,2.5,0.18284920070428579,33.57031647605313,59.46887096030798,151.5473596417891,151.0294687644578,8.054871878641734,False,0.031422906160708336,39.734417409491535,24.66403582109251,0.480122324159015,10,2,151.65714523978872,SL,2021-03-17 14:00:00+00:00,-16.585476021128898,-1093.9680470680494,240,False
2021-03-23 08:00:00+00:00,3,GBP_JPY,SHORT,150.163,150.3792634806005,149.8965159303307,149.69952655055118,149.40404248088188,5007.91,5,LONDON,2.5,0.19698937977953085,38.612082430749595,34.485233933407,150.80986265581757,151.0943552519145,-10.799999999997567,False,-0.028323031578684377,47.46902304571353,-61.78626558175608,0.8675799086757559,8,1,149.40404248088188,TP3,2021-03-23 10:00:00+00:00,44.37745114708776,2222.3828137401224,120,True
2021-03-29 11:00:00+00:00,3,GBP_JPY,LONG,151.784,151.5591305478916,152.13684726054197,152.39141210090327,152.77325936144524,4915.09,4,LONDON,2.5,0.2545648403613083,39.28519515585994,69.79203947678918,150.73174027298614,150.5007449918798,22.97391325093372,False,0.029418919640016805,89.19401284079498,102.32597270138513,0.785234899328884,11,0,151.5591305478916,SL,2021-03-29 12:00:00+00:00,-22.486945210837916,-1105.2535953633733,60,False
2021-03-30 08:00:00+00:00,3,GBP_JPY,LONG,151.867,151.67019160694403,152.16504196528,152.38306994213337,152.7101119074134,5559.72,5,LONDON,2.5,0.2180279768533513,38.533736891783676,68.12613520971837,151.09367702423367,150.661190657514,4.6666666666652645,False,0.03753176517711303,67.06153289473713,74.43229757663232,0.630813953488338,8,1,151.67019160694403,SL,2021-03-30 09:00:00+00:00,-19.68083930559601,-1094.1995590410825,60,False
2021-03-31 08:00:00+00:00,3,GBP_JPY,LONG,152.338,152.12527716622876,152.62136416885616,152.8296069480936,153.1419711169498,5092.35,4,LONDON,2.5,0.20824277923745113,59.77376413000751,69.11237101509622,151.54187755850478,150.8958105799549,3.0333333333317114,False,0.04629739806002045,70.42620360126634,76.71224414952178,0.522807017543869,8,2,152.338,TP1+SL,2021-03-31 15:00:00+00:00,11.33456675424668,577.1958101098809,420,True
2021-04-01 13:00:00+00:00,3,GBP_JPY,LONG,152.96099999999998,152.72150405454087,153.25197972729572,153.46529954549288,153.78527927278859,4547.18,3,OVERLAP,2.5,0.21331981819715234,26.78254996186527,70.7225590762274,152.25606333903318,151.31669481439175,24.389276341079835,False,0.003952530277822663,79.43602246682258,67.5936660966812,0.718749999999926,13,3,152.72150405454087,SL,2021-04-02 08:00:00+00:00,-23.949594545911168,-1089.0311732727635,1140,False
2021-04-13 10:00:00+00:00,3,GBP_JPY,SHORT,150.213,150.3838811107585,149.93402301763615,149.72870502939358,149.4207280470297,6309.3,5,LONDON,2.5,0.2053179882425695,28.59269653051172,43.78288547843401,150.43765868033003,151.06143682161715,-13.406886587759459,False,-0.027369285861298248,21.467421310283054,-19.565868033004108,0.7345679012345386,10,1,150.213,TP1+SL,2021-04-13 12:00:00+00:00,11.159079294553749,704.0597899312797,120,True
2021-04-15 10:00:00+00:00,3,GBP_JPY,SHORT,149.768,149.97485381053548,149.49873094732254,149.29988491220422,149.00161585952677,5246.12,5,LONDON,2.5,0.1988460351183072,17.192721456224405,41.75195944048756,150.08358338131922,150.66596374503388,-14.267130640422465,False,-0.018157088456045356,20.706468661136924,-28.658338131921823,0.7937743190661625,10,3,149.97485381053548,SL,2021-04-15 11:00:00+00:00,-20.685381053547758,-1085.1799125263797,60,False
2021-04-15 16:00:00+00:00,3,GBP_JPY,SHORT,149.821,149.97402164324296,149.5558917837852,149.359819639642,149.06571142342722,7020.76,5,OVERLAP,2.5,0.19607214414319127,24.796480316614304,44.65570414148727,150.04898475201387,150.62272501619333,-6.973003164105762,False,-0.008242607775527794,48.656499636892626,-19.8984752013871,0.482758620689734,16,3,149.821,TP1+SL,2021-04-16 07:00:00+00:00,10.604328648591945,744.5044640288838,900,True
2021-04-19 08:00:00+00:00,3,GBP_JPY,SHORT,149.949,150.17991933676052,149.66411760191178,149.45486266985296,149.1409802717647,4684.64,5,LONDON,2.5,0.20925493205882362,26.36505008371026,42.4337863043988,150.14560287672384,150.45256114700604,-3.866666666667129,False,-0.042978442477472165,29.917610212555605,-16.760287672383356,0.6409395973154407,8,0,150.17991933676052,SL,2021-04-19 09:00:00+00:00,-23.091933676050758,-1081.7739617617442,60,False
2021-04-21 10:00:00+00:00,3,GBP_JPY,LONG,150.709,150.5117468273262,151.00814086336908,151.22690143894846,151.55504230231753,5429.35,4,LONDON,2.5,0.21876057557938147,38.83908895671979,47.62620020905383,150.75884151466553,150.64982189497275,-2.030064104150142,False,0.028626397884152666,51.0780618087551,-7.88415146655268,0.38048780487804,10,2,150.5117468273262,SL,2021-04-21 11:00:00+00:00,-19.725317267381115,-1070.9565130565566,60,False
2021-04-22 14:00:00+00:00,3,GBP_JPY,SHORT,149.48,149.6506281587663,149.19210920616857,148.98084867694763,148.6639578831162,6213.78,3,OVERLAP,2.5,0.21126052922094066,44.45168822878483,23.21125818248096,150.4473906323437,150.57655454355188,-41.17971751706477,False,-0.08334564277069764,15.60338306061722,-93.83906323437259,0.5345622119816689,14,3,149.6506281587663,SL,2021-04-22 15:00:00+00:00,-17.062815876630562,-1060.2458403788946,60,False
2021-04-29 12:00:00+00:00,3,GBP_JPY,LONG,152.085,151.93195417585935,152.3542291207033,152.55304853450554,152.85127765520883,6858.36,5,LONDON,2.5,0.1988194138022046,56.711908399348594,70.70589757011889,151.30909792487728,150.6925277673333,7.193410729342986,False,0.03130622144305589,58.0680221380108,74.69020751227333,0.3081761006289331,12,3,152.085,TP1+SL,2021-04-29 14:00:00+00:00,10.769164828132032,738.5880929066761,120,True
2021-05-03 11:00:00+00:00,3,GBP_JPY,LONG,151.874,151.6851076816361,152.15646159181964,152.36410265303272,152.67556424485232,5595.94,5,LONDON,2.5,0.20764106121308457,26.68940211227827,63.99876170320307,151.44695259042456,151.00006155446715,4.9809653631939454,False,0.08557015943222492,77.57257985653648,39.80474095754403,0.4140127388534605,11,0,151.6851076816361,SL,2021-05-03 12:00:00+00:00,-18.889231836388376,-1057.0300800251916,60,False
2021-05-05 10:00:00+00:00,3,GBP_JPY,LONG,152.09,151.9173303150308,152.3651817581793,152.56796959696547,152.87215135514472,6060.47,5,LONDON,2.5,0.20278783878617967,21.966632417752272,58.07023672053523,151.77506409611942,151.2950852784146,10.201630427889086,False,0.0006443869250585543,46.14295824487183,28.593590388058487,0.4309764309764422,10,2,151.9173303150308,SL,2021-05-05 13:00:00+00:00,-17.266968496920754,-1046.4594456653333,180,False
2021-05-14 10:00:00+00:00,3,GBP_JPY,LONG,153.896,153.7287712172027,154.1281439139865,154.30223985664418,154.56338377063068,6195.07,3,LONDON,2.5,0.17409594265767034,19.34869200305937,51.64627616752854,153.8185815583606,153.0146704776496,9.887763559100904,False,0.0030854597484284638,46.821968289356924,4.841844163939868,0.4255319148935162,10,4,153.896,TP1+SL,2021-05-16 21:00:00+00:00,9.285756559460198,575.2591188881509,3540,True
2021-05-20 14:00:00+00:00,3,GBP_JPY,LONG,154.09799999999998,153.90202835107632,154.38171538747542,154.59019231245907,154.90290769993453,5315.81,4,OVERLAP,2.5,0.20847692498363246,26.494707886366264,49.379447491744344,154.18107851428482,153.81270460404173,13.02917796784584,False,0.01763224704288631,69.27800394971372,-11.207851428483195,0.6733668341707431,14,3,154.09799999999998,TP1+SL,2021-05-21 07:00:00+00:00,11.34861549901757,603.2708375583259,1020,True
2021-05-26 14:00:00+00:00,3,GBP_JPY,LONG,154.042,153.85241432738678,154.28342836306604,154.4637139384434,154.73414230150942,5526.68,3,OVERLAP,2.5,0.18028557537735435,20.91499519442626,49.019422950699855,154.04352250461534,153.97877049230658,-9.872284513173213,False,0.0008730400188131891,23.305485187256675,-3.05225046153339,0.3125,14,2,153.85241432738678,SL,2021-05-27 01:00:00+00:00,-18.958567261321946,-1047.7793451180278,660,False
2021-05-27 09:00:00+00:00,3,GBP_JPY,LONG,154.222,154.0917912464603,154.41504376769856,154.56307294616428,154.78511671386283,7966.46,5,LONDON,2.5,0.14802917846570426,22.122784690737998,59.54379410041928,154.04338373888902,153.99023725695093,4.924234862474464,False,0.015680645420745466,72.94833677288592,14.961626111099235,0.6030534351145618,9,3,154.78511671386283,TP3,2021-05-27 11:00:00+00:00,32.62700283176969,2599.2171297917994,120,True
2021-06-04 11:00:00+00:00,3,GBP_JPY,LONG,155.59799999999998,155.46109897553652,155.78100512231748,155.92234187052915,156.13434699284664,7766.88,4,LONDON,2.5,0.14133674821166134,20.576408259824735,55.312249299344465,155.44602512613602,155.12537143707695,0.9105279062737281,False,0.005811635378291928,62.62620969150453,12.29748738639671,0.7155963302751241,11,4,155.46109897553652,SL,2021-06-04 13:00:00+00:00,-13.690102446346941,-1063.2938288848313,120,False
2021-06-07 11:00:00+00:00,3,GBP_JPY,LONG,154.94,154.77123218863525,155.16150572349036,155.32850953915062,155.57901526264098,6237.34,3,LONDON,2.5,0.16700381566024602,41.36197950916488,44.71485504310024,155.1433295265899,155.0969988025863,16.610389610198695,False,0.0031923561211301132,83.26803864187332,-23.232952658989348,0.5714285714285018,11,0,154.77123218863525,SL,2021-06-07 13:00:00+00:00,-16.876781136474506,-1052.662220537779,120,False
2021-06-07 14:00:00+00:00,3,GBP_JPY,LONG,154.849,154.68807018407372,155.0771490796313,155.24858179938553,155.50573087901685,6475.71,3,OVERLAP,2.5,0.17143271975421165,33.32161257991959,42.39521010710292,155.10644899377897,155.08875459546198,3.276323618143806,False,0.01424557752784536,56.74964515776605,-28.64489937789756,0.4109589041096157,14,0,154.849,TP1+SL,2021-06-08 07:00:00+00:00,9.125963185252884,590.9709105837396,1020,True
2021-06-08 11:00:00+00:00,3,GBP_JPY,SHORT,154.739,154.86829270346897,154.55903648265502,154.4197274710917,154.21076395374672,8105.98,4,LONDON,2.5,0.13930901156331926,25.648327315684767,38.775260865145945,154.9873465269837,155.05392168183587,-4.205406966769942,False,-0.007947760286915934,42.93990185850825,-21.934652698371337,0.39837398373992194,11,1,154.86829270346897,SL,2021-06-08 14:00:00+00:00,-12.929270346896258,-1048.0440684653413,180,False
2021-06-09 16:00:00+00:00,3,GBP_JPY,SHORT,154.722,154.86507991599214,154.50160042003915,154.3353340333986,154.08593445343774,7251.64,5,OVERLAP,2.5,0.16626638664056442,32.6225987649868,43.43328098320046,154.9447083453056,155.02190126352883,-11.919045062884948,False,-0.038808634406215445,48.24006930389758,-19.370834530559478,0.5172413793104294,16,2,154.39423656345116,TP1+TP2+SL,2021-06-10 09:00:00+00:00,30.8378905934677,2236.2528094321415,1020,True
2021-06-11 09:00:00+00:00,3,GBP_JPY,SHORT,154.952,155.09446450743863,154.75867746280693,154.61046243801155,154.38813990081846,7439.94,4,LONDON,2.5,0.1482150247953824,21.918516423533372,51.187144673037125,154.91474783440927,154.96280308969284,-6.2178913421178095,False,-0.012569034788353861,50.138504155125304,6.625216559072555,0.5810810810811823,9,4,155.09446450743863,SL,2021-06-11 11:00:00+00:00,-14.246450743863193,-1059.9273874729752,120,False
2021-06-11 16:00:00+00:00,3,GBP_JPY,SHORT,154.685,154.87272301463364,154.47205159349846,154.31075265583078,154.06880424932925,5589.76,5,OVERLAP,2.5,0.16129893766768916,30.16062476034886,36.87801785086851,154.9212905185127,154.96171665107508,-28.249755129957066,False,-0.04010191373453389,24.451414117173858,-20.729051851270697,0.8969072164948015,16,4,154.87272301463364,SL,2021-06-13 22:00:00+00:00,-18.772301463363306,-1049.3265982784967,3240,False
2021-06-17 12:00:00+00:00,3,GBP_JPY,SHORT,153.853,154.03620727380175,153.54707474210213,153.32379123683685,152.98886597893897,5670.27,5,LONDON,2.5,0.2232835052652574,50.60858201985105,25.031727245493514,154.855622688841,154.95396276204335,-54.17211553961465,False,-0.0781169522961612,11.579104233344907,-97.36226888410044,0.7851851851851737,12,3,154.03620727380175,SL,2021-06-17 13:00:00+00:00,-18.32072738017416,-1038.8347084198015,60,False
2021-06-18 14:00:00+00:00,3,GBP_JPY,SHORT,152.155,152.4062130275086,151.74293486245682,151.44889143742802,151.00782629988484,4093.92,3,OVERLAP,2.5,0.29404342502879127,49.690410940693994,27.35078100363239,153.7607724901631,154.56169097179296,-58.47332913838841,False,-0.0304601095321424,16.019720818060488,-157.67724901631084,0.8951724137931117,14,4,152.4062130275086,SL,2021-06-21 00:00:00+00:00,-25.121302750861222,-1028.4460375780577,3480,False
2021-06-28 15:00:00+00:00,3,GBP_JPY,SHORT,153.526,153.72341105572198,153.19627805472348,152.95713009120578,152.59840814592926,5157.57,4,OVERLAP,2.5,0.23914796351768897,27.718374583497432,36.5240211851462,154.03881231987037,154.15293274580605,-41.59688767890373,False,-0.010823728573346715,29.151281550952802,-48.3812319870367,0.5058823529410925,15,0,153.0236212906577,TP1+TP2+SL,2021-06-29 15:00:00+00:00,45.99124834967654,2372.030827508412,1440,True
2021-07-06 08:00:00+00:00,3,GBP_JPY,SHORT,153.476,153.66127579328426,153.26487103357871,153.1047850559645,152.86465608954322,5623.41,4,LONDON,2.5,0.16008597761419419,21.875826260996256,42.62943727877053,153.63433466334348,153.6691950540662,-3.700000000000614,False,-0.010957073848273068,36.04720397632226,-12.933466334348509,0.6763285024155511,8,1,153.476,TP1+SL,2021-07-06 12:00:00+00:00,8.44515865685139,474.9058964252468,240,True
2021-07-13 08:00:00+00:00,3,GBP_JPY,SHORT,152.924,153.1016271654665,152.69153083933423,152.51721806555707,152.25574890489133,5892.29,4,LONDON,2.5,0.17431277377716986,31.837857263297824,44.75506207032575,152.87574049474293,152.88923399739053,0.566666666668425,False,-0.05666451184815327,9.092765976197336,7.725950525707503,0.31999999999988304,8,1,152.78847762035872,TP1+TP2+SL,2021-07-13 13:00:00+00:00,28.280491397173932,1666.3685665465398,300,True
2021-07-14 16:00:00+00:00,3,GBP_JPY,SHORT,152.334,152.48840971792308,152.0584514103847,151.85541901730784,151.55087042769253,6886.19,4,OVERLAP,2.5,0.20303239307686743,34.66288375586601,32.88785481930226,152.81065571923548,152.860285532435,-51.72184477409019,False,-0.05067520510770031,5.572603429695064,-44.765571923548464,0.4513888888889451,16,2,152.20497706616445,TP1+TP2+SL,2021-07-15 05:00:00+00:00,32.745641569010225,2254.9270951610247,780,True
2021-07-19 10:00:00+00:00,3,GBP_JPY,SHORT,150.486,150.7348481417087,150.08575929145638,149.79959881909397,149.37035811055037,4363.48,3,LONDON,2.5,0.28616047236240405,58.379786660478175,32.56944001532908,151.63188404483193,152.33828151611496,-11.268243512409981,False,-0.05211808725700362,30.5188199389605,-111.68840448319486,0.7689161554192706,10,0,149.37035811055037,TP3,2021-07-19 14:00:00+00:00,65.77851336697732,2870.232275065382,240,True
2021-07-22 14:00:00+00:00,3,GBP_JPY,SHORT,151.469,151.718850519014,151.0837474049299,150.80757900821652,150.39332641314644,4460.85,3,OVERLAP,2.5,0.27616839671338816,42.925870769933745,60.26446531991122,150.83204159478748,151.28251262079687,-11.534144236969723,False,-0.00759684391213078,40.817729748952,66.5958405212507,0.5014662756598727,14,3,151.718850519014,SL,2021-07-22 17:00:00+00:00,-24.98505190140179,-1114.5456877436818,180,False
2021-07-26 15:00:00+00:00,3,GBP_JPY,LONG,152.57399999999998,152.32223117900335,152.92384410498332,153.17640684163888,153.5552509466222,4382.59,5,OVERLAP,2.5,0.25256273665555673,28.665411767693993,68.87847135219015,151.78136754453,151.51005512484437,39.346509072782965,False,0.06924886593997515,86.85162323142812,76.3632455469974,0.508670520231173,15,0,152.32223117900335,SL,2021-07-27 02:00:00+00:00,-25.17688209966309,-1103.3995172116247,660,False
2021-07-28 08:00:00+00:00,3,GBP_JPY,LONG,152.753,152.54371249573333,153.02981252133327,153.23368753555548,153.53950005688878,5219.45,5,LONDON,2.5,0.20387501422219576,26.88373704332549,65.4967438893515,152.2216335626233,151.7801842896247,9.600000000000364,False,0.026491437031277557,82.88329725829456,50.23664373766792,0.5519480519479735,8,2,152.54371249573333,SL,2021-07-28 09:00:00+00:00,-20.928750426665488,-1092.3656641445918,60,False
2021-07-28 14:00:00+00:00,3,GBP_JPY,LONG,152.734,152.53847127259144,153.03701863704276,153.25836439507125,153.59038303211398,5530.86,5,OVERLAP,2.5,0.2213457580284928,28.515829873162666,59.7757611880136,152.3196716096481,151.83258022058305,3.403398725836837,False,0.019126866290941333,61.75845900579022,38.532839035190136,0.33085501858734884,14,2,152.53847127259144,SL,2021-07-29 01:00:00+00:00,-19.552872740857193,-1081.4420172749742,660,False
2021-07-29 13:00:00+00:00,3,GBP_JPY,LONG,153.44,153.24633772761786,153.70368636191068,153.89881060318444,154.19149696509513,5528.33,5,OVERLAP,2.5,0.19512424127378072,39.72034703712503,66.84677947722713,152.7363533732269,152.0670402284382,13.77321477110911,False,0.03012468316663197,71.05441877204646,67.46466267730966,0.9042553191488858,13,3,153.24633772761786,SL,2021-07-29 14:00:00+00:00,-19.36622723821415,-1070.6289502783643,60,False
2021-07-30 12:00:00+00:00,3,GBP_JPY,LONG,153.146,152.95256428247313,153.38417858763435,153.56229764605726,153.82947623369162,5479.45,4,LONDON,2.5,0.17811905842291034,36.273272488183714,58.101570580260095,152.84423066424503,152.23978713737733,4.1866362561165715,False,0.03104575953436433,67.98751306926776,27.276933575495832,0.5912408759123254,12,4,152.95256428247313,SL,2021-07-30 13:00:00+00:00,-19.343571752685307,-1059.921342402515,60,False
2021-08-05 13:00:00+00:00,3,GBP_JPY,LONG,152.627,152.40289134344752,152.9271147113338,153.14652451888963,153.4756392302234,4682.21,5,OVERLAP,2.5,0.21940980755584644,21.82798587034435,64.53640656394998,152.17884217174662,152.14839189697886,13.119404599839868,False,0.004984323316418668,55.60039947447809,41.915782825338965,0.6355421686747493,13,3,152.90261500208013,TP1+TP2+SL,2021-08-06 15:00:00+00:00,38.29786925053838,1793.1866638356332,1560,True
2021-08-10 08:00:00+00:00,3,GBP_JPY,LONG,153.213,153.06703302131402,153.41240632200126,153.56467720333544,153.7930835253367,7311.62,5,LONDON,2.5,0.15227088133417463,28.56401653506545,68.40730211071514,152.7853051887561,152.48758097859923,5.433333333331802,False,0.041970567195485885,83.44483964666692,39.86948112438995,0.843881856540055,8,1,153.06703302131402,SL,2021-08-10 09:00:00+00:00,-14.596697868597628,-1067.255080699958,60,False
2021-08-11 14:00:00+00:00,3,GBP_JPY,LONG,153.206,153.05826477794812,153.40639039597374,153.5593173266229,153.78870772259663,7151.86,5,OVERLAP,2.5,0.15292693064916074,24.269149453026994,62.43966033020234,152.96889035205805,152.6320187147374,9.212983093286198,False,0.009069278512627205,69.57491472054386,20.810964794193865,0.3103448275862069,14,2,153.05826477794812,SL,2021-08-11 20:00:00+00:00,-14.773522205186396,-1056.5816251838437,360,False
2021-08-13 15:00:00+00:00,3,GBP_JPY,SHORT,152.047,152.22251460351413,151.85530198242944,151.70816997071574,151.4874719531452,5959.71,5,OVERLAP,2.5,0.14713201171369783,52.07672881107632,30.484207619207652,152.60357888442056,152.648899009129,-18.29118196844206,False,-0.0013671722289550492,36.0886644219991,-52.757888442056355,0.8602941176472232,15,4,152.047,TP1+SL,2021-08-15 22:00:00+00:00,7.667920702822356,456.9858369181743,3300,True
2021-08-16 08:00:00+00:00,3,GBP_JPY,SHORT,151.482,151.61613335629028,151.25366655188205,151.08211091980343,150.82477747168548,7832.4,5,LONDON,2.5,0.17155563207862595,48.861526150901724,33.206031737436746,152.1763040046696,152.5111917810723,-5.19999999999925,False,-0.0155381336840687,51.53843197981812,-66.53040046695935,0.41764705882347825,8,0,151.61613335629028,SL,2021-08-16 11:00:00+00:00,-13.413335629027756,-1050.58609980797,180,False
2021-08-19 08:00:00+00:00,3,GBP_JPY,SHORT,149.869,150.03785150290676,149.56624248546618,149.3450708091103,149.01331329457648,6159.73,2,LONDON,2.5,0.22117167635587867,39.520454289878074,22.718143256424128,150.95594318867734,151.6906664889535,-14.800000000002456,False,-0.11933707902134005,7.878611251691944,-105.7943188677342,0.9319066147860002,8,3,150.03785150290676,SL,2021-08-19 09:00:00+00:00,-16.885150290676165,-1040.0796679998668,60,False
2021-08-19 14:00:00+00:00,3,GBP_JPY,SHORT,149.857,150.0538737900707,149.47413104964642,149.19955174941072,148.78768279905714,5230.15,3,OVERLAP,2.5,0.2745793002357155,58.44090737999056,33.229844646397055,150.7623794547987,151.5951627625998,-16.671299566345965,False,-0.09443078114574963,53.73473701053259,-87.63794547986947,0.734913793103468,14,3,150.0538737900707,SL,2021-08-19 15:00:00+00:00,-19.68737900706969,-1029.6794531382554,60,False
2021-08-19 16:00:00+00:00,3,GBP_JPY,SHORT,149.847,150.0525350536834,149.4708247315829,149.2007078859715,148.7955326175544,4959.65,3,OVERLAP,2.5,0.2701168456114074,60.949258059000435,34.99839572594634,150.7001380511233,151.56266742312604,-16.4571627297164,False,-0.07134087635825592,29.212029410834408,-82.4138051123299,0.7548076923076128,16,3,149.64877612857424,TP1+TP2+SL,2021-08-20 13:00:00+00:00,44.863172726340395,2225.0563461219413,1260,True
2021-08-27 11:00:00+00:00,3,GBP_JPY,LONG,151.14,150.98318195777537,151.37509021112317,151.55115035187194,151.81524056299511,6642.31,4,LONDON,2.5,0.17606014074877824,42.91184231864652,60.66248578013587,150.87781190929772,150.87281732020094,15.767129801091073,False,0.05375494080671172,80.60583716821567,23.318809070227076,0.8685714285712968,11,4,151.14,TP1+SL,2021-08-27 15:00:00+00:00,9.403608444927158,624.6168240982412,240,True
2021-08-27 16:00:00+00:00,3,GBP_JPY,LONG,151.308,151.12956828562557,151.58740857187212,151.79301428645354,152.10142285832566,5872.72,4,OVERLAP,2.5,0.20560571458141366,55.92799358200813,62.16157445194159,150.94034450130158,150.88980544456962,12.310570559517942,False,0.06369715928252011,49.301967859794296,33.865549869841516,0.41379310344834347,16,4,151.12956828562557,SL,2021-08-27 19:00:00+00:00,-17.843171437442606,-1047.8794976409795,180,False
2021-09-09 09:00:00+00:00,3,GBP_JPY,LONG,151.905,151.7676345414016,152.11282729299205,152.27071215498674,152.5075394479788,7552.12,5,LONDON,2.5,0.15788486199469604,44.81110156012911,56.60753548106097,151.80120330846373,151.6937144457747,10.567760250532388,False,0.015536187297852368,79.13815221750635,7.47966915362781,0.43461538461539806,9,3,151.905,TP1+SL,2021-09-09 17:00:00+00:00,8.313091719682005,627.8146623804487,480,True
2021-09-13 10:00:00+00:00,3,GBP_JPY,LONG,152.277,152.12814165585044,152.47959941305533,152.63399902175888,152.86559843481422,7011.22,5,LONDON,2.5,0.15439960870355596,17.61255013884081,56.32718849394476,152.0853913998431,151.85737061541727,7.2655822109226165,False,0.009220669093631244,81.82022087880945,16.26086001568865,0.5703124999998994,10,0,152.12814165585044,SL,2021-09-13 11:00:00+00:00,-14.885834414954502,-1043.678599668173,60,False
2021-09-13 12:00:00+00:00,3,GBP_JPY,LONG,152.30599999999998,152.12855306825097,152.5065423510528,152.659570585088,152.88911293614083,5822.82,5,LONDON,2.5,0.1530282340352084,15.906162931261491,57.228738907474245,152.0974874090824,151.86499031561445,7.835930123459889,False,0.017389757675442798,80.71658937043233,17.951259091759653,0.5384615384615048,12,0,152.12855306825097,SL,2021-09-13 13:00:00+00:00,-17.744693174901727,-1033.2415431268128,60,False
2021-09-21 14:00:00+00:00,3,GBP_JPY,SHORT,148.973,149.26329713438233,148.58384766142166,148.30507943570274,147.88692709712438,3523.66,4,OVERLAP,2.5,0.2787682257189037,34.27739680971538,30.239834367252172,150.05809894332748,151.02624868309897,-54.9847526820372,False,-0.028877320205667162,12.486027663384382,-105.60989433274699,0.8337078651685091,14,1,149.26329713438233,SL,2021-09-21 15:00:00+00:00,-29.029713438231393,-1022.9084005375844,60,False
2021-09-27 13:00:00+00:00,3,GBP_JPY,LONG,152.065,151.89510488496595,152.37603113072572,152.60271855120953,152.94274968193525,5960.62,5,OVERLAP,2.5,0.22668742048381482,42.80741027751763,70.40157996397062,151.27563104604693,150.88115948160672,8.33719033346938,False,0.06070511090122238,72.70493291110783,76.03689539530762,0.34920634920632293,13,0,152.065,TP1+SL,2021-09-28 07:00:00+00:00,12.441245229028937,741.5753513705446,1080,True
2021-09-30 16:00:00+00:00,3,GBP_JPY,SHORT,149.969,150.20319709686942,149.57368118231963,149.29080197053275,148.8664831528524,4355.72,4,OVERLAP,2.5,0.2828792117868996,27.787631662955555,37.032946909788635,150.63803933357238,150.8893361787665,-50.04689109923106,False,-0.021396490633474777,10.68158701216022,-64.0039333572389,0.616129032258068,16,3,150.20319709686942,SL,2021-09-30 18:00:00+00:00,-23.41970968694227,-1020.0969787760819,120,False
2021-10-05 10:00:00+00:00,3,GBP_JPY,LONG,151.576,151.36400406600447,151.8998963366443,152.13516056107386,152.4880568977182,4763.75,5,LONDON,2.5,0.2352642244295471,35.46917652813764,69.32853708106887,150.85810435416914,150.76733599168202,14.911461656393499,False,0.032238778657226214,96.82191072247998,68.88956458308542,0.4183673469387474,10,1,151.76317016069373,TP1+TP2+SL,2021-10-06 07:00:00+00:00,39.065679122601864,1860.9912892029463,1260,True
2021-10-07 09:00:00+00:00,3,GBP_JPY,LONG,151.521,151.29323108152715,151.81984459236418,152.0384076539403,152.3662522463045,4515.57,5,LONDON,2.5,0.21856306157613029,21.787424709047183,54.145177029453606,151.3513208774215,151.04731146280255,9.17708272320965,False,0.018667151395764716,47.1157478405583,14.067912257849002,0.3166666666666917,9,3,152.3662522463045,TP3,2021-10-08 09:00:00+00:00,49.555134778270826,2237.6967995071636,1440,True
2021-10-26 12:00:00+00:00,3,GBP_JPY,LONG,157.6,157.34799841434184,157.91600792829075,158.14601321381792,158.49102114210865,4170.14,4,LONDON,2.5,0.23000528552716581,62.247082715857566,69.76597549338604,156.84091125117857,156.44105627242106,22.408996129064462,False,0.08741137281318284,79.97630554751824,73.008874882143,0.7405247813410424,12,1,157.34799841434184,SL,2021-10-26 13:00:00+00:00,-25.200158565814945,-1050.8818924164755,60,False
2021-11-02 08:00:00+00:00,3,GBP_JPY,SHORT,154.711,154.97001546864874,154.3599226567563,154.1065377612605,153.7264604180168,4016.65,3,LONDON,2.5,0.2533848954957984,50.24439734069995,20.32594928318065,155.9045812486728,156.28564548881667,-17.99999999999784,False,-0.07320421323963075,19.967255520596748,-116.45812486727891,0.8821428571428531,8,1,154.97001546864874,SL,2021-11-02 11:00:00+00:00,-25.90154686487267,-1040.374482147908,180,False
2021-11-09 13:00:00+00:00,3,GBP_JPY,SHORT,152.99,153.1908469448424,152.66226527578812,152.42444212631352,152.0677074021016,5128.13,3,OVERLAP,2.5,0.23782314947459843,25.770575207308635,41.870486603878426,153.3943778943655,154.57419822537415,-25.619037389529353,False,-0.011523929790616515,37.16232798873227,-37.53778943654993,0.7718446601941236,13,1,153.1908469448424,SL,2021-11-10 07:00:00+00:00,-20.084694484239662,-1029.9692432546394,1080,False
2021-11-11 13:00:00+00:00,3,GBP_JPY,SHORT,152.648,152.85542553741226,152.33787231293874,152.11178718823123,151.77265950116995,4915.84,5,OVERLAP,2.5,0.22608512470750944,16.80994183631863,42.85393092515989,152.97629663282632,153.95625126911565,-0.9896543196163066,False,-0.006480095644864264,50.79900240660147,-29.929663282632646,0.5684931506849729,13,3,152.85542553741226,SL,2021-11-12 07:00:00+00:00,-20.74255374122629,-1019.6707538326984,1080,False
2021-11-15 09:00:00+00:00,3,GBP_JPY,SHORT,152.651,152.8071783397363,152.42010830131852,152.2468471688642,151.98695547018272,6463.59,5,LONDON,2.5,0.17326113245432168,27.12027468778972,42.95636387076157,152.81731238733735,153.52269740512295,-13.073026258950904,False,-0.01374179520197101,29.67493749489886,-13.731238733734585,0.6293706293706502,9,0,152.8071783397363,SL,2021-11-15 10:00:00+00:00,-15.617833973630013,-1009.4727549361522,60,False
2021-11-18 08:00:00+00:00,3,GBP_JPY,LONG,154.12199999999999,153.91436280147795,154.40868599261023,154.61914332101705,154.9348293136273,4813.1,3,LONDON,2.5,0.2104573284068278,21.70162651335221,53.88925402724862,153.9144074540921,153.68722556383747,2.933333333331234,False,0.003278029914070134,72.74598912660842,17.859254590788964,0.4328358208954211,8,3,153.91436280147795,SL,2021-11-18 12:00:00+00:00,-20.763719852203618,-999.3786002064126,240,False
2021-11-26 13:00:00+00:00,3,GBP_JPY,SHORT,151.838,152.1910448538502,151.33377573074912,150.97829288458186,150.445068615331,2802.43,5,OVERLAP,2.5,0.35548284616725023,67.04609576496692,29.464783544243275,153.08427651918194,153.53657638165816,-3.441405703267719,False,-0.056493678374678,55.96062266900568,-121.72765191819508,0.4165067178503008,13,4,151.48292787752862,TP1+TP2+SL,2021-11-28 23:00:00+00:00,61.65869783618746,1727.9418457706681,3480,True
2021-11-30 13:00:00+00:00,3,GBP_JPY,SHORT,150.50300000000001,150.81492256483293,150.04822050916863,149.7257008486144,149.241921357783,3227.29,5,OVERLAP,2.5,0.32251966055424763,45.69080405002387,36.72187466362568,151.3916733433383,152.63095230489566,-16.862155788427913,False,-0.043905073189464655,50.148523857321784,-85.96733433383008,0.4139194139194181,13,1,150.81492256483293,SL,2021-11-30 15:00:00+00:00,-31.192256483291203,-1006.6645742596087,120,False
2021-11-30 16:00:00+00:00,3,GBP_JPY,SHORT,149.972,150.25856665753327,149.43066671233365,149.05044452055606,148.4801112328897,3477.72,3,OVERLAP,2.5,0.3802221917775785,40.80783155021788,28.497361297224188,151.25899678985013,152.5597824236172,-51.16583102579,False,-0.0780655958446072,21.199476893852104,-125.79967898501252,0.38373983739836975,16,1,150.25856665753327,SL,2021-11-30 19:00:00+00:00,-28.656665753325683,-996.5985962365579,180,False
2021-12-07 10:00:00+00:00,3,GBP_JPY,SHORT,150.53300000000002,150.75916128171556,150.2203602580889,149.99260043014814,149.65096068823703,4362.51,4,LONDON,2.5,0.22775982794074248,35.72078231494309,51.97324344975131,150.36880898113958,151.02070402404888,-18.976996520714806,False,-0.021217946205484173,12.140320359499533,19.3191018860432,0.46239554317546716,10,1,150.53300000000002,TP1+SL,2021-12-07 16:00:00+00:00,12.505589676444515,545.5576001938597,360,True
2021-12-08 09:00:00+00:00,3,GBP_JPY,SHORT,150.278,150.45298926058564,149.96872036373858,149.74320060623097,149.40492096996954,5669.42,4,LONDON,2.5,0.22551975750761122,25.27122828378495,46.39338487850572,150.37394399163603,150.88941761878064,-2.8054498089574054,False,-0.010330234238573828,59.28960573756816,-6.694399163603748,0.5458515283843153,9,2,150.14696526394272,TP1+TP2+SL,2021-12-08 11:00:00+00:00,36.383855922362606,2062.7536044336102,120,True
2021-12-13 15:00:00+00:00,3,GBP_JPY,SHORT,150.23,150.39790944809144,149.93778609287602,149.72364348812673,149.40242958100276,6031.31,4,OVERLAP,2.5,0.21414260474930655,20.572158738972263,45.89735851615689,150.29805043745023,150.5160803681812,-26.00241694210581,False,-0.013667923693607364,38.3293126797603,-3.9050437450242725,0.883233532934171,15,0,150.23,TP1+SL,2021-12-14 08:00:00+00:00,11.688556284958622,704.973064070338,1020,True
2021-12-16 15:00:00+00:00,3,GBP_JPY,LONG,151.659,151.3504966853317,152.11418324000803,152.43697206668008,152.92115530668812,3305.52,4,OVERLAP,2.5,0.32278882667203096,32.98957721510911,55.34300346885604,151.0641458752384,150.65804141193894,-25.676702822065067,False,0.014540585490949332,39.83488132094894,56.58541247615858,0.4359861591695859,15,3,151.3504966853317,SL,2021-12-16 16:00:00+00:00,-30.850331466828607,-1019.7638767023129,60,False
2021-12-20 09:00:00+00:00,3,GBP_JPY,SHORT,149.61,149.7876500513155,149.29289260056538,149.06215433427562,148.71604693484096,5682.9,4,LONDON,2.5,0.23073826628976005,72.43023176043249,23.617222283643656,150.6365274090271,150.68312183581605,-10.416689187459838,False,-0.041769948527908385,26.06400450298105,-99.75274090271,0.45348837209296816,9,0,149.7876500513155,SL,2021-12-20 10:00:00+00:00,-17.765005131548147,-1009.5674766207497,60,False
2021-12-22 15:00:00+00:00,3,GBP_JPY,LONG,152.559,152.36176283502098,152.87518582489517,153.10530970815861,153.45049553305378,5067.36,4,OVERLAP,2.5,0.2301238832634448,47.20259414781866,80.61712367655235,151.19289288323546,150.79543443016675,46.041412855791464,False,0.0654885093104452,86.97113358587593,133.71071167645425,0.8537234042553029,15,2,152.36176283502098,SL,2021-12-22 21:00:00+00:00,-19.723716497901478,-999.4717203280603,360,False
2021-12-23 09:00:00+00:00,3,GBP_JPY,LONG,153.23499999999999,153.02740273481734,153.49898632591325,153.69431054318875,153.98729686910198,4766.33,4,LONDON,2.5,0.19532421727550037,51.605358009785895,78.82021821208592,151.8810149419645,151.0780106870875,19.84376460659405,False,0.0273436802557932,94.83984719052184,132.49850580354803,0.7311178247733462,9,3,153.23499999999999,TP1+SL,2021-12-23 14:00:00+00:00,10.559453036530613,503.29837791606957,300,True
2021-12-27 10:00:00+00:00,3,GBP_JPY,LONG,153.765,153.62006404232764,154.0123464550285,154.19657742504754,154.47292388007608,6861.72,5,LONDON,2.5,0.18423097001902028,30.48628005930213,69.20281491499807,153.15834522890498,151.96061752931752,10.79304328744115,False,0.04053379922388886,79.38218390804752,57.76547710950126,0.4427480916029971,10,0,153.62006404232764,SL,2021-12-27 11:00:00+00:00,-14.493595767234522,-994.5099594794848,60,False
2021-12-27 13:00:00+00:00,3,GBP_JPY,LONG,154.083,153.9031060742203,154.33596962889857,154.52394938149763,154.8059190103962,5473.03,3,OVERLAP,2.5,0.18797975259904978,40.40872652596215,75.45127621767739,153.23946800126228,152.01710531682596,34.30422913925213,False,0.060034303817628865,92.97651267047593,81.45319987377206,0.8883248730964921,13,0,154.2763378708618,TP1+TP2+SL,2021-12-28 15:00:00+00:00,31.62351783308395,1730.7646180600345,1560,True
2022-01-11 13:00:00+00:00,3,GBP_JPY,LONG,156.945,156.7146254192752,157.23887290362404,157.45412150604008,157.77699440966413,4348.88,5,OVERLAP,2.5,0.21524860241603458,19.68012740898741,55.50719991967964,156.76179481365148,156.16052747015345,0.3050820074065541,False,0.04156017515209185,38.10770282802829,15.420518634851987,0.6615384615383405,13,1,157.35791161662107,TP1+TP2+SL,2022-01-12 15:00:00+00:00,40.37800871898696,1755.9911455782803,1560,True
2022-01-13 09:00:00+00:00,3,GBP_JPY,LONG,157.363,157.16574124323228,157.62279378383857,157.8153229730643,158.10411675690284,5167.99,3,LONDON,2.5,0.19252918922571274,22.338797280116026,57.239147683889506,157.10423414452717,156.52527988544287,7.295773431806651,False,0.016739684995973877,59.470383408067015,22.976585547283435,0.32631578947365064,9,3,157.16574124323228,SL,2022-01-13 12:00:00+00:00,-19.725875676772375,-1019.4312823880286,180,False
2022-01-18 12:00:00+00:00,3,GBP_JPY,SHORT,155.754,155.97496333511177,155.45318332444114,155.23330554073524,154.90348886517637,4567.44,4,LONDON,2.5,0.21987778370590202,36.21981185598454,30.47694730909683,156.40376301721736,156.44087235965569,-46.158462311652215,False,-0.08148038265706681,8.351374830563087,-62.07630172173708,0.8438661710038039,12,1,155.97496333511177,SL,2022-01-19 01:00:00+00:00,-22.09633351117759,-1009.2367753229297,780,False
2022-01-20 11:00:00+00:00,3,GBP_JPY,SHORT,155.471,155.67074851121203,155.21625744393987,155.02709573989978,154.74335318383962,5002.02,4,LONDON,2.5,0.1891617040400937,24.53985205183004,36.45783595213845,155.85414064381334,156.18473839683563,-19.093505784758236,False,-0.01738832188916257,11.349211769969974,-35.41406438133379,0.3657407407408108,11,3,155.67074851121203,SL,2022-01-20 14:00:00+00:00,-19.974851121202164,-999.1460480527566,180,False
2022-01-24 09:00:00+00:00,3,GBP_JPY,SHORT,153.62,153.81371241546006,153.32793792269976,153.11389653783294,152.7928344605327,5106.3,3,LONDON,2.5,0.21404138486682464,40.07183972032334,29.273533495697237,154.60411751698243,155.57700371628414,-13.07257587736217,False,-0.017006666738082626,12.71932855270803,-95.51175169824262,0.5690607734806743,9,0,153.62,TP1+SL,2022-01-24 11:00:00+00:00,11.682483092009761,596.5426341272945,120,True
2022-01-24 16:00:00+00:00,3,GBP_JPY,SHORT,153.028,153.27467145527964,152.6336427236018,152.35140453933636,151.92804726293815,4034.19,2,OVERLAP,2.5,0.2822381842654575,64.79622908415496,24.40544119824753,154.29907948748877,155.42726382344233,-39.059904888421215,False,-0.05633880562986682,40.20773372048223,-124.20794874887804,0.760439560439595,16,0,153.27467145527964,SL,2022-01-24 18:00:00+00:00,-24.667145527965317,-995.1195181746241,120,False
2022-01-28 15:00:00+00:00,3,GBP_JPY,SHORT,154.488,154.75227134193983,154.140643290301,153.88973881716836,153.51338210746937,3727.87,4,OVERLAP,2.5,0.25090447313265823,15.336135172997789,48.227352734377796,154.43944482098553,154.672351781886,-15.964200854193678,False,-0.024379736965111545,44.606806100131514,7.755517901446751,0.4295532646048157,15,4,154.488,TP1+SL,2022-01-30 22:00:00+00:00,13.894268387959983,517.9602629542438,3300,True
2022-02-01 12:00:00+00:00,3,GBP_JPY,SHORT,154.559,154.7703896363626,154.2827184848536,154.07919747475603,153.77391595960964,4684.94,4,LONDON,2.5,0.2035210100975896,25.318605669830852,43.99158261034286,154.69803228112124,154.69806454620647,-21.57492126131615,False,-0.005599632923034446,23.221074383864103,-11.00322811212493,0.4399999999999318,12,1,154.7703896363626,SL,2022-02-01 13:00:00+00:00,-21.13896363626111,-990.3477629806512,60,False
2022-02-01 15:00:00+00:00,3,GBP_JPY,LONG,155.059,154.87262382248957,155.36354755421888,155.58591259036479,155.91946014458367,5260.57,5,OVERLAP,2.5,0.22236503614591913,24.457561978803085,59.323303631704206,154.721931955595,154.70423484182638,17.76595882130607,False,0.025434501073869173,71.56768744012722,30.806804440499036,0.36196319018404105,15,1,154.87262382248957,SL,2022-02-01 17:00:00+00:00,-18.637617751042512,-980.4449281260171,120,False
2022-02-03 08:00:00+00:00,3,GBP_JPY,LONG,155.49699999999999,155.338231988669,155.7075543423692,155.86725723728202,156.10681157965124,6113.57,5,LONDON,2.5,0.1597028949128125,17.931065380005233,64.67699475593997,155.09325441534793,154.85565715503913,3.666666666666174,False,0.009817548508096748,82.38190165519292,37.47455846520609,0.6758241758241681,8,3,156.10681157965124,TP3,2022-02-03 12:00:00+00:00,35.42869477907515,2165.958055405105,240,True
2022-02-08 09:00:00+00:00,3,GBP_JPY,LONG,156.38,156.2018039587796,156.62798020610197,156.81263367683658,157.08961388293855,5568.58,5,LONDON,2.5,0.1846534707346389,31.9671147451401,67.80188049218711,155.89563027316484,155.42787320907837,12.941377374104945,False,0.05094263089363224,80.16380163801811,45.53697268351584,0.43934426229502666,9,1,156.2018039587796,SL,2022-02-08 10:00:00+00:00,-17.819604122038868,-992.298911219032,60,False
2022-02-08 14:00:00+00:00,3,GBP_JPY,LONG,156.388,156.19652960125833,156.6623519937084,156.86458665618065,157.16793864988904,5130.7,5,OVERLAP,2.5,0.20223466247225494,25.804956219372063,62.53616193558503,155.95419994326787,155.46633568581257,13.325033139290099,False,0.018253553701020248,48.44091355729582,40.48000567321424,0.5076923076924176,14,1,156.388,TP1+SL,2022-02-08 22:00:00+00:00,10.974079748335726,563.0471096478611,480,True
2022-02-10 13:00:00+00:00,3,GBP_JPY,LONG,157.391,157.230034150729,157.64516257968828,157.8339376328138,158.11710021250207,6137.99,3,OVERLAP,2.5,0.1887750531255176,58.06372577985878,77.8832360227235,156.5226734048854,155.88198268289992,28.284876013873372,False,0.09727564646032374,92.77896553112339,83.9326595114585,0.49863760217979136,13,3,157.230034150729,SL,2022-02-10 14:00:00+00:00,-16.09658492709798,-988.0067731667812,60,False
2022-02-10 14:00:00+00:00,3,GBP_JPY,LONG,157.553,157.35845075901028,157.82507953828198,158.02579923046994,158.32687876875193,5027.66,3,OVERLAP,2.5,0.20071969218798025,62.14376635333449,80.46236266388647,156.56194111449776,155.8983211636671,35.394046841327054,False,0.10615127755167358,94.32296283446881,96.20588855022447,0.44101123595509295,14,3,157.6229119593901,TP1+TP2+SL,2022-02-10 18:00:00+00:00,31.193389937879484,1568.2975885507917,240,True
2022-02-14 14:00:00+00:00,3,GBP_JPY,LONG,156.386,156.1291811399991,156.9195943000045,157.29465716667417,157.85725146667866,3869.69,4,OVERLAP,2.5,0.37506286666966343,30.784838473494332,49.57535228324655,156.5670878153867,156.23768000029222,46.75034610569355,False,0.040714224224983386,91.14936635682511,-21.00878153867143,0.40501792114695706,14,0,156.1291811399991,SL,2022-02-14 15:00:00+00:00,-25.681886000089094,-993.8093743568477,60,False
2022-02-14 16:00:00+00:00,3,GBP_JPY,LONG,156.423,156.1305490441829,156.9497547790855,157.32025796514253,157.87601274422803,3364.23,5,OVERLAP,2.5,0.37050318605700566,27.616462611704645,50.54545966717558,156.54597917906327,156.23873616226263,41.436533709673995,False,0.07025669588422179,87.97433573744239,-15.197917906326097,0.6217008797654323,16,0,156.1305490441829,SL,2022-02-14 18:00:00+00:00,-29.245095581708824,-983.8722790885228,120,False
2022-02-15 16:00:00+00:00,3,GBP_JPY,LONG,156.589,156.36700447668193,156.99164428325716,157.2794071387619,157.71105142201907,4387.62,5,OVERLAP,2.5,0.2877628555047631,27.73829380134493,53.93841720841231,156.44991484508222,156.26678374171348,0.9926883910367224,False,0.023399453015197164,43.39907301299485,11.008515491778326,0.38235294117648533,16,1,156.36700447668193,SL,2022-02-15 22:00:00+00:00,-22.199552331807126,-974.0319980208358,360,False
2022-02-16 08:00:00+00:00,3,GBP_JPY,LONG,157.017,156.81270616544833,157.26821917275842,157.45503195459736,157.73525112735575,4720.13,4,LONDON,2.5,0.18681278183894162,32.724435707068785,66.53355607456832,156.54992575744663,156.3225932864272,6.466666666668175,False,0.02855277931016148,70.4683936631716,43.80742425533697,0.7042253521126564,8,2,156.81270616544833,SL,2022-02-16 10:00:00+00:00,-20.429383455166317,-964.2934572823419,120,False
2022-02-16 10:00:00+00:00,3,GBP_JPY,LONG,157.0,156.80909077531004,157.26929612344986,157.46816020574977,157.76645632919963,5000.54,4,LONDON,2.5,0.19886408229990263,41.03872079219692,63.27710870397769,156.57789532627044,156.33428011028943,4.378998977452397,False,0.028748319368956346,65.89069865049372,39.31046737295674,0.4648437499999987,10,2,156.80909077531004,SL,2022-02-16 11:00:00+00:00,-19.09092246899604,-954.6492144311346,60,False
2022-02-17 16:00:00+00:00,3,GBP_JPY,LONG,156.733,156.4693334554948,157.16304700824034,157.46907834706724,157.92812535530757,3584.46,5,OVERLAP,2.5,0.3060313388268911,40.57318390161962,52.211451503888775,156.62698891945735,156.42128968045608,15.474197535223766,False,0.0032636415081870873,41.682847896441125,7.701108054266115,0.6927374301675632,16,3,156.4693334554948,SL,2022-02-17 20:00:00+00:00,-26.36665445052131,-945.1021821171562,240,False
2022-02-18 08:00:00+00:00,3,GBP_JPY,LONG,157.091,156.8617039804295,157.40490866928107,157.6335144488018,157.97642311808286,4080.54,5,LONDON,2.5,0.22860577952071426,32.56224221558316,65.02007224441678,156.65217376906944,156.45702775262671,1.9333333333321434,False,0.052465563142755994,79.567229211043,40.98262309305767,0.4606299212598511,8,4,156.8617039804295,SL,2022-02-18 09:00:00+00:00,-22.929601957051204,-935.6515796982573,60,False
2022-02-24 08:00:00+00:00,3,GBP_JPY,SHORT,154.288,154.58498296968241,153.834085151588,153.5121419193133,153.02922707090127,3119.02,4,LONDON,2.5,0.3219432322746816,57.16269112486826,20.438011942603893,155.77374224807497,156.19803041309535,-13.433333333333053,False,-0.13666710398194243,14.614870589845404,-145.674224807496,0.3366336633663149,8,3,154.05979478470718,TP1+TP2+SL,2022-02-24 16:00:00+00:00,53.75502146980523,1676.629870647519,480,True
2022-03-01 10:00:00+00:00,3,GBP_JPY,SHORT,153.786,153.9868309296072,153.46134535196413,153.22557558660685,152.87192093857098,4695.8,5,LONDON,2.5,0.23576976535725502,23.84597179477396,32.20455345810964,154.47988349180517,155.27587647369413,-25.814377832602986,False,-0.04722905525450759,12.706747375149362,-66.48834918051705,0.46843853820592546,10,1,153.9868309296072,SL,2022-03-01 11:00:00+00:00,-20.083092960720705,-943.0618792495229,60,False
2022-03-01 12:00:00+00:00,3,GBP_JPY,SHORT,153.797,153.98887615869194,153.46211920654048,153.2195320109008,152.8556512174413,4865.8,5,LONDON,2.5,0.24258719563967485,27.968108993358165,34.31862440411835,154.43291974772177,155.24803366834388,-17.792558373733414,False,-0.060139935979415915,19.27572153083921,-60.69197477217756,0.375,12,1,153.98887615869194,SL,2022-03-01 13:00:00+00:00,-19.18761586919402,-933.6310129632426,60,False
2022-03-01 16:00:00+00:00,3,GBP_JPY,SHORT,152.969,153.2115208238338,152.54289588083097,152.2394931347183,151.78438901554927,3811.2,2,OVERLAP,2.5,0.30340274611268236,37.387168632199376,24.152917257788005,154.29791720520743,155.18080512291075,-80.79704602733386,False,-0.11328352645576295,18.6041761163418,-129.99172052074357,0.5136116152450221,16,1,153.2115208238338,SL,2022-03-02 00:00:00+00:00,-24.25208238338143,-924.2953637954332,480,False
2022-03-03 10:00:00+00:00,3,GBP_JPY,SHORT,154.82500000000002,155.0608242626601,154.4915453533662,154.249908922277,153.8874542756432,3880.23,4,LONDON,2.5,0.2416364310892077,40.94960414862401,60.753706620224676,154.32298264851758,154.79792129592803,-3.725292914114675,False,-0.03051656560889643,32.76520122484698,53.10173514824328,0.38918918918904555,10,3,153.8874542756432,TP3,2022-03-03 20:00:00+00:00,55.092743461409555,2137.725159612652,600,True
2022-03-04 11:00:00+00:00,3,GBP_JPY,SHORT,153.27,153.4779030899675,152.90448455016246,152.64147425027076,152.24695880043322,4504.16,3,LONDON,2.5,0.26301029989169705,51.64349196380358,29.69300253353704,154.08487341833992,154.62425402608937,-24.95329103506947,False,-0.058161732360707735,9.299233747452265,-78.58734183399179,0.695774647887248,11,4,152.24695880043322,TP3,2022-03-04 14:00:00+00:00,60.22247197400759,2712.5164936644605,180,True
2022-03-10 08:00:00+00:00,3,GBP_JPY,SHORT,152.452,152.66455572219343,152.12572138903292,151.88886898172154,151.53359037075447,4533.18,3,LONDON,2.5,0.23685240731138218,40.91794556953958,46.937638959247664,152.36115926721857,153.04514310424716,-9.866666666667356,False,-0.036612303914053984,65.78510947911217,11.98407327814266,0.6972891566264803,8,3,152.66455572219343,SL,2022-03-10 09:00:00+00:00,-21.255572219342866,-963.553348732807,60,False
2022-03-14 12:00:00+00:00,3,GBP_JPY,LONG,154.087,153.81780993151958,154.45245034240227,154.7154172373371,155.1098675797394,3543.66,5,LONDON,2.5,0.26296689493485037,57.06197242667534,68.95310765562115,153.0320941571436,152.99245018928954,28.99321517412261,False,0.04633069387415617,74.46407599344617,102.5905842856389,0.7783505154638931,12,0,153.81780993151958,SL,2022-03-14 16:00:00+00:00,-26.91900684804125,-953.9180780712985,240,False
2022-03-16 16:00:00+00:00,3,GBP_JPY,LONG,155.505,155.30412461397952,155.8737102634356,156.13885043905935,156.53656070249494,4701.32,4,OVERLAP,2.5,0.2651401756237377,49.0519180363762,77.00927691231514,154.25459049800517,153.51243376979917,63.18347381559306,False,0.08408474602245991,91.47313998621131,122.14095019948275,0.8387096774193549,16,2,155.30412461397952,SL,2022-03-16 17:00:00+00:00,-20.08753860204706,-944.3794698057588,60,False
2022-03-18 13:00:00+00:00,3,GBP_JPY,LONG,156.552,156.360060403589,156.85984083919791,157.08440139866318,157.4212422378611,4870.99,5,OVERLAP,2.5,0.2245605594652743,25.486313334928507,63.94584780485641,155.8676301960206,154.46779875292862,17.280746987623274,False,0.00668275764176085,72.02967058670073,65.53698039793971,0.42081447963795376,13,4,156.74529799360226,TP1+TP2+SL,2022-03-21 07:00:00+00:00,37.475649386489636,1825.4351340509713,3960,True
2022-04-01 12:00:00+00:00,3,GBP_JPY,LONG,161.035,160.7017015773624,161.4758254465214,161.78904241086903,162.25886785739047,2859.87,4,LONDON,2.5,0.31321696434761576,28.50588720179542,62.14823676611473,160.4511647523218,159.9213072059732,14.165371543646188,False,0.03378640616232917,66.92124733763751,55.48352476781986,0.6840490797546556,12,4,160.7017015773624,SL,2022-04-01 15:00:00+00:00,-33.3298422637597,-953.1901599485846,180,False
2022-04-05 11:00:00+00:00,3,GBP_JPY,LONG,161.481,161.2387732853032,161.8114669068172,162.05111151136202,162.41057841817923,3895.76,4,LONDON,2.5,0.23964460454480527,40.75466415952006,63.702327567710824,160.8751747849042,160.28792842052786,14.801373926908923,False,0.05724336256701912,83.87562430944367,57.68252150957949,0.733990147783245,11,1,161.2387732853032,SL,2022-04-05 12:00:00+00:00,-24.222671469678403,-943.6571460471434,60,False
2022-04-06 09:00:00+00:00,3,GBP_JPY,LONG,162.231,161.97137886514187,162.58260567429073,162.83634279048454,163.21694846477524,3598.4,3,LONDON,2.5,0.2537371161938144,46.210573983952344,69.42228819159902,161.42521795098742,160.58450362408146,10.289634962921923,False,0.011509143726186805,78.09504221758628,77.67820490125814,0.3853658536585508,9,2,161.97137886514187,SL,2022-04-06 11:00:00+00:00,-25.96211348581221,-934.2206916734666,120,False
2022-04-07 11:00:00+00:00,3,GBP_JPY,LONG,162.161,161.97325474393017,162.50322628034917,162.75071046724858,163.12193674759774,4926.25,3,LONDON,2.5,0.24748418689943427,21.008550379914972,61.16968618397178,161.70835229197755,160.87814906176365,23.078421266654914,False,0.01598339740589548,51.65394402035687,42.364770802245744,0.7182741116751562,11,3,161.97325474393017,SL,2022-04-07 13:00:00+00:00,-18.77452560698316,-924.880067714008,120,False
2022-04-25 13:00:00+00:00,3,GBP_JPY,SHORT,162.498,162.98672439371853,161.77337803140733,161.27096338567887,160.51734141708621,1873.51,4,OVERLAP,2.5,0.5024146457284446,44.256163844380424,28.037983201063284,165.06876136943734,165.3131919105427,-62.25919012196357,False,-0.0748956203349922,35.673328706955004,-254.1761369437353,0.815758980301284,13,0,162.98672439371853,SL,2022-04-25 14:00:00+00:00,-48.87243937185417,-915.630038875625,60,False
2022-04-25 15:00:00+00:00,3,GBP_JPY,SHORT,162.116,162.63775725784916,161.3712137107543,160.85535618459048,160.08156989534476,1737.35,3,OVERLAP,2.5,0.5158575261638125,45.69345596885527,25.613491469143554,164.85890121031105,165.25436793270967,-80.96571711092508,False,-0.09405137842241862,7.020095157009089,-271.3901210311036,0.6341853035143583,15,0,162.63775725784916,SL,2022-04-25 16:00:00+00:00,-52.175725784914555,-906.474971924213,60,False
2022-04-26 12:00:00+00:00,3,GBP_JPY,SHORT,161.279,161.7175655027266,160.60017248636706,160.12828747727846,159.42045996364553,2046.24,5,LONDON,2.5,0.4718850090886172,38.664262636671644,27.12362179036684,163.63379666934128,164.78186031235552,-87.60484923199385,False,-0.0891715067472717,5.24192759590882,-232.57966693412868,0.6851063829787447,12,1,160.45466385158068,TP1+TP2+SL,2022-04-27 00:00:00+00:00,89.66832442256532,1834.8291216643006,720,True
2022-05-02 09:00:00+00:00,3,GBP_JPY,SHORT,163.264,163.6141058288707,162.7974708556465,162.46711809274416,161.97158894839066,2615.66,4,LONDON,2.5,0.3303527629023379,21.795211844654812,48.59521451617718,163.10849170087778,163.39872237030764,-15.29372455875091,False,-0.024124919629687103,29.153710259811888,18.450829912222844,0.5546218487395179,9,0,162.91233243609344,TP1+TP2+SL,2022-05-03 03:00:00+00:00,57.56979334250559,1505.8300565425816,1080,True
2022-05-03 16:00:00+00:00,3,GBP_JPY,SHORT,162.52,162.80485933519418,162.08095332402917,161.76892220671527,161.30087553074443,3267.63,4,OVERLAP,2.5,0.3120311173138948,20.58310100215098,43.5165981082838,162.88470877254625,163.23997354264276,-29.4531501272985,False,-0.014913230864955794,15.774647887324347,-33.570877254624065,0.7941176470588235,16,1,162.80485933519418,SL,2022-05-04 07:00:00+00:00,-28.485933519417014,-930.8149094605263,900,False
2022-05-10 11:00:00+00:00,3,GBP_JPY,SHORT,160.452,160.7826037736929,159.8169811315353,159.37430188589218,158.7102830174275,2787.35,5,LONDON,2.5,0.4426792456431206,26.976016402473988,43.866645005494384,161.00900903899606,161.9673771139448,1.1628234963353634,False,-0.04284795514867426,29.424920561581263,-52.800903899606055,0.3670588235294159,11,1,160.7826037736929,SL,2022-05-11 02:00:00+00:00,-33.060377369289995,-921.5084286029046,900,False
2022-05-11 10:00:00+00:00,3,GBP_JPY,SHORT,160.189,160.4770941533021,159.75467209063237,159.44578681772063,158.982458908353,3166.65,5,LONDON,2.5,0.30888527291174755,33.57400856069479,39.50678558050416,160.73619413699402,161.67445201656727,-29.87341114497042,False,-0.01646566774459951,45.64474372262637,-51.81941369940262,0.655238095238131,10,2,160.4770941533021,SL,2022-05-11 12:00:00+00:00,-28.80941533020973,-912.2933505540865,120,False
2022-05-12 08:00:00+00:00,3,GBP_JPY,SHORT,156.532,156.9173292592602,155.816853703699,155.32075617283164,154.57660987653063,2343.89,2,LONDON,2.5,0.4960975308673437,66.35318862114448,17.919327124917046,159.61483466494616,161.14915816359803,-23.166666666668334,False,-0.2053360472837148,9.270809116389534,-305.38346649461516,0.8949640287769666,8,3,156.9173292592602,SL,2022-05-12 09:00:00+00:00,-38.53292592602031,-903.1693974873974,60,False
2022-05-12 13:00:00+00:00,3,GBP_JPY,SHORT,156.135,156.72196109165543,155.28419454172277,154.69765756953794,153.81785211126072,1523.34,3,OVERLAP,2.5,0.5865369721848194,68.05571056060788,22.05770782166222,159.08369717778857,160.93198808512187,-54.890982595313176,False,-0.14756679351093316,26.432535469177026,-291.9697177788578,0.3685015290519893,13,3,156.72196109165543,SL,2022-05-12 14:00:00+00:00,-58.69610916554393,-894.1413093623969,60,False
2022-05-12 15:00:00+00:00,3,GBP_JPY,SHORT,156.201,156.73475777800903,155.28621110995482,154.6570185165914,153.71322962654622,1658.42,4,OVERLAP,2.5,0.6291925933634417,67.7564307040381,27.979895989305206,158.88016644516352,160.8430389386132,-41.32090675995812,False,-0.09319369687427759,43.86785645141347,-265.0166445163535,0.5197530864197771,15,3,156.73475777800903,SL,2022-05-12 22:00:00+00:00,-53.37577780090327,-885.1945742057402,420,False
2022-05-26 12:00:00+00:00,3,GBP_JPY,SHORT,159.748,160.08058716106186,159.11506419469058,158.6737736578176,158.0118378525082,2634.93,4,LONDON,2.5,0.44129053687294817,24.687452343808744,50.135780595897934,159.7017976998474,159.7052397730197,8.118660770614383,False,-0.0473154220721031,76.73454867120536,7.520230015259699,0.38869257950534686,12,3,160.08058716106186,SL,2022-05-26 14:00:00+00:00,-33.258716106186625,-876.3438882967432,120,False
2022-05-26 16:00:00+00:00,3,GBP_JPY,LONG,160.176,159.82294513465513,160.77327432672433,161.19079054454056,161.8170648712649,2457.36,5,OVERLAP,2.5,0.4175162178162278,20.403138932186742,56.181955682291935,159.74899852641155,159.7174668596903,33.71176873748709,False,0.004489839278062804,72.35566436455169,39.800147358843674,0.46445497630327987,16,3,159.82294513465513,SL,2022-05-26 21:00:00+00:00,-35.30548653448591,-867.582903903843,300,False
2022-05-31 15:00:00+00:00,3,GBP_JPY,LONG,162.289,162.04178553238307,162.72023900475133,163.02706500791888,163.48730401267022,3474.33,5,OVERLAP,2.5,0.30682600316755815,41.1919801812292,72.27607676785766,161.1551577891038,160.34855103773413,61.34257294129952,False,0.066306313661046,92.79553464520491,110.48422108961802,0.4771573604060548,15,1,162.04178553238307,SL,2022-05-31 17:00:00+00:00,-24.721446761691368,-858.9046412754717,120,False
2022-06-02 16:00:00+00:00,3,GBP_JPY,LONG,163.297,163.05256160305632,163.6776919847184,163.95081997453067,164.3605119592491,3478.65,3,OVERLAP,2.5,0.27312798981227077,26.408411566105727,72.51824941150154,162.41108309365384,161.20549171593925,42.436030556297055,False,0.05604803656110194,74.97471082376809,85.69169063461572,0.7980456026058355,16,3,163.59297548688463,TP1+TP2+SL,2022-06-03 14:00:00+00:00,47.2999881076555,1645.4010363069583,1320,True
2022-06-06 08:00:00+00:00,3,GBP_JPY,LONG,164.415,164.19769412304868,164.82877938475664,165.12396564126107,165.56674502601768,3988.71,4,LONDON,2.5,0.2951862565044249,34.31954983862919,71.03201192065791,163.24957505418627,161.93894784433124,9.266666666667334,False,0.07939765344222,94.44177775599354,113.64249458137294,0.7818627450980357,8,0,164.19769412304868,SL,2022-06-06 09:00:00+00:00,-21.730587695131476,-866.7701244544787,60,False
2022-06-06 13:00:00+00:00,3,GBP_JPY,LONG,164.39,164.10237449384763,164.80112753076182,165.09454588460304,165.53467341536486,2983.4,5,OVERLAP,2.5,0.2934183538412173,42.886426753767275,65.95290661744329,163.42331091100766,162.04945618876593,15.391650802885692,False,0.08590936182036732,73.5132444431768,93.76890889923288,0.5568627450979711,13,0,165.53467341536486,TP3,2022-06-06 23:00:00+00:00,67.52040492189279,2014.40376043975,600,True
2022-06-14 13:00:00+00:00,3,GBP_JPY,SHORT,162.00900000000001,162.50949359007657,161.290532049617,160.79222008269502,160.04475213231203,1754.76,4,OVERLAP,2.5,0.4983119669219935,42.28011877564199,31.504685912857184,164.0678005900181,164.72342216216487,-49.63569940411503,False,-0.05897401242890954,15.833451858129541,-202.9800590018084,0.5660818713449943,13,1,162.50949359007657,SL,2022-06-14 20:00:00+00:00,-50.04935900765588,-878.2461321227423,420,False
2022-06-16 15:00:00+00:00,3,GBP_JPY,SHORT,162.47,163.04672359253857,161.3897570373072,160.65026172884532,159.54101876615255,1507.59,4,OVERLAP,2.5,0.7394953084618652,35.13210953363867,50.13108823752592,162.70485566994725,163.83758040079545,60.85461527009954,False,-0.008781269504990585,86.5641711229947,-20.58556699472547,0.33830845771145074,15,3,163.04672359253857,SL,2022-06-16 16:00:00+00:00,-57.67235925385705,-869.4627208752235,60,False
2022-06-27 15:00:00+00:00,3,GBP_JPY,LONG,166.481,166.11970223559092,166.99048882204534,167.34948137007558,167.88797019212095,2382.44,5,OVERLAP,2.5,0.3589925480302343,30.716667454147355,61.195076476439176,165.87041501561666,165.47121116728925,33.586431617240464,False,0.04803305401983264,75.60439896051334,58.15849843833405,0.7477064220183378,15,0,166.11970223559092,SL,2022-06-27 19:00:00+00:00,-36.129776440907335,-860.7702458387528,240,False
2022-06-30 14:00:00+00:00,3,GBP_JPY,SHORT,164.928,165.25184399379762,164.41611336434534,164.05552227390888,163.51463563825422,2631.4,5,OVERLAP,2.5,0.36059109043644255,32.227725532853455,35.2021780004161,165.63644521189343,165.6449922727385,-22.8532704647904,False,-0.039304106551900225,37.873177850247295,-67.94452118934373,0.42215988779806274,14,3,165.25184399379762,SL,2022-06-30 15:00:00+00:00,-32.384399379762385,-852.1630852790674,60,False
2022-07-01 11:00:00+00:00,3,GBP_JPY,SHORT,162.861,163.31701640314765,162.19691798426183,161.73486330710307,161.0417812913649,1850.02,4,LONDON,2.5,0.4620546771587707,51.73445914524882,21.104542661753555,164.85803700828237,165.40877501964263,-62.065390623186545,False,-0.12800889268724525,19.92386166221717,-196.803700828238,0.5120593692022308,11,4,162.58932516451736,TP1+TP2+SL,2022-07-01 15:00:00+00:00,77.0422450550558,1425.2969419675433,240,True
2022-07-05 08:00:00+00:00,3,GBP_JPY,SHORT,163.574,164.0000142262402,162.99417886879903,162.58829811466504,161.97947698346405,2013.77,4,LONDON,2.5,0.4058807541339881,40.773397233095665,36.76960142066274,164.34938706021475,164.91221922411202,-25.300000000004275,False,-0.08646653694389411,27.687979997447375,-74.63870602147438,0.8320935175345218,8,1,161.97947698346405,TP3,2022-07-05 15:00:00+00:00,94.51138099215767,1903.2418370057735,420,True
2022-07-08 08:00:00+00:00,3,GBP_JPY,SHORT,161.96,162.31811889797004,161.32965551014988,160.89009251691644,160.23074802706628,2448.7,4,LONDON,2.5,0.43956299323342746,40.99356225472061,33.278411403694804,162.80392614223734,163.658964532243,-8.233333333333803,False,-0.19705226777575957,17.456532232398494,-81.492614223734,0.41008403361344575,8,4,162.31811889797004,SL,2022-07-08 09:00:00+00:00,-35.811889797003005,-876.9257454592125,60,False
2022-07-08 13:00:00+00:00,3,GBP_JPY,SHORT,163.237,163.56262746109132,162.53786269454332,162.05243782423887,161.32430051878222,2666.1,3,OVERLAP,2.5,0.48542487030444514,31.72887104665354,55.185638810510845,162.8424994219513,163.62692912497562,36.67722663728057,False,-0.00223286735534952,85.34257666617656,42.35005780487029,0.398744113029857,13,4,163.56262746109132,SL,2022-07-08 14:00:00+00:00,-32.562746109132945,-868.1553740155935,60,False
2022-07-11 09:00:00+00:00,3,GBP_JPY,SHORT,163.612,164.00218985997145,163.0875507001427,162.71858450023788,162.1651352003806,2202.71,5,LONDON,2.5,0.3689661999048445,28.013243986045374,49.19094882371123,163.4192987192331,163.67227173568241,-13.861252906013988,False,-0.061726954428777986,26.424668227947265,22.170128076689366,0.5536105032822803,9,0,164.00218985997145,SL,2022-07-11 11:00:00+00:00,-39.018985997145705,-859.4751064577282,120,False
2022-07-11 14:00:00+00:00,3,GBP_JPY,SHORT,163.304,163.58990480394772,162.69247598026138,162.2654599671023,161.62493594736367,2976.1,5,OVERLAP,2.5,0.4270160131590821,25.42710263660105,42.91861866896064,163.47662712719182,163.67581436248398,-38.30535462462592,False,-0.09275430206277971,46.33313957791831,-14.362712719182014,0.4043824701195201,14,0,162.55980435140955,TP1+TP2+SL,2022-07-12 15:00:00+00:00,80.88647507726249,2407.262384774409,1500,True
2022-07-18 13:00:00+00:00,3,GBP_JPY,LONG,165.846,165.5897280086948,166.3083599565259,166.63593326087647,167.12729321740233,3414.16,4,OVERLAP,2.5,0.32757330435058285,56.42894611412377,75.54781831409875,164.49912280650278,163.88246140924943,35.90850264065466,False,0.1302063954418708,86.14077442966793,131.78771934972247,0.49152542372882174,13,0,165.5897280086948,SL,2022-07-18 16:00:00+00:00,-25.627199130519788,-874.9535818345543,180,False
2022-07-19 08:00:00+00:00,3,GBP_JPY,LONG,165.576,165.22308571295264,166.0515714352368,166.38795239206135,166.89252382729816,2454.43,5,LONDON,2.5,0.3363809568245389,28.058952599013516,61.13964573072887,164.84407176732395,164.10365742111654,7.233333333334713,False,0.007412452791807245,73.39704012364648,70.29282326760438,0.41846153846153983,8,1,165.22308571295264,SL,2022-07-19 09:00:00+00:00,-35.291428704735495,-866.2034135576394,60,False
2022-07-19 14:00:00+00:00,3,GBP_JPY,LONG,165.845,165.57028192789477,166.34822672416254,166.70304454027092,167.23527126443346,3121.53,5,OVERLAP,2.5,0.3548178161083654,29.052211628081402,64.39584025483782,164.97152949067905,164.1812495130492,38.45407004207857,False,0.03813257295990051,64.25727380890056,84.44705093209564,0.6267071320182067,14,1,165.57028192789477,SL,2022-07-20 10:00:00+00:00,-27.471807210523025,-857.5407036186394,1200,False
2022-07-21 12:00:00+00:00,3,GBP_JPY,LONG,165.895,165.61468953292305,166.38255233538487,166.72692055897477,167.24347289435963,3028.66,5,LONDON,2.5,0.34436822358990005,23.435667200541907,55.729330299121834,165.57125046194756,164.74468982239497,25.033840029183807,False,0.0032942996342443295,67.88810086682555,29.47495380524572,0.6920731707317128,12,3,165.61468953292305,SL,2022-07-21 13:00:00+00:00,-28.03104670769585,-848.9650992173011,60,False
2022-07-26 08:00:00+00:00,3,GBP_JPY,SHORT,164.281,164.4907847083212,163.858576458394,163.55762743065665,163.10620388905068,4006.38,5,LONDON,2.5,0.30094902773733473,17.626326390139315,45.04114436529562,164.42193651576218,164.50908140205743,-6.100000000000705,False,-0.04980110949634026,16.35227608013096,-11.193651576218144,0.7052896725440988,8,1,164.1051777478762,TP1+TP2+SL,2022-07-26 14:00:00+00:00,49.348289480450376,1977.0800000868678,360,True
2022-07-26 16:00:00+00:00,3,GBP_JPY,SHORT,164.25300000000001,164.5092149741921,163.7384251290395,163.3760418817325,162.83246701077198,3357.52,5,OVERLAP,2.5,0.36238324730700744,25.995217079980815,49.29804237015229,164.33606962128704,164.4773546546567,21.584824995605345,False,-0.02667862069714696,83.70003588655607,-5.40696212870273,0.6896551724137159,16,1,164.5092149741921,SL,2022-07-26 18:00:00+00:00,-25.62149741920905,-860.2469001494277,120,False
2022-08-04 13:00:00+00:00,3,GBP_JPY,SHORT,161.499,161.94005107541864,160.7627446229068,160.25257437151134,159.48731899441813,1930.94,4,OVERLAP,2.5,0.5101702513954643,38.663347237498705,35.093709958278325,162.2957627676342,162.80954193236028,-82.43195603664333,False,-0.1763246126696508,14.82840755548156,-76.77627676341956,0.377862595419861,13,3,161.94005107541864,SL,2022-08-04 18:00:00+00:00,-44.105107541864186,-851.6431635688723,300,False
2022-08-09 13:00:00+00:00,3,GBP_JPY,LONG,163.576,163.3269031960747,163.99748401962646,164.29780669937745,164.7482907190039,3384.74,5,OVERLAP,2.5,0.30032267975097987,20.55900717282328,59.5640271319593,162.9800350086533,162.79114635984217,12.945063197443574,False,0.04231049534521106,66.46553719981198,56.69649913467083,0.6578073089701514,13,1,163.3269031960747,SL,2022-08-09 14:00:00+00:00,-24.90968039252834,-843.1279161180638,60,False
2022-08-10 11:00:00+00:00,3,GBP_JPY,LONG,163.49,163.24204987002705,163.79241731653127,164.01336219421876,164.34477951075002,3366.39,4,LONDON,2.5,0.2209448776875005,23.869071033044627,62.434704286765275,163.08308119626724,162.86180814937114,19.972661134954706,False,0.025166307555545882,68.29475308642252,37.791880373276854,0.7490494296578711,11,2,163.24204987002705,SL,2022-08-10 12:00:00+00:00,-24.79501299729634,-834.6968380396842,60,False
2022-08-11 12:00:00+00:00,3,GBP_JPY,SHORT,161.386,161.68641656326727,160.96077432652072,160.65795721086786,160.2037315373886,2750.68,5,LONDON,2.5,0.3028171156528493,49.59047955166378,29.813426312113137,162.48394729571982,162.7098392088059,-36.43732405420508,False,-0.05288667742870226,14.959389830855216,-106.89472957198234,0.5573770491803278,12,3,161.68641656326727,SL,2022-08-11 13:00:00+00:00,-30.04165632672766,-826.3498322480324,60,False
2022-08-15 11:00:00+00:00,3,GBP_JPY,SHORT,160.898,161.2113200363507,160.4478998182464,160.12849969707736,159.64939951532378,2611.03,5,LONDON,2.5,0.31940012116904987,44.65867651409409,34.36605450449039,161.86062550452507,162.4070676864342,-13.327550544559585,False,-0.04709466416876096,41.98373983739892,-93.36255045250823,0.8259740259740158,11,0,160.898,TP1+SL,2022-08-15 15:00:00+00:00,18.004007270143344,470.09003102562383,240,True
2022-08-18 09:00:00+00:00,3,GBP_JPY,LONG,163.201,162.9223410637145,163.63029468142736,163.93582446904557,164.39411915047293,2952.67,5,LONDON,2.5,0.3055297876182319,29.689504594063838,64.64954127023292,162.48556913137418,162.29480729471592,19.857185299869684,False,0.01616643608511105,85.34381198455729,68.64308686258198,0.8328530259365425,9,3,162.9223410637145,SL,2022-08-18 11:00:00+00:00,-27.865893628549543,-822.7878814020938,120,False
2022-08-24 09:00:00+00:00,3,GBP_JPY,SHORT,161.074,161.35134434559632,160.6837782720183,160.40429712003046,159.98507539204877,2937.0,3,LONDON,2.5,0.2794811519878131,21.282814957267803,34.67225409107782,161.65146905268318,161.9843233518272,-14.449754284456162,False,-0.04679929067251135,31.27596082643071,-54.846905268317414,0.5477386934673152,9,2,161.35134434559632,SL,2022-08-24 13:00:00+00:00,-27.73443455963047,-814.5603430163469,240,False
2022-08-25 09:00:00+00:00,3,GBP_JPY,SHORT,161.445,161.67078294713767,161.09883526431173,160.84872544051956,160.4735607048313,3571.63,5,LONDON,2.5,0.25010982379217245,16.304445534780406,45.477951130016166,161.61219011187345,161.89446395532906,-12.1917212588869,False,-0.00981844585378916,14.813203495258884,-13.819011187345609,0.4797297297298245,9,3,161.67078294713767,SL,2022-08-25 12:00:00+00:00,-22.578294713767374,-806.4131474853298,180,False
2022-08-25 15:00:00+00:00,3,GBP_JPY,SHORT,161.44,161.67695913983817,161.06295430080914,160.79225716801523,160.3862114688244,3369.15,5,OVERLAP,2.5,0.27069713279390223,15.56806400723557,45.918441354250795,161.59275019592002,161.87259367740245,-7.679819408159005,False,-0.015095411094863714,49.963942636260235,-12.375019592002445,0.638376383763809,15,3,161.67695913983817,SL,2022-08-26 02:00:00+00:00,-23.695913983817714,-798.3508859857947,660,False
2022-08-31 13:00:00+00:00,3,GBP_JPY,SHORT,161.094,161.38554059547818,160.70751924483108,160.43053207471849,160.01505131954957,2711.0,5,OVERLAP,2.5,0.2769871701126061,44.16376223929521,33.45933591656423,161.71186614010045,161.82514099260493,-14.062057758224,False,-0.03656963598419927,41.17189363560296,-58.8866140100464,0.4005037783375625,13,2,161.38554059547818,SL,2022-08-31 14:00:00+00:00,-29.15405954781818,-790.3665543413508,60,False
2022-09-01 13:00:00+00:00,3,GBP_JPY,SHORT,161.17000000000002,161.38220390242842,160.76575826563564,160.47693044272606,160.04368870836169,3687.32,5,OVERLAP,2.5,0.2888278229095802,28.38353918563223,43.8114007658087,161.51361976045771,161.7339416818822,-7.635776955274309,False,-0.025480365153961765,37.54211509530689,-31.461976045770257,0.5617647058823181,13,3,161.38220390242842,SL,2022-09-01 14:00:00+00:00,-21.220390242839926,-782.4636935022852,60,False
2022-09-06 09:00:00+00:00,3,GBP_JPY,LONG,164.349,163.9578029462264,164.87498526886796,165.24497544811328,165.79996071698127,1980.17,4,LONDON,2.5,0.3699901792453175,73.95646860892265,85.50750347204522,162.2196306021569,161.8565310870558,28.639830638644526,False,0.18702148565450727,83.53128357466265,210.03693978430817,0.49264705882349435,9,1,164.349,TP1+SL,2022-09-06 21:00:00+00:00,21.039410754718805,416.61609994171533,720,True
2022-09-20 15:00:00+00:00,3,GBP_JPY,SHORT,163.75300000000001,163.99185980655722,163.34170096721388,163.0481682786898,162.60786924590363,3260.51,5,OVERLAP,2.5,0.2935326885240942,19.89969046236085,49.082192025469716,163.80565564632673,164.31533972783953,-28.057950403839982,False,-0.02347052070725769,24.329154720299698,-2.365564632671635,0.8173374613002335,15,1,163.75300000000001,TP1+SL,2022-09-21 04:00:00+00:00,16.451961311445302,536.4178437558053,780,True
2022-09-23 09:00:00+00:00,3,GBP_JPY,SHORT,158.698,159.1527291831312,157.83835408434388,157.24592347390643,156.3572775582503,1724.47,3,LONDON,2.5,0.5924306104374252,45.702469546875925,31.742369529301072,161.07220894322964,163.02120933668897,-47.48236702642714,False,-0.004999642721821407,40.53206601992614,-234.5208943229636,0.5435294117647043,9,4,156.3572775582503,TP3,2022-09-23 14:00:00+00:00,139.2833465049824,2401.8995254744705,300,True
2022-09-30 09:00:00+00:00,3,GBP_JPY,SHORT,161.094,161.71328943462495,159.99230282687512,159.23850471145852,158.10780753833365,1305.02,4,LONDON,2.5,0.7537981154165881,48.33355429946719,63.88124197875269,158.62098722531272,158.67607368291283,-40.545628880698814,False,-0.08588380282569674,71.14581598060236,250.2012774687273,0.7036290322580588,9,4,161.094,TP1+SL,2022-09-30 14:00:00+00:00,44.06788692499504,575.0947379485702,300,True
2022-10-03 10:00:00+00:00,3,GBP_JPY,LONG,162.569,161.97403907419528,163.65380462902368,164.3963410483728,165.51014567739648,1368.05,5,LONDON,2.5,0.7425364193491236,33.293142550994695,60.92264257780398,160.5009687108464,159.2929636570431,3.6329156435243704,False,0.045203448066799656,62.24671895760017,203.90312891535984,0.36585365853656193,10,0,164.17928437283052,TP1+TP2+SL,2022-10-04 09:00:00+00:00,148.69151455247047,2034.1742648350723,1380,True
2022-10-10 09:00:00+00:00,3,GBP_JPY,LONG,161.099,160.71725100220678,161.7207449889662,162.15457498161035,162.80531997057656,2185.42,4,LONDON,2.5,0.43382999264414035,25.965549684198233,44.47823794709542,161.76422544589312,161.6803392101765,12.1286465022024,False,0.027303959030139102,48.669456139439454,-69.42254458931245,0.3918228279386421,9,0,160.71725100220678,SL,2022-10-10 11:00:00+00:00,-38.17489977932098,-834.2818947572366,120,False
2022-10-10 11:00:00+00:00,3,GBP_JPY,LONG,161.07399999999998,160.71627356822933,161.7006321588535,162.13772026475584,162.79335242360938,2308.85,4,LONDON,2.5,0.4370881059023463,23.17962082057086,45.58357759571925,161.69807047119932,161.66492138962403,11.443459137146306,False,0.029722140610354275,51.790633608815085,-65.3070471199328,0.5962732919254246,11,0,160.71627356822933,SL,2022-10-10 13:00:00+00:00,-35.77264317706579,-825.9366719936834,120,False
2022-10-13 14:00:00+00:00,3,GBP_JPY,LONG,165.597,164.98650286606525,166.5646523363405,167.22908722723412,168.2257395635746,1339.36,4,OVERLAP,2.5,0.664434890893647,55.981274125122155,78.82664926732372,162.62599556546394,161.83787305903837,98.70451601211414,False,0.22836178614622382,86.12839555281977,294.20044345360736,0.7144772117962584,14,3,166.10865315567418,TP1+TP2+SL,2022-10-14 07:00:00+00:00,114.22264565646687,1529.8524268644546,1020,True
2022-10-17 11:00:00+00:00,3,GBP_JPY,LONG,168.136,167.65087044028826,168.97514779855865,169.55391299759776,170.42206079615644,1717.02,3,LONDON,2.5,0.57876519903911,50.789403191557994,66.80169008939566,166.21009106426823,163.63375209580147,34.93821305890208,False,0.07323837495110497,73.13053563671373,189.69089357317728,0.602794411177624,11,0,168.82668429862323,TP1+TP2+SL,2022-10-18 01:00:00+00:00,104.09611781872171,1787.3511621710156,840,True
2022-10-20 09:00:00+00:00,3,GBP_JPY,LONG,167.91899999999998,167.523109488332,168.4807025583399,168.87450426389984,169.46520682223976,2149.21,3,LONDON,2.5,0.3938017055599459,25.449758139166732,43.98317978776527,168.2066857948338,166.11597475872435,8.409159876273975,False,0.010400898984001011,33.98148781058793,-31.6685794833802,0.3581818181817641,9,3,169.46520682223976,TP3,2022-10-20 14:00:00+00:00,91.61240933438704,1968.9430626555798,300,True
2022-10-25 13:00:00+00:00,3,GBP_JPY,LONG,169.73499999999999,169.3776671121124,170.48516443943808,171.00460739906347,171.78377183850154,2436.21,4,OVERLAP,2.5,0.5194429596253892,34.532949115599,66.76933480504255,168.3802922419625,167.28752024619763,79.02863999907481,False,0.12729158107910282,79.07637651182569,132.57077580374812,0.7517084282460218,13,1,169.3776671121124,SL,2022-10-25 14:00:00+00:00,-35.73328878875941,-870.5379548006356,60,False
2022-10-25 16:00:00+00:00,3,GBP_JPY,LONG,169.807,169.37787508939903,170.5561245530049,171.07487425500815,171.85299880801307,2008.35,4,OVERLAP,2.5,0.5187497020032701,45.64351443867418,65.19467141191436,168.5148067634217,167.3548504100454,58.50913194595364,False,0.15375902180040255,76.88138419845697,126.3193236578303,0.539325842696594,16,1,169.37787508939903,SL,2022-10-26 00:00:00+00:00,-42.91249106009615,-861.8330142054411,480,False
2022-11-03 13:00:00+00:00,3,GBP_JPY,SHORT,165.311,165.6634294125211,164.61118627072773,164.1253104512129,163.39649672194062,2420.95,3,OVERLAP,2.5,0.4858758195148471,80.69960512386699,16.594185709562836,168.48344349759327,169.08591515689886,-119.52297955004951,False,-0.20991730750407656,7.157208860935374,-314.34434975932675,0.5153284671532956,13,3,165.6634294125211,SL,2022-11-03 14:00:00+00:00,-35.24294125211043,-853.2139862429673,60,False
2022-11-08 14:00:00+00:00,3,GBP_JPY,SHORT,167.32,167.68727477097002,166.83162614514987,166.48671024191643,165.9693363870663,2299.87,5,OVERLAP,2.5,0.34491590323341964,48.67051608559452,35.830795522391966,167.7628770988694,168.1276078012177,-36.786567443681406,False,-0.2001913506720705,13.353584980569499,-41.38770988694205,0.3844393592677387,14,1,167.68727477097002,SL,2022-11-08 15:00:00+00:00,-36.72747709700275,-844.6842275108371,60,False
2022-11-10 15:00:00+00:00,3,GBP_JPY,SHORT,165.32,165.66379054906383,164.61838058801408,164.13130098002344,163.40068156803753,2432.4,4,OVERLAP,2.5,0.48707960799061617,27.22494189530388,29.08236808800865,166.86909471042355,167.67962909239708,-96.84641587986675,False,-0.0586737568744109,21.842193325236977,-152.00947104235638,0.41478129713424006,15,3,165.66379054906383,SL,2022-11-10 16:00:00+00:00,-34.379054906384,-836.2361315428844,60,False
2022-11-11 13:00:00+00:00,3,GBP_JPY,SHORT,164.012,164.56844199831727,163.16279000841374,162.57731668068953,161.69910668910327,1487.8,5,OVERLAP,2.5,0.5854733277241808,47.60668813507296,33.90108390444098,165.86987104802353,167.1993045513321,-36.03784774201131,False,-0.1362467366223542,41.52495568125718,-182.88710480235295,0.6637744034707227,13,4,164.56844199831727,SL,2022-11-13 22:00:00+00:00,-55.64419983172683,-827.8744050964318,3420,False
2022-11-21 09:00:00+00:00,3,GBP_JPY,LONG,167.475,167.12386334653112,167.94168326734425,168.27213877890708,168.76782204625135,2334.12,5,LONDON,2.5,0.33045551156283665,26.98802787887221,68.22017098951883,166.40232856561389,166.229161244275,47.21826979084085,False,0.04761627851666379,83.44447902134006,104.36714343861127,0.9090909090909227,9,0,167.12386334653112,SL,2022-11-21 14:00:00+00:00,-35.113665346887046,-819.5950855947599,300,False
2022-11-23 11:00:00+00:00,3,GBP_JPY,LONG,168.855,168.60976124380346,169.20919378098262,169.4646563016377,169.8478500826203,3308.61,4,LONDON,2.5,0.2554625206550795,32.16618495169021,78.78775147276781,167.7624231649706,166.88533088742534,42.659455462666074,False,0.07964153801229523,86.85069116510653,106.35768350293802,0.4092920353982368,11,2,168.60976124380346,SL,2022-11-23 14:00:00+00:00,-24.523875619652813,-811.399401139395,180,False
2022-11-24 15:00:00+00:00,3,GBP_JPY,LONG,167.988,167.63600214509992,168.50398927450036,168.86731545750058,169.41230473200093,2282.08,4,OVERLAP,2.5,0.3633261830002305,40.14211608181284,52.04206505499746,167.86454475448352,167.153457864246,34.75247069060288,False,0.002596645244478807,78.11162838793489,9.445524551648532,0.5033557046979708,15,3,167.63600214509992,SL,2022-11-24 18:00:00+00:00,-35.199785490007685,-803.2872647103674,180,False
2022-12-06 10:00:00+00:00,3,GBP_JPY,SHORT,166.315,166.616335088857,165.7639912223816,165.37731870396934,164.79730992635092,2639.1,4,LONDON,2.5,0.38667251841226735,23.054530365926762,47.11704918682193,166.2472020816292,166.3185575020701,-20.550051800631763,False,-0.08274374808302742,9.646454654919637,9.679791837078255,0.5645161290323012,10,1,166.616335088857,SL,2022-12-06 11:00:00+00:00,-30.133508885700167,-795.253433002513,60,False
2022-12-06 12:00:00+00:00,3,GBP_JPY,SHORT,166.31900000000002,166.61619862253485,165.7686735539923,165.3824559233205,164.8031294773128,2649.07,4,LONDON,2.5,0.3862176306718027,23.492049995431444,47.28372186184414,166.25981322491035,166.32041131752874,-14.971281293259153,False,-0.10060856112380531,17.354083897554652,8.818677508966744,0.4866920152090622,12,1,166.61619862253485,SL,2022-12-06 15:00:00+00:00,-29.719862253483594,-787.299954998358,180,False
2022-12-12 16:00:00+00:00,3,GBP_JPY,LONG,168.873,168.49717156515683,169.3856421742159,169.7467369570265,170.2883791312424,2073.89,3,OVERLAP,2.5,0.36109478281060314,31.340165182175117,77.59588884624355,167.45987816439904,166.83325700669388,69.128712448898,False,0.10307650668449764,72.43060819386572,138.41218356009506,0.6675786593707294,16,0,168.49717156515683,SL,2022-12-12 22:00:00+00:00,-37.58284348431573,-779.4268327368754,360,False
2022-12-14 09:00:00+00:00,3,GBP_JPY,LONG,167.594,167.2986461339948,168.02076933002587,168.32461555004315,168.78038488006902,2612.57,4,LONDON,2.5,0.30384622001725736,29.648168698412253,46.11091080529747,167.79763824234007,167.25466086156737,7.807969033558493,False,0.03483277114495653,66.14400974189972,-23.263824234007302,0.6618705035971333,9,2,167.2986461339948,SL,2022-12-14 10:00:00+00:00,-29.53538660052004,-771.6326497092065,60,False
2023-01-05 10:00:00+00:00,3,GBP_JPY,SHORT,159.286,159.60594732382208,158.74169195231823,158.35948658719707,157.78617853951533,2387.63,4,LONDON,2.5,0.38220536512116693,27.163207655463406,58.88128940994089,158.42768206892146,159.21115837138314,-4.662856682935512,False,-0.09578335765393009,57.58017492711318,88.73179310785417,0.4205298013245058,10,3,159.60594732382208,SL,2023-01-05 13:00:00+00:00,-31.994732382207758,-763.9158287773071,180,False
2023-01-06 10:00:00+00:00,3,GBP_JPY,SHORT,159.252,159.582884813175,158.741575934125,158.38195989020832,157.8425358243333,2285.62,4,LONDON,2.5,0.359616043916675,21.90395979897025,51.14356216506085,158.94688318832345,159.2149719662727,-26.075289522577805,False,-0.004612711140944997,27.230698104484365,33.41168116765516,0.37454545454537486,10,4,159.582884813175,SL,2023-01-06 12:00:00+00:00,-33.088481317500396,-756.2769466890525,120,False
2023-01-09 11:00:00+00:00,3,GBP_JPY,LONG,160.94299999999998,160.64051662533143,161.48841687334294,161.87136145557156,162.4457783289145,2475.23,5,LONDON,2.5,0.3829445822286299,40.595943651566245,68.47408777126886,159.59991213440117,159.36326000254087,14.972383990084381,False,0.11149844057787905,70.94741636874149,131.40878655988217,0.7097625329814872,11,0,160.64051662533143,SL,2023-01-09 12:00:00+00:00,-30.248337466855446,-748.7159234808461,60,False
2023-01-20 08:00:00+00:00,3,GBP_JPY,LONG,159.67,159.3769488569784,160.13125571510807,160.45809285851342,160.9483485736215,2529.35,5,LONDON,2.5,0.32683714340537706,41.67766180390152,59.96268822816679,158.90158335657276,158.63134885593985,11.699999999999022,False,0.03255769490877064,45.800924384800396,73.94166434272336,0.6179540709811774,8,4,160.9483485736215,TP3,2023-01-20 13:00:00+00:00,75.540914417291,1910.6941188137498,300,True
2023-01-26 16:00:00+00:00,3,GBP_JPY,LONG,161.299,161.02945632040536,161.7968850646398,162.14814177439968,162.67502683903945,2820.82,5,OVERLAP,2.5,0.35125670975986195,45.66764621337988,66.22026003626078,160.62943994994188,159.9764875307435,24.538953738220926,False,0.07654266444261318,71.56595104445142,64.05600500581272,0.33734939759043775,16,3,161.02945632040536,SL,2023-01-26 23:00:00+00:00,-26.954367959464776,-760.3342022741743,420,False
2023-01-30 15:00:00+00:00,3,GBP_JPY,LONG,161.355,161.04012782228642,161.79952755523453,162.11521259205753,162.58874014729207,2390.59,5,OVERLAP,2.5,0.3156850368230185,15.715176452108398,58.87787941684837,160.92100678846404,160.35105319314286,21.265510766284024,False,0.042509969433785946,56.71959364294374,40.49932115359525,0.38853503184709687,15,0,161.04012782228642,SL,2023-01-30 19:00:00+00:00,-31.487217771356764,-752.7302793202778,240,False
2023-02-01 15:00:00+00:00,3,GBP_JPY,SHORT,159.266,159.56294810753002,158.87311660520712,158.59186100867856,158.1699776138857,2509.54,5,OVERLAP,2.5,0.28125559652857274,37.878782466778496,27.134237634085352,160.3374787077269,160.36827612159578,-50.03258663450083,False,-0.0678990037541391,6.258692054465598,-104.24787077269002,0.4826325411334761,15,2,159.56294810753002,SL,2023-02-01 19:00:00+00:00,-29.694810753002795,-745.2031537709064,240,False
2023-02-02 16:00:00+00:00,3,GBP_JPY,SHORT,157.42600000000002,157.75687999995296,156.84810000023526,156.4435000003921,155.83660000062736,2229.67,2,OVERLAP,2.5,0.4045999998431664,50.87324416565029,21.098783332695675,159.3559924700663,160.04080615140523,-81.68695864901281,False,-0.13929037213284973,13.70719389012151,-190.0992470066285,0.7808764940238814,16,3,157.42600000000002,TP1+SL,2023-02-03 09:00:00+00:00,23.115999990590126,515.4105169901909,1020,True
2023-02-13 13:00:00+00:00,3,GBP_JPY,LONG,160.436,160.15214867648177,160.8657566175911,161.17159436265186,161.63035098024295,2617.24,4,OVERLAP,2.5,0.3058377450607345,63.82587431988809,80.12494166622463,159.03652297847572,158.9925181532637,50.977677109926844,False,0.16319596313498466,89.9611397168958,137.04770215242945,0.3166666666666509,13,0,160.5445739607154,TP1+TP2+SL,2023-02-13 20:00:00+00:00,48.78551842402601,1276.8341024009783,420,True
2023-02-14 11:00:00+00:00,3,GBP_JPY,LONG,161.367,161.1046190804753,161.78657126429025,162.0856187738171,162.5341900381073,2880.07,5,LONDON,2.5,0.2990475095268327,36.4633976360608,70.66595053719567,159.99328799046145,159.3241683304111,37.87226397314214,False,0.027902287410751514,91.47825082852263,134.471200953854,0.5161290322580908,11,1,161.1046190804753,SL,2023-02-14 13:00:00+00:00,-26.2380919524702,-755.6754148955085,120,False
2023-02-16 08:00:00+00:00,3,GBP_JPY,LONG,161.28199999999998,161.08573868794426,161.6343065602788,161.888510933798,162.26981749407676,3811.84,5,LONDON,2.5,0.25420437351919545,20.061634354976167,50.92312784653512,161.09315683654486,160.06964488562616,3.1666666666666288,False,0.0006130184339240563,55.82933067182265,15.984316345512184,0.30973451327430734,8,3,161.08573868794426,SL,2023-02-16 13:00:00+00:00,-19.626131205572506,-748.116719746495,300,False
2023-02-17 09:00:00+00:00,3,GBP_JPY,LONG,161.04,160.8394156702537,161.3539216487314,161.582536081219,161.92545772995038,3692.39,5,LONDON,2.5,0.22861443248759508,19.23769217335874,52.781070803222235,160.9699609774544,160.2566785420813,9.644744698692875,False,0.038585738189547664,63.24618009197159,4.103902254558989,0.5072463768115604,9,4,161.2920188913344,TP1+TP2+SL,2023-02-20 04:00:00+00:00,39.298687024704016,1451.0607898314686,4020,True
2023-02-24 08:00:00+00:00,3,GBP_JPY,LONG,162.423,162.1480237971192,162.8338810144039,163.12713502400646,163.56701603841034,2746.23,4,LONDON,2.5,0.2932540096025817,49.40725178476419,58.24704281301323,162.23022203915804,161.64954100556935,13.866666666669403,False,0.07253722556311973,76.47493577162312,16.377796084196916,0.43518518518521687,8,4,162.1480237971192,SL,2023-02-24 11:00:00+00:00,-27.497620288079364,-755.1478976373219,180,False
2023-03-02 11:00:00+00:00,3,GBP_JPY,LONG,163.69899999999998,163.4112776369307,164.10611181534645,164.39685302557743,164.83296484092386,2598.32,2,LONDON,2.5,0.290741210230972,22.363850284215207,48.90290576893194,163.75723875979318,162.98654461006097,14.735559562896583,False,0.001308375860099742,37.12158808933109,-8.723875979319473,0.485148514851461,11,3,163.4112776369307,SL,2023-03-02 12:00:00+00:00,-28.77223630692924,-747.594770410204,60,False
2023-03-08 14:00:00+00:00,3,GBP_JPY,SHORT,161.909,162.15420913891523,161.51695430542384,161.2362571757064,160.8152114811303,3018.32,4,OVERLAP,2.5,0.28069712971742666,34.515214654502074,33.29085543240896,162.83627376925713,163.0507455650546,-48.277133283130524,False,-0.037685918840859506,10.462463409004949,-89.82737692571447,0.4104477611940797,14,2,162.15420913891523,SL,2023-03-08 16:00:00+00:00,-24.520913891524284,-740.1196481706559,120,False
2023-03-09 09:00:00+00:00,3,GBP_JPY,SHORT,161.617,161.82664679813772,161.26490886645425,161.01084811075708,160.62975697721134,3495.01,5,LONDON,2.5,0.2540607556971613,46.492070739547714,32.70677005892985,162.5099100744493,162.91260041504043,-18.63559154784582,False,-0.05330606808267252,23.93331213718046,-86.39100744493078,0.5754716981132523,9,3,161.82664679813772,SL,2023-03-09 10:00:00+00:00,-20.964679813772587,-732.7176559593335,60,False
2023-03-09 12:00:00+00:00,3,GBP_JPY,SHORT,161.90800000000002,162.09800282218657,161.56598588906706,161.31864314844512,160.94762903751217,3817.79,5,LONDON,2.5,0.24734274062196232,42.81101446219893,42.440007881061284,162.44352692666382,162.88331577898822,6.899464787855436,False,-0.02203056836461814,56.84957673106329,-50.65269266638097,0.35885167464108847,12,3,162.09800282218657,SL,2023-03-09 13:00:00+00:00,-19.000282218655684,-725.3908745156149,60,False
2023-03-13 08:00:00+00:00,3,GBP_JPY,SHORT,161.868,162.26422505113752,161.092541410979,160.556235684965,159.75177709594402,1812.45,5,LONDON,2.5,0.5363057260139953,28.227643827932535,40.446696035544285,162.60735414576448,162.80145582560525,-33.36666666666872,False,-0.015045453207035486,53.84505738903883,-71.03541457644837,0.7770925110132265,8,0,161.32275025201403,TP1+TP2+SL,2023-03-13 14:00:00+00:00,94.39391112195835,1710.8424421299344,360,True
2023-03-17 09:00:00+00:00,3,GBP_JPY,SHORT,161.441,161.8575730176694,160.8184985480166,160.38416424669435,159.732662794711,1764.99,4,LONDON,2.5,0.4343343013222553,25.59309143444508,51.1959070513113,161.4329863305534,162.09994512939522,-24.4159628208223,False,-0.007590317979641492,39.83896129878962,3.701366944659412,0.4830659536542096,9,4,161.14288881924563,TP1+TP2+SL,2023-03-19 23:00:00+00:00,73.13571182664931,1290.8380001691776,3720,True
2023-03-28 08:00:00+00:00,3,GBP_JPY,SHORT,161.101,161.41090090634853,160.6304954682572,160.29749244709535,159.7979879153526,2414.17,4,LONDON,2.5,0.3330030211618529,37.143830492020975,52.15386670193863,160.88607957448437,161.14163403655266,-13.2000000000005,False,-0.0566745382912765,61.954602137981595,24.392042551562554,0.6731601731602043,8,1,161.41090090634853,SL,2023-03-28 11:00:00+00:00,-30.990090634853118,-748.1534710794335,180,False
2023-03-28 12:00:00+00:00,3,GBP_JPY,SHORT,160.847,161.1405470434078,160.31993144962763,159.9492190827127,159.39315053234031,2523.18,4,LONDON,2.5,0.3707123669149235,25.737177737849542,46.55733042963749,160.90574232533038,161.13681226032887,-21.742221616293023,False,-0.05900631513745194,33.94709164093933,-2.9742325330374797,0.5979166666666568,12,1,161.1405470434078,SL,2023-03-28 13:00:00+00:00,-29.354704340778422,-740.672028985653,60,False
2023-04-03 09:00:00+00:00,3,GBP_JPY,LONG,164.706,164.4325749671361,165.15412516431937,165.47220860719895,165.9493337715183,2681.78,4,LONDON,2.5,0.31808344287957924,31.069942892706187,61.27051047807981,164.02760209079494,162.70677366206388,11.284783916664765,False,0.09460519749883654,95.72731209355833,64.93979092050495,0.6129032258064516,9,0,164.4325749671361,SL,2023-04-03 11:00:00+00:00,-27.342503286388364,-733.265784633706,120,False
2023-04-06 14:00:00+00:00,3,GBP_JPY,LONG,163.817,163.56853388992405,164.30255277260196,164.64558795433658,165.1601407269385,2921.66,5,OVERLAP,2.5,0.3430351817346221,19.73324271556738,53.18678236178086,163.81541374990098,163.45161994409645,10.414604847278497,False,0.07445692094788539,43.05912596401176,-2.741374990097256,0.45804195804195663,14,3,163.56853388992405,SL,2023-04-07 12:00:00+00:00,-24.846611007595243,-725.9334951645071,1320,False
2023-04-14 14:00:00+00:00,3,GBP_JPY,LONG,166.088,165.8544512571047,166.46424371447657,166.7344061907943,167.13964990527086,3077.19,4,OVERLAP,2.5,0.27016247631771806,34.98379674604257,52.07167482003992,165.98829428407933,165.13395742291686,19.96630949612097,False,0.0160009813708442,86.31626782394414,7.070571592066699,0.6666666666666666,14,4,165.8544512571047,SL,2023-04-14 17:00:00+00:00,-23.354874289529448,-718.6738561499712,180,False
2023-04-21 15:00:00+00:00,3,GBP_JPY,LONG,166.771,166.49879061986476,167.17929690067615,167.47082816779357,167.90812506846973,2613.75,4,OVERLAP,2.5,0.29153126711743343,45.66541215371872,56.167778491704325,166.69097574259408,166.28032870204672,60.54172909261979,False,0.08010092902523613,93.20539249968239,5.102425740591343,0.5714285714285134,15,4,166.771,TP1+SL,2023-04-24 06:00:00+00:00,16.33187602704652,426.8744096569284,3780,True
2023-04-26 08:00:00+00:00,3,GBP_JPY,LONG,166.66299999999998,166.43997529705626,167.09912351471866,167.40920585786446,167.87432937258313,3209.31,5,LONDON,2.5,0.3100823431457875,36.8261911088943,58.022413192199615,166.53177688675538,166.51145666659443,16.933333333332712,False,0.12090699519463988,85.56942028174183,10.22231132446052,0.7181467181466895,8,2,166.43997529705626,SL,2023-04-26 09:00:00+00:00,-22.3024702943718,-715.7554094043037,60,False
2023-05-05 12:00:00+00:00,3,GBP_JPY,LONG,169.648,169.34975968633836,170.1102015683083,170.43766928051386,170.92887084882216,2375.93,4,LONDON,2.5,0.3274677122055384,34.6813188838619,62.755859868118186,169.22702082650534,168.98306271466123,33.55477022283537,False,0.09274438240961541,78.97768788068394,39.19791734946614,0.6661562021439341,12,4,170.92887084882216,TP3,2023-05-08 10:00:00+00:00,75.69225092932982,1798.3948975052258,4200,True
2023-05-09 14:00:00+00:00,3,GBP_JPY,LONG,170.397,170.1811530280601,170.755568193033,171.01394698838837,171.4015151814214,3366.19,4,OVERLAP,2.5,0.2583787953553512,22.460366449818245,52.69574794934864,170.19348900841922,169.53374031921706,16.087400362161475,False,0.00015595311440791404,69.20166661023791,17.451099158077454,0.3236514522821895,14,1,170.73968053879017,TP1+TP2+SL,2023-05-10 08:00:00+00:00,45.874218032659535,1544.2133399935822,1080,True
2023-05-15 16:00:00+00:00,3,GBP_JPY,LONG,170.573,170.31836565790329,170.95550504381686,171.22984173969473,171.64134678351158,2914.08,4,OVERLAP,2.5,0.2743366958778905,36.325835122128,74.11592016476149,169.469270343964,169.4509648641876,35.436557514870515,False,0.05339084005078715,91.76164193080825,107.47296560359985,0.40878378378382596,16,0,170.31836565790329,SL,2023-05-15 23:00:00+00:00,-25.463434209672187,-742.0248436172152,420,False
2023-05-17 11:00:00+00:00,3,GBP_JPY,LONG,170.739,170.5288124039958,171.10968798002105,171.37614663336842,171.7758346133895,3494.99,4,LONDON,2.5,0.2664586533473697,20.167505960147547,61.35322699786921,170.18840893365612,169.75819855816982,28.468434987698288,False,0.017979488108983782,74.25588354436952,52.15910663438876,0.5123966942148961,11,2,171.7758346133895,TP3,2023-05-17 16:00:00+00:00,61.05007680336824,2133.6940792700398,300,True
2023-05-22 15:00:00+00:00,3,GBP_JPY,LONG,172.27,171.96214910009593,172.71775449952034,173.0355908325339,173.51234533205425,2455.54,4,OVERLAP,2.5,0.31783633301355885,29.53327137118003,59.52324300577627,171.71755539138988,170.81895506516534,19.07247743417031,False,0.0855341064198267,66.1397882768518,52.34446086101343,0.3973509933775084,15,0,171.96214910009593,SL,2023-05-22 17:00:00+00:00,-30.785089990408213,-755.9401987504698,120,False
2023-05-24 16:00:00+00:00,3,GBP_JPY,LONG,172.363,172.08549562776844,172.86652186115788,173.22153643526315,173.75405829642102,2696.83,4,OVERLAP,2.5,0.35501457410525344,18.88171869854812,56.796245710293896,171.96176552634265,171.28949387940952,45.061157249520534,False,0.026583018204432665,82.22548266380414,37.22344736573575,0.7847411444141588,16,2,172.08549562776844,SL,2023-05-24 18:00:00+00:00,-27.750437223156155,-748.3821161652421,120,False
2023-05-30 09:00:00+00:00,3,GBP_JPY,LONG,174.081,173.80976207419732,174.46068962901336,174.73314938168895,175.1418390107023,2731.54,3,LONDON,2.5,0.2724597526755809,28.72514936480958,69.3544412385841,173.25800148227836,172.32889277673436,34.661731560444764,False,0.03806255967700996,62.04979267595261,79.39985177216329,0.8041095890410609,9,1,173.80976207419732,SL,2023-05-30 11:00:00+00:00,-27.12379258026658,-740.8972438470138,120,False
2023-06-01 08:00:00+00:00,3,GBP_JPY,LONG,173.799,173.52766978242093,174.23331775456194,174.54219625760322,175.00551401216515,2703.31,4,LONDON,2.5,0.3088785030412859,23.82637821789645,62.0892586163868,173.29166990372167,172.68871502761488,6.499999999999773,False,0.06442804235762795,73.61038541759612,47.833009627834144,0.35051546391756927,8,3,173.52766978242093,SL,2023-06-01 13:00:00+00:00,-27.133021757907724,-733.4896904836953,300,False
2023-06-07 11:00:00+00:00,3,GBP_JPY,LONG,173.835,173.59287685263905,174.1774490701382,174.42508178356368,174.7965308537019,2999.11,5,LONDON,2.5,0.2476327134254741,36.832661497450694,63.57060864352053,173.4187369756332,173.28071485976514,35.89950334251455,False,0.07641434846964724,96.28172601678273,38.72630243668027,0.6556886227545522,11,2,173.93280889873208,TP1+TP2+SL,2023-06-08 04:00:00+00:00,39.25741212271645,1177.3729727136015,1020,True
2023-06-22 08:00:00+00:00,3,GBP_JPY,LONG,181.409,181.0968711410486,181.80864429475693,182.09440715792823,182.52305145268517,2364.18,5,LONDON,2.5,0.2857628631712896,17.895682904600164,62.01872161262305,180.87989547482394,179.17813961657038,10.699999999999932,False,0.011910868153068563,66.46666451668075,50.010452517605586,0.8407643312101561,8,3,181.0968711410486,SL,2023-06-22 11:00:00+00:00,-31.212885895138243,-737.9288057556793,180,False
2023-06-23 16:00:00+00:00,3,GBP_JPY,LONG,182.71,182.35302982922119,183.34585085389412,183.7890847564902,184.45393561038432,2046.53,4,OVERLAP,2.5,0.4432339025960787,19.44230642002354,59.97505129626085,181.7723959614169,179.97097467863557,53.808469168427564,False,0.03699847161636649,90.35687379152505,90.86040385831211,0.5174129353234668,16,4,182.35302982922119,SL,2023-06-25 21:00:00+00:00,-35.697017077882265,-730.550163603984,3180,False
2023-06-30 12:00:00+00:00,3,GBP_JPY,LONG,183.27,182.94611409438832,183.70667952805837,184.01713254676395,184.48281207482228,2233.02,4,LONDON,2.5,0.3104530187055673,25.50362143622696,60.816761801911326,182.69924092621608,181.85632206987782,32.22648645427739,False,0.05504760769302465,84.2698949716356,54.17590737839362,0.6184615384616272,12,4,183.27,TP1+SL,2023-06-30 18:00:00+00:00,17.467181122334523,390.0456478979544,360,True
2023-07-04 14:00:00+00:00,3,GBP_JPY,LONG,183.753,183.58026566807294,184.03767165963546,184.24678609939247,184.56045775902794,4209.61,4,OVERLAP,2.5,0.20911443975698915,24.933117966787577,57.99853703231739,183.40033500673863,182.49688439978968,16.723054403840365,False,0.020363404379751163,78.97223357682623,32.36649932613602,0.34782608695648815,14,1,183.58026566807294,SL,2023-07-04 21:00:00+00:00,-17.2734331927046,-727.1441710234121,420,False
2023-07-05 16:00:00+00:00,3,GBP_JPY,LONG,183.81799999999998,183.58891436317134,184.18442818414337,184.44804697357227,184.84347515771566,3142.37,3,OVERLAP,2.5,0.26361878942891726,20.009893952606948,56.72030503312431,183.54593625844362,182.7580170720409,26.360505387114586,False,0.016141644085658352,81.93162096155025,24.306374155636945,0.44748858447482837,16,2,183.58891436317134,SL,2023-07-05 21:00:00+00:00,-22.908563682864266,-719.8718326012219,300,False
2023-07-06 10:00:00+00:00,3,GBP_JPY,LONG,183.719,183.37256653025662,184.1888340153837,184.52139002563948,185.02022404102317,2057.17,4,LONDON,2.5,0.3325560102557945,40.569979301422244,56.986305194736325,183.42385203164065,182.85297542464545,40.98750097911079,False,0.029852911691725117,86.91231050902154,26.61479683593484,0.6068796068795558,10,3,183.37256653025662,SL,2023-07-06 14:00:00+00:00,-34.64334697433742,-712.6725409519771,240,False
2023-07-06 16:00:00+00:00,3,GBP_JPY,LONG,183.428,183.04220424842575,183.96631209120457,184.34452015200762,184.9118322432122,1828.81,4,OVERLAP,2.5,0.3782080608030497,30.073579935689168,50.05867280519654,183.4303284161325,182.8883794331413,-4.742165712556812,False,0.025285884764613076,33.521829280669714,-3.132841613251003,0.4617940199336069,16,3,183.04220424842575,SL,2023-07-07 05:00:00+00:00,-38.57957515742498,-705.5471284365038,780,False
2023-07-17 08:00:00+00:00,3,GBP_JPY,SHORT,181.189,181.54460203057047,180.71623984714768,180.38173307857946,179.87997292572715,1964.25,4,LONDON,2.5,0.3345067685682088,32.81077496995506,46.08308636753559,181.29400407716972,181.62914952630032,-12.700000000000955,False,-0.05452375133124174,52.36148685053755,-7.600407716972768,0.8207381370825996,8,0,181.189,TP1+SL,2023-07-17 12:00:00+00:00,18.910406114092666,371.4476520960652,240,True
2023-07-18 11:00:00+00:00,3,GBP_JPY,SHORT,181.193,181.4927898207896,180.75305089605206,180.44041816008678,179.97146905613883,2342.33,4,LONDON,2.5,0.31263273596529617,20.073578439969477,48.57990728269839,181.2926650302441,181.5538387925153,16.260113514286445,False,-0.009252063808844128,73.07481682258724,-7.0665030244100535,0.6907514450867104,11,1,181.193,TP1+SL,2023-07-18 13:00:00+00:00,17.597964157918113,412.20239386016334,120,True
2023-07-25 10:00:00+00:00,3,GBP_JPY,LONG,181.613,181.3536949709408,181.9942751452959,182.2677919088265,182.67806705412238,2723.93,4,LONDON,2.5,0.2735167635305921,28.81908306769739,52.749824704834275,181.4319115793256,181.30167436441897,-0.8005358724005873,False,0.029337584482290808,27.853447855155625,15.208842067440287,0.5925925925925575,10,1,181.3536949709408,SL,2023-07-25 12:00:00+00:00,-25.93050290591918,-706.3287478052043,120,False
2023-07-25 16:00:00+00:00,3,GBP_JPY,LONG,181.672,181.34692321712012,182.08713391439932,182.38322319066552,182.8273571050648,2151.07,4,OVERLAP,2.5,0.29608927626620196,29.66388333511331,55.47661865396217,181.42540456306847,181.30720107778777,20.38677311400079,False,0.004434934433174944,56.28388773940261,21.759543693153205,0.672268907563052,16,1,181.34692321712012,SL,2023-07-26 06:00:00+00:00,-32.507678287987574,-699.2629153494144,840,False
2023-07-27 08:00:00+00:00,3,GBP_JPY,LONG,181.869,181.6248941092596,182.3399738981464,182.67328983024402,183.17326372839042,2835.95,5,LONDON,2.5,0.3333159320976046,22.03046042615884,58.68918180571494,181.47340190416304,181.3742966726193,9.766666666666879,False,0.0483941414260722,88.76269746399713,36.6598095836963,0.30245231607625167,8,3,181.6248941092596,SL,2023-07-27 09:00:00+00:00,-24.410589074039994,-692.2721008452371,60,False
2023-08-10 08:00:00+00:00,3,GBP_JPY,LONG,183.472,183.20849269616122,183.80386985252719,184.04444975421197,184.40531960673914,2600.87,4,LONDON,2.5,0.2405799016847824,39.34774407018321,71.40260748977555,182.66531657035637,182.0454927675344,0.7000000000005002,False,0.05287163003221937,69.89446037754797,77.76834296436448,0.38694638694644395,8,3,183.65910333022612,TP1+TP2+SL,2023-08-10 15:00:00+00:00,39.91485087408762,1038.1333819288827,420,True
2023-08-11 11:00:00+00:00,3,GBP_JPY,LONG,183.99099999999999,183.75674234708083,184.31971683602444,184.55819472670743,184.9159115627319,2969.94,5,LONDON,2.5,0.23847789068297628,32.884503179375464,62.17901360064291,183.31740650232106,182.42414539381747,19.920143168249638,False,0.007587828732523172,52.46450310893571,64.4593497678926,0.6453201970443267,11,4,183.75674234708083,SL,2023-08-11 12:00:00+00:00,-23.425765291915468,-695.7311737107143,60,False
2023-08-11 13:00:00+00:00,3,GBP_JPY,LONG,183.97299999999998,183.75121209664476,184.32936808820475,184.58628014700793,184.9716482352127,3105.55,5,OVERLAP,2.5,0.2569120588031789,28.734339464521348,59.15162733866945,183.35579123878236,182.45167945695812,15.045908123477147,False,0.0058784416912326665,65.42185338865637,58.82087612176292,0.716621253405895,13,4,183.75121209664476,SL,2023-08-11 14:00:00+00:00,-22.17879033552208,-688.7734232648061,60,False
2023-08-14 10:00:00+00:00,3,GBP_JPY,LONG,184.208,183.9664665844395,184.55000041113595,184.79733401855992,185.16833442969588,2823.15,4,LONDON,2.5,0.24733360742397142,25.091136856557277,64.61885396292367,183.65172128944067,182.72269686937892,13.578043428606179,False,0.0207173156601847,85.8436348056011,52.72787105593295,0.5111821086261601,10,0,183.9664665844395,SL,2023-08-14 12:00:00+00:00,-24.153341556049668,-681.8850621396163,120,False
2023-08-14 15:00:00+00:00,3,GBP_JPY,LONG,184.398,184.13964367098336,184.77911497841654,185.05252496402758,185.46263994244416,2612.93,4,OVERLAP,2.5,0.27340998561103674,21.772536229573024,63.89196999056597,183.72930730068612,182.78867592799907,34.239370423600235,False,0.03366050702039691,61.62838980758122,63.96926993138834,0.6601123595505576,15,0,184.7750026553219,TP1+TP2+SL,2023-08-15 21:00:00+00:00,48.96565080420373,1279.4381795582806,1800,True
2023-08-30 14:00:00+00:00,3,GBP_JPY,LONG,185.629,185.39019510593366,186.00069113699837,186.26781856166397,186.66850969866235,2880.43,4,OVERLAP,2.5,0.2671274246655871,55.047265470281374,74.26934302922594,184.74831600838246,184.64020667729372,24.45489997411414,False,0.09476408602850303,87.94849081855357,85.16839916175343,0.3309608540924817,14,2,185.629,TP1+SL,2023-08-31 00:00:00+00:00,14.867645479935165,428.25212069769645,600,True
