timestamp,strategy_id,pair,signal_direction,entry_price,sl_price,tp1_price,tp2_price,tp3_price,lot_size,confluence_score,session,spread_at_entry,atr_at_entry,adx_at_entry,rsi_at_entry,ema_50_value,ema_200_value,vwap_deviation,news_within_60min,macd_hist_at_entry,stoch_k_at_entry,distance_from_ema50_pips,candle_body_ratio,hour_of_day,day_of_week,exit_price,exit_reason,exit_time,pnl_pips,pnl_dollars,hold_time_minutes,win
2021-01-06 13:45:00+00:00,5,EUR_CAD,SHORT,1.5647499999999999,1.5662597951632429,1.5630306145102717,1.5616910241837862,1.559681638694058,662341.5,5,OVERLAP,2.5,0.0013395903264855273,42.5765855361101,64.9371159951441,1.5613595201726689,1.5611875999018168,26.380445712315126,False,0.0001884213881573147,53.824424709833956,36.804798273311064,0.37278106508870995,13,2,1.559681638694058,TP3,2021-01-06 15:45:00+00:00,29.250167835650927,1937.360003951679,120,True
2021-01-12 10:00:00+00:00,5,EUR_CAD,LONG,1.54997,1.5488188362406081,1.551123491278175,1.5520858187969586,1.5535293100751337,885515.72,5,LONDON,2.5,0.0009623275187834524,35.12255345671878,42.18011047255775,1.5515924728481305,1.5535582678630389,-5.288576673765366,False,8.883014413959612e-06,26.181059283813955,-19.12472848130564,0.4197530864196583,10,1,1.5488188362406081,SL,2021-01-12 11:00:00+00:00,-11.511637593919486,-1019.3736052358682,60,False
2021-01-15 10:15:00+00:00,5,EUR_CAD,SHORT,1.5397999999999998,1.5408356473412663,1.5389030579762009,1.538111763293668,1.5369248212698692,974443.54,5,LONDON,2.5,0.000791294682532718,41.04068226226945,70.04236449744224,1.5379443990910204,1.5410406813997604,10.084729749013643,False,0.000192301836060468,52.97549761298091,21.45600908979528,0.30188679245263256,10,4,1.5408356473412663,SL,2021-01-15 11:15:00+00:00,-10.35647341266488,-1009.1798614153047,60,False
2021-01-20 10:00:00+00:00,5,EUR_CAD,LONG,1.53963,1.5386687144814588,1.5406938565556239,1.5415964275927065,1.5429502841483305,1039324.99,5,LONDON,2.5,0.0009025710370826206,44.075023905947944,28.653385910696542,1.5425276367314447,1.5423459848939336,-11.109433579770123,False,-0.00029340413571747105,30.160580160577354,-31.876367314447318,0.20454545454545073,10,2,1.5386687144814588,SL,2021-01-20 10:45:00+00:00,-9.612855185412439,-999.0880619450231,45,False
2021-01-20 11:45:00+00:00,5,EUR_CAD,LONG,1.53882,1.5378469689392258,1.5397690931823225,1.5405951553038708,1.5418342484861933,1016511.42,5,LONDON,2.5,0.0008260621215483505,42.2287368448593,29.762719582761136,1.5416285488495511,1.542110580060612,-13.36148135357984,False,-6.985999412938756e-05,33.86490959004758,-30.98548849551186,0.5909090909091673,11,2,1.53882,TP1+SL,2021-01-20 12:30:00+00:00,3.796372729289565,385.9056233899412,45,True
2021-01-26 13:45:00+00:00,5,EUR_CAD,LONG,1.54519,1.544208152319923,1.546165543040231,1.547009238400385,1.5482747814406164,1011313.94,5,OVERLAP,2.5,0.0008436953601540786,38.504681327790585,39.02766967294375,1.5464072596670024,1.5455465372115544,-11.219707153615754,False,-2.677722100820866e-05,75.97661560771694,-15.072596670024918,0.376623376623459,13,1,1.544208152319923,SL,2021-01-26 14:15:00+00:00,-9.818476800771414,-992.9562458186733,30,False
2021-02-02 11:00:00+00:00,5,EUR_CAD,LONG,1.5415100000000002,1.5404245252739546,1.5427964241781364,1.5438473736302274,1.545423797808364,905619.13,5,LONDON,2.5,0.001050949452090984,83.73235313578749,18.969177211336444,1.5468541555432556,1.5491964226909303,-27.205101696952116,False,-0.0004160362700954103,28.852578068263778,-56.34155543255525,0.08620689655171093,11,1,1.545423797808364,TP3,2021-02-02 14:30:00+00:00,22.32278685018185,2021.5942806437129,210,True
2021-02-02 16:00:00+00:00,5,EUR_CAD,LONG,1.5420500000000001,1.5410152477834602,1.5436942566496195,1.5449837610826993,1.5469180177323187,969548.66,5,OVERLAP,2.5,0.0012895044330796834,36.286935066258586,36.551990466059166,1.5449747373391187,1.5481271282026992,-20.559530876860244,False,5.6874676627557855e-05,9.825609213112976,-32.147373391187,0.8115183246072654,16,1,1.5410152477834602,SL,2021-02-02 16:30:00+00:00,-10.347522165399248,-1003.242624978314,30,False
2021-02-11 08:45:00+00:00,5,EUR_CAD,SHORT,1.5375599999999998,1.5382841217622374,1.5371776347132877,1.536729391188813,1.536057025902101,1371606.61,5,LONDON,2.5,0.0004482435244747688,42.08302508766994,36.551100522702704,1.5386768081566395,1.5386730494215195,-0.5110838954225372,False,-3.504875538958138e-05,35.71428571427507,-8.268081566396024,0.2391304347822939,8,3,1.5382841217622374,SL,2021-02-11 09:00:00+00:00,-7.241217622375729,-993.2101955299034,15,False
2021-02-11 10:15:00+00:00,5,EUR_CAD,LONG,1.538,1.5374003876395488,1.5385188370813538,1.5390580618022567,1.5398668988836106,1639856.28,5,LONDON,2.5,0.000539224720902672,30.18790266757894,39.99746285940739,1.5385821144872764,1.5386488201794644,-3.9770423363139074,False,1.5463804831121952e-06,20.971439720981664,-8.721144872765318,0.03773584905685672,10,3,1.5374003876395488,SL,2021-02-11 10:45:00+00:00,-5.996123604512515,-983.2780948516084,30,False
2021-02-16 16:15:00+00:00,5,EUR_CAD,SHORT,1.5365399999999998,1.537883366739676,1.535229899780972,1.53416316630162,1.532563066082592,724631.1,5,OVERLAP,2.5,0.0010667334793519707,21.142099966259565,57.98449886453468,1.5352730902732377,1.5356981449644547,8.70412975217949,False,-1.1186177561261102e-05,79.72022841101018,15.569097267622567,0.16037735849056012,16,1,1.5342189863095523,TP1+TP2+SL,2021-02-17 07:30:00+00:00,19.389763050525755,1405.0425328041833,915,True
2021-02-19 16:30:00+00:00,5,EUR_CAD,LONG,1.52923,1.5283475017361434,1.5305374947915698,1.531602491319283,1.5331999861108525,1118977.54,5,OVERLAP,2.5,0.0010649965277131546,35.48874357835381,33.35701521293471,1.532190031933972,1.5329745035746274,-33.205853320823486,False,8.035715711317412e-05,32.19047619047714,-32.50031933972108,0.2115384615385806,16,4,1.5283475017361434,SL,2021-02-19 16:45:00+00:00,-8.82498263856668,-987.4957363446053,15,False
2021-02-24 14:00:00+00:00,5,EUR_CAD,LONG,1.5271100000000002,1.5260513666342959,1.5283459000971125,1.5293631668285206,1.530889066925633,923474.37,5,OVERLAP,2.5,0.0010172667314082438,34.247110869619746,40.069456432312116,1.5284942641039885,1.5302509750300712,-12.912127386845995,False,-0.00013775140263826233,54.663480684987775,-16.7426410398841,0.4782608695651964,14,2,1.5260513666342959,SL,2021-02-24 14:45:00+00:00,-10.586333657043312,-977.6207804547869,45,False
2021-02-26 16:45:00+00:00,5,EUR_CAD,SHORT,1.53545,1.537198389522397,1.533284831432809,1.531648052388015,1.5291928838208237,553563.47,5,OVERLAP,2.5,0.0016367790447940802,37.261422532617495,61.86100791909434,1.5332624405145745,1.530534155370401,26.251740895699704,False,0.00020678157763907032,46.013360918813994,24.775594854256067,0.32352941176485955,16,4,1.537198389522397,SL,2021-02-26 21:45:00+00:00,-17.48389522397087,-967.8445709297741,300,False
2021-03-02 09:15:00+00:00,5,EUR_CAD,LONG,1.5231000000000001,1.522171322293729,1.5240660331188134,1.5249033885313557,1.526159421650169,1031753.13,5,LONDON,2.5,0.0008373554125422658,25.370362633735727,39.50388812168106,1.5241464166360101,1.5275733185674096,-1.2187416378584004,False,-0.00017269219897640329,47.35676906126158,-13.364166360101404,0.24390243902441666,9,1,1.522171322293729,SL,2021-03-02 09:30:00+00:00,-9.286777062711415,-958.1661302064709,15,False
2021-03-02 11:15:00+00:00,5,EUR_CAD,LONG,1.5212700000000001,1.5204200284131204,1.5222999147606393,1.523179857934399,1.5244997726950384,1116019.03,5,LONDON,2.5,0.0008799431737595953,53.80335447561713,30.58225729193876,1.5233757066146116,1.5270947866776718,-11.901603713135867,False,-0.0001749915066335077,45.13960213877851,-23.957066146116368,0.379310344827551,11,1,1.5212700000000001,TP1+SL,2021-03-02 12:00:00+00:00,4.119659042556734,459.7617888604895,45,True
2021-03-04 11:45:00+00:00,5,EUR_CAD,LONG,1.5223600000000002,1.5214980739609456,1.5235757781171635,1.5245796301952723,1.5260854083124358,1105874.56,5,LONDON,2.5,0.0010038520781089403,22.800675977115954,34.55382594768163,1.5242320772541724,1.5250897969316768,-10.61059088806493,False,3.4038576729070495e-05,34.15941866641668,-21.6207725417239,0.7639751552795956,11,3,1.5214980739609456,SL,2021-03-04 12:45:00+00:00,-8.6192603905455,-953.1820791919936,60,False
2021-03-23 15:30:00+00:00,5,EUR_CAD,LONG,1.4904700000000002,1.489559758224142,1.4918307253275744,1.4929312088792908,1.4945819342068654,1036702.87,5,OVERLAP,2.5,0.0011004835517163128,37.258985929577506,34.27919982050628,1.4936165591955455,1.4918171369634317,-34.03550452775406,False,-0.00026492408224362287,34.521837431248336,-34.365591955454185,0.37878787878773607,15,1,1.489559758224142,SL,2021-03-23 15:45:00+00:00,-9.102417758581893,-943.6502614260816,15,False
2021-03-24 09:30:00+00:00,5,EUR_CAD,LONG,1.4880600000000002,1.4871089693737705,1.4890630918786887,1.4899251531311477,1.4912182450098361,982317.22,5,LONDON,2.5,0.0008620612524590282,66.37184308054212,28.731979815342484,1.4904549526955668,1.4911509666622076,-3.1186300672958467,False,-0.00026459686890187187,38.31134518228872,-26.84952695566789,0.5196078431371652,9,2,1.4871089693737705,SL,2021-03-24 10:00:00+00:00,-9.510306262296986,-934.2137608928166,30,False
2021-03-24 16:45:00+00:00,5,EUR_CAD,LONG,1.48469,1.4838195682219897,1.4859612953340307,1.4870021588900513,1.488563454224082,1062543.49,5,OVERLAP,2.5,0.0010408635560205325,37.747975990627914,35.25126399543454,1.487473983140719,1.4899559459641745,-23.224119634830398,False,1.2783891392280995e-05,52.47974604743822,-30.73983140719161,0.823529411764673,16,2,1.48469,TP1+SL,2021-03-25 07:00:00+00:00,5.085181336122346,540.3226324166301,855,True
2021-03-25 09:00:00+00:00,5,EUR_CAD,LONG,1.4844300000000001,1.4837103985711921,1.4852188042864238,1.4859380071440396,1.4870168114304634,1292764.04,5,LONDON,2.5,0.0007192028576158263,41.55684439865763,38.050684995334564,1.4854022758582466,1.487780858876291,1.899017995146135,False,-0.00012308001801342796,60.58071695445849,-12.622758582465643,0.04285714285711114,9,3,1.4844300000000001,TP1+SL,2021-03-25 09:45:00+00:00,3.155217145694777,407.89512643456493,45,True
2021-04-02 09:15:00+00:00,5,EUR_CAD,SHORT,1.47982,1.4805617781382192,1.4792046655853421,1.4786011093089035,1.4776957748942456,1259613.56,5,LONDON,2.5,0.0006035562764385975,74.27757572277568,72.12263372428953,1.4774786142378311,1.477379709889941,4.024733844951722,False,0.0002449010003640373,80.23128378437657,26.31385762168925,0.7014925373134427,9,4,1.4793578230677051,TP1+TP2+SL,2021-04-02 11:15:00+00:00,8.261254287606157,1040.5987923276855,120,True
2021-04-12 15:30:00+00:00,5,EUR_CAD,SHORT,1.4953899999999998,1.4963352879913963,1.494164136025811,1.4931535600430184,1.4916376960688296,999441.22,5,OVERLAP,2.5,0.0010105759827925766,38.10057846087952,58.73008077245551,1.4938169865273265,1.4938440988114257,15.943171355958796,False,0.00011762109065462827,49.746210437957615,18.630134726733694,0.07692307692314261,15,0,1.4963352879913963,SL,2021-04-12 19:00:00+00:00,-9.452879913964818,-944.7597833726493,210,False
2021-04-15 08:45:00+00:00,5,EUR_CAD,LONG,1.4961700000000002,1.495498791892537,1.4969336243223883,1.4976360405373137,1.4986896648597017,1393475.7,5,LONDON,2.5,0.000702416214925395,55.747044563381735,27.081919677606123,1.4986726733229565,1.4987034728265765,-0.7424522450993898,False,-0.0003173957968434152,33.61895076543444,-27.92673322956407,0.13333333333306194,8,3,1.495498791892537,SL,2021-04-15 10:30:00+00:00,-6.712081074631282,-935.3121873928577,105,False
2021-04-23 15:30:00+00:00,5,EUR_CAD,SHORT,1.50748,1.508546671875238,1.5060699843742864,1.5049366406238107,1.503236624998097,868082.39,5,OVERLAP,2.5,0.0011333437504757267,24.04794232177931,63.31027253516332,1.504950199279527,1.504676943348454,15.103518889103551,False,-9.494809582338598e-05,77.60561208757248,28.198007204731645,0.6904761904760772,15,4,1.508546671875238,SL,2021-04-23 16:00:00+00:00,-10.666718752381232,-925.9590708024919,30,False
2021-05-07 09:00:00+00:00,5,EUR_CAD,SHORT,1.472,1.4727592601479875,1.4711222195560376,1.4703436992600627,1.4691759188161004,1207358.87,5,LONDON,2.5,0.0007785202959749427,63.128776620379455,76.37303494578859,1.4688736840808783,1.4714926532701427,4.658511980961677,False,0.0003559317588130191,85.33645886333875,34.16315919121837,0.7692307692309794,9,4,1.4691759188161004,TP3,2021-05-07 12:00:00+00:00,15.784487103397636,1905.7540512687747,180,True
2021-05-10 16:15:00+00:00,5,EUR_CAD,LONG,1.4704400000000002,1.4693532466961345,1.471730259911597,1.472783766519328,1.4743640264309248,861057.44,5,OVERLAP,2.5,0.0010535066077311706,32.174405814672696,37.08283024689301,1.472546368496052,1.472920889016013,-25.349571426520612,False,-0.00025616977487332023,49.68623010764107,-23.963684960519593,0.49056603773578583,16,0,1.4693532466961345,SL,2021-05-10 16:30:00+00:00,-10.867533038656507,-935.7570177380993,15,False
2021-05-12 08:30:00+00:00,5,EUR_CAD,LONG,1.4673600000000002,1.4666248249679357,1.468225525096193,1.4689958751603218,1.4701514002565148,1260107.33,5,LONDON,2.5,0.0007703500641286507,40.32525738088298,37.230319415140144,1.4689448307496202,1.470185080066891,-2.9356075825948125,False,-0.0001329483180589039,54.58876278548069,-18.748307496201377,0.9191919191918422,8,2,1.4666248249679357,SL,2021-05-12 08:45:00+00:00,-7.3517503206455,-926.3994467375246,15,False
2021-05-13 08:00:00+00:00,5,EUR_CAD,SHORT,1.46799,1.4689198404629207,1.4670204786112375,1.4661807976853958,1.4649212762966333,986336.36,5,LONDON,2.5,0.0008396809258416835,59.11449309653584,75.8297048101609,1.4648914225067462,1.4664421920640518,1.100000000000545,False,0.0003367284852447026,77.707912677943,33.885774932538304,0.49350649350659465,8,3,1.4649212762966333,TP3,2021-05-13 08:45:00+00:00,17.252342220199335,1701.661242694573,45,True
2021-05-17 15:30:00+00:00,5,EUR_CAD,LONG,1.4671800000000002,1.4660282743321067,1.4683951770036798,1.4693986283394664,1.4709038053431465,811089.04,5,OVERLAP,2.5,0.0010034513357866065,68.15763855256205,28.67373218412817,1.47022117646975,1.4698292114907001,-32.88126195198249,False,-0.00042822192906878664,35.746683782629155,-33.311764697498965,0.2151898734177073,15,0,1.4671800000000002,TP1+SL,2021-05-17 16:45:00+00:00,4.860708014718718,394.2466997378511,75,True
2021-05-17 16:45:00+00:00,5,EUR_CAD,LONG,1.4677900000000002,1.4666143872095534,1.4689268383713396,1.4698780639522326,1.471304902323572,797962.17,5,OVERLAP,2.5,0.000951225580893022,44.1511825176849,37.60941345789128,1.469762677817067,1.46972520029834,-24.879570079459068,False,-3.737017293152338e-06,49.27095828335424,-22.62677817066905,0.017857142857263225,16,0,1.4666143872095534,SL,2021-05-17 17:45:00+00:00,-11.75612790446756,-938.0945333446489,60,False
2021-05-21 12:45:00+00:00,5,EUR_CAD,LONG,1.46882,1.4674605964473337,1.4702382106579985,1.4713770177633312,1.4730852284213298,683177.25,5,LONDON,2.5,0.001138807105332502,74.87368528860688,27.177319265870338,1.47378678638531,1.474788805036091,-37.55856559772619,False,-0.0004238412312288905,31.051601191793434,-52.5678638531013,0.3505154639174833,12,4,1.4674605964473337,SL,2021-05-21 13:00:00+00:00,-13.594035526662827,-928.7135807507813,15,False
2021-05-21 13:15:00+00:00,5,EUR_CAD,LONG,1.46815,1.467190718365303,1.4695678449040908,1.4707064081734846,1.4724142530775755,958453.09,5,OVERLAP,2.5,0.0011385632693938544,77.75196378699954,25.14914769659039,1.4733412280319604,1.4746542642071794,-40.45829645654253,False,-0.00028356904385829764,41.5412687364527,-54.812280319604945,0.3625000000000937,13,4,1.467190718365303,SL,2021-05-21 13:45:00+00:00,-9.592816346970512,-919.4264469556399,30,False
2021-05-24 10:30:00+00:00,5,EUR_CAD,SHORT,1.47332,1.4739805821686618,1.4725282534940143,1.4718070891566903,1.4707253426507043,1377924.25,5,LONDON,2.5,0.0007211643373239345,55.482421677120485,69.62282112791036,1.4712610636234082,1.4722946624349964,9.713311569958805,False,0.00015962879141764885,61.90265920910298,23.48936376591837,0.863013698630437,10,0,1.47332,TP1+SL,2021-05-24 11:45:00+00:00,3.16698602394272,436.38668418017545,75,True
2021-05-24 16:00:00+00:00,5,EUR_CAD,SHORT,1.4749299999999999,1.4757039848277964,1.473888045516611,1.4730000758610184,1.4716681213776295,1181671.81,5,OVERLAP,2.5,0.0008879696555926388,37.83060042952835,69.5777100929728,1.4727380067275608,1.4725546570597654,19.885796440470838,False,0.00014628408691417204,67.03287954781003,24.819932724391425,0.1458333333333526,16,0,1.4716681213776295,TP3,2021-05-24 18:15:00+00:00,18.411271734221742,2175.608079457965,135,True
2021-05-25 08:45:00+00:00,5,EUR_CAD,SHORT,1.4758799999999999,1.4766589106771835,1.4750332679684495,1.4742754466140824,1.4731387145825316,1202130.31,5,LONDON,2.5,0.0007578213543670773,52.111956217721364,70.72324284331899,1.4733567890310029,1.4726602286450587,2.3953837523515986,False,0.00024755280689344665,53.14083103660719,28.132109689971152,0.5909090909088309,8,1,1.4766589106771835,SL,2021-05-25 09:00:00+00:00,-7.789106771836084,-936.3521338250413,15,False
2021-05-25 09:30:00+00:00,5,EUR_CAD,SHORT,1.47589,1.4765344521711998,1.4751166434864007,1.4744077391440011,1.4733443826304018,1438413.36,5,LONDON,2.5,0.0007089043423995745,49.15362871919368,69.84209329701885,1.4736778422530437,1.472764739183716,1.468257198977696,False,0.00012132701983890489,65.25619042351421,25.021577469563905,0.09756097560984855,9,1,1.47589,TP1+SL,2021-05-25 12:00:00+00:00,3.093426054396886,444.9625364816568,150,True
2021-05-26 09:30:00+00:00,5,EUR_CAD,SHORT,1.4776699999999998,1.4783953148338023,1.4769540554985927,1.4762834258309878,1.4752774813295806,1284184.74,5,LONDON,2.5,0.0006706296676048112,41.26820970783415,58.0473788738862,1.4770523250286234,1.4753351544572675,-1.2809674813873961,False,0.00015075803560289175,40.88692948568926,9.076749713765597,0.2075471698110362,9,2,1.4783953148338023,SL,2021-05-26 09:45:00+00:00,-7.253148338024484,-931.4382412647404,15,False
2021-05-27 16:45:00+00:00,5,EUR_CAD,LONG,1.4713900000000002,1.4703736692949005,1.4728889921152986,1.4740816535254977,1.4758706456407962,907306.89,5,OVERLAP,2.5,0.001192661410199011,36.29793803333396,36.68095147704708,1.474527897106465,1.476096788336237,-29.066504808468174,False,2.4001736894205868e-05,15.003714768971086,-34.27897106464961,0.3043478260868411,16,3,1.473942951348383,TP1+TP2+SL,2021-05-28 10:30:00+00:00,21.868485259949107,1984.142735021527,1065,True
2021-05-31 10:30:00+00:00,5,EUR_CAD,LONG,1.4712500000000002,1.4705760107091812,1.4719919678724562,1.4726799464540936,1.4737119143265498,1397596.81,5,LONDON,2.5,0.0006879785816374583,24.576111794319996,41.880253765572206,1.4720949145240083,1.4730133795324547,-4.065369509866912,False,-9.032796715278707e-05,51.33201414463636,-11.34914524008268,0.47540983606541265,10,0,1.4720630041662925,TP1+TP2+SL,2021-05-31 12:00:00+00:00,10.313665638782776,1441.434619616942,90,True
2021-05-31 15:45:00+00:00,5,EUR_CAD,SHORT,1.4756999999999998,1.4768646810605965,1.4746559568182103,1.4737665946970173,1.4724325515152277,821151.53,5,OVERLAP,2.5,0.0008893621211930676,64.55433735415977,65.87879377906987,1.4733182473244086,1.4731879581664336,26.114799176706338,False,0.000289400951976312,58.98723517190518,26.71752675591277,0.13333333333369518,15,0,1.4741937096347775,TP1+TP2+SL,2021-05-31 19:00:00+00:00,14.922374669532612,1225.353079111995,195,True
2021-06-02 16:45:00+00:00,5,EUR_CAD,LONG,1.4709800000000002,1.4699348809635857,1.4719653571092426,1.472815595182071,1.4740909522913135,926816.11,5,OVERLAP,2.5,0.0008502380728283482,25.37934132961892,42.40445707895508,1.4719092346434215,1.47294618963938,-5.226191924951884,False,8.736746540068986e-06,17.325596643064205,-12.192346434214407,0.5399999999999245,16,2,1.4699348809635857,SL,2021-06-02 18:30:00+00:00,-10.451190364144658,-968.6331598166036,105,False
2021-06-04 15:45:00+00:00,5,EUR_CAD,SHORT,1.47118,1.4721093746380343,1.4698818760858976,1.4688231268098293,1.4672350028957268,1031819.45,5,OVERLAP,2.5,0.0010587492760682931,25.51891477148268,59.46556973009261,1.4695108755224369,1.4696919060592768,15.729377094699792,False,5.834161537986854e-05,67.22174703107737,19.5912447756319,0.41772151898751253,15,4,1.469603267833514,TP1+TP2+SL,2021-06-04 19:45:00+00:00,17.773452750063697,1833.8994241171713,240,True
2021-06-21 16:45:00+00:00,5,EUR_CAD,LONG,1.47412,1.473007483169639,1.4754275504910837,1.4764925841518062,1.4780901346428899,878445.88,5,OVERLAP,2.5,0.0010650336607224695,42.6465530069687,37.2279075417045,1.476313017400187,1.475542249889183,-28.91144052198147,False,-3.0017420023780534e-05,60.96037228749839,-24.83017400187082,0.3484848484848383,16,0,1.473007483169639,SL,2021-06-21 17:30:00+00:00,-11.125168303611765,-977.2858260614345,45,False
2021-06-29 10:15:00+00:00,5,EUR_CAD,SHORT,1.4722199999999999,1.4730507121545178,1.4716378635364467,1.4710564392274112,1.470184302763858,1164678.96,5,LONDON,2.5,0.0005814243090355188,38.12375742526345,59.416648427206106,1.471450252721803,1.4701690499301663,-2.845582400310409,False,3.0113652468572892e-05,21.656983367511344,10.597472781970207,0.08571428571419508,10,1,1.4730507121545178,SL,2021-06-29 11:00:00+00:00,-8.307121545179097,-967.5129681832783,45,False
2021-06-29 16:00:00+00:00,5,EUR_CAD,SHORT,1.47379,1.474684387396623,1.4725068378101305,1.471458063016884,1.4698849008270143,1070942.9,5,OVERLAP,2.5,0.0010487747932464255,35.17322751109216,61.179212660930226,1.4720299772724688,1.4705691907214582,17.9333449376462,False,0.0003106767923478457,67.47285152514131,20.500227275312977,0.4574468085108293,16,1,1.474684387396623,SL,2021-06-29 16:30:00+00:00,-8.943873966231752,-957.8378322630734,30,False
2021-06-29 16:45:00+00:00,5,EUR_CAD,SHORT,1.47396,1.474894496760343,1.472796509718971,1.471827516198285,1.470374025917256,1014727.39,5,OVERLAP,2.5,0.0009689935206860042,33.19066155576383,61.718376884903684,1.4722739335257833,1.4706761071736356,18.61752695322405,False,0.00020221205722697067,54.658385093167944,19.760664742167755,0.26562500000001626,16,1,1.474894496760343,SL,2021-06-29 18:45:00+00:00,-9.344967603430732,-948.2594585863822,120,False
2021-07-07 16:15:00+00:00,5,EUR_CAD,SHORT,1.4750699999999999,1.4760137771347557,1.4733986685957328,1.4720911143262214,1.4701297829219542,994701.85,5,OVERLAP,2.5,0.0013075542695114497,41.928010028234446,63.80110360929069,1.472508689167878,1.4700423839789487,34.044752446504845,False,0.00042809707430322254,45.10111069995293,28.513108321219782,0.6440677966102716,16,2,1.4736529964376535,TP1+TP2+SL,2021-07-07 17:45:00+00:00,21.434875436875164,2132.1310251579284,90,True
2021-07-12 16:30:00+00:00,5,EUR_CAD,LONG,1.4778900000000001,1.476753393216845,1.4792098203494648,1.4802830339157746,1.4818928542652392,844705.65,5,OVERLAP,2.5,0.0010732135663098106,44.20631131587954,37.34797248470063,1.4798421985578478,1.4800491554926043,-29.036554494275002,False,-0.0002628483357289483,62.97294522618475,-22.421985578477965,0.40800000000001707,16,0,1.476753393216845,SL,2021-07-12 20:30:00+00:00,-11.366067831550808,-960.0981715594216,240,False
2021-07-29 16:45:00+00:00,5,EUR_CAD,LONG,1.47913,1.4780089505218392,1.4804031484344817,1.481445247390803,1.4830083958252849,847863.73,5,OVERLAP,2.5,0.0010420989563212585,40.9973194383315,41.396378179952535,1.4805187487942617,1.4825830119026253,-15.555865332015362,False,-0.00022637001277470397,50.65544061996326,-16.78748794261775,0.3571428571424795,16,3,1.4780089505218392,SL,2021-07-29 17:30:00+00:00,-11.210494781608293,-950.4971920679943,45,False
2021-08-02 16:30:00+00:00,5,EUR_CAD,SHORT,1.4833999999999998,1.4846415871897791,1.482125238430663,1.4810820640511049,1.4795173024817676,757894.59,5,OVERLAP,2.5,0.0010431743795580662,46.57814962046927,58.988270412967374,1.4818760454008304,1.4809292861915482,17.090342104337797,False,0.00023248787234493302,49.58170124280178,18.139545991695538,0.5243902439025976,16,0,1.4846415871897791,SL,2021-08-02 17:45:00+00:00,-12.415871897792918,-940.9922141470286,75,False
2021-08-03 09:00:00+00:00,5,EUR_CAD,SHORT,1.4869199999999998,1.4879329263201126,1.4860612210396618,1.4852953683994365,1.4841465894390984,919694.04,5,LONDON,2.5,0.0007658526402253685,30.16376736101929,64.11519484652433,1.48552878561663,1.4830557977406014,6.375539403475905,False,1.8264418517527424e-05,82.50060125059997,16.81214383369989,0.01282051282031209,9,1,1.4869199999999998,TP1+SL,2021-08-03 11:45:00+00:00,3.435115841352143,315.9255566001152,165,True
2021-08-05 08:30:00+00:00,5,EUR_CAD,LONG,1.4825000000000002,1.4818999181857633,1.4831102454427099,1.483710409071183,1.4846106545138926,1557690.19,5,LONDON,2.5,0.0006001636284731522,23.770876519187883,36.068374183552685,1.4837404223431336,1.4851067656673411,-7.17324556821719,False,2.4002159750482365e-05,26.042768863573357,-15.304223431336084,0.7169811320753097,8,3,1.4818999181857633,SL,2021-08-05 08:45:00+00:00,-6.000818142368746,-934.741555234182,15,False
2021-08-05 14:30:00+00:00,5,EUR_CAD,LONG,1.48042,1.4792642538481,1.4818872384557,1.4830587307595002,1.4848159692152003,800689.78,5,OVERLAP,2.5,0.0011714923038000735,40.588273405774856,39.84157590446957,1.4821737351893347,1.4843001362308186,-11.3892749227551,False,-0.0001434453228433127,47.17644409998983,-20.43735189334761,0.023255813953644486,14,3,1.4792642538481,SL,2021-08-05 14:45:00+00:00,-11.557461519000611,-925.3941321007065,15,False
2021-08-05 15:45:00+00:00,5,EUR_CAD,LONG,1.4783300000000001,1.4773467380574734,1.4800297858275797,1.481356309712633,1.4833460955402127,931735.64,5,OVERLAP,2.5,0.0013265238850531467,49.45612165371499,36.09137955050268,1.4814652448828665,1.484005552771657,-27.677775310228636,False,-0.00020910695049789862,43.29763641322872,-34.252448828664406,0.8269230769232124,15,3,1.4783300000000001,TP1+SL,2021-08-05 21:00:00+00:00,6.7991433103182795,633.500414369112,315,True
2021-08-13 15:00:00+00:00,5,EUR_CAD,SHORT,1.47481,1.4759934729599764,1.4737095811200709,1.4727826352001183,1.4713922163201891,779464.53,5,OVERLAP,2.5,0.0009269459199527438,53.867996402839196,71.62681617653189,1.4716363527718908,1.470153463588462,22.935163355253252,False,0.00014595719717541396,80.78802206462022,34.63647228109323,0.2419354838709591,15,4,1.4759934729599764,SL,2021-08-13 15:30:00+00:00,-11.834729599764502,-922.4751945157527,30,False
2021-08-17 16:15:00+00:00,5,EUR_CAD,LONG,1.4791,1.4780015119090497,1.4805454642728508,1.4817024404547514,1.4834379047276023,831370.37,5,OVERLAP,2.5,0.001156976181900583,48.17274630175585,38.165538100404966,1.4814734339114197,1.4793479263899547,-30.62717724257702,False,-8.386419506624908e-05,54.616113226107245,-26.634339114197658,0.19354838709658934,16,1,1.4791,TP1+SL,2021-08-17 18:15:00+00:00,5.7818570914029985,480.6864669366835,120,True
2021-08-24 09:00:00+00:00,5,EUR_CAD,LONG,1.4819900000000001,1.4812160203607736,1.482911938917679,1.4837198981961315,1.4849318371138105,1186151.76,5,LONDON,2.5,0.0008079592784526079,44.321384125547624,29.85388075689889,1.4845363795193747,1.4901284019613665,-2.230287044304724,False,-3.417801169381025e-05,34.234234234235124,-28.363795193746544,0.06666666666671602,9,1,1.4812160203607736,SL,2021-08-24 10:15:00+00:00,-7.739796392265408,-918.0573112727265,75,False
2021-08-25 16:45:00+00:00,5,EUR_CAD,SHORT,1.48376,1.484875311851898,1.482594064444306,1.4816234407405102,1.4801675051848162,814908.17,5,OVERLAP,2.5,0.0009706237037959637,19.288367047888645,58.94880253928334,1.4823970403565174,1.483936353576141,15.029792408698395,False,3.664238483723774e-06,33.078542708998945,16.529596434826654,0.5232558139535094,16,2,1.4822744550615847,TP1+TP2+SL,2021-08-25 22:00:00+00:00,16.181069137565007,1318.608543953658,315,True
2021-09-02 16:30:00+00:00,5,EUR_CAD,LONG,1.4897600000000002,1.488907874641565,1.4910063760753054,1.4920306267921755,1.4935670028674806,1082074.15,5,OVERLAP,2.5,0.0010242507168701442,38.912881621651934,33.8797047058999,1.492485836559892,1.4918749728489757,-31.55124722228786,False,-0.0003345858698435905,23.08915814388098,-30.158365598920156,0.3544303797465971,16,3,1.4897600000000002,TP1+SL,2021-09-02 21:00:00+00:00,4.985504301220799,539.468532906484,270,True
2021-09-03 10:00:00+00:00,5,EUR_CAD,LONG,1.4894600000000002,1.4887622718609932,1.4901531844170204,1.490808640695034,1.4917918251120543,1329253.41,5,LONDON,2.5,0.0006554562780135635,31.24975838123104,40.710618257418176,1.4903169969751102,1.4911340427214086,-1.2573088911604913,False,-2.508798115107377e-05,65.44389848290619,-11.46996975110115,0.45555555555538285,10,4,1.4887622718609932,SL,2021-09-03 10:15:00+00:00,-6.977281390070366,-927.4575080280574,15,False
2021-09-03 10:30:00+00:00,5,EUR_CAD,LONG,1.4893800000000001,1.4885300966556523,1.490049710033043,1.4906895167217384,1.4916492267547814,1080338.07,5,LONDON,2.5,0.0006398066886953557,28.19803217844177,39.91846170279692,1.4902264166617607,1.4910945527539048,-1.7393094203388415,False,-2.775020568990304e-06,53.84615384615878,-11.364166617606752,0.2391304347827766,10,4,1.4885300966556523,SL,2021-09-03 10:45:00+00:00,-8.499033443478687,-918.182938719322,15,False
2021-09-06 14:15:00+00:00,5,EUR_CAD,LONG,1.4871100000000002,1.4862520548527685,1.4877438354416952,1.4883597257361585,1.4892835611778537,1059509.58,5,OVERLAP,2.5,0.0006158902944633945,42.39448798030407,36.70133273750261,1.488131123548336,1.4891494506417937,-13.115840906152698,False,-0.00021754775785230235,31.647066841942145,-13.111235483360684,0.21739130434784706,14,0,1.4871100000000002,TP1+SL,2021-09-06 15:15:00+00:00,2.5353417667801637,268.62188904777094,60,True
2021-09-06 15:30:00+00:00,5,EUR_CAD,LONG,1.48753,1.4869100732255327,1.4881397803234018,1.4887396338723364,1.4896394141957383,1470637.12,5,OVERLAP,2.5,0.0005998535489345805,28.661278551318055,43.837597883515954,1.4879783524308663,1.4890585999216734,-7.4849970326096305,False,-2.3891743313752785e-05,61.95541311820586,-7.383524308663958,0.06451612903195769,15,0,1.4869100732255327,SL,2021-09-06 15:45:00+00:00,-6.199267744673165,-911.6873262135039,15,False
2021-09-07 14:30:00+00:00,5,EUR_CAD,SHORT,1.4955399999999999,1.496457236954847,1.4942782891354591,1.4932438152257652,1.4916921043612243,984010.13,5,OVERLAP,2.5,0.0010344739096939254,29.046444428338855,72.64224079999084,1.4914446516226696,1.4896104701634734,31.34185639671605,False,7.93395840320818e-05,88.10748020171104,43.853483773304,0.9166666666666152,14,1,1.496457236954847,SL,2021-09-07 14:45:00+00:00,-9.172369548471337,-902.5704551799322,15,False
2021-09-09 16:00:00+00:00,5,EUR_CAD,LONG,1.4958500000000001,1.4943076726712443,1.4975469819862668,1.498871636643778,1.5008586186300448,579348.32,5,OVERLAP,2.5,0.0013246546575111852,38.300086754123676,36.09210669520758,1.4991160528248617,1.4979652416062523,-33.73021640948659,False,-5.9811952758804686e-05,69.2374912888873,-35.5605282486171,0.4552238805969741,16,3,1.4943076726712443,SL,2021-09-09 16:45:00+00:00,-15.423273287558102,-893.5447468047663,45,False
2021-09-13 08:45:00+00:00,5,EUR_CAD,LONG,1.49398,1.4930491000226296,1.494922699932111,1.4957444998868517,1.4969771998189627,950273.2,5,LONDON,2.5,0.0008217999547407135,19.823144227252456,39.990327628157495,1.495256793477787,1.4958602701715316,1.077653904790754,False,2.433894369187903e-06,37.395228884594225,-15.667934777869874,0.185714285714254,8,0,1.4930491000226296,SL,2021-09-13 09:45:00+00:00,-9.308999773705029,-884.6093003757953,60,False
2021-09-16 10:15:00+00:00,5,EUR_CAD,LONG,1.4881000000000002,1.4870963511075728,1.4889609466772815,1.4897282444621358,1.490879191139417,872579.26,5,LONDON,2.5,0.0007672977848542536,54.96363030636132,30.40879938996649,1.4907717185232325,1.4938704658761426,-3.3702045637018507,False,-9.370172870159371e-05,46.777999888950774,-29.617185232324594,0.4249999999998196,10,3,1.4870963511075728,SL,2021-09-16 10:30:00+00:00,-10.036488924274332,-875.7632078541494,15,False
2021-09-20 08:30:00+00:00,5,EUR_CAD,LONG,1.49988,1.4986084812225435,1.5011245563323692,1.502147593887282,1.503682150219651,681866.12,5,LONDON,2.5,0.001023037554912746,26.800194362712404,55.83289288517548,1.4978334270338503,1.4947303504382834,6.278496522951205,False,-0.00012469844997482532,52.2613266971265,17.565729661497276,0.5662650602410058,8,0,1.5013790411095185,TP1+TP2+SL,2021-09-20 10:30:00+00:00,17.046683097640347,1162.3555662657604,120,True
2021-09-22 15:45:00+00:00,5,EUR_CAD,LONG,1.4948800000000002,1.4933857193905118,1.496582841828465,1.4979114030474419,1.4999042448759068,587994.73,5,OVERLAP,2.5,0.0013285612189766827,45.200350166539145,31.312041070350034,1.4993203480859978,1.4996809174801888,-47.641816363530594,False,-0.0006661671030879808,21.661167655359037,-47.30348085997704,0.542372881355929,15,2,1.4933857193905118,SL,2021-09-22 17:30:00+00:00,-14.942806094884187,-878.6291235203781,105,False
2021-09-28 16:30:00+00:00,5,EUR_CAD,SHORT,1.4822499999999998,1.4834140468047436,1.4802478595857693,1.4787197659762823,1.4764276255620519,747257.61,5,OVERLAP,2.5,0.0015280936094870363,29.47751353993569,62.218846299635324,1.4788299064086057,1.4798497217872286,29.617551319849333,False,3.4442393709809525e-07,33.137022397892274,37.10093591394292,0.49450549450545833,16,1,1.4834140468047436,SL,2021-09-28 17:00:00+00:00,-11.640468047438013,-869.8428332409896,30,False
2021-10-11 10:15:00+00:00,5,EUR_CAD,LONG,1.4406,1.4395734722878926,1.4416195831363225,1.4424926385605374,1.4438022216968598,838890.56,5,LONDON,2.5,0.0008730554242149719,28.00333129237712,43.45121472263664,1.4419094007505298,1.4467004082607466,-0.13326689058068553,False,-0.00010735219563881104,55.16749078921598,-15.99400750529778,0.5609756097559523,10,0,1.4406,TP1+SL,2021-10-11 11:00:00+00:00,4.078332545289776,342.1274672784366,45,True
2021-10-15 09:45:00+00:00,5,EUR_CAD,LONG,1.4327100000000002,1.432049056325049,1.4334428310248533,1.4341247183747554,1.4351475493996086,1308077.7,5,LONDON,2.5,0.0006818873499021792,38.72534460541742,39.05039259055867,1.4338208219963273,1.436541526917973,-3.878202265696906,False,-5.567174048480572e-05,37.76830196264194,-14.00821996327295,0.4629629629631305,9,4,1.432049056325049,SL,2021-10-15 10:00:00+00:00,-6.609436749511754,-864.5656821596812,15,False
2021-10-15 11:15:00+00:00,5,EUR_CAD,LONG,1.43276,1.431971083912907,1.4335167482612794,1.4342145804354656,1.435261328696745,1084931.64,5,LONDON,2.5,0.0006978321741862842,26.285209706175017,41.22802194172315,1.433636174161537,1.4363329687675481,-3.973687059943831,False,5.109901102140648e-05,49.074511037699416,-11.661741615371923,0.5538461538463325,11,4,1.435261328696745,TP3,2021-10-15 12:45:00+00:00,13.847972180469624,1502.4103168431284,90,True
2021-10-20 08:15:00+00:00,5,EUR_CAD,LONG,1.43581,1.434769450997158,1.4367216470085258,1.4375227450142098,1.4387243920227357,837004.44,5,LONDON,2.5,0.0008010980056839501,35.56434881914112,39.637815009714146,1.4372451103318562,1.4372006723754787,0.7220262876761474,False,-0.0002084588434843372,41.50808397536096,-17.251103318562944,0.17142857142844456,8,2,1.43581,TP1+SL,2021-10-20 10:00:00+00:00,3.646588034103005,305.22103753950864,105,True
2021-10-25 11:00:00+00:00,5,EUR_CAD,LONG,1.4364500000000002,1.43555102367259,1.4371169289822303,1.4377548816370505,1.4387118106192807,972212.85,5,LONDON,2.5,0.0006379526548201284,54.974120326320545,24.331528755535558,1.4383879279851068,1.4377790707424525,-13.791795953272956,False,-0.00022486996118649904,17.902411583783415,-22.27927985106737,0.26829268292694813,11,0,1.43555102367259,SL,2021-10-25 11:30:00+00:00,-8.989763274103167,-873.9963373541173,30,False
2021-10-28 15:15:00+00:00,5,EUR_CAD,SHORT,1.4404,1.4423413349844538,1.438105995046639,1.4363833250777318,1.433799320124371,445701.74,5,OVERLAP,2.5,0.0017226699689072646,39.58802194054332,63.2427242879163,1.4364407678162898,1.4360265919015167,37.01834452535246,False,0.000460785229262378,54.421418939592,42.492321837102054,0.6571428571429357,15,3,1.4423413349844538,SL,2021-10-28 15:45:00+00:00,-19.41334984453924,-865.2563804939869,30,False
2021-10-28 16:30:00+00:00,5,EUR_CAD,SHORT,1.4414399999999998,1.44318023211196,1.43944930366412,1.4379288394402001,1.4356481431043204,492235.38,5,OVERLAP,2.5,0.001520464223919905,44.22593160223056,62.912019757725226,1.4374835642922197,1.4363275909424427,42.88970278215176,False,0.00019038861172767274,60.94092945981982,42.46435707780272,0.6941176470589158,16,3,1.44318023211196,SL,2021-10-28 16:45:00+00:00,-17.402321119601712,-856.6038149189176,15,False
2021-11-04 08:45:00+00:00,5,EUR_CAD,LONG,1.4330800000000001,1.4322139109041214,1.433798267287636,1.4344704454793933,1.4354787127670294,979157.66,5,LONDON,2.5,0.0006721781917573548,69.984252619645,16.967846357552702,1.4366462403766236,1.4371766339887497,-1.7461205371116506,False,-0.00037093466201857956,20.32912891629262,-38.56240376623576,0.28846153846167805,8,3,1.4354787127670294,TP3,2021-11-04 12:00:00+00:00,13.232276602174407,1295.6484994257844,195,True
2021-11-10 08:15:00+00:00,5,EUR_CAD,LONG,1.43669,1.435806729579393,1.4374598112618213,1.4381663521030357,1.439226163364857,974779.91,5,LONDON,2.5,0.0007065408412142845,75.5807838758526,18.87895791693569,1.4403470028632637,1.4410056595277259,-1.867752008903878,False,-0.0003681219276207854,17.037510623796383,-39.47002863263771,0.28947368421069036,8,2,1.435806729579393,SL,2021-11-10 08:45:00+00:00,-8.832704206069852,-860.9942611049393,30,False
2021-11-15 09:15:00+00:00,5,EUR_CAD,LONG,1.43486,1.4342158787298214,1.4355123638105358,1.436140606350893,1.437082970161429,1323328.94,5,LONDON,2.5,0.000628242540357264,40.76891867005781,41.788809284631135,1.4359421941467465,1.4377851137423545,0.7674043917837992,False,-7.280876370055662e-05,52.830188679242895,-13.721941467466081,0.3333333333336623,9,0,1.4342158787298214,SL,2021-11-15 10:00:00+00:00,-6.441212701786546,-852.3843176969727,45,False
2021-11-15 10:30:00+00:00,5,EUR_CAD,LONG,1.4345100000000002,1.4336985399428652,1.4351843801714044,1.4358273002856738,1.436791680457078,1039928.54,5,LONDON,2.5,0.0006429201142694801,36.28370421112782,40.72040049365902,1.4356526981992068,1.4376174493757403,-2.383449305447538,False,-2.301044312043798e-06,38.6312918423072,-14.326981992067722,0.36170212765960463,10,0,1.4336985399428652,SL,2021-11-15 10:45:00+00:00,-8.114600571349495,-843.8604724846647,15,False
2021-11-18 16:45:00+00:00,5,EUR_CAD,SHORT,1.43414,1.4351397796979681,1.4327506609060958,1.4316311015101595,1.4299517624162552,835605.96,5,OVERLAP,2.5,0.001119559395936219,41.22755241261694,68.19397757957498,1.430380859003232,1.4273161101521974,34.75203732200782,False,0.0001815113897478582,34.347171435918426,40.49140996768008,0.75,16,3,1.4351397796979681,SL,2021-11-18 17:15:00+00:00,-9.997796979681617,-835.4218743091958,30,False
2021-11-22 11:30:00+00:00,5,EUR_CAD,LONG,1.4250200000000002,1.4240387225513629,1.425903832345912,1.4266863872431865,1.4278602195890986,842847.92,5,LONDON,2.5,0.0007825548972746183,26.578773849405994,43.92043134024093,1.425637753108343,1.4273376770930484,-4.21942893996885,False,3.624629713485427e-05,26.157801157797095,-9.077531083430124,0.5890410958903984,11,0,1.4240387225513629,SL,2021-11-22 11:45:00+00:00,-9.812774486372964,-827.0676565268523,15,False
2021-11-26 12:00:00+00:00,5,EUR_CAD,SHORT,1.43973,1.4416982891691879,1.437355132492436,1.43557855415406,1.432913686646496,415994.25,5,LONDON,2.5,0.001776578338376018,55.92432711211826,70.32073380354703,1.4311489003356985,1.424668647505942,27.527297385863125,False,-3.191841725092752e-05,47.60413165707198,88.7109966430155,0.09565217391309216,12,4,1.4416982891691879,SL,2021-11-26 13:45:00+00:00,-19.68289169187898,-818.7969767194427,105,False
2021-12-06 10:45:00+00:00,5,EUR_CAD,LONG,1.44619,1.4453330435520777,1.4476008693437665,1.4487347822396108,1.4504356515833774,945916.22,5,LONDON,2.5,0.0011339128958443793,24.129551592391277,43.31112210098867,1.4475109251839218,1.4481232595385534,-4.541907238095888,False,9.796758252833754e-05,53.06527264225795,-16.109251839218075,0.4571428571428934,10,0,1.4453330435520777,SL,2021-12-06 11:00:00+00:00,-8.569564479223857,-810.6090039233699,15,False
2021-12-06 11:00:00+00:00,5,EUR_CAD,LONG,1.4454600000000002,1.4443121118697866,1.4468736643906404,1.4480094406510673,1.4497131050417078,699112.48,5,LONDON,2.5,0.0011357762604269272,23.325026574273593,39.45336909557099,1.447419124196317,1.4480938738715032,-11.3426421172802,False,2.054861969185307e-05,25.103801863338063,-22.49124196316954,0.6293103448274707,11,0,1.4443121118697866,SL,2021-12-06 11:30:00+00:00,-11.478881302136033,-802.5029174761952,30,False
2021-12-06 12:45:00+00:00,5,EUR_CAD,LONG,1.4450600000000002,1.4439130751999971,1.4464707744000087,1.4476046240000142,1.4493053984000228,692702.68,5,LONDON,2.5,0.0011338496000056664,25.182772879988843,42.07385928084947,1.446747145294255,1.4478610531600948,-10.402387486385667,False,-7.065177744345285e-06,82.73501026888086,-19.771452942549672,0.49999999999990746,12,0,1.4450600000000002,TP1+SL,2021-12-06 14:15:00+00:00,5.643097600033898,390.89888310450493,90,True
2021-12-16 09:00:00+00:00,5,EUR_CAD,LONG,1.44757,1.4466860361540679,1.4486418915377965,1.4495498192296608,1.4509117107674574,903189.51,5,LONDON,2.5,0.0009079276918643566,48.13858773555072,38.992958943918985,1.4491750927766691,1.448315893890569,-1.8356918240214348,False,-0.00011541074519936601,30.54756214537738,-18.95092776669216,0.2948717948720175,9,3,1.4466860361540679,SL,2021-12-16 09:15:00+00:00,-8.839638459321453,-798.3868728651698,15,False
2021-12-22 09:00:00+00:00,5,EUR_CAD,LONG,1.455,1.4541199461399934,1.4557601615800193,1.4564602693000324,1.4575104308800517,898130.27,5,LONDON,2.5,0.0007001077200129432,24.725893272900443,40.55946626622952,1.4560322256166898,1.4563086850215683,-2.6437935028300608,False,5.122851958469358e-06,37.01920080657384,-13.222256166898205,0.08510638297881387,9,2,1.4575104308800517,TP3,2021-12-22 10:15:00+00:00,13.90258528030941,1248.6332671502316,75,True
2021-12-24 15:30:00+00:00,5,EUR_CAD,LONG,1.4496000000000002,1.4486513971212485,1.4510758086362547,1.4522530143937578,1.4540188230300124,846391.42,5,OVERLAP,2.5,0.0011772057575030752,16.732112931239573,42.022634489512754,1.4512527698432884,1.452715902828247,-16.019721799178654,False,-1.2083870035355907e-05,32.62488267807041,-19.42769843288339,0.8813559322033389,15,4,1.4486513971212485,SL,2021-12-24 15:45:00+00:00,-9.486028787517586,-802.8893375627889,15,False
2021-12-24 16:30:00+00:00,5,EUR_CAD,LONG,1.44981,1.4483959615311321,1.4513621154066032,1.4525901923443385,1.4544323077509418,562120.81,5,OVERLAP,2.5,0.001228076937735467,19.766981512562705,45.46339449857852,1.4509156769895468,1.4525684665846095,-12.079591792837352,False,-3.694306104871285e-05,51.113022309603046,-13.956769895469012,0.26582278480987753,16,4,1.4483959615311321,SL,2021-12-24 18:15:00+00:00,-14.140384688678953,-794.8604494911812,105,False
2021-12-30 10:15:00+00:00,5,EUR_CAD,LONG,1.4480400000000002,1.4472213948277424,1.4488858155167728,1.449643025861288,1.4507788413780607,961283.74,5,LONDON,2.5,0.0007572103445151595,25.910178642766216,41.70126742365794,1.4491930767667451,1.4496938805572612,0.14536684405985767,False,-1.12604950063557e-05,52.62843488650802,-14.43076766745044,0.37500000000004335,10,3,1.4472213948277424,SL,2021-12-30 10:45:00+00:00,-8.186051722578467,-786.9118415713673,30,False
2021-12-30 10:45:00+00:00,5,EUR_CAD,LONG,1.44764,1.4466415088055535,1.4484254735833397,1.4491424559722328,1.4502179295555726,780219.92,5,LONDON,2.5,0.0007169823888931648,26.59115480780558,38.62347632196306,1.449053616807749,1.4496480593041783,-3.3806185887041984,False,-5.351346242773178e-06,39.6659781706282,-17.036168077491087,0.12765957446845702,10,3,1.4481130580085835,TP1+TP2+SL,2021-12-30 13:00:00+00:00,10.097834239456647,787.8531422482127,135,True
2022-01-04 16:45:00+00:00,5,EUR_CAD,LONG,1.43452,1.43347080290989,1.43626759127033,1.4376259854505502,1.4396635767208803,750022.34,5,OVERLAP,2.5,0.0013583941802200895,56.39031347743249,39.20366730303797,1.4372499379199521,1.4394852805732345,-27.812785336653878,False,2.4480846180126303e-06,54.621890547260364,-30.199379199522536,0.7826086956522054,16,1,1.43347080290989,SL,2022-01-04 17:30:00+00:00,-10.491970901100878,-786.9212566455589,45,False
2022-01-05 14:15:00+00:00,5,EUR_CAD,SHORT,1.44074,1.4420305951250445,1.4391382146248666,1.4378770243747778,1.4359852389996444,603637.83,5,OVERLAP,2.5,0.0012611902500889167,30.39847618717433,63.519722503960445,1.43771433585604,1.4376539441481302,23.52458830797044,False,-9.494026575071653e-06,76.3833287063927,33.156641439600065,0.6280991735538313,14,2,1.44074,TP1+SL,2022-01-05 17:30:00+00:00,6.407141500533342,386.759299188489,195,True
2022-01-11 11:30:00+00:00,5,EUR_CAD,LONG,1.4334200000000001,1.4326094336912663,1.4344216989262013,1.4352828315436688,1.43657453046987,965892.15,5,LONDON,2.5,0.0008611326174675152,29.73651594931774,43.977185713703285,1.4341158853168383,1.4351136888574352,-2.994047296396296,False,-3.304102152928523e-05,74.32948926997466,-9.858853168382975,0.1206896551724798,11,1,1.4326094336912663,SL,2022-01-11 12:00:00+00:00,-8.105663087338844,-782.9196346605354,30,False
2022-01-18 10:45:00+00:00,5,EUR_CAD,LONG,1.42571,1.424549880580548,1.4269803582583558,1.42802059709726,1.4295809553556158,668112.63,5,LONDON,2.5,0.0010402388389039827,18.425455033227944,43.55145423486168,1.4265670248030715,1.4287418759666373,-6.490676990524857,False,3.068011006403815e-05,22.94994781382898,-11.470248030716057,0.672727272727515,10,1,1.424549880580548,SL,2022-01-18 11:15:00+00:00,-11.601194194519326,-775.0904364441038,30,False
2022-01-19 10:45:00+00:00,5,EUR_CAD,LONG,1.41534,1.4145265293872173,1.416380411838348,1.4172673530639135,1.4185977649022614,943291.03,5,LONDON,2.5,0.0008869412255653902,41.71933439947591,39.09077296866237,1.416948119935252,1.4220026272286734,-13.670577021982488,False,-0.00026125934203687215,50.6637551510095,-18.981199352521294,0.8082191780824293,10,2,1.4145265293872173,SL,2022-01-19 11:45:00+00:00,-8.134706127826963,-767.3395322065207,60,False
2022-01-25 11:45:00+00:00,5,EUR_CAD,LONG,1.4252300000000002,1.4237531096419507,1.4267606710741485,1.4279744517902475,1.429795122864396,514368.68,5,LONDON,2.5,0.0012137807160989805,41.83526064478752,35.858975968502904,1.428297241874307,1.4266757366132194,-19.991530147924763,False,-0.00014303238001542253,31.00000000000323,-33.572418743068596,0.321100917431045,11,1,1.4237531096419507,SL,2022-01-25 14:15:00+00:00,-14.768903580495428,-759.6661439746707,150,False
2022-02-16 14:00:00+00:00,5,EUR_CAD,LONG,1.4414500000000001,1.4402127194448755,1.4428018416653736,1.4438964027756227,1.4455382444409963,607840.7,5,OVERLAP,2.5,0.0010945611102491093,42.73790371448941,38.24690581604676,1.443133895879047,1.4438629460005457,-15.4950296257228,False,-0.00020975621056057697,59.36628982995668,-19.738958790469496,0.35576923076923694,14,2,1.4402127194448755,SL,2022-02-16 14:15:00+00:00,-12.3728055512462,-752.0694787233376,15,False
2022-02-23 11:00:00+00:00,5,EUR_CAD,LONG,1.4421300000000001,1.44118541488476,1.4431437553457198,1.4440129255761998,1.4453166809219196,788228.37,5,LONDON,2.5,0.0008691702304798782,24.971297160972533,37.75779628079403,1.4436740802682206,1.4440122016010715,-7.915137747411816,False,-3.615937786776455e-06,42.23784662192451,-18.34080268220628,0.6438356164382103,11,2,1.44118541488476,SL,2022-02-23 11:15:00+00:00,-9.44585115240093,-744.5487857119607,15,False
2022-02-23 16:30:00+00:00,5,EUR_CAD,LONG,1.44022,1.4388312808543884,1.4416061574368344,1.4427235957280575,1.444399753164892,530779.24,5,OVERLAP,2.5,0.0011174382912229944,19.835966721497126,41.93970589743184,1.4416854541033979,1.4432794204226191,-11.13061272513427,False,0.00013054741293819997,31.544953478159044,-17.554541033979465,0.36283185840707444,16,2,1.4388312808543884,SL,2022-02-23 17:00:00+00:00,-13.887191456116721,-737.1032926812127,30,False
2022-03-08 12:30:00+00:00,5,EUR_CAD,SHORT,1.39834,1.4003069440517142,1.3959091678448574,1.3940952797414292,1.3913744475862866,370997.98,5,LONDON,2.5,0.001813888103428363,24.160743566767966,61.39342217227821,1.3945095840281303,1.3924550582194999,14.48200717629966,False,1.685309023000299e-07,78.5221955636461,41.2041597186974,0.47651006711408894,12,1,1.4003069440517142,SL,2022-03-08 14:00:00+00:00,-19.6694405171427,-729.7322699590097,90,False
2022-03-11 16:00:00+00:00,5,EUR_CAD,LONG,1.3924100000000001,1.390512888742086,1.3952613337737423,1.3973555562895705,1.4004968900633128,380807.89,5,OVERLAP,2.5,0.0020942225158281647,64.15945760637582,28.84497147157505,1.4008458573640163,1.4055701821012816,-86.02264045114438,False,-0.0008319937085708197,28.309976429393505,-87.2585736401632,0.2945205479451544,16,4,1.390512888742086,SL,2022-03-11 16:15:00+00:00,-18.97111257914252,-722.4349352215722,15,False
2022-03-11 16:15:00+00:00,5,EUR_CAD,LONG,1.3908500000000001,1.3893976824033654,1.3936869527899036,1.3957715879831725,1.398898540773076,492461.56,5,OVERLAP,2.5,0.0020846351932690232,66.22756890394928,26.158598161200658,1.4004424904085646,1.4054208270554978,-99.07923360202186,False,-0.0007810669005847508,30.022446689113945,-98.82490408564593,0.8061224489794727,16,4,1.3893976824033654,SL,2022-03-11 17:15:00+00:00,-14.523175966347779,-715.2105892542135,60,False
2022-03-14 09:30:00+00:00,5,EUR_CAD,SHORT,1.3979799999999998,1.3989764667806814,1.3965705996579556,1.3954376660965926,1.3937382657545483,710569.08,5,LONDON,2.5,0.001132933561362905,43.15727593840943,71.31100117089784,1.3949507401560415,1.3990132954792232,6.864140848168443,False,0.00017755971825827175,84.21121593290941,33.192598439584216,0.12745098039211844,9,0,1.3989764667806814,SL,2022-03-14 09:45:00+00:00,-9.964667806816596,-708.0584835995286,15,False
2022-03-14 16:45:00+00:00,5,EUR_CAD,SHORT,1.4022999999999999,1.4035362388282902,1.3999912835151298,1.3982588058585497,1.3956600893736795,567024.66,5,OVERLAP,2.5,0.0017324776565801388,41.99231056807777,64.93896952461344,1.3977914164151617,1.3989615378312925,41.498742014753894,False,0.0004611489857901796,70.04873914462809,47.98583584838312,0.5950920245398179,16,0,1.4035362388282902,SL,2022-03-14 17:15:00+00:00,-12.362388282902703,-700.977901290089,30,False
2022-03-15 09:30:00+00:00,5,EUR_CAD,SHORT,1.4146599999999998,1.4163448567700756,1.412835429689773,1.4114257161496218,1.409311145839395,411885.53,5,LONDON,2.5,0.0014097135401512561,65.5131951288369,74.76941715438096,1.4083280509024434,1.402982750980084,12.635929037057014,False,0.0001974058944193139,74.24014850228211,66.21949097556534,0.416058394160526,9,1,1.409311145839395,TP3,2022-03-15 11:30:00+00:00,30.933124963629314,1274.0906570200693,120,True
2022-03-16 13:15:00+00:00,5,EUR_CAD,LONG,1.3965500000000002,1.3950874156322735,1.3984277531031795,1.3998729218386325,1.402040674941812,483191.97,5,OVERLAP,2.5,0.0014451687354529784,27.78702578686796,43.17945758360907,1.3984753478847043,1.4010564245620711,-16.40000389660612,False,-0.00027534886890928244,37.43085270553227,-22.15347884704233,0.3260869565216919,13,2,1.3989996247298024,TP1+TP2+SL,2022-03-16 14:30:00+00:00,25.70194922685109,1241.8975479762157,75,True
2022-03-18 09:15:00+00:00,5,EUR_CAD,LONG,1.39582,1.3948571129925704,1.3969186610222881,1.3978444350371468,1.399233096059435,746845.68,5,LONDON,2.5,0.0009257740148587648,55.453757004352006,38.57868451668373,1.3982734672485553,1.399841480047223,2.2621197983219155,False,-5.658084365856497e-06,73.4735267747021,-27.434672485553424,0.658227848101305,9,4,1.3948571129925704,SL,2022-03-18 09:45:00+00:00,-9.628870074296358,-719.1280018269515,30,False
2022-03-21 14:45:00+00:00,5,EUR_CAD,LONG,1.38999,1.3884489889401297,1.3916530331796106,1.3929550552993513,1.394908088478962,461993.26,5,OVERLAP,2.5,0.0013020221197405056,33.8542112479933,40.668933628762744,1.3916897116003364,1.394518302108783,-17.55874975242211,False,-0.00014291871895169735,47.27525418769782,-19.897116003364523,0.3089430894309163,14,0,1.3884489889401297,SL,2022-03-21 16:15:00+00:00,-15.410110598703671,-711.9367232455662,90,False
2022-03-31 11:30:00+00:00,5,EUR_CAD,LONG,1.3897100000000002,1.3886605224056785,1.3913384327829645,1.3926173879716075,1.394535820754572,671588.76,5,LONDON,2.5,0.0012789551886429852,68.37270939055219,32.89241746062925,1.3934234662384142,1.389504455283059,-23.367263305271724,False,-0.00034950932933971134,47.85061038676019,-40.03466238414077,0.4583333333330635,11,3,1.3886605224056785,SL,2022-03-31 12:15:00+00:00,-10.494775943217238,-704.8173562183096,45,False
2022-03-31 15:30:00+00:00,5,EUR_CAD,LONG,1.3858000000000001,1.3844201750513392,1.3884194748459822,1.3903591247433036,1.393268599589286,505693.99,5,OVERLAP,2.5,0.0019396498973214648,37.06294225869189,34.16105860996494,1.390727541035974,1.3892602619985635,-40.198638803665695,False,-5.7546404594560445e-06,26.64141414141535,-52.17541035974049,0.29523809523812744,15,3,1.3844201750513392,SL,2022-03-31 16:00:00+00:00,-13.79824948660957,-697.7691837899046,30,False
2022-04-04 08:45:00+00:00,5,EUR_CAD,LONG,1.37755,1.3766855201008565,1.3785034396974305,1.3793323994957176,1.3805758391931482,799083.34,5,LONDON,2.5,0.000828959798287042,61.305896489125054,25.63304197090173,1.3809190452650535,1.383292389561246,-4.348814794701283,False,-0.000246704026585881,56.49987706681639,-36.59045265053562,0.8181818181818549,8,0,1.3766855201008565,SL,2022-04-04 09:30:00+00:00,-8.64479899143511,-690.7914851704599,45,False
2022-04-11 09:00:00+00:00,5,EUR_CAD,SHORT,1.3737899999999998,1.3750253586874377,1.372593923937687,1.3716032065628119,1.3701171305004989,553591.1,5,LONDON,2.5,0.000990717374875268,38.51121209417118,62.011874854895694,1.3717292893672788,1.3694849974086707,-4.872600711536279,False,9.191949644423358e-05,18.403989552668765,23.50710632721187,0.008474576271242255,9,0,1.3750253586874377,SL,2022-04-11 09:30:00+00:00,-12.353586874378486,-683.8835746732748,30,False
2022-04-19 16:15:00+00:00,5,EUR_CAD,SHORT,1.3630499999999999,1.3644430880260905,1.3614707359217288,1.3602245598695482,1.358355295791277,486002.84,5,OVERLAP,2.5,0.0012461760521807475,31.62093532562594,62.29581220114616,1.3606525198068953,1.3611620936069915,18.443798047858007,False,-0.00011269969029753914,61.57024793388397,26.874801931047188,0.19266055045874925,16,1,1.3614464365840067,TP1+TP2+SL,2022-04-19 22:00:00+00:00,20.8259436668774,1012.1467767782431,345,True
2022-04-21 08:00:00+00:00,5,EUR_CAD,SHORT,1.36083,1.3622089970014724,1.3592630089955835,1.3580250149926392,1.3561680239882223,498308.7,5,LONDON,2.5,0.001237994002944415,67.73678160620818,77.96365108016983,1.355956686990789,1.3579367254968489,-0.26666666666397276,False,0.0008299590090840555,62.99243549496481,51.633130092110235,0.3953488372090141,8,3,1.3622089970014724,SL,2022-04-21 08:30:00+00:00,-13.789970014723707,-687.1662031075952,30,False
2022-04-21 08:30:00+00:00,5,EUR_CAD,SHORT,1.36245,1.3634125025165755,1.3608124924502736,1.3595274874171224,1.357599979867396,706797.68,5,LONDON,2.5,0.0012850050331510584,68.17073451034682,78.19957877078922,1.3563923742656228,1.3580093766590111,14.894659709410174,False,0.0006539538000697204,44.251223432111566,63.47625734377304,0.9658119658120267,8,3,1.36245,TP1+SL,2022-04-21 10:00:00+00:00,6.550030198905432,462.95461485162986,90,True
2022-04-26 10:00:00+00:00,5,EUR_CAD,LONG,1.3611300000000002,1.3601385116698805,1.3625844649903585,1.3637474416505975,1.3654919066409559,690803.99,5,LONDON,2.5,0.0011629766602389634,17.496921820541342,43.89322533502043,1.3628138496109097,1.365507697299916,-4.584368414226603,False,0.0001091898533637759,34.374612454600644,-19.738496109096282,0.4302325581394718,10,1,1.3611300000000002,TP1+SL,2022-04-26 11:45:00+00:00,5.817859961433137,401.9000874619257,105,True
2022-04-27 08:45:00+00:00,5,EUR_CAD,LONG,1.3604,1.3589542723447572,1.361957182965728,1.3631886382762133,1.3650358212419411,476537.26,5,LONDON,2.5,0.0012314553104853091,21.035764219202143,43.32743851543636,1.3617948460205478,1.3637306874729112,-9.290159415840105,False,6.582708096066175e-05,33.58306630044923,-16.848460205478588,0.3263598326359689,8,2,1.3613317473791087,TP1+TP2+SL,2022-04-27 10:45:00+00:00,19.246779725981877,917.1807674442955,120,True
2022-04-28 08:45:00+00:00,5,EUR_CAD,LONG,1.3481800000000002,1.3471218211705538,1.3501045364883386,1.351580894147231,1.3537954306355695,659732.44,5,LONDON,2.5,0.001476357658892372,33.64565938801755,40.20577238201638,1.35092346093021,1.3567084539227692,-20.158440232493913,False,7.387426329767379e-05,28.783942672831838,-30.334609302100635,0.7448275862069008,8,3,1.3501809494118364,TP1+TP2+SL,2022-04-28 12:00:00+00:00,25.30362136594944,1669.3619864593954,195,True
2022-04-29 09:45:00+00:00,5,EUR_CAD,SHORT,1.3478499999999998,1.3487694530999381,1.3464016407001853,1.3452427345003088,1.343504375200494,777427.93,5,LONDON,2.5,0.0011589061998764625,68.555845544088,66.95199292261046,1.345198215071031,1.349731938624669,11.085743944487803,False,0.0003559165433181298,51.529843976754364,29.417849289687936,0.7024793388428447,9,4,1.343504375200494,TP3,2022-04-29 11:45:00+00:00,24.91374879703301,1936.8644155817365,120,True
2022-05-05 12:30:00+00:00,5,EUR_CAD,LONG,1.34773,1.3464819607172898,1.349414117848131,1.3507301964135516,1.3527043142616828,588264.47,5,LONDON,2.5,0.0013160785654207023,31.305533505161566,37.2764441667224,1.350363194122802,1.3511516448454473,-22.70421412354562,False,-0.00029832658108337805,37.59406600652901,-29.23194122802064,0.6666666666667763,12,3,1.3464819607172898,SL,2022-05-05 13:00:00+00:00,-12.480392827103337,-734.1771671827746,30,False
2022-05-09 14:30:00+00:00,5,EUR_CAD,SHORT,1.3648999999999998,1.36609708789551,1.362978736313469,1.3615045605224487,1.359293296835918,607169.61,5,OVERLAP,2.5,0.001474175791020484,23.229177699941978,62.821966582135964,1.361959541037012,1.3581330947628198,24.803616788957594,False,-0.00010625583364309507,70.60159052858062,32.30458962987903,0.895027624309433,14,0,1.36609708789551,SL,2022-05-09 15:00:00+00:00,-11.97087895510318,-726.8353906527205,30,False
2022-05-12 08:45:00+00:00,5,EUR_CAD,LONG,1.3603200000000002,1.3591840279987364,1.3622979160037907,1.3638098600063178,1.3660777760101082,633437.3,5,LONDON,2.5,0.0015119440025270368,56.37235747942148,22.384666237967792,1.3657871654235743,1.3674780883777042,-8.251768820179972,False,-0.000787442794562684,13.040622885660305,-57.57165423574184,0.5097087378640327,8,3,1.3591840279987364,SL,2022-05-12 09:00:00+00:00,-11.359720012638073,-719.5670373561428,15,False
2022-05-16 16:15:00+00:00,5,EUR_CAD,LONG,1.34267,1.3415139673192513,1.344288098042246,1.3455601634037435,1.3474682614459899,616220.79,5,OVERLAP,2.5,0.0012720653614974689,45.47897827738809,32.66114761573249,1.3456091591264687,1.349798594522042,-32.02594984517803,False,-0.00018918994800940251,33.87645358607383,-32.291591264688165,0.09999999999977796,16,0,1.3415139673192513,SL,2022-05-16 17:15:00+00:00,-11.560326807487087,-712.3713717967871,60,False
2022-05-27 10:30:00+00:00,5,EUR_CAD,LONG,1.3655700000000002,1.364717384746194,1.3667578457614182,1.3677430762690301,1.3692209220304483,827158.15,5,LONDON,2.5,0.0009852305076120493,51.5991133959165,28.87816359903738,1.369207430533852,1.370018014228252,-12.688317094797785,False,-0.0003456499681319682,44.57021913675286,-39.27430533851916,0.06172839506186038,10,4,1.364717384746194,SL,2022-05-27 10:45:00+00:00,-8.526152538061993,-705.2476560001163,15,False
2022-05-27 15:30:00+00:00,5,EUR_CAD,LONG,1.36464,1.3631979300597765,1.36645620982067,1.367860349701117,1.3699665595217871,484161.8,5,OVERLAP,2.5,0.0014041398804468047,27.25543727301512,40.32656888431971,1.3673623415577747,1.3692484290591398,-18.090998457698237,False,9.840194287507307e-06,8.037962987160084,-30.123415577747448,0.6397058823530373,15,4,1.36464,TP1+SL,2022-05-30 07:15:00+00:00,7.264839282679957,351.73576638130373,3825,True
2022-06-13 16:30:00+00:00,5,EUR_CAD,LONG,1.3418500000000002,1.3406549320860253,1.3437952037419243,1.3452853395698738,1.3475205433117983,587173.77,5,OVERLAP,2.5,0.001490135827949539,27.963345007661303,44.31483828421252,1.3432350546314011,1.3449310263047745,-18.492523255864146,False,-1.3586957738177504e-05,76.11788278510686,-16.750546314010517,0.6597938144328693,16,0,1.3475205433117983,TP3,2022-06-14 07:15:00+00:00,32.86325987078697,1929.64441928197,885,True
2022-06-15 16:00:00+00:00,5,EUR_CAD,LONG,1.3467200000000001,1.3452978908141844,1.349106327557447,1.3508905459290783,1.3535668734865254,506999.73,5,OVERLAP,2.5,0.0017842183716313329,78.80736251652628,36.163255457645576,1.351096505209171,1.3493998791596726,-54.03060738971455,False,-3.297503389640497e-05,41.35844448206819,-46.66505209171001,0.8285714285714241,16,2,1.3467200000000001,TP1+SL,2022-06-15 18:00:00+00:00,9.545310229787773,483.9469709268639,120,True
2022-06-22 15:15:00+00:00,5,EUR_CAD,SHORT,1.3698199999999998,1.3717629735976398,1.3675210792070804,1.365795132011801,1.3632062112188816,373576.07,5,OVERLAP,2.5,0.001725947195279597,48.26417238985546,64.55421420322516,1.3651711097839967,1.3637844920031823,37.47910431811885,False,0.00034720088585857636,73.31028496114278,49.388902160032444,0.359477124182887,15,2,1.3698199999999998,TP1+SL,2022-06-23 01:15:00+00:00,9.195683171677516,343.5287180240422,600,True
2022-06-24 15:30:00+00:00,5,EUR_CAD,LONG,1.3624100000000001,1.3613710143981772,1.3642469568054683,1.3656649280091138,1.3677918848145822,701919.0,5,OVERLAP,2.5,0.0014179712036455426,43.719733978581424,34.85650351843064,1.3657253723166978,1.3659535544781571,-32.55222066956609,False,-0.0003676062840368634,25.142093656602473,-36.05372316697775,0.8684210526316097,15,4,1.3613710143981772,SL,2022-06-24 15:45:00+00:00,-10.389856018229171,-729.2837346459402,15,False
2022-07-01 10:00:00+00:00,5,EUR_CAD,SHORT,1.3514899999999999,1.3527444037979814,1.3498767886060554,1.3486079810100926,1.346704769616148,575564.98,5,LONDON,2.5,0.0012688075959629925,22.684920746896694,57.51848370063816,1.3498789580931057,1.3497815222350542,11.85179490146071,False,1.1753116990821254e-05,70.57589626239519,19.010419068943296,0.656250000000047,10,4,1.346704769616148,TP3,2022-07-01 13:00:00+00:00,27.551382303110383,1585.761080426208,180,True
2022-07-25 16:15:00+00:00,5,EUR_CAD,LONG,1.3135400000000002,1.3122236399043585,1.3153390802869245,1.3167318004782074,1.318820880765132,560521.78,5,OVERLAP,2.5,0.0013927201912829798,41.37405197758278,40.82928338488574,1.3161570762302623,1.315883078067717,-28.853366782051193,False,-0.00021699398958848815,51.277446113174584,-29.070762302623177,0.3720930232557299,16,0,1.3122236399043585,SL,2022-07-25 17:45:00+00:00,-13.16360095641622,-737.8485039300123,90,False
2022-08-04 15:45:00+00:00,5,EUR_CAD,SHORT,1.31344,1.315013013050832,1.3115009608475046,1.3100149347458407,1.3077858955933452,464376.33,5,OVERLAP,2.5,0.0014860261016636954,51.82128330787331,69.14926863882097,1.3087652429041319,1.3084304219104481,44.8494920328768,False,0.0004894955067243703,75.80881110432198,49.64757095868188,0.2340425531914257,15,3,1.315013013050832,SL,2022-08-04 16:15:00+00:00,-15.730130508320173,-730.4700275874757,30,False
2022-08-04 16:15:00+00:00,5,EUR_CAD,SHORT,1.3149499999999998,1.3161391030897478,1.3130526907307563,1.3115944845512606,1.309407175282017,608160.33,5,OVERLAP,2.5,0.0014582061794957352,50.34976407565921,73.56272531972759,1.3092269389514883,1.308555804511662,57.44048413500069,False,0.00041529072755731346,74.69155070013326,60.13061048511625,0.7539682539682357,16,3,1.3161391030897478,SL,2022-08-04 16:30:00+00:00,-11.89103089747956,-723.1653274651364,15,False
2022-08-08 16:45:00+00:00,5,EUR_CAD,LONG,1.31044,1.3095217622304172,1.3119147133087488,1.3130911888479149,1.3148559021566637,779682.23,5,OVERLAP,2.5,0.001176475539165955,22.05967462399618,37.211326762501024,1.3133127937796927,1.3142878120378925,-26.83834510868177,False,5.934786758120866e-06,2.422897109943751,-31.62793779692752,0.7889908256882846,16,0,1.3095217622304172,SL,2022-08-08 21:00:00+00:00,-9.182377695828857,-715.9336718586105,255,False
2022-08-09 09:00:00+00:00,5,EUR_CAD,SHORT,1.3159399999999999,1.316922572435388,1.3149022826938366,1.314017137823061,1.3126894205168977,721345.63,5,LONDON,2.5,0.000885144870775594,55.30584285442998,71.35954092495135,1.3123541329312742,1.3130098942417237,2.8804644243707322,False,0.000461552633767299,77.36641515943785,38.7586706872578,0.3645833333333815,9,1,1.3159399999999999,TP1+SL,2022-08-09 12:00:00+00:00,4.150869224653242,299.42113759051045,180,True
2022-08-12 15:30:00+00:00,5,EUR_CAD,LONG,1.3116800000000002,1.3104100799707012,1.3129797600878965,1.314039600146494,1.3156293602343905,560482.97,5,OVERLAP,2.5,0.0010598400585975882,42.67256271416536,37.15037507797075,1.3139023611911393,1.3156018965933542,-18.77462761573634,False,-0.00022008402316293885,39.83224322355098,-25.123611911392896,0.38297872340419,15,4,1.3104100799707012,SL,2022-08-12 16:15:00+00:00,-12.699200292989321,-711.7685496839524,45,False
2022-08-15 10:15:00+00:00,5,EUR_CAD,SHORT,1.3148,1.3160165327049234,1.3136604018852298,1.312707336475383,1.3112777383606127,579228.87,5,LONDON,2.5,0.0009530654098468532,34.82399186919714,62.90852124153323,1.3126080506924176,1.3135541079674924,4.18412441692162,False,0.00014388973516515913,64.56561089914604,24.819493075824983,0.5285714285714603,10,0,1.3160165327049234,SL,2022-08-15 10:30:00+00:00,-12.165327049233897,-704.6508639908185,15,False
2022-08-15 11:30:00+00:00,5,EUR_CAD,SHORT,1.3155899999999998,1.3165217280980566,1.3143748157058304,1.3133713595097174,1.311866175215548,748720.95,5,LONDON,2.5,0.0010034561961129859,38.12758010889161,61.570837403206845,1.3132148925565605,1.3136715354615938,8.08749085442484,False,2.224384469467198e-05,53.680983573816235,26.651074434393962,0.49382716049378655,11,0,1.3165217280980566,SL,2022-08-15 12:00:00+00:00,-9.3172809805675,-697.6043467187429,30,False
2022-08-17 10:30:00+00:00,5,EUR_CAD,SHORT,1.31032,1.3113193884766832,1.3093518345699502,1.3085130576165835,1.3072548921865335,691050.9,5,LONDON,2.5,0.0008387769533666327,52.116931503033456,70.69689169529487,1.3080781362384166,1.3093424299749574,7.478393074156209,False,0.00020236136370390529,80.74534161491265,25.318637615834305,0.08888888888874086,10,2,1.3113193884766832,SL,2022-08-17 10:45:00+00:00,-9.993884766832384,-690.628306261581,15,False
2022-08-18 16:30:00+00:00,5,EUR_CAD,LONG,1.3084500000000001,1.3071461449585817,1.309971565124255,1.3111792752070914,1.3129908403313464,524385.0,5,OVERLAP,2.5,0.0012077100828366027,36.86502855693727,38.34499544628966,1.3109591705600525,1.31154529869733,-22.125173319393898,False,3.597048603241242e-05,35.32368621477385,-27.99170560052522,0.18918918918923786,16,3,1.3071461449585817,SL,2022-08-18 17:00:00+00:00,-13.038550414183891,-683.722025894182,30,False
2022-08-24 10:15:00+00:00,5,EUR_CAD,LONG,1.2905300000000002,1.2897879029425414,1.2914462911723754,1.2922504852872925,1.2934567764596678,912124.36,5,LONDON,2.5,0.0008041941149169438,19.00560601407555,44.38725508935121,1.2910502749641262,1.2945262034006602,-0.926880385248019,False,7.358284993708191e-06,48.523940335912414,-8.10274964126112,0.4461538461536675,10,2,1.2897879029425414,SL,2022-08-24 10:30:00+00:00,-7.420970574587571,-676.884803592452,15,False
2022-08-26 09:45:00+00:00,5,EUR_CAD,SHORT,1.29337,1.2943865815451272,1.2925002553646183,1.2917270922743638,1.2905673476389818,659185.64,5,LONDON,2.5,0.0007731630902545446,48.91790612719051,67.53905255725358,1.2911425810887596,1.2914957657764599,4.1702074312599535,False,0.00033619734097406506,72.28241703312698,25.174189112404655,0.42105263157900885,9,4,1.2943865815451272,SL,2022-08-26 10:15:00+00:00,-10.165815451272929,-670.1159564369235,30,False
2022-09-01 15:30:00+00:00,5,EUR_CAD,LONG,1.3090300000000001,1.3078272812511034,1.3112681562466897,1.312953593744483,1.3154817499911726,551595.95,5,OVERLAP,2.5,0.00168543749779314,71.87967271216198,21.02880339412978,1.3160827703170437,1.3138243593905965,-68.55482912927701,False,-0.0005250012676007278,31.845748339367265,-73.42770317043667,0.4740259740258776,15,3,1.3078272812511034,SL,2022-09-01 17:15:00+00:00,-12.027187488967694,-663.414790880525,105,False
2022-09-07 15:30:00+00:00,5,EUR_CAD,SHORT,1.30974,1.3115247970753185,1.3071956087740444,1.3053060146234072,1.3024716233974516,367986.17,5,OVERLAP,2.5,0.001889594150637114,47.17342795452494,62.57454024529897,1.305615742422666,1.3047934929038139,39.55535281284339,False,0.000531906511010346,60.79343001319921,44.14257577334046,0.01020408163272011,15,2,1.3115247970753185,SL,2022-09-07 16:30:00+00:00,-17.84797075318645,-656.7806399737096,60,False
2022-09-08 10:00:00+00:00,5,EUR_CAD,SHORT,1.3132899999999998,1.3140454852073813,1.312393544377856,1.3116025739630937,1.3104161183409497,860655.95,5,LONDON,2.5,0.0007909704147625614,44.02274322948246,64.9237529820251,1.3117620530791334,1.3085635530054527,6.454447997787938,False,0.00022052844125975188,67.2799777220792,18.179469208665644,0.13114754098373785,10,3,1.3140454852073813,SL,2022-09-08 10:15:00+00:00,-7.5548520738144544,-650.212838869825,15,False
2022-09-09 08:00:00+00:00,5,EUR_CAD,SHORT,1.3127799999999998,1.3141065082323529,1.311250475302941,1.310037458838235,1.3082179341411762,485267.03,5,LONDON,2.5,0.0012130164647059394,28.583906275079602,55.510124587268535,1.3114765934345294,1.3097964401516466,0.7666666666672484,False,6.391082235858084e-05,62.44131455398888,15.934065654705787,0.5963302752294961,8,4,1.3109210037303078,TP1+TP2+SL,2022-09-09 10:30:00+00:00,20.806255974678223,1009.6590042251858,150,True
2022-09-20 16:15:00+00:00,5,EUR_CAD,SHORT,1.33232,1.333576206744348,1.3307913797669564,1.3295789662782604,1.3277603460452168,520461.55,5,OVERLAP,2.5,0.0012124134886958276,26.0401223506448,60.309849343230226,1.3300596142132195,1.3279307107072889,28.07477556915794,False,0.00022200958826996855,50.88266736009641,25.503857867805735,0.44736842105258545,16,1,1.3277603460452168,TP3,2022-09-21 06:30:00+00:00,26.197923728698665,1363.5011990620287,855,True
2022-09-21 08:00:00+00:00,5,EUR_CAD,LONG,1.32501,1.3239855888263834,1.3266232335208494,1.3278920558680827,1.3297952893889322,651537.52,5,LONDON,2.5,0.0012688223472330906,66.86988964632484,25.2522452454795,1.3299839283988277,1.3293579565749725,-3.266666666665863,False,-0.0005588473561772193,43.63537701822684,-52.63928398827833,0.6016949152543234,8,2,1.32501,TP1+SL,2022-09-21 11:45:00+00:00,6.452934083397643,420.43286694203744,225,True
2022-09-29 10:15:00+00:00,5,EUR_CAD,SHORT,1.32744,1.3287772790353418,1.3254581628939748,1.3239436048232913,1.321671767717266,502248.69,5,LONDON,2.5,0.001514558070683536,26.269383872059276,60.98140689734699,1.3245587031414818,1.3213181303237944,7.406927717261702,False,0.0001761684854625434,48.44210262988087,31.712968585182466,0.09941520467837169,10,3,1.3287772790353418,SL,2022-09-29 10:45:00+00:00,-13.37279035341865,-671.6466436649155,30,False
2022-10-11 08:15:00+00:00,5,EUR_CAD,SHORT,1.34252,1.3439356820281856,1.3410829539154439,1.339931589859073,1.3382045437745165,469688.93,5,LONDON,2.5,0.0011513640563708687,46.47960557834696,62.791959353025206,1.3395258825085061,1.338782033573718,-0.32065446681883714,False,0.00012480897951657193,44.32807254532065,32.841174914939316,0.11510791366901993,8,1,1.3439356820281856,SL,2022-10-11 08:30:00+00:00,-14.156820281856495,-664.9301770387476,15,False
2022-10-13 14:15:00+00:00,5,EUR_CAD,SHORT,1.34743,1.3491447111479264,1.3449458665562204,1.3430964442603672,1.3403223108165876,383901.91,5,OVERLAP,2.5,0.001849422295853102,19.74105075721985,64.4669359025814,1.3432171938049358,1.340744356224321,28.5939495335108,False,0.00022834146601046477,46.7353836792929,45.02806195064268,0.2033898305084969,14,3,1.3491447111479264,SL,2022-10-13 15:00:00+00:00,-17.147111479265398,-658.2808847872911,45,False
2022-10-27 15:45:00+00:00,5,EUR_CAD,LONG,1.3512600000000001,1.34985550026165,1.35431349921505,1.35654249869175,1.3598859979068,464007.25,5,OVERLAP,2.5,0.0022289994767000386,56.07464186252251,29.68310107532146,1.3606673761694545,1.3604040211580881,-84.97160914933576,False,-0.000509930361686237,19.733130161282897,-96.9737616945454,0.21259842519682698,15,3,1.34985550026165,SL,2022-10-27 18:15:00+00:00,-14.044997383502176,-651.698061217604,150,False
2022-11-07 09:30:00+00:00,5,EUR_CAD,SHORT,1.34614,1.3475034801574919,1.3446195595275243,1.3434125992125405,1.3416021587400648,473187.0,5,LONDON,2.5,0.001206960314983808,44.42128369717181,58.66407110478837,1.3437980357314558,1.341829635729626,0.653574629172482,False,7.341875254937666e-05,44.78549497967125,26.319642685441735,0.5208333333333943,9,0,1.34614,TP1+SL,2022-11-07 13:00:00+00:00,6.081761889902283,287.78106633971913,210,True
2022-11-07 15:45:00+00:00,5,EUR_CAD,SHORT,1.3487399999999998,1.35021825753059,1.3470252274082297,1.3456887123470498,1.3436839397552796,438393.77,5,OVERLAP,2.5,0.0013365150611800815,41.0169362987382,60.98628038502125,1.3461154084952618,1.3430222154275824,18.497101924970227,False,0.00015626662299735613,38.75788447534697,29.14591504738162,0.4534161490682279,15,0,1.35021825753059,SL,2022-11-07 17:00:00+00:00,-14.782575305902768,-648.0588918663618,75,False
2022-11-10 10:45:00+00:00,5,EUR_CAD,LONG,1.34864,1.3476565079958156,1.3503104760125528,1.3516174600209212,1.353577936033474,652347.25,5,LONDON,2.5,0.0013069840083685252,75.70624091280803,27.858319269627017,1.3534954778334218,1.3522930794500787,-23.425607882960886,False,-0.0005142482618473239,27.266208799546828,-51.454778334218965,0.43548387096768415,10,3,1.3476565079958156,SL,2022-11-10 11:00:00+00:00,-9.83492004184461,-641.5783043267215,15,False
2022-11-15 09:00:00+00:00,5,EUR_CAD,SHORT,1.3803899999999998,1.381277731972485,1.3789168040825448,1.3777413401375749,1.3759781442201198,715489.07,5,LONDON,2.5,0.0011754639449700478,66.30140893260788,76.27867296051043,1.3751320167359364,1.3702633969979623,6.581446211473274,False,0.000700833507028765,89.66376510743923,55.47983264063472,0.6999999999999753,9,1,1.3803899999999998,TP1+SL,2022-11-15 09:45:00+00:00,5.892783669819933,421.62223076306515,45,True
2022-11-16 09:30:00+00:00,5,EUR_CAD,SHORT,1.3786599999999998,1.380210825745005,1.3770575227649853,1.3757958712749756,1.373903394039961,412282.78,5,LONDON,2.5,0.001261651490009756,45.600943459809635,58.43277915204918,1.3772149751911287,1.3747809038160628,-2.738319596342631,False,9.732793557688476e-05,45.13624486748372,17.350248088712217,0.2539682539683239,9,2,1.380210825745005,SL,2022-11-16 10:00:00+00:00,-15.508257450052021,-639.3787494463159,30,False
2022-11-17 08:30:00+00:00,5,EUR_CAD,SHORT,1.3854799999999998,1.3864707145087471,1.3843878564737586,1.3834664274562642,1.382084283930023,638917.62,5,LONDON,2.5,0.0009214290174942386,33.77531844787357,58.35593030990638,1.3843581918696457,1.3802891799782049,13.530491784115029,False,-1.1115052460383508e-05,66.9814065427609,14.118081303542418,0.8157894736841682,8,3,1.3837048836862929,TP1+TP2+SL,2022-11-17 10:15:00+00:00,15.973096907321072,1020.5493060054939,105,True
2022-11-17 16:45:00+00:00,5,EUR_CAD,LONG,1.3797300000000001,1.378131000624434,1.381686998126698,1.38318499687783,1.3854319950045282,402245.59,5,OVERLAP,2.5,0.0014979987511320235,33.53514963616547,40.026201826489824,1.382175323678756,1.3807230491623956,-27.396304041187314,False,-0.0001159100303603105,47.9766501195038,-27.35323678755952,0.12500000000005781,16,3,1.3797300000000001,TP1+SL,2022-11-18 08:15:00+00:00,7.827992506791226,314.87754644098163,930,True
2022-11-21 08:45:00+00:00,5,EUR_CAD,LONG,1.3767500000000001,1.3756738083322606,1.3780385750032182,1.379090958338697,1.380669533341915,600580.03,5,LONDON,2.5,0.0010523833354787542,56.60363982788131,35.76963878838359,1.3796970880247705,1.381163746672257,-1.9342116808873655,False,-5.16063321360752e-05,48.29210836277887,-32.37088024770518,0.4999999999998265,8,0,1.3756738083322606,SL,2022-11-21 09:00:00+00:00,-10.761916677395343,-646.3392240967596,15,False
2022-11-21 10:15:00+00:00,5,EUR_CAD,LONG,1.37521,1.3740376800519223,1.3766069598442332,1.3777315997403887,1.3794185595846218,545820.14,5,LONDON,2.5,0.0011246398961554896,64.74767021528018,34.59364817739187,1.3786740333478218,1.3807997392987785,-8.18750608627905,False,-8.832366836722914e-05,22.082231769113736,-37.54033347821872,0.43055555555526,10,0,1.3740376800519223,SL,2022-11-21 10:30:00+00:00,-11.723199480777604,-639.8758381845959,15,False
2022-11-21 11:00:00+00:00,5,EUR_CAD,LONG,1.37463,1.3735412729861782,1.375986181041465,1.3770836350691085,1.3787298161105737,581851.16,5,LONDON,2.5,0.001097454027643436,65.20652483384434,35.056798198043,1.3781884986116797,1.3806099385868382,-11.431981984526551,False,-1.895276476408976e-05,31.768932024684258,-38.484986116797955,0.6231884057974513,11,0,1.3760468289773184,TP1+TP2+SL,2022-11-21 14:00:00+00:00,18.072922396930924,1051.575086124424,180,True
2022-11-23 10:45:00+00:00,5,EUR_CAD,SHORT,1.3829299999999998,1.3838341795982703,1.3814374612051894,1.380249102008649,1.3784665632138384,712239.95,5,LONDON,2.5,0.001188359196540382,29.143001425528652,60.69795922331669,1.3805644237946355,1.3790467735550755,21.93420831676951,False,9.450051676456665e-06,75.17433134347984,26.55576205364385,0.6641221374045634,10,2,1.3838341795982703,SL,2022-11-23 11:15:00+00:00,-9.041795982704935,-643.9928318631964,30,False
2023-01-03 09:30:00+00:00,5,EUR_CAD,LONG,1.4364000000000001,1.4348668162826366,1.4383395511520904,1.4398259185868174,1.4420554697389076,415835.95,5,LONDON,2.5,0.0014863674347269217,71.20550886700097,19.320878827023492,1.443678918467796,1.4457090584671173,-6.621690744523789,False,-0.0005388708270711966,28.20206562214356,-75.6891846779606,0.040983606557463574,9,1,1.4348668162826366,SL,2023-01-03 10:45:00+00:00,-15.331837173635508,-637.5529076344037,75,False
2023-01-09 16:30:00+00:00,5,EUR_CAD,SHORT,1.43691,1.4380963841221666,1.4349908476335003,1.4335180793891669,1.431308927022667,532017.72,5,OVERLAP,2.5,0.0014727682443332394,44.53556077016894,66.62825261486023,1.4325924265350805,1.4314507096859252,45.84843353341306,False,0.0002063622309199638,50.39548022598999,46.07573464919579,0.6328125000000081,16,0,1.4380963841221666,SL,2023-01-09 16:45:00+00:00,-11.863841221666505,-631.1773757193029,15,False
2023-01-10 16:30:00+00:00,5,EUR_CAD,SHORT,1.44105,1.4421057113881277,1.4394028658356166,1.438111443059361,1.4361743088949774,591890.55,5,OVERLAP,2.5,0.0012914227762556765,46.06345073643853,63.30476859737674,1.438450413827206,1.4353875662802613,24.176094679999593,False,0.00022501022749182842,65.52102567781697,28.89586172794001,0.4191176470587851,16,1,1.4421057113881277,SL,2023-01-10 16:45:00+00:00,-10.557113881277669,-624.8655941602075,15,False
2023-01-20 16:15:00+00:00,5,EUR_CAD,LONG,1.4535300000000002,1.4521422677323679,1.4553331968028964,1.4567286613381607,1.458821858141057,445775.43,5,OVERLAP,2.5,0.0013954645352642523,32.87393227579425,31.051214377250133,1.4571680825003628,1.4563598589533528,-41.678419479385106,False,-0.00038302369847507457,23.58969835758387,-39.28082500362695,0.40259740259707305,16,4,1.4521422677323679,SL,2023-01-20 21:15:00+00:00,-13.877322676323356,-618.6169483286794,300,False
2023-01-26 11:00:00+00:00,5,EUR_CAD,LONG,1.45954,1.4586310161999432,1.4604769514001703,1.461294919000284,1.4625218704004543,673753.23,5,LONDON,2.5,0.0008179676001135954,46.37233060468249,29.04703885299385,1.4611097326704645,1.4583671888917573,-13.047741804366186,False,-0.00021168170107827987,29.36803882017504,-18.597326704645756,0.7073170731707251,11,3,1.4586310161999432,SL,2023-01-26 11:45:00+00:00,-9.089838000568841,-612.4307713059998,45,False
2023-01-30 09:15:00+00:00,5,EUR_CAD,SHORT,1.4523099999999998,1.4533108125687872,1.4511575622936383,1.4501959371560642,1.4487534994497027,605814.2,5,LONDON,2.5,0.000961625137574312,44.79137663352752,75.73706213075644,1.4486868318785655,1.4502302561044236,6.138748235215985,False,0.0003493367409511329,76.4955552947205,39.13168121434385,0.23711340206177306,9,0,1.4533108125687872,SL,2023-01-30 09:45:00+00:00,-10.00812568787479,-606.3064657099316,30,False
2023-01-30 10:45:00+00:00,5,EUR_CAD,SHORT,1.4527999999999999,1.453839553852898,1.4515913384413057,1.4505922307355095,1.4490935691768152,577404.82,5,LONDON,2.5,0.0009991077057962235,52.09912235169418,67.85931694813294,1.4496272631758516,1.4503967846182133,6.539807210412807,False,0.00011026548477495782,58.11519396843564,34.627368241484376,0.5212765957446984,10,0,1.453839553852898,SL,2023-01-30 14:30:00+00:00,-10.395538528982229,-600.2434053130048,225,False
2023-01-31 09:15:00+00:00,5,EUR_CAD,SHORT,1.4555799999999999,1.4564064159460526,1.4543807521618421,1.4533879202697368,1.451898672431579,719057.96,5,LONDON,2.5,0.0009928318921052295,35.86543185620795,61.76524460409542,1.4534582337608488,1.4518872331014714,22.508616673908577,False,3.5956617139032985e-05,77.61052529412346,24.117662391511807,0.9619047619047236,9,1,1.4564064159460526,SL,2023-01-31 09:30:00+00:00,-8.264159460527054,-594.2409642801284,15,False
2023-02-03 10:45:00+00:00,5,EUR_CAD,SHORT,1.45904,1.4601628524494328,1.4579714426517019,1.4570657377528364,1.4557071804045383,523932.2,5,LONDON,2.5,0.0009057048988654252,66.9985254159949,81.99418967486969,1.4546778253425008,1.4547036894818435,22.0635723209317,False,0.00043040709595038506,81.92877643062076,46.52174657499231,0.14285714285709755,10,4,1.4601628524494328,SL,2023-02-03 12:15:00+00:00,-11.228524494328873,-588.2985541067615,90,False
2023-02-06 15:30:00+00:00,5,EUR_CAD,LONG,1.4452800000000001,1.4442157327049125,1.4464728018852624,1.4474613364754374,1.4489441383607,547245.58,5,OVERLAP,2.5,0.0009885345901749923,27.596704158301108,43.24690042514074,1.446204616112765,1.4497762201285949,-8.990960088173239,False,-6.881556088219595e-05,28.019323671498544,-12.146161127650767,0.0,15,0,1.4442157327049125,SL,2023-02-06 15:45:00+00:00,-10.64267295087573,-582.4155731752301,15,False
2023-02-09 11:45:00+00:00,5,EUR_CAD,SHORT,1.44268,1.443753482795297,1.4416395516141096,1.4407525860235162,1.4394221376376257,537122.18,5,LONDON,2.5,0.0008869655905935891,42.68297152075778,57.12759088669212,1.4418339539421883,1.4408738876987521,6.7370826193324795,False,5.599366333999047e-05,24.195481330530786,11.360460578118126,0.26315789473692824,11,3,1.443753482795297,SL,2023-02-09 14:15:00+00:00,-10.734827952969539,-576.5914192023937,150,False
2023-02-10 10:30:00+00:00,5,EUR_CAD,LONG,1.4391900000000002,1.4382222492487053,1.4404832522538842,1.4415387537564737,1.4431220060103578,589847.64,5,LONDON,2.5,0.0010555015025894082,54.42943699786275,32.83243319356836,1.442339933560471,1.4422749513636606,-15.269888738027593,False,-0.00032315768789267546,43.34552915085636,-34.39933560470898,0.3749999999999615,10,4,1.4382222492487053,SL,2023-02-10 12:15:00+00:00,-9.677507512948491,-570.8254967594937,105,False
2023-02-13 12:30:00+00:00,5,EUR_CAD,LONG,1.4258000000000002,1.4247738739956266,1.4268183780131203,1.4276906300218672,1.4289990080349875,550728.9,5,LONDON,2.5,0.0008722520087468447,29.7546007107964,44.80512307535467,1.4265651522836442,1.4323502275754265,-7.665977284985193,False,-0.00020384168993662475,47.867763441533945,-10.551522836441674,0.2638888888891373,12,0,1.4258000000000002,TP1+SL,2023-02-13 13:00:00+00:00,4.07351205248041,224.3400811799279,30,True
2023-02-17 16:00:00+00:00,5,EUR_CAD,SHORT,1.4385299999999999,1.4396465334962905,1.4370003995111291,1.4357873325185486,1.4339677320296778,508144.76,5,OVERLAP,2.5,0.0012130669925805714,36.196067754605004,58.71542821187357,1.4369008351772077,1.4350397175274932,13.028402173944631,False,0.000250593694030162,59.10821438265592,19.191648227923075,0.3670886075947802,16,4,1.4396465334962905,SL,2023-02-17 16:30:00+00:00,-11.165334962905948,-567.3606455045452,30,False
2023-02-20 14:30:00+00:00,5,EUR_CAD,LONG,1.4372200000000002,1.4361910492025995,1.438156852392202,1.4389747539870033,1.4402016063792051,545883.28,5,OVERLAP,2.5,0.0008179015948012751,40.02906509224428,39.3754616156791,1.4385911721430773,1.4376291366889316,-13.254032864224996,False,-2.347026374673717e-05,37.83231083844794,-16.611721430772608,0.0952380952380281,14,0,1.4372200000000002,TP1+SL,2023-02-20 15:15:00+00:00,3.747409568807037,204.5648226923771,45,True
2023-02-20 16:45:00+00:00,5,EUR_CAD,LONG,1.4377000000000002,1.4369931137656615,1.4384806587030154,1.4391944311716924,1.440265089874708,797487.15,5,OVERLAP,2.5,0.0007137724686769832,23.387794687638618,44.595844214314376,1.4383143475064164,1.4376332850658557,-7.496085587948009,False,0.0001149980464162909,28.114769227058982,-9.043475064163253,0.38636363636364784,16,0,1.4369931137656615,SL,2023-02-20 21:45:00+00:00,-7.0688623433867726,-563.7326883969839,300,False
2023-02-21 11:30:00+00:00,5,EUR_CAD,LONG,1.4340400000000002,1.4329588379189075,1.435133486243277,1.4360558104054615,1.4374392966487382,516199.53,5,LONDON,2.5,0.0009223241621845317,55.610515559085144,30.985312058624856,1.4366518610089083,1.4372739698377728,-24.570438625366453,False,-0.0003461308245900369,24.91185897436669,-29.01861008908213,0.2999999999996447,11,1,1.4329588379189075,SL,2023-02-21 12:00:00+00:00,-10.81162081092657,-558.0953581138515,30,False
2023-03-02 14:15:00+00:00,5,EUR_CAD,LONG,1.44382,1.4427299426879183,1.4451201719362452,1.4461802865604088,1.447770458496654,506867.3,5,OVERLAP,2.5,0.0010601146241635054,39.25834692569718,35.81397527642598,1.4467755742236847,1.4462314376817849,-21.783522663461063,False,-0.0001821740182242715,32.897237897238504,-32.45574223684766,0.2439024390243506,14,3,1.4427299426879183,SL,2023-03-02 14:45:00+00:00,-10.900573120817823,-552.5144066201505,30,False
2023-03-02 15:15:00+00:00,5,EUR_CAD,LONG,1.4429100000000001,1.4416413647467106,1.4443259057598683,1.4454631762664472,1.4471690820263154,431163.54,5,OVERLAP,2.5,0.0011372705065788651,41.25591037384224,34.6041435748148,1.4462086669324787,1.4461028357003092,-25.359611823492223,False,-0.00011633883048613918,23.334448968971873,-35.886669324787235,0.24852071005922757,15,3,1.4416413647467106,SL,2023-03-02 16:45:00+00:00,-12.686352532895738,-546.9892667771293,90,False
2023-03-03 11:00:00+00:00,5,EUR_CAD,LONG,1.4400000000000002,1.4391848470037243,1.4408054589888277,1.4415357649813796,1.4426312239702075,664316.24,5,LONDON,2.5,0.0007303059925518505,32.65827858552648,43.5887240972602,1.4408680195705026,1.4432864989370622,-2.922934392770582,False,-2.237904788726468e-05,66.54846335697054,-11.580195705025442,0.15217391304354122,11,4,1.4426312239702075,TP3,2023-03-03 12:45:00+00:00,14.627343821242533,971.7182048515072,105,True
2023-03-09 10:15:00+00:00,5,EUR_CAD,LONG,1.45717,1.4562894570024103,1.4579016289927695,1.4585827149879493,1.459604343980719,626018.89,5,LONDON,2.5,0.000681085995179726,25.883309011426192,55.24569203095574,1.455984937136291,1.4534471735928396,1.7216569385825053,False,9.001894472690779e-05,57.942367230295055,8.950628637089952,0.3153153153153964,10,3,1.4578612432147415,TP1+TP2+SL,2023-03-09 11:45:00+00:00,9.959862352357796,623.5061974375817,90,True
2023-03-14 14:15:00+00:00,5,EUR_CAD,LONG,1.4648500000000002,1.4633817428602522,1.467434771419243,1.4693512856987385,1.4722260571179815,379682.55,5,OVERLAP,2.5,0.001916514279495379,29.88239383714277,39.48111594954991,1.4687069046350187,1.4689873941841773,-34.29655182693114,False,-0.0005280649403698247,33.52088985478582,-41.46904635018655,0.5769230769230523,14,1,1.467938888595684,TP1+TP2+SL,2023-03-14 21:00:00+00:00,34.52200566329244,1310.7403141353316,405,True
2023-03-17 16:00:00+00:00,5,EUR_CAD,SHORT,1.4636099999999999,1.4650081606887297,1.4615655179338105,1.4600091965563509,1.4576747144901614,408092.59,5,OVERLAP,2.5,0.0015563213774596216,50.20889507052443,67.4037122139554,1.4595619958476738,1.4591938343504771,40.75604589957482,False,0.00046395084590530487,70.09079387030873,43.380041523262136,0.1599999999999858,16,4,1.4650081606887297,SL,2023-03-17 16:15:00+00:00,-13.981606887298879,-570.5790166999639,15,False
2023-03-17 16:45:00+00:00,5,EUR_CAD,SHORT,1.4649999999999999,1.4666100943998321,1.4630097168005036,1.4614895280008393,1.459209244801343,350832.37,5,OVERLAP,2.5,0.0015201887996642717,58.28650899837487,71.1876876246291,1.460193817532344,1.4593697834222539,50.79987640697947,False,0.0003605076433469401,81.13433777550233,50.96182467656085,0.2941176470587851,16,4,1.4649999999999999,TP1+SL,2023-03-19 22:00:00+00:00,7.961132797984938,279.3023087401787,3195,True
2023-03-20 11:30:00+00:00,5,EUR_CAD,SHORT,1.4659,1.467449934692957,1.4641801959211287,1.4628403265352146,1.4608305224563432,366251.72,5,LONDON,2.5,0.001339869385914223,36.04249879619312,60.140900944780675,1.4639088902780666,1.4618467400248931,27.162196242611625,False,0.00036660501276967404,58.6918590029588,22.811097219335164,0.14159292035411447,11,0,1.467449934692957,SL,2023-03-20 11:45:00+00:00,-15.499346929570557,-567.6662471831935,15,False
2023-03-21 09:00:00+00:00,5,EUR_CAD,SHORT,1.4672299999999998,1.4680852201719339,1.4662443394841984,1.4653938991403308,1.4641182386245293,657128.55,5,LONDON,2.5,0.000850440343867669,31.48912275784019,61.109335664443556,1.466123816588341,1.4641698858556516,0.9593322129997084,False,0.00013576508321589423,69.01066413261276,13.961834116589245,0.06250000000001239,9,1,1.4680852201719339,SL,2023-03-21 09:15:00+00:00,-8.55220171934068,-561.9895915137848,15,False
2023-03-22 10:00:00+00:00,5,EUR_CAD,SHORT,1.47728,1.4784401306425645,1.476189608072307,1.4752693467871782,1.4738889548594851,479575.03,5,LONDON,2.5,0.0009202612851287357,33.29514239360137,57.55719962626632,1.4762003507868222,1.4715745610183981,-0.7115134583468574,False,0.00017999497689964158,26.794258373209335,13.69649213177837,0.2941176470586545,10,2,1.4784401306425645,SL,2023-03-22 10:45:00+00:00,-11.601306425645943,-556.3696877118346,45,False
2023-03-24 10:45:00+00:00,5,EUR_CAD,LONG,1.4781400000000002,1.4770923814972674,1.480062855508198,1.4815380925136634,1.4837509480218614,525769.63,5,LONDON,2.5,0.0014752370054653225,66.54294509228731,26.819164732396786,1.4838320213395038,1.4839128272975737,-26.749445463183363,False,-0.0005499074059083346,24.101774957467857,-59.82021339503651,0.24210526315784306,10,4,1.4809780777180894,TP1+TP2+SL,2023-03-24 14:00:00+00:00,26.959947523622407,1417.4721634314371,195,True
2023-03-27 11:15:00+00:00,5,EUR_CAD,LONG,1.4773600000000002,1.4764845669924136,1.4784662990227595,1.4793971650379323,1.4807934640606917,645372.88,5,LONDON,2.5,0.0009308660151728754,13.600939734580685,44.93932192960435,1.4780830199489734,1.4805830936188962,-4.469058104321633,False,4.764047818611757e-05,40.70186658641343,-10.130199489732927,0.4705882352940189,11,0,1.4764845669924136,SL,2023-03-27 11:45:00+00:00,-8.754330075866346,-564.9807213532482,30,False
2023-03-28 11:00:00+00:00,5,EUR_CAD,SHORT,1.47975,1.4805259303663658,1.4785822089009026,1.477610348168171,1.4761525570690737,720851.94,5,LONDON,2.5,0.0009718607327315678,59.226146737720164,66.66968502600628,1.4769455469708461,1.4778180586912797,5.962076416532458,False,5.046362353263063e-05,26.470507318148638,30.944530291538985,0.8412698412698636,11,1,1.47975,TP1+SL,2023-03-28 12:00:00+00:00,4.671164396389039,336.72179171959675,60,True
2023-03-31 16:30:00+00:00,5,EUR_CAD,LONG,1.4695200000000002,1.468564922347572,1.4711652329572837,1.4724553882621394,1.474390621219423,589164.79,5,OVERLAP,2.5,0.0012901553048557481,36.084097190494504,34.073097979402064,1.4728607421074378,1.4736032900748965,-37.99336630145422,False,-0.00028349825302751114,21.50072150072099,-36.30742107437745,0.3809523809521544,16,4,1.468564922347572,SL,2023-03-31 17:45:00+00:00,-9.550776524280824,-562.6981245264842,75,False
2023-04-04 15:30:00+00:00,5,EUR_CAD,SHORT,1.4736099999999999,1.474833763623223,1.4716387091303313,1.4701311818838856,1.467869891014217,455211.4,5,OVERLAP,2.5,0.0015075272464457412,55.53586288049758,75.24141334757468,1.466544709138877,1.4658208922180593,60.27656600100961,False,0.0009633100089783792,80.88478368352048,73.55290861122965,0.34117647058811235,15,1,1.471304393272519,TP1+TP2+SL,2023-04-04 21:15:00+00:00,26.411649398093036,1202.288389881509,345,True
2023-04-05 16:30:00+00:00,5,EUR_CAD,LONG,1.46903,1.4675849862884527,1.470585041134642,1.4718150685577365,1.4736601096923785,393832.96,5,OVERLAP,2.5,0.0012300274230946588,28.728574938157653,36.16155962820266,1.4717031710391875,1.4700763302000126,-31.60942837874048,False,-0.000154596737171709,32.09077973132708,-29.631710391875288,0.10227272727289358,16,2,1.4675849862884527,SL,2023-04-05 17:00:00+00:00,-14.450137115473717,-569.0940272592876,30,False
2023-04-11 10:00:00+00:00,5,EUR_CAD,SHORT,1.4734299999999998,1.4741234308232762,1.472509707530171,1.471702845883618,1.4704925534137891,812486.37,5,LONDON,2.5,0.0008068616465527024,68.18420018748282,77.98530778933717,1.4698900185342287,1.4701614587535958,12.023807101653183,False,0.00030671665942950087,80.17579999094812,38.29981465771181,0.33620689655167957,10,1,1.4741234308232762,SL,2023-04-11 10:15:00+00:00,-6.934308232764418,-563.4030924499878,15,False
2023-04-11 10:30:00+00:00,5,EUR_CAD,SHORT,1.4733399999999999,1.4740629071894575,1.472391278431627,1.4715654640527116,1.4703267424843387,771563.86,5,LONDON,2.5,0.0008258143789153409,63.13465097160782,72.86926592959463,1.4701602670129503,1.470225609467616,9.688343193314797,False,0.00018830574088085292,63.32823389426813,34.697329870496674,0.5875000000000278,10,1,1.4740629071894575,SL,2023-04-11 10:45:00+00:00,-7.229071894576666,-557.7690615197085,15,False
2023-04-14 10:30:00+00:00,5,EUR_CAD,LONG,1.4733100000000001,1.4724362747430508,1.4740511757708472,1.4747386262847453,1.4757698020555923,631996.57,5,LONDON,2.5,0.0006874505138980858,30.746497102381653,40.08509892443488,1.4741022188229094,1.4743198458167541,-3.945039201025402,False,-9.072514526185555e-05,45.41312106530902,-10.822188229093754,0.4555555555555172,10,4,1.4724362747430508,SL,2023-04-14 10:45:00+00:00,-8.73725256949287,-552.191365514318,15,False
2023-04-17 09:15:00+00:00,5,EUR_CAD,SHORT,1.4661899999999999,1.4672851680413943,1.465204495875817,1.4643541597930285,1.4630786556688455,499164.91,5,LONDON,2.5,0.0008503360827886083,23.017138805855573,46.08880013841943,1.4675113061046423,1.4706662440719613,-0.5342198608793147,False,-7.08217228651333e-05,31.68021290513035,-10.313061046423044,0.17204301075260345,9,0,1.4672851680413943,SL,2023-04-17 09:45:00+00:00,-10.951680413944231,-546.6694568175235,30,False
2023-04-18 09:45:00+00:00,5,EUR_CAD,SHORT,1.46688,1.4677884723550398,1.4659445829348803,1.4651276382248004,1.4639022211596808,595728.38,5,LONDON,2.5,0.0008169447100798339,51.13841336738797,64.69132969588587,1.4647828282745787,1.466731438715646,3.809680492126155,False,0.0001247970408704616,32.35626039439608,23.871717254213554,0.7966101694916913,9,1,1.4677884723550398,SL,2023-04-18 10:45:00+00:00,-9.084723550398799,-541.2027643426925,60,False
2023-04-18 15:15:00+00:00,5,EUR_CAD,SHORT,1.4670999999999998,1.4683924113180524,1.4658827660458424,1.4648779434097376,1.4633707094555801,414566.73,5,OVERLAP,2.5,0.0010048226361049541,32.17855181470797,57.198526198787356,1.4660587507901517,1.4667823631269974,4.556973412976895,False,-1.5347604944898022e-05,68.6058145009369,13.312492098482842,0.06153846153854037,15,1,1.4683924113180524,SL,2023-04-18 16:45:00+00:00,-12.924113180525776,-535.7907339400471,90,False
2023-04-19 14:30:00+00:00,5,EUR_CAD,SHORT,1.4731999999999998,1.4746284529079594,1.471754641276122,1.4705977354602033,1.4688623767363254,371333.79,5,OVERLAP,2.5,0.0011569058159186455,57.70422228220259,68.2155360277668,1.4701771154804761,1.4685564621901213,31.625471964500385,False,0.0004293371553537323,71.53958739277417,33.128845195238284,0.11249999999988551,14,2,1.4731999999999998,TP1+SL,2023-04-19 15:45:00+00:00,5.781434895511418,214.68421313885085,75,True
2023-04-24 08:15:00+00:00,5,EUR_CAD,SHORT,1.4881499999999999,1.489090684869263,1.4873879453922105,1.4866865756536842,1.485634521045895,566161.62,5,LONDON,2.5,0.0007013697385262614,25.696341524732524,54.4294175660566,1.4876546185789066,1.4828393033500604,0.4073663275061534,False,-3.3674301543532365e-07,81.55355832722121,7.853814210934118,0.2542372881358101,8,0,1.489090684869263,SL,2023-04-24 08:45:00+00:00,-9.406848692632419,-532.5796694915653,30,False
2023-04-24 10:00:00+00:00,5,EUR_CAD,SHORT,1.48931,1.4905178503163181,1.4881964490510458,1.4872607484184095,1.485857197469455,436522.53,5,LONDON,2.5,0.000935700632636234,31.90513315780609,56.56647942025196,1.4881593310071926,1.4833033656930827,3.332611568231947,False,0.0001768469319235176,59.87990652741397,14.406689928074812,0.3364485981309303,10,0,1.4905178503163181,SL,2023-04-24 10:15:00+00:00,-12.078503163182042,-527.2538759405228,15,False
2023-04-25 08:00:00+00:00,5,EUR_CAD,SHORT,1.4978799999999999,1.4989031334522167,1.4968105996433503,1.4959043327389172,1.4945449323822675,510179.13,5,LONDON,2.5,0.0009062669044331194,23.036876452136134,58.6026561843558,1.4964089472244098,1.4904808449259133,2.4000000000001798,False,-6.330750276470321e-06,84.77564102564169,17.61052775590244,0.02343749999997696,8,1,1.4978799999999999,TP1+SL,2023-04-25 11:00:00+00:00,4.2776014265983875,218.23429743087243,180,True
2023-04-27 14:30:00+00:00,5,EUR_CAD,LONG,1.49876,1.4977096172855136,1.5005111481434594,1.5018719135724325,1.503913061715892,499021.61,5,OVERLAP,2.5,0.0013607654289730013,49.97980399171895,26.066675395918026,1.503353506840404,1.5015855663037885,-32.641718233927804,False,-0.0003273693471482534,35.2663642317778,-48.83506840404061,0.5300000000001999,14,3,1.4977096172855136,SL,2023-04-27 14:45:00+00:00,-10.503827144865419,-524.1636732992445,15,False
2023-05-02 16:15:00+00:00,5,EUR_CAD,SHORT,1.49779,1.4993475497951412,1.4955673506145766,1.493892251024294,1.4913796016388705,333165.62,5,OVERLAP,2.5,0.0016750995902823891,64.83208925004611,68.45525837665664,1.4911002654933003,1.49125374224574,59.35193631453117,False,0.0005450924196584764,66.47971440373256,69.79734506699752,0.4513274336282977,16,1,1.4993475497951412,SL,2023-05-02 16:45:00+00:00,-15.575497951412217,-518.9220431790982,30,False
2023-05-04 15:45:00+00:00,5,EUR_CAD,LONG,1.4941900000000001,1.4922847531818644,1.4975457404544072,1.4999762340906786,1.5036219745450856,269641.08,5,OVERLAP,2.5,0.002430493636271424,47.04409855491982,34.85130346905355,1.5015564941654844,1.5014856404286547,-56.468485046690105,False,-0.00047449883050896657,30.45242956075216,-76.56494165484418,0.4904458598726187,15,3,1.4922847531818644,SL,2023-05-04 17:00:00+00:00,-19.05246818135753,-513.732809708688,75,False
2023-05-05 08:15:00+00:00,5,EUR_CAD,LONG,1.4892800000000002,1.4885184938353995,1.4902845184938014,1.4911475308230022,1.4924420493168034,667880.99,5,LONDON,2.5,0.000863012329200832,44.40886521055576,37.29920497304329,1.4914802241171508,1.4964153439392338,-1.6654128779602928,False,-0.00022118338234863177,27.277381110439094,-24.90224117150719,0.20000000000009868,8,4,1.4885184938353995,SL,2023-05-05 08:45:00+00:00,-7.615061646006892,-508.5954911046113,30,False
2023-05-05 09:30:00+00:00,5,EUR_CAD,LONG,1.4898300000000002,1.4889525897907625,1.4908522306277128,1.491727051046188,1.4930392816739007,573858.76,5,LONDON,2.5,0.0008748204184751263,39.602006745236515,44.776744963275235,1.4910808418755648,1.4960666538696312,3.732111113947667,False,7.833055833179284e-06,73.15479863425593,-15.408418755646913,0.21333333333324253,9,4,1.4889525897907625,SL,2023-05-05 10:00:00+00:00,-8.774102092377056,-503.5095346844903,30,False
2023-05-09 09:15:00+00:00,5,EUR_CAD,LONG,1.46873,1.4677211405001827,1.469546578499452,1.4702842974990866,1.4713908759985388,494096.99,5,LONDON,2.5,0.0007377189996347008,27.639579152058133,38.326587784442,1.4698521761978878,1.4756744640621804,0.1157565664056115,False,-0.0001433093022412742,35.17329910141634,-14.121761978878045,0.23255813953477564,9,1,1.4677211405001827,SL,2023-05-09 09:30:00+00:00,-10.088594998174383,-498.4744421927018,15,False
2023-05-11 08:30:00+00:00,5,EUR_CAD,LONG,1.4662400000000002,1.4653023821359812,1.4672928535920566,1.4681880893200943,1.4695309429121508,526322.84,5,LONDON,2.5,0.000895235728037665,55.198913981211696,38.64494846604099,1.4677230741788694,1.4690042789472224,0.16438489889303298,False,-0.00014435023744106368,76.03797833556044,-17.73074178869294,0.7303370786516153,8,3,1.4653023821359812,SL,2023-05-11 08:45:00+00:00,-9.376178640190247,-493.48969702522686,15,False
2023-05-15 08:15:00+00:00,5,EUR_CAD,LONG,1.46923,1.4684923547013529,1.4699529358959418,1.4706282264932364,1.4716411623891783,662316.7,5,LONDON,2.5,0.0006752905972946023,46.07045083416134,36.23495125142887,1.4704959099026986,1.47066875222814,-3.0229232492451352,False,-0.00010866884594936603,38.872665088131036,-15.559099026987155,0.3142857142858714,8,0,1.4684923547013529,SL,2023-05-15 09:00:00+00:00,-7.376452986471715,-488.55479997050907,45,False
2023-05-15 10:00:00+00:00,5,EUR_CAD,LONG,1.4689400000000001,1.468294719402249,1.4697158417932528,1.4704264029887546,1.4714922447820076,749548.73,5,LONDON,2.5,0.0007105611955018698,29.91523522775817,41.023195930472745,1.4700160288850284,1.4705242413224013,-0.43703649156290325,False,1.0142220870282769e-05,66.98303229337637,-13.660288850283475,0.2711864406778194,10,0,1.468294719402249,SL,2023-05-15 10:15:00+00:00,-6.452805977510411,-483.66925253793374,15,False
2023-05-18 11:00:00+00:00,5,EUR_CAD,LONG,1.4569,1.4559327388026118,1.4577117835921642,1.4584463059869404,1.4595480895791044,495039.56,5,LONDON,2.5,0.0007345223947761416,32.33657970984127,41.300347899208084,1.4580442537190876,1.4608602166007654,-3.501403754728738,False,-6.635284906341603e-05,47.82184321317288,-14.342537190876747,0.1621621621620324,11,3,1.4559327388026118,SL,2023-05-18 12:15:00+00:00,-9.67261197388325,-478.8325575601895,75,False
2023-05-22 12:00:00+00:00,5,EUR_CAD,SHORT,1.46142,1.4621306426524028,1.4605080720427914,1.4597067867379858,1.4585048587807772,667064.14,5,LONDON,2.5,0.0008012853048057197,28.077792850180792,60.48101949249736,1.460264035815817,1.4587385581248409,14.334177061137154,False,0.00015111062260573827,54.97149799084274,14.459641841830795,0.3333333333333333,12,0,1.46142,TP1+SL,2023-05-22 14:00:00+00:00,3.6477118288340544,243.3257754069016,120,True
2023-05-24 09:15:00+00:00,5,EUR_CAD,SHORT,1.45922,1.4601731041717996,1.4583606874846011,1.4575944791410018,1.4564451666256026,499921.73,5,LONDON,2.5,0.0007662083435993339,58.079145936927894,68.23152769327342,1.456850394745899,1.4571836388043207,-3.277967200956411,False,7.825004990144949e-06,22.4284480550841,26.596052541010273,0.3253012048193126,9,2,1.4582736191886796,TP1+TP2+SL,2023-05-24 11:00:00+00:00,11.832095120228646,591.5121462029263,105,True
2023-05-24 15:30:00+00:00,5,EUR_CAD,SHORT,1.46206,1.4633606560451553,1.460578031864534,1.4593967197742232,1.4576247516387573,370884.07,5,OVERLAP,2.5,0.001181312090310697,38.97369666494232,62.49403308909644,1.459343898913101,1.457906202738106,17.76197331649465,False,7.273095117673874e-05,49.58507010231508,30.061010868991378,0.4038461538460512,15,2,1.4633606560451553,SL,2023-05-24 17:15:00+00:00,-13.006560451553904,-482.39260769733505,105,False
2023-05-26 16:45:00+00:00,5,EUR_CAD,LONG,1.4601000000000002,1.4590891245472026,1.461462626358392,1.4625643772639867,1.4642170036223787,472430.79,5,OVERLAP,2.5,0.0011017509055946423,22.71106888867019,41.00317836323049,1.461703190430547,1.4612933095325924,-18.42793240232732,False,-9.913969106616636e-05,47.15223097112619,-18.931904305470315,0.22972972972974595,16,4,1.4601000000000002,TP1+SL,2023-05-26 20:45:00+00:00,5.450505433567621,257.49865878796436,240,True
2023-05-29 10:00:00+00:00,5,EUR_CAD,LONG,1.4571800000000001,1.4565733681017352,1.4578398956947947,1.4584731594913243,1.459423055186119,791490.98,5,LONDON,2.5,0.0006332637965297237,62.081421960013934,29.51984270607649,1.4589255966478207,1.460259891688329,-4.529206363805827,False,-0.00015471457741308384,42.50242479394014,-20.355966478207144,0.2599999999999556,10,0,1.4565733681017352,SL,2023-05-29 10:45:00+00:00,-6.066318982649311,-480.1436756569706,45,False
2023-05-29 14:00:00+00:00,5,EUR_CAD,LONG,1.4566800000000002,1.4558498376253244,1.4575004871240271,1.4582408118733787,1.4593512989974058,572589.47,5,OVERLAP,2.5,0.0007403247493514243,25.346888218181252,40.159968248783535,1.4579855864562654,1.459767134813109,-7.407673309050011,False,7.684224798640933e-05,18.09992159123436,-15.95586456265341,0.6551724137931122,14,0,1.4558498376253244,SL,2023-05-29 14:15:00+00:00,-8.301623746758136,-475.3422341295655,15,False
2023-05-29 15:45:00+00:00,5,EUR_CAD,LONG,1.45568,1.455005089298378,1.4563947321048667,1.4570645535081113,1.458069285612978,697260.86,5,OVERLAP,2.5,0.000669821403244505,29.896994316392288,37.50965505908251,1.4573642753436677,1.4594749067670068,-14.41260932181887,False,-7.227186076321228e-05,48.567614688896334,-19.742753436677862,0.6271186440679051,15,0,1.455005089298378,SL,2023-05-29 20:15:00+00:00,-6.749107016221779,-470.5888162362831,270,False
2023-06-09 09:30:00+00:00,5,EUR_CAD,LONG,1.43534,1.4345503719207546,1.4361288842377355,1.436848140396226,1.4379270246339617,590002.99,5,LONDON,2.5,0.0007192561584904385,76.97961919226891,20.335674412582023,1.4383742188678807,1.436485455297447,-8.109834623486467,False,-0.00025810495567234345,10.88546004076501,-33.24218867880813,0.07317073170725102,9,4,1.4345503719207546,SL,2023-06-09 10:00:00+00:00,-7.896280792454301,-465.8829277427608,30,False
2023-06-13 16:00:00+00:00,5,EUR_CAD,LONG,1.43555,1.4339807493279728,1.4372677520160815,1.438606253360136,1.4406140053762175,293913.59,5,OVERLAP,2.5,0.0013385013440543902,46.338104989585574,31.62168523186419,1.4391320296046444,1.4379813578980456,-41.264280366615225,False,-0.0003198334956878762,19.161057899376942,-38.72029604644389,0.29213483146057323,16,1,1.4339807493279728,SL,2023-06-14 08:00:00+00:00,-15.69250672027289,-461.22409862545317,960,False
2023-06-14 08:15:00+00:00,5,EUR_CAD,LONG,1.4350900000000002,1.434243468109084,1.4358395956727479,1.4365326594545798,1.4375722551273276,539391.2,5,LONDON,2.5,0.0006930637818318537,31.776941520482275,42.29640990674111,1.4359672273291113,1.4369781903934875,1.0252927773213294,False,-7.408207800604547e-05,29.07887387171321,-11.672273291112312,0.07142857142877912,8,2,1.4375722551273276,TP3,2023-06-14 11:30:00+00:00,13.733530763963666,740.7745639011277,195,True
2023-06-14 14:15:00+00:00,5,EUR_CAD,SHORT,1.4399,1.4412274929783913,1.4385775210648262,1.4375025351080437,1.4358900561728698,349545.8,5,OVERLAP,2.5,0.0010749859567825652,60.09343940449682,64.49444782623146,1.4373320313290945,1.4371485462463645,20.08123130056383,False,0.00020099727807558867,41.166284695699225,28.579686709055974,0.4491525423730169,14,2,1.4412274929783913,SL,2023-06-14 14:30:00+00:00,-13.274929783912981,-464.019595126169,15,False
2023-06-16 15:45:00+00:00,5,EUR_CAD,LONG,1.4417300000000002,1.4404586790163063,1.4434539629510812,1.4447966049184684,1.4468105678695495,361340.22,5,OVERLAP,2.5,0.0013426419673873537,52.95148573746333,28.790604942927857,1.4462155826058525,1.444838273148713,-44.857758388510135,False,-0.0005563227234019691,25.673018898498096,-47.75582605852424,0.16176470588226652,15,4,1.4459174194696671,TP1+TP2+SL,2023-06-19 04:15:00+00:00,27.537110417530815,995.0265536434877,3630,True
2023-06-20 10:00:00+00:00,5,EUR_CAD,SHORT,1.4450399999999999,1.4460584712855307,1.444134586143408,1.4433376435723466,1.4421422297157547,460817.77,5,LONDON,2.5,0.0007969425710613239,26.708651175649035,55.97964042902028,1.4442106427469499,1.4436661983787158,1.358244866993541,False,-0.00010838746283727127,52.84552845528318,11.193572530501239,0.21739130434784706,10,1,1.4450399999999999,TP1+SL,2023-06-20 11:30:00+00:00,3.621655426367276,166.89231772869675,90,True
2023-06-22 16:45:00+00:00,5,EUR_CAD,LONG,1.44137,1.4405217358685236,1.4426647923944287,1.4437213206573813,1.4453061130518101,555249.92,5,OVERLAP,2.5,0.0010565282629525653,43.08928491570819,29.683009581892932,1.4445965392011948,1.4447586314674277,-38.033215224104744,False,-0.0002666061208897465,33.114732703628555,-35.16539201194879,0.8888888888888391,16,3,1.4405217358685236,SL,2023-06-22 18:00:00+00:00,-8.482641314764283,-470.99859114115634,75,False
2023-06-27 16:00:00+00:00,5,EUR_CAD,SHORT,1.44515,1.4463575060922806,1.4434974817231583,1.4422024695385973,1.4402599512617555,386158.39,5,OVERLAP,2.5,0.0012950121845611152,42.26809245722052,71.20382294017948,1.4398060481729198,1.4374127485424517,35.68013880568266,False,-7.807407029886701e-05,89.28397385684191,56.339518270802635,0.7230769230769476,16,1,1.4463575060922806,SL,2023-06-28 00:45:00+00:00,-12.07506092280708,-466.28860851030964,525,False
2023-06-28 09:00:00+00:00,5,EUR_CAD,LONG,1.44778,1.446631816193251,1.448954551420247,1.449930919033745,1.4513954704539922,402048.63,5,LONDON,2.5,0.000976367613498043,35.310115522848626,53.24059445730757,1.4461994196717347,1.4417177580756146,-5.1325169813765115,False,6.750916498232402e-05,53.54946570917604,12.90580328265234,0.6021505376344702,9,2,1.446631816193251,SL,2023-06-28 09:30:00+00:00,-11.481838067490811,-461.62572649165287,30,False
2023-06-29 15:15:00+00:00,5,EUR_CAD,LONG,1.4423800000000002,1.4408556527355774,1.4441130417932682,1.4454617363221136,1.4474847781153817,299806.66,5,OVERLAP,2.5,0.0013486945288453823,56.49677829078726,35.90192674617228,1.4458460282239665,1.445011474618815,-32.279507189469925,False,-0.0004609963103346826,27.844712182064118,-37.56028223966368,0.5591397849462597,15,3,1.4408556527355774,SL,2023-06-29 16:30:00+00:00,-15.24347264422854,-457.00946202675266,75,False
2023-07-04 08:30:00+00:00,5,EUR_CAD,LONG,1.44297,1.4421826932100297,1.4437519203699105,1.4444665339498508,1.4455384543197614,574667.18,5,LONDON,2.5,0.0007146135799403507,30.66265763386745,34.14002220476108,1.444413446089749,1.4443180792885928,-0.1868638311841586,False,-0.00010194348677912597,34.43489881634104,-17.334460897491244,0.29885057471250875,8,1,1.4421826932100297,SL,2023-07-04 08:45:00+00:00,-7.8730678997041,-452.4393727871479,15,False
2023-07-04 14:45:00+00:00,5,EUR_CAD,LONG,1.4407500000000002,1.4399583938301286,1.4416348185096146,1.4424180308493577,1.4435928493589723,565830.58,5,OVERLAP,2.5,0.0007832123397430365,29.19333205139015,41.152378146315804,1.4422431118538668,1.4436088297293816,-8.636293546238072,False,0.00018116672537653853,67.1020612600687,-17.831118538667035,0.5164835164835031,14,1,1.4399583938301286,SL,2023-07-04 15:00:00+00:00,-7.916061698716169,-447.91497823003556,15,False
2023-07-05 09:30:00+00:00,5,EUR_CAD,SHORT,1.4449899999999998,1.4460674082855733,1.4437277751432795,1.4426929585721326,1.4411407337154123,411576.4,5,LONDON,2.5,0.0010348165711468837,31.43548807803119,74.40288003280492,1.4411371686498118,1.4418318099707492,13.41093362306367,False,0.00030722613855838836,76.99870776782274,41.42831350188114,0.5923076923077094,9,2,1.4460674082855733,SL,2023-07-05 10:15:00+00:00,-10.774082855735665,-443.43582350654054,45,False
2023-07-06 13:15:00+00:00,5,EUR_CAD,SHORT,1.4479499999999998,1.4491304693920724,1.446198591823783,1.4448376530396383,1.4427962448634213,371887.21,5,OVERLAP,2.5,0.0013609387841446807,28.50736505058574,63.19338890411363,1.4445413332351802,1.4428931023823286,20.51671843772196,False,9.38009903133875e-05,62.79314008945787,36.9866676481978,0.8742514970059665,13,3,1.4491304693920724,SL,2023-07-06 13:30:00+00:00,-11.804693920725029,-439.00146870823926,15,False
2023-07-07 10:30:00+00:00,5,EUR_CAD,SHORT,1.4558,1.4566514032131583,1.4546157903605248,1.453632983934208,1.4521587742947326,510464.9,5,LONDON,2.5,0.0009828064263168695,26.046334771620824,58.35330315956092,1.4546225786082876,1.4495589369725184,14.536568920242576,False,4.737962106634018e-05,83.92074191892577,14.6742139171252,0.9453125000001599,10,4,1.454262797493708,TP1+TP2+SL,2023-07-07 12:30:00+00:00,16.479307833653145,841.210822537497,120,True
2023-07-19 15:30:00+00:00,5,EUR_CAD,LONG,1.4740600000000001,1.4729253538910472,1.4756739383268582,1.4769432305447636,1.4788471688716216,390450.87,5,OVERLAP,2.5,0.0012692922179054088,32.295364148815246,33.04970831631513,1.4773623411264707,1.4793978816556717,-30.187769184339963,False,-0.00031511678524719414,40.93329805033796,-35.92341126470666,0.46153846153833017,15,2,1.4729253538910472,SL,2023-07-19 16:00:00+00:00,-11.346461089529745,-443.02356038280374,30,False
2023-07-20 09:15:00+00:00,5,EUR_CAD,LONG,1.47171,1.470845001527903,1.472604995416291,1.4733949923604852,1.4745799877767762,507045.2,5,LONDON,2.5,0.0007899969441940835,49.715311526206825,33.59121709344487,1.4738032539548493,1.4766535476253497,1.633141785231107,False,-0.00022951796933506083,39.99917412534421,-23.83253954849396,0.5333333333331853,9,3,1.470845001527903,SL,2023-07-20 10:00:00+00:00,-8.649984720969783,-438.5933232841068,45,False
2023-07-25 10:15:00+00:00,5,EUR_CAD,LONG,1.45574,1.4548609350343902,1.4565571948968292,1.4572953248280487,1.4584025197248778,493942.32,5,LONDON,2.5,0.0007381299312194943,20.432078429072064,37.12574462866808,1.4571878196056427,1.462194552371337,-5.532019989029635,False,-0.00015107664696206247,22.49997939487162,-17.378196056427875,0.10000000000011103,10,1,1.4548609350343902,SL,2023-07-25 11:00:00+00:00,-8.790649656098548,-434.2073885440519,45,False
2023-07-26 10:00:00+00:00,5,EUR_CAD,SHORT,1.4626299999999999,1.4635604055418123,1.4618087833745632,1.4610679722909385,1.4599567556655018,462019.3,5,LONDON,2.5,0.0007408110836245697,77.17372517400437,82.74753039158931,1.458652967609107,1.4592424770735137,14.612796203672396,False,0.00027501708548374206,84.48595310265145,42.670323908930996,0.31578947368435406,10,2,1.4635604055418123,SL,2023-07-26 10:30:00+00:00,-9.304055418124513,-429.8653171443095,30,False
2023-07-26 10:30:00+00:00,5,EUR_CAD,SHORT,1.46304,1.4640446098804403,1.4622361703586795,1.4615069505977991,1.4604131209564786,423613.86,5,LONDON,2.5,0.000729219760880379,80.62010310688365,84.151943660728,1.4590080796729972,1.4593222339691647,15.831496442477722,False,0.00021920977214653437,82.57458453224145,43.21920327002848,0.15714285714290246,10,2,1.4640446098804403,SL,2023-07-26 10:45:00+00:00,-10.04609880440377,-425.5666692474866,15,False
2023-07-27 09:30:00+00:00,5,EUR_CAD,SHORT,1.46538,1.4663890283524696,1.4643529149425916,1.4634748582376524,1.462157773180244,417541.29,5,LONDON,2.5,0.000878056704938999,42.569608311177184,64.63238324309842,1.4636446941645074,1.46183935833431,-1.8954344637212017,False,0.00023256804666659794,42.55731922398231,20.253058354926523,0.08695652173904649,9,3,1.4663890283524696,SL,2023-07-27 09:45:00+00:00,-10.09028352469743,-421.3109999367912,15,False
2023-07-31 15:45:00+00:00,5,EUR_CAD,LONG,1.4502400000000002,1.4488574705282855,1.4518775884151434,1.4531626473585721,1.4550902357737152,301691.86,5,OVERLAP,2.5,0.0012850589434287945,57.78379562660015,22.994017557936345,1.4561506962411592,1.4572338680972892,-56.70665203457048,False,-0.0005338043353288623,20.86746654390895,-62.00696241159154,0.2738095238097472,15,0,1.4488574705282855,SL,2023-07-31 16:30:00+00:00,-13.825294717146885,-417.09788782642175,45,False
2023-07-31 16:45:00+00:00,5,EUR_CAD,LONG,1.4492800000000001,1.4478647988014985,1.4507756035955046,1.4519660059925077,1.453751609588012,291779.65,5,OVERLAP,2.5,0.0011904023970030486,66.6093456071726,23.834456750752963,1.455090565096548,1.4569105348563534,-61.58348304204031,False,-0.00030727534053289407,14.697934715584248,-61.00565096547994,0.5232558139536445,16,0,1.453751609588012,TP3,2023-08-01 06:00:00+00:00,25.66965752807215,748.9883689160758,795,True
2023-08-11 15:30:00+00:00,5,EUR_CAD,LONG,1.47219,1.471184945973066,1.4738051620808021,1.4750752701346703,1.4769804322154725,418302.68,5,OVERLAP,2.5,0.0012701080538681327,53.01576084906302,28.51039360572061,1.475968127733608,1.4753535146170509,-37.89915715673997,False,-0.0004678843491886047,32.33172056701494,-40.68127733608095,0.8461538461537148,15,4,1.471184945973066,SL,2023-08-11 17:30:00+00:00,-10.050540269341822,-420.41679301136065,120,False
2023-08-15 09:00:00+00:00,5,EUR_CAD,SHORT,1.47315,1.4741800204816544,1.4722699385550369,1.471489897591728,1.470319836146765,404081.89,5,LONDON,2.5,0.0007800409633087635,68.75486636625709,82.4269744121868,1.4696451397711792,1.4707709412490524,-0.027449228521270186,False,0.000391526842223314,65.44644922507736,37.94860228820917,0.05555555555562409,9,1,1.4741800204816544,SL,2023-08-15 09:30:00+00:00,-10.300204816544591,-416.21262296564413,30,False
2023-08-15 11:00:00+00:00,5,EUR_CAD,SHORT,1.47491,1.4758029943379216,1.4739910169862351,1.473185028310392,1.471976045296627,461425.66,5,LONDON,2.5,0.0008059886758432416,67.77966878873615,82.03777799849871,1.4710934895029129,1.471088775475656,9.19618406170608,False,6.79946975189734e-05,49.43258716814146,41.06510497087212,0.16417910447770592,11,1,1.471976045296627,TP3,2023-08-15 12:30:00+00:00,16.44372822023676,758.7558146883373,90,True
2023-08-15 14:30:00+00:00,5,EUR_CAD,SHORT,1.4748499999999998,1.4760928973951124,1.4732113078146623,1.471925513024437,1.4699968208390992,337628.88,5,OVERLAP,2.5,0.0012857947902251638,32.04491918143049,60.93823002460419,1.4719880334775761,1.4713640049157877,21.271263550390884,False,-2.1250351573376533e-05,85.9266385913968,31.51966522423777,0.47945205479446223,14,1,1.4719335314696709,TP1+TP2+SL,2023-08-15 19:45:00+00:00,24.085653704258633,813.2012284236695,315,True
2023-08-16 09:30:00+00:00,5,EUR_CAD,SHORT,1.47325,1.473982456547644,1.4726326303570685,1.4720277172617806,1.471120347618849,584021.09,5,LONDON,2.5,0.0006049130952877604,30.309581091293644,56.918006472104985,1.4728456445366287,1.4719886513136997,3.173451725702048,False,-9.456233920482386e-05,52.78168738760175,6.943554633713767,0.45312500000005423,9,2,1.473982456547644,SL,2023-08-16 10:15:00+00:00,-7.324565476440891,-427.77007133273787,45,False
2023-08-17 10:30:00+00:00,5,EUR_CAD,LONG,1.47055,1.469625641268166,1.471323076195502,1.4720317936591703,1.4730948698546726,458147.2,5,LONDON,2.5,0.0007087174636681643,23.056668559423855,43.86820568878615,1.4711005848519016,1.4717935011178624,-2.5421415403670267,False,-8.971594488047023e-05,40.56410256409879,-8.40584851901749,0.25925925925890897,10,3,1.469625641268166,SL,2023-08-17 11:00:00+00:00,-9.243587318339408,-423.49236478527087,30,False
2023-08-22 11:00:00+00:00,5,EUR_CAD,LONG,1.47347,1.4725048296469505,1.4742455110591486,1.4749558517652477,1.4760213628243963,434386.99,5,LONDON,2.5,0.0007103407060990905,66.12134899230593,24.324713964724452,1.4760847548721001,1.4748749829087286,-21.0317089492551,False,-0.000387778726683156,23.62707535121213,-29.047548721001792,0.2580645161293557,11,1,1.4725048296469505,SL,2023-08-22 11:15:00+00:00,-9.651703530495492,-419.257444498431,15,False
2023-08-22 11:15:00+00:00,5,EUR_CAD,LONG,1.4728700000000001,1.471964127529311,1.4736776174120667,1.4744093623534444,1.475506979765511,458193.49,5,LONDON,2.5,0.0007317449413777395,69.14051715538986,21.70045207848503,1.4759473135045669,1.4748521472578955,-25.484622151186187,False,-0.0003807018482174958,17.49680715198032,-33.67313504566871,0.6138613861385703,11,1,1.471964127529311,SL,2023-08-22 11:30:00+00:00,-9.05872470689184,-415.06486884,15,False
2023-08-22 13:45:00+00:00,5,EUR_CAD,LONG,1.4699300000000002,1.4689505769322335,1.4711082692033,1.472087115338833,1.473555384542133,419547.22,5,OVERLAP,2.5,0.000978846135533205,81.11062557968675,26.778870120022773,1.4742102181199774,1.4744620057247584,-28.49895708118222,False,-0.00021244829070850963,26.283397825685665,-45.70218119977376,0.5473684210524741,13,1,1.4699300000000002,TP1+SL,2023-08-22 20:45:00+00:00,4.713076813199102,197.73582746241425,420,True
2023-08-23 09:30:00+00:00,5,EUR_CAD,LONG,1.4676,1.466295774701417,1.4688526758957492,1.4698811264929155,1.4714238023886648,316579.95,5,LONDON,2.5,0.0010284505971662108,54.021431638906314,41.65805020046897,1.469267280049128,1.471772358827813,6.757564162391816,False,-0.00027524919911239517,58.53509275196193,-19.57280049128096,0.1509433962263479,9,2,1.466295774701417,SL,2023-08-23 09:45:00+00:00,-13.042252985830949,-412.8915798141713,15,False
2023-08-28 08:00:00+00:00,5,EUR_CAD,LONG,1.47021,1.469594325826126,1.4706870225216222,1.4711983708693706,1.4719653933909929,663926.93,5,LONDON,2.5,0.000511348347748262,39.934700281005995,58.255694432705695,1.4690722542085275,1.4685862790409736,-0.9666666666685586,False,6.717442224676916e-05,44.18956983058857,8.477457914723985,0.34883720930260176,8,0,1.469594325826126,SL,2023-08-28 08:15:00+00:00,-6.156741738740923,-408.76266414051236,15,False
2023-08-30 10:15:00+00:00,5,EUR_CAD,SHORT,1.47616,1.4774346000146816,1.4748761999559548,1.4738269999265914,1.472253199882546,317491.79,5,LONDON,2.5,0.001049200029363497,24.854916729807467,60.78107369559759,1.4745827869938737,1.472690220722665,14.558782978006946,False,0.00026850247088429667,64.41688215240187,18.67213006126356,0.5859375000000461,10,2,1.4774346000146816,SL,2023-08-30 12:15:00+00:00,-12.746000146817149,-404.6750401953239,120,False
