timestamp,strategy_id,pair,signal_direction,entry_price,sl_price,tp1_price,tp2_price,tp3_price,lot_size,confluence_score,session,spread_at_entry,atr_at_entry,adx_at_entry,rsi_at_entry,ema_50_value,ema_200_value,vwap_deviation,news_within_60min,macd_hist_at_entry,stoch_k_at_entry,distance_from_ema50_pips,candle_body_ratio,hour_of_day,day_of_week,exit_price,exit_reason,exit_time,pnl_pips,pnl_dollars,hold_time_minutes,win
2021-01-19 12:15:00+00:00,5,EUR_GBP,SHORT,0.89057,0.8912168948727807,0.890009315381658,0.8894755256360967,0.8886748410177546,1545846.23,5,LONDON,2.0,0.0005337897455613514,30.421176698194643,62.239490134140915,0.8898886898327227,0.8896919669758327,2.908716899894248,False,2.7133617027491315e-06,54.3077389405156,9.213101672772561,0.07317073170725102,12,1,0.8912168948727807,SL,2021-01-19 12:45:00+00:00,-6.468948727806901,-1000.0000002943593,30,False
2021-01-26 13:45:00+00:00,5,EUR_GBP,LONG,0.88704,0.8863224782246255,0.8876025653261234,0.8881376088768722,0.8889401742029955,1379749.07,5,OVERLAP,2.0,0.000535043550748876,59.38095745232503,34.72884626429189,0.888045386662034,0.8882275316633624,-13.219098955182806,False,-9.97821268785808e-05,46.81439111581267,-12.453866620339982,0.27083333333323695,13,1,0.8863224782246255,SL,2021-01-26 14:15:00+00:00,-7.175217753745412,-990.0000022777721,30,False
2021-01-26 16:30:00+00:00,5,EUR_GBP,LONG,0.88587,0.8850915249240137,0.8864954252279588,0.8870723753799312,0.88793780060789,1258999.84,5,OVERLAP,2.0,0.000576950151972483,66.4408335045725,35.517084039356476,0.8872800989375527,0.8879881568502483,-17.602990589149492,False,-4.7216381390685624e-05,22.979797979797308,-16.500989375526352,0.4186046511629108,16,1,0.8850915249240137,SL,2021-01-26 16:45:00+00:00,-7.784750759863845,-980.0999961108461,15,False
2021-01-29 10:45:00+00:00,5,EUR_GBP,SHORT,0.8859899999999999,0.8866060607312946,0.8851618178061162,0.8844496963435271,0.8833815141496434,1575005.43,5,LONDON,2.0,0.0007121214625891363,57.30695991617922,66.32211718486792,0.8841079728712874,0.8844167461693572,7.4885244262190565,False,0.00015597414092237676,56.58175192519146,21.22027128712567,0.7999999999998816,10,4,0.8846732201314561,TP1+TP2+SL,2021-01-29 14:30:00+00:00,12.107503138513831,1906.9383186901325,225,True
2021-02-10 11:45:00+00:00,5,EUR_GBP,LONG,0.87637,0.8757469328647404,0.8767692014057787,0.8771953356762979,0.8778345370820766,1587900.13,5,LONDON,2.0,0.00042613427051916837,30.235430282901305,45.220116029024695,0.8767062985985582,0.8771158822795815,0.21541717675988004,False,1.4395853654926207e-05,56.907573798021325,-5.762985985582336,0.34883720930225354,11,2,0.8757469328647404,SL,2021-02-10 12:15:00+00:00,-6.23067135259614,-989.3683850774686,30,False
2021-02-11 15:30:00+00:00,5,EUR_GBP,SHORT,0.8777,0.8781945437363163,0.8772363687910508,0.8767672813184181,0.8760636501094688,1980562.34,5,OVERLAP,2.0,0.0004690874726328109,30.321598795557478,59.53887996333208,0.8770418935396808,0.876723750510019,5.118134062485069,False,8.39971562036128e-06,43.83244206774379,8.981064603192923,0.46153846153862577,15,3,0.8781945437363163,SL,2021-02-11 16:15:00+00:00,-4.945437363162997,-979.4746996309535,45,False
2021-02-12 15:15:00+00:00,5,EUR_GBP,LONG,0.87519,0.8745188241633229,0.8757335275100313,0.8762558791833855,0.877039406693417,1444748.01,5,OVERLAP,2.0,0.0005223516733542349,68.17974970649075,24.858915182797958,0.8773501573331506,0.8774506408206433,-20.97625195886188,False,-0.00022122544479520915,24.625995533685067,-24.001573331505764,0.2419354838709591,15,4,0.8745188241633229,SL,2021-02-12 15:30:00+00:00,-6.711758366770847,-969.6799543993033,15,False
2021-02-19 15:30:00+00:00,5,EUR_GBP,LONG,0.86521,0.8646424163218844,0.8658027510343468,0.8663579183905779,0.8671906694249246,1691350.88,5,OVERLAP,2.0,0.000555167356231142,38.39671203210575,39.72027906167188,0.8658389413854695,0.8670495741736162,-12.325228747919192,False,-6.81014440155364e-05,66.88883617963593,-8.689413854694461,0.33962264150933513,15,4,0.86521,TP1+SL,2021-02-19 17:00:00+00:00,2.3710041373870006,401.0199934253144,90,True
2021-02-25 11:00:00+00:00,5,EUR_GBP,SHORT,0.86354,0.8641452041184341,0.8626843876446976,0.8619539794078293,0.8608583670525268,1592840.04,5,LONDON,2.0,0.0007304082368682966,49.55888901990785,68.99343480666087,0.8612320622737364,0.861061424136124,12.318117345264668,False,0.00017671096456267003,66.14090616024818,25.47937726263605,0.6883116883117838,11,3,0.8641452041184341,SL,2021-02-25 11:15:00+00:00,-6.052041184341216,-963.9933522147711,15,False
2021-02-25 12:15:00+00:00,5,EUR_GBP,SHORT,0.86491,0.8655922779343164,0.8639731661970509,0.8631886103284181,0.862011776525469,1398775.15,5,LONDON,2.0,0.0007845558686327421,55.03154467276876,69.45780485722449,0.8618853817608767,0.8612453646462315,20.418599215246136,False,0.0001744243917879588,77.8331671651712,32.646182391232735,0.9247311827956822,12,3,0.86491,TP1+SL,2021-02-25 13:30:00+00:00,3.747335211796265,524.1679372980602,75,True
2021-02-25 16:00:00+00:00,5,EUR_GBP,SHORT,0.86502,0.8657421540476642,0.8639635378570074,0.863099229761679,0.8618027676186862,1328795.57,5,OVERLAP,2.0,0.0008643080953284458,23.65648785349857,61.82200441470742,0.8628683153161205,0.8616392526140079,16.980298924079705,False,-4.186776233688921e-05,81.34485890115825,23.916846838795134,0.8292682926829004,16,3,0.8657421540476642,SL,2021-02-25 16:30:00+00:00,-7.221540476641808,-959.5950993937323,30,False
2021-03-11 10:00:00+00:00,5,EUR_GBP,SHORT,0.8573999999999999,0.857998475080078,0.8568945747597662,0.8563976245996103,0.8556521993593765,1587366.26,5,LONDON,2.0,0.0004969501601558544,43.776620344213754,63.51986861612013,0.8564960674626874,0.8567122931595834,0.8593978625004439,False,0.00012848408658400272,45.1402572523221,11.439325373125975,0.13636363636352167,10,3,0.8573999999999999,TP1+SL,2021-03-11 11:00:00+00:00,2.021700960935125,320.9179893197995,60,True
2021-03-16 14:45:00+00:00,5,EUR_GBP,LONG,0.85759,0.8567236286481028,0.8583291140556916,0.858981856759486,0.8599609708151777,1100230.66,5,OVERLAP,2.0,0.0006527427037944405,70.0901735614554,21.434332207593556,0.8600627099263065,0.8588855021843048,-31.41823893154316,False,-0.0004075978323289291,24.889138810787585,-27.127099263065666,0.05882352941171348,14,1,0.8567236286481028,SL,2021-03-16 15:00:00+00:00,-8.66371351897155,-953.208324302899,15,False
2021-03-16 16:30:00+00:00,5,EUR_GBP,LONG,0.85637,0.8556971211628841,0.8570986365113478,0.8577443941855796,0.8587130306969274,1402446.02,5,OVERLAP,2.0,0.0006457576742318588,70.41231293898275,22.09875654198433,0.8591804550925707,0.8587215064993078,-35.59999660162183,False,-0.00010300064342360499,39.506785832504455,-30.504550925707363,0.7719298245616462,16,1,0.85637,TP1+SL,2021-03-17 04:30:00+00:00,2.9145460453912087,408.74935014656404,720,True
2021-03-18 10:00:00+00:00,5,EUR_GBP,LONG,0.8555200000000001,0.8548681105119217,0.8560656684642347,0.8565894474403912,0.8573751159046259,1453871.79,5,LONDON,2.0,0.0005237789761564617,52.76036469612549,33.13999227664161,0.8567406995693343,0.8573216121757474,-1.775891699558052,False,-5.8385940222089195e-05,33.73350367368803,-14.606995693342562,0.15624999999993494,10,3,0.8548681105119217,SL,2021-03-18 10:15:00+00:00,-6.518894880783721,-947.7637369146865,15,False
2021-03-19 15:00:00+00:00,5,EUR_GBP,SHORT,0.85796,0.8587675909723652,0.8570972270829045,0.8563620451381743,0.8552592722210788,1161833.32,5,OVERLAP,2.0,0.000735181944730295,61.199679020006904,67.7887660256713,0.8562406862832517,0.8563290989471884,16.593165104129557,False,0.00022316073551293455,38.92325371419164,19.593137167482897,0.28378378378366415,15,4,0.8587675909723652,SL,2021-03-19 15:45:00+00:00,-8.075909723652686,-938.2861006251683,45,False
2021-03-22 11:30:00+00:00,5,EUR_GBP,SHORT,0.85961,0.8601612684876766,0.85909619453697,0.8585936575616165,0.8578398520985865,1685028.73,5,LONDON,2.0,0.0005025369753533928,49.059967734701125,65.00426969206657,0.8587768053912422,0.8576802001067477,9.473975735647677,False,0.0001705261820404098,58.99954648526042,10.73194608757766,0.13953488372083417,11,0,0.8601612684876766,SL,2021-03-22 11:45:00+00:00,-5.51268487676615,-928.9032396787471,15,False
2021-04-06 11:00:00+00:00,5,EUR_GBP,SHORT,0.85358,0.854155701914902,0.8529328942552941,0.85234149042549,0.8514543846807839,1597379.1,5,LONDON,2.0,0.0005914038298040096,63.3744498099042,76.84701216439724,0.8511087727827513,0.8503117787678716,6.720995188378431,False,6.182598746094846e-05,38.44568130282306,27.112272172487017,0.3484848484849479,11,1,0.854155701914902,SL,2021-04-06 11:45:00+00:00,-5.7570191490197145,-919.6142066943879,45,False
2021-04-16 16:30:00+00:00,5,EUR_GBP,LONG,0.86685,0.866262132147168,0.8674736035584962,0.8680493392641604,0.8689129428226566,1548678.09,5,OVERLAP,2.0,0.0005757357056641558,52.84149480516265,30.251198074001806,0.8683534303989263,0.8685835402012989,-20.53947767857278,False,-5.721953182881456e-05,47.42268041236766,-17.434303989263267,0.37037037037033993,16,4,0.866262132147168,SL,2021-04-16 17:45:00+00:00,-5.878678528320469,-910.4180634963355,75,False
2021-04-23 16:15:00+00:00,5,EUR_GBP,SHORT,0.87127,0.8719919786272337,0.870604064118299,0.8700001068638318,0.8690941709821308,1248394.14,5,OVERLAP,2.0,0.000603957254467309,46.05182565927774,69.62428596866604,0.8693906014599313,0.8671102766010085,17.369297834943787,False,0.0001028795979491282,88.17516231523904,21.193985400687065,0.17391304347847075,16,4,0.8690941709821308,TP3,2021-04-26 07:00:00+00:00,12.09497410721494,1509.9294798898861,3765,True
2021-05-03 15:00:00+00:00,5,EUR_GBP,LONG,0.86726,0.8664909951437919,0.8678570145686244,0.8684150242810407,0.8692520388496652,1191687.12,5,OVERLAP,2.0,0.0005580097124162786,80.93273933439299,31.918688716203363,0.8687040314072536,0.8693377430341388,-12.002457900235353,False,-5.9096586607214644e-05,41.132478632479156,-16.840314072535943,0.43478260869569413,15,0,0.8664909951437919,SL,2021-05-03 17:00:00+00:00,-7.690048562081219,-916.413182360671,120,False
2021-05-10 09:00:00+00:00,5,EUR_GBP,LONG,0.86348,0.8629178345352627,0.8640864963942119,0.8646508273236865,0.8654973237178982,1613847.0,5,LONDON,2.0,0.0005643309294745682,64.31431939200505,27.84020964006295,0.8657494518250863,0.8667746610892817,-0.7672288230053947,False,-2.9372454485195303e-05,66.3908589440506,-25.094518250863285,0.8461538461537016,9,0,0.8629178345352627,SL,2021-05-10 10:15:00+00:00,-5.6216546473730755,-907.2490487699096,75,False
2021-05-10 11:00:00+00:00,5,EUR_GBP,LONG,0.8625700000000001,0.8619038539398605,0.8632484381804186,0.8638607303006978,0.8647791684811164,1348317.75,5,LONDON,2.0,0.000612292120279069,60.05256113569786,28.223098133313655,0.8650000403904332,0.8664872293053624,-8.452000123416736,False,2.155680907842952e-05,31.88258462848673,-26.700403904331704,0.35106382978719386,11,0,0.8619038539398605,SL,2021-05-10 11:30:00+00:00,-6.661460601395941,-898.1765569787822,30,False
2021-05-13 10:00:00+00:00,5,EUR_GBP,SHORT,0.8607,0.8613228174600895,0.8601215476197313,0.8595759126995521,0.8587574603192835,1427697.28,5,LONDON,2.0,0.0005456349201791539,29.433851984366566,68.9563926953288,0.8594484750595828,0.8594555275487116,9.54831931713196,False,1.0916456857706317e-05,80.62660480324236,14.915249404172659,0.7261904761905171,10,3,0.8613228174600895,SL,2021-05-13 13:00:00+00:00,-6.228174600895198,-889.194793706316,180,False
2021-05-24 11:30:00+00:00,5,EUR_GBP,SHORT,0.86409,0.8647413432947201,0.86354597011584,0.8630232835264,0.8622392536422401,1351519.01,5,LONDON,2.0,0.0005226865894399968,55.51229528244632,71.74216358441439,0.862191747032846,0.861557021471992,9.261280691920115,False,8.967330239544253e-05,29.61017740429973,21.382529671540862,0.4528301886792532,11,0,0.863705040950881,TP1+TP2+SL,2021-05-24 13:15:00+00:00,7.21290352927828,974.8376237115688,105,True
2021-05-25 09:00:00+00:00,5,EUR_GBP,SHORT,0.86378,0.8644035968603891,0.8632892094188327,0.8628020156980546,0.8620712251168873,1427286.24,5,LONDON,2.0,0.00048719372077818526,61.840871168275214,64.39823633611476,0.8629126664108151,0.8623171576681546,0.2877234109532889,False,0.0001720496227128585,66.22303874785682,11.073335891849112,0.27499999999981267,9,1,0.8644035968603891,SL,2021-05-25 09:15:00+00:00,-6.2359686038915285,-890.0512181406389,15,False
2021-05-27 12:45:00+00:00,5,EUR_GBP,LONG,0.86098,0.8601637765592423,0.8617186703222732,0.8623711172037888,0.8633497875260622,1079545.95,5,LONDON,2.0,0.0006524468815155478,43.3588789635236,31.76076703124876,0.8629344254557593,0.8637222094869725,-14.61780067178231,False,-0.00021840267718439312,55.22078009493156,-21.94425455759319,0.23076923076921435,12,3,0.8601637765592423,SL,2021-05-27 13:15:00+00:00,-8.16223440757713,-881.1507097650539,30,False
2021-05-27 16:45:00+00:00,5,EUR_GBP,LONG,0.8598600000000001,0.8593141007790879,0.8605076976627363,0.8610994961045605,0.8619871937672967,1597985.79,5,OVERLAP,2.0,0.0005917984418241704,22.24256018523288,37.03003608969925,0.8615684166709862,0.863182593536549,-16.09291620839337,False,6.90716944663156e-05,27.938634399308953,-19.484166709861082,0.5714285714285714,16,3,0.8593141007790879,SL,2021-05-27 17:30:00+00:00,-5.458992209121938,-872.3391977897566,45,False
2021-05-28 12:45:00+00:00,5,EUR_GBP,LONG,0.8583000000000001,0.8576235749885386,0.8588592750343844,0.8593921250573073,0.8601914000916917,1276735.47,5,LONDON,2.0,0.0005328500229229229,40.054001750558115,40.02675501537194,0.8587720797986833,0.8606910845996667,-6.386959415973781,False,-0.00015049909034546246,25.293160129359375,-7.120797986832628,0.22413793103464447,12,4,0.8601914000916917,TP3,2021-05-28 14:30:00+00:00,10.388400550149779,1326.3239458943735,105,True
2021-05-31 16:45:00+00:00,5,EUR_GBP,SHORT,0.8604999999999999,0.8610081046264043,0.8601456861207869,0.8597494768679781,0.859155162988765,1725784.42,5,OVERLAP,2.0,0.00039620925280873387,15.116275371232241,56.869134005269856,0.8601736212404341,0.8601089742347509,3.828141175323818,False,-1.7857781116839045e-05,84.36563436563692,5.663787595658887,0.5263157894738687,16,0,0.8604999999999999,TP1+SL,2021-05-31 21:15:00+00:00,1.4172555168521228,244.5877490142441,270,True
2021-06-01 15:45:00+00:00,5,EUR_GBP,SHORT,0.86374,0.8643457933955699,0.86297261981329,0.8623010330221499,0.8612936528354399,1451526.1,5,OVERLAP,2.0,0.0006715867911400152,25.84762016724784,62.627204003755075,0.8620013837571371,0.8606867859210064,13.709240791220934,False,4.4271240733605166e-07,53.80577427821826,19.78616242862885,0.8813559322033612,15,1,0.86374,TP1+SL,2021-06-02 07:30:00+00:00,3.0695207468398604,445.548947852955,945,True
2021-06-03 09:45:00+00:00,5,EUR_GBP,LONG,0.8595200000000001,0.8589994081101,0.8599117756697001,0.8603329594495003,0.8609647351192004,1697645.38,5,LONDON,2.0,0.00042118377980007515,51.817710724223794,25.807751561078945,0.8609343046471329,0.8614567604606415,-5.035337531719142,False,-0.00014602404855260461,35.0241545893711,-16.54304647132898,0.7916666666666571,9,3,0.8589994081101,SL,2021-06-03 10:30:00+00:00,-5.205918899000572,-883.7804167543007,45,False
2021-06-08 09:45:00+00:00,5,EUR_GBP,SHORT,0.86086,0.8613022789620142,0.8605531631139576,0.8601886051899293,0.859641768303887,1978259.62,5,LONDON,2.0,0.0003645579240282313,22.406230489407683,61.9886892550185,0.8603223056313369,0.8598530785130872,2.0892701170416306,False,-4.663079713577176e-06,57.54161794205939,7.7769436866304,0.6756756756756351,9,1,0.8613022789620142,SL,2021-06-08 10:15:00+00:00,-4.422789620142086,-874.9426113282229,30,False
2021-06-10 16:30:00+00:00,5,EUR_GBP,LONG,0.85972,0.8590738990165728,0.8603683029502814,0.8609605049171357,0.861848807867417,1340646.75,5,OVERLAP,2.0,0.0005922019668542627,45.63987318704685,32.12106398301596,0.8614847729829347,0.8615031459069731,-22.058418231579722,False,-7.493967716855549e-05,19.843933303843112,-20.04772982934666,0.03448275862091408,16,3,0.8590738990165728,SL,2021-06-10 18:00:00+00:00,-6.461009834272113,-866.1931836034947,90,False
2021-06-14 09:30:00+00:00,5,EUR_GBP,SHORT,0.85946,0.8601797355932879,0.8589507932201362,0.8584513220335603,0.8577021152536966,1191453.17,5,LONDON,2.0,0.0004994711865758722,63.66219855360455,61.761401541944714,0.858390961502854,0.8589266320331037,-2.773978543095801,False,0.00011496888660657636,46.976715498610275,13.090384971460312,0.4523809523810342,9,0,0.85946,TP1+SL,2021-06-14 11:15:00+00:00,2.0368271194550758,242.67841282167186,105,True
2021-06-15 12:15:00+00:00,5,EUR_GBP,SHORT,0.86139,0.861909944742543,0.8608201657723707,0.8602802762872847,0.8594704420596554,1653941.21,5,LONDON,2.0,0.0005398894850861426,36.09633358257228,60.06730774064215,0.8602688368199508,0.8593893929804903,3.8997962795739305,False,2.042812723668534e-05,54.96191247440539,13.611631800491963,0.41176470588242975,12,1,0.86139,TP1+SL,2021-06-15 13:45:00+00:00,2.2793369105169603,376.98892477780834,90,True
2021-06-16 11:15:00+00:00,5,EUR_GBP,LONG,0.85873,0.8580583580511281,0.8591549258466158,0.8595982097443596,0.8602631355909754,1285994.61,5,LONDON,2.0,0.0004432838977438566,48.09960789310751,34.74653264303065,0.8598630679287511,0.8599871564972548,-6.057570194285544,False,-5.660188616364115e-05,31.66557044412043,-13.730679287511371,0.02564102564090885,11,2,0.8580583580511281,SL,2021-06-16 12:15:00+00:00,-6.716419488719261,-863.7279260991926,60,False
2021-06-16 15:30:00+00:00,5,EUR_GBP,LONG,0.85906,0.8585465101539336,0.8594904695381994,0.8599374492303324,0.8606079187685318,1665253.27,5,OVERLAP,2.0,0.00044697969213294353,33.551602692822094,46.73496890643673,0.8593302781201573,0.8597927152006859,-0.6979165230047712,False,0.00010632246710171094,28.330946372956532,-5.102781201572482,0.725000000000111,15,2,0.8585465101539336,SL,2021-06-16 16:00:00+00:00,-5.134898460664727,-855.0906452739904,30,False
2021-06-18 08:45:00+00:00,5,EUR_GBP,SHORT,0.8580099999999999,0.8585951964893045,0.8573944105320864,0.8568240175534774,0.8559684280855638,1446590.6,5,LONDON,2.0,0.0005703929786090228,73.58419461863006,66.59986696612066,0.8563980137797503,0.8568400285458487,1.9881439430968761,False,4.3675875478879135e-05,39.543193780484565,18.51986220249624,0.14545454545447573,8,4,0.8585951964893045,SL,2021-06-18 09:00:00+00:00,-5.851964893045514,-846.5397405809646,15,False
2021-06-18 16:45:00+00:00,5,EUR_GBP,SHORT,0.85907,0.859656435174724,0.8583306944758282,0.8576778241263804,0.8566985186022087,1429099.72,5,OVERLAP,2.0,0.0006528703494478443,46.71705570324311,62.814514389917896,0.8577139579256073,0.8571613518577516,13.469304996106546,False,8.795982318364308e-05,43.57371794872072,15.960420743926784,0.4193548387095157,16,4,0.859656435174724,SL,2021-06-18 20:45:00+00:00,-5.864351747240092,-838.0743439962328,240,False
2021-06-21 12:45:00+00:00,5,EUR_GBP,LONG,0.85737,0.8565351621815483,0.8580745134553548,0.8587041890922581,0.8596487025476129,993838.06,5,LONDON,2.0,0.0006296756369032429,41.949688494048054,42.87512555782899,0.8581799899255191,0.857974924062234,-5.289053406211108,False,-7.568207438814721e-06,68.57142857142681,-10.499899255191902,0.520833333333237,12,0,0.8565351621815483,SL,2021-06-21 13:15:00+00:00,-8.34837818451617,-829.6935979045873,30,False
2021-06-24 13:00:00+00:00,5,EUR_GBP,SHORT,0.85821,0.8590145143657606,0.8572664569027185,0.8564774281711975,0.8552938850739161,1020984.46,5,OVERLAP,2.0,0.0007890287315209803,52.25197356924675,70.63827816870449,0.855605964375965,0.8553256383318367,20.64202391627301,False,0.00025185532523590694,50.50108703788857,28.440356240350127,0.46875000000015177,13,3,0.856778658206549,TP1+TP2+SL,2021-06-24 19:45:00+00:00,13.567143291238093,1385.1842466947346,405,True
2021-06-25 09:00:00+00:00,5,EUR_GBP,SHORT,0.85835,0.8589593354754368,0.8579919935736896,0.857593322622816,0.8569953161965056,1370753.12,5,LONDON,2.0,0.00039867095087358517,34.184309674706064,62.16397948053445,0.8575875660903045,0.8564704782980244,-1.3642703350369434,False,4.3084473377231385e-05,26.686507936504313,10.024339096954549,0.400000000000074,9,4,0.85835,TP1+SL,2021-06-25 09:45:00+00:00,1.4320257052413685,196.29537033798067,45,True
2021-07-01 10:15:00+00:00,5,EUR_GBP,SHORT,0.85999,0.860779938359353,0.8593901849219412,0.8588303082032352,0.8579904931251763,1059844.04,5,LONDON,2.0,0.0005598767187059294,59.21198294618533,72.4583017465016,0.8582452355149701,0.8583967967722936,8.944584360353058,False,0.00024359753794314242,74.0448278660982,19.84764485029933,0.24137931034486718,10,3,0.860779938359353,SL,2021-07-01 10:45:00+00:00,-7.899383593529263,-837.2114621275773,30,False
2021-07-05 10:45:00+00:00,5,EUR_GBP,LONG,0.8571,0.856669692675696,0.8573709219729121,0.8577115366215201,0.8582224585944322,1926156.72,5,LONDON,2.0,0.00034061464860807186,15.222563741537128,41.228811124176666,0.85743922482228,0.8584675313503187,-2.1195914682659023,False,5.509334747744448e-06,35.64758995793144,-5.7922482228001115,0.757575757576145,10,0,0.856669692675696,SL,2021-07-05 11:30:00+00:00,-4.303073243039356,-828.839344373245,45,False
2021-07-07 13:00:00+00:00,5,EUR_GBP,LONG,0.85493,0.8543129719558634,0.8554910841324097,0.8560251402206829,0.8568262243530927,1329843.85,5,OVERLAP,2.0,0.0005340560882731866,31.632013659590612,37.01778518545832,0.8559715118516978,0.8564520553745157,-10.291182781526631,False,-5.681649945399244e-05,52.69841269840976,-12.815118516978918,0.35416666666664737,13,2,0.8543129719558634,SL,2021-07-07 13:30:00+00:00,-6.170280441365472,-820.5509497725159,30,False
2021-07-08 08:45:00+00:00,5,EUR_GBP,SHORT,0.85729,0.8579498199932304,0.8567805400203088,0.856280900033848,0.8555314400541568,1231162.21,5,LONDON,2.0,0.0004996399864608076,65.91214164491838,66.4411014110726,0.855942902256594,0.8559642651449442,1.2787245926904056,False,7.807653654352814e-05,51.80180180180114,15.870977434060407,0.5076923076923576,8,3,0.8579498199932304,SL,2021-07-08 09:15:00+00:00,-6.5981999323039275,-812.3454410677153,30,False
2021-07-08 09:30:00+00:00,5,EUR_GBP,SHORT,0.85753,0.8582307669552213,0.8570176991343362,0.8565161652238936,0.8557638643582298,1147631.15,5,LONDON,2.0,0.0005015339104425579,60.112995940562485,68.68664066439513,0.8561421921250953,0.8560156756078747,2.7702366905435483,False,5.6836735708714e-05,67.1634047362242,16.278078749046852,0.11627906976744787,9,3,0.8582307669552213,SL,2021-07-08 09:45:00+00:00,-7.007669552212548,-804.221986702567,15,False
2021-07-08 13:30:00+00:00,5,EUR_GBP,SHORT,0.86039,0.8611730174029373,0.859690947791188,0.8590649129853135,0.8581258607765015,1016809.8,5,OVERLAP,2.0,0.0006260348058746055,69.7183226567719,66.80070946387514,0.8581158025373219,0.8566380889370045,12.55241650785166,False,-1.0729782554861093e-05,48.41955077847535,25.14197462678114,0.5348837209302085,13,3,0.8611730174029373,SL,2021-07-08 14:15:00+00:00,-7.830174029372916,-796.1797688771869,45,False
2021-07-08 16:45:00+00:00,5,EUR_GBP,LONG,0.86019,0.8595309642817356,0.860787107154793,0.8613451785913216,0.8621822857461148,1196017.07,5,OVERLAP,2.0,0.000558071436528683,31.524666944607684,50.671432086721026,0.8590209891328082,0.8570954228237426,1.472082783088302,False,-0.00026275375382785226,31.329983221323786,9.290108671917707,0.47999999999987564,16,3,0.8595309642817356,SL,2021-07-08 17:00:00+00:00,-6.590357182644223,-788.21796878396,15,False
2021-07-12 15:30:00+00:00,5,EUR_GBP,LONG,0.85453,0.8539106459612986,0.855158062116104,0.8557367701935066,0.8566048323096106,1259918.79,5,OVERLAP,2.0,0.0005787080774026488,22.674823758471494,41.697568664154055,0.8550579516306159,0.8561084272267606,-10.18043014643144,False,-0.00014274193764732816,56.930789924186456,-7.679516306159373,0.07407407407415022,15,0,0.8539106459612986,SL,2021-07-12 15:45:00+00:00,-6.193540387013917,-780.3357910222708,15,False
2021-07-12 16:15:00+00:00,5,EUR_GBP,LONG,0.8545,0.8538342945251359,0.855057116424592,0.85558852737432,0.856385643798912,1160471.8,5,OVERLAP,2.0,0.0005314109497279979,23.178409184587956,43.074672186480285,0.8549569073085793,0.8560508754530342,-9.984428650138266,False,-7.79907355370809e-05,43.25242233542976,-6.969073085792976,0.22727272727270434,16,0,0.8538342945251359,SL,2021-07-12 21:15:00+00:00,-6.657054748641088,-772.5324306854072,300,False
2021-07-16 15:00:00+00:00,5,EUR_GBP,SHORT,0.85617,0.8567700861503148,0.8553897415490558,0.8547095692484263,0.8536893107974822,1274495.52,5,OVERLAP,2.0,0.0006801723006294545,42.204657851647966,63.719043763609456,0.8545587700364597,0.8540428179766978,18.49159851420645,False,0.00022610384733554658,79.02410346854991,18.512299635402574,0.3076923076923296,15,4,0.8567700861503148,SL,2021-07-16 15:15:00+00:00,-6.000861503148157,-764.8071101902793,15,False
2021-07-16 15:15:00+00:00,5,EUR_GBP,SHORT,0.8563,0.8571532942824351,0.8555401171526946,0.8548735285878245,0.8538736457405192,887336.35,5,OVERLAP,2.0,0.0006665885648702071,45.340834953580256,64.57097354286967,0.8546364653291476,0.8540676655590193,19.370097702245957,False,0.00020972421161962682,70.1930501930507,19.03534670852358,0.24489795918369658,15,4,0.8571532942824351,SL,2021-07-16 15:45:00+00:00,-8.532942824351906,-757.1590340519112,30,False
2021-07-16 16:00:00+00:00,5,EUR_GBP,SHORT,0.85644,0.857246624467387,0.855730126597839,0.855096877663065,0.8541470042609041,929289.25,5,OVERLAP,2.0,0.0006332489347739966,52.77600014751412,63.67892621079339,0.8548803350861199,0.8541482918513964,19.578369400563567,False,0.00014751413028972894,67.98433048432891,17.996649138800613,0.14999999999988897,16,4,0.857246624467387,SL,2021-07-16 17:00:00+00:00,-8.066244673869958,-749.5874463297109,60,False
2021-07-19 10:30:00+00:00,5,EUR_GBP,SHORT,0.85851,0.8590919807677245,0.8577840576968265,0.8571400961613775,0.8561741538582041,1275113.57,5,LONDON,2.0,0.0006439615354489848,20.150295753354413,55.02696843909509,0.8580081116532046,0.8561795451252215,5.068242237752374,False,-2.90812628738606e-05,77.58757736899938,7.418883467954496,0.9529411764705421,10,0,0.8590919807677245,SL,2021-07-19 10:45:00+00:00,-5.8198076772453256,-742.0915744045695,15,False
2021-07-22 09:45:00+00:00,5,EUR_GBP,LONG,0.85797,0.8573884478561477,0.8586646564315572,0.859287760719262,0.8602224171508193,1263292.83,5,LONDON,2.0,0.0006231042877048175,33.41623773316492,35.443234188956566,0.8595404414881286,0.8612359557562319,-6.2195879418336375,False,1.7963096072185e-05,42.28975781821342,-18.10441488128589,0.8194444444444808,9,3,0.8573884478561477,SL,2021-07-22 10:00:00+00:00,-5.8155214385235965,-734.6706535998146,15,False
2021-07-23 15:30:00+00:00,5,EUR_GBP,LONG,0.8551300000000001,0.8545752649264835,0.8556842052205498,0.8562136753675829,0.8570078805881326,1311119.46,5,OVERLAP,2.0,0.0005294701470331321,31.493669338498332,39.68795352846533,0.8557790530193877,0.8574081403912245,-12.415428168974785,False,-6.816101484588002e-05,18.518518518517613,-8.890530193876867,0.583333333333282,15,4,0.8558918352478324,TP1+TP2+SL,2021-07-25 21:00:00+00:00,8.075192848194801,1058.754248652103,3210,True
2021-07-26 15:15:00+00:00,5,EUR_GBP,LONG,0.8546,0.8539890796533016,0.8551727610400952,0.8557146017334919,0.8565273627735871,1207868.58,5,OVERLAP,2.0,0.0005418406933967634,37.57175835977499,41.2015734462584,0.8552953207659084,0.8563122338491964,-7.2402406978233635,False,-1.8782564075277763e-07,34.06593406592662,-9.353207659084095,0.42307692307682454,15,0,0.8539890796533016,SL,2021-07-26 15:45:00+00:00,-6.10920346698407,-737.9114916597126,30,False
2021-07-30 16:15:00+00:00,5,EUR_GBP,SHORT,0.85272,0.8532532136017669,0.8520803591946997,0.8514939319911662,0.8506142911858658,1370055.78,5,OVERLAP,2.0,0.0005864272035335576,44.04015063332834,61.008837657690684,0.8519295958437607,0.8516901731647412,10.083326972892825,False,9.252698782819855e-05,33.71038469205012,10.304041562393396,0.8205128205130687,16,4,0.8532532136017669,SL,2021-07-30 17:00:00+00:00,-5.332136017668353,-730.532377075271,45,False
2021-08-02 15:15:00+00:00,5,EUR_GBP,LONG,0.85517,0.8544226360868254,0.8557320917395236,0.8562668195658727,0.8570689113053963,967704.01,5,OVERLAP,2.0,0.0005347278263490722,27.759021953353752,55.65926105332394,0.8543416469444524,0.8531331729219266,3.565650587727953,False,-5.340279717764806e-05,76.73733381243271,5.88353055547608,0.4871794871792609,15,0,0.8544226360868254,SL,2021-08-02 16:30:00+00:00,-7.473639131745368,-723.2270557082911,75,False
2021-08-05 15:45:00+00:00,5,EUR_GBP,LONG,0.8501,0.8495398308438608,0.8508205074684174,0.8514608457806957,0.8524213532491132,1278176.02,5,OVERLAP,2.0,0.0006403383122783066,25.177727659172103,41.061803845411234,0.8508531675573084,0.8518726541186192,-7.456249345758614,False,-5.2273295174418144e-05,77.18103467400262,-9.931675573084942,0.21276595744698443,15,3,0.8495398308438608,SL,2021-08-05 17:00:00+00:00,-5.601691561392118,-715.9947825207764,75,False
2021-08-18 16:15:00+00:00,5,EUR_GBP,LONG,0.8510300000000001,0.8504647612750879,0.8514357161747363,0.8518661936245605,0.8525119097992968,1254045.07,5,OVERLAP,2.0,0.00043047744982419007,16.428549535214888,39.26803473028574,0.8515744620468972,0.8516456030441092,-6.717858593086046,False,2.74131832719355e-06,35.92627673850151,-7.844620468971941,0.0937499999999241,16,2,0.8513322719008789,TP1+TP2+SL,2021-08-18 18:15:00+00:00,5.572182998944575,698.776861896426,120,True
2021-08-23 16:15:00+00:00,5,EUR_GBP,LONG,0.85562,0.854951662291006,0.8560350131269819,0.8564716885449699,0.8571267016719518,1071049.25,5,OVERLAP,2.0,0.00043667541798793845,50.6124595295921,33.76050544232346,0.8569645599861558,0.8567582745030927,-15.282274052577094,False,-4.745617486660858e-05,36.607438289985446,-15.84559986155809,0.4285714285715041,16,0,0.854951662291006,SL,2021-08-24 05:00:00+00:00,-6.683377089939935,-715.822601964735,765,False
2021-09-01 16:30:00+00:00,5,EUR_GBP,SHORT,0.85936,0.8598669542579698,0.8589791372260905,0.8585652287101508,0.8579443659362413,1397886.23,5,OVERLAP,2.0,0.0004139085159396805,44.54530370223041,60.185205154345354,0.8589924064055064,0.8583918484298235,6.241665035008337,False,4.079098464240409e-05,54.271708683480306,6.075935944935829,0.6315789473683903,16,2,0.8598669542579698,SL,2021-09-01 17:15:00+00:00,-5.069542579697606,-708.6643764557961,45,False
2021-09-02 15:45:00+00:00,5,EUR_GBP,LONG,0.85798,0.8574602046173618,0.8583393861479143,0.8587389769131906,0.8593383630611049,1349719.06,5,OVERLAP,2.0,0.00039959076527624034,41.214187012870134,35.08492853004067,0.8589165257839446,0.8589062209874725,-10.553477805458344,False,-9.45985823587838e-05,28.444444444447104,-11.765257839446708,0.7777777777778806,15,3,0.85798,TP1+SL,2021-09-02 18:45:00+00:00,1.437544591657236,194.02813349596886,180,True
2021-09-03 16:30:00+00:00,5,EUR_GBP,LONG,0.85726,0.856761776162937,0.8577046715111889,0.8581611191853148,0.8588457906965037,1412052.1,5,OVERLAP,2.0,0.000456447674125919,41.09484715637767,39.66734811014233,0.8580069946036998,0.8584504316597786,-11.193169782522938,False,-6.285515844974097e-05,58.96317829457208,-9.869946036997757,0.5555555555556241,16,4,0.856761776162937,SL,2021-09-03 17:00:00+00:00,-4.982238370629943,-703.518015394859,30,False
2021-09-06 16:00:00+00:00,5,EUR_GBP,SHORT,0.85782,0.858320132847249,0.8575496014582532,0.8572093357637552,0.8566989372220084,1392595.67,5,OVERLAP,2.0,0.0003402656944979061,17.694419602117474,57.77257854512171,0.8575046269289244,0.8577057162259474,6.148758848754099,False,9.268592189557313e-06,44.60196045102858,5.55373071075671,0.2,16,0,0.858320132847249,SL,2021-09-06 17:00:00+00:00,-5.0013284724892415,-696.4828375036232,60,False
2021-09-07 09:30:00+00:00,5,EUR_GBP,SHORT,0.8590599999999999,0.8595967910676982,0.8587096267969057,0.8583160446615095,0.8577256714584153,1284518.41,5,LONDON,2.0,0.0003935821353961818,41.667228746886515,66.890072185633,0.8582450653355972,0.8578930178455365,1.9997992975817613,False,8.453570014976754e-05,62.68798781647913,10.549346644027624,0.38461538461534084,9,1,0.8590599999999999,TP1+SL,2021-09-07 10:00:00+00:00,1.4014928123771142,180.0243318981079,30,True
2021-09-17 10:45:00+00:00,5,EUR_GBP,SHORT,0.85397,0.8544965436869012,0.8535003689392966,0.8530272815654943,0.8523176505047909,1312936.17,5,LONDON,2.0,0.0004730873738022699,34.106911041040455,58.99447526461552,0.8534111782282325,0.8532884720304643,2.5596319578613524,False,6.08269431944076e-05,40.94444444444435,7.988217717674884,0.14634146341477283,10,4,0.8532730122194739,TP1+TP2+SL,2021-09-17 13:45:00+00:00,7.043373541888442,924.7499881966346,180,True
2021-09-20 08:45:00+00:00,5,EUR_GBP,SHORT,0.8560599999999999,0.8567783866722336,0.8555548399832992,0.855058066638832,0.8543129066221312,975193.13,5,LONDON,2.0,0.0004967733444671723,41.93362085638224,62.992720324463754,0.8548609347799366,0.8538921771431085,-1.6467237033768178,False,8.503453765015877e-05,46.61246612465849,14.39065220063318,0.21621621621614323,8,0,0.8560599999999999,TP1+SL,2021-09-20 09:45:00+00:00,2.0206400668030255,197.0514311349052,60,True
2021-09-21 14:00:00+00:00,5,EUR_GBP,SHORT,0.85847,0.8591423469999722,0.8579229590000834,0.8573982650001389,0.8566112240002224,1044901.32,5,OVERLAP,2.0,0.0005246939999443928,38.167087874571216,58.233378125976365,0.8580655125789444,0.8567222512722886,7.147371180047379,False,6.15401403360528e-05,44.354562574900136,6.444874210556062,0.5614035087719469,14,1,0.8591423469999722,SL,2021-09-21 14:45:00+00:00,-6.723469999722065,-702.5362677689985,45,False
2021-09-23 12:15:00+00:00,5,EUR_GBP,LONG,0.85473,0.8541351444228709,0.8555545667313872,0.8562642778856453,0.8573288446170325,1169209.68,5,LONDON,2.0,0.0007097111542581288,57.070473345610644,28.843392333172105,0.8572738263186995,0.8580158009676149,-19.908434144583207,False,-0.0002751333776928274,22.749510763208576,-27.838263186995558,0.7068965517241446,12,3,0.85473,TP1+SL,2021-09-23 13:30:00+00:00,3.298266925548798,385.6365616575494,75,True
2021-09-23 15:45:00+00:00,5,EUR_GBP,LONG,0.85394,0.8532884051900466,0.8547247844298602,0.8554079740497671,0.8564327584796274,1073316.2,5,OVERLAP,2.0,0.0006831896199068361,30.271840834853098,34.06804221248076,0.8561056292661581,0.8575667945409858,-21.388518546349154,False,4.7018338969988054e-05,17.603250732745057,-24.056292661580603,0.7567567567568013,15,3,0.8551317412632563,TP1+TP2+SL,2021-09-23 21:00:00+00:00,11.39451644502154,1222.9919091608028,315,True
2021-09-27 13:30:00+00:00,5,EUR_GBP,LONG,0.85387,0.853147337531742,0.8545379874047743,0.8551433123412905,0.8560512997460649,984688.17,5,OVERLAP,2.0,0.0006053249365162094,18.3344293634675,39.96208139536295,0.8550506988303617,0.8561332210215155,-2.749345501624756,False,7.457742865355605e-05,33.30143540669672,-14.206988303616663,0.213114754098301,13,0,0.853147337531742,SL,2021-09-27 13:45:00+00:00,-7.226624682580284,-711.5971833966812,15,False
2021-10-01 15:45:00+00:00,5,EUR_GBP,LONG,0.85479,0.8541431938005754,0.8556804185982738,0.856434030997123,0.8575644495953967,1089168.93,5,OVERLAP,2.0,0.0007536123988491688,38.00026982679797,31.56333562810012,0.8574681024724324,0.8596522293319913,-22.1072475096562,False,-2.2381420653946058e-06,12.946428571431342,-29.181024724324043,0.016393442622876227,15,4,0.85479,TP1+SL,2021-10-03 21:00:00+00:00,3.561674393095071,387.9265087735758,3195,True
2021-10-04 15:15:00+00:00,5,EUR_GBP,LONG,0.85432,0.8534383482228748,0.8550449553313755,0.8556882588856258,0.8566532142170015,803447.01,5,OVERLAP,2.0,0.0006433035542503673,22.53054474842881,42.68924380299923,0.8551811631342602,0.857110571107241,-9.785284982800624,False,-2.2269321486293966e-05,60.47172492185174,-11.011631342602302,0.2142857142854877,15,0,0.8534383482228748,SL,2021-10-04 17:00:00+00:00,-8.816517771251808,-708.360484192413,105,False
2021-10-12 13:00:00+00:00,5,EUR_GBP,LONG,0.8481,0.8474616660977016,0.8486950017068955,0.8492516695114926,0.8500866712183881,1098605.09,5,OVERLAP,2.0,0.000556667804597052,39.742238518330915,35.397528773077426,0.849237483075281,0.8493341619031055,-11.29960397911467,False,-8.634106089933368e-05,57.36779560308714,-13.774830752810718,0.6444444444445432,13,1,0.849093158879562,TP1+TP2+SL,2021-10-12 14:45:00+00:00,8.973002632676641,985.7786364841959,105,True
2021-10-15 10:15:00+00:00,5,EUR_GBP,LONG,0.8455,0.844846994541706,0.845929016374882,0.84637502729147,0.847044043666352,1089017.94,5,LONDON,2.0,0.0004460109165879915,59.28131913467363,26.12466396899171,0.8469665910040072,0.8476614426863184,-2.75140360764925,False,-9.707740946677894e-05,38.168458781363164,-17.06591004007163,0.2380952380952255,10,4,0.844846994541706,SL,2021-10-15 10:45:00+00:00,-6.530054582940536,-711.1346590001461,30,False
2021-10-18 15:45:00+00:00,5,EUR_GBP,SHORT,0.84541,0.8461467309138472,0.8448798072584586,0.8443663454307643,0.8435961526892228,955604.42,5,OVERLAP,2.0,0.0005134618276942828,36.52398923201839,63.14332706574264,0.8443976801229387,0.8450050808431819,11.357729963490382,False,5.276480457630441e-05,59.52380952380995,12.523198770613142,0.23076923076931835,15,0,0.8461467309138472,SL,2021-10-18 16:30:00+00:00,-7.367309138471833,-704.0233176230076,45,False
2021-10-19 15:15:00+00:00,5,EUR_GBP,LONG,0.84346,0.8428142176883199,0.8440773469350401,0.8446489115584003,0.8455062584934404,1079284.88,5,OVERLAP,2.0,0.0005715646233601104,21.402382972290464,42.714028084417684,0.8442392855823349,0.8449170720017486,-6.124415246173687,False,9.611712850296218e-05,28.19835849164963,-10.192855823348834,0.5208333333334683,15,1,0.8428142176883199,SL,2021-10-19 15:30:00+00:00,-6.457823116801098,-696.9830847677898,15,False
2021-10-19 15:30:00+00:00,5,EUR_GBP,LONG,0.84289,0.8422796307105829,0.8435211078682516,0.844101846447086,0.8449729543153376,1130484.88,5,OVERLAP,2.0,0.0005807385788343827,23.909660932497783,37.3915141158373,0.8441769606575374,0.8448945140713829,-11.474072143625724,False,3.693561602433396e-05,13.601515896776375,-15.26960657537435,0.8285714285715554,15,1,0.84289,TP1+SL,2021-10-19 21:00:00+00:00,2.5244314730064055,285.38316108298693,330,True
2021-10-25 15:30:00+00:00,5,EUR_GBP,LONG,0.843,0.8424750151843778,0.8435249544468665,0.8440349240781109,0.8447998785249775,1319785.0,5,OVERLAP,2.0,0.000509969631244388,24.66052775047614,32.65155387291546,0.8444090258376901,0.8444997831654879,-14.028673102685074,False,6.485351636441024e-06,15.617081632263819,-16.4902583769011,0.7391304347825982,15,0,0.843,TP1+SL,2021-10-25 20:45:00+00:00,2.0998177874660406,277.13080186308684,315,True
2021-10-27 12:15:00+00:00,5,EUR_GBP,SHORT,0.84509,0.8456260165217151,0.8444719504348548,0.8438999173914247,0.8430418678262794,1297792.81,5,LONDON,2.0,0.0005720330434301446,40.834949671006214,64.9122633183132,0.8436925536166822,0.843141404337786,6.874492378683428,False,2.658654563802347e-05,41.03171314111814,16.37446383317864,0.24137931034486718,12,2,0.8456260165217151,SL,2021-10-27 12:45:00+00:00,-5.36016521715088,-695.6383879230502,30,False
2021-10-27 12:45:00+00:00,5,EUR_GBP,SHORT,0.84537,0.8460732489396421,0.8447602531810737,0.8441937553017896,0.8433440084828634,979286.24,5,LONDON,2.0,0.0005664978792841522,39.08881677378657,67.65065606012053,0.8438339643343538,0.8431887100116497,8.673468796568384,False,1.6027027488650083e-05,63.945365591750964,17.76035665646214,0.2586206896551328,12,2,0.8460732489396421,SL,2021-10-27 13:30:00+00:00,-7.032489396421315,-688.6820098861299,45,False
2021-10-28 09:45:00+00:00,5,EUR_GBP,LONG,0.84295,0.8424002033445487,0.8434593899663538,0.8439589832772564,0.8447083732436101,1240086.09,5,LONDON,2.0,0.0004995933109025504,33.78056991099761,35.773088390843384,0.8438603561019211,0.8437596291598952,-3.824145665718426,False,-6.594246081875077e-05,43.805540813146024,-11.503561019211572,0.5689655172414453,9,3,0.8434887856377729,TP1+TP2+SL,2021-10-28 11:30:00+00:00,7.151064249986793,886.7935305104907,105,True
2021-10-28 15:45:00+00:00,5,EUR_GBP,SHORT,0.8461799999999999,0.8469305089173524,0.8453384732479428,0.844617455413238,0.8435359286611808,920259.71,5,OVERLAP,2.0,0.000721017834704802,39.140635321463826,66.31966428159024,0.8446669889478265,0.8440114370697607,17.682607089897218,False,7.284656500978028e-05,41.568627450977615,17.53011052173403,0.6874999999999024,15,3,0.8469305089173524,SL,2021-10-28 16:45:00+00:00,-7.5050891735251035,-690.6631186352352,60,False
2021-10-29 16:45:00+00:00,5,EUR_GBP,LONG,0.84408,0.8435027110788236,0.8447018667635294,0.8452764446058824,0.8461383113694118,1184426.84,5,OVERLAP,2.0,0.0005745778423529208,55.511244127620074,37.620181647813105,0.8449799141656634,0.84508870811,-8.700151109964915,False,-2.6884689786982926e-05,54.62764763871197,-11.399141656633915,0.5,16,4,0.8448011577645026,TP1+TP2+SL,2021-11-01 01:30:00+00:00,8.715561006651829,1032.2944381935845,3405,True
2021-11-01 11:00:00+00:00,5,EUR_GBP,SHORT,0.84731,0.8480195038556606,0.8467114884330185,0.8461524807216974,0.8453139691547158,978260.27,5,LONDON,2.0,0.0005590077113210717,48.88911193362337,68.55821996600147,0.8457630396700062,0.8451717755785111,6.771478095196626,False,4.476067312652926e-05,77.44903558012611,17.86960329993814,0.23728813559323308,11,0,0.8464186778848228,TP1+TP2+SL,2021-11-01 13:45:00+00:00,8.806767611491129,861.5310861444567,165,True
2021-11-03 13:45:00+00:00,5,EUR_GBP,LONG,0.8482500000000001,0.8476641363281924,0.8488375910154231,0.8493893183590385,0.8502169093744616,1199416.83,5,OVERLAP,2.0,0.0005517273436153759,52.084598144661726,29.72749925973976,0.8496320912078333,0.8491759989580029,-16.18746456669151,False,-0.00017882227421894657,32.36242107209604,-16.220912078332983,0.5769230769230523,13,2,0.8476641363281924,SL,2021-11-03 14:00:00+00:00,-5.858636718076848,-702.6947480517338,15,False
2021-11-03 14:30:00+00:00,5,EUR_GBP,LONG,0.8479,0.847291178029533,0.848496465911401,0.8490541098523351,0.8498905757637361,1142645.69,5,OVERLAP,2.0,0.0005576439409340324,52.6244832878607,30.000770421773126,0.8494196097919381,0.8491339523974197,-16.72437953452399,False,-0.00012224565718682622,25.627705627706295,-17.596097919381215,0.4561403508772921,14,2,0.847291178029533,SL,2021-11-03 14:45:00+00:00,-6.088219704669662,-695.6678005313862,15,False
2021-11-03 15:30:00+00:00,5,EUR_GBP,LONG,0.84806,0.8474725338583271,0.8486223984250189,0.8491573307083649,0.8499597291333837,1172341.81,5,OVERLAP,2.0,0.0005349322833459259,46.99831658368427,35.02421467093674,0.8491649003966291,0.8490774773360673,-13.307991977944411,False,-1.772035940337288e-05,56.06230389959737,-13.449003966290451,0.20689655172441515,15,2,0.8474725338583271,SL,2021-11-03 17:00:00+00:00,-5.874661416729321,-688.7111198425616,90,False
2021-11-04 09:15:00+00:00,5,EUR_GBP,LONG,0.84746,0.8470239043979247,0.8478082868062257,0.8482004780103761,0.8487887648166018,1563473.71,5,LONDON,2.0,0.00039219120415045887,47.532723566337815,38.72619766845326,0.8480170101541777,0.8485801293361476,2.1798963746999522,False,-4.97874811326799e-05,61.551922634118434,-7.9701015417776855,0.4838709677418315,9,3,0.84746,TP1+SL,2021-11-04 10:15:00+00:00,1.393147224902691,217.8149060294815,60,True
2021-11-04 10:45:00+00:00,5,EUR_GBP,LONG,0.84706,0.8466048837382599,0.8474653487852202,0.8478955813087002,0.8485409300939205,1502917.42,5,LONDON,2.0,0.0004302325234801094,33.33962057167282,35.32660194708858,0.8478762802461479,0.8485099144510168,-3.5340672725558964,False,3.906897054332427e-06,16.666666666666686,-10.562802461479004,0.25,10,3,0.84706,TP1+SL,2021-11-04 11:45:00+00:00,1.621395140880555,243.68230019327402,60,True
2021-11-12 11:00:00+00:00,5,EUR_GBP,LONG,0.8546,0.8539791700061332,0.8550224899816001,0.8554641499693335,0.8561266399509336,1105679.47,5,LONDON,2.0,0.0004416599877334096,43.20551501933745,34.13341317895781,0.8554298446099773,0.8556438402286091,-2.6858587619815744,False,-1.6593177941371675e-05,61.13010910275151,-10.698446099772774,0.03571428571411578,11,4,0.8546,TP1+SL,2021-11-12 12:00:00+00:00,1.6899599264004195,186.8553995743655,60,True
2021-11-18 16:15:00+00:00,5,EUR_GBP,SHORT,0.84199,0.8426450038372888,0.8414349884881336,0.840904980813556,0.8401099693016896,1050845.04,5,OVERLAP,2.0,0.0005300076745776258,51.608075065751535,67.78700833872702,0.8407014396604112,0.8417140969617696,13.954254822151624,False,4.5880007272985695e-06,57.301195489089785,15.285603395888137,0.22500000000004858,16,3,0.8408939881166985,TP1+TP2+SL,2021-11-19 07:30:00+00:00,8.752146559844798,919.714980176597,915,True
2021-11-23 09:45:00+00:00,5,EUR_GBP,SHORT,0.8413499999999999,0.8420796333244481,0.8408411000266555,0.8403418333777591,0.8395929334044147,955966.05,5,LONDON,2.0,0.0004992666488963322,57.31839592259754,73.6699171482589,0.8397473714635546,0.8397238624543916,2.967146251442454,False,0.00015874849007976703,47.33640732472054,18.426285364453452,0.4791666666666426,9,1,0.8420796333244481,SL,2021-11-23 10:00:00+00:00,-7.296333244481978,-697.5046871211122,15,False
2021-11-23 10:00:00+00:00,5,EUR_GBP,SHORT,0.8417,0.842447159515559,0.841168521453323,0.840654202422205,0.839882723875528,924206.44,5,LONDON,2.0,0.000514319031118022,55.19414008115035,76.49101594352011,0.8398333568963564,0.8397459135742484,6.085106024404929,False,0.000148366293178158,50.90390647276556,21.06643103643613,0.4929577464789834,10,1,0.842447159515559,SL,2021-11-23 11:00:00+00:00,-7.471595155590371,-690.5296359869423,60,False
2021-11-24 10:30:00+00:00,5,EUR_GBP,LONG,0.83938,0.8387646886848215,0.8398759339455357,0.840366556575893,0.8411024905214287,1111021.89,5,LONDON,2.0,0.0004906226303571779,34.47714538132003,39.0395890714244,0.840182988881054,0.8403070204370922,-5.674680883960281,False,-0.00012608543379602626,24.963369963367416,-10.4298888105403,0.3103448275863125,10,2,0.8387646886848215,SL,2021-11-24 11:45:00+00:00,-6.153113151785571,-683.6243403280662,75,False
2021-12-13 10:30:00+00:00,5,EUR_GBP,LONG,0.85073,0.8500855148262184,0.8512234555213448,0.851712425868908,0.8524458813902528,1050122.06,5,LONDON,2.0,0.0004889703475632178,52.83021750465748,25.09302153833353,0.852432465274602,0.853620147485246,-12.036423999444157,False,-0.00022971637695077868,14.093156809340243,-19.424652746020676,0.4489795918367393,10,0,0.8500855148262184,SL,2021-12-13 11:15:00+00:00,-6.444851737815726,-676.7880983309631,45,False
2021-12-14 10:30:00+00:00,5,EUR_GBP,SHORT,0.85456,0.8550650034534731,0.8540649896395806,0.8535749827326342,0.8528399723722148,1326763.63,5,LONDON,2.0,0.0004900069069463125,32.6386263174316,59.7738150134551,0.8540139894996119,0.8536511763668938,5.470776222016305,False,0.00012202704186083895,62.72430184195381,7.86010500388068,0.6730769230767506,10,1,0.85456,TP1+SL,2021-12-14 12:00:00+00:00,1.9800414416777374,262.70469707107884,90,True
2021-12-20 11:00:00+00:00,5,EUR_GBP,SHORT,0.85382,0.8544326823084457,0.8531519530746627,0.8525465884577712,0.8516385415324339,1097872.84,5,LONDON,2.0,0.0006053646168915485,66.21012764305182,68.30809042807391,0.8517334000781756,0.8508439456933249,5.980475753288861,False,1.6328684328569746e-05,45.350313548844134,23.265999218244904,0.6842105263159048,11,0,0.8516385415324339,TP3,2021-12-20 13:15:00+00:00,12.128750805396658,1331.5826092373118,135,True
2021-12-22 09:00:00+00:00,5,EUR_GBP,LONG,0.84971,0.8492441136334885,0.8501176590995343,0.8505494318325573,0.8511970909320916,1472382.84,5,LONDON,2.0,0.00043177273302293063,37.242529438765644,39.4440781637045,0.8503133609317972,0.8513234978366542,1.3258845907471173,False,-7.971203713751812e-05,70.50462548584694,-8.433609317972657,0.11111111111121391,9,2,0.8492441136334885,SL,2021-12-22 09:15:00+00:00,-4.658863665114587,-685.9630914414225,15,False
2021-12-23 09:30:00+00:00,5,EUR_GBP,LONG,0.84531,0.8448348354223474,0.8456854937329579,0.8460958228882632,0.8467113166212211,1429196.31,5,LONDON,2.0,0.00041032915530529057,75.19459027951712,12.424493430556808,0.8481227879303255,0.8495229584545585,-8.506842777605828,False,-0.00035970123301470977,7.565002366866025,-30.527879303254846,0.8541666666666474,9,3,0.8448348354223474,SL,2021-12-23 09:45:00+00:00,-4.751645776526203,-679.1034610238335,15,False
2021-12-27 16:15:00+00:00,5,EUR_GBP,LONG,0.8434,0.8427833803446253,0.843929858966124,0.8444430982768734,0.8452129572429974,1090319.48,5,OVERLAP,2.0,0.0005132393107493355,25.83500907805414,44.11163819441817,0.8438001762429643,0.8447540472295252,-5.621140319203022,False,5.1168849414572786e-05,32.99632409724183,-6.401762429643076,0.6216216216215243,16,0,0.8427833803446253,SL,2021-12-27 17:15:00+00:00,-6.166196553747393,-672.312422005965,60,False
2022-01-04 11:15:00+00:00,5,EUR_GBP,LONG,0.8367100000000001,0.8360547581774712,0.8372957254675866,0.8378462091126443,0.8386719345802309,1015791.85,5,LONDON,2.0,0.0005504836450577063,41.86997236919342,33.857998662731674,0.8378553138714276,0.8389567444819583,-3.5539670286588443,False,-6.6763895750775485e-06,52.54775049178539,-13.853138714275959,0.6551724137929649,11,1,0.8360547581774712,SL,2022-01-04 11:30:00+00:00,-6.5524182252885135,-665.5893031039536,15,False
2022-01-10 09:30:00+00:00,5,EUR_GBP,LONG,0.83381,0.8332812313674123,0.834106305897763,0.8344638431629383,0.8350001490607013,1246165.84,5,LONDON,2.0,0.0003575372651753297,35.20254126839778,29.215704853240567,0.8344941499441048,0.8349721395415801,-3.134787183093346,False,-2.2140994415537356e-06,28.04388422035449,-9.24149944104724,0.24489795918369658,9,0,0.83381,TP1+SL,2022-01-10 11:30:00+00:00,1.1852235910518871,147.69851519309915,120,True
2022-01-10 14:00:00+00:00,5,EUR_GBP,LONG,0.8336100000000001,0.833069717983113,0.8340308460506609,0.8344714100844349,0.8351322561350958,1222343.84,5,OVERLAP,2.0,0.00044056403377392897,25.167411173983837,39.49111977313048,0.8340966399449045,0.8347670132178213,-4.223287582032498,False,-8.917597637406058e-06,18.33497294638837,-7.266399449044059,0.21951219512175307,14,0,0.8351322561350958,TP3,2022-01-10 15:30:00+00:00,8.173536810574198,999.087237141862,90,True
2022-01-20 16:00:00+00:00,5,EUR_GBP,LONG,0.8312,0.8304831084548132,0.8318206746355604,0.8323944577259341,0.8332551323614945,935150.19,5,OVERLAP,2.0,0.0005737830903736271,50.27376486453609,35.53301105067263,0.8324895145966935,0.8332000390928462,-15.044569802581398,False,-0.00017814911703608824,24.360739551753856,-15.29514596693482,0.0,16,3,0.8332551323614945,TP3,2022-01-21 02:45:00+00:00,11.370794168966691,1063.3400327560094,645,True
2022-01-21 08:45:00+00:00,5,EUR_GBP,SHORT,0.83519,0.8358203905028389,0.8347688284914836,0.834328047485806,0.8336668759772896,1080337.76,5,LONDON,2.0,0.00044078100567758715,68.14528014793923,71.21671068608762,0.8332351637913337,0.8329129046101443,-1.1161483821475748,False,0.00017738215706234318,76.57225422644193,21.948362086663398,0.05714285714292058,8,4,0.8358203905028389,SL,2022-01-21 09:00:00+00:00,-6.303905028388622,-681.0346637622101,15,False
2022-01-21 09:00:00+00:00,5,EUR_GBP,SHORT,0.83554,0.8361889340383504,0.8350931978849491,0.8346353298082484,0.8339485276931975,1038972.04,5,LONDON,2.0,0.00045786807670061765,69.00544830024938,73.69342829751012,0.8333349612897127,0.8329414329224812,2.1603952781179547,False,0.00016885339446910718,69.86523994959407,24.450387102872284,0.5294117647057479,9,4,0.8361889340383504,SL,2022-01-21 13:00:00+00:00,-6.4893403835042385,-674.2243216503781,240,False
2022-01-24 11:30:00+00:00,5,EUR_GBP,SHORT,0.83777,0.8385279893715707,0.8372060318852881,0.8366700531421468,0.8358660850274349,880595.56,5,LONDON,2.0,0.0005359787431412864,43.19873808626694,63.38113153461652,0.8366587469254534,0.8352330845251303,8.110972894418422,False,0.00013104004364216878,33.851200293201124,13.512530745466433,0.2941176470587851,11,0,0.8385279893715707,SL,2022-01-24 13:30:00+00:00,-7.579893715706776,-667.482075132329,120,False
2022-01-25 10:00:00+00:00,5,EUR_GBP,LONG,0.8375900000000001,0.8368291215419973,0.8381326353740083,0.8386543922900138,0.8394370276640221,868479.38,5,LONDON,2.0,0.0005217569160055099,51.87794836877056,36.467970414506624,0.8387928592362546,0.8376223034563018,-5.060873588697001,False,-0.00015473183462449768,28.567977915805802,-14.428592362545345,0.3461538461540022,10,1,0.8375900000000001,TP1+SL,2022-01-25 10:45:00+00:00,2.1705414960329077,188.5070532738932,45,True
2022-01-26 16:00:00+00:00,5,EUR_GBP,LONG,0.83509,0.834359517717922,0.8357214468462338,0.8363024114103896,0.8371738582566235,907198.36,5,OVERLAP,2.0,0.0005809645641558818,39.54939477840181,43.26165269703123,0.8356442307473484,0.8365740769255282,-5.390616165885653,False,2.9537097233946953e-05,9.693532818533415,-7.942307473484123,0.15789473684217703,16,2,0.83509,TP1+SL,2022-01-26 19:00:00+00:00,2.525787384935363,229.13901733220501,180,True
2022-02-03 11:30:00+00:00,5,EUR_GBP,LONG,0.83225,0.8317513818942017,0.832695854317395,0.8331530905289917,0.8338389448463867,1333653.37,5,LONDON,2.0,0.00045723621159665185,22.3135287666673,39.31880284130155,0.8329108576797419,0.8333122130909092,-7.066763144750743,False,-9.408567032067212e-05,25.170068027210192,-9.008576797419066,0.0638297872339923,11,3,0.8317513818942017,SL,2022-02-03 11:45:00+00:00,-4.986181057983208,-664.9837171409471,15,False
2022-02-17 10:15:00+00:00,5,EUR_GBP,LONG,0.83536,0.8348264327494878,0.835880701751537,0.8363878362525616,0.8371485380040985,1233834.87,5,LONDON,2.0,0.000507134501024642,31.385537651390756,37.020482426093736,0.836440398127484,0.8374069150175287,-8.060827966610562,False,-0.00010498703419975811,37.46984315771869,-13.203981274840793,0.2820512820514207,10,3,0.8348264327494878,SL,2022-02-17 11:30:00+00:00,-5.3356725051223455,-658.3338791720205,75,False
2022-03-02 10:30:00+00:00,5,EUR_GBP,LONG,0.83311,0.8324136293982565,0.8339091118052304,0.8346018530087174,0.8356409648139479,935924.83,5,LONDON,2.0,0.0006927412034869625,35.281644704044744,36.860643917239535,0.8343168030908834,0.8348730225660849,-5.812463618553032,False,-0.0001571769009063108,50.31446540880251,-14.468030908834084,0.6716417910446426,10,2,0.8324136293982565,SL,2022-03-02 11:45:00+00:00,-6.963706017435456,-651.7505370538256,75,False
2022-03-07 16:15:00+00:00,5,EUR_GBP,SHORT,0.82771,0.8285162495493466,0.8264912513519604,0.8255187522532674,0.8240600036052279,800289.48,5,OVERLAP,2.0,0.0009724990986930153,42.06797500905994,65.74630324697213,0.8254328229308885,0.8260595738819296,21.378291211403553,False,1.8828730923662555e-05,71.48264616817958,25.17177069111476,0.3186813186813053,16,0,0.8285162495493466,SL,2022-03-07 16:45:00+00:00,-8.062495493466049,-645.2330325968287,30,False
2022-03-15 16:30:00+00:00,5,EUR_GBP,LONG,0.83965,0.8388485034205839,0.8405844897382483,0.8413674828970805,0.8425419726353288,796984.94,5,OVERLAP,2.0,0.0007829931588322137,40.802447232768394,37.36835215385072,0.8412351086554639,0.8405422314105335,-24.578635173841956,False,-5.728322529718714e-05,40.096263536500956,-18.25108655463925,0.38297872340419,16,1,0.8388485034205839,SL,2022-03-15 16:45:00+00:00,-8.014965794160833,-638.7807032561324,15,False
2022-03-18 14:30:00+00:00,5,EUR_GBP,LONG,0.83908,0.8383645668672041,0.839756299398388,0.84036716566398,0.841283465062368,883930.12,5,OVERLAP,2.0,0.0006108662655919815,52.64942741809521,28.330658498057616,0.840946624122576,0.8412214462816346,-15.538194140153339,False,-4.0704939100377454e-05,17.267267267271194,-21.066241225760063,0.16666666666671073,14,4,0.8383645668672041,SL,2022-03-18 15:45:00+00:00,-7.154331327959839,-632.39289492433,75,False
2022-03-21 10:00:00+00:00,5,EUR_GBP,SHORT,0.84058,0.8412690340891112,0.8401328977326662,0.8396748295544436,0.8389877272871098,908618.28,5,LONDON,2.0,0.0004580681782225524,59.61679084861877,64.18745202035784,0.839698530417752,0.8401501174186419,2.569305837412106,False,9.617490263479197e-05,47.47760688978732,11.214695822480136,0.1935483870969475,10,0,0.8400684178385962,TP1+TP2+SL,2022-03-21 12:00:00+00:00,6.4322551743682945,584.446463305562,120,True
2022-03-30 16:15:00+00:00,5,EUR_GBP,SHORT,0.84816,0.848837316125071,0.8473280516247872,0.8466134193746452,0.8455414709994323,932966.76,5,OVERLAP,2.0,0.000714632250141924,40.31829566281801,59.704712420040096,0.8472390115109271,0.8440467237554101,12.366587486296599,False,0.0002182837160163661,66.96687019448188,11.609884890729782,0.23076923076931835,16,2,0.848837316125071,SL,2022-03-30 16:45:00+00:00,-6.773161250709369,-631.9134307031868,30,False
2022-04-01 12:00:00+00:00,5,EUR_GBP,LONG,0.84166,0.8408536009843174,0.8424291970470479,0.8431019950784132,0.8441111921254612,775787.53,5,LONDON,2.0,0.000672798031365305,32.33403210280078,44.4538303485201,0.8423573017464615,0.8441684348743005,-6.063724161341488,False,-7.547682090221593e-05,29.07996531946073,-9.373017464615607,0.10204081632652136,12,4,0.8423837006095725,TP1+TP2+SL,2022-04-01 14:15:00+00:00,10.292169720989675,798.4536926187369,135,True
2022-04-04 08:45:00+00:00,5,EUR_GBP,LONG,0.84064,0.8399865950472496,0.8410702148582513,0.8415170247637522,0.8421872396220035,969657.23,5,LONDON,2.0,0.00044680990550085854,53.38245670052801,34.37715953983741,0.8417218712545439,0.842993598924416,-1.5238039974208029,False,-2.131008179069295e-05,69.42355889724469,-13.218712545438605,0.7380952380952255,8,0,0.8399865950472496,SL,2022-04-04 09:15:00+00:00,-6.534049527504582,-633.5788365522901,30,False
2022-04-11 08:45:00+00:00,5,EUR_GBP,SHORT,0.83688,0.8376253231059487,0.8363540306821536,0.8358433844702562,0.8350774151524099,841571.99,5,LONDON,2.0,0.0005106462118975332,32.14628157170992,55.00577664691765,0.8362525404184037,0.8346847536829783,-3.0393981077270205,False,-1.1299793812497168e-05,46.37426900584327,8.67459581596286,0.29850746268655726,8,0,0.83688,TP1+SL,2022-04-11 11:15:00+00:00,2.1038772713852794,177.05641819954798,150,True
2022-04-12 16:15:00+00:00,5,EUR_GBP,LONG,0.83294,0.8323591019067286,0.8336326942798142,0.8342544904663571,0.8351871847461714,1082829.53,5,OVERLAP,2.0,0.0006217961865428378,29.496205591842596,35.938744890088046,0.8343784870625208,0.8348718322210867,-17.299236977745824,False,-0.0001314535955746559,23.34656208319198,-16.78487062520828,0.31707317073160163,16,1,0.8323591019067286,SL,2022-04-12 16:30:00+00:00,-5.808980932714425,-629.0136093150122,15,False
2022-04-21 16:15:00+00:00,5,EUR_GBP,LONG,0.83158,0.8308103670750824,0.8322088987747527,0.8327881646245878,0.8336570633993405,809117.51,5,OVERLAP,2.0,0.0005792658498351349,46.361403348274905,31.524704529752483,0.83278000090241,0.8312972068386526,-26.17668156231212,False,-0.00024185173100796668,18.719128304567338,-14.400009024100324,0.6206896551722422,16,3,0.83158,TP1+SL,2022-04-21 19:15:00+00:00,2.5155950990107807,203.54120426798067,180,True
2022-04-25 09:45:00+00:00,5,EUR_GBP,SHORT,0.8428599999999999,0.8437104321486227,0.8420487035541319,0.8413478392568865,0.8402965428110184,734636.96,5,LONDON,2.0,0.0007008642972453986,29.353397400561054,60.369131811807634,0.8418629517353866,0.8379547027800139,2.8630768277637664,False,0.00017219379130839927,74.053613567525,12.370482646133496,0.5806451612904843,9,0,0.8437104321486227,SL,2022-04-25 10:15:00+00:00,-8.504321486227928,-624.7588883505167,30,False
2022-04-25 10:15:00+00:00,5,EUR_GBP,SHORT,0.84324,0.844126290985292,0.842441127044124,0.8417485450735399,0.8407096721176639,697864.82,5,LONDON,2.0,0.0006925819705840393,34.84142378450044,63.62796509151147,0.8419887993528118,0.8380645059476581,5.55861820740855,False,0.00015130939764365365,70.20246052504064,14.912006471882178,0.060606060606121774,10,0,0.84324,TP1+SL,2022-04-25 11:45:00+00:00,3.1954918235039824,223.00213262210784,90,True
2022-04-29 15:45:00+00:00,5,EUR_GBP,LONG,0.83907,0.8382571451039164,0.840098564688251,0.8409442744804183,0.8422128391686694,763655.75,5,OVERLAP,2.0,0.0008457097921673497,24.471498532090884,40.48016084262461,0.840449384426415,0.8416153476539271,-12.439198225451253,False,3.529516993585366e-05,17.03424391214124,-16.193844264150712,0.25581395348821595,15,4,0.8382571451039164,SL,2022-04-29 18:15:00+00:00,-8.128548960836257,-620.7413153099133,150,False
2022-05-02 10:30:00+00:00,5,EUR_GBP,LONG,0.8375,0.8367689477894166,0.8381031566317502,0.838665261052917,0.8395084176846672,840615.62,5,LONDON,2.0,0.0005621044211668074,17.823386229270973,43.10049657068084,0.8379509389073367,0.8397263485611376,0.45566383964912305,False,-7.244114122807786e-05,48.412996531095594,-6.909389073367356,0.39583333333335263,10,0,0.8380520123777592,TP1+TP2+SL,2022-05-02 13:00:00+00:00,8.17769549418701,687.4298568017219,150,True
2022-05-03 09:15:00+00:00,5,EUR_GBP,LONG,0.8378800000000001,0.8371638744142312,0.8386483767573065,0.8393206279288441,0.8403290046861506,867736.35,5,LONDON,2.0,0.0006722511715376163,39.73754811976215,37.476533327871586,0.839302100461243,0.8397257464460629,-3.208285085478657,False,-0.00012105456582348539,24.789818233556584,-16.621004612429324,0.35897435897428964,9,1,0.8403290046861506,TP3,2022-05-03 10:15:00+00:00,13.73402811690294,1191.751542895873,60,True
2022-05-04 15:00:00+00:00,5,EUR_GBP,SHORT,0.8436899999999999,0.8443137758299402,0.8429286725101793,0.8422611208502988,0.8412597933604782,1015309.81,5,OVERLAP,2.0,0.0006675516598804398,46.080470199503075,64.29778063200139,0.8422615524815176,0.8413202273815179,17.507971917654075,False,0.00019359860976518627,49.76384714469611,16.684475184823853,0.625,15,2,0.8443137758299402,SL,2022-05-04 15:15:00+00:00,-6.2377582994022065,-633.3257193791978,15,False
2022-05-12 13:45:00+00:00,5,EUR_GBP,LONG,0.85218,0.8510532402307011,0.8534902793078969,0.8545237988464949,0.8560740781543917,556456.2,5,OVERLAP,2.0,0.0010335195385979322,61.648789302383214,28.73143595263008,0.8559068161692446,0.8562542043389665,-23.780562384222435,False,-2.8423267840243767e-05,41.2663139329805,-39.668161692445466,0.4111111111111358,13,3,0.8510532402307011,SL,2022-05-12 15:30:00+00:00,-11.267597692989904,-626.9924595369929,105,False
2022-05-18 09:15:00+00:00,5,EUR_GBP,SHORT,0.84839,0.8494372266150417,0.8474083201548747,0.8465938669247911,0.8453721870796658,592729.91,5,LONDON,2.0,0.0008144532300835536,68.38864924712949,68.59211635957634,0.8456360680806988,0.8462888802013636,3.4913388837187753,False,0.00028532707167648835,67.38224618965786,29.939319193011958,0.4936708860759778,9,2,0.84839,TP1+SL,2022-05-18 11:00:00+00:00,3.9267193805012646,232.74840249997706,105,True
2022-05-20 15:15:00+00:00,5,EUR_GBP,LONG,0.8462500000000001,0.8455743284407362,0.8471670146777917,0.8479383577963194,0.849095372474111,922119.65,5,OVERLAP,2.0,0.0007713431185277526,34.70936845656301,41.692725698934815,0.8474087971369406,0.8475481050533238,-11.348244928746087,False,1.1224102579884528e-05,68.42181016058326,-13.987971369405772,0.9411764705882545,15,4,0.8455743284407362,SL,2022-05-20 15:30:00+00:00,-6.7567155926384626,-623.0500217433322,15,False
2022-05-20 16:45:00+00:00,5,EUR_GBP,LONG,0.84597,0.8450905947892009,0.8467782156323971,0.8474770260539952,0.8485252416863923,701405.35,5,OVERLAP,2.0,0.0006988104215980773,31.7563036486805,42.96465318926896,0.8469922222664562,0.8474260851631198,-11.60838116045837,False,-2.153112073025932e-05,55.190323773767716,-12.622222664562255,0.1521739130435045,16,4,0.8450905947892009,SL,2022-05-20 19:45:00+00:00,-8.794052107991002,-616.8195196723666,180,False
2022-05-23 10:15:00+00:00,5,EUR_GBP,SHORT,0.84859,0.8494179483315879,0.8477561550052363,0.8470402583420605,0.8459664133472969,737547.63,5,LONDON,2.0,0.0007158966631757713,70.27853104554107,78.82101361250864,0.8457087263735881,0.8463696896313121,16.50682439774398,False,0.00046796618311704843,80.01206718328744,31.212736264119023,0.3170731707318724,10,0,0.84859,TP1+SL,2022-05-23 11:00:00+00:00,3.335379979054754,246.00015987012833,45,True
2022-05-23 14:30:00+00:00,5,EUR_GBP,SHORT,0.84805,0.8490474095368402,0.8470677713894792,0.8462529523157986,0.8450307237052778,614703.7,5,OVERLAP,2.0,0.000814819073680558,19.90596075107021,58.76206986739991,0.8467114174865163,0.8465848050886706,7.99565341193742,False,-8.653092766903179e-05,66.78948007536077,15.785825134836395,0.14516129032264707,14,0,0.8490474095368402,SL,2022-05-23 14:45:00+00:00,-9.974095368402436,-613.111332710984,15,False
2022-05-25 16:45:00+00:00,5,EUR_GBP,LONG,0.85036,0.8496380503502432,0.8512358489492705,0.8519797482487842,0.8530955971980548,840751.45,5,OVERLAP,2.0,0.0007438992995137042,42.53884325385864,34.892130735769214,0.8523298701947143,0.8524225432001821,-21.219853988599933,False,-0.00010323664403314662,48.97203380483168,-22.098701947143027,0.3076923076924227,16,2,0.8496380503502432,SL,2022-05-25 18:00:00+00:00,-7.219496497568033,-606.9802148600246,75,False
2022-05-27 13:00:00+00:00,5,EUR_GBP,LONG,0.8485,0.8478954610572345,0.8491736168282966,0.8497826947138276,0.8506963115421242,993997.86,5,OVERLAP,2.0,0.0006090778855310529,35.18944731348583,33.348901051933964,0.8499829307355479,0.8506742113732008,-13.566391649775245,False,-0.000132012909113675,28.746309571057335,-17.22930735547856,0.8235294117646419,13,4,0.8490763097346684,TP1+TP2+SL,2022-05-27 14:15:00+00:00,8.977865637833427,892.3979231373961,75,True
2022-05-30 09:15:00+00:00,5,EUR_GBP,SHORT,0.85156,0.8521868322222126,0.8509395033333623,0.8503658388889372,0.8495053422222996,972882.97,5,LONDON,2.0,0.0005736644444251187,29.078619213232763,59.89127763337573,0.8505446553952141,0.8503572583082134,2.152019513655956,False,3.783981440993751e-05,77.62557077625651,12.553446047859351,0.5294117647057479,9,0,0.85156,TP1+SL,2022-05-30 10:30:00+00:00,2.4819866665506396,241.4682559654186,75,True
2022-06-02 16:45:00+00:00,5,EUR_GBP,SHORT,0.85373,0.8544162359330341,0.8531412922008978,0.8525888203348296,0.8517601125357275,892184.52,5,OVERLAP,2.0,0.0005524718660681366,40.057776600271644,56.650807216894826,0.8532742142445894,0.8525517045429457,9.525330199765536,False,4.9506799087311345e-06,12.598328416910002,6.957857554106273,0.4499999999999445,16,3,0.8544162359330341,SL,2022-06-02 18:30:00+00:00,-6.862359330340739,-612.2490765207574,105,False
2022-06-06 09:00:00+00:00,5,EUR_GBP,LONG,0.85528,0.8545635867259176,0.8560192398222475,0.8566720663704125,0.8576513061926601,846057.17,5,LONDON,2.0,0.0006528265481650053,52.41391488360327,32.97531530831195,0.8570584334405853,0.8558005040443052,0.09371444648409444,False,-0.00022087526177301802,30.89837602544806,-20.184334405852766,0.0,9,0,0.8545635867259176,SL,2022-06-06 10:30:00+00:00,-7.164132740824502,-606.1265872206322,90,False
2022-06-08 12:00:00+00:00,5,EUR_GBP,SHORT,0.85548,0.85634687222486,0.8546793833254203,0.8539856388757003,0.8529450222011206,692218.88,5,LONDON,2.0,0.00069374444971987,70.90866091141456,78.63564119862527,0.8523701371795338,0.8526518900795044,17.607369212295776,False,0.0001043513575208579,62.26150540992152,33.49862820466232,0.5362318840579687,12,2,0.85634687222486,SL,2022-06-08 12:15:00+00:00,-8.668722248599268,-600.0653205956468,15,False
2022-06-10 08:15:00+00:00,5,EUR_GBP,LONG,0.85036,0.8496686492540393,0.8509940522378824,0.851576753729804,0.8524508059676864,859281.15,5,LONDON,2.0,0.0005827014919216112,41.53841932854362,42.55946173495454,0.8508591579708703,0.8522899618020824,-9.12240638538897,False,-3.111289250275754e-06,29.40643153130704,-7.391579708703189,0.8604651162791779,8,4,0.85036,TP1+SL,2022-06-10 08:45:00+00:00,2.536208951529506,217.93165445105683,30,True
2022-06-10 16:30:00+00:00,5,EUR_GBP,SHORT,0.85352,0.8544023919764131,0.8525828240707609,0.8517980401179349,0.8506208641886959,675713.29,5,OVERLAP,2.0,0.0007847839528260328,56.72617563455568,66.92973940488048,0.8515475153866874,0.8520608901823155,25.43754986985114,False,0.00023910591451450523,64.31709896531531,22.124846133125818,0.27500000000009023,16,4,0.8544023919764131,SL,2022-06-10 17:00:00+00:00,-8.82391976413155,-596.2439854517354,30,False
2022-06-16 16:30:00+00:00,5,EUR_GBP,LONG,0.8524200000000001,0.8508393787089643,0.8547318638731068,0.856433106455178,0.8589849703282847,373449.06,5,OVERLAP,2.0,0.0017012425820711716,17.09128179221539,39.732520801498296,0.8559455888083919,0.8596512514426722,-35.70014925638909,False,5.1642116714863216e-05,38.01914333901849,-37.6558880839184,0.6333333333333135,16,3,0.8558180636789235,TP1+TP2+SL,2022-06-17 06:15:00+00:00,32.096008670985825,1198.6224267931507,825,True
2022-06-17 16:15:00+00:00,5,EUR_GBP,SHORT,0.85815,0.8592111295888781,0.8569166112333656,0.8559343520556093,0.8544609632889749,567572.3,5,OVERLAP,2.0,0.0009822591777562599,31.370906537332807,63.63494477418341,0.856209889761367,0.8571210827359761,24.339211905397562,False,0.0001124780792597542,80.14647867997753,21.801102386329596,0.05660377358485428,16,4,0.8592111295888781,SL,2022-06-17 18:45:00+00:00,-10.611295888781624,-602.2677613576332,150,False
2022-06-20 09:30:00+00:00,5,EUR_GBP,SHORT,0.86002,0.8606385661956836,0.8592743014129495,0.8586171690215825,0.8576314704345319,963914.76,5,LONDON,2.0,0.0006571323913670205,22.567400300037704,55.923963236172554,0.8593844452420067,0.8581877972220113,5.754179356538547,False,-4.331071438643547e-05,82.55343255343396,8.755547579932799,0.26923076923078565,9,0,0.8576314704345319,TP3,2022-06-20 11:45:00+00:00,13.37117739280846,1288.8675247506394,135,True
2022-06-22 16:45:00+00:00,5,EUR_GBP,SHORT,0.8619,0.8626740888587038,0.8609277334238887,0.8601195557064811,0.8589072891303698,786904.19,5,OVERLAP,2.0,0.0008081777174075359,36.55294641855959,66.81998903948715,0.8599763090489733,0.8590165323617953,21.016431959270943,False,0.00013838708811428997,81.49490069779971,21.636909510267532,0.6162790697674974,16,2,0.8619,TP1+SL,2022-06-22 23:00:00+00:00,3.8890663044450773,306.03225701556465,375,True
2022-06-27 16:15:00+00:00,5,EUR_GBP,SHORT,0.86224,0.8630266775947504,0.8614399672157489,0.8607466120262481,0.859706579241997,778202.01,5,OVERLAP,2.0,0.000693355189500744,30.893392463513,60.57373105227707,0.8610721615138578,0.8599497491830782,11.563869744609656,False,4.54766066279572e-06,67.79273855135871,14.078384861422322,0.6794871794872159,16,0,0.8630266775947504,SL,2022-06-28 06:45:00+00:00,-7.866775947503733,-612.194085456706,870,False
2022-07-04 08:30:00+00:00,5,EUR_GBP,LONG,0.86098,0.8603333973542117,0.8614798079373649,0.8619730132289416,0.8627128211663065,937317.76,5,LONDON,2.0,0.0004932052915766566,37.932862466443865,37.39732189960188,0.8618849405871841,0.8622329453222999,0.2965603189364341,False,-9.166166079615173e-05,47.82803738317404,-11.449405871841734,0.35185185185190515,8,0,0.86098,TP1+SL,2022-07-04 10:15:00+00:00,1.9992317494597067,187.39154251244537,105,True
2022-07-04 12:45:00+00:00,5,EUR_GBP,LONG,0.86011,0.8595185872627787,0.8607442382116637,0.8613270636861061,0.8622013018977699,1027955.64,5,LONDON,2.0,0.000582825474442457,40.326799978463,36.75781746264796,0.8612718346178709,0.8619994912018603,-9.871568784503015,False,-0.00010584747555128401,39.736667613910065,-14.018346178709118,0.044444444444482825,12,0,0.86011,TP1+SL,2022-07-04 14:30:00+00:00,2.536952846654561,260.78749871326113,105,True
2022-07-27 08:45:00+00:00,5,EUR_GBP,LONG,0.84114,0.8406110260783275,0.8416769217650176,0.8421948696083627,0.8429717913733802,1154223.13,5,LONDON,2.0,0.0005179478433450608,20.936683484025927,43.52129785114874,0.8417163642090497,0.8448739975219423,0.020138030697447462,False,-7.072599493303857e-05,22.47619047619371,-8.163642090497358,0.3191489361701977,8,2,0.8406110260783275,SL,2022-07-27 09:00:00+00:00,-5.289739216725042,-610.5539355612126,15,False
2022-07-27 16:45:00+00:00,5,EUR_GBP,LONG,0.84006,0.8392256731175518,0.8408529806473446,0.8415416344122411,0.8425746150595856,724474.31,5,OVERLAP,2.0,0.0006886537648964126,28.26358788350477,38.5919473828938,0.8411326332289968,0.8438139838369064,-12.214286623660753,False,-0.00017192358623941746,21.596921596920605,-13.126332289967735,0.024390243902604136,16,2,0.84006,TP1+SL,2022-07-27 18:00:00+00:00,3.1719225893782625,229.79764293132303,75,True
2022-08-02 15:30:00+00:00,5,EUR_GBP,LONG,0.8350500000000001,0.8343736309047338,0.8359091072857987,0.8366418454763312,0.8377409527621299,897064.01,5,OVERLAP,2.0,0.0007327381905324579,46.520348583744166,31.72995476924234,0.8369670678338503,0.8378318209891628,-20.725834657084885,False,-0.00012152337726761082,16.984353482773198,-21.57067833850279,0.061224489795867504,15,1,0.8343736309047338,SL,2022-08-02 15:45:00+00:00,-6.763690952662493,-606.7463728396136,15,False
2022-08-02 16:15:00+00:00,5,EUR_GBP,LONG,0.8353700000000001,0.834468109365051,0.8362156719048469,0.8369394531747448,0.8380251250795916,666021.89,5,OVERLAP,2.0,0.000723781269897897,46.573440422125636,39.389750728884735,0.8367220132798445,0.8377419966669185,-16.066471049167586,False,-3.758166537460249e-05,62.40400885070925,-15.920132798444842,0.5999999999999445,16,1,0.834468109365051,SL,2022-08-02 17:15:00+00:00,-9.018906349490539,-600.6789052620691,60,False
2022-08-09 08:30:00+00:00,5,EUR_GBP,SHORT,0.84499,0.8455006115467665,0.8445681653597007,0.8441269422661678,0.8434651076258685,1164627.25,5,LONDON,2.0,0.000441223093532885,39.90876867074969,65.32523980624526,0.8440521159655863,0.8429789206282329,1.6951259194319945,False,9.270926376320741e-05,59.698869697257116,11.778840344137675,0.40540540540547026,8,1,0.84499,TP1+SL,2022-08-09 10:45:00+00:00,1.6873385611972935,196.5120468346161,135,True
2022-08-16 15:45:00+00:00,5,EUR_GBP,LONG,0.8417100000000001,0.8409202631298771,0.8425192106103686,0.8432186843506144,0.844267894960983,755488.65,5,OVERLAP,2.0,0.00069947374024574,18.27567495875696,46.23431210530091,0.8422538035397387,0.8435616109809071,-5.522339770034357,False,-1.6725867912272582e-05,60.36075036075348,-7.838035397386145,0.030303030302887574,15,1,0.8409202631298771,SL,2022-08-16 19:15:00+00:00,-7.89736870122959,-596.6372418644197,210,False
2022-08-19 10:00:00+00:00,5,EUR_GBP,SHORT,0.84868,0.8492570615337206,0.8479088153988382,0.8472346923313971,0.8462235077302354,1023583.85,5,LONDON,2.0,0.0006741230674411633,29.59661458596526,68.92928471600328,0.8466510103045521,0.8448957086761628,6.66355971360999,False,0.00014919114345993145,65.49240124229804,22.689896954478648,0.4623655913979008,10,4,0.8492570615337206,SL,2022-08-19 10:45:00+00:00,-5.770615337206131,-590.6708663726499,45,False
2022-08-22 13:00:00+00:00,5,EUR_GBP,LONG,0.84674,0.8461013521439213,0.8473659435682358,0.847943239280393,0.8488091828486287,915628.47,5,OVERLAP,2.0,0.000577295712157177,32.9133681776717,34.16286815624662,0.8478383887835482,0.8472443694474417,-9.382225795302457,False,-0.00010554427247246555,26.52837706029422,-13.383887835481945,0.2564102564102272,13,0,0.8461013521439213,SL,2022-08-22 13:15:00+00:00,-6.386478560787001,-584.7641593301204,15,False
2022-08-23 16:15:00+00:00,5,EUR_GBP,LONG,0.84248,0.8415690002009713,0.8432629993970865,0.8439449989951441,0.8449679983922306,635473.82,5,OVERLAP,2.0,0.0006819995980576441,36.75015788669477,38.65262602209769,0.8435659555230454,0.8451494860684325,-12.167291892661858,False,-0.00011068365027035534,41.662829923700734,-13.259555230453746,0.41176470588242975,16,1,0.8415690002009713,SL,2022-08-23 21:00:00+00:00,-9.109997990287555,-578.9165223080355,285,False
2022-09-07 08:15:00+00:00,5,EUR_GBP,LONG,0.86188,0.861319632916755,0.8623911012497351,0.862891835416225,0.8636429366659601,1022771.27,5,LONDON,2.0,0.0005007341664900488,24.12565898949166,51.39015209286989,0.8611254903058425,0.8609362880197956,-1.8500759850770265,False,-7.82880179019555e-05,69.65931387121485,5.145096941574501,0.6296296296295306,8,2,0.86188,TP1+SL,2022-09-07 09:00:00+00:00,2.044404998940319,209.0958697160539,45,True
2022-09-12 08:15:00+00:00,5,EUR_GBP,SHORT,0.8709399999999999,0.8717140766939022,0.8700577699182934,0.869309616530489,0.8681873864487825,743102.48,5,LONDON,2.0,0.0007481533878043756,40.421765305377185,68.06614495998298,0.8685477559917654,0.8676812778065391,3.048951400387301,False,0.00024511871071637313,54.167731803750904,26.322440082345853,0.2499999999999229,8,0,0.8717140766939022,SL,2022-09-12 08:45:00+00:00,-7.740766939022814,-575.2183109489862,30,False
2022-09-12 15:15:00+00:00,5,EUR_GBP,LONG,0.8657900000000001,0.8651504741252988,0.8666885776241037,0.8674476293735062,0.8685862069976098,890450.49,5,OVERLAP,2.0,0.0007590517494024442,42.55028191528509,28.610314779689617,0.8676701695782668,0.867670708232922,-24.86680753711834,False,-0.00010980607347021022,48.80091358964455,-21.201695782667727,0.46428571428557974,15,0,0.8671313378035281,TP1+TP2+SL,2022-09-13 06:00:00+00:00,12.90750359749504,1149.3492903066222,885,True
2022-09-14 12:45:00+00:00,5,EUR_GBP,LONG,0.86527,0.8645499086745257,0.866050273976423,0.8667304566273717,0.8677507306037947,806786.03,5,LONDON,2.0,0.0006801826509486978,16.242924737976757,38.68259304483294,0.8664361016702076,0.8669958114339862,-6.591936179265456,False,-5.4845294195464574e-05,28.285097572795493,-14.061016702076046,0.1282051282051136,12,2,0.8645499086745257,SL,2022-09-14 13:00:00+00:00,-7.200913254742369,-580.9596217167975,15,False
2022-09-15 09:45:00+00:00,5,EUR_GBP,SHORT,0.86774,0.8684834049718195,0.8670997850845413,0.8665129751409023,0.8656327602254437,773669.87,5,LONDON,2.0,0.0005868099436390871,51.93563791923807,74.07597695053562,0.8655334060194537,0.8658488461763145,9.563788750887037,False,0.00029997815210185174,78.58475502722682,24.465939805462522,0.25581395348821595,9,3,0.8684834049718195,SL,2022-09-15 10:15:00+00:00,-7.434049718195722,-575.1500279050022,30,False
2022-09-15 13:00:00+00:00,5,EUR_GBP,SHORT,0.86939,0.8700533343040631,0.8686299970878109,0.8679633284796847,0.8669633255674956,858388.48,5,OVERLAP,2.0,0.0006666686081261169,50.96605064919325,70.88879403239754,0.8667877859517488,0.8661768300010384,15.628616435346965,False,0.0001325100383706393,75.87295545275151,28.422140482512457,0.18032786885254853,13,3,0.86939,TP1+SL,2022-09-15 14:15:00+00:00,3.0400116487565576,260.95109783584354,75,True
2022-09-21 15:45:00+00:00,5,EUR_GBP,LONG,0.87212,0.8713489552954138,0.8730531341137586,0.873835223522931,0.8750083576366896,741861.05,5,OVERLAP,2.0,0.000782089409172405,38.752757278932684,35.5793504196009,0.8739454737139896,0.875092227121183,-16.63671708708847,False,-0.00016731451633514728,30.594940615152467,-20.65473713989574,0.19512195121942633,15,2,0.8713489552954138,SL,2022-09-21 18:00:00+00:00,-7.710447045862211,-572.0080341412739,135,False
2022-09-27 09:45:00+00:00,5,EUR_GBP,LONG,0.89076,0.8893945907274254,0.8930262278177235,0.8946970463628725,0.8972032741805961,414738.62,5,LONDON,2.0,0.0016708185451490144,21.18613441230749,40.49472415688021,0.8939452955990757,0.8931712236747952,-4.500957876447664,False,-8.08723359545907e-05,46.08904933814617,-34.252955990756725,0.6576576576576324,9,1,0.8930589101087295,TP1+TP2+SL,2022-09-27 13:45:00+00:00,29.410916939842878,1219.7843104565059,240,True
2022-09-29 15:30:00+00:00,5,EUR_GBP,LONG,0.8862800000000001,0.8840551637389613,0.8891445087831162,0.8912141813051937,0.8943186900883099,260012.75,5,OVERLAP,2.0,0.0020696725220774705,46.30708390953627,32.834493789941746,0.8918984905519555,0.8942246807991359,-51.34822130845484,False,-0.00034809992726438327,43.16202618850093,-58.5849055195542,0.1920903954801739,15,3,0.8840551637389613,SL,2022-09-29 16:00:00+00:00,-22.248362610387538,-578.4857945324043,30,False
2022-09-29 16:30:00+00:00,5,EUR_GBP,LONG,0.88402,0.8819174298872468,0.8871177103382596,0.889342850563766,0.8926805609020256,272381.38,5,OVERLAP,2.0,0.002225140225506417,46.63369297888243,34.08667448443278,0.8907343841243451,0.8938248265832297,-66.92619305545544,False,-0.00023406013470794523,34.026632812328664,-69.54384124345125,0.6201923076923228,16,3,0.8819174298872468,SL,2022-09-29 21:00:00+00:00,-21.02570112753277,-572.7009488584932,270,False
2022-10-12 16:15:00+00:00,5,EUR_GBP,LONG,0.87438,0.8733707664998033,0.8763277005005902,0.8777861675009837,0.8799738680015738,561786.67,5,OVERLAP,2.0,0.0014584670003934628,40.22814862579805,35.18708885565769,0.8785490676596626,0.879290457786065,-35.078528268308595,False,-0.00019008710483210157,19.420289855074024,-44.09067659662535,0.8431372549018071,16,2,0.8733707664998033,SL,2022-10-12 18:00:00+00:00,-10.092335001967712,-566.9739273279885,105,False
2022-10-17 11:00:00+00:00,5,EUR_GBP,LONG,0.86317,0.8621958439972255,0.8649224680083234,0.8662507800138722,0.8682432480221957,576195.38,5,LONDON,2.0,0.0013283120055489236,26.18162830620747,40.21851488804554,0.8656798091773883,0.8676789057955078,-16.57044335094726,False,-1.0986969805134032e-05,61.44659804273882,-27.498091773883182,0.8944444444444328,11,0,0.8621958439972255,SL,2022-10-17 11:30:00+00:00,-9.741560027745066,-561.304188197938,30,False
2022-11-07 10:45:00+00:00,5,EUR_GBP,LONG,0.8717400000000001,0.8708123757731813,0.8731128726804562,0.8741881211340936,0.8758009938145497,599047.69,5,LONDON,2.0,0.0010752484536374173,63.888991774128975,30.861932286922695,0.8754058923962317,0.8727333677881427,-20.50219019022359,False,-0.00039030718016341273,55.43857350150149,-39.05892396231625,0.8376963350784655,10,0,0.8708123757731813,SL,2022-11-07 11:00:00+00:00,-9.276242268188017,-555.6911502638392,15,False
2022-11-07 11:00:00+00:00,5,EUR_GBP,LONG,0.87139,0.8701404203608113,0.8727387389175664,0.873797898195944,0.8753866371135104,440255.44,5,LONDON,2.0,0.0010591592783775951,63.99655855821505,29.65191504718591,0.8752389946552029,0.8727176128847781,-22.689829382459557,False,-0.0003692588781198003,44.325627094436406,-40.8899465520296,0.42352941176478426,11,0,0.8701404203608113,SL,2022-11-07 11:30:00+00:00,-12.495796391887025,-550.1342338660635,30,False
2022-11-07 11:30:00+00:00,5,EUR_GBP,LONG,0.87077,0.8696292400049851,0.8720322799850445,0.8730337999750741,0.8745360799601186,477429.87,5,LONDON,2.0,0.0010015199900296576,64.93695065782596,27.53374171797735,0.8748855694606469,0.8726765606754807,-26.437570095663165,False,-0.0003260785759411646,11.595758241124557,-43.55569460646857,0.36363636363639423,11,0,0.87077,TP1+SL,2022-11-07 13:15:00+00:00,5.049119940177871,241.06006766535288,105,True
2022-11-10 12:00:00+00:00,5,EUR_GBP,LONG,0.874,0.8729319444928385,0.8750741665214843,0.8759502775358071,0.8772644440572915,512186.39,5,LONDON,2.0,0.000876111014322877,72.33068814357522,23.658671876639417,0.8774945525556129,0.876552124685709,-18.563914130350632,False,-0.00012831298916961818,61.26156122826405,-37.345525556129466,0.5434782608696072,12,3,0.8729319444928385,SL,2022-11-10 12:15:00+00:00,-10.680555071614915,-547.0434945326635,15,False
2022-11-10 12:15:00+00:00,5,EUR_GBP,LONG,0.87314,0.8724075198862072,0.8742274403413783,0.8751124005689638,0.8764398409103421,739368.96,5,LONDON,2.0,0.0008849602275855287,70.56488770727965,20.05224796100748,0.8773143740240203,0.8765157851365974,-26.174283490018045,False,-0.00012745086945830514,42.695804578813885,-44.1437402402034,0.8599999999999711,12,3,0.8724075198862072,SL,2022-11-10 13:15:00+00:00,-7.3248011379278815,-541.5730599556555,60,False
2022-11-10 15:15:00+00:00,5,EUR_GBP,LONG,0.8713500000000001,0.8700049671640684,0.872775098507795,0.8738851641796582,0.8755502626874531,398620.25,5,OVERLAP,2.0,0.0011100656718632633,50.06718461770101,27.092489231452717,0.8753229377187398,0.8760225011042216,-24.727732931352218,False,1.6057897288626307e-05,25.218196031546224,-42.129377187397616,0.2300000000000633,15,3,0.8700049671640684,SL,2022-11-10 20:15:00+00:00,-13.450328359316808,-536.1573253172957,300,False
2022-11-11 16:15:00+00:00,5,EUR_GBP,SHORT,0.87673,0.8774807033509366,0.8755878899471901,0.8746664832453167,0.8732843731925067,707064.59,5,OVERLAP,2.0,0.0009214067018733142,19.25674286944631,63.24199916091138,0.8746704304010248,0.8743090697314925,18.715265650812718,False,3.055956452589087e-05,47.19279167313943,22.995695989752594,0.5416666666666281,16,4,0.8748480966549921,TP1+TP2+SL,2022-11-11 20:15:00+00:00,16.586313919988882,1172.759525144823,240,True
2022-11-14 16:45:00+00:00,5,EUR_GBP,SHORT,0.88108,0.8821336558731289,0.8797490323806134,0.8787017206343558,0.8771307530149692,514896.15,5,OVERLAP,2.0,0.001047311746257692,63.10791915928711,72.33042672405928,0.8771758589623678,0.8755585276427948,45.60458015457347,False,0.00036905177136891364,75.34941249226968,41.44141037632165,0.05660377358485428,16,0,0.8771307530149692,TP3,2022-11-14 18:45:00+00:00,22.735481910184365,1170.6412103948578,120,True
2022-11-15 14:45:00+00:00,5,EUR_GBP,LONG,0.87241,0.8712080446869361,0.8739158659391916,0.8750797765653193,0.8768256425045109,461106.8,5,OVERLAP,2.0,0.0011639106261277345,62.35786931391947,29.08847595615488,0.8762836800031665,0.8765428702951957,-38.21168525442009,False,-0.0003949079780006428,29.561185644950626,-41.136800031664755,0.17500000000003121,14,1,0.8712080446869361,SL,2022-11-15 15:00:00+00:00,-12.019553130638847,-554.2297681498861,15,False
2022-11-15 15:00:00+00:00,5,EUR_GBP,LONG,0.87153,0.8705271129235836,0.8730386612292493,0.8742044353820823,0.8759530966113316,547107.93,5,OVERLAP,2.0,0.00116577415283289,63.8597974387126,25.966059715983448,0.876087849414807,0.8764906029290744,-45.20964110348302,False,-0.00035377189551605596,33.184991700296614,-47.97849414806987,0.7815126050420623,15,1,0.87153,TP1+SL,2022-11-15 15:45:00+00:00,6.034644916997234,330.1602088823379,45,True
2022-11-17 15:30:00+00:00,5,EUR_GBP,SHORT,0.87612,0.8769943687526538,0.8746668937420388,0.8735381562367311,0.8718450499787699,631300.09,5,OVERLAP,2.0,0.0011287375053075411,27.773648986494532,61.82320895384833,0.8737515407418373,0.8737897103170532,26.012146058290718,False,5.0113591828822345e-05,56.11620795107252,26.084592581627764,0.7211538461538451,15,3,0.8769943687526538,SL,2022-11-17 15:45:00+00:00,-8.743687526537869,-551.9890722435234,15,False
2022-11-21 10:15:00+00:00,5,EUR_GBP,LONG,0.86736,0.8666201226810883,0.8680496319567349,0.8686693865945582,0.8695990185512931,738594.31,5,LONDON,2.0,0.0006197546378232639,32.03834432884048,40.59338370340312,0.868342637275013,0.8703720288429846,-2.6728086220006997,False,-9.262285159230475e-05,36.80485939156285,-12.226372750130388,0.2727272727272957,10,0,0.8666201226810883,SL,2022-11-21 10:45:00+00:00,-7.3987731891167465,-546.4691778462184,30,False
2022-12-01 10:15:00+00:00,5,EUR_GBP,LONG,0.8600300000000001,0.8593811304619416,0.8610166086141752,0.861834347690292,0.8630609563044671,833764.66,5,LONDON,2.0,0.0008177390761167702,49.605532233859215,33.83444477580572,0.8622604228801399,0.8630904689796239,-10.08728054565311,False,-0.00024283506806036653,34.077793557406416,-24.704228801398774,0.8611111111111154,10,3,0.8593811304619416,SL,2022-12-01 10:30:00+00:00,-6.488695380584275,-541.0044897836419,15,False
2022-12-01 11:15:00+00:00,5,EUR_GBP,LONG,0.8589100000000001,0.8581082058809745,0.8599353823570767,0.8607789705951278,0.8620443529522045,667994.97,5,LONDON,2.0,0.0008435882380511035,56.970658568194125,32.34922708511972,0.8617240303783812,0.8629157459502085,-16.73628299815544,False,-0.0002526726449948076,25.038087733125295,-30.54030378381145,0.15254237288123154,11,3,0.8581082058809745,SL,2022-12-01 11:45:00+00:00,-8.017941190255893,-535.594438484675,30,False
2022-12-01 11:45:00+00:00,5,EUR_GBP,LONG,0.85822,0.8573740652749219,0.8591978041752344,0.8600096736253907,0.8612274778006251,626807.82,5,LONDON,2.0,0.0008118694501563054,58.48889440421182,29.102451156684594,0.8614455582231808,0.8628204736361528,-21.764993801438592,False,-0.00022283327251476702,22.44862289956042,-34.655582231808424,0.43859649122824784,11,3,0.8573740652749219,SL,2022-12-01 12:00:00+00:00,-8.459347250781011,-530.238500888504,15,False
2022-12-20 16:15:00+00:00,5,EUR_GBP,SHORT,0.87556,0.8765537833982756,0.8742586498051734,0.8732310830086224,0.8716897328137958,528219.85,5,OVERLAP,2.0,0.001027566796551056,27.43488635282195,57.69577474488895,0.8743424854309285,0.8722946312061989,12.21391357564272,False,0.00011893353497706438,54.18157861937618,14.575145690715052,0.17977528089891986,16,1,0.8716897328137958,TP3,2022-12-20 21:45:00+00:00,22.261603117225135,1175.9020659340192,330,True
2022-12-21 15:30:00+00:00,5,EUR_GBP,SHORT,0.8766499999999999,0.877725754447492,0.8754027366575238,0.8744112277625397,0.8729239644200635,498901.15,5,OVERLAP,2.0,0.0009915088949841175,24.852512111697443,58.21543083408394,0.8750739443499073,0.8733448178283757,10.868560889253365,False,-5.3963901406303087e-05,77.14942893401097,18.160556500926848,0.17000000000000334,15,2,0.877725754447492,SL,2022-12-21 16:15:00+00:00,-10.757544474920833,-536.695130971415,45,False
2023-01-03 14:15:00+00:00,5,EUR_GBP,LONG,0.8802300000000001,0.8793453199948806,0.8814740400153581,0.8824634000255968,0.8839474400409548,600587.99,5,OVERLAP,2.0,0.000989360010238703,36.07022369721163,32.869519162581724,0.882923646412662,0.8841219717163459,-32.148134458972464,False,-0.00018306306386946247,34.80389910999946,-29.336464126619166,0.8706896551723379,14,1,0.8793453199948806,SL,2023-01-03 14:30:00+00:00,-8.846800051194315,-531.3281860678691,15,False
2023-01-04 10:15:00+00:00,5,EUR_GBP,LONG,0.88,0.8791968376816924,0.8808794869549227,0.8816258115915379,0.8827452985464607,654929.75,5,LONDON,2.0,0.0007463246366151639,24.11964774105684,41.128961407739695,0.8809073940062948,0.8823545345084169,-3.4908760293073104,False,-9.324482568581977e-05,22.43772609079315,-11.473940062948218,0.6438356164383082,10,2,0.8791968376816924,SL,2023-01-04 10:30:00+00:00,-8.031623183075709,-526.0148963385979,15,False
2023-01-10 14:15:00+00:00,5,EUR_GBP,SHORT,0.88346,0.8843842771063927,0.882577168680822,0.8818286144680367,0.8807057831488587,563418.42,5,OVERLAP,2.0,0.0007485542127853416,37.28458247714164,58.26922907998543,0.8825644470953178,0.8816878317397541,7.589496927692396,False,3.802789256492252e-05,39.7028055887254,11.355529046822577,0.43661971830991203,14,1,0.8829019081037178,TP1+TP2+SL,2023-01-10 16:30:00+00:00,11.173051197129524,629.5102852065826,135,True
2023-01-11 12:00:00+00:00,5,EUR_GBP,SHORT,0.88616,0.8867369633562345,0.8855691099312963,0.8850151832188272,0.8841842931501236,913489.3,5,LONDON,2.0,0.0005539267124691071,49.76151700368722,74.67122284326203,0.8843127514513462,0.8829080734338278,13.161670323094121,False,0.00010677142588174477,65.78277755456854,20.872485486537194,0.8222222222220688,12,2,0.88616,TP1+SL,2023-01-11 12:45:00+00:00,2.3635602748144358,215.90870209480468,45,True
2023-01-24 14:00:00+00:00,5,EUR_GBP,SHORT,0.8835299999999999,0.884476410049425,0.8826107698517249,0.8818379497528749,0.8806787196045999,559175.11,5,OVERLAP,2.0,0.0007728200988500271,69.38275597740703,69.30963257516231,0.8806676307610567,0.8785036050776348,22.071404884613788,False,3.473343466979485e-05,55.50185925185725,31.023692389432476,0.16901408450705768,14,1,0.884476410049425,SL,2023-01-24 14:45:00+00:00,-9.464100494250836,-529.2089434923766,45,False
2023-01-27 16:45:00+00:00,5,EUR_GBP,LONG,0.87732,0.876510719146844,0.878037842559468,0.87867640426578,0.879634246825248,647385.7,5,OVERLAP,2.0,0.0006385617063120158,44.398117995268876,37.023319952606,0.8782687188317582,0.8790413653469257,-13.569192295238564,False,-0.00012050709437779925,26.682694039413718,-11.887188317581954,0.06250000000006506,16,4,0.876510719146844,SL,2023-01-27 18:00:00+00:00,-8.092808531560136,-523.9168516170031,75,False
2023-01-30 11:00:00+00:00,5,EUR_GBP,SHORT,0.87927,0.8799157321389006,0.8785928035832983,0.8779813393054972,0.8770641428887954,803239.69,5,LONDON,2.0,0.0006114642778011602,35.38928575417102,65.63837502112075,0.877882583461438,0.8781942651460112,4.812764672879055,False,4.185176765486261e-05,37.33333333333267,16.274165385620208,0.5937500000000976,11,0,0.8799157321389006,SL,2023-01-30 12:00:00+00:00,-6.457321389006231,-518.6776830735735,60,False
2023-01-31 16:15:00+00:00,5,EUR_GBP,SHORT,0.88175,0.8824402704757117,0.8807891885728651,0.8799886476214419,0.8787878361943071,743898.12,5,OVERLAP,2.0,0.0008005409514232456,57.32486795818808,63.58237211124288,0.8797574520418249,0.878783141443873,17.707937512219107,False,7.083310839834398e-05,60.19045596624554,22.325479581751793,0.6333333333333642,16,1,0.88175,TP1+SL,2023-01-31 18:00:00+00:00,3.843245708539555,285.8983257280643,105,True
2023-02-08 16:45:00+00:00,5,EUR_GBP,LONG,0.88792,0.8872888439380888,0.8886734681857333,0.8893357803095556,0.8903292484952889,818101.77,5,OVERLAP,2.0,0.0006623121238222315,24.147398208284063,41.326103000131255,0.8888520228626168,0.8905151170189177,-7.961312569488843,False,8.958584728533569e-06,33.97902983032342,-11.720228626167506,0.8846153846153408,16,2,0.8872888439380888,SL,2023-02-08 21:45:00+00:00,-6.311560619112199,-516.3498913957986,300,False
2023-02-09 11:00:00+00:00,5,EUR_GBP,LONG,0.88683,0.8861384064039596,0.8874947807881214,0.8880979679802024,0.8890027487683239,739142.75,5,LONDON,2.0,0.0006031871920809666,34.65811526996175,40.316732392677906,0.8874172526793314,0.888986597291464,-2.2348067983657405,False,-1.5138075812863193e-07,57.60338033518642,-8.272526793313695,0.4444444444444616,11,3,0.8861384064039596,SL,2023-02-09 11:45:00+00:00,-6.915935960404296,-511.18639245971224,45,False
2023-02-15 09:00:00+00:00,5,EUR_GBP,SHORT,0.88627,0.887078216886292,0.885435349341124,0.88471891556854,0.8836442649096641,626161.78,5,LONDON,2.0,0.0007164337725839954,62.52006919521834,74.12258767206471,0.883287578623301,0.8832855813566381,-1.2063077744328687,False,0.00032526471193730666,53.09228714316786,32.22421376699036,0.3522727272727674,9,2,0.887078216886292,SL,2023-02-15 09:15:00+00:00,-8.08216886291957,-506.0745241466294,15,False
2023-02-15 09:15:00+00:00,5,EUR_GBP,SHORT,0.88679,0.8876197728229854,0.8859506815310437,0.8852311358850729,0.8841518174161166,603796.33,5,LONDON,2.0,0.0007195456459708596,63.12941140668472,76.53761627004722,0.8834343402459167,0.883322839253587,3.651889406848241,False,0.00029262381668637726,59.56537222902423,35.95659754083269,0.6842105263156588,9,2,0.8876197728229854,SL,2023-02-15 10:45:00+00:00,-8.29772822985464,-501.01378525236277,90,False
2023-02-21 11:00:00+00:00,5,EUR_GBP,LONG,0.8809,0.8800589033493282,0.8820132899520154,0.8829154832533591,0.8842687732053747,589710.64,5,LONDON,2.0,0.000902193301343658,61.23009839109966,16.038136926287294,0.886038545208713,0.8875040555305204,-39.53947587690853,False,-0.0007195008646525209,4.844385106067615,-53.78545208712948,0.32258064516127877,11,1,0.8800589033493282,SL,2023-02-21 11:45:00+00:00,-8.410966506717799,-496.00364416951174,45,False
2023-02-22 13:15:00+00:00,5,EUR_GBP,LONG,0.87941,0.8785666569834104,0.8802000290497688,0.880886715082948,0.8819167441327168,582258.46,5,OVERLAP,2.0,0.0006866860331792089,21.33022804776224,43.65154182785815,0.8799129359802664,0.8825124625927994,-9.447852521763389,False,-0.00011770203306391713,62.18962865304423,-7.429359802664237,0.46938775510195296,13,2,0.8802958506034131,TP1+TP2+SL,2023-02-22 16:00:00+00:00,10.838677737693203,631.0911807985528,165,True
2023-02-27 16:45:00+00:00,5,EUR_GBP,LONG,0.88057,0.8799223600981623,0.8813129197055132,0.8819681995091887,0.882951119214702,767949.16,5,OVERLAP,2.0,0.0006552798036755218,27.34740402931326,40.96808304418775,0.8814982965843142,0.8818808021955898,-10.133596568809855,False,4.5301494779692456e-05,20.475767913600063,-11.682965843142767,0.8732394366198241,16,0,0.8799223600981623,SL,2023-02-27 17:15:00+00:00,-6.4763990183769335,-497.35451859873905,30,False
2023-03-09 12:00:00+00:00,5,EUR_GBP,LONG,0.88946,0.8886992534091754,0.8900622397724737,0.8906237329541228,0.8914659727265966,647233.89,5,LONDON,2.0,0.0005614931816491263,38.15591194243906,44.723557347810534,0.8898318421638765,0.8898678283163994,-2.033681794183506,False,-2.8272017261018654e-06,68.07909604519453,-6.118421638764415,0.2941176470587851,12,3,0.8886992534091754,SL,2023-03-09 12:15:00+00:00,-7.607465908245904,-492.3809752836379,15,False
2023-03-09 16:00:00+00:00,5,EUR_GBP,LONG,0.88757,0.8868240392654966,0.8882178822035102,0.8888098036725169,0.889697685876027,653462.23,5,OVERLAP,2.0,0.0005919214690067798,61.90299696767018,33.232858230131356,0.8888099890631966,0.8895532474675008,-11.705008811637718,False,-2.4147093903257428e-05,42.73896538047435,-14.79989063196685,0.181818181818113,16,3,0.8868240392654966,SL,2023-03-09 18:00:00+00:00,-7.459607345033925,-487.4571650610248,120,False
2023-03-17 15:00:00+00:00,5,EUR_GBP,LONG,0.8754500000000001,0.8746351703939207,0.8763344888182379,0.8770841480303966,0.8782086368486345,592249.7,5,OVERLAP,2.0,0.0007496592121586219,37.89932263011067,45.63461804389154,0.8759723782928251,0.8773189258488342,-7.713268039577503,False,-2.915488685697581e-05,44.297364963685474,-7.623782928251055,0.31746031746044895,15,4,0.8759482919841292,TP1+TP2+SL,2023-03-17 16:45:00+00:00,11.071131362795803,655.6874228276406,105,True
2023-03-21 09:30:00+00:00,5,EUR_GBP,SHORT,0.87661,0.8772924520368719,0.8760326438893844,0.8754877398156405,0.8746703837050249,716738.23,5,LONDON,2.0,0.0005449040737437813,61.998592937827894,77.33626261414484,0.8746688481439984,0.8751168503769731,3.3144437308774144,False,0.00023170566664001968,75.83406790542034,21.811518560016506,0.35555555555536916,9,1,0.8772924520368719,SL,2023-03-21 10:30:00+00:00,-6.824520368718945,-489.1394649674564,60,False
2023-03-21 14:00:00+00:00,5,EUR_GBP,SHORT,0.88107,0.8816687940773695,0.8802336177678914,0.8795160296131525,0.8784396473810439,808705.51,5,OVERLAP,2.0,0.0007175881547390446,67.01067106533843,77.05771821496019,0.877217428599583,0.8758269480433523,26.852716685934475,False,7.351135538318974e-05,79.12457912458062,40.92571400417077,0.6732673267326428,14,1,0.8816687940773695,SL,2023-03-21 14:45:00+00:00,-5.987940773695132,-484.2480697240917,45,False
2023-03-22 09:30:00+00:00,5,EUR_GBP,LONG,0.87769,0.8769357034657129,0.8784828896028609,0.8791714826714349,0.8802043722742958,635566.48,5,LONDON,2.0,0.0006885930685739618,53.897709015504816,32.641294733651876,0.8797006712931339,0.8784297269395681,-4.256754244544858,False,-8.826763904734125e-05,46.894475938334324,-22.506712931339433,0.5689655172414453,9,2,0.8789441378312957,TP1+TP2+SL,2023-03-22 12:30:00+00:00,11.605764759774706,737.6235056078056,180,True
2023-03-27 10:15:00+00:00,5,EUR_GBP,LONG,0.87859,0.8779695917896152,0.8790712246311544,0.8795520410519241,0.8802732656830785,784615.38,5,LONDON,2.0,0.0004808164207696485,42.532212192169595,40.27863821779188,0.8792059692128756,0.8804703740329048,-0.2941943387635426,False,-1.59305578676511e-05,77.77777777777428,-8.559692128756735,0.31034482758643134,10,0,0.8779695917896152,SL,2023-03-27 10:30:00+00:00,-6.204082103847818,-486.7818237461756,15,False
2023-04-06 16:00:00+00:00,5,EUR_GBP,SHORT,0.8773299999999999,0.8780401865926898,0.8766694402219306,0.8760690670365511,0.8751685072584818,678573.79,5,OVERLAP,2.0,0.0006003731853795419,42.62547670509177,60.4594251746599,0.876093873780884,0.8761033711143756,14.487878960961487,False,1.547847756061928e-05,18.295946486885555,14.761262191159696,0.5142857142856508,16,3,0.8767160873996646,TP1+TP2+SL,2023-04-06 21:15:00+00:00,8.913796166743591,604.8668448154672,315,True
2023-04-11 16:30:00+00:00,5,EUR_GBP,SHORT,0.87811,0.8786538518137458,0.8775584445587625,0.8770307409312709,0.8762391854900334,897234.62,5,OVERLAP,2.0,0.0005277036274916294,31.33502957352647,56.52751919780488,0.8777081857767415,0.8774256074398455,6.703344208973672,False,6.506826084929935e-06,49.23145405631963,6.418142232584856,0.26923076923078565,16,1,0.8786538518137458,SL,2023-04-12 00:15:00+00:00,-5.438518137458326,-487.9626754425529,465,False
2023-04-17 13:30:00+00:00,5,EUR_GBP,LONG,0.88287,0.8820579276144302,0.8835062171567092,0.8840903619278486,0.8849665790845578,594876.83,5,OVERLAP,2.0,0.0005841447711394315,62.82490244129536,25.675564746163943,0.8844856239506854,0.8836651850437001,-16.920531292796692,False,-0.0002048024241042949,28.55755786857138,-18.55623950685392,0.3617021276595192,13,0,0.8820579276144302,SL,2023-04-17 21:00:00+00:00,-8.120723855697953,-483.08304645829753,450,False
2023-04-18 08:00:00+00:00,5,EUR_GBP,LONG,0.8826200000000001,0.8820822417850581,0.8829732746448257,0.8833687910747094,0.8839620657195352,889344.33,5,LONDON,2.0,0.0003955164298837674,36.044393474487656,45.071265516240516,0.8828201896431856,0.8832233882647831,-0.4333333333328415,False,-2.083222881852666e-05,67.45006945867952,-4.401896431855956,0.4242424242421082,8,1,0.8826200000000001,TP1+SL,2023-04-18 10:30:00+00:00,1.4130985793023856,125.67312092336319,150,True
2023-04-18 10:30:00+00:00,5,EUR_GBP,LONG,0.88252,0.8819417809141692,0.8829346572574924,0.883371095429154,0.8840257526866465,829285.93,5,LONDON,2.0,0.0004364381716616534,19.32539091592604,45.1524758553663,0.8827269731817942,0.8831578702118179,-2.4192935743327926,False,3.02789754324588e-05,57.89473684210253,-4.46973181794208,0.7115384615386874,10,1,0.8819417809141692,SL,2023-04-18 11:15:00+00:00,-5.782190858307779,-479.5089523369265,45,False
2023-04-18 11:15:00+00:00,5,EUR_GBP,LONG,0.88232,0.8816841536692528,0.8827575389922416,0.883209231653736,0.8838867706459776,746585.83,5,LONDON,2.0,0.00045169266149441644,20.548020433880048,42.74435668955391,0.8826858898000385,0.8831345385807507,-4.0818775736806145,False,-7.46931355350348e-06,33.13536637333598,-6.05889800038506,0.701754385964943,11,1,0.8816841536692528,SL,2023-04-18 11:45:00+00:00,-6.358463307472029,-474.7138605933549,30,False
2023-04-19 10:30:00+00:00,5,EUR_GBP,LONG,0.88027,0.879492792012346,0.8809216239629619,0.8815160399382698,0.8824076639012317,604685.91,5,LONDON,2.0,0.0005944159753079277,27.898789633746674,36.05672665417585,0.881596583257457,0.8825171924958175,-3.031317552260049,False,6.924315895717736e-05,18.60530773574359,-15.66583257457066,0.14285714285725615,10,2,0.8806376303584665,TP1+TP2+SL,2023-04-19 12:15:00+00:00,8.32591632185986,503.45642876676834,105,True
2023-04-19 12:45:00+00:00,5,EUR_GBP,LONG,0.88039,0.8798536311501037,0.8810391065496888,0.8816318442494813,0.8825209507991701,885587.01,5,LONDON,2.0,0.000592737699792528,24.561818920780187,40.184949083992166,0.8813582175090644,0.8823713078481804,-4.012142334675062,False,8.162730593356133e-05,15.083855324306882,-12.082175090644132,0.8474576271187685,12,2,0.8798536311501037,SL,2023-04-19 14:30:00+00:00,-5.363688498962738,-475.0012860367799,105,False
2023-04-21 09:00:00+00:00,5,EUR_GBP,SHORT,0.88367,0.8841650494816276,0.8832048515551174,0.8827347525918624,0.8820296041469798,949907.62,5,LONDON,2.0,0.00047009896325502995,51.72613884826632,75.05976861450338,0.8821524814839138,0.8817394521629375,3.456469092830705,False,0.00014667519931601598,69.18238993710729,17.57518516086187,0.28205128205113605,9,4,0.8841650494816276,SL,2023-04-21 09:15:00+00:00,-4.950494816275962,-470.2512748751037,15,False
2023-04-21 11:00:00+00:00,5,EUR_GBP,SHORT,0.88541,0.8859850291713226,0.8848849124860322,0.8843748541433869,0.883609766629419,809608.95,5,LONDON,2.0,0.0005100583426452573,56.17172689317236,76.10027243207227,0.8829489851620171,0.8819925281540162,13.030857918487904,False,0.00014829387024990596,83.7490324245309,27.01014837982907,0.568627450980405,11,4,0.8859850291713226,SL,2023-04-21 11:15:00+00:00,-5.750291713225719,-465.54876361383754,15,False
2023-04-21 15:00:00+00:00,5,EUR_GBP,LONG,0.8849,0.8842052072669652,0.8855443781991044,0.8861339636651739,0.8870183418642783,663353.62,5,OVERLAP,2.0,0.0005895854660695803,23.59982340290885,51.135596944367244,0.8839335280253541,0.8824502789837428,-0.7282877938596943,False,-0.0001748102841660182,51.59539275833102,7.264719746459258,0.5483870967741473,15,4,0.8842052072669652,SL,2023-04-21 15:30:00+00:00,-6.947927330348547,-460.89327460836444,30,False
2023-04-27 16:00:00+00:00,5,EUR_GBP,LONG,0.88325,0.8826440141356602,0.8838379575930195,0.8843899293216991,0.8852178869147187,752962.02,5,OVERLAP,2.0,0.00055197172867968,39.947228425986765,35.39225585950413,0.8847011436423616,0.8850443815425124,-16.113259852086337,False,-2.4832033281130803e-05,58.355191256830686,-16.9114364236167,0.7857142857144557,16,3,0.8826440141356602,SL,2023-04-27 18:45:00+00:00,-6.059858643397975,-456.28434050473993,165,False
2023-05-02 16:00:00+00:00,5,EUR_GBP,SHORT,0.8814799999999999,0.882224914811558,0.880835255565326,0.8802454259422101,0.8793606815075361,606406.92,5,OVERLAP,2.0,0.0005898296231159514,44.535836574776724,69.99380383016438,0.8796961568577086,0.8792742415262773,18.93499513401786,False,0.0001856824869793908,75.13313279857239,20.23843142291315,0.3783783783781756,16,1,0.882224914811558,SL,2023-05-02 18:45:00+00:00,-7.449148115580283,-451.72149653928443,165,False
2023-05-04 16:00:00+00:00,5,EUR_GBP,LONG,0.87577,0.8748158278211252,0.8767725165366242,0.8776008608943736,0.8788433774309978,468683.0,5,OVERLAP,2.0,0.000828344357749454,52.5005346318782,34.054175021935364,0.8783435923193864,0.8799966761709612,-22.56434355282999,False,-0.00011625312519118942,53.9879321503158,-28.13592319386382,0.6666666666667489,16,3,0.8748158278211252,SL,2023-05-05 06:00:00+00:00,-9.541721788748347,-447.2042793115942,840,False
2023-05-09 10:30:00+00:00,5,EUR_GBP,LONG,0.87029,0.8697321179287363,0.8707036462137911,0.8711394103563186,0.8717930565701097,793594.67,5,LONDON,2.0,0.0004357641425274313,42.509472479025476,40.56758050884315,0.8710083225756012,0.8726644904867227,-3.3226993551049855,False,-2.985081485003347e-05,19.9897119341588,-9.583225756012448,0.4482758620688203,10,1,0.8697321179287363,SL,2023-05-09 13:00:00+00:00,-5.578820712637267,-442.7322382434537,150,False
2023-05-10 09:15:00+00:00,5,EUR_GBP,LONG,0.8679100000000001,0.8673810989995088,0.8682667030014739,0.8686645050024565,0.8692612080039303,828708.81,5,LONDON,2.0,0.0003978020009825613,56.41437555837993,35.40215455905094,0.8686703327772046,0.8703265391382846,-1.8635237758757306,False,-0.0001453657110991346,32.69993927492587,-10.003327772045711,0.274999999999889,9,2,0.8681811752078051,TP1+TP2+SL,2023-05-10 12:00:00+00:00,4.987182431331227,413.2922017921409,165,True
2023-05-11 16:15:00+00:00,5,EUR_GBP,SHORT,0.87267,0.8734571529609296,0.8718685411172111,0.871174235195352,0.8701327763125631,562073.52,5,OVERLAP,2.0,0.000694305921859202,70.31552196718596,70.80252865303055,0.8700998295079068,0.8697951341239062,34.33079099684711,False,0.000257539191472355,79.07936507936297,28.101704920932,0.3333333333333333,16,3,0.87267,TP1+SL,2023-05-12 01:45:00+00:00,3.2058355311552766,180.19152615375162,570,True
2023-05-17 08:30:00+00:00,5,EUR_GBP,SHORT,0.87109,0.8716297182444451,0.8707608452666648,0.8703814087777746,0.8698122540444393,823095.68,5,LONDON,2.0,0.00037943648889018856,48.836027813589396,58.24678183817539,0.8706988548137078,0.8700971182316173,-1.50108314872055,False,8.854321311436964e-06,38.56321839080727,6.31145186292259,0.1818181818178607,8,2,0.87109,TP1+SL,2023-05-17 09:15:00+00:00,1.3166189333411182,108.37033562392826,45,True
2023-05-17 15:00:00+00:00,5,EUR_GBP,LONG,0.8681300000000001,0.8674550773530553,0.8686247679408344,0.869114613234724,0.8698493811755584,659814.07,5,OVERLAP,2.0,0.0004898452938895955,48.00302321907828,31.044735866632976,0.8695279440226011,0.8698719237742706,-14.640701968663405,False,-2.0465130946638842e-07,30.34010839562998,-16.3794402260109,0.3142857142855874,15,2,0.8674550773530553,SL,2023-05-17 16:30:00+00:00,-6.749226469447977,-445.32345861582,90,False
2023-05-18 16:15:00+00:00,5,EUR_GBP,LONG,0.86803,0.8674585566518457,0.8684843300444627,0.8689472167407712,0.869641546785234,771502.94,5,OVERLAP,2.0,0.0004628866963084994,35.36121940640945,42.623738084641516,0.8684053074280104,0.8689125584691828,-7.683400551999897,False,-1.8225826286322752e-05,42.27005255042136,-6.153074280104143,0.27777777777764073,16,3,0.86803,TP1+SL,2023-05-18 17:30:00+00:00,1.8173201778508563,140.20678601332585,75,True
2023-05-23 09:00:00+00:00,5,EUR_GBP,SHORT,0.87041,0.8711190770708102,0.8698727687875694,0.8693546146459489,0.8685773834335182,623729.51,5,LONDON,2.0,0.0005181541416204641,50.69286539673105,60.606334861134314,0.869652083819747,0.8691122940802776,-2.291201128280518,False,0.00012487090751602458,48.92444351756557,9.979161802530223,0.22388059701491794,9,1,0.87041,TP1+SL,2023-05-23 11:00:00+00:00,2.148924849722622,134.03478435443148,120,True
2023-05-23 16:00:00+00:00,5,EUR_GBP,LONG,0.86745,0.8668627724943624,0.8679216825169128,0.868396137528188,0.8691078200451008,755435.73,5,OVERLAP,2.0,0.00047445501127517587,60.47443897877921,25.27299542192287,0.8690351475620763,0.8690896764235679,-22.087904221709252,False,-0.0001506634871218047,10.571428571432678,-18.251475620763014,0.15555555555556652,16,1,0.86745,TP1+SL,2023-05-23 20:30:00+00:00,1.8867300676510548,142.53033059689238,270,True
2023-05-25 10:00:00+00:00,5,EUR_GBP,LONG,0.86722,0.8665742998711784,0.8676271003864645,0.8680585006441076,0.8687056010305723,689233.16,5,LONDON,2.0,0.0004314002576430626,65.88584642963471,28.09040432580551,0.8687218072110393,0.8688617340295002,-2.4567475870695965,False,-9.190688687044102e-05,51.697322130513605,-17.418072110393368,0.03571428571411578,10,3,0.86722,TP1+SL,2023-05-25 11:15:00+00:00,1.6284015458580827,112.23483432006512,75,True
2023-05-26 15:30:00+00:00,5,EUR_GBP,LONG,0.86842,0.8676646273476781,0.8690061179569658,0.8695568632616097,0.8703829812185756,590649.25,5,OVERLAP,2.0,0.0005507453046439188,27.484147901236938,44.70119740455465,0.8688324454049615,0.8691723104468091,-2.039084520597534,False,4.746535218472681e-05,29.353233830847486,-6.524454049615658,0.20454545454553483,15,4,0.8676646273476781,SL,2023-05-28 21:00:00+00:00,-7.553726523218396,-446.16029056440533,3210,False
2023-05-29 11:00:00+00:00,5,EUR_GBP,LONG,0.86829,0.8677714034493691,0.8684957896518929,0.8687929827531549,0.8692387724050477,851719.29,5,LONDON,2.0,0.00029719310126192936,28.238124771045037,42.82027757102086,0.8684701547754906,0.8688141783771527,-2.7187260320482576,False,-6.20229101512989e-05,44.13580246913772,-4.201547754906221,0.5416666666664739,11,0,0.8677714034493691,SL,2023-05-29 11:30:00+00:00,-5.18596550630912,-441.69868589980945,30,False
2023-05-29 11:45:00+00:00,5,EUR_GBP,LONG,0.86814,0.8677346932865393,0.8683359201403822,0.8686265335673036,0.8690624537076858,1078890.84,5,LONDON,2.0,0.00029061342692144736,27.991588465356095,39.52354799066868,0.8684163787621783,0.8687900022578147,-3.714811754563785,False,-1.9830950593353495e-05,63.8418079096054,-5.16378762178249,0.6666666666666666,11,0,0.8677346932865393,SL,2023-05-29 13:00:00+00:00,-4.053067134607291,-437.28170054328535,75,False
2023-05-29 16:30:00+00:00,5,EUR_GBP,LONG,0.8669100000000001,0.8665380522786345,0.8670358431640968,0.8672797386068278,0.8676455817709245,1163897.13,5,OVERLAP,2.0,0.00024389544273113224,58.280234224705,27.59034364302309,0.8677638408407852,0.8685252326074048,-12.012246950179328,False,-2.4682558453901333e-05,39.87997817785726,-10.938408407851208,0.8571428571423474,16,0,0.8665380522786345,SL,2023-05-29 20:45:00+00:00,-3.7194772136561745,-432.9088854074818,255,False
2023-05-30 08:00:00+00:00,5,EUR_GBP,LONG,0.8652,0.8647577649521117,0.8655367051436649,0.8659211752394415,0.8664978803831063,969122.18,5,LONDON,2.0,0.00038447009577657963,43.93179723211719,27.976204319092503,0.8664601486428926,0.8675957869823797,-0.8333333333343518,False,-0.00016639479544773838,24.965010259125886,-15.00148642892607,0.7037037037038103,8,1,0.8652,TP1+SL,2023-05-30 08:45:00+00:00,1.346820574659624,130.52336913829876,45,True
2023-05-31 13:15:00+00:00,5,EUR_GBP,LONG,0.86334,0.8627457516763108,0.8638327449710675,0.8643212416184458,0.8650539865895134,723409.75,5,OVERLAP,2.0,0.0004884966473783448,23.758160996007607,43.613490834711186,0.863618496270949,0.8650324666769175,-3.305134923899944,False,-5.292445710134737e-07,45.76956575836818,-5.184962709490204,0.8095238095238725,13,2,0.8627457516763108,SL,2023-05-31 13:30:00+00:00,-5.942483236891505,-429.88503127788744,15,False
2023-06-07 15:00:00+00:00,5,EUR_GBP,LONG,0.85943,0.8588278574359091,0.8599764276922728,0.8605007128204547,0.8612871405127275,706786.41,5,OVERLAP,2.0,0.0005242851281818759,34.90904869131507,42.9971461681462,0.8598854134672813,0.8605557145790584,-3.8848358156140517,False,-2.227989534127903e-05,54.62707545187092,-6.954134672813028,0.15624999999998915,15,2,0.8603314810590281,TP1+TP2+SL,2023-06-08 06:00:00+00:00,8.271524168965925,584.6200872611661,900,True
2023-06-09 09:15:00+00:00,5,EUR_GBP,LONG,0.85846,0.8578993524899555,0.8587019425301335,0.8590232375502225,0.859505180080356,769525.19,5,LONDON,2.0,0.00032129502008901637,18.103559933770576,43.937556582707984,0.8585816217271045,0.8594049150992663,-0.25420316474011884,False,-1.6381698705138226e-05,41.47449336128321,-3.616217271045219,0.2500000000001542,9,4,0.8578993524899555,SL,2023-06-09 10:00:00+00:00,-5.606475100444763,-431.4323816900025,45,False
2023-06-20 09:30:00+00:00,5,EUR_GBP,SHORT,0.85504,0.8556228615769755,0.8545514152690735,0.8540656921151225,0.853337107384196,732795.01,5,LONDON,2.0,0.00048572315395102274,33.561058603579475,60.24519234508289,0.8542724165568362,0.8540173620285618,0.6436934019116158,False,1.1978456973641652e-05,45.85633074935504,10.07583443163873,0.7500000000000867,9,1,0.8556228615769755,SL,2023-06-20 09:45:00+00:00,-5.828615769755129,-427.1180551283868,15,False
2023-06-23 08:30:00+00:00,5,EUR_GBP,LONG,0.85494,0.8539429773165951,0.855861068050215,0.856635113417025,0.8577961814672401,424109.58,5,LONDON,2.0,0.0007740453668100214,62.89812081547061,15.896685802292353,0.8588550776525731,0.8590582522600433,-4.336138848232141,False,-0.0005008113249927047,19.462947624375794,-41.550776525730576,0.3497536945812792,8,4,0.8539429773165951,SL,2023-06-23 09:15:00+00:00,-9.970226834049578,-422.8468715093496,45,False
2023-06-23 10:15:00+00:00,5,EUR_GBP,LONG,0.85455,0.8536437376702322,0.8553787869893034,0.8560913116488389,0.8571600986381422,461917.47,5,LONDON,2.0,0.0007125246595355627,58.427930504063575,25.28911974033771,0.8577148230431192,0.8587290648300567,-2.836599149786956,False,-0.0001152560026491038,43.02600472813541,-34.04823043119176,0.37142857142839014,10,4,0.8536437376702322,SL,2023-06-23 10:45:00+00:00,-9.062623297678705,-418.61840252268047,30,False
2023-06-27 10:30:00+00:00,5,EUR_GBP,SHORT,0.85948,0.8599800536437895,0.8590298390686315,0.8585697317810526,0.857879570849684,828775.53,5,LONDON,2.0,0.00046010728757900815,36.064305833740576,63.345676550745566,0.8585575005637794,0.8579080598377529,2.851050148354739,False,0.00011146090674415911,60.473890039107296,11.624994362205987,0.06896551724144531,10,1,0.8599800536437895,SL,2023-06-27 10:45:00+00:00,-5.000536437894665,-414.4322236600463,15,False
2023-06-27 10:45:00+00:00,5,EUR_GBP,SHORT,0.85981,0.8603650498120902,0.8593448505637292,0.8588747509395487,0.8581696015032779,739191.13,5,LONDON,2.0,0.00047009962418050283,35.793505529510014,66.96540480531054,0.8586160299534352,0.8579293726751882,5.86014347737418,False,0.00010133346920582166,52.25493579074143,14.339700465647587,0.549999999999963,10,1,0.8603650498120902,SL,2023-06-27 11:00:00+00:00,-5.5504981209020245,-410.2878978052445,15,False
2023-06-27 13:15:00+00:00,5,EUR_GBP,SHORT,0.86039,0.8609621259268111,0.8597236222195668,0.8591193703659447,0.8582129925855115,709957.37,5,OVERLAP,2.0,0.0006042518536221227,32.19347395909684,59.012619185683626,0.8592125115151212,0.858165155596435,6.183552511757062,False,1.2547266830202478e-05,52.9114906832281,14.174884848787705,0.354838709677481,13,1,0.8609621259268111,SL,2023-06-27 13:30:00+00:00,-5.721259268111067,-406.18501830762585,15,False
2023-06-28 11:15:00+00:00,5,EUR_GBP,SHORT,0.86239,0.8631560183725717,0.861771944882285,0.8611999081371418,0.8603418530194268,524952.38,5,LONDON,2.0,0.0005720367451433031,31.530514957238395,65.44072494600451,0.8608398399925754,0.8594168450711664,6.715344452983274,False,9.107098594584445e-05,71.4804063860686,17.901600074246016,0.41025641025624965,11,2,0.8631560183725717,SL,2023-06-28 11:30:00+00:00,-7.660183725717307,-402.12316780525674,15,False
2023-07-06 11:30:00+00:00,5,EUR_GBP,LONG,0.85301,0.85227746026205,0.8536776192138501,0.8542826986897502,0.8551903179036002,543454.39,5,LONDON,2.0,0.0006050794759000418,29.188811970969304,41.19961999886138,0.853799714572321,0.8554377685127683,-5.895808659394097,False,-0.00011509942202619144,54.46840807033413,-10.297145723209278,0.050000000000055514,11,3,0.85227746026205,SL,2023-07-06 12:15:00+00:00,-7.3253973795006635,-398.1019364384132,45,False
2023-07-11 10:15:00+00:00,5,EUR_GBP,LONG,0.85245,0.8518972453032979,0.8530282640901061,0.8535737734835102,0.8543920375736163,713012.34,5,LONDON,2.0,0.0005455093934040487,43.54207192599805,26.186413562633348,0.8544756343139366,0.8550037382600186,-10.310896705715278,False,-0.0001995649134940721,15.400237317045319,-22.656343139365596,0.44999999999966694,10,1,0.8518972453032979,SL,2023-07-11 10:30:00+00:00,-5.527546967021292,-394.12091974157534,15,False
2023-07-12 16:45:00+00:00,5,EUR_GBP,SHORT,0.8562799999999999,0.856829131767085,0.8556226046987451,0.8550243411645752,0.8541269458633203,710539.32,5,OVERLAP,2.0,0.0005982635341699146,56.374362682581605,69.79866942026356,0.8538097436310076,0.853253417647175,25.767224449038117,False,7.915468314293492e-05,67.41405181163825,27.102563689923585,0.9142857142857778,16,2,0.856829131767085,SL,2023-07-12 17:30:00+00:00,-5.491317670850425,-390.17971237500456,45,False
2023-07-14 16:45:00+00:00,5,EUR_GBP,SHORT,0.8568399999999999,0.8573969300515395,0.8563992098453815,0.8559453497423026,0.8552645595876843,693584.25,5,OVERLAP,2.0,0.00045386010307892067,12.923949531357488,59.87057649996612,0.8561858584262482,0.8553625215460944,8.078268138089761,False,1.6696921512036563e-05,63.29119159399997,8.941415737517833,0.5500000000000556,16,4,0.8573969300515395,SL,2023-07-14 19:00:00+00:00,-5.569300515395614,-386.27791209952807,135,False
2023-07-25 09:00:00+00:00,5,EUR_GBP,LONG,0.8611,0.8605974054968577,0.8615277835094269,0.8619729725157116,0.8626407560251386,760882.05,5,LONDON,2.0,0.0004451890062846514,56.06328522471437,31.019813512304808,0.8623860155411218,0.8637140801801462,1.1849742739988844,False,-0.00012352376374410485,44.76216858569797,-15.260155411218612,0.257142857142984,9,1,0.8605974054968577,SL,2023-07-25 09:15:00+00:00,-5.02594503142273,-382.4151358696241,15,False
2023-07-28 11:45:00+00:00,5,EUR_GBP,LONG,0.85558,0.8549815639133674,0.8561753082598977,0.8567321804331628,0.8575674886930605,632633.95,5,LONDON,2.0,0.0005568721732651327,41.82671025301016,32.616969139600855,0.8568578426792084,0.8575303053009405,-5.750318471646754,False,-7.337705783766338e-06,49.16545625971262,-15.178426792084032,0.573770491803216,11,4,0.85558,TP1+SL,2023-07-28 12:45:00+00:00,2.3812330395909242,150.64488637069127,60,True
2023-08-01 13:30:00+00:00,5,EUR_GBP,SHORT,0.85871,0.8594389122998262,0.8581432631005215,0.8576054385008691,0.8567987016013906,521458.39,5,OVERLAP,2.0,0.0005378245996523355,55.182599534947535,66.92569734400351,0.8572665080450463,0.8571127012693701,14.387844990874088,False,0.0001524525279458489,81.80761406567596,16.83491954953653,0.37037037037033993,13,1,0.8594389122998262,SL,2023-08-01 14:30:00+00:00,-7.289122998261899,-380.09743431856225,60,False
2023-08-01 16:30:00+00:00,5,EUR_GBP,SHORT,0.8598,0.8604858111697162,0.8592425664908513,0.8587109441514188,0.85791351064227,548688.14,5,OVERLAP,2.0,0.0005316223394325115,51.202478656158135,65.00163795662962,0.858282615131135,0.8574266539797569,17.03882150106084,False,-4.789596630051839e-06,44.45643807669043,17.573848688650084,0.1621621621620324,16,1,0.85791351064227,TP3,2023-08-01 21:00:00+00:00,10.358936146379836,568.3825406535921,270,True
2023-08-07 15:30:00+00:00,5,EUR_GBP,LONG,0.8615700000000001,0.8610924085802113,0.8620127742593661,0.8624679570989434,0.8631507313583096,799805.58,5,OVERLAP,2.0,0.00045518283957736926,24.829031473152465,43.99495973488946,0.8620195294462631,0.861978969006378,-3.644379870149095,False,7.26699706903975e-05,28.923253150064472,-6.895294462631041,0.7391304347824198,15,0,0.8610924085802113,SL,2023-08-07 16:30:00+00:00,-4.7759141978875865,-381.98028250717164,60,False
2023-08-07 16:30:00+00:00,5,EUR_GBP,LONG,0.8615,0.8608739265269527,0.8618782204191419,0.8622903673652365,0.8629085877843784,604019.33,5,OVERLAP,2.0,0.00041214694609458425,16.53649870326998,44.12477706479071,0.8619078114532513,0.8619510370914606,-4.079472557707575,False,3.287615606484403e-05,15.56283100626287,-6.478114532513235,0.44000000000007106,16,0,0.8608739265269527,SL,2023-08-07 17:00:00+00:00,-6.260734730473282,-378.16047972082026,30,False
2023-08-09 10:30:00+00:00,5,EUR_GBP,SHORT,0.86148,0.8619425543515054,0.8610523369454842,0.8606072282424736,0.8599395651879578,809372.72,5,LONDON,2.0,0.0004451087030105707,49.651626933868556,63.769408539341846,0.8604407439330237,0.8607353582242717,3.0304622013155313,False,0.00012970830323935021,36.84471596926251,12.792560669763198,0.5121951219512988,10,2,0.8619425543515054,SL,2023-08-09 10:45:00+00:00,-4.625543515053287,-374.378873625704,15,False
2023-08-09 10:45:00+00:00,5,EUR_GBP,SHORT,0.86159,0.862258800469255,0.8611735985922353,0.8607359976537254,0.8600795962459608,554178.87,5,LONDON,2.0,0.0004376009385098162,47.45717291826986,64.8538784173697,0.8604952245631012,0.8607462501822392,3.8142895333959093,False,0.0001043553965363658,30.860419595844856,13.347754368987497,0.2941176470587851,10,2,0.862258800469255,SL,2023-08-09 12:15:00+00:00,-6.6880046925499315,-370.63508830720184,90,False
2023-08-09 15:00:00+00:00,5,EUR_GBP,SHORT,0.8626699999999999,0.8631981124997359,0.862195662500792,0.8617194375013201,0.8610051000021121,694792.75,5,OVERLAP,2.0,0.00047622499947196133,25.939056813403823,67.12962293265292,0.8613195138780463,0.8609632687434522,10.311583044990691,False,1.6171735811259082e-06,85.27122577122502,15.904861219536715,0.7209302325580735,15,2,0.8631981124997359,SL,2023-08-09 15:15:00+00:00,-5.281124997359443,-366.92873600091104,15,False
2023-08-09 16:15:00+00:00,5,EUR_GBP,SHORT,0.86243,0.8630225645924401,0.8620023062226799,0.8615571770377999,0.8608894832604798,613029.28,5,OVERLAP,2.0,0.00044512918488008254,29.95530654067127,58.204457530450995,0.8616221126528508,0.8610625374819275,6.390561567202191,False,-8.2277810780065e-06,37.09278868530885,10.478873471492234,0.17857142857137193,16,2,0.8630225645924401,SL,2023-08-09 17:00:00+00:00,-5.92564592440059,-363.2594454570229,45,False
2023-08-10 14:15:00+00:00,5,EUR_GBP,SHORT,0.8637699999999999,0.8643800543240927,0.8632298370277219,0.8627097283795366,0.8619295654072586,589499.72,5,OVERLAP,2.0,0.0005201086481853396,20.148629962723152,55.35239104732823,0.8634646734184117,0.8623705521490796,4.385237897233107,False,6.053325080871014e-05,52.504992319505355,5.453265815882347,0.484374999999897,14,3,0.8643800543240927,SL,2023-08-10 14:30:00+00:00,-6.100543240927791,-359.6268532374825,15,False
2023-08-11 15:45:00+00:00,5,EUR_GBP,LONG,0.86336,0.8627904249570248,0.8638687251289255,0.8643678752148759,0.8651166003438014,625081.08,5,OVERLAP,2.0,0.0004991500859503516,36.40694409140869,39.782676635263954,0.8643589711100786,0.8641592649213269,-8.867057688777269,False,-8.073656153784127e-06,63.214285714284074,-12.38971110078646,0.16666666666682087,15,4,0.8627904249570248,SL,2023-08-11 16:30:00+00:00,-5.695750429751678,-356.0305830039643,45,False
2023-08-14 16:30:00+00:00,5,EUR_GBP,LONG,0.86095,0.8603478282586317,0.8614065152241049,0.8618708587068417,0.8625673739309466,585331.82,5,OVERLAP,2.0,0.0004643434827366748,39.22616358576475,39.190522283143686,0.8616465430913962,0.8627963155214213,-8.596050112673614,False,-1.999740693784985e-05,62.52576105517821,-9.365430913962358,0.2608695652177061,16,0,0.8603478282586317,SL,2023-08-14 17:30:00+00:00,-6.021717413683403,-352.47028132769987,60,False
2023-08-21 09:30:00+00:00,5,EUR_GBP,SHORT,0.8558899999999999,0.8563709544353469,0.8555271366939591,0.855125227823265,0.8545223645172242,725527.31,5,LONDON,2.0,0.00040190887069394346,48.346016952054896,72.12465542913219,0.8544877954962761,0.8543515500845303,3.55239463991297,False,0.0001161870679987179,66.1184066511761,16.422045037238764,0.5490196078430221,9,0,0.8558899999999999,TP1+SL,2023-08-21 10:30:00+00:00,1.4514532241634015,105.30689533180998,60,True
2023-08-21 10:30:00+00:00,5,EUR_GBP,SHORT,0.85556,0.8561379219499152,0.8551762341502542,0.8547603902504237,0.8541366244006778,605615.77,5,LONDON,2.0,0.0004158438998305302,39.8716983515348,61.94929371169107,0.8546544307855344,0.854400940272486,0.5791676974797877,False,-2.8389276128025043e-06,31.79662562699787,11.455692144656249,0.3428571428572063,10,0,0.8541366244006778,TP3,2023-08-21 13:15:00+00:00,7.580253595932395,459.0721118295867,165,True
2023-08-22 11:45:00+00:00,5,EUR_GBP,LONG,0.8528100000000001,0.8522676109985722,0.8532371670042835,0.8536819450071392,0.8543491120114226,653754.71,5,LONDON,2.0,0.00044477800285565197,47.08720237090703,38.2938296399762,0.8535761259924195,0.8541107557478111,-4.581394266159888,False,-2.6324159479327626e-05,39.723245245633365,-10.061259924194488,0.399999999999778,11,1,0.8528100000000001,TP1+SL,2023-08-22 12:45:00+00:00,1.708668017133874,111.7049764027631,60,True
2023-08-22 15:00:00+00:00,5,EUR_GBP,LONG,0.8522500000000001,0.8515439452280524,0.8528681643158428,0.853440273859738,0.8542984381755807,503794.37,5,OVERLAP,2.0,0.0005721095438951781,36.06976683849189,41.53618085646711,0.8530980459084139,0.8539079912629018,-6.775351449448408,False,-3.919070690135932e-05,44.81587506797718,-10.880459084138261,0.4117647058822121,15,1,0.8515439452280524,SL,2023-08-22 21:00:00+00:00,-7.0605477194762845,-355.70641901884915,360,False
2023-08-23 11:15:00+00:00,5,EUR_GBP,SHORT,0.85559,0.856248344615505,0.8547249661534848,0.8539882769224747,0.8528832430759595,534901.24,5,LONDON,2.0,0.0007366892310101228,48.115602837768236,75.01972562533098,0.8528673549644199,0.8530273866929039,20.148548987031223,False,0.00026240443294856376,72.84164248449846,29.626450355800802,0.6886792452830593,11,2,0.856248344615505,SL,2023-08-23 12:00:00+00:00,-6.583446155050686,-352.14935118098447,45,False
2023-08-29 16:15:00+00:00,5,EUR_GBP,SHORT,0.8597899999999999,0.8603297967089698,0.8591306098730903,0.8585310164551506,0.857631626328241,645850.29,5,OVERLAP,2.0,0.0005995934179397563,43.15362976265564,61.91755084504119,0.8586007093163405,0.8579817055064047,13.315249430267961,False,6.958841060281345e-05,56.027474067843904,14.292906836594899,0.19047619047591355,16,1,0.8603297967089698,SL,2023-08-29 16:30:00+00:00,-5.397967089698641,-348.62786102923235,15,False
2023-08-31 11:45:00+00:00,5,EUR_GBP,LONG,0.85726,0.8566900055838549,0.8577699832484356,0.8582699720807259,0.8590199553291614,605517.48,5,LONDON,2.0,0.0004999888322903565,24.89184799787745,41.59232171209533,0.8579296622696669,0.8586715225977449,-1.7834054371790309,False,5.813480478958572e-05,37.27172084170201,-9.096622696669332,0.40740740740720943,11,3,0.8566900055838549,SL,2023-08-31 13:15:00+00:00,-5.699944161451365,-345.14158247827436,90,False
2023-08-31 13:15:00+00:00,5,EUR_GBP,LONG,0.85666,0.8561095550392748,0.8572013348821756,0.8577222248036261,0.8585035596858019,620752.64,5,OVERLAP,2.0,0.0005208899214504889,23.614118683005046,36.83361263010142,0.8577471286954813,0.8585791965202825,-7.6853462177794984,False,-1.9147633196325625e-05,30.606112637360898,-13.2712869548135,0.929577464788739,13,3,0.8561095550392748,SL,2023-08-31 13:30:00+00:00,-5.504449607252048,-341.69016254486723,15,False
2023-08-31 16:45:00+00:00,5,EUR_GBP,LONG,0.85615,0.8556443575174945,0.8566769274475164,0.8571882124125274,0.8579551398600439,668996.92,5,OVERLAP,2.0,0.000511284965010992,24.356218354940005,40.011985559945465,0.8570470462819338,0.8582594487052709,-9.113245325493846,False,-8.396878369159287e-06,50.035536602688694,-11.370462819338956,0.4772727272728305,16,3,0.8556443575174945,SL,2023-08-31 20:15:00+00:00,-5.0564248250550845,-338.273263417339,210,False
