timestamp,strategy_id,pair,signal_direction,entry_price,sl_price,tp1_price,tp2_price,tp3_price,lot_size,confluence_score,session,spread_at_entry,atr_at_entry,adx_at_entry,rsi_at_entry,ema_50_value,ema_200_value,vwap_deviation,news_within_60min,macd_hist_at_entry,stoch_k_at_entry,distance_from_ema50_pips,candle_body_ratio,hour_of_day,day_of_week,exit_price,exit_reason,exit_time,pnl_pips,pnl_dollars,hold_time_minutes,win
2021-02-03 11:15:00+00:00,5,GBP_AUD,LONG,1.79045,1.7894273708982142,1.7919278873053577,1.7930731455089293,1.7947910328142869,977871.64,5,LONDON,2.0,0.0011452582035716957,42.93663710981062,34.039900844102604,1.7935218713300032,1.794303681070238,-19.218860482161926,False,-0.00018979019504370169,44.68351385571426,-33.11871330003102,0.14141414141416406,11,2,1.7894273708982142,SL,2021-02-03 11:45:00+00:00,-10.226291017858546,-999.9999968750607,30,False
2021-02-04 16:15:00+00:00,5,GBP_AUD,SHORT,1.79806,1.7998030729479677,1.7955607811560974,1.7937346352601624,1.79099541641626,567962.46,5,OVERLAP,2.0,0.0018261458959350212,55.92143757634254,73.18412790000936,1.7900524289291853,1.790179270040471,85.24387115126818,False,4.332282726949785e-05,44.120966752543616,82.47571070814752,0.1290322580643929,16,3,1.7998030729479677,SL,2021-02-04 20:15:00+00:00,-17.430729479677165,-989.9999994871962,240,False
2021-02-10 10:30:00+00:00,5,GBP_AUD,SHORT,1.79135,1.7922292701736047,1.789792189479186,1.7885936491319767,1.7867958386111626,1114674.45,5,LONDON,2.0,0.0011985403472093382,59.28143084539582,73.06274965468788,1.786967917234081,1.786488978261259,24.16121908499491,False,0.0006038543854277674,77.34070910665577,46.22082765918911,0.4269662921348567,10,2,1.7902022454447604,TP1+TP2+SL,2021-02-10 12:30:00+00:00,19.552154665828603,2179.428724844743,120,True
2021-02-11 15:30:00+00:00,5,GBP_AUD,LONG,1.78091,1.779872985806731,1.7824010425798071,1.7835550709663452,1.7852861135461526,966133.63,5,OVERLAP,2.0,0.0011540283865381512,69.3843168742046,31.475087243256027,1.7848656520784758,1.787215293786259,-25.486296506864736,False,-4.811725768001955e-05,52.06944623401853,-41.95652078475831,0.13592233009713342,15,3,1.78091,TP1+SL,2021-02-11 22:00:00+00:00,5.964170319228579,576.2185520454566,390,True
2021-02-19 16:15:00+00:00,5,GBP_AUD,LONG,1.78113,1.7798813114886594,1.783166065534022,1.7846834425567033,1.7869595080907252,806971.85,5,OVERLAP,2.0,0.0015173770226813035,38.494302183407775,28.021782519310563,1.7875281807663292,1.7911442264091726,-46.21617627088792,False,7.776495510449237e-05,5.369615813555378,-66.3818076632916,0.7532467532465941,16,4,1.7798813114886594,SL,2021-02-19 16:30:00+00:00,-12.486885113407451,-1007.6564780703872,15,False
2021-02-22 16:00:00+00:00,5,GBP_AUD,LONG,1.77732,1.7763700975756984,1.779149707272905,1.7805295121215083,1.7825992193944133,1050191.98,5,OVERLAP,2.0,0.001379804848603314,34.812514148936394,42.34019625308791,1.7787793202058884,1.7837968523526628,-14.534809591999487,False,-8.401168784478638e-05,41.70954534766404,-16.99320205888366,0.42391304347847075,16,0,1.7763700975756984,SL,2021-02-22 19:15:00+00:00,-9.499024243015963,-997.5799077840935,195,False
2021-02-23 10:45:00+00:00,5,GBP_AUD,SHORT,1.78384,1.7850399109756763,1.782160267072971,1.7808804451216185,1.7789607121945894,823064.48,5,LONDON,2.0,0.0012798219513526538,59.22985927630744,73.4849979826239,1.7792529422091172,1.7808822175843333,23.424984922499892,False,0.0004229893645679038,84.23720203529147,48.27057790882883,0.3647058823529719,10,1,1.7820084555962765,TP1+TP2+SL,2021-02-23 13:45:00+00:00,22.22024002908984,1828.8690305018015,180,True
2021-02-23 16:45:00+00:00,5,GBP_AUD,SHORT,1.7831299999999999,1.7846778094140525,1.7812465717578427,1.7798309529297378,1.7777075246875804,649881.56,5,OVERLAP,2.0,0.001415618828104849,19.33561705035624,58.09521115015302,1.7811064938791734,1.7811645030388783,11.50442545595265,False,9.764896349606731e-06,51.438848920862085,22.63506120826486,0.25423728813557406,16,1,1.7846778094140525,SL,2021-02-23 23:00:00+00:00,-15.478094140526368,-1005.8927965872135,375,False
2021-03-02 09:15:00+00:00,5,GBP_AUD,LONG,1.78956,1.7885045130127972,1.7915564609616086,1.7930474349360144,1.7952838958976232,943482.85,5,LONDON,2.0,0.0014909739744057805,30.51042916643972,42.03998047126713,1.7914161207574468,1.7928981806760653,-20.629861931309446,False,0.00011073507158601548,20.882116949680096,-20.961207574468066,0.9214659685863412,9,1,1.7885045130127972,SL,2021-03-02 09:30:00+00:00,-10.554869872028137,-995.8338708240243,15,False
2021-03-09 12:00:00+00:00,5,GBP_AUD,LONG,1.80024,1.798581923045436,1.8022742308636917,1.8037903847728196,1.8060646156365112,594589.73,5,LONDON,2.0,0.0015161539091277827,54.82123895961964,31.481770412307142,1.8042991866170852,1.8026683080334072,-24.039590889846085,False,-0.00027772754737505063,28.71701488723079,-42.99186617085171,0.3076923076922958,12,1,1.801952366601747,TP1+TP2+SL,2021-03-09 14:00:00+00:00,25.763195749538337,1531.8531604655147,120,True
2021-03-11 09:30:00+00:00,5,GBP_AUD,LONG,1.79402,1.7927268875918034,1.7956193372245897,1.796845562040983,1.7986848992655728,774251.38,5,LONDON,2.0,0.001226224816393219,43.69085070037915,32.06852132130528,1.7976439601538774,1.800687614989427,4.487373072810108,False,-6.634786268999303e-05,47.462390159017055,-38.639601538774656,0.047619047619005664,9,3,1.79402,TP1+SL,2021-03-11 12:45:00+00:00,6.397348898358857,495.3156212895825,195,True
2021-03-12 16:00:00+00:00,5,GBP_AUD,LONG,1.79213,1.7904220495403773,1.794523851378868,1.7962797522981133,1.7989136036769813,589096.26,5,OVERLAP,2.0,0.001755900919245329,25.472528986407063,39.54430750495831,1.7950509264745276,1.7973458133868103,-30.65938027836168,False,2.8379130898261123e-05,39.52630978818531,-31.609264745275922,0.5721925133690399,16,4,1.79213,TP1+SL,2021-03-12 21:45:00+00:00,9.575405515471758,564.0835577147785,345,True
2021-03-17 12:15:00+00:00,5,GBP_AUD,SHORT,1.80003,1.801150037008978,1.7984698889730666,1.797269814955111,1.7954697039281775,903352.34,5,LONDON,2.0,0.0012000740179556536,30.2259229446758,59.10675257517752,1.7978025658770223,1.7952142988086792,5.991733217771689,False,5.626078073945858e-05,53.39788779947987,24.674341229777852,0.010416666666734128,12,2,1.801150037008978,SL,2021-03-17 12:45:00+00:00,-11.200370089778922,-1011.7880529467799,30,False
2021-03-22 14:45:00+00:00,5,GBP_AUD,LONG,1.78671,1.7852358255758844,1.7887625232723465,1.7902908721205775,1.7925833953929238,679478.74,5,OVERLAP,2.0,0.0015283488482309494,44.16208272628812,34.56021962654766,1.7907111322794345,1.7919508181459816,-41.169781829200055,False,-0.0002907975783592281,36.41083180642147,-42.411322794344564,0.5913043478261071,14,0,1.789219846821279,TP1+TP2+SL,2021-03-22 21:00:00+00:00,27.55327521425377,1872.1864725454382,375,True
2021-04-07 10:15:00+00:00,5,GBP_AUD,SHORT,1.8125499999999999,1.814064370689587,1.8107068879312391,1.8093181465520654,1.8072350344833046,673805.99,5,LONDON,2.0,0.001388741379173815,52.3027904804827,71.28683803586853,1.8078086779612803,1.8107597568580152,15.08738758950079,False,0.00046691178676283324,63.98217821781943,49.81322038719593,0.14953271028053675,10,2,1.8072350344833046,TP3,2021-04-07 12:45:00+00:00,30.92979310017174,2084.067986035639,150,True
2021-04-12 14:30:00+00:00,5,GBP_AUD,SHORT,1.80343,1.8047478341387904,1.8018464975836295,1.8006308293060491,1.7988073268896787,790109.08,5,OVERLAP,2.0,0.0012156682775803628,13.997989336985766,54.36853212767591,1.8021844501453503,1.8009607779591434,3.6889771971493346,False,-7.810187638396715e-05,70.48576749135655,14.855498546497703,0.026548672566543835,14,0,1.8047478341387904,SL,2021-04-12 18:45:00+00:00,-13.178341387902746,-1041.2327189921762,255,False
2021-04-20 16:15:00+00:00,5,GBP_AUD,SHORT,1.80137,1.8029269422623608,1.799159173212918,1.7975252886881965,1.7950744619011145,662080.04,5,OVERLAP,2.0,0.0016338845247213373,45.53160429062369,64.46015534505507,1.7975803786374973,1.794233426352454,40.51743868528135,False,0.0005919801582167457,51.17764476000093,40.29621362502622,0.0899999999999134,16,1,1.8029269422623608,SL,2021-04-20 16:30:00+00:00,-15.569422623609166,-1030.8203953416062,15,False
2021-04-20 16:30:00+00:00,5,GBP_AUD,SHORT,1.80263,1.8041914463864777,1.8004056608405667,1.7987627680676113,1.7962984289081778,653568.51,5,OVERLAP,2.0,0.0016428927729555264,46.14077437839328,67.95621309222742,1.7977878147693602,1.7943193624086486,51.74052922332084,False,0.0005731235134862911,49.562451570741416,50.82185230639746,0.7142857142857324,16,1,1.8041914463864777,SL,2021-04-20 18:15:00+00:00,-15.614463864777049,-1020.5121882551178,105,False
2021-04-21 15:30:00+00:00,5,GBP_AUD,LONG,1.79662,1.7951819158330342,1.7986542525008977,1.8001704208348295,1.8024446733357273,702536.81,5,OVERLAP,2.0,0.0015161683339317879,54.81025150303213,25.055943319943054,1.8022178036638847,1.7998516309442707,-54.48687204633984,False,-0.0005080600563594617,19.997874130331358,-58.37803663884644,0.4338235294117299,15,2,1.7951819158330342,SL,2021-04-21 20:45:00+00:00,-14.380841669658915,-1010.307063171725,315,False
2021-04-22 14:30:00+00:00,5,GBP_AUD,LONG,1.79335,1.791926313774206,1.795281058677382,1.79672843112897,1.7988994898063522,702545.25,5,OVERLAP,2.0,0.0014473724515880312,20.50447123816469,42.71811205434805,1.7952999888685013,1.797511920916028,-8.60202678723665,False,7.405062836188996e-05,42.96096530248769,-21.899888685013025,0.22222222222230054,14,3,1.791926313774206,SL,2021-04-22 14:45:00+00:00,-14.236862257939187,-1000.203995421945,15,False
2021-04-23 16:15:00+00:00,5,GBP_AUD,LONG,1.79049,1.7889982054690325,1.7923253835929025,1.7937089726548374,1.79578435624774,663765.64,5,OVERLAP,2.0,0.0013835890619350517,37.356404883573184,40.135981951751035,1.792705519265254,1.7949567920738787,-22.29354941745809,False,-0.00014972995010943614,52.35122756128768,-24.555192652540025,0.266666666666716,16,4,1.7889982054690325,SL,2021-04-23 17:15:00+00:00,-14.91794530967372,-990.2019515960575,60,False
2021-04-27 11:00:00+00:00,5,GBP_AUD,SHORT,1.78738,1.7885745082319084,1.785806475304275,1.7845974588404585,1.7827839341447338,820672.4,5,LONDON,2.0,0.0012090164638165683,47.72477051659167,67.35020510473183,1.7839951475545446,1.7861633058448223,15.912379737252902,False,0.00032295560504945193,62.19886351242417,36.248524454554065,0.24038461538466055,11,1,1.78738,TP1+SL,2021-04-27 12:00:00+00:00,6.294098782899659,516.5393153999343,60,True
2021-05-04 09:45:00+00:00,5,GBP_AUD,SHORT,1.79815,1.799462093732062,1.7967037188038135,1.7955795313396894,1.793893250143503,751063.21,5,LONDON,2.0,0.0011241874641242492,48.343467907517166,75.96074933136505,1.794130681332563,1.7926534122223732,10.076451346054949,False,0.00041008011568279966,82.48253928223414,42.59318667436895,0.4918032786884709,9,1,1.799462093732062,SL,2021-05-04 10:00:00+00:00,-13.120937320620918,-985.4653302234345,15,False
2021-05-05 15:30:00+00:00,5,GBP_AUD,LONG,1.7956400000000001,1.7943196386878084,1.7972610839365746,1.7985018065609577,1.8003628904975324,738896.75,5,OVERLAP,2.0,0.0012407226243830456,31.461645373932022,36.55382068747242,1.7979476951036717,1.797145597623511,-19.56435876866891,False,-0.00015377700781607473,40.73607878170068,-25.476951036715878,0.38709677419353683,15,2,1.7943196386878084,SL,2021-05-05 20:45:00+00:00,-13.203613121917092,-975.6106824041892,315,False
2021-05-06 15:45:00+00:00,5,GBP_AUD,LONG,1.78716,1.7853297542165103,1.7897407373504695,1.7916212289174491,1.7944419662679185,527718.51,5,OVERLAP,2.0,0.0018804915669795874,58.00720395722177,32.815199667826036,1.7931613173178511,1.7955191490737699,-60.40417752050553,False,-0.0005591353522911477,21.109607920633128,-62.41317317851047,0.666666666666864,15,3,1.7853297542165103,SL,2021-05-06 19:15:00+00:00,-18.30245783489781,-965.8545777970099,210,False
2021-05-10 15:30:00+00:00,5,GBP_AUD,SHORT,1.79593,1.7973022196518051,1.7938833410445845,1.792358901740974,1.7900722427855584,696824.32,5,OVERLAP,2.0,0.0015244393036104235,61.52637948991956,68.29894491881433,1.79116400120562,1.7893716760238967,38.886864444958036,False,0.00029028831898091144,43.656831680836426,50.059987943800174,0.330578512396676,15,0,1.7973022196518051,SL,2021-05-10 16:00:00+00:00,-13.722196518051177,-956.1960257597378,30,False
2021-05-10 16:15:00+00:00,5,GBP_AUD,SHORT,1.7967199999999999,1.7978503066964344,1.7947390799106966,1.7932584665178277,1.7910375464285244,837501.95,5,OVERLAP,2.0,0.0014806133928688449,58.6397748533596,70.12939204598959,1.7918160423806833,1.789595056198703,43.99999117580933,False,0.00015204604873638068,60.074977829130944,51.4395761931663,0.12037037037033992,16,0,1.7978503066964344,SL,2021-05-10 16:30:00+00:00,-11.303066964345463,-946.6340623619907,15,False
2021-05-10 16:30:00+00:00,5,GBP_AUD,SHORT,1.79735,1.798664570503832,1.795416288488504,1.79396714748084,1.7917934359693444,712907.92,5,OVERLAP,2.0,0.0014491410076639382,58.27942273803404,72.27753700044912,1.7920424720912447,1.789674607878318,49.505854095528434,False,0.00013530694237810065,69.93946159028424,55.47527908755345,0.5865384615383753,16,0,1.798664570503832,SL,2021-05-10 17:00:00+00:00,-13.145705038319909,-937.1677235802168,30,False
2021-05-11 14:45:00+00:00,5,GBP_AUD,SHORT,1.8053,1.8068638153567713,1.802948553929686,1.8012209232161431,1.798629477145829,593290.02,5,OVERLAP,2.0,0.0017276307135427058,29.816886831019616,57.97317173184856,1.8027366076297244,1.7973170523776798,24.441968604107522,False,5.04161163556718e-05,67.9103022884388,28.033923702754926,0.7198067632850144,14,1,1.8053,TP1+SL,2021-05-11 16:15:00+00:00,9.405784281256047,558.0357944342086,90,True
2021-05-14 16:45:00+00:00,5,GBP_AUD,LONG,1.81282,1.8115607008900554,1.8145278973298344,1.815826495549724,1.8177743928795584,741187.22,5,OVERLAP,2.0,0.0012985982198895731,41.391508730573165,34.72924380429444,1.8152657950998587,1.8154543907800702,-26.82631056132978,False,-1.843279408204456e-05,68.30990451029909,-26.857950998586677,0.3764705882352388,16,4,1.8115607008900554,SL,2021-05-14 17:00:00+00:00,-12.592991099447113,-933.3764064483951,15,False
2021-05-17 08:15:00+00:00,5,GBP_AUD,SHORT,1.81798,1.8188851164401594,1.8162846506795223,1.814994417799204,1.8130590684787262,1020910.24,5,LONDON,2.0,0.001290232880318445,39.082462044972004,57.999054006893985,1.815843602612257,1.8151429743240795,6.299779025984442,False,-3.076887491585572e-05,31.38863540383781,23.76397387742868,0.9050632911391889,8,0,1.8188851164401594,SL,2021-05-17 10:15:00+00:00,-9.051164401594479,-924.0426421511277,120,False
2021-05-17 15:30:00+00:00,5,GBP_AUD,SHORT,1.81964,1.8212285828114616,1.817814251565615,1.8164370859426917,1.8143713375083068,575860.58,5,OVERLAP,2.0,0.001377165622923292,26.19354196199361,56.269804919805296,1.818059739695441,1.8161080508443024,10.630128600066513,False,-9.980152575071765e-05,83.7614564313637,18.202603045589516,0.426229508196602,15,0,1.8212285828114616,SL,2021-05-17 17:30:00+00:00,-15.885828114616805,-914.802219186354,120,False
2021-05-20 08:00:00+00:00,5,GBP_AUD,LONG,1.82201,1.8206795228149912,1.8234214315550261,1.8245223859250435,1.8261738174800695,680698.78,5,LONDON,2.0,0.001100954370017417,20.76383891111486,40.00812882280984,1.8237838785142506,1.8232668869910245,0.5999999999994898,False,0.00011131106522304052,37.725866444184284,-20.13878514250722,0.011111111111182384,8,3,1.82201,TP1+SL,2021-05-20 11:00:00+00:00,5.645726220104842,384.30389502393774,180,True
2021-05-20 11:30:00+00:00,5,GBP_AUD,LONG,1.82204,1.820879634114764,1.8234810976557083,1.8246018294261803,1.8262829270818883,783802.11,5,LONDON,2.0,0.001120731770472083,23.96413708456727,41.656571215072724,1.8233275816045458,1.8231987033088008,-9.27018507787647,False,-1.4949940337961138e-05,17.464327611388395,-15.275816045456914,0.4220183486237523,11,3,1.820879634114764,SL,2021-05-20 12:00:00+00:00,-11.603658852361587,-909.497229220119,30,False
2021-05-24 15:00:00+00:00,5,GBP_AUD,LONG,1.82681,1.8258723463847968,1.8283029608456092,1.8294582680760152,1.8311912289216241,960271.73,5,OVERLAP,2.0,0.0011553072304060258,28.421474372188538,37.9379061646872,1.8288630808234696,1.8282033188899427,-24.246485188479383,False,-0.000140971399123224,29.330044508235293,-22.930808234695732,0.6153846153846592,15,0,1.8258723463847968,SL,2021-05-24 18:15:00+00:00,-9.3765361520326,-900.4022592119887,195,False
2021-05-27 13:00:00+00:00,5,GBP_AUD,SHORT,1.82972,1.8310285652801797,1.8278643041594609,1.8264671735991014,1.8243714777585622,681202.73,5,OVERLAP,2.0,0.0013971305603594517,45.989822001452424,69.15275326635303,1.8250617490372567,1.8240311299210439,33.80166203961865,False,0.0003826735640745766,47.662093394336694,48.982509627433224,0.475862068965588,13,3,1.8310285652801797,SL,2021-05-27 13:30:00+00:00,-13.08565280179641,-891.3982412415863,30,False
2021-05-27 15:30:00+00:00,5,GBP_AUD,SHORT,1.83145,1.8331251058656737,1.8295146824029793,1.8280644706716322,1.8258891530746117,526822.97,5,OVERLAP,2.0,0.0014502117313470958,42.53215982891716,67.76757709836617,1.8269299796153293,1.8246655272114356,34.62695956469419,False,-3.977365580257533e-06,87.18485919973699,47.60020384670715,0.08620689655171093,15,3,1.8331251058656737,SL,2021-05-27 16:00:00+00:00,-16.75105865673654,-882.4842472186153,30,False
2021-05-31 09:45:00+00:00,5,GBP_AUD,LONG,1.8328,1.8319379741890889,1.8340660774327338,1.8350701290545564,1.8365762064872904,1013495.65,5,LONDON,2.0,0.001004051621822581,54.0826504546058,36.56627113990639,1.8357845469346552,1.834562591749893,5.861296142910533,False,-4.044371008833864e-05,65.76983102816759,-32.24546934655237,0.46753246753268474,9,0,1.8319379741890889,SL,2021-05-31 10:00:00+00:00,-8.620258109111044,-873.659409546127,15,False
2021-06-01 15:45:00+00:00,5,GBP_AUD,LONG,1.82478,1.8230453323551354,1.826984002934594,1.8286133382243235,1.8310573411589175,498610.1,5,OVERLAP,2.0,0.0016293352897293462,48.97903391701469,27.503879629441215,1.8312202914376456,1.8336812807779932,-57.05757312181703,False,-0.00047745703147376796,8.284094343458671,-66.80291437645592,0.3072625698324376,15,1,1.8230453323551354,SL,2021-06-01 21:15:00+00:00,-17.346676448646292,-864.9228078727173,330,False
2021-06-02 14:15:00+00:00,5,GBP_AUD,LONG,1.8305500000000001,1.8294693568973766,1.832111929307871,1.833313215513118,1.8351151448209888,792374.08,5,OVERLAP,2.0,0.001201286205247198,19.042851882938322,54.50008738347557,1.8287869567290218,1.8298350981237306,2.637964729366171,False,-9.394411561027374e-05,69.51637624649346,15.23043270978297,0.32989690721639575,14,2,1.8294693568973766,SL,2021-06-02 14:30:00+00:00,-10.806431026235684,-856.2735842496957,15,False
2021-06-03 13:15:00+00:00,5,GBP_AUD,SHORT,1.83836,1.8394201330876552,1.8367996007370344,1.8355993345617239,1.8337989352987583,799626.82,5,OVERLAP,2.0,0.001200266175310434,74.78495164915319,68.05035232139397,1.8337998210552733,1.8309136954540426,22.66656937456757,False,7.363537494028093e-05,66.66666666666671,48.00178944726729,0.34074074074067984,13,3,1.8394201330876552,SL,2021-06-03 13:30:00+00:00,-10.601330876551794,-847.7108496584924,15,False
2021-06-04 09:30:00+00:00,5,GBP_AUD,SHORT,1.84281,1.8438689664094852,1.841523100771545,1.8405051679525748,1.8389782687241196,792502.7,5,LONDON,2.0,0.0010179328189701142,43.855571171511386,65.67440102864191,1.8409124820878453,1.8366127404762858,3.636904885462311,False,0.00037201587984498393,53.39189147413092,21.37517912154774,0.1969696969696103,9,4,1.8438689664094852,SL,2021-06-04 12:00:00+00:00,-10.58966409485107,-839.2337387262529,150,False
2021-06-04 15:00:00+00:00,5,GBP_AUD,LONG,1.83191,1.830497466571912,1.8341076002842636,1.8357326671404393,1.8381702674247027,588192.39,5,OVERLAP,2.0,0.0016250668561757185,57.087345483053056,24.32286623698488,1.839190750145627,1.8370248438873766,-70.49333404274715,False,-0.000836042462870625,17.382926098149596,-75.20750145627142,0.5491803278689927,15,4,1.830497466571912,SL,2021-06-04 15:15:00+00:00,-14.12533428087892,-830.8414130219104,15,False
2021-06-04 16:00:00+00:00,5,GBP_AUD,LONG,1.83122,1.8296540983642333,1.8332177049073004,1.834709508178834,1.8369472130861344,525277.56,5,OVERLAP,2.0,0.0014918032715336065,59.030717109742255,28.078587302127175,1.8378866136143275,1.8367633282289026,-69.91209646805885,False,-0.0005497925865836045,28.530161284260306,-69.06613614327428,0.40298507462688543,16,4,1.8296540983642333,SL,2021-06-04 16:30:00+00:00,-15.659016357667532,-822.532990435569,30,False
2021-06-04 16:30:00+00:00,5,GBP_AUD,LONG,1.83035,1.8288307786916091,1.8322376639251723,1.8336561065419537,1.835783770467126,536003.32,5,OVERLAP,2.0,0.0014184426167815384,55.971734950021585,26.05527570853873,1.8373006994571321,1.8366347348133163,-77.03297262005471,False,-0.000336671987775252,41.60308008494933,-71.90699457132243,0.3510638297873471,16,4,1.8288307786916091,SL,2021-06-04 18:15:00+00:00,-15.192213083907724,-814.3076651121978,105,False
2021-06-08 11:30:00+00:00,5,GBP_AUD,LONG,1.8261100000000001,1.8254165807204155,1.8271402578387537,1.8279870963979226,1.8292573542366761,1162593.27,5,LONDON,2.0,0.0008468385591689816,21.41292797408726,41.14690473061805,1.8268560081578076,1.82883394670272,-3.1102488616019386,False,4.584619341305374e-05,29.583108086627476,-9.86008157807472,0.5794392523362333,11,1,1.8254165807204155,SL,2021-06-08 11:45:00+00:00,-6.934192795846616,-806.164587733376,15,False
2021-06-08 11:45:00+00:00,5,GBP_AUD,LONG,1.82552,1.8247478963832429,1.826546310850271,1.827390518083785,1.8286568289340561,1033673.36,5,LONDON,2.0,0.0008442072335140527,22.7438781157149,35.968276847921004,1.826794203916325,1.8287985840489616,-8.652198957967983,False,-2.041649842550008e-05,19.974471109570754,-15.142039163249521,0.7654320987655336,11,1,1.826356452931211,TP1+TP2+SL,2021-06-08 13:00:00+00:00,13.260221598646371,1370.6737814217367,75,True
2021-06-14 09:30:00+00:00,5,GBP_AUD,LONG,1.82613,1.8252670105333955,1.8276389683998135,1.8288049473330226,1.830553915732836,940694.77,5,LONDON,2.0,0.001165978933209005,52.02606119071023,30.14459741056966,1.8295732809040035,1.828950703434184,-5.17324710010314,False,-0.00028518615211300144,28.161067296668648,-36.83280904003494,0.034482758620722656,9,0,1.8279839913718743,TP1+TP2+SL,2021-06-14 14:15:00+00:00,20.443645675092714,1923.1230566292838,285,True
2021-06-24 13:00:00+00:00,5,GBP_AUD,LONG,1.835,1.8335943964555952,1.837326810633214,1.8390380177220234,1.8416048283552373,591234.22,5,OVERLAP,2.0,0.0017112070888093234,53.52813988731509,28.20624500878189,1.8408370810259382,1.8437324962679882,-45.5795766873246,False,-0.0006288830597811356,49.70266419578092,-60.77081025938291,0.7464788732394917,13,3,1.835,TP1+SL,2021-06-24 21:00:00+00:00,9.307242532855755,550.2760279263796,480,True
2021-06-28 09:30:00+00:00,5,GBP_AUD,SHORT,1.83456,1.835805522221666,1.833103433335002,1.8319723888916701,1.8302758222266722,671640.9,5,LONDON,2.0,0.0011310444433319617,50.762182428094874,63.573538787076195,1.8317811220763511,1.8336741152890985,2.9362152031953137,False,0.0001506240867211045,49.13109072696042,30.18877923648855,0.4687500000000289,9,0,1.83456,TP1+SL,2021-06-28 11:30:00+00:00,5.826266659991753,391.3158983156855,120,True
2021-06-30 11:30:00+00:00,5,GBP_AUD,SHORT,1.84707,1.8481163333735384,1.8453709998793846,1.8440783331323074,1.842139333011692,803240.01,5,LONDON,2.0,0.0012926667470770233,52.82773740162982,67.7390880544661,1.843211140513047,1.8395422586463817,19.99131913742902,False,0.0003357485672530057,40.98298202053235,40.98859486953099,0.5903614457833356,11,2,1.842139333011692,TP3,2021-06-30 13:30:00+00:00,28.62400192984804,2299.194359637116,120,True
2021-07-07 16:30:00+00:00,5,GBP_AUD,SHORT,1.84264,1.8436113793879512,1.840775861836147,1.839373103060245,1.837268964896392,888889.33,5,OVERLAP,2.0,0.0014027587759020388,27.44244514775174,61.77711275383477,1.840231111721384,1.838932382302081,30.05508433487236,False,0.00019928970680043877,60.36036036036165,26.488882786159795,0.9277108433735649,16,2,1.8436113793879512,SL,2021-07-07 17:30:00+00:00,-9.713793879511101,-863.4487733316723,60,False
2021-07-09 10:30:00+00:00,5,GBP_AUD,LONG,1.85128,1.849840968279657,1.8530170951610287,1.8543351586017147,1.8563122537627434,594020.46,5,LONDON,2.0,0.0013180634406858428,56.3466792480191,39.55891308090709,1.8534747447814421,1.8499591308511083,-1.5711855993227886,False,-0.00012349708511837586,43.78003373289956,-24.34744781442122,0.373983739837482,10,4,1.849840968279657,SL,2021-07-09 11:15:00+00:00,-14.39031720342987,-854.8142844727324,45,False
2021-07-13 09:00:00+00:00,5,GBP_AUD,LONG,1.85228,1.8509391950011442,1.8538424149965673,1.8550440249942788,1.8568464399908462,631162.73,5,LONDON,2.0,0.0012016099977115763,25.719256834267796,44.980998687734626,1.853801336397474,1.8542392826841507,1.5505792360581694,False,-6.699155400736534e-05,28.921650055371614,-17.613363974740004,0.5365853658536255,9,1,1.8538928451147814,TP1+TP2+SL,2021-07-13 12:45:00+00:00,20.531450192947883,1295.8686154640013,225,True
2021-07-14 10:15:00+00:00,5,GBP_AUD,SHORT,1.85958,1.8608227186085888,1.8578918441742336,1.856606406957056,1.8546782511312896,691407.39,5,LONDON,2.0,0.0012854372171775981,56.8046195876583,66.76189633678275,1.8560575787845122,1.854694366258619,-1.031479744255659,False,0.00013841034475414954,20.886464927776803,37.624212154878656,0.2947368421053222,10,2,1.8608227186085888,SL,2021-07-14 10:30:00+00:00,-12.427186085888218,-859.224829668829,15,False
2021-07-14 10:30:00+00:00,5,GBP_AUD,SHORT,1.8605,1.8615735958508324,1.8588092124475026,1.8575220207458378,1.8555912331933404,792321.04,5,LONDON,2.0,0.0012871917016649072,54.51074869000995,70.36525709646719,1.856241203145904,1.8547545218182349,7.895545689167172,False,0.00011543987857845104,46.86448057602678,44.98796854096154,0.6793893129771833,10,2,1.8555912331933404,TP3,2021-07-14 12:45:00+00:00,28.49260083995775,2257.52871298202,135,True
2021-07-15 11:15:00+00:00,5,GBP_AUD,SHORT,1.86085,1.8622962636134845,1.8583712091595463,1.8565586819325772,1.8538398910921237,603768.12,5,LONDON,2.0,0.0018125272269690403,44.951964119124995,67.56574906937027,1.8545382348557202,1.854257899215031,48.229595415494316,False,0.0009040109458093237,63.114108361349814,65.51765144279686,0.7612903225805389,11,3,1.8622962636134845,SL,2021-07-15 11:45:00+00:00,-14.462636134846552,-873.2078629380369,30,False
2021-07-20 14:30:00+00:00,5,GBP_AUD,LONG,1.85811,1.8564359932050927,1.860222020384722,1.8617900339745366,1.8641420543592586,516411.16,5,OVERLAP,2.0,0.0015680135898146561,46.439128345490396,37.57151773401442,1.861236021123399,1.8620778623453171,-24.627638872787294,False,6.6143507223537755e-06,28.904428904426435,-33.6602112339901,0.39436619718303034,14,1,1.85811,TP1+SL,2021-07-20 15:45:00+00:00,8.448081538888097,436.26835872717874,75,True
2021-07-20 15:45:00+00:00,5,GBP_AUD,LONG,1.85869,1.857115738912913,1.8608927832612612,1.8625213054354353,1.8649640886966965,551902.4,5,OVERLAP,2.0,0.0016285221741741624,30.571977317443366,42.892049863811195,1.8608472797831292,1.8619329689146502,-16.704864064474023,False,0.0002927530822703578,50.476034319491674,-23.972797831293136,0.33653846153855393,15,1,1.8618651451848895,TP1+TP2+SL,2021-07-21 04:00:00+00:00,30.486645156565295,1682.5652629856763,735,True
2021-07-21 09:45:00+00:00,5,GBP_AUD,SHORT,1.86407,1.865250629347845,1.8624481119564646,1.8612068532607744,1.859344965217239,750162.72,5,LONDON,2.0,0.0012412586956902264,27.458409835275873,59.01776510714262,1.8621521527783587,1.861514166929643,12.835546287459643,False,-0.00014372000170323712,75.08336130692345,21.578472216412514,0.3578947368421102,9,2,1.859344965217239,TP3,2021-07-21 11:00:00+00:00,27.390208696564944,2054.7113457182813,75,True
2021-07-23 11:45:00+00:00,5,GBP_AUD,LONG,1.86267,1.8612126931249828,1.8643119206250511,1.8655665343750854,1.8674484550001365,621839.68,5,LONDON,2.0,0.0012546137500341272,20.799526999977026,43.3004283383437,1.864044215579315,1.864036216195386,-1.2390076648127746,False,2.5169921201936146e-05,81.43428699952118,-16.142155793150703,0.15294117647054215,11,4,1.86267,TP1+SL,2021-07-23 12:30:00+00:00,6.5676825002043415,408.4045584268668,45,True
2021-08-02 13:45:00+00:00,5,GBP_AUD,LONG,1.88572,1.884807941482635,1.8872261755520943,1.888390292586824,1.8901364681389181,998066.75,5,OVERLAP,2.0,0.0011641170347294998,67.62937281081412,25.684508439304565,1.8900869380808467,1.8900976019351294,-30.040618167372912,False,-0.00016885543916482179,59.808612440192256,-46.069380808466676,0.3749999999999783,13,0,1.884807941482635,SL,2021-08-02 14:00:00+00:00,-9.120585173649776,-910.2952802362818,15,False
2021-08-06 15:45:00+00:00,5,GBP_AUD,SHORT,1.88538,1.8868798788869745,1.8836103633390766,1.8822706055651277,1.8802609689042042,600843.4,5,OVERLAP,2.0,0.0013397577739489369,55.19422287769844,57.9371922704997,1.883679103041914,1.8823607929433641,18.862215420876183,False,0.00022284194670699913,61.93482579749809,19.408969580860802,0.28971962616828056,15,4,1.8868798788869745,SL,2021-08-06 18:30:00+00:00,-14.998788869744484,-901.1923300379433,165,False
2021-08-09 10:15:00+00:00,5,GBP_AUD,SHORT,1.8912,1.892166798066344,1.8895596058009685,1.8883060096682807,1.8864256154692491,922819.81,5,LONDON,2.0,0.0012535961326876964,33.03188442279518,66.46978039178428,1.8874894281817534,1.884904595115716,21.297288726451757,False,0.0004393131374461456,70.04523864631828,39.50571818246651,0.8636363636364783,10,0,1.8864256154692491,TP3,2021-08-09 11:45:00+00:00,27.686307184505036,2554.947273560658,90,True
2021-08-11 13:45:00+00:00,5,GBP_AUD,LONG,1.879,1.8776315863246693,1.8808852410259917,1.8823020683766531,1.884427309402645,670652.37,5,OVERLAP,2.0,0.0014168273506612503,39.77971373838314,30.53495664925731,1.8831333351788555,1.884903719419282,-30.517975382444718,False,-0.000620605222527594,28.17797044742385,-43.7333517885552,0.36842105263165276,13,2,1.8814415139443763,TP1+TP2+SL,2021-08-12 01:15:00+00:00,25.632265499332174,1719.0339605596355,690,True
2021-08-13 15:45:00+00:00,5,GBP_AUD,LONG,1.87854,1.8776499742704866,1.8799800771885398,1.8811001286475664,1.882780205836106,1050441.79,5,OVERLAP,2.0,0.0011200514590264852,33.778532794213326,38.99982965021821,1.8803154947396075,1.8817078154060727,-16.71504450178496,False,-0.0002536643415377986,51.90476190476587,-20.15494739607382,0.7397260273971186,15,4,1.8805073520731965,TP1+TP2+SL,2021-08-13 19:45:00+00:00,19.935527490816614,2094.1111182047616,240,True
2021-08-20 08:15:00+00:00,5,GBP_AUD,SHORT,1.9137,1.9153769472075632,1.9116991583773104,1.910205263962184,1.9079644223394943,570000.85,5,LONDON,2.0,0.0014938944151264052,48.9150672917302,64.47912670206085,1.9100213093195904,1.904839188820699,3.271836456635313,False,0.0002071014666767436,59.01162790697796,39.186906804096196,0.37016574585630685,8,4,1.9079644223394943,TP3,2021-08-20 13:30:00+00:00,33.453465963033224,1906.8504034375007,315,True
2021-08-23 10:15:00+00:00,5,GBP_AUD,LONG,1.9051500000000001,1.9039884629573363,1.9066546111279914,1.907817685213319,1.9095622963413104,839344.59,5,LONDON,2.0,0.0011630740853275452,33.09395365469424,43.819858001267285,1.9063785056857807,1.9065856434511517,1.3914428241146304,False,-5.958080029775769e-05,80.68233710673725,-14.685056857806078,0.5641025641025568,10,0,1.9039884629573363,SL,2021-08-23 10:30:00+00:00,-11.615370426638627,-974.9298328445124,15,False
2021-08-24 11:45:00+00:00,5,GBP_AUD,LONG,1.89404,1.892813512556646,1.895619462330062,1.89683243721677,1.8986518995468318,786946.94,5,LONDON,2.0,0.0012129748867079897,40.68183991303532,32.05233730588952,1.898311236926155,1.90272018748616,-17.41858353397463,False,-0.00012762311774041453,35.34667926797682,-45.11236926155071,0.054545454545425184,11,1,1.892813512556646,SL,2021-08-24 12:30:00+00:00,-12.26487443353852,-965.1805404957371,45,False
2021-08-25 10:00:00+00:00,5,GBP_AUD,LONG,1.89034,1.889529716710889,1.891570849867333,1.8925514164455548,1.8940222663128878,1179252.67,5,LONDON,2.0,0.0009805665782219974,33.687538806351974,34.099461746235946,1.8926596584652569,1.8966259829078875,-17.251157302511366,False,-0.00035602763055996185,23.131102412025253,-25.596584652569643,0.8142857142860632,10,2,1.89034,TP1+SL,2021-08-25 12:30:00+00:00,4.923399469332067,580.5931969686424,150,True
2021-08-25 16:30:00+00:00,5,GBP_AUD,LONG,1.89002,1.888882772251728,1.8914816832448158,1.8926161387413596,1.8943178219861754,845331.7,5,OVERLAP,2.0,0.0011344554965438288,29.778192332239172,46.03614748827224,1.8910838027754402,1.8951839224117994,-9.153561471204608,False,-1.4828698281191917e-05,52.08831024048376,-13.03802775440177,0.5283018867926426,16,2,1.891222467530373,TP1+TP2+SL,2021-08-25 18:15:00+00:00,18.636223005447317,1575.3790074773888,105,True
2021-09-07 09:00:00+00:00,5,GBP_AUD,SHORT,1.8641,1.8651540610140427,1.8621078169578715,1.8606196949297857,1.8583875118876572,926975.23,5,LONDON,2.0,0.0014881220280857632,18.32378945320108,58.247574922824455,1.861751296829339,1.8623185072811825,5.426489047350991,False,2.3230378262011943e-07,59.7722771487445,25.887031706610664,0.951724137931176,9,1,1.8651540610140427,SL,2021-09-07 09:15:00+00:00,-10.540610140425953,-977.0884509261681,15,False
2021-09-07 15:45:00+00:00,5,GBP_AUD,SHORT,1.86512,1.8662523178631705,1.8631930464104882,1.861748410684147,1.8595814570946352,854280.94,5,OVERLAP,2.0,0.0014446357263411611,19.136059721365545,54.00617010949086,1.8637425781741626,1.8628745550588774,6.276301126038053,False,-7.759055551395384e-06,26.36224331739903,16.174218258373507,0.8090909090908486,15,1,1.8662523178631705,SL,2021-09-07 19:15:00+00:00,-11.323178631705844,-967.3175685281582,210,False
2021-09-10 16:30:00+00:00,5,GBP_AUD,SHORT,1.87908,1.8802764798644913,1.8773505604065261,1.8760376006775437,1.8740681610840697,800384.88,5,OVERLAP,2.0,0.0013129597289826163,58.72147815258979,66.93436973859522,1.8764440428456872,1.8737388441951686,32.51680074680907,False,0.0003994470380558568,51.74157707197591,28.759571543128803,0.07407407407415022,16,4,1.8802764798644913,SL,2021-09-10 19:00:00+00:00,-11.964798644912289,-957.6443927632286,150,False
2021-09-20 15:15:00+00:00,5,GBP_AUD,LONG,1.88415,1.8827108893949875,1.8864273318150373,1.8881055530250621,1.8906228848400992,658787.41,5,OVERLAP,2.0,0.0016782212100248303,55.366545055627185,33.89308712245426,1.8887752869988266,1.8894953687364473,-35.73205593672357,False,-0.0002696312027226566,38.4869532727546,-48.65286998826601,0.08421052631587313,15,0,1.88415,TP1+SL,2021-09-20 19:15:00+00:00,9.109327260149236,600.1110112556112,240,True
2021-09-21 08:30:00+00:00,5,GBP_AUD,LONG,1.88094,1.8799869382451218,1.882299185264635,1.8833653087743916,1.8849644940390264,1001056.91,5,LONDON,2.0,0.0010661235097566013,24.34925636687475,47.23959153129578,1.8817688140560738,1.885725992080122,-5.609602063314512,False,0.00016030338625299266,36.56931303990282,-10.688140560737303,0.5593220338982253,8,1,1.8799869382451218,SL,2021-09-21 08:45:00+00:00,-9.530617548783038,-954.0690553776523,15,False
2021-09-21 15:15:00+00:00,5,GBP_AUD,SHORT,1.88751,1.8886329342166523,1.8855811973500431,1.8841353289167386,1.8819665262667817,841125.29,5,OVERLAP,2.0,0.0014458684333045672,59.49792452159458,63.51763604238001,1.884071567251845,1.885479866832719,30.38799016181759,False,9.396836810313721e-05,57.91309649883042,36.78432748154936,0.5619834710744226,15,1,1.8886329342166523,SL,2021-09-21 18:15:00+00:00,-11.229342166523269,-944.5283686326114,180,False
2021-09-24 10:30:00+00:00,5,GBP_AUD,SHORT,1.88561,1.88675597426035,1.88400207721895,1.88277012869825,1.8809222059172,815972.15,5,LONDON,2.0,0.001231948520700025,41.402700768258754,67.10872139097869,1.8823689154184107,1.8820162895342198,11.76134938986717,False,0.00013944674685232965,66.32830215419453,34.81084581589355,0.5181818181818384,10,4,1.88675597426035,SL,2021-09-24 11:15:00+00:00,-11.459742603499024,-935.0830810623696,45,False
2021-09-27 10:00:00+00:00,5,GBP_AUD,SHORT,1.88624,1.8876858758862936,1.8843323723411192,1.882900620568532,1.880752992909651,640257.07,5,LONDON,2.0,0.0014317517725872435,54.45865330067137,69.23501232650298,1.8815741084988877,1.8819070308782733,10.817611000937255,False,0.00044648405990743733,72.14261615375841,49.058915011122025,0.2931034482758555,10,0,1.8876858758862936,SL,2021-09-27 11:15:00+00:00,-14.458758862936348,-925.7322585420158,75,False
2021-10-06 08:00:00+00:00,5,GBP_AUD,LONG,1.8754,1.8740230987557924,1.8770707037326226,1.878344506221038,1.8802552099536607,665606.87,5,LONDON,2.0,0.0012738024884152018,46.238078353773645,59.99958550425689,1.8727163612323516,1.8700569866101733,-2.2333333333346417,False,-4.6964472646060995e-06,46.263785366262844,24.43638767648304,0.06586826347295119,8,2,1.8740230987557924,SL,2021-10-06 08:45:00+00:00,-13.76901244207529,-916.4749274560791,45,False
2021-10-14 14:15:00+00:00,5,GBP_AUD,LONG,1.8463,1.845237149804613,1.8483485505861612,1.8498742509769355,1.8521628015630967,853657.63,5,OVERLAP,2.0,0.0015257003907741553,29.869394937034834,38.24878506780616,1.8493924052998383,1.85101923430361,-28.517342346401353,False,-0.00037942509868259104,30.838489583001984,-33.32405299838248,0.5800000000000148,14,3,1.845237149804613,SL,2021-10-14 14:45:00+00:00,-10.628501953870995,-907.3101788391882,30,False
2021-10-15 09:45:00+00:00,5,GBP_AUD,SHORT,1.85023,1.8516704051941688,1.8485787844174937,1.847317974029156,1.8454267584466497,623600.28,5,LONDON,2.0,0.0012608103883375817,54.07600105819,74.27743156627174,1.846019985211728,1.8477795822883958,7.1617187343631095,False,0.000486380563170239,63.59615136252243,44.50014788272005,0.44444444444424863,9,4,1.8516704051941688,SL,2021-10-15 10:30:00+00:00,-14.404051941687701,-898.2370823970995,45,False
2021-10-18 10:45:00+00:00,5,GBP_AUD,SHORT,1.85754,1.8591046048119728,1.8557861855640818,1.8544569759401364,1.8524631615042184,568357.39,5,LONDON,2.0,0.0013292096239454101,22.348911924059028,58.628474572206585,1.8553304170114289,1.8520094738420634,6.986362579612937,False,0.00011606761601583,55.73034065078056,24.495829885711196,0.1714285714286379,10,0,1.8591046048119728,SL,2021-10-18 11:45:00+00:00,-15.646048119728471,-889.2547073143282,60,False
2021-10-21 08:45:00+00:00,5,GBP_AUD,SHORT,1.84331,1.844533095610201,1.8415307131693968,1.8401845219489945,1.8381652351183912,719781.96,5,LONDON,2.0,0.0013461912204021885,46.711622931705236,64.18917321745485,1.8400152018743439,1.842130858219458,-2.8154967759519423,False,8.961083868186176e-05,55.1466548328487,35.347981256561575,0.1388888888888632,8,3,1.844533095610201,SL,2021-10-21 09:15:00+00:00,-12.230956102010637,-880.3621555779176,30,False
2021-10-21 13:45:00+00:00,5,GBP_AUD,SHORT,1.84405,1.8451562785635354,1.8422611643093934,1.8409086071823224,1.8388797714917158,787829.19,5,OVERLAP,2.0,0.0013525571270710246,19.733517229010133,61.51938080536888,1.8415042635746977,1.8422419924648177,15.323119063541668,False,-2.3652620902065965e-05,92.49600335456255,27.85736425302332,0.6750000000000556,13,3,1.84405,TP1+SL,2021-10-21 15:30:00+00:00,7.155342762426464,563.7187892694803,105,True
2021-10-27 15:15:00+00:00,5,GBP_AUD,LONG,1.82783,1.826276438458602,1.8299406846241932,1.8315078077069888,1.833858492331182,564635.33,5,OVERLAP,2.0,0.0015671230827955138,37.63448687495239,43.22972518321019,1.8296842997562677,1.8335981052335737,-15.060183196682342,False,-9.507814621746171e-05,48.106390135829066,-20.942997562676258,0.29508196721322816,15,2,1.826276438458602,SL,2021-10-27 16:15:00+00:00,-15.535615413979631,-877.1957336025475,60,False
2021-11-01 15:00:00+00:00,5,GBP_AUD,LONG,1.8176700000000001,1.8165367600702726,1.819479719789182,1.8208461996486367,1.8228959194378185,766319.42,5,OVERLAP,2.0,0.0013664798594545966,39.15560932558513,39.76500471799329,1.8199737342711286,1.8238856641082541,-20.68191718897827,False,-0.00017376068949355884,39.97509339975173,-25.437342711285282,0.21951219512175307,15,0,1.8165367600702726,SL,2021-11-01 15:45:00+00:00,-11.332399297274698,-868.4237656695955,45,False
2021-11-02 08:30:00+00:00,5,GBP_AUD,SHORT,1.82755,1.828950988260834,1.8252970352174984,1.8236350586958308,1.8211420939133292,613666.48,5,LONDON,2.0,0.0016619765216677003,67.1576991849856,70.01562884344338,1.8211949225076838,1.8214014000598078,1.9076701004894225,False,5.834566751586768e-05,37.26405622490185,65.95077492316248,0.055555555555606956,8,1,1.82755,TP1+SL,2021-11-02 10:30:00+00:00,9.01185913000635,553.0275870566859,120,True
2021-11-04 15:00:00+00:00,5,GBP_AUD,LONG,1.82681,1.825196262031841,1.8295812139044776,1.831588689840796,1.8345999037452738,536189.78,5,OVERLAP,2.0,0.0020074759363184415,44.80660086736281,36.680882523351826,1.8321216869942318,1.832145151806234,-47.89639956001235,False,-0.0002652822961943177,57.82860648045846,-55.51686994231808,0.06716417910442568,15,3,1.825196262031841,SL,2021-11-04 15:30:00+00:00,-16.13737968159112,-865.2698061248815,30,False
2021-11-04 16:15:00+00:00,5,GBP_AUD,LONG,1.82483,1.8235291069914845,1.827562679025546,1.8295444650425765,1.8325171440681225,658483.91,5,OVERLAP,2.0,0.001981786017030613,46.41310940072791,37.99436489668111,1.830750266505439,1.8317753177432974,-57.08660930848097,False,-7.203826085998765e-05,38.449007405927,-61.60266505438994,0.8319327731092656,16,3,1.8235291069914845,SL,2021-11-04 17:00:00+00:00,-13.008930085154358,-856.6171147389075,45,False
2021-11-08 09:30:00+00:00,5,GBP_AUD,SHORT,1.82054,1.8216595054594042,1.8188914836217869,1.817632472702978,1.8157439563247646,757522.83,5,LONDON,2.0,0.001259010918808851,23.944347684265594,44.207412329914035,1.8220856326962147,1.8246966611448068,-4.004634795842232,False,2.7043384153807592e-05,56.0787142537069,-13.056326962146425,0.012500000000083267,9,0,1.8216595054594042,SL,2021-11-08 09:45:00+00:00,-11.195054594042018,-848.0509438083211,15,False
2021-11-10 16:45:00+00:00,5,GBP_AUD,LONG,1.8301,1.8287371749092485,1.8322084752722545,1.8337741254537576,1.836122600726012,616051.49,5,OVERLAP,2.0,0.0015656501815030093,28.087298032145657,34.37460059377881,1.8346213160453642,1.8334858392972702,-35.48430050483109,False,2.6478909853166685e-05,15.880389093478906,-47.613160453641164,0.5454545454545454,16,2,1.8287371749092485,SL,2021-11-10 18:00:00+00:00,-13.628250907515849,-839.5704277668991,75,False
2021-11-15 09:30:00+00:00,5,GBP_AUD,LONG,1.82326,1.8221801983935308,1.8247594048194073,1.8259190080323453,1.8276584128517526,769747.63,5,LONDON,2.0,0.001159603212938125,68.97912111798973,22.497503535753808,1.8280877824165611,1.8311654506018187,-10.902469891551636,False,-0.0003467329668073939,29.31667447505855,-50.67782416561028,0.6423841059601568,9,0,1.8221801983935308,SL,2021-11-15 09:45:00+00:00,-10.798016064692549,-831.1747274499018,15,False
2021-11-15 14:15:00+00:00,5,GBP_AUD,SHORT,1.82334,1.8246691348854833,1.82190259534355,1.820784325572583,1.819106920916133,619096.67,5,OVERLAP,2.0,0.0011182697709667586,20.15395537627478,44.16610616602685,1.8255790697856518,1.8297953292727247,0.7336268385671474,False,0.0002768814973723554,32.044735047733056,-19.99069785651786,0.025974025973909878,14,0,1.8246691348854833,SL,2021-11-15 14:30:00+00:00,-13.291348854833629,-822.8629815835814,15,False
2021-11-16 08:30:00+00:00,5,GBP_AUD,SHORT,1.8331,1.8345248708215747,1.831165387535276,1.8297156458921267,1.8275410334274027,571725.05,5,LONDON,2.0,0.0014497416431493012,59.54441846878369,71.27835608423928,1.8275530541802254,1.828126985203044,8.901204491582604,False,0.00042406608973658694,53.27377384520361,57.86945819774569,0.6171428571427905,8,1,1.8345248708215747,SL,2021-11-16 08:45:00+00:00,-14.248708215747195,-814.6343417083477,15,False
2021-11-16 09:45:00+00:00,5,GBP_AUD,SHORT,1.8345799999999999,1.8362447516974976,1.8326457449075073,1.8311962415125123,1.8290219864200197,484449.43,5,LONDON,2.0,0.0014495033949950562,57.52116963032039,69.71979250586216,1.8288328995613419,1.8284426159363854,11.7094024275044,False,0.00024348730917954494,81.53786779169246,59.87100438658022,0.2551020408164167,9,1,1.83286711838589,TP1+TP2+SL,2021-11-16 12:15:00+00:00,24.69781754814049,1196.4843633440657,150,True
2021-11-16 12:30:00+00:00,5,GBP_AUD,LONG,1.83261,1.8313210918244636,1.8344967245266093,1.8359145408776822,1.8380412654042915,634997.02,5,LONDON,2.0,0.0014178163510728454,26.194663454163496,52.909590814971345,1.8301688488079952,1.8288768128559203,-7.790249473220712,False,-0.00038455824971884663,73.43855521425718,22.011511920048132,0.7901234567901133,12,1,1.8313210918244636,SL,2021-11-16 13:30:00+00:00,-12.889081755365073,-818.4528505193191,60,False
2021-11-22 12:30:00+00:00,5,GBP_AUD,LONG,1.8511,1.8502280939641076,1.852755718107677,1.854019530179462,1.855915248287139,929306.93,5,LONDON,2.0,0.0012638120717847754,30.892009421383687,41.40270707848791,1.853155647575797,1.853479377329823,-6.825519112301226,False,0.00019663717136808676,53.1750533452159,-22.95647575797144,0.7971014492753437,12,0,1.8502280939641076,SL,2021-11-22 13:15:00+00:00,-8.71906035892378,-810.2683214636157,45,False
2021-11-23 12:00:00+00:00,5,GBP_AUD,LONG,1.85033,1.8494594981695505,1.8518915054913487,1.8530925091522479,1.8548940146435968,921497.93,5,LONDON,2.0,0.0012010036608991873,24.677294722711032,37.945941577569215,1.8525742701085002,1.853018883175924,-20.525847487260496,False,-0.00013473471678621487,52.649667405764404,-24.84270108500164,0.43956043956040736,12,1,1.8494594981695505,SL,2021-11-23 12:15:00+00:00,-8.70501830449566,-802.165634820486,15,False
2021-12-02 09:00:00+00:00,5,GBP_AUD,SHORT,1.87198,1.8733153248131436,1.8700440255605695,1.8685933759342823,1.8664174014948518,594719.71,5,LONDON,2.0,0.0014506496262870455,24.747203467761246,60.0629636378638,1.8692192982033051,1.8664934487665568,19.591519771524624,False,9.965274924684056e-06,71.40126434897834,30.007017966948712,0.7202797202797594,9,3,1.8733153248131436,SL,2021-12-02 09:30:00+00:00,-13.353248131435791,-794.1439856285535,30,False
2021-12-08 09:45:00+00:00,5,GBP_AUD,LONG,1.85639,1.855079751592367,1.858340745222899,1.8598012420381649,1.861991987261064,600040.83,5,LONDON,2.0,0.001460496815266005,51.72767556506674,42.56828371225911,1.858756809613505,1.8674686586191702,-3.6893884674737976,False,-0.00016473276770506522,59.31175444983298,-26.068096135050123,0.5408805031447129,9,2,1.855079751592367,SL,2021-12-08 10:00:00+00:00,-13.102484076330523,-786.202542022315,15,False
2021-12-14 12:15:00+00:00,5,GBP_AUD,SHORT,1.8584,1.8595286140821183,1.856034157753645,1.8542969295894083,1.8516910873430532,689642.75,5,LONDON,2.0,0.0017372281642367088,36.21119046409899,56.6644141001727,1.8563793109404991,1.8536848245059576,25.367437017045358,False,0.0002059987401800899,33.87578604970147,22.60689059500942,0.9084507042253763,12,1,1.8595286140821183,SL,2021-12-14 12:30:00+00:00,-11.286140821182844,-778.3405192807795,15,False
2021-12-14 16:30:00+00:00,5,GBP_AUD,SHORT,1.86097,1.8623896118408574,1.858451164477428,1.8566119407957131,1.853853105273141,542794.23,5,OVERLAP,2.0,0.0018392236817147366,21.50688147746696,59.291760807070226,1.8578948257826664,1.854590072226015,32.219729750802,False,1.4824655308400946e-05,82.52211424146334,33.151742173336274,0.792372881355976,16,1,1.8623896118408574,SL,2021-12-14 22:15:00+00:00,-14.19611840857371,-770.5571160570593,345,False
2021-12-27 10:15:00+00:00,5,GBP_AUD,SHORT,1.85844,1.8592503225439645,1.8571190323681064,1.8560783872801774,1.8545174196482836,941417.15,5,LONDON,2.0,0.0010406450879291373,69.57767495540071,69.82476844932731,1.8547416895446247,1.85351682176213,15.099982150685864,False,0.00028226388478496886,79.29769392033806,39.383104553754045,0.6805555555556455,10,0,1.85844,TP1+SL,2021-12-27 12:45:00+00:00,5.283870527574841,497.43263330385037,150,True
2021-12-27 13:00:00+00:00,5,GBP_AUD,SHORT,1.85953,1.8605679750688624,1.8582160747934124,1.8571801246556874,1.8556261994491,739734.4,5,OVERLAP,2.0,0.001035950137724998,35.345972509995434,68.12512264446832,1.8558386615993197,1.8539609388687677,23.523606715110112,False,1.3834247354560557e-05,94.45198723527601,39.31338400680273,0.743119266055001,13,0,1.8605679750688624,SL,2021-12-27 13:30:00+00:00,-10.379750688624954,-767.8258647799569,30,False
2022-01-03 12:30:00+00:00,5,GBP_AUD,SHORT,1.86415,1.8653326267913173,1.8627021196260485,1.8615768660434142,1.8598889856694627,642762.04,5,LONDON,2.0,0.001125253582634315,34.945253289573046,59.1576820708042,1.862471612728047,1.8607702830076271,15.064960453303744,False,0.00013118133828839433,52.33712948059593,19.18387271953037,0.12745098039211844,12,0,1.8653326267913173,SL,2022-01-03 13:15:00+00:00,-11.826267913173094,-760.1476089457682,45,False
2022-01-04 10:30:00+00:00,5,GBP_AUD,SHORT,1.87198,1.8733744850875753,1.870136544737274,1.8687475745621234,1.8666641192993976,539658.79,5,LONDON,2.0,0.0013889701751506186,37.692795506022634,57.91519574227398,1.870524078076833,1.8667587543447777,3.1025160927811157,False,0.00032063109847410803,52.32455453043607,16.95921923166921,0.38418079096049734,10,1,1.8733744850875753,SL,2022-01-04 10:45:00+00:00,-13.944850875753367,-752.5461350339503,15,False
2022-01-04 10:45:00+00:00,5,GBP_AUD,SHORT,1.87303,1.874576664724177,1.8711500058274688,1.8697366763791146,1.8676166822065834,481695.0,5,LONDON,2.0,0.0014133294483541466,36.68366949929936,62.36387710945269,1.8706317612895063,1.8668235428587603,12.529459918118047,False,0.00031395582539335467,47.84954380542525,26.382387104937344,0.6069364161849652,10,1,1.874576664724177,SL,2022-01-04 11:45:00+00:00,-15.466647241770826,-745.0206643124798,60,False
2022-01-05 14:45:00+00:00,5,GBP_AUD,LONG,1.86497,1.8635354486272782,1.8669636541181653,1.868452756863609,1.8706864109817742,514147.12,5,OVERLAP,2.0,0.0014891027454435814,23.574123900222002,35.41023548169814,1.8682322204120325,1.8685658361437356,-27.261184257099114,False,7.3485304297837666e-06,41.60951468710162,-35.02220412032519,0.7305389221556615,14,2,1.8706864109817742,TP3,2022-01-05 17:45:00+00:00,33.33846589064527,1714.0876222893498,180,True
2022-01-06 11:30:00+00:00,5,GBP_AUD,SHORT,1.88832,1.8899193713090365,1.8861018860728906,1.8844631434548178,1.8820050295277084,471880.0,5,LONDON,2.0,0.0016387426180729152,25.003539171792507,60.84191907012175,1.8838257397023412,1.8755279791066104,11.325376456587932,False,-0.0002943392373445674,62.43239049712148,47.34260297658776,0.6923076923077098,11,3,1.8899193713090365,SL,2022-01-06 14:00:00+00:00,-15.993713090365345,-754.71133330816,150,False
2022-01-14 10:45:00+00:00,5,GBP_AUD,SHORT,1.88872,1.8897005501531248,1.8870383495406258,1.8857572492343762,1.883835598775002,761984.71,5,LONDON,2.0,0.0012811003062494868,53.55705017839129,66.83126334723332,1.8853784835904999,1.8845939879239704,23.76976898215588,False,0.0003771676274001342,83.66803786735362,35.81516409500107,0.055555555555606956,10,4,1.8897005501531248,SL,2022-01-14 12:00:00+00:00,-9.80550153124815,-747.1642240692678,75,False
2022-01-20 14:15:00+00:00,5,GBP_AUD,LONG,1.87947,1.8781455755806415,1.881373273258075,1.8828021220967917,1.8849453953548665,558501.17,5,OVERLAP,2.0,0.0014288488387166455,47.88465584576134,39.48152383667833,1.8822395696865135,1.8866301358816326,-21.65627949218818,False,-9.711599939679692e-05,46.813725490197044,-30.09569686513558,0.14814814814809485,14,3,1.8781455755806415,SL,2022-01-20 14:45:00+00:00,-13.244244193584276,-739.6925877882525,30,False
2022-01-20 14:45:00+00:00,5,GBP_AUD,LONG,1.87872,1.8773031238424922,1.8805406284725237,1.8819143807875396,1.8839750092600633,516838.15,5,OVERLAP,2.0,0.0013737523150158647,47.37665060769311,36.19642280951917,1.8819599026594847,1.886471213857294,-26.135394194828354,False,-6.254311143690612e-05,56.06901701077849,-34.799026594847234,0.26000000000017764,14,3,1.8773031238424922,SL,2022-01-20 15:30:00+00:00,-14.168761575077404,-732.2956520254093,45,False
2022-01-26 10:45:00+00:00,5,GBP_AUD,LONG,1.88334,1.8821643319277108,1.8848870042168675,1.8860783403614458,1.8878653445783131,616647.43,5,LONDON,2.0,0.001191336144578307,44.74255996027216,37.50999917041412,1.8859322733213801,1.8872448275999083,-13.327056794987246,False,-0.0002189233897026316,52.18317358892211,-28.32273321380141,0.06666666666680483,10,2,1.88334,TP1+SL,2022-01-26 11:45:00+00:00,6.1880168674699485,381.58246981219946,60,True
2022-01-26 13:30:00+00:00,5,GBP_AUD,LONG,1.8838300000000001,1.8825346119822548,1.8853761640532354,1.8865669400887255,1.8883531041419608,562602.49,5,OVERLAP,2.0,0.0011907760354901975,19.767615485296645,44.510757134715625,1.88521562992352,1.8869001587975531,-5.935531014003015,False,0.0001160946253513039,47.07655339315403,-16.2562992352,0.04999999999987788,13,2,1.8838300000000001,TP1+SL,2022-01-26 14:45:00+00:00,6.184656212941065,347.95029851946134,75,True
2022-01-31 11:30:00+00:00,5,GBP_AUD,LONG,1.90551,1.9043569552221837,1.9074691343334487,1.908935223889081,1.9111343582225295,635073.37,5,LONDON,2.0,0.0014660895556323982,29.083464771288718,38.029406597121195,1.909513536809067,1.907411598904227,-10.099064594717433,False,0.00015778806892034628,26.170004471896373,-42.43536809066972,0.1999999999999556,11,0,1.9043569552221837,SL,2022-01-31 11:45:00+00:00,-11.530447778163033,-732.268032808701,15,False
2022-02-04 08:45:00+00:00,5,GBP_AUD,SHORT,1.90837,1.909782756798925,1.9065617296032253,1.9051962160053755,1.9031479456086007,513142.35,5,LONDON,2.0,0.0013655135978497886,47.31297232515827,60.22748215589846,1.9056945809561783,1.903684215060193,-6.873860070109039,False,0.00034952194090521907,35.01599304442294,29.154190438216432,0.3720930232556338,8,4,1.909782756798925,SL,2022-02-04 09:00:00+00:00,-14.12756798925052,-724.9453437788787,15,False
2022-02-04 16:45:00+00:00,5,GBP_AUD,SHORT,1.91605,1.9175527071186516,1.9133118786440455,1.9113264644067425,1.908348343050788,477601.98,5,OVERLAP,2.0,0.0019854142373030414,46.0770518280972,60.00476833892416,1.9115766036219979,1.9062777902287342,33.9010627919678,False,2.4194164681378945e-05,54.76457236391932,47.13396378002166,0.062499999999843875,16,4,1.9106736061575469,TP1+TP2+SL,2022-02-06 22:30:00+00:00,40.599415481754605,1939.0361220928653,3225,True
2022-02-07 15:15:00+00:00,5,GBP_AUD,LONG,1.90012,1.899103557368843,1.9018793278934707,1.9032122131557843,1.905211541049255,725162.67,5,OVERLAP,2.0,0.0013328852623137155,52.67083907403307,29.298503086383135,1.9048264498521426,1.906968467425949,-36.35919516899566,False,-4.3952747224746585e-05,28.04085422469865,-49.464498521425426,0.1590909090909435,15,0,1.90166308870425,TP1+TP2+SL,2022-02-07 17:30:00+00:00,22.492341605519602,1631.0606493210685,135,True
2022-02-09 09:30:00+00:00,5,GBP_AUD,LONG,1.89342,1.8925827142686085,1.8947918571941744,1.8958664286569573,1.8974782858511317,899808.55,5,LONDON,2.0,0.001074571462782868,26.987314389080236,44.48178663420588,1.8945932664088119,1.8987049996125864,-7.922295110853739,False,3.125688587245269e-05,37.58937606795491,-14.132664088117863,0.7156862745096887,9,2,1.8925827142686085,SL,2022-02-09 10:30:00+00:00,-8.372857313916349,-753.3968598991964,60,False
2022-02-14 11:00:00+00:00,5,GBP_AUD,SHORT,1.90403,1.9056461184762796,1.902001644571161,1.9004894076186019,1.898221052189763,461514.98,5,LONDON,2.0,0.0015122369525592426,27.64746634855146,60.82404169189264,1.901632877674489,1.8974526187043321,10.98165202183532,False,0.0001630089508548035,57.92883383491187,26.371223255108323,0.29457364341071396,11,0,1.9011255564637872,TP1+TP2+SL,2022-02-14 12:45:00+00:00,28.084678313373242,1296.1499750102887,105,True
2022-02-18 09:45:00+00:00,5,GBP_AUD,LONG,1.88829,1.8868083619139382,1.8900049142581854,1.891308190430309,1.8932631046884945,512152.33,5,LONDON,2.0,0.001303276172123624,21.735376580730698,44.148348902495904,1.8899333164901664,1.8911149934416458,0.021066902038402446,False,0.0001435698041430183,41.11995177818008,-18.833164901663757,0.24418604651165493,9,4,1.8894037796059893,TP1+TP2+SL,2022-02-18 12:00:00+00:00,21.159977965956145,1083.71320180131,135,True
2022-02-21 16:15:00+00:00,5,GBP_AUD,LONG,1.88752,1.886077012427702,1.8895689627168941,1.8910949378614903,1.8933839005783843,533380.56,5,OVERLAP,2.0,0.001525975144596056,35.83554905710344,41.99260087567608,1.88926403183839,1.8905262943211125,-19.349446642422663,False,-0.00020367312131974963,37.20370131082035,-19.840318383899103,0.20731707317078124,16,0,1.8900649293915541,TP1+TP2+SL,2022-02-21 21:15:00+00:00,27.58546109664506,1471.3548687586758,300,True
2022-02-22 09:00:00+00:00,5,GBP_AUD,LONG,1.88438,1.8829515317359296,1.8865354047922114,1.8881323413203526,1.890527746112564,549102.21,5,LONDON,2.0,0.001596936528141018,40.00880807595181,36.61105063818888,1.8876527673803711,1.8895816376865828,0.066573001133996,False,-0.000195180765877848,36.207183901796746,-35.127673803712064,0.30555555555557695,9,1,1.8829515317359296,SL,2022-02-22 10:00:00+00:00,-14.284682640703926,-784.3750807159162,60,False
2022-03-10 13:45:00+00:00,5,GBP_AUD,LONG,1.79363,1.7919057041120676,1.7964328876637972,1.7984614794396618,1.801504367103459,450346.91,5,OVERLAP,2.0,0.002028591775864738,25.142829361588404,44.03449786921127,1.7959843454934963,1.797886835525915,-7.457844097986666,False,7.847403999836067e-05,43.0564117986113,-25.943454934962418,0.22872340425529653,13,3,1.7919057041120676,SL,2022-03-10 14:15:00+00:00,-17.242958879324362,-776.531325056079,30,False
2022-03-10 16:30:00+00:00,5,GBP_AUD,LONG,1.78326,1.78195339529803,1.7860398141059106,1.788053023509851,1.7910728376157616,588369.24,5,OVERLAP,2.0,0.002013209403940411,65.87108087646983,24.47745043912711,1.7925009290541802,1.796695672982981,-89.40007251484028,False,-0.0006933342033535912,25.293194085919577,-94.80929054180187,0.5566037735848661,16,3,1.78195339529803,SL,2022-03-10 16:45:00+00:00,-13.066047019700822,-768.7660154785638,15,False
2022-03-14 10:45:00+00:00,5,GBP_AUD,SHORT,1.79981,1.8013247691572603,1.7973956925282193,1.7956261542136989,1.7929718467419182,502438.5,5,LONDON,2.0,0.0017695383145204181,40.99759368203812,61.925437222242,1.795255867682161,1.7910664624945736,13.164718793068353,False,-0.0001575959941220264,69.08969531495813,47.94132317838873,0.7106918238992876,10,0,1.8013247691572603,SL,2022-03-14 12:30:00+00:00,-15.147691572603426,-761.0783432201507,105,False
2022-03-14 15:30:00+00:00,5,GBP_AUD,SHORT,1.8032299999999999,1.8047793139568997,1.8004420581293008,1.7984234302155013,1.7953954883448024,486323.36,5,OVERLAP,2.0,0.002018627913799392,35.76567876315085,59.8070673099635,1.7987289580036951,1.7928973452187678,28.662831645922537,False,-0.00015590841359347974,64.65878180856818,47.41041996304762,0.5372340425531381,15,0,1.8047793139568997,SL,2022-03-14 15:45:00+00:00,-15.493139568998336,-753.4675692144223,15,False
2022-03-17 13:15:00+00:00,5,GBP_AUD,LONG,1.78616,1.7842161762525284,1.789561471242415,1.7919891187373584,1.7956305899797735,383745.13,5,OVERLAP,2.0,0.002427647494943411,49.6650711189432,29.23819312493835,1.7965993721083762,1.8024434500588338,-81.92880189877404,False,-0.0012243957723307953,24.305297594341038,-106.79372108376216,0.4374999999998885,13,3,1.7842161762525284,SL,2022-03-17 13:30:00+00:00,-19.438237474715958,-745.9328966705747,15,False
2022-03-17 14:45:00+00:00,5,GBP_AUD,LONG,1.7849,1.782795480702435,1.7880935578926949,1.7903825964878248,1.7938161543805196,350898.93,5,OVERLAP,2.0,0.0022890385951299234,47.05120611917998,33.38989441772,1.7940036644891568,1.8013941351027487,-73.5697305678018,False,-0.00024615872276825303,53.40580113505896,-93.4366448915691,0.25821596244134243,14,3,1.782795480702435,SL,2022-03-17 15:30:00+00:00,-21.045192975648327,-738.4735696798515,45,False
2022-04-01 10:15:00+00:00,5,GBP_AUD,LONG,1.74764,1.7463250037718239,1.749634988684528,1.7511249811408798,1.7533599698254074,555962.68,5,LONDON,2.0,0.0014899924563518423,55.72165807007737,34.76694393731002,1.7520789640116614,1.7518470413951361,-0.18925700412619761,False,-0.0002666065857403581,54.307116104870964,-46.78964011661346,0.5409836065572816,10,4,1.74764,TP1+SL,2022-04-01 11:45:00+00:00,7.9799547381114175,443.65570224791225,90,True
2022-04-01 12:00:00+00:00,5,GBP_AUD,LONG,1.74665,1.7449800706277763,1.7486897881166714,1.750209646861119,1.7524894349777906,440452.99,5,LONDON,2.0,0.001519858744447632,32.101170702764044,35.189685091058976,1.7510972425203728,1.7515955064286104,-12.829074370386273,False,7.829090223168429e-05,16.537923862718745,-46.87242520372781,0.19819819819830634,12,4,1.7449800706277763,SL,2022-04-01 12:30:00+00:00,-16.699293722237663,-735.5253850847807,30,False
2022-04-07 10:15:00+00:00,5,GBP_AUD,LONG,1.74886,1.7476010302079412,1.7506869093761763,1.752064848960294,1.7541317583364704,578385.7,5,LONDON,2.0,0.0013779395841175602,20.35610300279293,54.71301035240226,1.7457951137188097,1.73770812270289,0.9653703232004318,False,-0.0002791856707306027,71.82755865475562,28.248862811903752,0.19512195121942633,10,3,1.7476010302079412,SL,2022-04-07 10:45:00+00:00,-12.589697920588616,-728.170124458819,30,False
2022-04-12 13:45:00+00:00,5,GBP_AUD,LONG,1.74547,1.7440752249057936,1.7476743252826197,1.7493038754710326,1.751748200753652,516849.23,5,OVERLAP,2.0,0.0016295501884130144,34.41343465849756,33.79665956353384,1.7502391175696304,1.7505158846498576,-25.08255329324749,False,-0.0003048263964242504,38.79661947906977,-50.09117569630295,0.19083969465639408,13,1,1.7440752249057936,SL,2022-04-12 14:00:00+00:00,-13.947750942064907,-720.8884334638021,15,False
2022-04-13 09:15:00+00:00,5,GBP_AUD,SHORT,1.74996,1.7514401285890768,1.7480696142327694,1.7466493570546158,1.7445189712873854,482174.01,5,LONDON,2.0,0.0014202571781536495,56.9069304852537,69.02468585566714,1.7460065806471385,1.747297764416931,5.085276652563309,False,0.00034096029045216076,68.97220404679413,41.93419352861438,0.11111111111118588,9,2,1.7514401285890768,SL,2022-04-13 09:30:00+00:00,-14.801285890768677,-713.6795371108356,15,False
2022-04-14 08:45:00+00:00,5,GBP_AUD,SHORT,1.76292,1.7641308316283315,1.7614475051150054,1.7603058418583422,1.7585933469733475,583518.58,5,LONDON,2.0,0.001141663256663174,44.16175246428423,60.274378677011214,1.7607691047442908,1.7548712847203478,-3.6730530661821525,False,0.0001044451501091908,27.577464682728117,23.908952557092356,0.04615384615380411,8,3,1.7641308316283315,SL,2022-04-14 09:15:00+00:00,-12.108316283314656,-706.5427523830646,30,False
2022-04-19 14:30:00+00:00,5,GBP_AUD,LONG,1.76238,1.7605486464515472,1.7646940606453587,1.7663967677422645,1.7689508283876234,381945.54,5,OVERLAP,2.0,0.001702707096905829,47.03709703539936,39.398950959740986,1.7650565493194585,1.765644742728685,-24.13175519516253,False,-0.0006810812508083764,35.71826540156656,-29.165493194585057,0.5104895104896582,14,1,1.7641065556713365,TP1+TP2+SL,2022-04-19 15:30:00+00:00,28.77642489316523,1099.1027145089436,60,True
2022-04-21 16:15:00+00:00,5,GBP_AUD,SHORT,1.76754,1.7696034443429371,1.7650096669711883,1.7631627782853139,1.7603924452565023,344311.85,5,OVERLAP,2.0,0.0018468886858743897,69.16781696717462,74.73251193287845,1.7585452162947925,1.7578476434172912,93.52193632041983,False,0.0009544406417301117,83.1913773665895,92.3478370520736,0.43661971830991203,16,3,1.7696034443429371,SL,2022-04-21 17:00:00+00:00,-20.634443429372595,-710.4683390887623,45,False
2022-04-26 08:30:00+00:00,5,GBP_AUD,LONG,1.76758,1.7656554443799115,1.7700836668602655,1.7719127781004427,1.7746564449607085,365468.09,5,LONDON,2.0,0.001829111240177123,24.51933724045808,42.012550686697246,1.7706740183432206,1.772021965750493,-6.882838620276832,False,0.00022037838790598101,8.55066637633022,-33.34018343220668,0.2840909090910066,8,1,1.7656554443799115,SL,2022-04-26 09:00:00+00:00,-19.245556200884195,-703.3636665724804,30,False
2022-04-29 15:45:00+00:00,5,GBP_AUD,SHORT,1.7688599999999999,1.7706283761390065,1.7651748715829807,1.762558119304968,1.7586329908879488,393768.05,5,OVERLAP,2.0,0.00261675227801277,58.80800136282909,78.45917158274797,1.756169304944923,1.7568983214123433,122.6323184139888,False,0.0017931751754693154,91.05631465909023,129.30695055076936,0.28571428571419194,15,4,1.7706283761390065,SL,2022-04-29 16:00:00+00:00,-17.683761390066,-696.3300239231578,15,False
2022-05-02 10:30:00+00:00,5,GBP_AUD,LONG,1.77746,1.7758737077575537,1.779608876727339,1.7812014612122318,1.7835903379395708,434577.38,5,LONDON,2.0,0.0015925844848926993,39.61534091220979,37.85014291507699,1.7790775053117032,1.7690547163659578,-34.004095466815265,False,-0.0005919866116500668,23.103792458585314,-18.575053117031448,0.0,10,0,1.7758737077575537,SL,2022-05-02 11:15:00+00:00,-15.8629224244633,-689.3667266366508,45,False
2022-05-04 15:00:00+00:00,5,GBP_AUD,LONG,1.7511,1.7497203519657365,1.753348944102791,1.755008240171318,1.757497184274109,494671.86,5,OVERLAP,2.0,0.0016592960685272336,34.552616177094635,36.26934424334554,1.7552561905643485,1.7610554635779692,-34.38383987143023,False,-0.00015720075053961757,50.303915259441816,-43.961905643483675,0.5467289719625591,15,2,1.7497203519657365,SL,2022-05-04 15:15:00+00:00,-13.79648034263603,-682.4730592545202,15,False
2022-05-12 08:30:00+00:00,5,GBP_AUD,SHORT,1.77209,1.7741600839572136,1.7687597481283592,1.7663795802139322,1.7628093283422914,326386.92,5,LONDON,2.0,0.002380167914427131,29.997288513601546,60.359781847571746,1.7684027495481518,1.7672035847380074,6.019615958148261,False,-0.00010976536317588558,61.10866464788006,39.27250451848163,0.42056074766349905,8,3,1.7741600839572136,SL,2022-05-12 08:45:00+00:00,-20.700839572136417,-675.6483269363723,15,False
2022-05-12 09:00:00+00:00,5,GBP_AUD,SHORT,1.77357,1.7754726999426995,1.7700819001719017,1.7675965002865028,1.7638684004584044,351548.78,5,LONDON,2.0,0.0024853998853989036,33.88830419778152,64.38047454227686,1.7687544796867023,1.7673176544939442,16.63748310219315,False,3.2405174192205255e-05,72.71322039298425,50.55520313297812,0.5059171597633525,9,3,1.7754726999426995,SL,2022-05-12 10:15:00+00:00,-19.026999426994262,-668.8918435620533,75,False
2022-05-17 15:30:00+00:00,5,GBP_AUD,SHORT,1.77904,1.7807022722057477,1.7759131833827566,1.7736686389712608,1.7703018223540175,398372.14,5,OVERLAP,2.0,0.0022445444114956407,37.28470565335729,61.17135046247095,1.7727534367451778,1.7700149834397267,42.36852790773682,False,-1.1520280740903721e-05,49.278908289981594,65.26563254822149,0.8559670781893579,15,1,1.7807022722057477,SL,2022-05-17 16:00:00+00:00,-16.622722057477723,-662.2029358662604,30,False
2022-05-18 09:15:00+00:00,5,GBP_AUD,LONG,1.7673,1.7651086779831187,1.7700039660506441,1.771966610084407,1.774910576135051,299171.41,5,LONDON,2.0,0.001962644033762732,56.961194720252266,29.97713072330059,1.774138525676769,1.7729454714250377,-7.649921172356855,False,-0.0005796081669517247,24.55752212389344,-70.7852567676892,0.30666666666659165,9,2,1.76942162152198,TP1+TP2+SL,2022-05-18 14:00:00+00:00,33.72554758416335,1008.9719623776243,285,True
2022-05-20 09:45:00+00:00,5,GBP_AUD,LONG,1.76646,1.764497964293007,1.7688961071209788,1.7706801785349646,1.7733562856559435,339275.49,5,LONDON,2.0,0.0017840714139859114,39.419232600821175,38.50815013038091,1.7699030848361237,1.771008048877168,-2.8488741422894037,False,-0.0003242968032543059,38.44379810799101,-36.83084836123784,0.5104166666665029,9,4,1.7681955255805841,TP1+TP2+SL,2022-05-20 13:45:00+00:00,30.09619378494266,1021.0900893521375,240,True
2022-05-24 12:30:00+00:00,5,GBP_AUD,LONG,1.76437,1.7627890624805191,1.7671628125584429,1.7691846875974047,1.7722175001558476,427519.44,5,LONDON,2.0,0.002021875038961903,37.153073173967705,35.94038348150737,1.7698666350054142,1.7705767768913276,-30.9926775392122,False,-3.308813845315749e-05,38.30254078317067,-57.366350054142146,0.7286432160804008,12,1,1.76437,TP1+SL,2022-05-24 14:00:00+00:00,11.171250233771524,477.59266440418713,90,True
2022-05-25 13:30:00+00:00,5,GBP_AUD,SHORT,1.77361,1.7752966410315327,1.770860076905402,1.7688667948423367,1.7658768717477387,403557.98,5,OVERLAP,2.0,0.0019932820630653002,45.592813479867026,68.3211083488858,1.7683289668816466,1.76815337627815,34.948398004472914,False,0.00035238408375145723,68.15892617644505,55.2103311835328,0.1722689075630307,13,2,1.77361,TP1+SL,2022-05-25 14:45:00+00:00,10.999692378391934,443.9013636845245,75,True
2022-05-25 15:15:00+00:00,5,GBP_AUD,SHORT,1.7746,1.776012400733449,1.771652797799653,1.7695279963327553,1.7663407941324083,485058.13,5,OVERLAP,2.0,0.0021248014668979196,29.069242506633586,64.30010090423508,1.7694800370565191,1.7684810558595678,36.917467185391125,False,-8.072055367027721e-05,83.90804597701107,53.59962943480845,0.525547445255478,15,2,1.776012400733449,SL,2022-05-25 16:15:00+00:00,-14.124007334490596,-685.0964585774293,60,False
2022-05-27 14:30:00+00:00,5,GBP_AUD,LONG,1.76475,1.763589256644448,1.7670922300666563,1.7688137167777604,1.7713959468444167,584319.95,5,OVERLAP,2.0,0.0017214867111041475,26.084489066612967,38.58732335895988,1.7682483039178585,1.771497250274405,-14.102508300295469,False,9.972868645072861e-05,50.25074560469081,-37.38303917858454,0.6566265060241198,14,4,1.763589256644448,SL,2022-05-27 15:00:00+00:00,-11.607433555520517,-678.2454994790071,30,False
2022-05-27 16:15:00+00:00,5,GBP_AUD,LONG,1.76411,1.7623423828278824,1.766202851516353,1.7677580858605884,1.7700909373769416,379869.04,5,OVERLAP,2.0,0.0015552343442353578,41.34175480735663,41.10056496498464,1.7670556643847375,1.7709473377179004,-14.738792663571143,False,-6.378147199189062e-05,65.384891440449,-31.85664384737441,0.1973684210527892,16,4,1.7623423828278824,SL,2022-05-29 21:00:00+00:00,-17.67617172117708,-671.4630382598685,3165,False
2022-06-06 16:45:00+00:00,5,GBP_AUD,SHORT,1.74082,1.7419689121214614,1.738933263635616,1.7375154393926933,1.7353887030283093,578589.43,5,OVERLAP,2.0,0.0014178242429226772,39.322728470852255,61.03186478010396,1.7383199565255951,1.7370163916896877,20.21196752277854,False,0.0002331133709559043,53.205607152576306,27.400434744049296,0.20588235294121487,16,0,1.7419689121214614,SL,2022-06-06 17:00:00+00:00,-11.489121214613983,-664.7484094764413,15,False
2022-06-20 08:15:00+00:00,5,GBP_AUD,LONG,1.75233,1.7510851542418646,1.754624537274406,1.7563142287906768,1.7588487660650827,528660.62,5,LONDON,2.0,0.001689691516270707,60.28926371641073,29.756255491473283,1.757534749228792,1.7548094934867093,-1.5453308300572566,False,-0.00044522246239524807,33.5093689860084,-54.44749228792123,0.0268456375837706,8,0,1.7510851542418646,SL,2022-06-20 08:30:00+00:00,-12.448457581353267,-658.1009303001919,15,False
2022-06-20 08:30:00+00:00,5,GBP_AUD,LONG,1.75147,1.7501476432245886,1.7537270703262342,1.7553917838770572,1.7578888542032913,492696.02,5,LONDON,2.0,0.001664713550822808,60.81469121108082,27.416704739699156,1.7572875041609963,1.7547738766360954,-7.852565367083564,False,-0.0004208335327552982,33.76388355654998,-60.57504160996263,0.6492537313431711,8,0,1.75147,TP1+SL,2022-06-20 09:30:00+00:00,9.028281304936492,444.81982663826165,60,True
2022-06-28 08:30:00+00:00,5,GBP_AUD,LONG,1.76594,1.764306018053647,1.7681419458390595,1.7697699097317658,1.7722118555708253,401453.71,5,LONDON,2.0,0.0016279638927063067,48.5382367856225,37.16469968323944,1.7694378854846822,1.7714193170862689,3.3775538501878977,False,-0.00015291609392057565,36.47416413374126,-37.37885484682124,0.36585365853661617,8,1,1.764306018053647,SL,2022-06-28 08:45:00+00:00,-16.339819463531136,-655.9681144364785,15,False
2022-06-28 08:45:00+00:00,5,GBP_AUD,LONG,1.76518,1.763327731049815,1.767406806850555,1.7690513447509253,1.7715181516014804,350601.59,5,LONDON,2.0,0.0016445379003701402,49.574526985057894,34.39193479389162,1.7692614978186163,1.7713548462694901,-3.479537019983603,False,-0.00012184420021673064,38.70314083080191,-43.214978186163485,0.4301075268817987,8,1,1.763327731049815,SL,2022-06-28 09:00:00+00:00,-18.52268950184976,-649.4084390424836,15,False
2022-06-28 09:30:00+00:00,5,GBP_AUD,LONG,1.7650000000000001,1.763161989838354,1.7672740304849381,1.76895005080823,1.7714640812931681,349788.25,5,LONDON,2.0,0.0016760203232919794,50.8363624800764,38.88750420102623,1.768717277494044,1.771150328870548,-1.978688825574615,False,-2.596678210140739e-05,41.53871151190129,-39.57277494043954,0.33834586466151984,9,1,1.763161989838354,SL,2022-06-28 10:45:00+00:00,-18.380101616461975,-642.9143579244405,75,False
2022-06-29 08:15:00+00:00,5,GBP_AUD,SHORT,1.77014,1.7717104000180612,1.767978799945816,1.7663779999096936,1.7639767998555096,405301.32,5,LONDON,2.0,0.0016008000361226232,48.305653438868035,63.59474094403572,1.7667970349149325,1.7675114896880768,-1.4387651323066741,False,0.0001593421864272337,61.574161741599475,35.82965085067613,0.04761904761893685,8,2,1.7717104000180612,SL,2022-06-29 09:00:00+00:00,-15.70400018061191,-636.4852002482246,45,False
2022-07-05 08:15:00+00:00,5,GBP_AUD,SHORT,1.77266,1.7748519323294403,1.769834203011679,1.7677903383527984,1.7647245413644774,287472.54,5,LONDON,2.0,0.002043864658880614,57.83155253253008,71.58685702325829,1.7647414781631525,1.766562559006496,1.9393541315371188,False,0.0009019996481447021,81.27377745141963,81.58521836847399,0.4431137724550516,8,1,1.7647245413644774,TP3,2022-07-05 12:30:00+00:00,46.65275181313477,1341.1385061711458,255,True
2022-07-12 14:45:00+00:00,5,GBP_AUD,LONG,1.75746,1.755540338637117,1.7599489840886493,1.7617683068144154,1.7644972909030645,335231.91,5,OVERLAP,2.0,0.0018193227257661468,22.363285950326752,39.31433940651255,1.7605726125468504,1.760660523329115,-19.350191210252277,False,0.00010251345329467451,30.950382351602073,-33.52612546850375,0.36018957345978847,14,1,1.75746,TP1+SL,2022-07-12 21:30:00+00:00,9.955936354597128,333.75475599900324,405,True
2022-07-19 09:15:00+00:00,5,GBP_AUD,LONG,1.74354,1.7419099102585893,1.745640269224232,1.7472004487070536,1.7495407179312856,396830.47,5,LONDON,2.0,0.001560179482821377,39.55186911171191,31.772883987079084,1.7480107907661968,1.7505371922990214,-0.6893052956047363,False,-9.407413213445614e-05,38.62284820031342,-47.107907661967374,0.092857142857127,9,1,1.7419099102585893,SL,2022-07-19 09:30:00+00:00,-16.30089741410767,-646.8692782262132,15,False
2022-07-21 14:30:00+00:00,5,GBP_AUD,LONG,1.73183,1.7300702218635384,1.7346493344093847,1.736688890682308,1.7397482250916927,363909.85,5,OVERLAP,2.0,0.00203955627292316,48.685738410357274,34.19262422874817,1.7361375744244658,1.7391199938114785,-35.004152170217125,False,-0.000521236116877244,57.70072963085462,-45.4757442446585,0.16560509554134722,14,3,1.73183,TP1+SL,2022-07-21 18:15:00+00:00,11.27733763753902,410.3934248076179,225,True
2022-08-01 12:00:00+00:00,5,GBP_AUD,LONG,1.73671,1.7354833931885465,1.7386498204343606,1.7401030340572676,1.7422828544916282,525436.94,5,LONDON,2.0,0.001453213622907075,25.632028280272237,35.96493271458971,1.7405639835734208,1.7407201506486323,-22.330955745204495,False,-0.00026145184867360383,24.364723467861737,-40.93983573420834,0.2062499999999575,12,0,1.7422828544916282,TP3,2022-08-01 12:45:00+00:00,32.477126949769456,1706.4682204478395,45,True
2022-08-02 08:30:00+00:00,5,GBP_AUD,SHORT,1.7616399999999999,1.7632132560562654,1.7591402318312033,1.7573137197186721,1.7545739515498753,420509.56,5,LONDON,2.0,0.0018265121125311415,61.324671919490235,74.81292994533071,1.7524082176164784,1.7454376011184767,4.487707341560565,False,2.4956384188517394e-05,70.8559958559964,94.71782383521531,0.6263736263736049,8,1,1.7632132560562654,SL,2022-08-02 09:00:00+00:00,-15.732560562655708,-661.5692119875704,30,False
2022-08-08 09:15:00+00:00,5,GBP_AUD,LONG,1.73665,1.7356483832965042,1.7384248501104875,1.7397680835174791,1.7417829336279667,653896.36,5,LONDON,2.0,0.001343233406991682,41.479243758293734,32.15580830641599,1.7415985391545885,1.7446417784630524,-6.436998149070838,False,-0.0002106586418168569,36.988017148758594,-51.88539154588501,0.9193548387096803,9,0,1.7356483832965042,SL,2022-08-08 09:30:00+00:00,-10.016167034958556,-654.9535165311393,15,False
2022-08-10 15:00:00+00:00,5,GBP_AUD,LONG,1.72806,1.726071897001368,1.730964308995896,1.7330605149931602,1.7362048239890562,326142.05,5,OVERLAP,2.0,0.002096205997264062,51.476389714835946,31.007430953674557,1.7330506918415272,1.7349035953768124,-40.41973367234552,False,-0.0006049840230059819,33.338439638538325,-52.30691841527246,0.34078212290503557,15,2,1.726071897001368,SL,2022-08-10 15:45:00+00:00,-19.881029986319465,-648.4039875849702,45,False
2022-08-16 15:00:00+00:00,5,GBP_AUD,SHORT,1.72532,1.7267731244354372,1.7227006266936884,1.7207943778228139,1.7179350045165023,441751.53,5,OVERLAP,2.0,0.00190624887087442,40.18249258801287,71.04446245688234,1.718876751284,1.7160975715761786,56.686120028357486,False,0.0006019647404757376,71.9517306010121,66.83248716000011,0.5872340425532016,15,1,1.7219689531895204,TP1+TP2+SL,2022-08-16 21:30:00+00:00,35.28207555494989,1558.5910857974714,390,True
2022-08-19 10:00:00+00:00,5,GBP_AUD,LONG,1.71903,1.7179609504704596,1.721037148588621,1.7225352476477014,1.7247823962363225,615037.78,5,LONDON,2.0,0.0014980990590805817,30.56180491798348,32.37689207489473,1.7234198073653966,1.7275952824453722,-20.44113020054583,False,-0.0003968414958831607,22.60390472369923,-46.29807365396532,0.2517985611509711,10,4,1.7179609504704596,SL,2022-08-19 11:00:00+00:00,-10.690495295404556,-657.5058493586063,60,False
2022-09-02 15:00:00+00:00,5,GBP_AUD,LONG,1.69196,1.690082577481481,1.6945622675555572,1.6964571125925954,1.6992993801481526,346715.13,5,OVERLAP,2.0,0.001894845037038209,58.615035833540865,36.801435515047324,1.696439409909976,1.6979817023954886,-24.63004284336101,False,-0.00012737109168838153,54.0496614775002,-47.19409909976102,0.2426470588234814,15,4,1.690082577481481,SL,2022-09-02 18:00:00+00:00,-18.77422518518967,-650.9307925732312,180,False
2022-09-08 11:45:00+00:00,5,GBP_AUD,SHORT,1.7103,1.7117315807837534,1.7081052576487397,1.7064820960812328,1.7040473537299725,450146.79,5,LONDON,2.0,0.001623161567506885,28.31081935413846,61.59986664801715,1.7074308627743666,1.7056456841323662,19.338513610607233,False,0.00028670692238074553,43.206934515098396,31.091372256333294,0.4700000000000222,11,3,1.7079507814809232,TP1+TP2+SL,2022-09-08 13:30:00+00:00,28.74902211826313,1294.128002217515,105,True
2022-09-09 13:00:00+00:00,5,GBP_AUD,LONG,1.69155,1.6900454849034972,1.693693545289508,1.6952825754825134,1.6976661207720214,436926.67,5,OVERLAP,2.0,0.001589030193005351,22.736707417573548,37.87044334611689,1.6953887147284252,1.7011650026169896,-14.240149263968771,False,8.342647058914529e-05,39.89782660051862,-40.78714728425137,0.18518518518522173,13,4,1.69155,TP1+SL,2022-09-09 14:00:00+00:00,8.57418115803199,374.6288421355661,60,True
2022-10-04 10:30:00+00:00,5,GBP_AUD,SHORT,1.75111,1.7533262530959457,1.746531240712163,1.7433187345202714,1.7384999752324344,298300.34,5,LONDON,2.0,0.0032125061918914202,37.28384464052447,58.27320956947793,1.744743123345667,1.7322679650194794,20.18758275160515,False,0.0003783524455113333,73.47670250896056,66.06876654333016,0.4295302013422669,10,1,1.7533262530959457,SL,2022-10-04 10:45:00+00:00,-22.162530959457527,-661.1090520466707,15,False
2022-10-05 15:45:00+00:00,5,GBP_AUD,LONG,1.74391,1.7416459011627459,1.7481222965117624,1.7510904941862706,1.755542790698033,289076.59,5,OVERLAP,2.0,0.0029681976745082553,47.32949100300293,31.83431384375136,1.7552168858073123,1.75046047822827,-106.8180270211827,False,-0.0009340119277910642,18.131724928944355,-115.46885807312223,0.6612903225805802,15,2,1.74391,TP1+SL,2022-10-05 19:00:00+00:00,16.849186047049436,487.0705246756631,195,True
2022-10-12 15:45:00+00:00,5,GBP_AUD,SHORT,1.76829,1.7710799162447697,1.764060251265691,1.761080418776152,1.7566106700418431,236339.95,5,OVERLAP,2.0,0.0029798324895392173,27.49810323727376,62.18151736839324,1.76219695700497,1.757065056827584,35.836278769953985,False,-3.4224969834058564e-05,85.76447840030069,63.33042995029903,0.6291390728477279,15,2,1.76829,TP1+SL,2022-10-12 17:45:00+00:00,16.918994937235254,399.86344175164334,120,True
2022-10-19 14:30:00+00:00,5,GBP_AUD,LONG,1.78758,1.7856476777133883,1.7908569668598355,1.7932016114330591,1.7967185782928947,343300.55,5,OVERLAP,2.0,0.002344644573223685,24.769078555357062,41.187242690048684,1.7906342251124818,1.7946244286837183,-14.925939604437666,False,1.625266510289216e-05,17.2047409663292,-32.942251124818966,0.46718146718155057,14,2,1.78758,TP1+SL,2022-10-19 16:30:00+00:00,13.107867439342336,449.99381012533155,120,True
2022-10-21 09:15:00+00:00,5,GBP_AUD,LONG,1.78118,1.7798104528699417,1.784238641390175,1.7864377356502918,1.7897363770404668,487655.54,5,LONDON,2.0,0.002199094260116714,34.98541836438098,36.94264967436383,1.785562581598036,1.7880944682936872,-8.16132864078778,False,-0.00048174056839648833,39.2651817441879,-46.22581598036079,0.8466257668711163,9,4,1.7798104528699417,SL,2022-10-21 09:30:00+00:00,-13.695471300583238,-667.8672452640421,15,False
2022-10-24 09:45:00+00:00,5,GBP_AUD,SHORT,1.80037,1.8029424997002836,1.7964025008991489,1.7935975014985812,1.78939000239773,257021.83,5,LONDON,2.0,0.002804999400567517,61.64037565356254,65.74198647974342,1.7892677354530848,1.7848449523825995,11.214356121882485,False,1.4087283994309707e-05,67.12491373360962,113.42264546915226,0.5073170731708342,9,0,1.78939000239773,TP3,2022-10-24 11:45:00+00:00,64.91998561361977,1668.5853505986229,120,True
2022-10-25 11:00:00+00:00,5,GBP_AUD,SHORT,1.79491,1.7973125153393534,1.7914524539819396,1.7889874233032328,1.7852898772851726,282151.97,5,LONDON,2.0,0.0024650306787068537,59.6765439817749,65.29587746568573,1.789187725989507,1.7875398009228114,29.944481525421285,False,0.0006827290284511555,62.01944437184908,59.622740104929846,0.3048780487804795,11,1,1.7922020657231836,TP1+TP2+SL,2022-10-25 12:30:00+00:00,42.93635941294304,1211.4578392989922,90,True
2022-10-28 10:00:00+00:00,5,GBP_AUD,SHORT,1.79789,1.799109469714193,1.7953415908574208,1.7934826514290347,1.7906942422864556,565810.69,5,LONDON,2.0,0.001858939428386104,55.05350304633432,68.27047884595238,1.7928470392480191,1.7908064620281026,14.432355056157586,False,0.0003741175513059629,65.06105770410818,52.8296075198087,0.8541666666667791,10,4,1.799109469714193,SL,2022-10-28 10:45:00+00:00,-12.194697141929554,-689.9890004216189,45,False
2022-11-07 09:45:00+00:00,5,GBP_AUD,SHORT,1.76988,1.7723577110471955,1.7666468668584134,1.7643314447640224,1.760858311622436,275693.61,5,LONDON,2.0,0.0023154220943909926,51.01178034616733,68.15402808630866,1.7632024199260816,1.7683208127981096,19.52823495227518,False,0.0006790213268392539,57.2128365214669,69.17580073918295,0.06829268292683983,9,0,1.7723577110471955,SL,2022-11-07 10:45:00+00:00,-24.7771104719563,-683.0891031382436,60,False
2022-11-07 10:45:00+00:00,5,GBP_AUD,SHORT,1.77206,1.7738284187635087,1.768854743709474,1.7665579061824566,1.7631126498919303,382408.42,5,LONDON,2.0,0.0022968375270174097,63.3722910316401,68.76610882586938,1.7644248972103411,1.7684441379171343,33.34394217997527,False,0.0004568318952328644,71.24831046677332,78.75102789658861,0.6309012875536988,10,0,1.7738284187635087,SL,2022-11-07 11:00:00+00:00,-17.6841876350875,-676.2582252517348,15,False
2022-11-07 16:30:00+00:00,5,GBP_AUD,SHORT,1.77293,1.774822225215125,1.7700133243546254,1.7679088739243758,1.7647521982790013,353813.93,5,OVERLAP,2.0,0.002104450430249658,19.37426970550373,62.19369733454946,1.7686977402738395,1.7690842954063026,26.735972169380506,False,-5.827868274324989e-05,79.72364908647147,44.72259726160388,0.2345132743362319,16,0,1.774822225215125,SL,2022-11-07 17:00:00+00:00,-18.922252151249985,-669.4956398084712,30,False
2022-11-10 14:00:00+00:00,5,GBP_AUD,SHORT,1.77951,1.7828592468138327,1.7749222595585021,1.7717037659308368,1.7668760254893388,197895.44,5,OVERLAP,2.0,0.0032184936276652702,27.354694910475175,54.39423547971745,1.7763161007611032,1.773000373487149,21.18897879157755,False,-0.00036885465229932713,68.07867366022181,34.33899238896698,0.5077951002226692,14,3,1.77466699452348,TP1+TP2+SL,2022-11-10 18:00:00+00:00,59.26190899568339,1172.7661555940724,240,True
2022-11-15 15:00:00+00:00,5,GBP_AUD,SHORT,1.77351,1.7764360292522237,1.7694719122433287,1.7666198537388813,1.76234176598221,230526.86,5,OVERLAP,2.0,0.002852058504447475,61.80030997684178,75.60661446320904,1.7602722841714082,1.7596398076705848,114.3459826096782,False,0.0010238588027996374,71.66276251776793,134.77715828591695,0.49825783972128157,15,1,1.76234176598221,TP3,2022-11-15 15:45:00+00:00,66.04940410673919,1522.6161733597692,45,True
2022-11-25 11:15:00+00:00,5,GBP_AUD,SHORT,1.79373,1.7952409147994564,1.7918672556016313,1.7904654260027189,1.78836268160435,456514.49,5,LONDON,2.0,0.0014018295989124954,44.773826465570224,60.99047533121044,1.791609967102813,1.790811480941714,4.509265760368475,False,0.00011127381844274224,61.47935032680846,23.600328971871143,0.041095890410923486,11,4,1.7917323122635582,TP1+TP2+SL,2022-11-25 18:45:00+00:00,24.50464905548344,1118.6727366193004,450,True
2022-11-29 11:45:00+00:00,5,GBP_AUD,LONG,1.78249,1.7809124283535656,1.7853927149393034,1.7874878582321725,1.790630573171476,444316.58,5,LONDON,2.0,0.002095143292869017,52.188470005189046,33.545957512490375,1.789585726955196,1.7942590719079348,-32.59883847330558,False,-0.000179199915311728,57.35509738179328,-73.35726955196131,0.18269230769244935,11,1,1.7851216892274073,TP1+TP2+SL,2022-11-29 13:45:00+00:00,36.86567114071914,1638.0028920649029,120,True
2022-12-01 11:15:00+00:00,5,GBP_AUD,SHORT,1.78625,1.7875373569674335,1.7834979290976993,1.781503215162832,1.7785111442605315,557204.63,5,LONDON,2.0,0.0019947139348671255,56.2908175051364,72.02941548368374,1.778702751290251,1.782563649617884,52.465541008777095,False,0.0008021974565643932,81.41623488773567,77.87248709749005,0.6126760563379863,11,3,1.7875373569674335,SL,2022-12-01 11:30:00+00:00,-12.873569674336505,-717.3212627167893,15,False
2022-12-02 10:15:00+00:00,5,GBP_AUD,SHORT,1.79877,1.8003944863800632,1.79665654085981,1.7950875680996836,1.792734108959494,437152.36,5,LONDON,2.0,0.0015689727601265419,36.86893483601492,56.76668980299728,1.7972874758116704,1.7916918134177013,-2.631800770165338,False,0.0002809600798537123,30.931796349663234,17.225241883296327,0.28666666666665186,10,4,1.8003944863800632,SL,2022-12-02 11:00:00+00:00,-16.244863800631837,-710.1480548324777,45,False
2022-12-13 15:15:00+00:00,5,GBP_AUD,LONG,1.8034000000000001,1.8009268467330557,1.8067994598008332,1.8092257663347218,1.812865226135555,284271.33,5,OVERLAP,2.0,0.0024263065338886833,55.63880484552764,24.71972729101745,1.8119253004732943,1.8124417815626281,-61.78996633322775,False,-0.001052785255451859,16.0001453830962,-87.65300473294157,0.6904761904764086,15,1,1.8009268467330557,SL,2022-12-13 15:45:00+00:00,-24.731532669444167,-703.0465684881344,30,False
2022-12-13 16:00:00+00:00,5,GBP_AUD,LONG,1.80306,1.8004243047640391,1.8064970857078828,1.8089484761798047,1.8126255618876874,264073.06,5,OVERLAP,2.0,0.002451390471921828,63.278896114752385,28.383337382794124,1.8108233098535451,1.8121382110191926,-56.63242620322695,False,-0.0006294728558472844,35.509368950750776,-80.03309853545026,0.35123966942148194,16,1,1.8004243047640391,SL,2022-12-13 16:15:00+00:00,-26.356952359609664,-696.0161061876345,15,False
2022-12-26 08:45:00+00:00,5,GBP_AUD,LONG,1.7927,1.7914059569171943,1.795052129248417,1.7967802154140282,1.799372344662445,532483.0,5,LONDON,2.0,0.0017280861656112814,49.64009980955689,40.8103717928962,1.7956727924576037,1.7996199049020698,8.309567496720405,False,-0.00025718538380092556,34.85596707818936,-32.12792457603752,0.9499999999996669,8,0,1.794520565206731,TP1+TP2+SL,2022-12-26 15:45:00+00:00,29.37050906324323,1563.9296777522945,420,True
2022-12-29 10:45:00+00:00,5,GBP_AUD,SHORT,1.79127,1.7924355363244284,1.7892733910267147,1.7877823183778578,1.7855457094045726,604610.28,5,LONDON,2.0,0.0014910726488568653,50.39962281470195,74.10148926060177,1.7866457726287936,1.7857291732765666,12.753358016874827,False,0.0001781660758054446,66.59190729838427,48.64227371206287,0.23728813559308956,10,3,1.7855457094045726,TP3,2022-12-29 14:15:00+00:00,33.38574357256396,2018.53637694161,210,True
2023-01-03 15:15:00+00:00,5,GBP_AUD,SHORT,1.78318,1.7858682695469292,1.7794951913592123,1.776878652265354,1.7729538436245662,269645.8,5,OVERLAP,2.0,0.002616539093858426,32.86811847666024,58.47330048219728,1.7778228619872218,1.7749876410773537,45.282000015507414,False,-0.00013511868571329478,76.91102301610071,55.971380127781686,0.21698113207543712,15,1,1.7799775007884404,TP1+TP2+SL,2023-01-03 18:00:00+00:00,46.3496239248542,1249.798142291645,165,True
2023-01-24 11:15:00+00:00,5,GBP_AUD,LONG,1.75458,1.7525338813985114,1.7572383558044657,1.7591705930074428,1.7620689488119086,360379.2,5,LONDON,2.0,0.0019322372029771287,61.81720701831461,32.768505702928465,1.7598265852032038,1.7678388079002278,-44.15359310017575,False,-0.000843840092361503,36.24684190721913,-54.86585203203775,0.17355371900830996,11,1,1.7525338813985114,SL,2023-01-24 12:30:00+00:00,-20.461186014886227,-737.3785847095886,75,False
2023-01-27 11:15:00+00:00,5,GBP_AUD,LONG,1.7402,1.7391968667607993,1.7417393997176018,1.742925666196003,1.744705065913605,727724.66,5,LONDON,2.0,0.0011862664784012783,23.879977819889977,43.438088790532795,1.741382324426458,1.743866475640448,-7.59124114759091,False,-6.807721602068159e-05,18.67056997525786,-14.223244264579549,0.21428571428572846,11,4,1.7391968667607993,SL,2023-01-27 12:15:00+00:00,-10.031332392006485,-730.0047954319907,60,False
2023-01-30 10:30:00+00:00,5,GBP_AUD,SHORT,1.74974,1.7515578717474338,1.7475863847576987,1.745990641262831,1.7435970260205294,397555.41,5,LONDON,2.0,0.001595743494867667,18.101417404430638,55.60141785991914,1.747367467198101,1.7448143159115796,1.7054537188920804,False,-2.934728894261494e-05,44.20142783056483,26.125328018991034,0.5481481481480458,10,0,1.74974,TP1+SL,2023-01-30 15:45:00+00:00,8.614460969205595,342.4725562541528,315,True
2023-02-01 12:15:00+00:00,5,GBP_AUD,LONG,1.74011,1.7391391864278414,1.7417024407164758,1.7429240678607931,1.744756508577269,747959.75,5,LONDON,2.0,0.0012216271443172468,22.202900608964395,38.72546644968464,1.7430483034480777,1.7469929150568817,-11.240617325731783,False,4.301049612584972e-05,9.052130673309948,-31.783034480776795,0.32038834951447936,12,2,1.74011,TP1+SL,2023-02-01 13:15:00+00:00,6.369762865903184,476.4326240740229,60,True
2023-02-06 11:00:00+00:00,5,GBP_AUD,SHORT,1.74559,1.747319016509576,1.743342950471272,1.74168491745212,1.739197867923392,422722.28,5,LONDON,2.0,0.0016580330191520085,47.63500923904754,66.36521715552925,1.7409963699133029,1.7374670329568622,25.647046726260392,False,0.0003385442764668816,42.62799182513607,48.33630086697127,0.5879120879119853,11,0,1.747319016509576,SL,2023-02-06 13:15:00+00:00,-17.2901650957602,-730.8938010856172,135,False
2023-02-07 10:30:00+00:00,5,GBP_AUD,LONG,1.7303,1.7287199064692285,1.732610280592315,1.734310467653858,1.736860748246173,457938.0,5,LONDON,2.0,0.001700187061543273,66.13375838015354,25.306205714111954,1.7376663281932236,1.740037349036778,-27.952371794581765,False,-0.0001914060057634998,16.28089080605464,-76.0632819322371,0.3039215686274766,10,1,1.7287199064692285,SL,2023-02-07 11:30:00+00:00,-15.80093530771487,-723.5848712944332,60,False
2023-02-13 09:30:00+00:00,5,GBP_AUD,LONG,1.73989,1.738410798129093,1.7415376056127203,1.7427960093545338,1.744683614967254,484280.77,5,LONDON,2.0,0.0012584037418135218,36.42891064215656,37.19432998933815,1.7423937776276037,1.7429194575583191,-2.9889297444118945,False,-0.000305250079188791,47.47742697986602,-27.43777627603805,0.3720930232556338,9,0,1.738410798129093,SL,2023-02-13 10:45:00+00:00,-14.792018709068877,-716.3490210282282,75,False
2023-02-14 14:15:00+00:00,5,GBP_AUD,SHORT,1.74977,1.7523541001560037,1.7462176995319891,1.7436894992199818,1.7398971987519711,274441.97,5,OVERLAP,2.0,0.0025282003120072607,35.43813829220489,57.447272909347525,1.746844552312033,1.7442311516472744,19.569572491753284,False,-0.00034970239699634803,51.400273224044746,31.654476879670046,0.5910290237467133,14,1,1.7464887824009174,TP1+TP2+SL,2023-02-14 16:45:00+00:00,45.09364019028172,1237.558744829209,150,True
2023-02-16 08:45:00+00:00,5,GBP_AUD,LONG,1.74094,1.7394002199856253,1.743039340043124,1.7445989000718736,1.7469382401149978,468613.12,5,LONDON,2.0,0.0015595600287494772,37.246612237376716,45.59091085012411,1.7424696164083575,1.7444905953045966,2.4723463399367596,False,1.3528127983446713e-05,56.55941454595987,-17.696164083575994,0.050847457627265356,8,3,1.7433717714780355,TP1+TP2+SL,2023-02-16 13:00:00+00:00,27.896503416062313,1307.266750289162,255,True
2023-02-20 10:00:00+00:00,5,GBP_AUD,LONG,1.7432400000000001,1.7422029587356629,1.7447611237930114,1.7459352063216858,1.7476963301146973,708393.97,5,LONDON,2.0,0.0011740825286742664,51.05730311162001,40.3937529503925,1.7456638605813122,1.7464146352568912,-2.1149330374781172,False,2.114190120998025e-05,44.793789219186685,-26.63860581312072,0.08219178082185948,10,0,1.7422029587356629,SL,2023-02-20 10:45:00+00:00,-10.37041264337235,-734.6337782976733,45,False
2023-02-20 14:45:00+00:00,5,GBP_AUD,LONG,1.74025,1.7393113380118037,1.7415359859645885,1.742553309940981,1.7440792959055693,774812.93,5,OVERLAP,2.0,0.001017323976392313,37.002532615544986,34.594007817351525,1.743383859511063,1.7455737959212594,-22.77867896721464,False,-9.916817588976495e-05,35.38070729187547,-33.738595110628374,0.3521126760561486,14,0,1.7393113380118037,SL,2023-02-20 15:45:00+00:00,-9.386619881963654,-727.2874453540513,60,False
2023-02-24 12:30:00+00:00,5,GBP_AUD,SHORT,1.77273,1.7743502605895973,1.7708392182312085,1.769418697052014,1.7672879152832224,444381.95,5,LONDON,2.0,0.0014205211791943671,25.220951794806247,66.9500088380006,1.7686729624544062,1.7659768083057885,12.285549118531414,False,-0.00011682714113158679,81.21329743810367,42.9703754559374,0.0,12,4,1.7743502605895973,SL,2023-02-24 13:00:00+00:00,-16.20260589597411,-720.0145603134472,30,False
2023-02-24 14:15:00+00:00,5,GBP_AUD,SHORT,1.7744,1.7759424173087044,1.771992748073887,1.7702279134564785,1.7675806615303657,462141.09,5,OVERLAP,2.0,0.0017648346174085827,25.44264251478811,65.72636429000949,1.7701082195586864,1.766556699554849,16.82275286956303,False,-3.3153346717844714e-06,46.32423213209146,45.31780441313637,0.5199999999999823,14,4,1.7759424173087044,SL,2023-02-24 14:30:00+00:00,-15.424173087044133,-712.8144162795242,15,False
2023-03-02 09:45:00+00:00,5,GBP_AUD,LONG,1.77759,1.7763055169561004,1.7797034491316992,1.7812724152194988,1.783625864351198,549393.22,5,LONDON,2.0,0.0015689660877994823,27.994055245092394,42.96270402228267,1.7792002245995882,1.7819204490151173,-8.330351157774807,False,-6.721411658215551e-06,47.9680955351572,-18.502245995881683,0.43951612903226567,9,3,1.77759,TP1+SL,2023-03-02 12:00:00+00:00,8.453796526796786,464.4458495081703,135,True
2023-03-06 10:15:00+00:00,5,GBP_AUD,SHORT,1.78587,1.786971205727966,1.784096382816102,1.78275397136017,1.780740354176272,645048.17,5,LONDON,2.0,0.001342411455931989,55.59634311436432,72.93344291251114,1.781866254644121,1.7791572478184794,12.34277197927236,False,0.00031044386914686416,64.891117824868,42.43745355879014,0.14414414414429552,10,0,1.78587,TP1+SL,2023-03-06 11:15:00+00:00,7.094468735592053,457.6274075015868,60,True
2023-03-09 16:00:00+00:00,5,GBP_AUD,SHORT,1.80063,1.8019912686664357,1.7984661940006934,1.7968636566678224,1.7944598506685159,525177.01,5,OVERLAP,2.0,0.0016025373328710077,43.86667614935749,62.62515823767627,1.797074408498969,1.7946425161374422,35.62024547229869,False,0.0003164541465479065,66.0465568749268,37.95591501031037,0.39705882352939253,16,3,1.8019912686664357,SL,2023-03-09 16:15:00+00:00,-13.612686664357108,-714.907008045394,15,False
2023-03-16 12:00:00+00:00,5,GBP_AUD,LONG,1.81277,1.810917128329994,1.8153286150100179,1.8171943583500296,1.8199929733600475,381978.93,5,LONDON,2.0,0.00186574334001188,35.86458346680366,35.7858901821382,1.8170695006107112,1.8194700591833266,-25.522267615860628,False,-0.0001984446737514317,46.322391271520615,-45.395006107111776,0.2151162790697637,12,3,1.8199929733600475,TP3,2023-03-16 14:00:00+00:00,42.377840160285004,1618.7442040136693,120,True
2023-03-17 09:00:00+00:00,5,GBP_AUD,LONG,1.80949,1.8081003412973342,1.811738976107997,1.8133982935133284,1.8158872696213253,520951.93,5,LONDON,2.0,0.0016593174053313275,32.01525711138221,35.71655871000446,1.8134074621505516,1.8170764827307915,-21.899385490629086,False,3.333881382625709e-05,35.46509225979273,-41.574621505515715,0.7209302325580984,9,4,1.8081003412973342,SL,2023-03-17 09:30:00+00:00,-13.896587026658302,-723.9453831950605,30,False
2023-03-21 09:15:00+00:00,5,GBP_AUD,SHORT,1.8325,1.8340627462016479,1.8303317613950563,1.8287262689917605,1.8263180303868167,458619.53,5,LONDON,2.0,0.0016054924032958002,24.316235776625277,55.67460941277793,1.8304314958940786,1.8246949581519,12.4418385426317,False,-3.662277561772959e-05,74.2758520981789,23.085041059214273,0.5209580838323417,9,1,1.8340627462016479,SL,2023-03-21 10:00:00+00:00,-15.627462016478686,-716.7059285090309,45,False
2023-03-22 10:45:00+00:00,5,GBP_AUD,SHORT,1.83437,1.8356919691976457,1.832234092407063,1.8306501540117717,1.8282742464188346,536728.75,5,LONDON,2.0,0.0015839383952913483,63.592376964342385,64.35341067867765,1.8313332091561523,1.8289031559494537,1.0516775703606207,False,0.00015980821423106886,49.48369091225913,32.76790843847799,0.12345679012344664,10,2,1.8356919691976457,SL,2023-03-22 11:45:00+00:00,-13.219691976456005,-709.5388749908261,60,False
2023-03-28 16:30:00+00:00,5,GBP_AUD,LONG,1.83983,1.8386077629762896,1.841576711071131,1.8429011851185515,1.8448878961896822,574719.52,5,OVERLAP,2.0,0.0013244740474205401,39.672599364915605,36.15661608157033,1.8423193039414156,1.8420758359746991,-27.64547972543996,False,-0.00027162006863912886,28.43601895734572,-27.29303941415573,0.6304347826087009,16,1,1.83983,TP1+SL,2023-03-28 20:15:00+00:00,6.986844284523564,401.5475793516126,225,True
2023-04-04 10:15:00+00:00,5,GBP_AUD,SHORT,1.85166,1.8530963127159843,1.8488510618520468,1.8468184364200781,1.8437694982721249,491855.95,5,LONDON,2.0,0.002032625431968801,75.2324037399054,78.87821652936219,1.8390342878275048,1.8379790694581226,19.066039061748086,False,0.0003947278076590734,57.80067458401357,128.65712172495324,0.608695652174018,10,1,1.85166,TP1+SL,2023-04-04 12:30:00+00:00,11.235752591812975,552.6371765011133,135,True
2023-04-13 10:30:00+00:00,5,GBP_AUD,LONG,1.85889,1.8577702630495838,1.8611392108512483,1.8627986847520805,1.865287895603329,635850.53,5,LONDON,2.0,0.0016594739008322452,19.332891532261687,41.392736767387774,1.8614173204857196,1.863200393931722,-11.471844037691525,False,-1.6632527768069305e-05,29.766545798595804,-27.673204857197042,0.6000000000001225,10,3,1.8577702630495838,SL,2023-04-13 11:00:00+00:00,-11.197369504161168,-711.9853333826717,30,False
2023-04-14 10:30:00+00:00,5,GBP_AUD,LONG,1.84688,1.8459458131651796,1.8483625605044611,1.8495109341741018,1.8512334946785631,754523.02,5,LONDON,2.0,0.0011483736696407518,45.92542203013657,41.579201036214684,1.8480267508351285,1.8537801932569766,-6.81024564642474,False,-0.00026071165636564055,52.925927396758674,-13.86750835128403,0.5507246376811641,10,4,1.8459458131651796,SL,2023-04-14 10:45:00+00:00,-9.34186834820494,-704.8654718530004,15,False
2023-04-24 09:00:00+00:00,5,GBP_AUD,LONG,1.86222,1.8609404275658845,1.8638987173023465,1.8651778621705775,1.867096579472924,545351.56,5,LONDON,2.0,0.0012791448682309815,20.72385369735835,54.47111853432153,1.8603991330289646,1.8550641464893525,8.199387271030645,False,-0.00011300053393874235,63.021597503996986,15.808669710353218,0.3076923076922092,9,0,1.8609404275658845,SL,2023-04-24 09:15:00+00:00,-12.795724341154724,-697.8168230778701,15,False
2023-04-25 08:45:00+00:00,5,GBP_AUD,SHORT,1.87107,1.8725471467203683,1.8690985598388954,1.867624266398159,1.8654128262370546,467684.52,5,LONDON,2.0,0.0014742934407363645,26.68332503616443,60.37680354296323,1.8679088964821644,1.8618861244511913,-6.644520218790362,False,0.0002025950628292033,53.31386959156338,34.01103517835624,0.044247787610709896,8,1,1.8680312267457133,TP1+TP2+SL,2023-04-25 13:30:00+00:00,27.746241560355767,1297.648766595904,285,True
2023-04-28 08:30:00+00:00,5,GBP_AUD,SHORT,1.89333,1.8944774109838505,1.891027767048448,1.8893329450807468,1.886790712129195,613394.11,5,LONDON,2.0,0.0016948219677012722,66.43285432689567,71.96012842208204,1.8870173346634382,1.8835591030806784,8.298704899201148,False,0.000512035099741421,65.53876942766777,65.52665336561736,0.6271929824562036,8,4,1.89333,TP1+SL,2023-04-28 09:30:00+00:00,9.20893180620741,564.8704529319286,60,True
2023-04-28 09:45:00+00:00,5,GBP_AUD,SHORT,1.89231,1.8938655473750277,1.890133357874917,1.888522263124862,1.886105620999779,456086.3,5,LONDON,2.0,0.0016110947500552182,56.32264071230692,63.75228819737954,1.8879473139852336,1.8839772488544198,1.2170236984543337,False,-2.190346153871153e-05,55.93581468131003,46.026860147663214,0.04545454545444452,9,4,1.8938655473750277,SL,2023-04-28 11:45:00+00:00,-15.555473750277214,-709.4638467511058,120,False
2023-05-01 08:30:00+00:00,5,GBP_AUD,LONG,1.88732,1.8862443154917234,1.88883705352483,1.8900084225413833,1.8917654760662133,652950.94,5,LONDON,2.0,0.0011713690165532867,77.14993331965559,15.714342713723582,1.8933137540785474,1.8910317960399359,-4.128544625916497,False,-0.00014045246721161586,16.096088714746767,-62.33754078547315,0.47572815533964885,8,0,1.8862443154917234,SL,2023-05-01 08:45:00+00:00,-10.756845082766642,-702.3692108226855,15,False
2023-05-01 15:30:00+00:00,5,GBP_AUD,LONG,1.8826,1.881121848175639,1.884544455473083,1.886000759121805,1.8881852145948883,470415.49,5,OVERLAP,2.0,0.0014563036487220608,36.032187418411425,32.678404335949196,1.8874402816695128,1.8895692072058312,-23.279641303481924,False,1.192125445011313e-05,47.16417910447572,-50.80281669512798,0.028571428571404402,15,0,1.8826,TP1+SL,2023-05-01 21:00:00+00:00,7.777821892331892,365.88078966140347,330,True
2023-05-02 15:45:00+00:00,5,GBP_AUD,SHORT,1.87006,1.8716976891293513,1.8672169326119463,1.865161554353244,1.8620784869651903,426823.57,5,OVERLAP,2.0,0.0020553782587024523,36.8721303498226,63.92897678821101,1.8681471129763803,1.8789537665912928,55.36506226342386,False,0.0010096336662357977,78.12148723901275,21.528870236198205,0.467153284671482,15,1,1.8716976891293513,SL,2023-05-02 18:00:00+00:00,-16.376891293512493,-699.0043207398921,135,False
2023-05-08 15:15:00+00:00,5,GBP_AUD,LONG,1.86018,1.8588059122802858,1.861812263159142,1.8630604385985703,1.8649327017577124,503617.25,5,OVERLAP,2.0,0.0012481754394281241,34.54155405487557,35.811038366863414,1.863715126385641,1.8704466874689123,-19.27637356839318,False,-1.6063794184807516e-05,36.12040133779367,-37.75126385641148,0.29896907216503343,15,0,1.86018,TP1+SL,2023-05-08 18:30:00+00:00,6.529052636568445,328.814353393385,195,True
2023-05-09 09:45:00+00:00,5,GBP_AUD,SHORT,1.86639,1.8674643752180593,1.8645768743458226,1.8632081239097045,1.8611549982555273,647169.08,5,LONDON,2.0,0.0013687504361181947,35.47887152095193,63.50380171547093,1.8629336155372966,1.8659019487489252,6.635004250052923,False,9.306655468396124e-05,78.05128205128172,36.96384462703372,0.4326923076923036,9,1,1.8645035579478393,TP1+TP2+SL,2023-05-09 12:30:00+00:00,23.752891082212898,1537.2136669015927,165,True
2023-05-10 09:00:00+00:00,5,GBP_AUD,SHORT,1.86875,1.8698429026198995,1.8672112921403017,1.8660254869005028,1.8642467790408046,650263.39,5,LONDON,2.0,0.0011858052397988568,49.700872995985904,62.085759498135204,1.866641775216137,1.8662219423137896,-0.052065567761605536,False,0.00037215062429681164,79.33799620129327,23.482247838628734,0.2278481012658904,9,2,1.86875,TP1+SL,2023-05-10 12:00:00+00:00,6.154831438792918,400.2261556268061,180,True
2023-05-11 09:30:00+00:00,5,GBP_AUD,SHORT,1.86758,1.8689471506181856,1.8653685481454432,1.863734246909072,1.8612827950545154,522749.15,5,LONDON,2.0,0.0016343012363711743,30.273206399654377,59.44123993862654,1.8649343520201398,1.8651073819880084,-1.8543476918053692,False,8.57740280205627e-05,40.807447541582654,28.856479798602397,0.01724137931045704,9,3,1.86758,TP1+SL,2023-05-11 11:00:00+00:00,8.84580741822738,462.41383089420583,90,True
2023-05-12 08:45:00+00:00,5,GBP_AUD,SHORT,1.87247,1.8737732504489537,1.870720248653139,1.8693937477552314,1.8674039964083702,551928.42,5,LONDON,2.0,0.0013265008979074686,41.968288752716745,62.272014036347,1.8695801094531883,1.8673420278033293,-0.03965552656248761,False,0.00018592801245549608,79.52181261110745,31.298905468117866,0.4722222222222451,8,4,1.8737732504489537,SL,2023-05-12 10:00:00+00:00,-13.032504489536299,-719.3009611552677,75,False
2023-05-12 11:15:00+00:00,5,GBP_AUD,SHORT,1.87405,1.8751083222013412,1.8723150333959762,1.8709983889932935,1.8690234223892697,672864.98,5,LONDON,2.0,0.0013166444026825918,44.93498972898178,61.35381847315503,1.8709068730566147,1.8679311986568015,11.271735939257788,False,9.448358289703839e-05,60.81708449396365,33.831269433852725,0.032967032967006156,11,4,1.8751083222013412,SL,2023-05-12 11:30:00+00:00,-10.583222013411664,-712.1079468389798,15,False
2023-05-16 15:00:00+00:00,5,GBP_AUD,SHORT,1.87562,1.8766615994174827,1.8734552017475525,1.8718520029125874,1.8694472046601398,676831.09,5,OVERLAP,2.0,0.0016031988349650874,17.10250903886719,60.399974784973196,1.873245090427492,1.8710814790188532,17.81692548542546,False,6.121217627048318e-06,83.32574235800215,26.14909572508095,0.3669724770643716,15,1,1.87562,TP1+SL,2023-05-16 22:00:00+00:00,8.659193009790123,586.0811043336629,420,True
2023-05-22 08:00:00+00:00,5,GBP_AUD,SHORT,1.87377,1.8751071335915253,1.8721585992254244,1.8709243320423738,1.8690729312677983,531620.54,5,LONDON,2.0,0.0012342671830504386,24.332260072017903,54.35218209769027,1.8727351906171452,1.872055305530295,-0.36666666666684833,False,-5.946527260566599e-05,64.90264260026045,12.748093828547358,0.21176470588242977,8,0,1.87377,TP1+SL,2023-05-22 10:15:00+00:00,6.445603098302222,342.66149997451004,135,True
2023-05-23 15:45:00+00:00,5,GBP_AUD,SHORT,1.87552,1.8768597536112857,1.873450739166143,1.8719112319435716,1.8696019711097145,533138.55,5,OVERLAP,2.0,0.001539507222571425,42.68261791083611,61.518137549068335,1.8722280916129346,1.871395008215082,29.69087983412555,False,0.00015834775167997335,31.979449659738737,35.319083870655184,0.3975903614459282,15,1,1.8768597536112857,SL,2023-05-23 16:45:00+00:00,-13.397536112855768,-714.2742976780561,60,False
2023-05-29 11:00:00+00:00,5,GBP_AUD,LONG,1.88755,1.8862879848416763,1.8888760454749713,1.8899200757916188,1.89148612126659,560319.38,5,LONDON,2.0,0.0010440303166475127,21.305359491943218,43.3925680834569,1.8892755409595874,1.8908681446371955,-4.0752766529128515,False,7.522238953012734e-05,34.90627957633392,-19.65540959587342,0.500000000000222,11,0,1.8862879848416763,SL,2023-05-29 11:30:00+00:00,-12.620151583238037,-707.1315510625956,30,False
2023-06-06 16:30:00+00:00,5,GBP_AUD,LONG,1.8614,1.859949221301585,1.8634123360952455,1.864913893492076,1.8671662295873215,482541.02,5,OVERLAP,2.0,0.0015015573968303686,35.462954859991505,38.33731456000548,1.8657144061442252,1.8766535787860903,-25.841643461228525,False,-0.00013067065283469846,35.55826965439536,-45.54406144225309,0.09090909090895745,16,1,1.859949221301585,SL,2023-06-06 21:00:00+00:00,-14.507786984150338,-700.0602329274628,270,False
2023-06-16 16:15:00+00:00,5,GBP_AUD,SHORT,1.86733,1.8687295117102627,1.8650214648692118,1.8633224414486866,1.8607739063178985,495215.32,5,OVERLAP,2.0,0.0016990234205253678,29.824277279279638,64.50419040804515,1.8631475820507342,1.8603983341155303,29.902977206757164,False,-0.0001384539563154992,81.57737680210307,44.22417949265789,0.22772277227719073,16,4,1.8607739063178985,TP3,2023-06-18 21:00:00+00:00,38.37656209260842,1900.4661477190948,3165,True
2023-06-20 08:00:00+00:00,5,GBP_AUD,SHORT,1.88103,1.88213331101349,1.8788000669595304,1.8771534449325507,1.8746835118920813,645388.55,5,LONDON,2.0,0.0016466220269797062,38.31689565905816,67.42243968177732,1.875556631764982,1.8691381666494171,3.366666666666518,False,-0.0002007579028487814,87.87925814353486,57.1336823501789,0.07339449541291505,8,1,1.88213331101349,SL,2023-06-20 08:30:00+00:00,-11.03311013489927,-712.0642951952946,30,False
2023-06-20 12:00:00+00:00,5,GBP_AUD,SHORT,1.8802699999999999,1.881852500025048,1.877832499924856,1.8760474998747598,1.8733699997996158,445462.02,5,LONDON,2.0,0.0017850000500960004,33.18230651530572,54.24659788707635,1.8777705302586394,1.8707943356273353,0.9581750054565852,False,-0.0003111400132322134,82.23311067153416,27.39469741360523,0.5222222222221825,12,1,1.881852500025048,SL,2023-06-20 13:00:00+00:00,-15.825000250480059,-704.9436578079353,60,False
2023-06-26 09:15:00+00:00,5,GBP_AUD,SHORT,1.90873,1.9097920136209194,1.9066239591372418,1.905059931895403,1.9027138910326447,657142.43,5,LONDON,2.0,0.0015640272418388293,27.74265351277344,60.97811312448948,1.9056252208038607,1.8973654860359188,2.2449512380418035,False,0.00017318581507840794,68.60606060605998,33.447791961394024,0.05833333333334104,9,0,1.9027138910326447,TP3,2023-06-26 11:15:00+00:00,35.13665380413222,2308.9786062916196,120,True
2023-06-29 15:45:00+00:00,5,GBP_AUD,LONG,1.9022000000000001,1.9006040843961522,1.9047377468115434,1.906589578019239,1.909367324830782,451768.25,5,OVERLAP,2.0,0.0018518312076955252,58.27995794817915,30.260678239715133,1.9077637462144117,1.9088764199432928,-52.75947688252014,False,-0.0005017470895353376,14.58667386658936,-58.03746214411598,0.21212121212108978,15,3,1.9045818073883507,TP1+TP2+SL,2023-06-29 21:00:00+00:00,32.472914099829886,1467.0231575280472,315,True
2023-07-04 16:30:00+00:00,5,GBP_AUD,LONG,1.89971,1.8986942481853573,1.9011072554439283,1.902198759073214,1.9038360145171422,724246.04,5,OVERLAP,2.0,0.0010915036292855726,36.35719647691606,43.07493883635393,1.9009680902547188,1.9031000304247456,-11.539284847199571,False,-0.00015146302604497917,38.55412437404814,-14.98090254718809,0.30952380952382214,16,1,1.8986942481853573,SL,2023-07-04 21:00:00+00:00,-10.157518146427513,-735.6542293778267,270,False
2023-07-05 09:30:00+00:00,5,GBP_AUD,SHORT,1.9041299999999999,1.9051838630788067,1.9023184107635802,1.9009506846059672,1.8988990953695477,691074.3,5,LONDON,2.0,0.0013677261576130616,28.23877537620462,62.17687916307887,1.9016853586412892,1.902007451750627,1.660834990058202,False,0.00015993757411597207,45.61938898910043,26.846413587107154,0.5081967213113471,9,2,1.9051838630788067,SL,2023-07-05 09:45:00+00:00,-10.538630788068382,-728.2976894822806,15,False
2023-07-12 15:45:00+00:00,5,GBP_AUD,LONG,1.9155,1.913174127051249,1.918817618846253,1.9211893647437548,1.9247469835900075,309997.46,5,OVERLAP,2.0,0.002371745897501908,62.078434127512956,32.57732800680836,1.9249703736035146,1.927734117722269,-75.65407206007845,False,-0.00029813161387064885,65.11629287247361,-97.10373603514677,0.38967136150240467,15,2,1.913174127051249,SL,2023-07-12 16:15:00+00:00,-23.25872948750973,-721.0147063955119,30,False
2023-07-18 09:30:00+00:00,5,GBP_AUD,SHORT,1.92178,1.9234697314357372,1.9195308056927884,1.917871342821314,1.9153821485141025,422436.7,5,LONDON,2.0,0.0016594628714743712,25.109959769270336,58.034585771636195,1.9192710439360767,1.9171967371646776,6.242826803690704,False,0.00023615394157838927,76.326287262873,27.489560639233357,0.35483870967740394,9,1,1.9234697314357372,SL,2023-07-18 10:30:00+00:00,-16.897314357371407,-713.8045715990598,60,False
2023-07-21 09:30:00+00:00,5,GBP_AUD,SHORT,1.9055199999999999,1.9072496246938406,1.9033011259184782,1.9016618765307969,1.8992030024492752,408566.39,5,LONDON,2.0,0.0016392493876811697,32.182141138239636,63.01111998313796,1.9011548073807705,1.9018435995999208,6.273950526494154,False,0.00031893665534822526,71.67004346645736,46.05192619229425,0.33532934131728964,9,4,1.9055199999999999,TP1+SL,2023-07-21 11:15:00+00:00,8.87549632608664,362.62294934074816,105,True
2023-07-21 14:45:00+00:00,5,GBP_AUD,SHORT,1.90822,1.9098422504794113,1.9059632485617666,1.9042987476029443,1.9018019961647108,437844.07,5,OVERLAP,2.0,0.0016645009588223303,36.07916360605371,62.92788158481175,1.9039614847892203,1.9025843625537853,26.961604384005966,False,0.00030158209504854185,56.73357001627479,44.98515210779708,0.03973509933771134,14,4,1.9098422504794113,SL,2023-07-21 15:15:00+00:00,-16.222504794112247,-710.2927524648618,30,False
2023-07-21 15:30:00+00:00,5,GBP_AUD,SHORT,1.90843,1.9099264319618316,1.906280704114505,1.9046878401908414,1.902298544305346,469910.99,5,OVERLAP,2.0,0.0015928639236635093,35.51912148182759,61.623875363450985,1.9045275291099728,1.9027732104430446,26.48594089412093,False,0.00013012882187827743,58.854876171091654,41.42470890027283,0.11199999999984794,15,4,1.9099264319618316,SL,2023-07-21 18:00:00+00:00,-14.964319618315793,-703.1898246519196,150,False
2023-07-24 10:00:00+00:00,5,GBP_AUD,LONG,1.90345,1.9017860726097617,1.9058017821707145,1.907529636951191,1.9101214191219054,418382.39,5,LONDON,2.0,0.001727854780476341,61.0379301047358,27.876089311822625,1.9082026407855077,1.9061604961746486,-8.799441768405636,False,-0.0006039796201199761,40.08627363544546,-49.92640785507651,0.05072463768117225,10,0,1.9017860726097617,SL,2023-07-24 10:45:00+00:00,-16.63927390238351,-696.157918314384,45,False
2023-07-24 10:45:00+00:00,5,GBP_AUD,LONG,1.90187,1.9007248365610958,1.9041054903167127,1.9057558171945213,1.908231307511234,601832.3,5,LONDON,2.0,0.0016503268778085122,58.02847251752051,23.88772609230911,1.9075720762434827,1.906056501851703,-22.676357396216318,False,-0.00033125507245790765,50.62272426348795,-59.42076243482752,0.7524271844661162,10,0,1.908231307511234,TP3,2023-07-24 12:15:00+00:00,37.207845067404484,2239.28829749597,90,True
2023-07-24 15:30:00+00:00,5,GBP_AUD,LONG,1.90185,1.8997193952086082,1.904491814374175,1.906413023956958,1.909294838331133,333984.62,5,OVERLAP,2.0,0.0019212095827832254,31.509443892273993,41.27146028838062,1.9054367020057195,1.9056688925210652,-22.92258940193692,False,-0.00032909240354768617,39.58448383976533,-38.2670200571944,0.23584905660383879,15,0,1.8997193952086082,SL,2023-07-24 16:00:00+00:00,-21.306047913918214,-711.5892316231767,30,False
2023-07-24 16:00:00+00:00,5,GBP_AUD,LONG,1.90021,1.8985804989298716,1.9027285032103853,1.9045675053506423,1.9073260085610277,432324.56,5,OVERLAP,2.0,0.0018390021402569618,32.0069633743187,36.81972006528111,1.9050219998138147,1.9055575236436402,-37.82625788618876,False,-0.00030766697996417063,48.31126847290554,-50.51999813814767,0.1714285714286379,16,0,1.90021,TP1+SL,2023-07-24 21:00:00+00:00,10.074012841541526,435.52431691537896,300,True
2023-07-25 10:00:00+00:00,5,GBP_AUD,LONG,1.89747,1.8961154385985401,1.8993736842043794,1.9008028070072989,1.9029464912116782,523290.11,5,LONDON,2.0,0.0014291228029195454,24.47111681083405,45.584824821279014,1.8990567940588756,1.9025754732461084,-2.7365661566003396,False,-1.7389813202939373e-05,62.51126597823153,-18.26794058875647,0.2870370370370751,10,1,1.8961154385985401,SL,2023-07-25 11:45:00+00:00,-13.545614014598417,-708.8285847716747,105,False
2023-07-26 08:00:00+00:00,5,GBP_AUD,SHORT,1.90665,1.9082854232834932,1.9043237301495202,1.9026128835825338,1.900046613732054,429087.87,5,LONDON,2.0,0.0017108465669865072,26.034279485964504,56.53771297242305,1.9035827991216543,1.9018573622932111,-0.46666666666750345,False,-0.00010788643209093363,90.54309837031275,33.07200878345684,0.1914893617022131,8,2,1.9082854232834932,SL,2023-07-26 08:45:00+00:00,-16.35423283493198,-701.7402932625025,45,False
2023-07-31 15:45:00+00:00,5,GBP_AUD,LONG,1.91036,1.9085562188614638,1.912651343415609,1.9143389056926816,1.9168702491082905,385148.11,5,OVERLAP,2.0,0.0016875622770726008,75.96845829616896,28.132637335976696,1.9173415224141155,1.9193255561964244,-38.36885278754698,False,-9.093002887093724e-05,54.73078360517519,-72.21522414115444,0.12230215827338359,15,0,1.91036,TP1+SL,2023-07-31 17:45:00+00:00,9.165373662435528,353.00263435308216,120,True
2023-08-01 09:15:00+00:00,5,GBP_AUD,SHORT,1.93293,1.934504722383603,1.929915832849191,1.9277463880819847,1.9244922209311757,443413.34,5,LONDON,2.0,0.002169444767206106,63.404858459715626,73.78726987865971,1.9212941630037708,1.9182851451992433,11.029397779680483,False,0.00024374513645984003,72.69950623941185,118.75836996229293,0.1368421052632354,9,1,1.929963423480436,TP1+TP2+SL,2023-08-01 12:30:00+00:00,38.72426931442563,1717.085759576898,195,True
2023-08-07 15:45:00+00:00,5,GBP_AUD,SHORT,1.94473,1.946484556657287,1.9426763300281389,1.9411472167135648,1.9388535467417036,407751.88,5,OVERLAP,2.0,0.0015291133145740976,39.58431324719338,62.558895844084844,1.9404617042644645,1.9384961657510558,36.47268259507674,False,0.00019841364734126147,77.93745071505349,45.082957355355724,0.6987951807227497,15,0,1.94473,TP1+SL,2023-08-07 21:30:00+00:00,8.214679887444733,334.9551167703778,345,True
2023-08-09 09:00:00+00:00,5,GBP_AUD,LONG,1.94482,1.9436632435242516,1.9467902694272448,1.9482637823787412,1.950474051805986,621369.62,5,LONDON,2.0,0.0014735129514964831,21.166532248955342,43.49704446628343,1.9469230292425908,1.9465508438092125,0.05197265897871617,False,-4.9381678957402054e-05,38.74092459806752,-23.430292425907773,0.35211267605646135,9,2,1.9478477956073288,TP1+TP2+SL,2023-08-09 13:45:00+00:00,27.711798438601498,1721.9269665310408,285,True
2023-08-11 08:00:00+00:00,5,GBP_AUD,SHORT,1.94719,1.948726870335699,1.9452193889929035,1.9437456483215059,1.9415350373144096,478890.5,5,LONDON,2.0,0.0014737406713976088,45.409268233742395,61.67646772304962,1.9450309761763203,1.944930584556095,0.06666666666710341,False,0.00014398975034575392,54.19995738787421,23.990238236797357,0.06140350877193495,8,4,1.948726870335699,SL,2023-08-11 08:30:00+00:00,-15.368703356990476,-735.9926034980848,30,False
2023-08-11 14:45:00+00:00,5,GBP_AUD,SHORT,1.95084,1.9523036734220596,1.948638979733821,1.9470116328897018,1.9445706126235227,497810.96,5,OVERLAP,2.0,0.0016273468441192858,31.062448350934282,59.72327275623318,1.9481084140330522,1.9459834416358595,13.933795563969564,False,-3.892831391160041e-06,34.29998849887807,29.715859669476874,0.49382716049378655,14,4,1.9523036734220596,SL,2023-08-11 15:00:00+00:00,-14.636734220596635,-728.6326713620064,15,False
2023-08-21 16:15:00+00:00,5,GBP_AUD,SHORT,1.99172,1.9927753889307678,1.9898738332076968,1.9884830553461614,1.9863968885538583,683488.64,5,OVERLAP,2.0,0.0013907778615353853,38.07592712861651,63.192222516994825,1.9890186091295243,1.9869472513978814,33.2447995745877,False,0.0003357435600381295,71.10288708616979,29.413908704756242,0.4819277108432575,16,0,1.9863968885538583,TP3,2023-08-21 21:00:00+00:00,30.97866867684962,2117.3568122950546,285,True
2023-08-23 11:15:00+00:00,5,GBP_AUD,LONG,1.96847,1.9665839599212693,1.9713981202361923,1.973510200393654,1.9766783206298464,393692.54,5,LONDON,2.0,0.002112080157461633,58.57648218942019,30.34297739148171,1.9762896503086123,1.981911107036535,-33.928432084946444,False,-0.0004159927225115376,46.64206559789314,-80.5965030861233,0.49159663865550063,11,2,1.9665839599212693,SL,2023-08-23 12:00:00+00:00,-18.86040078730611,-742.5199091372541,45,False
2023-08-30 15:45:00+00:00,5,GBP_AUD,SHORT,1.95892,1.9604506201238012,1.9566381396285966,1.9549568993809943,1.952435039009591,480259.41,5,OVERLAP,2.0,0.001681240247602256,36.503586864611364,62.55838928380439,1.955434917846077,1.956330350880729,32.68298949740789,False,0.0004590319153411236,77.33802230223888,37.25082153922976,0.42045454545452826,15,2,1.9604506201238012,SL,2023-08-30 16:00:00+00:00,-15.306201238012294,-735.0947175909055,15,False
2023-08-30 16:45:00+00:00,5,GBP_AUD,SHORT,1.96089,1.9619998907058487,1.958760327882454,1.9571805464707566,1.9548108743532104,655689.58,5,OVERLAP,2.0,0.0015797814116974096,41.182876312540685,65.64751005785723,1.9562740485661825,1.9565179073544336,49.349002529899266,False,0.00040833406122292733,75.02645502645122,48.559514338175624,0.6708860759496766,16,2,1.9619998907058487,SL,2023-08-30 17:15:00+00:00,-11.098907058486596,-727.7437707638111,30,False
