timestamp,strategy_id,pair,signal_direction,entry_price,sl_price,tp1_price,tp2_price,tp3_price,lot_size,confluence_score,session,spread_at_entry,atr_at_entry,adx_at_entry,rsi_at_entry,ema_50_value,ema_200_value,vwap_deviation,news_within_60min,macd_hist_at_entry,stoch_k_at_entry,distance_from_ema50_pips,candle_body_ratio,hour_of_day,day_of_week,entry_pattern,exit_price,exit_reason,exit_time,pnl_pips,pnl_dollars,hold_time_minutes,win
2021-01-08 14:45:00+00:00,6,GBP_USD,SHORT,1.3582199999999998,1.363560129963055,1.355189870036945,1.35412,1.3503596750923628,187261.36,5,OVERLAP,1.5,0.0016100649815274381,36.79897096969319,45.30936648476271,1.3586564082559003,1.3586352067327216,-10.443396247734604,False,-0.0001031125143328023,45.74242726536399,-2.4640825590038773,0.7905982905983429,14,4,ema_bounce_strong_bearish_close,1.3582199999999998,TP1+SL,2021-01-08 15:45:00+00:00,18.1807797783291,340.4557547150406,60,True
2021-01-13 15:00:00+00:00,6,GBP_USD,LONG,1.3653600000000001,1.3610894907713926,1.3678105092286075,1.37009,1.3717712730715186,234961.34,5,OVERLAP,1.5,0.001320254614303736,31.853435034561613,37.76902621854913,1.3669866732599034,1.362196487730788,-21.60262471441854,False,-0.0002848997361316706,15.168072460673306,-18.16673259903423,0.2797619047619032,15,2,ema_bounce_hammer,1.3653600000000001,TP1+SL,2021-01-14 09:00:00+00:00,14.703055371644068,345.46495922156885,1080,True
2021-01-20 15:00:00+00:00,6,GBP_USD,LONG,1.3657400000000002,1.361134902558002,1.368095097441998,1.37009,1.3719127436049954,218640.15,5,OVERLAP,1.5,0.0012725487209990745,28.8332130537186,43.05518574176616,1.3665245193201974,1.3634443685221458,-21.974756295226605,False,-0.0003686006458376931,31.908454894236854,-9.745193201973201,0.9492385786802093,15,2,ema_bounce_strong_bullish_close,1.3693306312437552,TP1+TP2+SL,2021-01-21 07:15:00+00:00,30.77121589574205,672.7823259127426,975,True
2021-01-25 10:45:00+00:00,6,GBP_USD,LONG,1.36972,1.3661284213187515,1.3717215786812484,1.37186,1.3750089467031215,282212.12,4,LONDON,1.5,0.0010957893406243165,48.068967644324175,51.07376398243371,1.3693295302932578,1.3687958725302287,7.325064604102316,False,-0.00019233195694735443,80.57441761490242,2.004697067421457,0.7430555555554335,10,0,ema_bounce_strong_bullish_close,1.3661284213187515,SL,2021-01-25 14:45:00+00:00,-35.91578681248597,-1013.5870337819708,240,False
2021-01-26 09:15:00+00:00,6,GBP_USD,LONG,1.3663500000000002,1.3625608173818002,1.3682791826181997,1.36928,1.371457956545499,264819.95,4,LONDON,1.5,0.001059591309099781,45.43884770640602,60.18699428515147,1.365320553512415,1.367203233834709,28.544050393486398,False,0.0003149912451536204,91.89975214584007,8.394464875849383,0.8192771084336447,9,1,ema_bounce_strong_bullish_close,1.371457956545499,TP3,2021-01-26 14:00:00+00:00,25.47305225469554,674.577242443586,285,True
2021-02-01 10:45:00+00:00,6,GBP_USD,LONG,1.37206,1.3678078908048894,1.3742121091951105,1.37442,1.3777252729877767,237575.49,5,LONDON,1.5,0.001171054597555339,26.882054527151517,45.404594842802624,1.3725397010810614,1.3713081624591763,-9.684262301816737,False,-0.000317578664731289,25.503208684578397,-6.697010810614579,0.7527472527472099,10,0,ema_bounce_strong_bullish_close,1.3678078908048894,SL,2021-02-01 13:15:00+00:00,-42.521091951106534,-1010.1969255619191,150,False
2021-02-03 08:30:00+00:00,6,GBP_USD,SHORT,1.36645,1.3688790120957548,1.3650309879042453,1.36484,1.3626174697606128,411729.1,4,LONDON,1.5,0.0008045060478774576,43.13932134781189,53.38743118652325,1.3663043582282812,1.367418359667391,-3.6980642810702236,False,0.00015835065520613146,74.04709080370361,3.356417717188531,0.7682926829266774,8,2,ema_bounce_strong_bearish_close,1.3626174697606128,TP3,2021-02-03 12:00:00+00:00,17.176602813914865,707.2107217630635,210,True
2021-02-03 15:00:00+00:00,6,GBP_USD,SHORT,1.3656199999999998,1.3691777316292182,1.3634922683707817,1.36298,1.3600156709269544,283092.48,5,OVERLAP,1.5,0.0011588658146091202,33.645730082495795,57.662639284853874,1.3650175043353836,1.3666947463207786,11.0218976377352,False,0.0003923976164506115,78.51538987427647,7.924956646163661,0.6915887850467561,15,2,ema_bounce_strong_bearish_close,1.3600156709269544,TP3,2021-02-04 05:00:00+00:00,26.290718848353208,744.2704799763054,840,True
2021-02-11 12:45:00+00:00,6,GBP_USD,LONG,1.38331,1.3810347077036,1.3846352922963998,1.38556,1.3869082307409997,445925.03,4,LONDON,1.5,0.0007576461481999584,26.72046967100022,50.935048311199196,1.3832601020572965,1.3817283695525457,4.880736075789649,False,6.98378562257961e-05,49.775911772590796,-1.4010205729664271,0.6136363636363522,12,3,ema_bounce_strong_bullish_close,1.3810347077036,SL,2021-02-11 16:15:00+00:00,-22.752922963999996,-1014.6097855309389,210,False
2021-02-12 14:15:00+00:00,6,GBP_USD,LONG,1.3805,1.377695858768252,1.3820741412317479,1.38449,1.3847203530793697,358207.24,4,OVERLAP,1.5,0.0008820706158739361,18.971418107939677,57.18212501571022,1.379646042362501,1.380696501659248,10.195914159130126,False,0.00015459459921011152,76.90607981629604,6.639576374989353,0.1238938053097519,14,4,ema_bounce_hammer,1.3847203530793697,TP3,2021-02-12 15:45:00+00:00,25.635200469856343,918.2714407153944,90,True
2021-02-17 08:30:00+00:00,6,GBP_USD,LONG,1.3897100000000002,1.3868683313894636,1.3912316686105364,1.39141,1.3937991715263407,356708.16,5,LONDON,1.5,0.0008558343052681274,23.78010030946124,60.016634849128884,1.388991186390699,1.3894009661547442,9.868576538174523,False,7.279621218400116e-05,83.61460583725193,5.288136093011264,0.919999999999929,8,2,ema_bounce_strong_bullish_close,1.3868683313894636,SL,2021-02-17 10:15:00+00:00,-28.416686105365848,-1013.6463813942619,105,False
2021-02-22 08:45:00+00:00,6,GBP_USD,LONG,1.4002200000000002,1.396681998877946,1.4019880011220542,1.40359,1.4049250028051352,283637.54,4,LONDON,1.5,0.0009790005610270428,28.97097942952523,44.701747136363224,1.4010612655729626,1.3980987578962651,4.3920458792912065,False,-0.00011853434251851095,55.597964376590596,-10.312655729625142,0.6959064327486018,8,0,ema_bounce_strong_bullish_close,1.4017334019954595,TP1+TP2+SL,2021-02-22 12:00:00+00:00,22.23140872778217,630.5662082282664,195,True
2021-02-24 11:45:00+00:00,6,GBP_USD,LONG,1.41378,1.4098831067693594,1.4162568932306405,1.42075,1.4202572330766017,259133.5,4,LONDON,1.5,0.0013334466153203618,34.640053043331235,39.404661784413236,1.4151118987922695,1.4100089441803527,-26.28648365319952,False,-0.00048204605560526483,21.385305405280217,-15.218987922696048,0.8813559322033612,11,2,ema_bounce_strong_bullish_close,1.4098831067693594,SL,2021-02-24 13:45:00+00:00,-38.968932306406856,-1009.8155819822281,120,False
2021-02-24 14:30:00+00:00,6,GBP_USD,LONG,1.4126,1.4081094255231208,1.4153305744768792,1.42075,1.419711436192198,222625.73,4,OVERLAP,1.5,0.0014602872384396268,36.481905165100855,44.99040019625412,1.4139986500781365,1.4102234288108006,-18.42547835277486,False,-9.717374591791585e-05,77.18442460394128,-15.886500781365775,0.6470588235293628,14,2,ema_bounce_strong_bullish_close,1.4126,TP1+SL,2021-02-25 07:45:00+00:00,16.38344686127446,364.7376817407436,1035,True
2021-03-02 12:00:00+00:00,6,GBP_USD,SHORT,1.3913699999999998,1.3955709116731088,1.3888290883268912,1.38876,1.3847327208172284,238844.54,4,LONDON,1.5,0.0013654558365542948,41.15591789839547,61.08075121562836,1.3896338280466274,1.3938582761644842,29.543851991904457,False,0.0005629290595913037,86.2090642141788,19.26171953372524,0.8382352941177335,12,1,ema_bounce_strong_bearish_close,1.3955709116731088,SL,2021-03-02 16:00:00+00:00,-42.00911673108987,-1003.3648161443464,240,False
2021-03-03 14:00:00+00:00,6,GBP_USD,SHORT,1.3949999999999998,1.4004206638152707,1.3920093361847292,1.39144,1.3872383404618231,183248.99,4,OVERLAP,1.5,0.0015903319076353622,19.009330355518085,44.50341324115818,1.3963056065740052,1.395211799121951,-16.76880261551439,False,-0.00015846965823374982,48.17302478529239,-11.156065740052235,0.844748858447495,14,2,ema_bounce_strong_bearish_close,1.39267,TP1+TIME,2021-03-04 10:00:00+00:00,27.26398289162235,499.6097328267075,1200,True
2021-03-16 12:15:00+00:00,6,GBP_USD,SHORT,1.3868299999999998,1.3899077869484793,1.3848822130515206,1.38453,1.3816755326288017,324365.29,5,LONDON,1.5,0.001068893474239647,46.82288960376563,63.84711720643984,1.3858476038948975,1.3892855067798153,29.705111006039786,False,0.00062947390827199,81.90255333216525,11.723961051024467,0.1875000000001012,12,1,ema_bounce_shooting_star,1.3899077869484793,SL,2021-03-16 16:00:00+00:00,-30.777869484794884,-998.3272561017643,225,False
2021-03-18 12:45:00+00:00,6,GBP_USD,LONG,1.3946200000000002,1.3891819561550307,1.3976980438449693,1.39776,1.4026001096124232,181746.23,4,LONDON,1.5,0.0016340219224846451,29.03560946940879,43.14927908881365,1.3956414147728462,1.3928170755036315,-15.441275331391502,False,-0.00042231768633112406,25.370722614285057,-12.114147728461422,0.6557377049180522,12,3,ema_bounce_strong_bullish_close,1.3951,TIME,2021-03-19 08:45:00+00:00,4.799999999998139,87.23819039996619,1200,True
2021-03-26 12:15:00+00:00,6,GBP_USD,SHORT,1.3750099999999998,1.3787854607428622,1.3730445392571378,1.36788,1.3698113481428442,262012.09,4,LONDON,1.5,0.0010777303714311424,26.79456333450739,39.110141914915005,1.3761784217467616,1.3743342328140369,-21.326240678907205,False,-0.0002807532476728326,31.579656579657627,-9.784217467616596,0.769230769230817,12,4,ema_bounce_strong_bearish_close,1.3787854607428622,SL,2021-03-26 13:30:00+00:00,-37.754607428623906,-989.2163599503276,75,False
2021-03-29 14:15:00+00:00,6,GBP_USD,SHORT,1.37862,1.3825549821891576,1.3762350178108425,1.37564,1.3723725445271058,248876.4,5,OVERLAP,1.5,0.0012874910945788417,29.506700581690108,35.26521111857956,1.3806193737952608,1.3777787363568452,-32.0670486486585,False,-0.0006073876595308518,11.896808682525299,-18.093737952606936,0.8499999999997687,14,0,ema_bounce_strong_bearish_close,1.3775646243195903,TP1+TP2+SL,2021-03-30 02:15:00+00:00,24.305268815354662,604.9007803797733,720,True
2021-04-02 15:30:00+00:00,6,GBP_USD,LONG,1.38257,1.3797325419214135,1.3841074580785864,1.38469,1.3866986451964658,347273.22,4,OVERLAP,1.5,0.0008637290392931717,35.956729203643796,45.78870078065835,1.3830345513484141,1.3811369522599704,-1.706129850855831,False,2.7766161572579133e-05,66.08401084011163,-6.545513484141896,0.0247933884297278,15,4,ema_bounce_hammer,1.38257,TP1+SL,2021-04-05 05:30:00+00:00,9.224748471517772,320.35081053940553,3720,True
2021-04-07 08:45:00+00:00,6,GBP_USD,LONG,1.38324,1.3797635971413278,1.3854064028586721,1.38662,1.3889410071466803,284367.71,4,LONDON,1.5,0.001178201429336089,31.756082764493183,59.97004714956972,1.3819215667218028,1.3840191811452405,16.959238480138694,False,0.00033426671787511173,92.91564160545279,11.284332781971163,0.7319587628866498,8,2,ema_bounce_strong_bullish_close,1.3797635971413278,SL,2021-04-07 12:15:00+00:00,-34.76402858672234,-988.5767199580769,210,False
2021-04-08 13:00:00+00:00,6,GBP_USD,SHORT,1.3757199999999998,1.3793827228393822,1.3735072771606178,1.37281,1.3699031929015444,267203.12,4,OVERLAP,1.5,0.0012013614196911104,42.355881912344486,53.984736709313374,1.3753191395366182,1.3782345158250422,9.989988301359887,False,0.00022055765277420548,49.90929705215245,5.9086046338174825,0.6440677966101503,13,3,ema_bounce_strong_bearish_close,1.3738728982545658,TP1+TP2+SL,2021-04-09 00:00:00+00:00,23.853438781725302,637.3713265206,660,True
2021-04-09 14:15:00+00:00,6,GBP_USD,SHORT,1.3730099999999998,1.3766205194028638,1.3708794805971363,1.37058,1.3673987014928406,272831.84,5,OVERLAP,1.5,0.0011602597014318578,25.906503028696136,59.14245944940794,1.3719867408416033,1.3745896850917987,14.150927773093347,False,0.00024642204104322133,66.65261833983055,12.132591583966512,0.2090909090908467,14,4,ema_bounce_shooting_star,1.3713743161309597,TP1+TP2+SL,2021-04-11 23:45:00+00:00,21.708800286221354,592.2851926282299,3450,True
2021-04-12 14:30:00+00:00,6,GBP_USD,SHORT,1.37296,1.3767588382537648,1.3710611617462354,1.36696,1.3679279043655883,260865.94,5,OVERLAP,1.5,0.0010444191268823742,35.8794594446493,40.80611860557431,1.3735072828507509,1.3731576070955371,-19.75701384889783,False,-0.0004695600202287572,15.707294867414205,-3.5728285075076194,0.9210526315788666,14,0,ema_bounce_strong_bearish_close,1.3767588382537648,SL,2021-04-13 09:30:00+00:00,-37.988382537648135,-990.9875119763167,1140,False
2021-04-13 10:15:00+00:00,6,GBP_USD,SHORT,1.3735899999999999,1.3774830878952056,1.3717769121047945,1.36696,1.368772280261986,252005.01,5,LONDON,1.5,0.001001543947602794,27.818603252620576,42.29352093247888,1.3746150439287603,1.3738370226689616,-18.012406414043003,False,-0.00011408026241686864,31.06259830471883,-8.350439287603262,0.8612716763005684,10,1,ema_bounce_strong_bearish_close,1.3735899999999999,TP1+SL,2021-04-13 12:30:00+00:00,10.878527371232403,274.14433989726956,135,True
2021-04-14 10:30:00+00:00,6,GBP_USD,SHORT,1.3757199999999998,1.3787516279496115,1.3738283720503885,1.37307,1.3707059301259712,324518.41,4,LONDON,1.5,0.0010408139748057485,37.45666847619665,37.23799627117703,1.3772439546794353,1.3752748219849893,-25.33236753731627,False,-0.0004646550692211179,17.885965160124467,-13.339546794353119,0.6857142857143401,10,2,ema_bounce_strong_bearish_close,1.3787516279496115,SL,2021-04-14 13:30:00+00:00,-30.31627949611648,-983.8190819195321,180,False
2021-04-15 11:15:00+00:00,6,GBP_USD,LONG,1.37803,1.3752138645649223,1.3799561354350776,1.38085,1.383130338587694,345857.26,4,LONDON,1.5,0.0010580677175388458,28.67033002234477,47.559775124455015,1.378117975845734,1.3769945805609356,-7.125704890860174,False,-0.00021577919951701308,34.51623711906553,-2.7797584573407974,0.9433962264147386,11,3,ema_bounce_strong_bullish_close,1.37803,TP1+SL,2021-04-15 13:00:00+00:00,11.556812610464817,399.7007543788809,105,True
2021-04-21 08:00:00+00:00,6,GBP_USD,LONG,1.3943200000000002,1.3911623498329324,1.3961776501670677,1.39926,1.3992491254176693,309716.99,5,LONDON,1.5,0.001023825083533839,25.019051318055073,56.4386032300109,1.3935739145553445,1.3930419767094162,2.6666666666685934,False,9.21425751444652e-05,64.70473624912138,5.560854446555741,0.605769230769397,8,2,ema_bounce_strong_bullish_close,1.3911623498329324,SL,2021-04-21 12:30:00+00:00,-31.57650167067816,-977.9779052172411,270,False
2021-04-21 14:15:00+00:00,6,GBP_USD,LONG,1.3930200000000001,1.388228343912414,1.395181656087586,1.39926,1.398709140218965,202059.19,4,OVERLAP,1.5,0.0011758280437930316,38.034154888096324,55.88422537683835,1.3924941882544404,1.3928306206855319,9.575490467004233,False,2.7996511107746696e-05,83.36232342399349,3.3581174555963322,0.7637130801688194,14,2,ema_bounce_strong_bullish_close,1.39141,TIME,2021-04-22 10:15:00+00:00,-16.10000000000111,-325.3152959000225,1200,False
2021-04-27 09:45:00+00:00,6,GBP_USD,LONG,1.38867,1.3855430858178073,1.3903669141821926,1.39079,1.3931972854554817,308593.37,5,LONDON,1.5,0.0009434570910963342,21.489550581355743,53.53413695257658,1.3884062230526921,1.3887655099253697,11.620724556180573,False,2.247934696954202e-06,77.02822947509628,0.7377694730781315,0.6754385964910897,9,1,ema_bounce_strong_bullish_close,1.3892607112405084,TP1+TP2+SL,2021-04-27 12:45:00+00:00,17.132196333663252,528.6882202106788,180,True
2021-04-28 09:30:00+00:00,6,GBP_USD,LONG,1.38928,1.3862049993992116,1.3908050006007884,1.39239,1.3933775015019707,315522.49,5,LONDON,1.5,0.000857500300394176,32.39823890804354,59.53431454630021,1.3884146751914312,1.3890131715979888,9.443686069487978,False,0.00020787635568733463,79.98251748251167,6.7532480856868915,0.7394957983193058,9,2,ema_bounce_strong_bullish_close,1.3862049993992116,SL,2021-04-28 11:00:00+00:00,-30.75000600788469,-970.2318463122737,90,False
2021-04-28 13:30:00+00:00,6,GBP_USD,LONG,1.3887300000000002,1.3854615390278573,1.3904884609721428,1.39079,1.393411152430357,293878.23,5,OVERLAP,1.5,0.0009742304860713618,22.270628437386936,56.15046163937934,1.387990277939803,1.3887941185130452,7.631658729312374,False,9.868634454829323e-05,73.91957255954891,5.497220601970998,0.7761194029852477,13,2,ema_bounce_strong_bullish_close,1.3894373734815437,TP1+TP2+SL,2021-04-28 18:00:00+00:00,17.438139314398303,512.4689516208787,270,True
2021-05-03 09:30:00+00:00,6,GBP_USD,SHORT,1.38445,1.3870688714353467,1.3829611285646533,1.38234,1.380442821411633,368729.15,4,LONDON,1.5,0.0008394357176733981,39.7039219253324,61.536370518335204,1.3833514837467356,1.387168136763951,-2.8151537122900194,False,0.00020928517350129214,50.94064506632993,12.885162532645378,0.7157894736842204,9,0,ema_bounce_strong_bearish_close,1.3870688714353467,SL,2021-05-03 10:45:00+00:00,-26.18871435346781,-965.6542383146987,75,False
2021-05-05 09:15:00+00:00,6,GBP_USD,LONG,1.38931,1.3859749156567196,1.3910450843432802,1.39143,1.393932710858201,286648.73,4,LONDON,1.5,0.0009625421716402062,21.614116415885565,46.898250091635504,1.3895001275268632,1.3887326318739615,3.099741242593712,False,-0.00013697774349492552,51.211406518007095,-3.801275268633386,0.8239436619716405,9,2,ema_bounce_strong_bullish_close,1.3900798356407729,TP1+TP2+SL,2021-05-05 12:15:00+00:00,17.540341700453595,502.7916672201064,180,True
2021-05-13 13:45:00+00:00,6,GBP_USD,LONG,1.4056300000000002,1.4001825861890607,1.4083174138109393,1.41491,1.4126335345273486,176418.69,5,OVERLAP,1.5,0.0014387069054697054,27.274673859125205,57.46919475636066,1.4044967376844244,1.4075284199369067,20.38690636357865,False,0.0002790507345393694,48.59022234403574,9.432623155756215,0.7991803278689017,13,3,ema_bounce_strong_bullish_close,1.40602,TIME,2021-05-14 09:45:00+00:00,3.899999999998905,68.80328909998067,1200,True
2021-05-19 08:45:00+00:00,6,GBP_USD,LONG,1.4184,1.4146967755379103,1.4202532244620898,1.422,1.4233180611552243,259696.28,5,LONDON,1.5,0.0010216122310448647,25.066998821922052,47.11008791200597,1.4186953903551587,1.4164542058649636,3.463071207159274,False,-0.00013890459528521023,33.08274678946217,-4.853903551587102,0.7210884353742596,8,2,ema_bounce_strong_bullish_close,1.4146967755379103,SL,2021-05-19 11:00:00+00:00,-37.03224462089816,-961.7136168097262,135,False
2021-05-19 13:30:00+00:00,6,GBP_USD,LONG,1.41727,1.4126430809960726,1.4194969190039273,1.42004,1.4231222975098183,205773.32,4,OVERLAP,1.5,0.0012084595019636996,29.571780929088682,53.79520411581686,1.4171990666695404,1.416363872036772,8.299351392759835,False,0.00016272229023412842,59.88872524954891,-1.1906666954053513,0.7196652719664692,13,2,ema_bounce_strong_bullish_close,1.4126430809960726,SL,2021-05-19 18:00:00+00:00,-46.26919003927421,-952.0964848092385,270,False
2021-05-25 11:15:00+00:00,6,GBP_USD,LONG,1.4166,1.4138166730560378,1.4183133269439623,1.41938,1.421168317359906,338650.67,4,LONDON,1.5,0.0009516634719811878,34.14377358566028,39.092495102509076,1.4174216061908977,1.4163687441064152,-11.67959569978727,False,-0.00033875041782582046,26.06647550994316,-10.116061908977958,0.6133333333333649,11,1,ema_bounce_strong_bullish_close,1.4138166730560378,SL,2021-05-25 12:45:00+00:00,-27.833269439623272,-942.5755344018946,90,False
2021-05-28 14:45:00+00:00,6,GBP_USD,LONG,1.4179000000000002,1.412755966586318,1.420334033413682,1.42053,1.424270083534205,181404.3,5,OVERLAP,1.5,0.0013120167068409968,29.67253894987663,56.04983385807524,1.4173934694767034,1.4167182771277491,10.294484690609451,False,0.00020569452155108105,64.92818450694914,3.165305232966098,0.617543859649113,14,4,ema_bounce_strong_bullish_close,1.41735,TIME,2021-05-31 10:45:00+00:00,-5.5000000000005045,-99.77236500000915,4080,False
2021-05-31 11:30:00+00:00,6,GBP_USD,LONG,1.4185100000000002,1.4163096235114885,1.4197003764885114,1.41996,1.4217709412212785,423632.98,4,LONDON,1.5,0.0006901882442557004,23.455863159626624,55.10413466737561,1.4181181638980664,1.4177188238911258,10.79182742309337,False,0.00011904506561093321,67.66166204320983,2.018361019335835,0.9538461538461959,11,0,ema_bounce_strong_bullish_close,1.4217709412212785,TP3,2021-05-31 22:30:00+00:00,14.753200152345826,624.9942145074716,660,True
2021-06-11 08:30:00+00:00,6,GBP_USD,LONG,1.41633,1.4136505539099902,1.4177094460900097,1.4179,1.4200636152250243,350222.38,5,LONDON,1.5,0.0007847230450048918,52.82025322370398,41.3028179728031,1.4168855341186162,1.4151096971859616,1.0277459125895838,False,-0.0002124680739420667,20.578968456327313,-7.455341186162201,0.7789473684210083,8,4,ema_bounce_strong_bullish_close,1.4136505539099902,SL,2021-06-11 13:30:00+00:00,-26.79446090009918,-938.4019867249677,300,False
2021-06-21 08:15:00+00:00,6,GBP_USD,SHORT,1.38322,1.386036008983105,1.381173991016895,1.37914,1.3778199775422375,329905.9,4,LONDON,1.5,0.0011180044915524848,41.918477833857295,61.983038193880056,1.3817072499059377,1.3880281516083113,-1.7571519227810306,False,0.00040362054196935946,92.49735974857106,17.027500940622886,0.6964285714285077,8,0,ema_bounce_strong_bearish_close,1.386036008983105,SL,2021-06-21 09:15:00+00:00,-28.16008983105078,-929.0179779793657,60,False
2021-06-25 14:00:00+00:00,6,GBP_USD,SHORT,1.3916,1.3949387026687428,1.3895812973312573,1.38955,1.386268243328143,275474.6,5,OVERLAP,1.5,0.0011043513343713925,33.986696788081794,55.71032802386778,1.391290614890714,1.3927485612021,11.892812763321103,False,0.0002927821956353779,74.06657741001611,4.993851092860435,0.6617647058822665,14,4,ema_bounce_strong_bearish_close,1.3892409973213553,TP1+TP2+SL,2021-06-27 23:00:00+00:00,20.621218691099898,568.0621970443267,3420,True
2021-06-28 11:15:00+00:00,6,GBP_USD,SHORT,1.3896099999999998,1.3930077933057146,1.3877022066942855,1.38711,1.3845555167357138,272355.71,4,LONDON,1.5,0.001048896652857228,22.88428939629274,44.11157723288674,1.3903224272095078,1.3910077318854868,-13.37216543013886,False,-0.000263353018107662,26.526303088801612,-5.22427209507903,0.6666666666666666,11,0,ema_bounce_strong_bearish_close,1.3871822779031016,TP1+TP2+SL,2021-06-29 05:15:00+00:00,21.374481931183407,582.1462202249629,1080,True
2021-06-30 10:00:00+00:00,6,GBP_USD,SHORT,1.3846699999999998,1.3878484014512082,1.3828615985487918,1.38149,1.3798639963719792,292986.87,5,LONDON,1.5,0.0009992007256041536,26.397267702084267,54.832471628868234,1.3842843798541742,1.3860383961240903,11.146552223559869,False,0.00024314820194270718,78.99314636679706,5.756201458257948,0.7878787878787539,10,2,ema_bounce_strong_bearish_close,1.3798639963719792,TP3,2021-06-30 17:00:00+00:00,25.19641233526837,738.2217985339671,420,True
2021-07-06 08:15:00+00:00,6,GBP_USD,SHORT,1.3852799999999998,1.3881803952232112,1.3837296047767886,1.38319,1.3811190119419718,323615.24,5,LONDON,1.5,0.0008701976116056353,42.53191614377057,33.320328524166115,1.387073849011492,1.3841518370925656,-7.158928480519577,False,-0.0004653232893897483,6.242383035350104,-16.0384901149202,0.6793893129771833,8,1,ema_bounce_strong_bearish_close,1.3852799999999998,TP1+SL,2021-07-06 11:15:00+00:00,9.302371339267257,301.0389133526095,180,True
2021-07-07 10:30:00+00:00,6,GBP_USD,SHORT,1.3811399999999998,1.384574012608713,1.379215987391287,1.37894,1.3760449684782177,274204.73,4,LONDON,1.5,0.0010570063043564598,24.06771378801478,55.55855448480116,1.3804409444351615,1.3819259487893736,12.148316371056733,False,0.0002234775558197433,80.27443375778694,8.890555648384257,0.904347826087101,10,2,ema_bounce_strong_bearish_close,1.3760449684782177,TP3,2021-07-07 14:30:00+00:00,23.23910717405808,637.2273108103659,240,True
2021-07-27 11:45:00+00:00,6,GBP_USD,LONG,1.38033,1.3769647803554061,1.3821452196445938,1.38312,1.3851530491114847,281703.68,4,LONDON,1.5,0.0010026098222969714,23.357698664248744,54.199843565878545,1.3801278563296004,1.3786715014079436,17.005791691968586,False,0.0002632392340619574,67.8043488514721,0.12143670399478168,0.8582677165353656,11,1,ema_bounce_strong_bullish_close,1.3851530491114847,TP3,2021-07-27 14:45:00+00:00,24.084366979046706,678.465480846794,180,True
2021-07-28 14:15:00+00:00,6,GBP_USD,LONG,1.3862200000000002,1.3834228186622322,1.388157181337768,1.38895,1.3913479533444195,341336.26,4,OVERLAP,1.5,0.0010635906688839017,22.819383278986805,44.11921599162963,1.3871162763439995,1.3843268612248885,-11.034522954367354,False,-0.0001775682667805053,34.05532104596235,-10.862763439993817,0.6142857142859998,14,2,ema_bounce_strong_bullish_close,1.3862200000000002,TP1+SL,2021-07-28 18:00:00+00:00,11.62308802660661,396.738139665268,225,True
2021-08-02 14:30:00+00:00,6,GBP_USD,LONG,1.3908900000000002,1.3879999120820914,1.3927600879179087,1.39323,1.395850219794772,331736.2,5,OVERLAP,1.5,0.0010300439589543658,36.65621211764813,52.95563673484671,1.3905074931082728,1.391509031328877,1.8030278280112277,False,0.00010406884186474661,50.494961173919485,1.925068917272288,0.6274509803921184,14,0,ema_bounce_strong_bullish_close,1.3879999120820914,SL,2021-08-02 16:00:00+00:00,-28.900879179087905,-958.7467835529741,90,False
2021-08-06 08:00:00+00:00,6,GBP_USD,LONG,1.39219,1.3898546827682297,1.3933753172317702,1.39385,1.395438293079426,406437.0,4,LONDON,1.5,0.0006876586158852025,19.416060573279385,48.675311864312555,1.3921789032504477,1.39167718438672,2.2333333333324212,False,4.2465420303448215e-05,54.20289855072324,-1.7890325044778166,0.06896551724158173,8,4,ema_bounce_hammer,1.3898546827682297,SL,2021-08-06 12:30:00+00:00,-23.353172317703837,-949.1593297290596,270,False
2021-08-11 12:15:00+00:00,6,GBP_USD,SHORT,1.38279,1.3852378184424217,1.3815621815575785,1.38023,1.379435453893946,383879.67,5,LONDON,1.5,0.0007089092212108351,39.1077706246497,59.24413732970984,1.3824046386149806,1.3843238790353205,11.663706421640718,False,0.0002876658814346891,85.73606843874042,5.753613850194572,0.6333333333332017,12,2,ema_bounce_strong_bearish_close,1.3852378184424217,SL,2021-08-11 12:30:00+00:00,-24.478184424217005,-939.6677358967565,15,False
2021-08-12 08:45:00+00:00,6,GBP_USD,SHORT,1.3860499999999998,1.3884331866606572,1.3849868133393428,1.38406,1.3831070333483573,390347.54,4,LONDON,1.5,0.0006265933303285277,23.402257882236317,44.68815352736073,1.3865979132197832,1.3856865022477975,-5.236041930800628,False,-3.143872106912084e-06,32.75121476316015,-3.5791321978329016,0.7064220183487472,8,3,ema_bounce_strong_bearish_close,1.3831070333483573,TP3,2021-08-12 14:15:00+00:00,15.292086615583456,596.9228391859928,330,True
2021-08-13 11:45:00+00:00,6,GBP_USD,SHORT,1.3816099999999998,1.3835323862393865,1.3805176137606134,1.38023,1.3785940344015337,487019.86,5,LONDON,1.5,0.0006411931196932491,38.699068156089254,62.12896066710047,1.380821374227297,1.3828498177431126,13.630430492073131,False,0.0002638487375802849,93.587612344317,9.786257727029124,0.8181818181818549,11,4,ema_bounce_strong_bearish_close,1.3835323862393865,SL,2021-08-13 13:00:00+00:00,-19.223862393866753,-936.2402771720251,75,False
2021-08-16 13:15:00+00:00,6,GBP_USD,SHORT,1.3855499999999998,1.38890854360131,1.38406145639869,1.38406,1.381543640996725,275976.14,4,OVERLAP,1.5,0.0008392718006550134,27.634666309725795,46.69130245079033,1.3858978683097496,1.3847935864843726,-5.270395149470364,False,-2.046766110986098e-05,32.934498302631006,-1.578683097496203,0.6490066225165865,13,0,ema_bounce_strong_bearish_close,1.3852293741621262,TP1+TP2+SL,2021-08-16 14:45:00+00:00,13.721887445732328,378.6913530787668,90,True
2021-08-18 08:45:00+00:00,6,GBP_USD,SHORT,1.3755,1.3776225904491202,1.37421740955088,1.37309,1.3720085238771997,438457.07,4,LONDON,1.5,0.0007362952245600722,27.539380470729398,59.636447145476495,1.3748975116452553,1.3783189307284869,2.205193233488778,False,0.00013678344480185179,81.27490039841054,7.924883547447692,0.15517241379296484,8,2,ema_bounce_shooting_star,1.3776225904491202,SL,2021-08-18 18:00:00+00:00,-21.225904491202204,-930.664789131236,555,False
2021-08-24 08:00:00+00:00,6,GBP_USD,SHORT,1.3708699999999998,1.3729806205162247,1.3696793794837752,1.3632,1.367608448709438,436534.25,5,LONDON,1.5,0.0006903102581124025,45.284526062656184,33.781380081991486,1.3721302584860753,1.36916963840372,-1.5333333333344967,False,-0.0002998642793581589,4.610924055370163,-10.702584860753372,0.8709677419356803,8,1,ema_bounce_strong_bearish_close,1.3708699999999998,TP1+SL,2021-08-24 08:30:00+00:00,7.143723097347898,311.84798045084415,30,True
2021-08-24 08:45:00+00:00,6,GBP_USD,SHORT,1.37062,1.3728037912806654,1.3692562087193347,1.3632,1.3669255217983365,423335.62,5,LONDON,1.5,0.0007768956403327229,52.76247914554768,36.6799244766445,1.3719544749804244,1.36921099602292,1.4579030397099402,False,-0.0003522232986273439,39.755204642849236,-11.444749804243592,0.01818181818153191,8,1,ema_bounce_shooting_star,1.3728037912806654,SL,2021-08-24 10:30:00+00:00,-21.837912806654813,-924.4766357511155,105,False
2021-08-27 10:00:00+00:00,6,GBP_USD,SHORT,1.37069,1.3727991894843035,1.3695708105156967,1.36936,1.3676070262892415,433925.86,5,LONDON,1.5,0.00065459474215173,26.899835093361343,57.996222542357074,1.3702389459503743,1.371475563740854,6.84864006106789,False,-9.440492311072894e-06,83.91038602690794,6.410540496257777,0.013513513513598665,10,4,ema_bounce_shooting_star,1.3727991894843035,SL,2021-08-27 12:15:00+00:00,-21.091894843034975,-915.2318608793516,135,False
2021-08-30 13:15:00+00:00,6,GBP_USD,LONG,1.37545,1.3729674282832698,1.37687257171673,1.37749,1.3792914292918252,364976.18,4,OVERLAP,1.5,0.000806285858365076,29.795768922291703,46.11989540194738,1.375846846698936,1.3743692874334372,-3.261058195083155,False,-3.6412586821161586e-05,33.86098243066985,-5.868466989360499,0.6857142857141951,13,0,ema_bounce_strong_bullish_close,1.3792914292918252,TP3,2021-08-31 05:30:00+00:00,18.49685959220526,675.0913155959435,975,True
2021-09-06 11:45:00+00:00,6,GBP_USD,LONG,1.3847200000000002,1.3824858553267303,1.3857441446732697,1.38915,1.387565361683174,408581.62,4,LONDON,1.5,0.0006070723366348048,25.443556000771736,54.81391523030938,1.3845619743012976,1.3835244933871278,5.840196292901112,False,8.476769195014749e-05,74.82219061166406,-0.3197430129753265,0.7692307692309569,11,0,ema_bounce_strong_bullish_close,1.3824858553267303,SL,2021-09-06 14:15:00+00:00,-22.341446732698778,-912.8304499189774,150,False
2021-09-13 10:00:00+00:00,6,GBP_USD,LONG,1.3832300000000002,1.380801300067046,1.3845086999329541,1.38451,1.386711749832385,372092.96,4,LONDON,1.5,0.0007343499664770204,20.692132840408178,59.04013656733465,1.3826207207394978,1.3830804980919313,13.998764514053796,False,0.0002337860631205229,83.57323232323297,4.192792605022255,0.8085106382980232,10,0,ema_bounce_strong_bullish_close,1.3832300000000002,TP1+TP2+SL,2021-09-13 13:45:00+00:00,11.512199597722761,428.3608424427472,225,True
2021-09-16 11:15:00+00:00,6,GBP_USD,LONG,1.38324,1.3808875635008693,1.3846224364991306,1.38508,1.3869810912478266,385976.74,4,LONDON,1.5,0.0007862182495653409,24.03369229418199,55.34437815209962,1.3827615902398933,1.3831360673137734,12.267926412432573,False,0.00019563673183809578,86.8614486559358,2.8840976010657826,0.9333333333332593,11,3,ema_bounce_strong_bullish_close,1.3808875635008693,SL,2021-09-16 12:45:00+00:00,-23.5243649913075,-907.9857709914997,90,False
2021-09-21 10:00:00+00:00,6,GBP_USD,SHORT,1.3679199999999998,1.3709234936806491,1.3664565063193508,1.36488,1.3639762657983772,299286.76,4,LONDON,1.5,0.0008267468403245726,12.772225518516802,52.15319175586652,1.3674523928231033,1.3701447639345925,-5.071923848367632,False,-1.6937924857571133e-05,54.835884913668146,6.576071768966685,0.7008547008548014,10,1,ema_bounce_strong_bearish_close,1.3670252414937132,TP1+TP2+SL,2021-09-21 19:15:00+00:00,18.795720590179865,562.531031730022,555,True
2021-09-24 09:00:00+00:00,6,GBP_USD,SHORT,1.3707799999999999,1.3733650195840732,1.3693349804159267,1.36488,1.3668824510398168,349912.71,4,LONDON,1.5,0.0008175097920366397,27.839316069338533,44.61494145202079,1.3717754250121494,1.3694824581837954,1.6200686925160745,False,-2.811065362433627e-05,62.122613741488514,-8.054250121494189,0.8452380952381299,9,4,ema_bounce_strong_bearish_close,1.36786,TP1+TIME,2021-09-27 05:00:00+00:00,20.35011750443827,712.0764764796432,4080,True
2021-09-30 09:45:00+00:00,6,GBP_USD,SHORT,1.34533,1.3490424821000355,1.3433375178999645,1.34153,1.3400637947499112,245564.01,4,LONDON,1.5,0.001091241050017777,31.609870314928067,56.36415960952279,1.3444210600913071,1.3502041617691911,11.084869898201344,False,0.00019881549308182084,85.55745610674104,10.989399086929197,0.6180555555556444,9,3,ema_bounce_strong_bearish_close,1.34533,TP1+SL,2021-09-30 12:00:00+00:00,11.95489260021265,293.56913660275455,135,True
2021-10-08 08:30:00+00:00,6,GBP_USD,LONG,1.3605500000000001,1.357913947527516,1.361786052472484,1.3623,1.36392513118121,346953.51,4,LONDON,1.5,0.0007130262362419794,54.9215154931788,51.96696202471191,1.3605465608454443,1.3600927385012753,9.70523903044418,False,2.5452905012241552e-05,68.14956887772428,-1.8656084544432794,0.961538461538634,8,4,ema_bounce_strong_bullish_close,1.36392513118121,TP3,2021-10-08 12:30:00+00:00,16.041446016113124,556.5636000765966,240,True
2021-10-20 13:00:00+00:00,6,GBP_USD,LONG,1.3785100000000001,1.375505121573235,1.3802748784267649,1.38146,1.3832071960669123,306219.81,4,OVERLAP,1.5,0.0009774392133824552,40.52352247359992,57.18766219423368,1.3779679974387182,1.3773437972063662,14.680275506149254,False,0.0003728697478873553,92.788648729646,3.520025612817612,0.16822429906546515,13,2,ema_bounce_hammer,1.3832071960669123,TP3,2021-10-20 18:15:00+00:00,24.13646662750013,739.1064224744431,315,True
2021-10-21 12:30:00+00:00,6,GBP_USD,LONG,1.38121,1.3778642748627699,1.38289572513723,1.38328,1.3857093128430753,277232.69,4,LONDON,1.5,0.0009378625686150556,20.200774684006625,52.984637707659694,1.380870435258974,1.3798499416026841,7.60730084863992,False,0.00014974972248848128,44.47128287708339,1.4956474102589823,0.8493150684930778,12,3,ema_bounce_strong_bullish_close,1.3778642748627699,SL,2021-10-21 18:00:00+00:00,-33.45725137230193,-927.5443797949456,330,False
2021-10-22 08:30:00+00:00,6,GBP_USD,LONG,1.3797400000000002,1.3756378678596513,1.3816521321403488,1.38242,1.384805330350872,223851.62,4,LONDON,1.5,0.0010510660701744013,21.832252990816905,53.21265741088105,1.3793349240068329,1.3796307573438322,9.307110202143587,False,-8.736294157219923e-05,44.97767600096014,2.1507599316716863,0.6373239436620137,8,4,ema_bounce_strong_bullish_close,1.3756378678596513,SL,2021-10-22 15:45:00+00:00,-41.021321403489345,-918.2689250711765,435,False
2021-10-25 13:15:00+00:00,6,GBP_USD,LONG,1.3771300000000002,1.3740858166580976,1.3788741833419025,1.37918,1.3817754583547563,298630.58,5,OVERLAP,1.5,0.0009670916709512669,25.782539819523638,54.18299154956115,1.3766174295760822,1.377711009690129,6.911691592641489,False,5.291863938398868e-05,76.40171698562195,3.2257042391781177,0.8653846153847919,13,0,ema_bounce_strong_bullish_close,1.37931,TP1+TP2+TIME,2021-10-26 09:15:00+00:00,18.79510005141327,561.2791629511576,1200,True
2021-11-01 15:15:00+00:00,6,GBP_USD,SHORT,1.3682599999999998,1.3713463052893275,1.3663436947106724,1.36416,1.363184236776681,296373.48,4,OVERLAP,1.5,0.0010531526446637806,23.996421877433725,58.9621603955465,1.367492282326085,1.371194286333045,14.832935159863059,False,0.0001292409391906161,88.86296514701365,9.577176739148374,0.29411764705891574,15,0,ema_bounce_shooting_star,1.36547786812517,TP1+TP2+SL,2021-11-02 06:30:00+00:00,26.57996361079351,787.7596313604238,915,True
2021-11-05 15:45:00+00:00,6,GBP_USD,SHORT,1.3487799999999999,1.352692709772848,1.3462172902271519,1.3424,1.3420882255678794,235789.69,5,OVERLAP,1.5,0.0013763548864241164,32.25505377897634,63.31854020451327,1.3472282163791796,1.3538476083366509,33.12573232722382,False,0.0004855896920383903,84.71608330106577,17.417836208204474,0.03906250000008402,15,4,ema_bounce_shooting_star,1.3487799999999999,TP1+SL,2021-11-08 08:45:00+00:00,15.376258637088023,362.5563257398808,3900,True
2021-11-09 14:45:00+00:00,6,GBP_USD,SHORT,1.35513,1.359272885783584,1.353037114216416,1.34837,1.3496127855410398,223564.5,4,OVERLAP,1.5,0.0011414428917920739,41.8691327066997,41.10521839029855,1.3566831612214272,1.3546181503091144,-19.18782621868509,False,-0.00018087867062286793,58.04024844293999,-13.631612214271005,0.7010869565218066,14,1,ema_bounce_strong_bearish_close,1.35513,TP1+SL,2021-11-09 16:00:00+00:00,12.557314701504115,280.7369782584417,75,True
2021-11-12 08:00:00+00:00,6,GBP_USD,SHORT,1.33784,1.3403099841796282,1.336670015820372,1.33635,1.3346300395509296,376119.64,5,LONDON,1.5,0.0006799920898140824,41.908582751557276,61.95247875362293,1.3370297168207612,1.3414640119342525,-2.9999999999996696,False,0.0002294163065887987,87.04321590898174,10.002831792388367,0.808510638297596,8,4,ema_bounce_strong_bearish_close,1.3403099841796282,SL,2021-11-12 08:45:00+00:00,-24.69984179628293,-929.0095604474889,45,False
2021-11-12 09:30:00+00:00,6,GBP_USD,SHORT,1.3382699999999998,1.3406101987424042,1.3367798012575958,1.33635,1.3342595031439894,393009.13,4,LONDON,1.5,0.000840099371202096,42.085439686728776,55.39639046565666,1.3374791912987594,1.3413287727594458,-6.5765021231412035,False,9.733621673018811e-05,31.48987854251132,9.808087012406208,0.9791666666665317,9,4,ema_bounce_strong_bearish_close,1.3406101987424042,SL,2021-11-12 15:00:00+00:00,-23.401987424043202,-919.719471779416,330,False
2021-11-16 11:00:00+00:00,6,GBP_USD,SHORT,1.3432799999999998,1.3465340648791944,1.3414059351208056,1.34048,1.3383098378020142,279810.73,4,LONDON,1.5,0.0010320324395971653,39.558018351417445,43.01415467696601,1.3438984988628355,1.3425994516651547,-22.701147747596906,False,-0.0003159082555905978,16.182600918554055,-4.284988628355801,0.6984126984126704,11,1,ema_bounce_strong_bearish_close,1.3415101979972617,TP1+TP2+SL,2021-11-17 04:00:00+00:00,21.414191277902898,599.1920493829642,1020,True
2021-11-26 09:30:00+00:00,6,GBP_USD,SHORT,1.33123,1.335418892313925,1.329211107686075,1.3278,1.3258977692151874,218796.31,4,LONDON,1.5,0.0011044461569625077,22.44392728030793,53.649073828627536,1.3309007733810732,1.3330056534046766,4.085972683698369,False,0.00029255997274355174,78.58257392346106,5.192266189268935,0.9222797927460645,9,4,ema_bounce_strong_bearish_close,1.335418892313925,SL,2021-11-26 20:45:00+00:00,-41.88892313925052,-916.514181274163,675,False
2021-11-29 12:45:00+00:00,6,GBP_USD,SHORT,1.33323,1.3364585145698533,1.3316114854301466,1.33156,1.3288987135753663,281042.26,4,LONDON,1.5,0.000904257284926755,20.066850497645014,44.56003280323111,1.3338811709517706,1.3334196309200756,-7.252553108001436,False,-0.00014229775708220335,10.208443504322059,-4.61170951770562,0.6214285714285873,12,0,ema_bounce_strong_bearish_close,1.3288987135753663,TP3,2021-11-29 17:00:00+00:00,19.05237384375291,535.4522203413205,255,True
2021-12-01 15:30:00+00:00,6,GBP_USD,SHORT,1.33144,1.3345848097667192,1.3292551902332808,1.32872,1.3256929755832016,290225.37,4,OVERLAP,1.5,0.001187404883359668,20.179140525806186,45.57063586724464,1.3318786085762724,1.3315810209142818,-2.1553378707439563,False,-0.0001037018625412539,6.026818174762884,-2.4860857627229116,0.6375000000000832,15,2,ema_bounce_strong_bearish_close,1.3285907257713732,TP1+TP2+SL,2021-12-02 01:30:00+00:00,24.118132828942148,699.9694023988882,600,True
2021-12-13 15:30:00+00:00,6,GBP_USD,SHORT,1.32469,1.3278552970706594,1.3227347029293406,1.3222,1.3195167573233517,290558.28,4,OVERLAP,1.5,0.0010726485353296834,21.731268605421715,48.0931102292679,1.3249596138867934,1.32378839959813,-1.400208288071525,False,-0.0001384924974315973,17.596699882138264,-0.7961388679333936,0.054945054945172926,15,0,ema_bounce_shooting_star,1.3195167573233517,TP3,2021-12-14 03:45:00+00:00,24.37502510060385,708.2365368188283,735,True
2021-12-20 14:15:00+00:00,6,GBP_USD,SHORT,1.3234599999999999,1.3260245115236562,1.3218854884763438,1.31907,1.3192387211908594,361388.76,4,OVERLAP,1.5,0.0008822557618281043,57.659294413903254,66.38990906406389,1.3219239541806969,1.3251257740945346,29.84392744486808,False,0.00047515702765676417,76.72675529599006,17.260458193031347,0.7088607594937563,14,0,ema_bounce_strong_bearish_close,1.3234599999999999,TP1+SL,2021-12-21 08:00:00+00:00,9.44706914193638,341.4064602838653,1065,True
2021-12-21 15:45:00+00:00,6,GBP_USD,SHORT,1.3230799999999998,1.3265672792254508,1.321252720774549,1.31974,1.3182268019363723,266740.81,4,OVERLAP,1.5,0.001008639612725507,25.775676424251348,41.22655197442151,1.323743009336817,1.323583707032217,-13.800569367909965,False,-0.00025096403615587057,30.907654203339757,-4.730093368170429,0.8707482993197752,15,1,ema_bounce_strong_bearish_close,1.3265672792254508,SL,2021-12-21 19:30:00+00:00,-34.87279225451001,-930.1996852929726,225,False
2021-12-29 10:45:00+00:00,6,GBP_USD,LONG,1.34267,1.3405496704935467,1.3438103295064532,1.34452,1.3458058237661332,434318.2,4,LONDON,1.5,0.0006651647532266809,28.564991050440838,53.51448181348713,1.3424934931759787,1.3424984854009925,7.130852354357842,False,6.325573415955429e-05,84.08662989668734,-0.1349317597876265,0.8082191780818793,10,2,ema_bounce_strong_bullish_close,1.34267,TP1+SL,2021-12-29 12:15:00+00:00,6.841977038718914,297.15951518977295,90,True
2021-12-31 11:00:00+00:00,6,GBP_USD,LONG,1.3501,1.347585015611962,1.351344984388038,1.35197,1.3534974609700952,367345.93,4,LONDON,1.5,0.0007174921940190345,37.518845557511675,42.984329274004715,1.3502991125295,1.348447110378606,-10.408054767490071,False,-0.0001785234490223927,15.043697785387915,-3.891125295001352,0.22471910112361232,11,4,ema_bounce_hammer,1.347585015611962,SL,2021-12-31 11:45:00+00:00,-25.149843880380992,-923.8692789593365,45,False
2022-01-03 08:15:00+00:00,6,GBP_USD,LONG,1.3514000000000002,1.3492868655917687,1.3524531344082313,1.355,1.354317836020578,432831.25,4,LONDON,1.5,0.0006215672041156344,29.173699961179903,57.63588976321089,1.350947554035074,1.3501124371667048,3.888580935229591,False,0.00017662395037614285,76.95848137854988,2.624459649260835,0.7159090909092457,8,0,ema_bounce_strong_bullish_close,1.3514000000000002,TP1+SL,2022-01-03 09:30:00+00:00,6.318806449387093,273.49768939962775,75,True
2022-01-06 10:15:00+00:00,6,GBP_USD,LONG,1.3535800000000002,1.3496867166650337,1.3553332833349665,1.3557,1.3582482083374159,235627.75,4,LONDON,1.5,0.0009716416674831502,39.137203655167376,61.00706008126285,1.352852037377143,1.3530316501033253,24.570142195559086,False,0.0003293228734627203,84.7823714733294,5.3796262285699115,0.8333333333334567,10,3,ema_bounce_strong_bullish_close,1.3535800000000002,TP1+TP2+SL,2022-01-06 14:45:00+00:00,16.87970000979666,397.7325733983365,270,True
2022-01-07 08:00:00+00:00,6,GBP_USD,LONG,1.3538000000000001,1.3516674012257337,1.3546425987742663,1.355,1.3561914969356657,432028.24,4,LONDON,1.5,0.0005162993871331433,32.59500579354751,40.602040312933596,1.3539811856112416,1.3534544077753325,2.0333333333333314,False,-0.00012103109861141401,34.28959834732017,-3.71185611241609,0.247933884297507,8,4,ema_bounce_hammer,1.3541705626906952,TP1+TP2+SL,2022-01-07 10:30:00+00:00,9.026155336291808,389.9554003904758,150,True
2022-01-07 12:45:00+00:00,6,GBP_USD,LONG,1.3544500000000002,1.3522508621473608,1.3555691378526393,1.3557,1.3575328446315984,420729.63,4,LONDON,1.5,0.0006545689263196958,21.629425591814208,47.74514925980062,1.3543062424110752,1.3536535885530392,-2.6339056859270293,False,-8.073797194746275e-05,27.3167786025676,-0.4624241107520355,0.6938775510204359,12,4,ema_bounce_strong_bullish_close,1.3544500000000002,TP1+TP2+SL,2022-01-07 13:45:00+00:00,10.464827115834296,440.28628404589307,60,True
2022-01-17 08:15:00+00:00,6,GBP_USD,LONG,1.3684800000000001,1.3665669107587564,1.3694630892412436,1.37143,1.371222723103109,485939.34,4,LONDON,1.5,0.0005865446206218345,21.861908785597283,58.17377559652114,1.367776381578238,1.368874622937811,1.754755841820721,False,6.700359526494155e-05,63.11259033943727,5.136184217620077,0.8064516129030526,8,0,ema_bounce_strong_bullish_close,1.3665669107587564,SL,2022-01-17 11:30:00+00:00,-19.130892412437817,-929.6453232511041,195,False
2022-01-25 09:30:00+00:00,6,GBP_USD,SHORT,1.3485699999999998,1.351355544746229,1.347024455253771,1.34668,1.3444211381344273,330401.75,5,LONDON,1.5,0.0008677723731145082,34.687588385445764,55.072976998562275,1.3481057136625914,1.3515690042904438,2.4131352831813224,False,0.00012817691954411097,61.75546964890125,6.54286337408605,0.6354166666666184,9,1,ema_bounce_strong_bearish_close,1.3444211381344273,TP3,2022-01-25 11:45:00+00:00,19.09213034294521,630.8073276537199,135,True
2022-01-25 15:45:00+00:00,6,GBP_USD,SHORT,1.3481999999999998,1.3513968952021032,1.3464031047978968,1.344,1.3434227619947423,289861.53,5,OVERLAP,1.5,0.0009934476010515407,29.597382626706228,61.381671932549146,1.3472495315061472,1.350482238764631,13.363201808778147,False,0.00029302006927587926,84.76271399177669,11.40468493852742,0.13970588235287396,15,1,ema_bounce_shooting_star,1.3513968952021032,SL,2022-01-25 19:30:00+00:00,-31.96895202103311,-926.6569345313252,225,False
2022-01-26 14:30:00+00:00,6,GBP_USD,SHORT,1.3499199999999998,1.3532644025863019,1.348415597413698,1.34668,1.345873993534245,274306.2,4,OVERLAP,1.5,0.0008472012931509756,17.197075008897826,42.19582657482457,1.3507622931135619,1.350642730047134,-7.079920108494786,False,-9.075801195274289e-05,48.93660495572045,-6.522931135619636,0.7377049180328883,14,2,ema_bounce_strong_bearish_close,1.345873993534245,TP3,2022-01-26 19:45:00+00:00,22.792421983564683,625.2102663108091,315,True
2022-02-07 14:45:00+00:00,6,GBP_USD,LONG,1.35305,1.349258401320353,1.354841598679647,1.35504,1.3578139966991172,243602.38,4,OVERLAP,1.5,0.0009907993398234416,18.7620987731942,59.00157902407879,1.3521018238137732,1.3541108544356186,10.260109826418784,False,0.0001682339646281948,59.20634920634874,7.581761862267555,0.8070175438595648,14,0,ema_bounce_strong_bullish_close,1.35545,TP1+TP2+TIME,2022-02-08 10:45:00+00:00,19.11959207788083,465.7578134800916,1200,True
2022-02-09 15:15:00+00:00,6,GBP_USD,LONG,1.3560400000000001,1.3528648052489733,1.3579351947510268,1.35863,1.361062986877567,292360.04,4,OVERLAP,1.5,0.0010425973755133866,27.12894627613004,42.90767803824255,1.3564657882910232,1.355069054243404,-10.67786068159382,False,-0.0003121287796756289,17.837114720191984,-6.15788291023156,0.7641509433963213,15,2,ema_bounce_strong_bullish_close,1.3528648052489733,SL,2022-02-09 20:15:00+00:00,-31.751947510267886,-928.3000644179818,300,False
2022-02-11 08:15:00+00:00,6,GBP_USD,LONG,1.35545,1.3516291428882503,1.3572408571117496,1.35863,1.3602121427793743,240526.41,4,LONDON,1.5,0.0009904285558748629,28.414058862776642,60.5658759232744,1.3545175645221217,1.3552434041400059,13.941344185550708,False,0.0003104823771959732,82.0428875573745,7.424354778782227,0.7828571428571058,8,4,ema_bounce_strong_bullish_close,1.3571470832910943,TP1+TP2+SL,2022-02-11 13:45:00+00:00,21.982225961591382,528.7305894350374,330,True
2022-02-18 13:30:00+00:00,6,GBP_USD,LONG,1.3618100000000002,1.3583701884126342,1.3634098115873658,1.36378,1.3660945289684143,268707.84,4,OVERLAP,1.5,0.0008949057936828469,20.011804526649026,49.9808708271037,1.3615986386218941,1.3600360621803282,-3.954058691582052,False,-9.511103193512077e-05,26.115687095721412,0.2136137810593297,0.7962962962963267,13,4,ema_bounce_strong_bullish_close,1.3583701884126342,SL,2022-02-18 15:45:00+00:00,-34.398115873659485,-924.3043416480754,135,False
2022-02-23 12:00:00+00:00,6,GBP_USD,LONG,1.3595100000000002,1.356287999450312,1.361212000549688,1.36203,1.3640500013742198,284004.08,5,LONDON,1.5,0.0009460002748439305,29.256138884575677,45.46445387372739,1.3597048148672606,1.3593243854912713,-10.294592468440555,False,-0.0002278724799112696,17.346838101556738,-3.8481486726049674,0.6610169491525679,12,2,ema_bounce_strong_bullish_close,1.356287999450312,SL,2022-02-23 15:15:00+00:00,-32.220005496881306,-915.0613018736719,195,False
2022-03-01 09:45:00+00:00,6,GBP_USD,SHORT,1.3411499999999998,1.3441747506858002,1.3397552493141998,1.33861,1.3373781232854993,299499.29,4,LONDON,1.5,0.0007923753429001345,37.31974265220184,43.04578899228242,1.3416537705753253,1.340990382395049,-10.364816317580683,False,-6.776609810360047e-05,24.126085018222216,-3.1377057532533392,0.7460317460316761,9,1,ema_bounce_strong_bearish_close,1.3411499999999998,TP1+SL,2022-03-01 11:00:00+00:00,8.368504114800501,250.63610407448286,75,True
2022-03-01 11:45:00+00:00,6,GBP_USD,SHORT,1.3404599999999998,1.3441136086178653,1.3385863913821345,1.33665,1.3354909784553364,248635.57,4,LONDON,1.5,0.0010318043089327163,26.93074853674893,44.99012288381951,1.3413467231659395,1.3409522234946647,-7.282939510828701,False,-7.377226466831919e-05,66.50961235423976,-6.967231659396056,0.7189542483660643,11,1,ema_bounce_strong_bearish_close,1.3404599999999998,TP1+SL,2022-03-01 13:45:00+00:00,11.24165170719138,279.5074479959002,120,True
2022-03-10 10:00:00+00:00,6,GBP_USD,SHORT,1.3154799999999998,1.319799565368388,1.3131504346316119,1.31045,1.3093710865790298,210949.96,4,LONDON,1.5,0.0012597826841940327,31.940153828292676,41.499054168700205,1.3169078174717224,1.3158150454000037,-8.988728388015232,False,-0.00016092431001625516,44.10298466754521,-12.378174717224688,0.670520231213898,10,3,ema_bounce_strong_bearish_close,1.3093710865790298,TP3,2022-03-10 17:45:00+00:00,35.176305631297026,742.0440265869884,465,True
2022-03-11 12:30:00+00:00,6,GBP_USD,SHORT,1.3102299999999998,1.3142741557663007,1.3077458442336993,1.30505,1.3037346105842482,227150.64,4,LONDON,1.5,0.0013370778831503238,43.0934111412569,59.23533124129775,1.3091001745909943,1.31191072827463,14.23628811878741,False,0.0003831085805057269,58.40333188905165,13.198254090056594,0.6865671641790674,12,4,ema_bounce_strong_bearish_close,1.3037346105842482,TP3,2022-03-11 18:45:00+00:00,36.94032401355352,839.1018241486051,375,True
2022-03-14 09:45:00+00:00,6,GBP_USD,SHORT,1.3042299999999998,1.3071841333744774,1.3026758666255225,1.30092,1.3000596665638062,313805.6,4,LONDON,1.5,0.0008720666872387399,38.925046727352374,58.27606079805385,1.303587228278477,1.3072213921590425,-2.1959137860294575,False,0.00023877721220166745,65.31455164962428,8.327717215228514,0.8181818181819016,9,0,ema_bounce_strong_bearish_close,1.3042299999999998,TP1+SL,2022-03-14 12:00:00+00:00,9.324800246863774,292.61745363472346,135,True
2022-03-14 13:30:00+00:00,6,GBP_USD,SHORT,1.3048099999999998,1.3083967499637985,1.3027232500362014,1.30271,1.2993081250905039,259273.65,4,OVERLAP,1.5,0.0011383749818992368,33.42479001034245,53.64569474320094,1.304095158942427,1.3068576012396775,3.787288151768653,False,0.00013801145357236148,38.410445429082145,9.04841057572936,0.8407079646018847,13,0,ema_bounce_strong_bearish_close,1.3014282059358873,TP1+TP2+SL,2022-03-15 02:00:00+00:00,22.202293846902418,575.6469764058932,750,True
2022-03-18 08:45:00+00:00,6,GBP_USD,LONG,1.3149300000000002,1.3113205037061109,1.3164594962938891,1.31726,1.3190387407347226,259234.57,5,LONDON,1.5,0.0008597481469445078,37.075693824126745,43.0853928493714,1.3155168734475406,1.3133822715269041,0.6118643964891923,False,-0.00016811000990934493,43.19608605227425,-7.768734475406269,0.2573099415204504,8,4,ema_bounce_hammer,1.3113205037061109,SL,2022-03-18 13:15:00+00:00,-36.09496293889291,-935.7062196629842,270,False
2022-03-21 08:00:00+00:00,6,GBP_USD,LONG,1.31638,1.3136935961589005,1.3177864038410996,1.31835,1.3201810096027486,344828.71,4,LONDON,1.5,0.0007982019205497538,22.887278017672294,53.16766507598056,1.3160049812844132,1.3149643761582814,1.3333333333331865,False,9.960695592986944e-05,55.58629277265181,1.8501871558673777,0.6428571428571429,8,0,ema_bounce_strong_bullish_close,1.3136935961589005,SL,2022-03-21 10:45:00+00:00,-26.864038410996383,-926.3491710654333,165,False
2022-03-24 10:45:00+00:00,6,GBP_USD,LONG,1.3197100000000002,1.3163894315705527,1.3217305684294474,1.32735,1.3250464210736184,276183.34,4,LONDON,1.5,0.0011052842147236826,35.407853272339864,56.73600290055146,1.3189504137827468,1.3203580213561787,18.443607615108437,False,0.0002565624722430435,95.43465621818433,5.695862172532262,0.1326530612244551,10,3,ema_bounce_hammer,1.32115,TP1+TIME,2022-03-25 06:45:00+00:00,17.883410576682746,493.91000636595675,1200,True
2022-03-25 10:45:00+00:00,6,GBP_USD,LONG,1.31908,1.315871242876373,1.3207587571236268,1.321,1.3235618928090673,287346.39,4,LONDON,1.5,0.0009343785618134699,38.754849704201355,51.73582138658006,1.3190671211307818,1.3196395883586565,16.071361817870944,False,6.499240580284786e-05,87.20779220779336,-1.7712113078194314,0.8869565217389676,10,4,ema_bounce_strong_bullish_close,1.319296071625791,TP1+TP2+SL,2022-03-25 15:00:00+00:00,16.048614367551338,461.15114030180104,255,True
2022-03-31 08:00:00+00:00,6,GBP_USD,SHORT,1.3129199999999999,1.3160158211826096,1.3114041788173905,1.31094,1.3088454470434763,299318.42,4,LONDON,1.5,0.0008529105913047318,53.4218899043068,50.873292037753366,1.3130775004921866,1.3128131366382436,-3.7333333333333663,False,0.00018126997654920534,34.39347792647012,0.3249950781336608,0.281249999999897,8,3,ema_bounce_shooting_star,1.3129199999999999,TP1+SL,2022-03-31 09:00:00+00:00,9.094927095656402,272.2279208287063,60,True
2022-04-04 08:30:00+00:00,6,GBP_USD,SHORT,1.3112599999999999,1.3143439002791142,1.3099360997208858,1.30893,1.3076652493022145,301358.18,4,LONDON,1.5,0.0007569501395571015,35.89014789756596,43.4400670410575,1.3117755875327617,1.3120876279430465,-7.568267122695094,False,-0.0001287679732471778,26.688827463094324,-3.2558753276168417,0.666666666666717,8,0,ema_bounce_strong_bearish_close,1.3112599999999999,TP1+SL,2022-04-04 12:00:00+00:00,7.943401674684658,239.38090716919206,210,True
2022-04-04 14:45:00+00:00,6,GBP_USD,SHORT,1.3112499999999998,1.3148105606950822,1.3094994393049177,1.30927,1.3065885982622945,261686.98,4,OVERLAP,1.5,0.0009702803475411066,29.143921798851498,50.96039330853243,1.3113654681320233,1.3118697137629518,1.8291212986532024,False,0.00017321201459925026,66.50460741908368,0.7453186797667932,0.6754966887417803,14,0,ema_bounce_strong_bearish_close,1.31256,TIME,2022-04-05 10:45:00+00:00,-13.100000000001442,-342.8099438000378,1200,False
2022-04-05 14:15:00+00:00,6,GBP_USD,SHORT,1.31263,1.3164616200330688,1.3106483799669313,1.3106,1.3073909499173282,242279.84,5,OVERLAP,1.5,0.00108581001653437,22.260343635210578,45.405692913667444,1.313030290345721,1.3121644119273794,-6.726131827714532,False,7.027260533089134e-06,39.928462580723725,-2.102903457208427,0.6064814814814624,14,1,ema_bounce_strong_bearish_close,1.3073909499173282,TP3,2022-04-05 18:30:00+00:00,23.21877028108377,562.5439948697731,255,True
2022-04-06 12:00:00+00:00,6,GBP_USD,SHORT,1.3082699999999998,1.3111731833458662,1.3065368166541338,1.30597,1.3036520416353345,321698.5,4,LONDON,1.5,0.0009615916729330713,20.613084370039246,53.93941710325668,1.307899811916286,1.309588426949487,-1.921105007738344,False,-9.782715189651428e-05,55.8101907111178,5.601880837140527,0.0689655172413265,12,2,ema_bounce_shooting_star,1.3075961844216377,TP1+TP2+SL,2022-04-06 19:00:00+00:00,17.972915653557514,578.1860006375973,420,True
2022-04-07 08:00:00+00:00,6,GBP_USD,SHORT,1.3078899999999998,1.3105766494160649,1.306573350583935,1.30597,1.3043133764598374,349778.27,5,LONDON,1.5,0.0007533247080325015,44.31875706275353,47.12857375265454,1.3080624327985977,1.3085820675575874,-2.9333333333347866,False,-5.10509727298425e-06,32.24264364615134,0.17567201402224342,0.8000000000000808,8,3,ema_bounce_strong_bearish_close,1.3078899999999998,TP1+SL,2022-04-07 09:30:00+00:00,7.899896496388779,276.3212129685929,90,True
2022-04-07 11:15:00+00:00,6,GBP_USD,SHORT,1.30731,1.3101848833262435,1.3055651166737565,1.30506,1.3026627916843911,327837.58,4,LONDON,1.5,0.0009674416631217835,23.243174431177557,46.34636360480622,1.3079143491816376,1.3084746518391275,-3.291154399938101,False,-8.043842493914034e-05,40.139423958911216,-4.143491816375189,0.6764705882351405,11,3,ema_bounce_strong_bearish_close,1.30731,TP1+SL,2022-04-07 14:15:00+00:00,10.46929995746071,343.2229962348022,180,True
2022-04-18 12:30:00+00:00,6,GBP_USD,SHORT,1.30371,1.3057385352802442,1.302611464719756,1.30181,1.30067866179939,466310.36,5,LONDON,1.5,0.0006442676401220044,39.247138572013434,62.28813444103367,1.3030775473732361,1.3050857930334945,13.563781741647851,False,0.0002805336186536846,62.31847864421402,8.224526267639476,0.06666666666671602,12,0,ema_bounce_shooting_star,1.30067866179939,TP3,2022-04-18 16:15:00+00:00,15.322549882073709,714.5063751627749,225,True
2022-04-19 10:00:00+00:00,6,GBP_USD,SHORT,1.30158,1.3048161357816552,1.299803864218345,1.29937,1.2968546605458622,294509.3,4,LONDON,1.5,0.000983067890827563,22.63264080835352,51.082265882508906,1.3013177654844161,1.3027963194335699,-10.831421223282955,False,8.362164682079883e-05,48.46722403974359,4.522345155839602,0.8181818181818029,10,1,ema_bounce_strong_bearish_close,1.3008977011199343,TP1+TP2+SL,2022-04-19 15:15:00+00:00,17.969113569995976,529.2071059120016,315,True
2022-04-21 15:30:00+00:00,6,GBP_USD,SHORT,1.30449,1.3078794779510892,1.302130522048911,1.30181,1.2983063051222776,282746.83,4,OVERLAP,1.5,0.0012747389755444975,24.199987769452527,46.919350193596536,1.3054747800556308,1.304558195589991,-6.001387759457799,False,-5.156385012503213e-05,60.25940199990854,-7.947800556307172,0.639534883720669,15,3,ema_bounce_strong_bearish_close,1.3026463855069494,TP1+TP2+SL,2022-04-22 04:15:00+00:00,24.0404821995841,679.7370133603832,765,True
2022-05-13 08:00:00+00:00,6,GBP_USD,SHORT,1.2213699999999998,1.224853662820035,1.219466337179965,1.21729,1.2163258429499124,277053.66,4,LONDON,1.5,0.0010468314100175091,17.67518831624438,50.34184096371911,1.2212106565940435,1.2238491012550743,-3.466666666667173,False,-6.060696665134105e-05,62.6168224299077,3.493434059564926,0.09558823529408883,8,4,ema_bounce_shooting_star,1.2213699999999998,TP1+SL,2022-05-13 11:00:00+00:00,11.421976920209074,316.45005101794516,180,True
2022-05-16 13:45:00+00:00,6,GBP_USD,SHORT,1.2238399999999998,1.2274349209146693,1.2216450790853306,1.21729,1.2180676977133265,269359.48,4,OVERLAP,1.5,0.0011924604573346994,18.932185502301568,45.41351542412179,1.2244154045214493,1.223802319210603,-3.9536396989747757,False,-0.00010382890512358766,17.661501943978298,-3.8540452144930626,0.7272727272729291,13,0,ema_bounce_strong_bearish_close,1.2274349209146693,SL,2022-05-16 16:00:00+00:00,-35.949209146695075,-968.326028216503,135,False
2022-05-19 08:00:00+00:00,6,GBP_USD,LONG,1.2386000000000001,1.2344367427702476,1.2410032572297525,1.2496,1.2448931430743813,230262.68,4,LONDON,1.5,0.0012966286148762567,40.4369848171018,60.93885822289997,1.2367014229515263,1.23819771121055,3.5666666666656077,False,5.206676937017137e-05,91.02767528213082,17.08577048473714,0.041420118343204596,8,3,ema_bounce_hammer,1.2448931430743813,TP3,2022-05-19 14:00:00+00:00,53.71268645289473,1236.8027132643235,360,True
2022-05-20 15:15:00+00:00,6,GBP_USD,LONG,1.2466400000000002,1.2425273716222527,1.2491626283777473,1.2496,1.253231570944368,236104.68,4,OVERLAP,1.5,0.001356314188873597,36.015581347558594,44.254987889478784,1.2472854245360299,1.2443933366260558,-12.38207808406555,False,-0.00026376774342863087,18.50696007928885,-8.354245360298052,0.6201550387597873,15,4,ema_bounce_strong_bullish_close,1.2466400000000002,TP1+SL,2022-05-20 17:15:00+00:00,15.135770266482494,357.3626195321364,120,True
2022-05-24 15:45:00+00:00,6,GBP_USD,LONG,1.2543900000000001,1.2491986454574162,1.2575113545425838,1.25879,1.2624783863564595,187732.2,4,OVERLAP,1.5,0.001655677271291892,34.348595765191774,62.61244552681859,1.2526153432273013,1.25290125845318,32.20467034680485,False,0.0006242939556923604,83.09788583008744,15.846567726987004,0.8611111111110665,15,1,ema_bounce_strong_bullish_close,1.2491986454574162,SL,2022-05-25 10:00:00+00:00,-51.91354542583903,-974.5844092592699,1095,False
2022-05-25 13:15:00+00:00,6,GBP_USD,LONG,1.25194,1.2465798827238588,1.254690117276141,1.25487,1.259100293190353,180003.26,4,OVERLAP,1.5,0.0014700586380706005,36.81754984045368,55.806985302433894,1.2514889659377522,1.2525516696265178,14.06219762196459,False,0.0002714919872888411,74.49881056945829,2.6103406224775583,0.8100775193798077,13,2,ema_bounce_strong_bullish_close,1.259100293190353,TP3,2022-05-25 23:00:00+00:00,32.45099684719887,584.128522274552,585,True
2022-05-26 12:30:00+00:00,6,GBP_USD,LONG,1.2578300000000002,1.2528103521163994,1.2607396478836008,1.26119,1.265389119709002,193376.09,4,LONDON,1.5,0.001549823941800382,31.32372513810406,46.31448946960086,1.2580707339252841,1.2556292274396854,-12.389236249608082,False,-0.0003569622828557006,12.2687751101433,-4.307339252840325,0.7120418848168221,12,3,ema_bounce_strong_bullish_close,1.265389119709002,TP3,2022-05-27 01:45:00+00:00,35.097007010604706,678.6921986413327,795,True
2022-05-27 09:45:00+00:00,6,GBP_USD,LONG,1.2606400000000002,1.2576780566032029,1.2625719433967972,1.26663,1.2657548584919929,330008.6,4,LONDON,1.5,0.0010609716983985414,42.20278008602434,33.922455064142,1.2621031803459974,1.2589541942935887,-8.262079705332326,False,-0.0003047005718156057,18.918601486090942,-16.531803459973737,0.6526315789474324,9,4,ema_bounce_strong_bullish_close,1.2606400000000002,TP1+SL,2022-05-27 15:00:00+00:00,11.591660380782187,382.5347613937396,315,True
2022-05-27 15:45:00+00:00,6,GBP_USD,LONG,1.2613400000000001,1.2572058948057974,1.2641441051942026,1.26537,1.2686352629855064,237365.06,4,OVERLAP,1.5,0.001497052597101277,43.1862442845338,44.75969117301591,1.2621664051202874,1.259632831062073,-8.338704687089749,False,-0.00029605030917012983,23.908231807071235,-10.164051202874447,0.7982456140351151,15,4,ema_bounce_strong_bullish_close,1.263895100348127,TP1+TP2+SL,2022-05-30 03:15:00+00:00,31.469731513341642,746.981470884823,3570,True
2022-05-31 08:00:00+00:00,6,GBP_USD,LONG,1.2627000000000002,1.2582317231185955,1.2647182768814045,1.26537,1.2680306922035114,221284.84,4,LONDON,1.5,0.0011041384407022526,23.877284209398596,54.73699456298879,1.2623290176134219,1.262547305891544,6.500000000002615,False,0.00020115652815262555,72.39886822945915,1.8098238657815457,0.8493150684931715,8,1,ema_bounce_strong_bullish_close,1.2582317231185955,SL,2022-05-31 10:45:00+00:00,-44.68276881404609,-988.761934777318,165,False
2022-05-31 15:30:00+00:00,6,GBP_USD,LONG,1.2611,1.2564438342475492,1.2639761657524506,1.26537,1.268575414381127,210231.85,4,OVERLAP,1.5,0.0015330828762253833,33.539038393891,57.30175232446111,1.2601676149090109,1.2617159432889034,16.192653284079483,False,0.0004291311060758302,80.16405042548809,7.423850909891172,0.7467532467531897,15,1,ema_bounce_strong_bullish_close,1.2577,TIME,2022-06-01 11:30:00+00:00,-34.000000000000696,-714.7882900000146,1200,False
2022-06-02 13:45:00+00:00,6,GBP_USD,SHORT,1.2528299999999999,1.2562467734047715,1.2507532265952286,1.24807,1.2473530664880714,284398.86,5,OVERLAP,1.5,0.0011333867023857356,41.5180274510695,44.12922714099992,1.2527277550538958,1.2544488169343975,-15.446621951615835,False,-0.00037988778142918913,20.36861114553174,2.9224494610424756,0.6315789473683903,13,3,ema_bounce_strong_bearish_close,1.2562467734047715,SL,2022-06-02 15:45:00+00:00,-34.16773404771644,-971.7264611953742,120,False
2022-06-03 10:45:00+00:00,6,GBP_USD,LONG,1.25689,1.2545346567265965,1.2582153432734036,1.25861,1.2604883581835091,408436.93,4,LONDON,1.5,0.000757671636701846,21.58029635916067,45.77295008059785,1.2570691932209888,1.2560215297531263,-4.997305941372154,False,-8.859039547516892e-05,36.98653198652914,-3.6919322098882823,0.8714285714286666,10,4,ema_bounce_strong_bullish_close,1.2545346567265965,SL,2022-06-03 12:30:00+00:00,-23.55343273403587,-962.0091756851118,105,False
2022-06-07 08:15:00+00:00,6,GBP_USD,SHORT,1.2504899999999999,1.255957898922797,1.2473221010772029,1.24691,1.2422852526930068,174178.25,4,LONDON,1.5,0.001678949461398618,38.293064720107225,56.75220888658982,1.249961458881711,1.252223363764418,-6.2604761519824415,False,0.0006517355242292943,70.42478701141361,7.185411182890622,0.9274611398963576,8,1,ema_bounce_strong_bearish_close,1.255957898922797,SL,2022-06-07 14:30:00+00:00,-54.67898922797198,-952.3890655497012,375,False
2022-06-15 12:45:00+00:00,6,GBP_USD,SHORT,1.2061499999999998,1.2132345861696896,1.2024354138303104,1.1989,1.196578534575776,133086.84,4,LONDON,1.5,0.0019522930848447952,36.33940776786675,46.24039974311805,1.20590986662294,1.210795422744614,-23.39941213995944,False,-0.0005379008380615065,20.416876124698096,4.3013337705999355,0.7025495750708256,12,2,ema_bounce_strong_bearish_close,1.2132345861696896,SL,2022-06-15 18:30:00+00:00,-70.84586169689766,-942.8651860317148,345,False
2022-06-20 15:15:00+00:00,6,GBP_USD,SHORT,1.22419,1.228378077668871,1.221541922331129,1.21989,1.2172848058278223,222879.47,4,OVERLAP,1.5,0.0014190388344355286,25.427041917674032,49.1032465435591,1.2242701080860867,1.2235728700514015,-3.023320287502962,False,-6.864503518545488e-05,70.52327575314702,1.09891913913307,0.6355932203389097,15,0,ema_bounce_strong_bearish_close,1.228378077668871,SL,2022-06-21 07:00:00+00:00,-41.880776688711926,-933.436531156847,945,False
2022-06-22 10:00:00+00:00,6,GBP_USD,SHORT,1.22494,1.2307414477615277,1.2215985522384722,1.21989,1.2163013805961804,159288.2,4,LONDON,1.5,0.0017657238807639458,34.82197975967438,60.75788543389021,1.2235312128914289,1.2250650406898453,31.00722895158725,False,0.0007023630595451785,76.99800609899174,15.98787108571198,0.05928853754935855,10,2,ema_bounce_shooting_star,1.2307414477615277,SL,2022-06-22 14:30:00+00:00,-58.014477615278004,-924.1021713277927,270,False
2022-06-30 08:15:00+00:00,6,GBP_USD,SHORT,1.21403,1.218252521758033,1.2116974782419672,1.21073,1.2079136956049177,216662.27,5,LONDON,1.5,0.0012612608790165,20.55320989967256,52.12280034654756,1.2136288108387026,1.2170703430007874,-4.970817041014541,False,-3.741075634567921e-05,45.947176684885015,5.911891612975229,0.7639751552794577,8,3,ema_bounce_strong_bearish_close,1.212127053943226,TP1+TP2+SL,2022-06-30 12:15:00+00:00,25.798076604970127,558.9469838866721,240,True
2022-06-30 14:30:00+00:00,6,GBP_USD,SHORT,1.21399,1.2203394239706324,1.2105805760293675,1.21056,1.205181440073419,144966.01,4,OVERLAP,1.5,0.0017997119853162007,42.64883311446945,51.748456465602274,1.2134902851525973,1.2162154324915389,6.51027140720517,False,0.000453440629658698,47.21942324174257,6.89714847402767,0.7602739726026928,14,3,ema_bounce_strong_bearish_close,1.2118599713812113,TP1+TP2+SL,2022-07-01 08:15:00+00:00,32.87657244258235,476.59855294771177,1065,True
2022-07-04 14:45:00+00:00,6,GBP_USD,SHORT,1.21135,1.2154220612658166,1.2092479387341835,1.20916,1.2058098468354583,227210.88,5,OVERLAP,1.5,0.001146030632908346,41.81255921215002,38.71052151474572,1.2124536373235646,1.2116817241656723,-19.275203015645115,False,-0.0005399301990721291,8.876431939408173,-9.136373235645312,0.7732558139534156,14,0,ema_bounce_strong_bearish_close,1.2058098468354583,TP3,2022-07-05 08:15:00+00:00,24.722520759440155,561.7225697570666,1050,True
2022-07-07 13:00:00+00:00,6,GBP_USD,SHORT,1.19485,1.1999585947641183,1.1916614052358818,1.19083,1.1865935130897045,182209.37,4,OVERLAP,1.5,0.0016892973820591046,28.495353047784505,41.60013037912807,1.1961245964920102,1.19662457365994,-27.75867075966998,False,-0.0005032713149831565,41.40559933371902,-10.845964920100926,0.7333333333333169,13,3,ema_bounce_strong_bearish_close,1.1999585947641183,SL,2022-07-07 13:45:00+00:00,-51.085947641182905,-930.8338335552922,45,False
2022-07-13 08:30:00+00:00,6,GBP_USD,SHORT,1.18905,1.1935061808709562,1.186453819129044,1.18072,1.1822745478226095,206797.15,4,LONDON,1.5,0.0013930904354781265,27.50403182654447,45.43597355181736,1.189612706522401,1.19033792181761,-6.807478590540317,False,-0.0002729877843349899,20.463363625324675,-3.7270652240084523,0.035928143712543006,8,2,ema_bounce_shooting_star,1.1935061808709562,SL,2022-07-13 12:00:00+00:00,-44.56180870956227,-921.5255039982657,210,False
2022-07-21 15:30:00+00:00,6,GBP_USD,LONG,1.1974900000000002,1.190802278416806,1.201897721583194,1.20334,1.2087943039579852,136415.7,4,OVERLAP,1.5,0.0022988607915970256,21.076225279440646,57.87406482052883,1.195299057008244,1.1969440344959306,33.95047123546879,False,0.0005009987293167874,87.1306968733452,20.009429917560162,0.6839622641509527,15,3,ema_bounce_strong_bullish_close,1.19478,TIME,2022-07-22 11:30:00+00:00,-27.100000000002122,-369.686547000029,1200,False
2022-07-26 14:15:00+00:00,6,GBP_USD,LONG,1.2027700000000001,1.1965643123368244,1.2060356876631757,1.20639,1.2112192191579392,146416.23,4,OVERLAP,1.5,0.0017278438315878213,43.50848920416693,56.38347970415728,1.2022159287840368,1.2021715569572384,20.41083119439069,False,0.0005821972192688837,69.89483353427157,3.640712159631576,0.9166666666666801,14,1,ema_bounce_strong_bullish_close,1.2054653021695756,TP1+TP2+SL,2022-07-27 06:15:00+00:00,33.14942814862887,485.3614296178119,960,True
2022-07-28 10:15:00+00:00,6,GBP_USD,LONG,1.21371,1.2094611873988628,1.2163988126011371,1.21858,1.2207170315028428,214993.48,4,LONDON,1.5,0.0014394063005685692,38.7597723800358,34.84835972828759,1.2154775849848112,1.2097119620162675,-29.90037457670791,False,-0.0006028931079166248,11.801774641131042,-19.575849848112448,0.019230769230752807,10,3,ema_bounce_hammer,1.21371,TP1+SL,2022-07-28 13:45:00+00:00,16.132875606822417,346.8463069117863,210,True
2022-08-02 15:15:00+00:00,6,GBP_USD,LONG,1.2219600000000002,1.2170022892348447,1.2252177107651554,1.2279,1.2303892769128886,184951.38,4,OVERLAP,1.5,0.0017238553825776968,19.975259863236445,51.2215476456827,1.2221208469350406,1.2213370842091609,6.920328180111124,False,3.673747538666727e-05,71.49343590442798,-3.5084693504061626,0.7692307692308299,15,1,ema_bounce_strong_bullish_close,1.2170022892348447,SL,2022-08-02 18:45:00+00:00,-49.57710765155499,-916.9354476563655,210,False
2022-08-04 15:15:00+00:00,6,GBP_USD,LONG,1.2141700000000002,1.207164694146317,1.2179853058536831,1.21835,1.2239932646342078,129582.65,4,OVERLAP,1.5,0.002002652926841541,23.123180288824592,56.76210004039836,1.2132364335090007,1.2158049650215097,19.608425741226565,False,0.00040829209534699526,72.74365351816151,7.435664909993811,0.8333333333333938,15,3,ema_bounce_strong_bullish_close,1.21433,TIME,2022-08-05 11:15:00+00:00,1.599999999997159,20.733223999963187,1200,True
2022-08-08 08:15:00+00:00,6,GBP_USD,SHORT,1.20864,1.2120663666786233,1.2067136333213768,1.20655,1.2035390833034418,264995.99,4,LONDON,1.5,0.0010581833393116286,33.31244215608541,52.923146578338866,1.2080124700258927,1.2106971805935025,-9.732806840454522,False,0.0001690661477276932,46.98683853684648,8.175299741073339,0.8740157480313804,8,0,ema_bounce_strong_bearish_close,1.2120663666786233,SL,2022-08-08 12:00:00+00:00,-34.263666786233934,-907.973430104818,225,False
2022-08-18 08:45:00+00:00,6,GBP_USD,SHORT,1.2045199999999998,1.208130697264445,1.202349302735555,1.20073,1.1988082568388876,248952.94,4,LONDON,1.5,0.001180348632222486,31.282347075847014,57.25695433263948,1.2040950383488318,1.2064962234880316,4.264062133150226,False,0.00033999190853556166,81.35068091896625,6.149616511681444,0.09448818897628984,8,3,ema_bounce_shooting_star,1.1988082568388876,TP3,2022-08-18 14:00:00+00:00,30.105926747780565,749.495897528461,315,True
2022-08-24 09:15:00+00:00,6,GBP_USD,SHORT,1.18078,1.184250495965213,1.1789695040347872,1.17416,1.175968760086968,261169.78,5,LONDON,1.5,0.00100024798260644,25.387989873039885,42.11914193606972,1.181657021408894,1.1815109467660139,-12.014381334624069,False,-2.430431082699148e-06,24.514433847106947,-6.870214088938731,0.8590604026845338,9,2,ema_bounce_strong_bearish_close,1.18078,TP1+SL,2022-08-24 14:45:00+00:00,10.862975791276597,283.70809975530346,330,True
2022-08-25 14:45:00+00:00,6,GBP_USD,SHORT,1.1823299999999999,1.1880548138833331,1.1794451861166668,1.17925,1.174832965291667,158821.89,4,OVERLAP,1.5,0.001537406941666618,31.537523602884775,49.8351497221591,1.1824916174514726,1.1815025308410605,-2.541574285326309,False,7.445963060517943e-05,76.08653175183812,0.28382548527439155,0.6309523809524092,14,3,ema_bounce_strong_bearish_close,1.1823299999999999,TP1+SL,2022-08-25 16:45:00+00:00,17.308883299998353,274.9029559495176,120,True
2022-08-26 12:15:00+00:00,6,GBP_USD,SHORT,1.1816499999999999,1.1854412386431008,1.1796187613568991,1.17925,1.1762869033922476,240547.97,4,LONDON,1.5,0.0011106193215504572,31.274696177207943,49.4509046007478,1.1818191566361345,1.1817472141650365,-1.2164144792015108,False,-2.8642857728848018e-05,30.85779900310718,0.2084336386554142,0.804347826086953,12,4,ema_bounce_strong_bearish_close,1.1854412386431008,SL,2022-08-26 13:00:00+00:00,-37.91238643100936,-911.9747593834846,45,False
2022-08-29 12:45:00+00:00,6,GBP_USD,SHORT,1.1714399999999998,1.1762476102956372,1.1687223897043628,1.16477,1.1643609742609073,187797.05,4,LONDON,1.5,0.0014538051478185275,47.86513784422719,63.34472817237801,1.169100751283905,1.1747259385268831,28.46660617958241,False,0.0003990079555055286,78.2666762636534,25.29248716095056,0.26562499999998557,12,0,ema_bounce_shooting_star,1.1714399999999998,TP1+SL,2022-08-29 16:00:00+00:00,16.305661773821978,306.21551794215344,195,True
2022-09-07 08:00:00+00:00,6,GBP_USD,SHORT,1.1507399999999999,1.1547704819656008,1.1484395180343991,1.1451,1.1447037950859977,224766.46,5,LONDON,1.5,0.0012452409828004603,32.22279069661828,64.94412122051264,1.1494666509094293,1.1521594315714312,-3.633333333332711,False,0.0004910041658838279,77.34906994501604,14.633490905706648,0.2732919254658548,8,2,ema_bounce_shooting_star,1.1447037950859977,TP3,2022-09-07 10:45:00+00:00,36.75909670760613,826.2212039766285,165,True
2022-09-09 11:45:00+00:00,6,GBP_USD,SHORT,1.15563,1.1602304882924703,1.1527795117075297,1.14984,1.148218779268824,198713.56,4,LONDON,1.5,0.0015202441462351906,38.601694411759844,31.63798892395296,1.1584025701964096,1.1538403579991408,-51.29995957328992,False,-0.000900132719232431,8.955316713936778,-25.82570196409506,0.6081871345029263,11,4,ema_bounce_strong_bearish_close,1.1602304882924703,SL,2022-09-11 21:00:00+00:00,-46.00488292470395,-914.1794063351134,3435,False
2022-09-14 08:30:00+00:00,6,GBP_USD,SHORT,1.1538799999999998,1.158294843336292,1.150985156663708,1.14933,1.1463578916592703,204998.8,4,LONDON,1.5,0.001542421668145947,42.03499902211386,62.92565064510499,1.1518444659794824,1.1577547301513489,-0.2284116664119651,False,0.00044991628282157645,86.31325094028055,22.255340205175056,0.007092198581448597,8,2,ema_bounce_shooting_star,1.158294843336292,SL,2022-09-14 14:45:00+00:00,-44.14843336292273,-905.0375861279125,375,False
2022-09-19 15:15:00+00:00,6,GBP_USD,SHORT,1.14031,1.1441319007501405,1.1379980992498595,1.13549,1.1342452481246488,234434.98,4,OVERLAP,1.5,0.0012509503750702622,35.2303271878377,59.25923419476953,1.1389357013371506,1.142570572813226,22.69969367020508,False,0.0004756772027691737,78.08643457382911,15.642986628494615,0.896000000000027,15,0,ema_bounce_strong_bearish_close,1.1441319007501405,SL,2022-09-19 22:00:00+00:00,-38.2190075014055,-895.9872259211849,405,False
2022-09-20 09:00:00+00:00,6,GBP_USD,SHORT,1.1426899999999998,1.146419525896691,1.140490474103309,1.13549,1.1369061852582725,237839.17,4,LONDON,1.5,0.0011947629483454638,16.991118706606755,46.00780629946199,1.1431137778863534,1.1428297045906408,-7.577066903268204,False,-0.00014578709794878735,14.079494636773795,-2.337778863534812,0.23076923076936215,9,1,ema_bounce_shooting_star,1.1371,TP1+TIME,2022-09-21 05:00:00+00:00,35.55715538014326,845.6884323174307,1200,True
2022-09-22 11:15:00+00:00,6,GBP_USD,SHORT,1.12845,1.136091434803874,1.1235985651961262,1.1235,1.1160364129903155,117187.97,5,LONDON,1.5,0.0025207174019369035,34.03734329426969,49.725805118706035,1.127950286890318,1.1321909849396443,-26.622929197808176,False,-0.00018970285069422376,38.537102570676836,6.8971310968213295,0.02008032128509293,11,3,ema_bounce_shooting_star,1.1241411138141688,TP1+TP2+SL,2022-09-23 05:15:00+00:00,48.26749500907356,565.6369757098463,1080,True
2022-09-26 13:15:00+00:00,6,GBP_USD,SHORT,1.08195,1.0970158343500611,1.071354165649939,1.03261,1.0551754141248477,59813.52,4,OVERLAP,1.5,0.005392917175030494,30.36595093810771,59.122209467749244,1.073794534955942,1.093213053253513,52.667132376438275,False,0.0006350443443281974,55.073231587279544,83.45465044058197,0.8179611650484884,13,0,ema_bounce_strong_bearish_close,1.08195,TP1+SL,2022-09-27 05:30:00+00:00,63.57500610036569,380.2644898884345,975,True
2022-09-27 12:45:00+00:00,6,GBP_USD,SHORT,1.0768799999999998,1.0854168017664745,1.0721831982335255,1.063,1.0648529955838137,106004.95,4,LONDON,1.5,0.0024434008832372616,15.347883847072072,42.064303478259774,1.0783634850142387,1.082882460468548,-30.129570840209396,False,-0.0003825680464197013,26.013830285982028,-12.9348501423876,0.784741144414154,12,1,ema_bounce_strong_bearish_close,1.06891,TP1+TIME,2022-09-28 08:45:00+00:00,60.06081059884538,636.6743224490075,1200,True
2022-09-28 13:45:00+00:00,6,GBP_USD,SHORT,1.0671399999999998,1.0800241270487854,1.0580958729512144,1.05389,1.0442446823780365,70731.22,4,OVERLAP,1.5,0.004617063524392699,27.619262102312653,53.43483467439132,1.0663873014495207,1.0735681549350604,17.306452972758457,False,0.0007069412216608481,73.32189425348601,9.426985504792373,0.2640186915888126,13,2,ema_bounce_shooting_star,1.0800241270487854,SL,2022-09-28 15:45:00+00:00,-128.8412704878561,-911.3100247956057,120,False
2022-10-05 08:30:00+00:00,6,GBP_USD,LONG,1.1410500000000001,1.1342267297412232,1.1450632702587769,1.14872,1.151368175646942,132223.53,4,LONDON,1.5,0.002101635129388414,28.819694820818903,42.09313160649361,1.143357669108491,1.134979559839437,7.9982919718024625,False,-0.0005018009700572982,26.008683124610503,-24.976691084910296,0.7166666666666506,8,2,ema_bounce_strong_bullish_close,1.1342267297412232,SL,2022-10-05 11:30:00+00:00,-68.23270258776937,-902.1968797595,180,False
2022-10-07 09:15:00+00:00,6,GBP_USD,LONG,1.1207600000000002,1.1154237366664401,1.1244362633335598,1.12808,1.1302356583338993,167378.34,5,LONDON,1.5,0.0019331316667798428,39.87055294163477,61.098020066992284,1.1175385565780285,1.1239806205406946,7.75521795094436,False,0.0005161524383531516,58.93896371333968,30.314434219715913,0.6071428571428127,9,4,ema_bounce_strong_bullish_close,1.1154237366664401,SL,2022-10-07 12:30:00+00:00,-53.36263333560076,-893.1748985741518,195,False
2022-10-11 13:45:00+00:00,6,GBP_USD,SHORT,1.1059899999999998,1.1117567218235407,1.1023332781764592,1.10191,1.0965631954411483,153335.5,4,OVERLAP,1.5,0.0019233609117703142,30.965649946300037,47.910178337887736,1.1059599481964608,1.1084865656300071,-2.352668610230424,False,-0.00022690421907107117,12.568717521929642,2.20051803539123,0.6249999999999861,13,1,ema_bounce_strong_bearish_close,1.1117567218235407,SL,2022-10-11 15:30:00+00:00,-57.66721823540877,-884.2431741735521,105,False
2022-10-14 12:45:00+00:00,6,GBP_USD,LONG,1.12623,1.1155006182635954,1.1325793817364045,1.13661,1.1423884543410112,81589.11,5,LONDON,1.5,0.0032696908682022653,26.535222463259167,51.51699880737766,1.1270143044450582,1.1212386940866659,16.77187986032891,False,8.584460935686126e-05,62.74058279444372,-9.74304445058305,0.715355805243417,12,4,ema_bounce_strong_bullish_close,1.1155006182635954,SL,2022-10-14 16:45:00+00:00,-107.29381736404697,-875.4007067235138,240,False
2022-10-18 13:15:00+00:00,6,GBP_USD,LONG,1.13247,1.1256907121096766,1.1367592878903232,1.138,1.143478219725808,127837.43,4,OVERLAP,1.5,0.0022396439451616013,26.738615385994816,52.10684168554203,1.132631381949879,1.1302224940325365,19.86146393036403,False,0.0006047734303113036,51.142667110511894,-3.5138194987904825,0.10108303249098978,13,1,ema_bounce_hammer,1.1256907121096766,SL,2022-10-19 08:00:00+00:00,-67.7928789032345,-866.6467411290715,1125,False
2022-10-24 14:15:00+00:00,6,GBP_USD,LONG,1.1296700000000002,1.121633710738502,1.135046289261498,1.13573,1.1433957231537455,106763.24,4,OVERLAP,1.5,0.002783144630749076,20.77733148808609,46.35219843784383,1.131014893887124,1.1273021888388848,-12.965194564873439,False,3.986523879410161e-05,45.92637602946885,-15.348938871240225,0.12903225806448276,14,0,ema_bounce_hammer,1.13256,TIME,2022-10-25 10:15:00+00:00,28.89999999999837,308.54576359998265,1200,True
2022-10-27 11:15:00+00:00,6,GBP_USD,LONG,1.15867,1.154027897313518,1.161562102686482,1.16195,1.166185256716205,185490.45,4,LONDON,1.5,0.0015410513432410026,34.081190287416256,49.58453586167608,1.159377133249006,1.152943655557112,9.18398010447019,False,6.761922686490717e-05,71.28256274647805,-8.971332490059769,0.825503355704746,11,3,ema_bounce_strong_bullish_close,1.15867,TP1+SL,2022-10-27 14:00:00+00:00,17.35261611889127,321.8744572570396,165,True
2022-10-28 11:15:00+00:00,6,GBP_USD,LONG,1.15622,1.1509896172073661,1.1588403827926337,1.15941,1.1630559569815844,165243.06,4,LONDON,1.5,0.001405191396316889,31.909030327245365,61.63108595072259,1.1548029894585863,1.1547899275473295,34.96866300801038,False,0.0004785050196285921,83.1423756496947,12.27010541413609,0.9257641921396436,11,4,ema_bounce_strong_bullish_close,1.15622,TP1+TP2+SL,2022-10-28 16:00:00+00:00,25.292296755802024,417.9376510356799,285,True
2022-11-08 09:15:00+00:00,6,GBP_USD,LONG,1.1473000000000002,1.1421533605656389,1.1502066394343613,1.15264,1.1548515985859034,168743.87,4,LONDON,1.5,0.0015483197171806415,39.995161953788084,44.921727812154245,1.1486355586985848,1.142250932241865,6.800113686871168,False,-9.312483191370392e-05,38.92498209878594,-15.25558698584728,0.7276595744681735,9,1,ema_bounce_strong_bullish_close,1.1548515985859034,TP3,2022-11-08 15:15:00+00:00,41.011435192069406,692.0428288563984,360,True
2022-11-14 12:15:00+00:00,6,GBP_USD,LONG,1.1770100000000001,1.1718427830652691,1.1805772169347308,1.18283,1.1862130423368271,169411.17,4,LONDON,1.5,0.0018786084673654353,24.074352046322947,47.90679097422769,1.1776864026567793,1.170965155225696,-8.82397331030127,False,-0.00018738823312033182,50.387774157280035,-8.66402656779286,0.7923076923077107,12,0,ema_bounce_strong_bullish_close,1.1770100000000001,TP1+SL,2022-11-14 13:30:00+00:00,21.40330160838433,362.5958367339271,75,True
2022-11-16 15:15:00+00:00,6,GBP_USD,LONG,1.1860000000000002,1.1794384116499177,1.1904315883500822,1.19417,1.1973639708752055,133963.03,5,OVERLAP,1.5,0.002310794175041088,42.82141115367449,41.87294241059738,1.1879198520048933,1.1836546007683475,-27.1881243795713,False,-0.0007060807009873648,25.904424017632305,-21.0985200489322,0.8402061855669979,15,2,ema_bounce_strong_bullish_close,1.1925391893497308,TP1+TP2+SL,2022-11-17 08:45:00+00:00,57.638719450222354,772.1457502871722,1050,True
2022-11-17 10:15:00+00:00,6,GBP_USD,LONG,1.1887500000000002,1.182947237372386,1.191992762627614,1.19246,1.1971419065690354,152811.99,4,LONDON,1.5,0.0017163813138070777,41.856333866517204,43.88819947630035,1.1900169837848535,1.1870295612345505,-25.639149542380224,False,-0.0005932397623586907,24.519293107321328,-14.569837848534828,0.8808510638297663,10,3,ema_bounce_strong_bullish_close,1.182947237372386,SL,2022-11-17 11:30:00+00:00,-58.027626276142556,-886.7317046233633,75,False
2022-11-25 08:00:00+00:00,6,GBP_USD,LONG,1.21039,1.2061308541704208,1.2125391458295791,1.21269,1.2160478645739479,206112.78,4,LONDON,1.5,0.0011695729147895711,26.795638409353234,46.90628466704056,1.2108285448651324,1.205985224490908,5.233333333334311,False,-6.644972684233537e-05,36.78383448781755,-6.285448651324188,0.6031746031745062,8,4,ema_bounce_strong_bullish_close,1.2061308541704208,SL,2022-11-25 13:30:00+00:00,-42.59145829579314,-877.8643873599987,330,False
2022-11-29 10:00:00+00:00,6,GBP_USD,LONG,1.2012500000000002,1.194038998459911,1.204991001540089,1.20639,1.210887503850223,120522.19,4,LONDON,1.5,0.0019655007700445813,28.80361105180464,49.8856003587419,1.2006554002375271,1.2030327058316943,-9.027514916608581,False,-0.00031514051360696294,21.077820442752834,4.045997624728681,0.7728706624605592,10,1,ema_bounce_strong_bullish_close,1.19778,TIME,2022-11-30 06:00:00+00:00,-34.700000000000834,-418.2119993000101,1200,False
2022-12-05 11:45:00+00:00,6,GBP_USD,LONG,1.2277300000000002,1.2221545876924933,1.2310054123075067,1.23441,1.2362035307687664,155128.19,4,LONDON,1.5,0.0017327061537532815,34.16567849935735,46.82468805079088,1.2289254644552339,1.224319014761575,4.042514186328727,False,8.113167890743973e-06,71.03022463059649,-13.85464455233798,0.7851239669421253,11,0,ema_bounce_strong_bullish_close,1.2277300000000002,TP1+SL,2022-12-05 13:45:00+00:00,19.652473845038987,304.86526966032386,120,True
2022-12-06 08:00:00+00:00,6,GBP_USD,LONG,1.2218700000000002,1.2169080906165284,1.2243619093834717,1.22785,1.2283847734586792,174923.04,5,LONDON,1.5,0.0013409546917358367,23.915052613034433,61.08115361102181,1.2200252864819716,1.2220340173499584,6.466666666666843,False,0.0002862403118434407,93.51514116402389,16.547135180284833,0.656250000000031,8,1,ema_bounce_strong_bullish_close,1.2169080906165284,SL,2022-12-06 10:30:00+00:00,-49.61909383471852,-867.9522735614221,150,False
2022-12-12 08:30:00+00:00,6,GBP_USD,LONG,1.2248400000000002,1.2212707493623076,1.2270092506376924,1.22764,1.2305481265942309,240743.18,4,LONDON,1.5,0.0011796253188461542,17.830698404931944,57.574113459763865,1.223896218189602,1.2237031941886933,3.02140756571756,False,0.00025278086545645675,52.26311716650702,7.537818103979799,0.6580645161290711,8,0,ema_bounce_strong_bullish_close,1.226868067487627,TP1+TP2+SL,2022-12-12 14:30:00+00:00,23.44357131377994,564.3879908636161,360,True
2022-12-19 11:00:00+00:00,6,GBP_USD,SHORT,1.21854,1.2237482108364515,1.2157217891635486,1.21558,1.2112094729088714,166067.9,4,LONDON,1.5,0.0015041054182257283,26.316358546265985,44.66033188724019,1.2191193517712389,1.2213646973945622,-24.603967199523513,False,-0.0001999533159409185,16.47264057720521,-3.893517712387773,0.8693693693694072,11,0,ema_bounce_strong_bearish_close,1.21854,TP1+TP2+SL,2022-12-19 14:15:00+00:00,25.789265018707923,428.2769084200286,195,True
2022-12-23 08:15:00+00:00,6,GBP_USD,SHORT,1.2053599999999998,1.208502416675979,1.2036175833240208,1.2018,1.200718958310052,276602.21,4,LONDON,1.5,0.0009662083379895837,33.81512603435559,57.289396772466915,1.2044256717644353,1.2075996148331074,-6.318219549399373,False,0.00019985472666816332,70.13687020353467,11.243282355646311,0.7196261682245124,8,4,ema_bounce_strong_bearish_close,1.208502416675979,SL,2022-12-23 11:00:00+00:00,-31.424166759792538,-869.1993973167156,165,False
2022-12-23 13:15:00+00:00,6,GBP_USD,SHORT,1.2052999999999998,1.2093036576516096,1.2030763423483903,1.20224,1.199455855870976,214930.31,4,OVERLAP,1.5,0.0012068288258047929,19.78740729839349,46.437149152867555,1.205578194351668,1.207394538638205,-6.890419598502007,False,-0.00020850573626811613,33.8769148895704,-0.8819435166795841,0.7123287671233836,13,4,ema_bounce_strong_bearish_close,1.2052999999999998,TP1+TP2+SL,2022-12-23 13:45:00+00:00,22.521945909656388,484.064881616568,30,True
2022-12-23 15:45:00+00:00,6,GBP_USD,SHORT,1.2058099999999998,1.2115133545078525,1.2024566454921475,1.20224,1.197141613730369,151726.15,4,OVERLAP,1.5,0.0017716772539261903,33.994435366512924,51.23882750055507,1.2054771070309842,1.2071873850043446,3.687221248389605,False,7.287315274033536e-05,78.7213259426775,5.2289296901575355,0.8220338983051357,15,4,ema_bounce_strong_bearish_close,1.20699,TIME,2022-12-26 11:45:00+00:00,-11.800000000001809,-179.03685700002745,4080,False
2023-01-10 14:00:00+00:00,6,GBP_USD,LONG,1.21625,1.2101055994233938,1.219404400576606,1.22096,1.2244210014415153,140543.84,4,OVERLAP,1.5,0.0016722002883030802,36.488114371311,53.14255895007073,1.215845584472407,1.2124661120116393,4.4635073265131275,False,-6.049079707568395e-05,64.09145458001963,2.1441552759293714,0.6071428571427904,14,1,ema_bounce_strong_bullish_close,1.21329,TIME,2023-01-11 10:00:00+00:00,-29.600000000000733,-416.00976640001034,1200,False
2023-01-11 14:45:00+00:00,6,GBP_USD,LONG,1.21503,1.2104010720247267,1.2175489279752731,1.2178,1.221612319938183,185658.01,5,OVERLAP,1.5,0.0013544639876366083,30.216112784805834,60.19988226671326,1.2136637328644717,1.2137568144416115,19.440361184113186,False,0.00037654994314655706,93.13436126762377,11.762671355282084,0.8770949720668666,14,2,ema_bounce_strong_bullish_close,1.2155926496611646,TP1+TP2+SL,2023-01-12 10:15:00+00:00,23.98621751280294,445.32334108541437,1170,True
2023-01-12 15:00:00+00:00,6,GBP_USD,LONG,1.2146800000000002,1.2038644753823058,1.2217555246176943,1.2253882869265413,1.2326538115442356,79871.37,4,OVERLAP,1.5,0.0036327623088471023,28.89217519507534,47.38838993188958,1.215728944775918,1.2147773768710421,-21.244394912429687,False,-0.00029395750630274226,28.953810293643233,-12.389447759180161,0.6983372921615515,15,3,ema_bounce_strong_bullish_close,1.22157,TP1+TIME,2023-01-13 11:00:00+00:00,70.01314770616406,559.2046025303681,1200,True
2023-01-13 14:45:00+00:00,6,GBP_USD,LONG,1.22012,1.2144289357504636,1.2230210642495363,1.22322,1.2276576606238405,152773.33,5,OVERLAP,1.5,0.0015455321247681067,44.50036720211603,53.731436419783144,1.2196723397158702,1.2181011792892582,-0.18719824459001444,False,5.713640902732715e-05,82.9026540180267,2.5766028412976816,0.7464285714285086,14,4,ema_bounce_strong_bullish_close,1.221400390684791,TP1+TP2+SL,2023-01-15 22:00:00+00:00,27.98677618200762,427.563299328999,3315,True
2023-01-19 10:45:00+00:00,6,GBP_USD,LONG,1.23381,1.2295548327983454,1.2363551672016546,1.24355,1.2404579180041366,205331.18,4,LONDON,1.5,0.0013675836008273335,22.780327532665687,51.5893291133564,1.2334614523423508,1.2309453933402814,1.5684970271800935,False,3.9578617926238585e-07,51.625526289053596,1.5854765764911072,0.7054794520548008,10,3,ema_bounce_strong_bullish_close,1.23662,TP1+TIME,2023-01-20 06:45:00+00:00,26.51100320992716,544.3535572078132,1200,True
2023-01-25 12:30:00+00:00,6,GBP_USD,LONG,1.2324700000000002,1.228577498149019,1.2348725018509812,1.23494,1.2387612546274531,225860.4,4,LONDON,1.5,0.0012962509254906016,22.668421306842482,55.70820132525453,1.2318296677541147,1.2339376322205187,10.840077092735267,False,0.00016916511781815008,79.24672893126635,4.5033224588530985,0.6778523489932626,12,2,ema_bounce_strong_bullish_close,1.2387612546274531,TP3,2023-01-25 15:00:00+00:00,28.116265733338253,635.0351025038071,150,True
2023-01-27 14:30:00+00:00,6,GBP_USD,LONG,1.2379200000000001,1.2320461120103117,1.2405738879896884,1.24134,1.244839719974221,150754.05,5,OVERLAP,1.5,0.0014219439948442028,31.617648474013997,53.58768085539952,1.2376379561392472,1.2379500738741842,7.610290773798489,False,3.1119751859064616e-05,35.00379650721407,0.9204386075278848,0.8137931034482748,14,4,ema_bounce_strong_bullish_close,1.24092,TP1+TP2+TIME,2023-01-30 10:30:00+00:00,29.183327938129278,439.9504879151138,4080,True
2023-01-30 13:30:00+00:00,6,GBP_USD,LONG,1.23883,1.2353658585779124,1.2408041414220876,1.24134,1.244050353555219,256892.48,4,OVERLAP,1.5,0.0010820707110437975,21.49472235694202,46.624169985263336,1.239060387521438,1.2386162595406378,-2.4519355797503195,False,-8.443948729785553e-05,48.397323686156746,-4.20387521438137,0.08695652173912204,13,0,ema_bounce_hammer,1.2353658585779124,SL,2023-01-30 19:00:00+00:00,-34.641414220877294,-889.9118809908438,330,False
2023-02-08 14:45:00+00:00,6,GBP_USD,SHORT,1.2065899999999998,1.2110368376613132,1.2040731623386867,1.20379,1.200012905846717,198121.19,5,OVERLAP,1.5,0.0013534188306566011,26.735940976735428,40.9721479373563,1.2075766842448639,1.206198277221932,-22.560764973535985,False,-0.0003473268891383309,36.39146718774927,-7.966842448638989,0.6493506493507267,14,2,ema_bounce_strong_bearish_close,1.2110368376613132,SL,2023-02-09 08:15:00+00:00,-44.468376613133735,-881.0127691962226,1050,False
2023-02-16 08:15:00+00:00,6,GBP_USD,SHORT,1.20572,1.2092500061874667,1.2040299938125334,1.20379,1.2012099845313335,247082.47,5,LONDON,1.5,0.0009400030937332911,28.637657264988857,63.42405983752041,1.2042043001822444,1.2077402665863493,2.742282126320106,False,0.00011211087124034493,79.35176987309697,17.056998177555904,0.24742268041238294,8,3,ema_bounce_shooting_star,1.20572,TP1+SL,2023-02-16 10:00:00+00:00,10.140037124799049,250.54254186870475,105,True
2023-02-17 14:30:00+00:00,6,GBP_USD,SHORT,1.1972699999999998,1.201443858215152,1.194916141784848,1.19145,1.1911003544621201,209568.23,5,OVERLAP,1.5,0.0012719291075759716,42.853010790987874,62.96481268922991,1.1953241085254485,1.2002494032815905,30.13524449020366,False,0.0005433962379325388,78.24163640272194,21.3589147455151,0.6878980891719241,14,4,ema_bounce_strong_bearish_close,1.201443858215152,SL,2023-02-17 15:00:00+00:00,-41.73858215152259,-874.7080784204182,30,False
2023-02-24 08:45:00+00:00,6,GBP_USD,SHORT,1.2021499999999998,1.2059238200927926,1.2001261799072074,1.19918,1.1968054497680185,229465.36,4,LONDON,1.5,0.0011069100463962892,19.07449565138969,51.563100410116355,1.202153576780637,1.2039313185639637,1.2305207888529957,False,6.76191968151698e-05,71.63639704756237,1.8642321936290784,0.6270270270270102,8,4,ema_bounce_strong_bearish_close,1.1968054497680185,TP3,2023-02-24 13:00:00+00:00,26.39747078873578,605.7305137626739,255,True
2023-03-16 13:30:00+00:00,6,GBP_USD,LONG,1.2069500000000002,1.2001076064298886,1.2106923935701115,1.21126,1.2165909839252789,127443.46,4,OVERLAP,1.5,0.0019661967850557603,27.697558184292955,52.634797426332696,1.2064757705937925,1.2088011275213664,6.424585346476164,False,0.00012347251779832973,62.85496981875789,2.842294062075368,0.7655786350148232,13,3,ema_bounce_strong_bullish_close,1.2165909839252789,TP3,2023-03-17 07:00:00+00:00,45.02534534594594,573.8185798582248,1050,True
2023-03-21 08:00:00+00:00,6,GBP_USD,LONG,1.2248500000000002,1.2218652160643493,1.226304783935651,1.2282,1.2287719598391273,294077.06,5,LONDON,1.5,0.0008223919678254611,26.50783338497644,41.36223655564547,1.225695104668697,1.2215030041869597,2.2333333333346417,False,-7.110163405243036e-05,29.888913740404945,-10.3510466869694,0.6257668711657345,8,1,ema_bounce_strong_bullish_close,1.2218652160643493,SL,2023-03-21 14:15:00+00:00,-29.84783935650936,-877.7564845314565,375,False
2023-03-23 11:30:00+00:00,6,GBP_USD,LONG,1.22913,1.225735260511,1.231394739489,1.23346,1.2350768487225001,255978.08,4,LONDON,1.5,0.001227369744500033,45.00705704688333,40.35164896058901,1.2302670078536215,1.2267714822438565,-18.647608301904928,False,-0.000401709268206029,30.498222680884606,-13.27007853621609,0.15116279069761737,11,3,ema_bounce_hammer,1.2299303850868561,TP1+TP2+SL,2023-03-23 12:30:00+00:00,27.378822020855065,700.8378293560199,60,True
2023-03-23 13:00:00+00:00,6,GBP_USD,LONG,1.22907,1.2237519944710853,1.2324080055289146,1.23346,1.2377000138222862,164721.02,4,OVERLAP,1.5,0.0017640027644572724,33.95058926980906,44.49506802230159,1.2301588589838908,1.226948950135897,-15.22447949435568,False,-0.0001892366509213946,18.024565895682038,-12.78858983890796,0.762162162162061,13,3,ema_bounce_strong_bullish_close,1.22907,TP1+SL,2023-03-23 18:15:00+00:00,20.028033173487,329.90380529306157,315,True
2023-03-29 08:00:00+00:00,6,GBP_USD,LONG,1.2321300000000002,1.2296875757885233,1.2335624242114767,1.23432,1.2359960605286917,360005.57,4,LONDON,1.5,0.0008112121057383245,33.530111932213075,45.52235320928038,1.2326137118206852,1.2307747670881606,1.40000000000029,False,3.768407411566479e-05,61.94233463609144,-6.737118206852077,0.16666666666666666,8,2,ema_bounce_hammer,1.2359960605286917,TP3,2023-03-29 11:30:00+00:00,19.03060579755023,685.1124087592375,210,True
2023-03-31 15:00:00+00:00,6,GBP_USD,LONG,1.2370900000000002,1.2333222438703177,1.2397877561296824,1.24227,1.2441193903242058,235189.7,4,OVERLAP,1.5,0.0014438780648411446,29.628635015818972,45.35394294783097,1.2379486662352326,1.236085561547782,-5.731720353470138,False,-0.0001297647172222043,37.46867167920046,-10.48666235232476,0.6565656565656657,15,4,ema_bounce_strong_bullish_close,1.2333222438703177,SL,2023-03-31 17:30:00+00:00,-37.677561296824976,-886.1374338131878,150,False
2023-04-05 11:15:00+00:00,6,GBP_USD,LONG,1.2474100000000001,1.2433874109621166,1.2496525890378833,1.25101,1.2533014725947083,218087.42,4,LONDON,1.5,0.001216294518941673,29.37203276600364,45.950700056555654,1.2483643089359162,1.2452349559475808,-3.2024298634536486,False,-9.59850160540893e-05,44.53507174423684,-11.443089359162162,0.7762237762237143,11,2,ema_bounce_strong_bullish_close,1.2474100000000001,TP1+SL,2023-04-05 14:15:00+00:00,13.45553422729928,293.4482744353394,180,True
2023-04-06 15:45:00+00:00,6,GBP_USD,LONG,1.2456,1.24211581551578,1.2477741844842198,1.24867,1.2513204612105495,252630.3,4,OVERLAP,1.5,0.0011820922421099144,22.86247926768692,55.953591508049264,1.2449479859824453,1.245370840961532,6.654738210787325,False,0.0001838871267644777,84.98417325415444,4.62014017554635,0.8947368421050417,15,3,ema_bounce_strong_bullish_close,1.24372,TIME,2023-04-07 11:45:00+00:00,-18.800000000001038,-474.94496400002623,1200,False
2023-04-14 10:15:00+00:00,6,GBP_USD,LONG,1.2517300000000002,1.2492144627051829,1.2531555372948173,1.25373,1.255578843237043,348021.52,4,LONDON,1.5,0.000807768647408575,54.01832937759491,44.126617140328065,1.2523460801205377,1.2500393397868694,5.27295620508017,False,-6.120062317885907e-05,73.14967105263592,-8.060801205376222,0.6867469879521199,10,4,ema_bounce_strong_bullish_close,1.2492144627051829,SL,2023-04-14 11:30:00+00:00,-25.15537294817349,-875.4611129590221,75,False
2023-04-27 14:00:00+00:00,6,GBP_USD,LONG,1.2472400000000001,1.242766423194944,1.249983576805056,1.25066,1.2543839420126401,193739.04,4,OVERLAP,1.5,0.0014667884025280351,26.568276516042605,54.61121281117306,1.2464272687817923,1.2458132219165596,11.50182671515676,False,-9.20173901815995e-06,64.00874423289407,6.227312182076616,0.9562043795620769,14,3,ema_bounce_strong_bullish_close,1.2472400000000001,TP1+SL,2023-04-28 05:45:00+00:00,16.461460830335284,318.9227618266761,945,True
2023-05-01 10:45:00+00:00,6,GBP_USD,LONG,1.25343,1.250903223287493,1.254786776712507,1.25689,1.2571069417812675,344270.91,4,LONDON,1.5,0.0007733883562535212,44.09247899796351,46.32322300133091,1.2540954729283948,1.251760389535801,7.994285290873204,False,8.410940043627015e-05,69.39872068230578,-8.554729283949403,0.6874999999999856,10,0,ema_bounce_strong_bullish_close,1.25343,TP1+SL,2023-05-01 14:00:00+00:00,8.140660275041343,280.25925208893335,195,True
2023-05-09 15:00:00+00:00,6,GBP_USD,LONG,1.26197,1.2589646096158489,1.263775390384151,1.26398,1.2667684759603781,290377.69,5,OVERLAP,1.5,0.000997695192075642,29.24921536014926,58.394425379786455,1.260984643561422,1.2614575169326894,12.378989913093275,False,0.00026908596433862427,88.67227278992057,7.953564385778655,0.27906976744166834,15,1,ema_bounce_hammer,1.2629020126003345,TP1+TP2+SL,2023-05-10 07:45:00+00:00,17.794354905241057,516.7083672424068,1005,True
2023-05-16 11:45:00+00:00,6,GBP_USD,SHORT,1.25158,1.2546097485682715,1.2498602514317285,1.24962,1.2469956285793213,289748.6,4,LONDON,1.5,0.0009548742841357593,31.402513434601197,44.995672477055756,1.2521906797019333,1.251474000723345,-13.125142193917139,False,-5.627656120118206e-05,27.842131174965555,-4.2067970193326865,0.8773584905660535,11,1,ema_bounce_strong_bearish_close,1.25158,TP1+TP2+SL,2023-05-16 13:00:00+00:00,16.198491409628254,469.34902080518134,75,True
2023-05-16 13:00:00+00:00,6,GBP_USD,SHORT,1.251,1.2540656304202846,1.2490143695797153,1.24651,1.245750923949288,287888.22,5,OVERLAP,1.5,0.0010878152101423829,40.18882230623497,41.57951377811647,1.252041326993493,1.251469036680013,-9.811847203973212,False,-0.00027890808488415143,49.47209653092074,-8.513269934928847,0.1604938271604532,13,1,ema_bounce_shooting_star,1.245750923949288,TP3,2023-05-17 06:00:00+00:00,30.632858572418705,881.8839127925362,1020,True
2023-05-19 14:00:00+00:00,6,GBP_USD,SHORT,1.2424399999999998,1.2459984937350466,1.2404915062649533,1.23916,1.2372837656623836,250492.99,4,OVERLAP,1.5,0.001069246867523275,40.691958638648984,47.00289322582695,1.2423592833294266,1.24368995586727,-4.955318413870646,False,-0.00018662162808846436,19.174381160309455,2.7071667057332327,0.9606299212599306,14,4,ema_bounce_strong_bearish_close,1.2459984937350466,SL,2023-05-19 15:15:00+00:00,-35.58493735046797,-891.37773558814,75,False
2023-05-22 10:30:00+00:00,6,GBP_USD,SHORT,1.2445799999999998,1.2484065332966159,1.242843466703384,1.24212,1.2399536667584603,230617.08,4,LONDON,1.5,0.0009632666483079105,28.87519219804687,51.565919440115536,1.2446514719884842,1.2444291671529097,5.809836181616124,False,0.00027580123938745907,72.28759958644956,1.1852801151568393,0.8651685393258413,10,0,ema_bounce_strong_bearish_close,1.2441696740591237,TP1+TP2+SL,2023-05-22 18:00:00+00:00,18.209525720570106,419.9427649862774,450,True
2023-05-25 08:45:00+00:00,6,GBP_USD,SHORT,1.23657,1.2396644721711734,1.2347755278288266,1.23315,1.2317988195720664,286531.38,4,LONDON,1.5,0.0009922360855867526,36.16619100468002,59.577203010701126,1.2356295152195418,1.2386126599510525,1.2006517962226404,False,0.00034328341677560345,81.6870716870731,11.304847804582963,0.7567567567567514,8,3,ema_bounce_strong_bearish_close,1.2317988195720664,TP3,2023-05-25 16:00:00+00:00,25.798013454973567,739.1940396512144,435,True
2023-06-02 12:45:00+00:00,6,GBP_USD,LONG,1.25153,1.2477004046649351,1.2533995953350647,1.25394,1.256488988337662,233459.48,5,LONDON,1.5,0.0010297976675324389,39.0200123735888,36.70098211141243,1.2526859216936745,1.2483941394711333,-7.591158727762171,False,-0.00018562538615723385,58.936864325459986,-13.459216936746454,0.050279329608896965,12,4,ema_bounce_hammer,1.25153,TP1+SL,2023-06-02 13:45:00+00:00,11.217572010388198,261.88485284077836,60,True
2023-06-19 10:00:00+00:00,6,GBP_USD,LONG,1.2815,1.278689558630919,1.2829404413690808,1.28302,1.285386103422702,319051.01,4,LONDON,1.5,0.0008152206845404507,26.680391915469094,47.58141012924475,1.2816690794197485,1.2779924840139374,-0.6461723107054063,False,-5.5243326483813196e-05,34.56293763376395,-3.590794197485536,0.7999999999999577,10,0,ema_bounce_strong_bullish_close,1.278689558630919,SL,2023-06-19 14:00:00+00:00,-28.104413690810404,-896.6741573510888,240,False
2023-06-21 14:15:00+00:00,6,GBP_USD,LONG,1.2741200000000001,1.2690395267466161,1.276870473253384,1.27929,1.2812811831334596,174729.28,4,OVERLAP,1.5,0.0014702366266919438,18.606990913758985,56.901904733766685,1.2732813098121498,1.2757019702622414,21.385115225405205,False,0.000328489281121734,70.68434992599546,6.486901878501872,0.8952380952381486,14,2,ema_bounce_strong_bullish_close,1.2741200000000001,TP1+SL,2023-06-22 07:00:00+00:00,16.50283952030307,288.3529267338101,1005,True
2023-06-23 11:30:00+00:00,6,GBP_USD,LONG,1.2726600000000001,1.2691175575833291,1.274922442416671,1.27505,1.2786011060416773,251405.91,4,LONDON,1.5,0.0012262212083354832,30.99225163105993,58.5822749698575,1.271920965926599,1.2740504564888853,13.993879156881661,False,0.00022558703149281963,33.51871397256082,5.490340734009003,0.719999999999936,11,4,ema_bounce_strong_bullish_close,1.2691175575833291,SL,2023-06-23 16:00:00+00:00,-35.4244241667101,-890.5909593857745,270,False
2023-07-06 15:45:00+00:00,6,GBP_USD,LONG,1.2720200000000002,1.2667316358799388,1.2751583641200612,1.27579,1.280150910300153,166721.7,4,OVERLAP,1.5,0.0016641820600306026,37.673782046619834,48.500899015997014,1.2722072621977227,1.2711436046254918,-12.010934620867442,False,-0.0004208103070197551,72.12451333823937,-3.772621977227164,0.8199052132701248,15,3,ema_bounce_strong_bullish_close,1.27614,TP1+TP2+TIME,2023-07-07 11:45:00+00:00,34.26018472036585,571.1916238893419,1200,True
2023-07-12 09:45:00+00:00,6,GBP_USD,LONG,1.29306,1.2906537518328958,1.2946062481671041,1.29693,1.2972106204177605,368788.63,4,LONDON,1.5,0.0008681240835520824,60.360505546338636,37.44598096184157,1.2941310908008177,1.2894895733746403,-4.10661852926264,False,-0.00024450623960555796,32.28134384487384,-12.610908008177102,0.6607142857141158,9,2,ema_bounce_strong_bullish_close,1.2906537518328958,SL,2023-07-12 11:45:00+00:00,-24.062481671043297,-887.396964986417,120,False
2023-07-17 14:00:00+00:00,6,GBP_USD,LONG,1.3089100000000002,1.3047347236295983,1.3112052763704019,1.31406,1.3149331909260047,210410.74,5,OVERLAP,1.5,0.001242638185200921,45.014952830121864,54.643574747350556,1.3084262573750591,1.308014072267748,7.470229616020063,False,1.4003256851885851e-05,76.89696645663703,2.937426249409736,0.8023255813954674,14,0,ema_bounce_strong_bullish_close,1.3104,TIME,2023-07-18 10:00:00+00:00,14.89999999999769,313.5120025999514,1200,True
2023-07-18 12:45:00+00:00,6,GBP_USD,LONG,1.3090700000000002,1.3042669666769653,1.3118630333230348,1.31255,1.3163375833075868,183562.77,5,LONDON,1.5,0.0014915166615173535,26.268505693634967,46.64740208028968,1.3092457263325514,1.308443830488141,-5.951672028678967,False,-0.0002651325612578111,18.40678919729915,-3.65726332551386,0.7681159420289699,12,1,ema_bounce_strong_bullish_close,1.3042669666769653,SL,2023-07-18 16:00:00+00:00,-48.03033323034889,-881.6581011785889,195,False
2023-07-25 09:15:00+00:00,6,GBP_USD,SHORT,1.2839999999999998,1.2866871740070458,1.2824928259929542,1.28156,1.2799470649823856,324817.64,4,LONDON,1.5,0.0008485870035228515,25.496791236725155,47.813483575655006,1.2839203456916128,1.2849225622117042,-9.5799715622924,False,-0.00013603679845553712,14.815434960482376,2.696543083871017,0.686046511627946,9,1,ema_bounce_strong_bearish_close,1.283641423274302,TP1+TP2+SL,2023-07-25 14:00:00+00:00,16.72162076797057,543.1477394827189,285,True
2023-07-28 13:30:00+00:00,6,GBP_USD,SHORT,1.28378,1.2888325127425886,1.2810174872574114,1.28091,1.2765887181435283,173828.95,4,OVERLAP,1.5,0.0014762563712943553,50.47493125993516,50.82746316982201,1.2827243487116191,1.2854377209562229,-1.6130814355430623,False,-0.0002655562473169524,10.530365954953234,12.456512883809445,0.8952879581151869,13,4,ema_bounce_strong_bearish_close,1.28551,TIME,2023-07-31 09:30:00+00:00,-17.300000000000093,-300.72408350000165,4080,False
2023-07-31 12:45:00+00:00,6,GBP_USD,SHORT,1.28514,1.2880622880428771,1.283537711957123,1.28156,1.280849279892807,299513.86,4,LONDON,1.5,0.0008961440214385935,24.153021440407695,47.78290174883292,1.2854488905265027,1.2854982928713194,-1.866280626863226,False,-8.767891826447525e-05,29.005250461191576,-1.188905265026019,0.15686274509797518,12,0,ema_bounce_shooting_star,1.28514,TP1+SL,2023-07-31 13:30:00+00:00,9.613728257261922,287.9444859323591,45,True
2023-07-31 14:00:00+00:00,6,GBP_USD,SHORT,1.2852199999999998,1.28853994545484,1.2832900545451598,1.2828,1.2801101363628993,264505.92,4,OVERLAP,1.5,0.0010599727274201325,20.434588592245262,50.67004398475504,1.285309105284493,1.2854568937914665,1.2283408942304064,False,-7.332031315299263e-05,69.47022890229887,1.0089471550700502,0.08196721311474514,14,0,ema_bounce_shooting_star,1.2826679275322044,TP1+TP2+SL,2023-08-01 04:45:00+00:00,21.391745196835288,565.8243243694499,885,True
2023-08-03 14:45:00+00:00,6,GBP_USD,SHORT,1.2691999999999999,1.2748688939051431,1.265411106094857,1.26202,1.2594427652371423,155904.04,4,OVERLAP,1.5,0.001989446952571555,31.53400059609384,56.55509346629443,1.268322687075984,1.2731009370562913,25.444876424673968,False,0.0006388652683893853,85.9620009619997,10.673129240159618,0.8875739644970911,14,3,ema_bounce_strong_bearish_close,1.27011,TIME,2023-08-04 10:45:00+00:00,-9.100000000001884,-141.87267640002938,1200,False
2023-08-10 14:45:00+00:00,6,GBP_USD,SHORT,1.2733599999999998,1.2787070704117833,1.2702829295882165,1.26857,1.2653823239705415,165022.09,4,OVERLAP,1.5,0.0016335352058916763,42.10316255598882,40.61791001866419,1.2750496672895586,1.2740788801582352,-30.116074345185595,False,-0.00040237395672845105,36.86281007863804,-14.996672895586372,0.7620967741935838,14,3,ema_bounce_strong_bearish_close,1.2681118924100365,TP1+TP2+SL,2023-08-11 01:00:00+00:00,38.08053006066258,628.4128658918366,615,True
2023-08-11 09:15:00+00:00,6,GBP_USD,SHORT,1.27026,1.2726060726947286,1.2688339273052716,1.26857,1.2664098182631789,378789.99,4,LONDON,1.5,0.0008080363473642321,33.58121684115217,55.901688943545935,1.2696852424700162,1.2714450545162779,-2.2146499292019506,False,-2.122274448528754e-05,57.39514348786238,7.647575299838394,0.635135135135127,9,4,ema_bounce_strong_bearish_close,1.2726060726947286,SL,2023-08-11 11:30:00+00:00,-23.460726947286403,-888.6688525755347,135,False
2023-08-16 12:45:00+00:00,6,GBP_USD,SHORT,1.2718999999999998,1.2757313907252996,1.2701186092747003,1.26866,1.2671615231867506,229624.76,5,LONDON,1.5,0.0009856953626498609,31.826941101858914,36.872321523684676,1.2728863104764991,1.2710751150968616,-26.169368009580918,False,-0.0004083641434270463,11.9543634833472,-7.963104764991957,0.7380952380953577,12,2,ema_bounce_strong_bearish_close,1.2757313907252996,SL,2023-08-16 14:15:00+00:00,-38.3139072529981,-879.7821757631949,90,False
2023-08-18 13:30:00+00:00,6,GBP_USD,LONG,1.2740000000000002,1.2696079562856903,1.2763820437143099,1.27655,1.2802401092857747,198309.58,5,OVERLAP,1.5,0.001286021857154914,27.813913902734352,58.10602146552652,1.2726087623094027,1.2731476984400543,21.53492711983951,False,0.0003251827632613939,92.34198200424525,12.012376905974342,0.86746987951814,13,4,ema_bounce_strong_bullish_close,1.27279,TIME,2023-08-21 09:30:00+00:00,-12.100000000001554,-239.9545918000308,4080,False
2023-08-22 11:15:00+00:00,6,GBP_USD,LONG,1.2765900000000001,1.2739475396879298,1.2781224603120702,1.27871,1.2807061507801758,328703.06,5,LONDON,1.5,0.0008612301560351482,31.175972411376108,41.58462475954048,1.2772887864996425,1.275412799816495,-13.90770917667039,False,-0.0003520272892787923,12.664560511221731,-8.887864996425243,0.8902439024390938,11,1,ema_bounce_strong_bullish_close,1.2739475396879298,SL,2023-08-22 13:00:00+00:00,-26.424603120702717,-868.5847905060532,105,False
2023-08-29 08:15:00+00:00,6,GBP_USD,SHORT,1.26063,1.2633542999823522,1.2590857000176479,1.25653,1.2564842500441196,315640.33,4,LONDON,1.5,0.0008671499911761129,22.63272316761523,41.932725235546904,1.2614780391650977,1.260930219684142,-2.406084748669546,False,-0.0002051999235648631,10.751900920366642,-6.580391650976569,0.2,8,1,ema_bounce_shooting_star,1.2564842500441196,TP3,2023-08-29 12:15:00+00:00,25.71154984999269,811.5602079463143,240,True
2023-08-30 08:00:00+00:00,6,GBP_USD,SHORT,1.2626,1.2660303006031979,1.2610496993968021,1.25653,1.258439248492005,253043.29,4,LONDON,1.5,0.0008701503015990033,29.405237164274464,47.06332635602356,1.2630483105972394,1.2619155985946422,-4.999999999997229,False,0.00011116096163533726,67.63285024154682,-2.583105972393529,0.9200000000000592,8,2,ema_bounce_strong_bearish_close,1.2660303006031979,SL,2023-08-30 09:15:00+00:00,-34.30300603197933,-868.0145503221896,75,False
