timestamp,strategy_id,pair,signal_direction,entry_price,sl_price,tp1_price,tp2_price,tp3_price,lot_size,confluence_score,session,spread_at_entry,atr_at_entry,adx_at_entry,rsi_at_entry,ema_50_value,ema_200_value,vwap_deviation,news_within_60min,macd_hist_at_entry,stoch_k_at_entry,distance_from_ema50_pips,candle_body_ratio,hour_of_day,day_of_week,entry_pattern,exit_price,exit_reason,exit_time,pnl_pips,pnl_dollars,hold_time_minutes,win
2021-01-13 08:00:00+00:00,9,EUR_GBP,SHORT,0.89054,0.8929320925314317,0.88963,0.88848,0.88848,418044.03,5,LONDON,2.0,0.0009307772259603205,48.32652671440254,25.09813909603369,0.8957823420609733,0.8998812915066701,-5.733333333333146,False,6.878555059167601e-05,29.946244198164464,-50.023420609732746,0.6467391304347734,8,2,london_breakout_short,0.89054,TP1+SL,2021-01-13 10:00:00+00:00,4.549999999999832,190.210033649993,120,True
2021-01-14 07:00:00+00:00,9,EUR_GBP,SHORT,0.88888,0.8912017065446141,0.88803,0.88688,0.88688,431536.92,5,ASIAN,2.0,0.000892348145142373,27.461433257910848,31.068887529683124,0.892879609334003,0.8980492725046686,-17.595898351819848,False,-9.315036565081449e-06,43.01174071731375,-36.9960933400304,0.9191919191918982,7,3,london_breakout_short,0.8912017065446141,SL,2021-01-14 09:00:00+00:00,-23.21706544614055,-1001.9020914065918,120,False
2021-01-15 08:00:00+00:00,9,EUR_GBP,LONG,0.88898,0.88742,0.88986,0.89098,0.89098,635822.49,4,LONDON,2.0,0.0008953540020829375,37.756819056377246,49.36040928858361,0.890052797594443,0.8959440579580392,6.5666666666663875,False,0.00018414035566480962,77.10722442601428,-13.12797594443027,0.2297872340425504,8,4,london_breakout_long,0.88898,TP1+SL,2021-01-15 10:00:00+00:00,4.3999999999999595,279.76189559999744,120,True
2021-01-18 08:00:00+00:00,9,EUR_GBP,LONG,0.89244,0.8900624221429504,0.89405,0.8959,0.8959,418358.83,4,LONDON,2.0,0.0009561003469041213,38.21517087795311,72.13633749447165,0.8898272106603289,0.8945930318978917,5.633333333332491,False,0.00025790894808894096,83.37849562010886,23.727893396711107,0.7665198237885322,8,0,london_breakout_long,0.8900624221429504,SL,2021-01-18 12:00:00+00:00,-23.775778570496175,-994.6806905091853,240,False
2021-01-19 07:00:00+00:00,9,EUR_GBP,LONG,0.89006,0.88839,0.89073,0.8917,0.8917,589661.01,4,ASIAN,2.0,0.0006740538322603438,23.32482837513129,55.69853280468276,0.8895713277439437,0.893545430917259,-3.6516045859613655,False,2.2897366316132668e-05,71.76038386564598,1.8867225605634363,0.7608695652174018,7,1,london_breakout_long,0.89006,TP1+SL,2021-01-19 09:00:00+00:00,3.350000000000297,197.53643835001753,120,True
2021-01-19 09:00:00+00:00,9,EUR_GBP,LONG,0.8908,0.8886559464608242,0.89153,0.8925000000000001,0.8925000000000001,460207.38,4,LONDON,2.0,0.0007886484574081566,32.759264002412785,64.4406145495009,0.8896337862026946,0.8934827684897497,1.40000000000029,False,0.00014701262365183977,67.42640075973269,9.262137973053974,0.3333333333333658,9,1,london_breakout_long,0.8908,TP1+SL,2021-01-19 14:00:00+00:00,3.6500000000000417,167.97569370000193,300,True
2021-01-20 08:00:00+00:00,9,EUR_GBP,SHORT,0.88694,0.888974835819838,0.88572,0.8842599999999999,0.8842599999999999,485734.03,5,LONDON,2.0,0.0008352247330827029,23.713097730165728,26.80551371255909,0.8896622869472824,0.8927271470171895,-7.466666666665622,False,-0.0002061763931282522,34.895237566401335,-24.82286947282475,0.868644067796598,8,2,london_breakout_short,0.8842599999999999,TP3,2021-01-20 10:00:00+00:00,19.500000551742346,947.1813853000035,120,True
2021-01-21 07:00:00+00:00,9,EUR_GBP,SHORT,0.88454,0.88689,0.88291,0.88098,0.88098,424621.63,5,ASIAN,2.0,0.0008662088231693725,21.773130933935143,34.369670504755504,0.8875967890444854,0.8913936531049479,-13.991374802231338,False,-7.120379846303824e-05,1.7316546469483622,-27.56789044485397,0.12500000000002479,7,3,london_breakout_short,0.88689,SL,2021-01-22 01:00:00+00:00,-23.49999999999963,-997.8608304999844,1080,False
2021-01-26 07:00:00+00:00,9,EUR_GBP,LONG,0.8900899999999999,0.8880281519865032,0.89145,0.89311,0.89311,479124.66,4,ASIAN,2.0,0.0007586864050130705,35.455429353949086,64.96123742929939,0.8883371044737588,0.8897256966214411,16.391122850160087,False,0.00018917775665974683,80.21278278752995,14.528955262411714,0.45890410958900046,7,1,london_breakout_long,0.8880281519865032,SL,2021-01-26 09:00:00+00:00,-20.618480134967363,-987.8822284382992,120,False
2021-01-27 07:00:00+00:00,9,EUR_GBP,SHORT,0.88348,0.8854197826544166,0.88287,0.8819600000000001,0.8819600000000001,504181.95,5,ASIAN,2.0,0.0007169192716404501,45.08178523323203,27.154207933347593,0.8866965249580387,0.8889038954640345,-27.768944138673035,False,-3.8095720621138317e-05,12.624771062267792,-29.165249580387353,0.860927152317853,7,2,london_breakout_short,0.88348,TP1+SL,2021-01-27 11:00:00+00:00,3.049999999999997,153.77549474999987,240,True
2021-01-28 07:00:00+00:00,9,EUR_GBP,LONG,0.88576,0.88424,0.88657,0.8876799999999999,0.8876799999999999,644434.97,4,ASIAN,2.0,0.0008751677670363289,23.194263550479697,56.747129237512524,0.885218925642222,0.8878933946607833,16.04994036150109,False,0.00019530423749623306,74.14286196405878,2.410743577779817,0.5094339622641608,7,3,london_breakout_long,0.8876799999999999,TP3,2021-01-28 09:00:00+00:00,13.65000029793491,879.6537532499674,120,True
2021-01-29 07:00:00+00:00,9,EUR_GBP,LONG,0.8839199999999999,0.88255,0.88443,0.8852400000000001,0.8852400000000001,721414.37,4,ASIAN,2.0,0.0008021649397468444,25.45269610735974,49.44342979243737,0.8842709232146307,0.8870453155051445,-11.399191986479762,False,3.3011831364375996e-05,54.69920367827177,-6.509232146307831,0.6511627906976304,7,4,london_breakout_long,0.8852400000000001,TP3,2021-01-29 08:00:00+00:00,9.150000182975555,660.0941617501195,60,True
2021-02-02 08:00:00+00:00,9,EUR_GBP,SHORT,0.88184,0.88288,0.8813,0.88052,0.88052,956671.76,5,LONDON,2.0,0.0007744492113982177,25.3825020542307,43.24214005693808,0.883103810419988,0.8855809480422875,0.06666666666821364,False,7.88040331371325e-06,40.263483471216766,-10.238104199880027,0.44186046511634813,8,1,london_breakout_short,0.88052,TP3,2021-02-02 10:00:00+00:00,9.300000137978223,889.704749999987,120,True
2021-02-08 08:00:00+00:00,9,EUR_GBP,LONG,0.87768,0.87636,0.87828,0.8791199999999999,0.8791199999999999,760481.57,4,LONDON,2.0,0.0007239909961014539,27.008844704279237,59.03422971566262,0.8772000474573736,0.8811174097203717,3.00000000000078,False,7.606229308279163e-05,76.11847738054509,2.399525426264315,0.7358490566038112,8,0,london_breakout_long,0.8791199999999999,TP3,2021-02-08 11:00:00+00:00,10.2000001893528,775.6912157999315,180,True
2021-02-09 08:00:00+00:00,9,EUR_GBP,LONG,0.87846,0.8766302425716528,0.87911,0.8799999999999999,0.8799999999999999,552856.12,4,LONDON,2.0,0.0007161956162432664,20.438703081318362,62.064986451210586,0.8771636675125781,0.8802895463635342,5.733333333333146,False,5.199764300450581e-05,74.48592085235599,10.563324874218738,0.9147727272727358,8,1,london_breakout_long,0.87846,TP1+SL,2021-02-09 11:00:00+00:00,3.249999999999642,179.6782389999802,180,True
2021-02-10 08:00:00+00:00,9,EUR_GBP,SHORT,0.8759399999999999,0.87763,0.87537,0.87456,0.87456,599638.68,4,LONDON,2.0,0.0006472980167345141,16.75194928675512,38.26060778307182,0.8772743991195164,0.879677135274083,-4.266666666666863,False,-6.666319529945328e-05,34.73491829747306,-10.94399119516476,0.7878787878788261,8,2,london_breakout_short,0.8759399999999999,TP1+SL,2021-02-10 10:00:00+00:00,2.849999999999797,170.89702379998786,120,True
2021-02-11 08:00:00+00:00,9,EUR_GBP,LONG,0.8776200000000001,0.8758618783808853,0.8787300000000001,0.8800800000000002,0.8800800000000002,577376.63,4,LONDON,2.0,0.0006810166013855102,20.098386186013823,62.31160475058674,0.8765221160829952,0.8789028608780778,4.266666666666863,False,0.00011023310350216945,63.80119665041119,8.578839170048091,0.8658536585366522,8,3,london_breakout_long,0.8776200000000001,TP1+SL,2021-02-12 10:00:00+00:00,5.550000000000276,320.444029650016,1560,True
2021-02-16 09:00:00+00:00,9,EUR_GBP,LONG,0.8726700000000001,0.8708434651330123,0.8739700000000001,0.8755100000000002,0.8755100000000002,557505.25,4,LONDON,2.0,0.0006814272363097613,33.12965634799116,51.954977856392134,0.8732509001031638,0.8765670280209478,2.069202053197605,False,0.00023064302619486734,92.51422832273306,-8.209001031637131,0.07751937984495857,9,1,london_breakout_long,0.8708434651330123,SL,2021-02-16 15:00:00+00:00,-18.265348669878055,-1018.3027776537533,360,False
2021-02-17 07:00:00+00:00,9,EUR_GBP,SHORT,0.86966,0.8717185624707005,0.8682599999999999,0.8665599999999999,0.8665599999999999,489720.26,5,ASIAN,2.0,0.0007181803462601987,26.174950943552233,37.23498716014396,0.8719468382283819,0.8754948144338759,-16.144759153425834,False,-2.9600939123838876e-05,22.31507103263179,-19.868382283819706,0.7252747252747453,7,2,london_breakout_short,0.86966,TP1+SL,2021-02-17 14:00:00+00:00,7.000000000000338,342.8041820000166,420,True
2021-02-18 08:00:00+00:00,9,EUR_GBP,SHORT,0.86727,0.8692865129343432,0.8657600000000001,0.8640100000000002,0.8640100000000002,501632.19,5,LONDON,2.0,0.0008062762327560617,26.933427548797386,33.07367605764313,0.8700729545787247,0.8740649068047868,-3.3666666666654077,False,3.494131210256474e-05,37.30669265756921,-25.629545787246855,0.72682926829268,8,3,london_breakout_short,0.86727,TP1+SL,2021-02-19 08:00:00+00:00,7.549999999999501,378.732303449975,1440,True
2021-02-19 08:00:00+00:00,9,EUR_GBP,LONG,0.8669600000000001,0.8652,0.86772,0.86872,0.86872,576894.95,4,LONDON,2.0,0.0007300844836832732,23.645052939892192,54.42643342089997,0.8673638412254979,0.8722704933719763,0.40000000000151026,False,0.0002442125189871026,59.241590214070385,-6.438412254978765,0.5000000000000385,8,4,london_breakout_long,0.8669600000000001,TP1+SL,2021-02-19 12:00:00+00:00,3.799999999999914,219.22008099999505,240,True
2021-02-22 07:00:00+00:00,9,EUR_GBP,LONG,0.86578,0.8636505546370108,0.86702,0.86856,0.86856,477836.78,4,ASIAN,2.0,0.0007766511348245794,26.5397133788893,53.53857551590256,0.8659301326843784,0.8707934969172306,-0.8429848756497105,False,0.00012114554550810008,74.48631693171899,-4.501326843783238,0.48529411764704444,7,0,london_breakout_long,0.8636505546370108,SL,2021-02-22 15:00:00+00:00,-21.29445362989202,-1017.5273154366914,480,False
2021-02-23 07:00:00+00:00,9,EUR_GBP,SHORT,0.8638,0.8654,0.86284,0.8615800000000001,0.8615800000000001,629595.03,4,ASIAN,2.0,0.0007325535091665162,17.6290244410909,45.17308460510877,0.865028605251178,0.8694432610377207,-4.342244908811521,False,4.654652257216261e-05,39.391303774863886,-9.28605251177994,0.8472222222222233,7,1,london_breakout_short,0.8615800000000001,TP3,2021-02-23 17:00:00+00:00,15.90000035260686,1001.0561198999527,600,True
2021-02-25 07:00:00+00:00,9,EUR_GBP,LONG,0.86166,0.85968,0.86228,0.8632000000000001,0.8632000000000001,513819.5,3,ASIAN,2.0,0.0009556872558644907,19.431823488158877,58.67268022893533,0.8608811795956577,0.8659528709392953,14.652482044782422,False,0.00011221160152130466,50.278445399803054,4.788204043423283,0.4977375565610712,7,3,london_breakout_long,0.86166,TP1+SL,2021-02-25 09:00:00+00:00,3.1000000000003243,159.28404500001668,120,True
2021-03-01 09:00:00+00:00,9,EUR_GBP,SHORT,0.86295,0.86526,0.86149,0.8597899999999999,0.8597899999999999,441106.26,5,LONDON,2.0,0.0013928229521970226,28.891051419596558,36.02413599909834,0.8657235416617006,0.8663301333836287,-8.353519027969325,False,-0.000193080151779141,48.173136915530904,-25.33541661700611,0.5254237288135699,9,0,london_breakout_short,0.86526,SL,2021-03-01 13:00:00+00:00,-23.100000000000342,-1018.9554606000152,240,False
2021-03-03 07:00:00+00:00,9,EUR_GBP,SHORT,0.8647,0.86678,0.86356,0.86212,0.86212,484983.6,5,ASIAN,2.0,0.0008852857984592204,27.10105256469617,45.130746508542124,0.8654447747712964,0.8659398440561914,-1.2057858469005645,False,-2.161732674509835e-05,39.76165596855254,-4.447747712964523,0.5562913907285143,7,2,london_breakout_short,0.8647,TP1+SL,2021-03-03 10:00:00+00:00,5.700000000000149,276.4406520000072,180,True
2021-03-04 07:00:00+00:00,9,EUR_GBP,SHORT,0.86331,0.86538,0.86196,0.8603099999999999,0.8603099999999999,488661.98,5,ASIAN,2.0,0.0008916279709191996,22.281513685782,39.785445473838315,0.8647605353343993,0.8655981137402344,-6.346644595562889,False,-6.729169713115709e-05,17.313966465172456,-11.505353343993496,0.34375000000006867,7,3,london_breakout_short,0.8603099999999999,TP3,2021-03-04 15:00:00+00:00,21.750000613922236,1062.8398365000455,480,True
2021-03-05 09:00:00+00:00,9,EUR_GBP,LONG,0.86334,0.8605116750056958,0.86496,0.8668199999999999,0.8668199999999999,361400.72,4,LONDON,2.0,0.0010778064264558326,31.02524671476181,58.385276848619775,0.8627611821127323,0.8647190174961709,10.250465852554846,False,0.00025776805303557367,67.37499912488919,3.388178872676395,0.7852760736195901,9,4,london_breakout_long,0.86334,TP1+SL,2021-03-05 11:00:00+00:00,8.099999999999774,292.7345831999918,120,True
2021-03-08 07:00:00+00:00,9,EUR_GBP,SHORT,0.8599100000000001,0.86176,0.8591000000000001,0.8579900000000001,0.8579900000000001,554100.56,5,ASIAN,2.0,0.001011042278399246,24.889512341988464,38.610192742885836,0.8619950520759145,0.8641004386344301,-18.281742519675735,False,-4.787079712079931e-05,25.634858159132715,-17.85052075914506,0.5895522388059349,7,0,london_breakout_short,0.8579900000000001,TP3,2021-03-08 10:00:00+00:00,13.650000346506994,756.3472835999721,180,True
2021-03-09 07:00:00+00:00,9,EUR_GBP,SHORT,0.85572,0.85777,0.85451,0.853,0.853,503731.47,5,ASIAN,2.0,0.0008814795264573433,37.22347092578598,33.21107414218547,0.8590971313908207,0.8626753506177638,-18.28167044092055,False,4.7097086787728764e-05,37.98014096825542,-30.771313908206643,0.531578947368394,7,1,london_breakout_short,0.85777,SL,2021-03-09 10:00:00+00:00,-20.499999999999957,-1032.649513499998,180,False
2021-03-10 08:00:00+00:00,9,EUR_GBP,SHORT,0.85581,0.85733,0.8549899999999999,0.8539299999999999,0.8539299999999999,672580.94,5,LONDON,2.0,0.0008291122772779446,20.68888230776856,42.47589726029217,0.8574556824571983,0.8613118543622672,2.5999999999981593,False,2.4403042912404848e-05,18.111929253651724,-14.056824571982984,0.02142857142855387,8,2,london_breakout_short,0.85733,SL,2021-03-10 11:00:00+00:00,-15.200000000000767,-1022.3230288000516,180,False
2021-03-15 07:00:00+00:00,9,EUR_GBP,SHORT,0.85607,0.8582339605355728,0.85535,0.8543300000000001,0.8543300000000001,467707.14,4,ASIAN,2.0,0.000792328198927029,18.365012028320677,37.90754815991859,0.8574385515231463,0.8591250325357295,-16.05514730592561,False,-0.00021955812914449925,25.606060606062098,-10.685515231463327,0.8357142857142483,7,0,london_breakout_short,0.8582339605355728,SL,2021-03-15 14:00:00+00:00,-21.639605355727728,-1012.09979316561,420,False
2021-03-17 07:00:00+00:00,9,EUR_GBP,SHORT,0.85416,0.8564797774581996,0.85292,0.85138,0.85138,431928.84,5,ASIAN,2.0,0.0008880601987598388,27.98751299794195,29.499008797571264,0.8576681409445642,0.8587156028349633,-40.534287759484975,False,-0.00012864734702879466,33.16254566254662,-32.08140944564231,0.7150259067357808,7,2,london_breakout_short,0.8564797774581996,SL,2021-03-17 09:00:00+00:00,-23.197774581995567,-1001.9787865782831,120,False
2021-03-18 07:00:00+00:00,9,EUR_GBP,SHORT,0.85568,0.8582843231326089,0.85368,0.85138,0.85138,380889.37,5,ASIAN,2.0,0.0009101771635404756,26.901172809414824,39.4953594684505,0.8574978169826649,0.8584279039519005,-17.29758346137644,False,-0.00017291728407321135,9.521374245999436,-15.178169826649546,0.8289473684210968,7,3,london_breakout_short,0.85568,TP1+SL,2021-03-18 12:00:00+00:00,10.000000000000009,380.8893700000003,300,True
2021-03-19 07:00:00+00:00,9,EUR_GBP,SHORT,0.8551300000000001,0.85685,0.85417,0.85291,0.85291,578934.83,5,ASIAN,2.0,0.0008985188103099799,23.379063160249647,43.633859634108354,0.8564619319376814,0.8578605295619842,-2.5929011035652483,False,7.762541378731784e-05,54.18823600642114,-10.31931937681363,0.6257668711656492,7,4,london_breakout_short,0.8551300000000001,TP1+SL,2021-03-19 11:00:00+00:00,4.8000000000003595,277.8887184000208,240,True
2021-03-23 07:00:00+00:00,9,EUR_GBP,SHORT,0.8596900000000001,0.8617739688297515,0.85838,0.85677,0.85677,479156.3,4,ASIAN,2.0,0.0008176169939077223,38.458554211207975,43.56263302816191,0.8597614849502785,0.8585616128027136,-7.929730121879475,False,-0.00016909636796483957,47.63584058407823,2.285150497215449,0.8935185185184916,7,1,london_breakout_short,0.8617739688297515,SL,2021-03-23 09:00:00+00:00,-20.83968829751481,-998.5467937790497,120,False
2021-03-23 09:00:00+00:00,9,EUR_GBP,LONG,0.86342,0.8609676748355714,0.86479,0.8664,0.8664,403111.84,5,LONDON,2.0,0.0010095779182163448,35.8452157277076,65.04525859101193,0.8599625549271892,0.8586369077151621,12.914201432784322,False,-3.5880630281597274e-05,50.97792473407622,32.17445072810743,0.6387832699619624,9,1,london_breakout_long,0.8609676748355714,SL,2021-03-23 14:00:00+00:00,-24.523251644286145,-988.5613093111215,300,False
2021-03-25 09:00:00+00:00,9,EUR_GBP,SHORT,0.86174,0.86381,0.86069,0.8593999999999999,0.8593999999999999,472790.2,4,LONDON,2.0,0.0008517747030758121,23.21916174179286,42.138533938215964,0.8623291136624677,0.8601529136520202,-5.853130619584146,False,-9.937864042913489e-05,24.18270746265591,-3.491136624677038,0.7800000000000022,9,3,london_breakout_short,0.86174,TP1+SL,2021-03-25 11:00:00+00:00,5.249999999999977,248.21485499999892,120,True
2021-03-26 09:00:00+00:00,9,EUR_GBP,SHORT,0.85483,0.85701,0.8537399999999999,0.8524099999999999,0.8524099999999999,450072.41,5,LONDON,2.0,0.000917744168264353,50.97523875233976,25.269009895005425,0.8590488053545378,0.8595463959523623,-5.843678160919463,False,8.22143031019248e-05,35.26831179005003,-39.78805354537762,0.7410071942445854,9,4,london_breakout_short,0.85483,TP1+SL,2021-03-26 16:00:00+00:00,5.450000000000177,245.28946345000796,420,True
2021-03-29 07:00:00+00:00,9,EUR_GBP,SHORT,0.8540300000000001,0.85626,0.85287,0.85141,0.85141,441081.05,5,ASIAN,2.0,0.0009093772028495712,22.04207346424608,36.97801653452111,0.8567811377552641,0.8586803861160515,-8.660447321953146,False,0.00013204327502377674,50.80389457325629,-24.511377552640656,0.8630952380952015,7,0,london_breakout_short,0.85141,TP3,2021-03-29 08:00:00+00:00,18.90000059399572,833.6432107000256,60,True
2021-03-29 08:00:00+00:00,9,EUR_GBP,SHORT,0.85178,0.854293443007124,0.85056,0.8491,0.8491,394656.72,5,LONDON,2.0,0.001082278831217463,27.799859146983728,25.624692797839103,0.856594426470744,0.8586141136173844,-4.1999999999997595,False,-7.447052714682184e-05,31.341846974325723,-45.744264707440195,0.6909090909090817,8,0,london_breakout_short,0.854293443007124,SL,2021-03-29 14:00:00+00:00,-25.13443007123972,-991.9471730984834,360,False
2021-03-31 07:00:00+00:00,9,EUR_GBP,LONG,0.85402,0.85244,0.85467,0.85562,0.85562,621536.53,3,ASIAN,2.0,0.0008058194727326965,15.980380442923824,53.00635896306775,0.8539755331367969,0.8567384450681157,1.320370127025905,False,4.2377692679507954e-05,54.905610622493775,-2.555331367968261,0.8099173553718553,7,2,london_breakout_long,0.85244,SL,2021-03-31 08:00:00+00:00,-15.800000000000257,-982.0277174000161,60,False
2021-03-31 08:00:00+00:00,9,EUR_GBP,SHORT,0.8520099999999999,0.85339,0.8513,0.8503499999999999,0.8503499999999999,704498.14,4,LONDON,2.0,0.0008589752246803647,14.83083433070066,40.801746984401255,0.853907865170648,0.8566937839231593,-4.966666666665898,False,-6.249351465514245e-06,43.29023551434512,-16.57865170648032,0.9290322580644833,8,2,london_breakout_short,0.8520099999999999,TP1+SL,2021-03-31 10:00:00+00:00,3.5499999999999416,250.0968396999959,120,True
2021-04-05 07:00:00+00:00,9,EUR_GBP,SHORT,0.8483,0.850315630496996,0.8469,0.8452,0.8452,483574.94,5,ASIAN,2.0,0.0007222341845985189,25.542674268902317,27.185111623845586,0.8508991898743361,0.8537747746061906,-21.617755377167924,False,-0.0001642660505684296,4.493150684933641,-22.991898743360828,0.6386554621848465,7,0,london_breakout_short,0.850315630496996,SL,2021-04-06 07:00:00+00:00,-20.156304969959347,-974.7083966469794,1440,False
2021-04-06 08:00:00+00:00,9,EUR_GBP,LONG,0.85296,0.8507984236877038,0.85444,0.8561599999999999,0.8561599999999999,446415.57,4,LONDON,2.0,0.0008208712017100478,36.57746912908977,71.87398319466273,0.8500673472429099,0.8528086195532465,3.066666666666773,False,0.00033720199520332727,88.9031795194865,26.526527570901457,0.7799999999999734,8,1,london_breakout_long,0.8561599999999999,TP3,2021-04-06 16:00:00+00:00,23.400000716819847,1044.6124657999542,480,True
2021-04-08 08:00:00+00:00,9,EUR_GBP,LONG,0.86582,0.8631489116514242,0.8675499999999999,0.8695199999999998,0.8695199999999998,365172.29,5,LONDON,2.0,0.0010844042437567552,30.12390256192728,69.28621649230101,0.8602788745343446,0.8559125814876125,7.2666666666665325,False,-0.0002269527260927097,74.8593366886053,53.01125465655421,0.8740157480315005,8,3,london_breakout_long,0.8631489116514242,SL,2021-04-08 10:00:00+00:00,-26.710883485758785,-975.4074490417718,120,False
2021-04-12 08:00:00+00:00,9,EUR_GBP,SHORT,0.86464,0.867623077958098,0.86227,0.85966,0.85966,323710.4,4,LONDON,2.0,0.0010881432415792698,40.54853008222651,34.12236791590189,0.8662075801143247,0.8601577363024109,2.766666666667028,False,-0.0004120438428392566,7.805322007454571,-13.275801143247667,0.020618556701050988,8,0,london_breakout_short,0.867623077958098,SL,2021-04-13 12:00:00+00:00,-29.83077958098046,-965.6533590471017,1680,False
2021-04-15 07:00:00+00:00,9,EUR_GBP,SHORT,0.86827,0.86975,0.86762,0.8666699999999999,0.8666699999999999,645943.81,3,ASIAN,2.0,0.0007152986240318199,18.59038515284132,45.84343008668745,0.8684576158652069,0.8641526291562592,-1.2889124183002032,False,-9.367915709862143e-05,26.724485526262146,1.123841347930865,0.6989247311828484,7,3,london_breakout_short,0.86975,SL,2021-04-15 09:00:00+00:00,-14.800000000000367,-955.9968388000239,120,False
2021-04-15 09:00:00+00:00,9,EUR_GBP,SHORT,0.86832,0.86975,0.86761,0.86666,0.86666,661843.96,4,LONDON,2.0,0.0008535993237825403,22.890544959638074,46.49616968942261,0.8685027895779939,0.8642496543951146,-3.3284987277359956,False,-0.00010486082689314935,46.36792739002973,0.5721042200612647,0.48803827751196327,9,3,london_breakout_short,0.86832,TP1+SL,2021-04-15 13:00:00+00:00,3.5499999999999425,234.95460579999616,240,True
2021-04-20 07:00:00+00:00,9,EUR_GBP,LONG,0.8631599999999999,0.86054,0.86476,0.86666,0.86666,362132.22,4,ASIAN,2.0,0.0009603235533938619,32.10641813828991,54.37394023244596,0.8636580344038807,0.8645945350169338,1.8227206484200398,False,0.00039675935590708744,67.76944236059022,-7.980344038807097,0.7651515151514884,7,1,london_breakout_long,0.86406,TIME,2021-04-21 23:00:00+00:00,9.000000000001227,325.9189980000445,2400,True
2021-04-23 08:00:00+00:00,9,EUR_GBP,LONG,0.8693500000000001,0.86722,0.8702300000000001,0.8713500000000001,0.8713500000000001,446969.77,5,LONDON,2.0,0.0008744364012251802,40.59545126254984,67.18511200958872,0.8662632934462828,0.8649431573967233,1.6333333333340416,False,-7.332275725112109e-05,71.31326744534489,28.467065537172154,0.5721393034826153,8,4,london_breakout_long,0.8713500000000001,TP3,2021-04-23 15:00:00+00:00,14.40000044745752,643.6364887999986,420,True
2021-04-27 08:00:00+00:00,9,EUR_GBP,LONG,0.87024,0.86869,0.87112,0.87224,0.87224,618375.46,4,LONDON,2.0,0.0008111330837729799,17.986290631772647,54.20804045288488,0.8693399226601541,0.8668951364219828,3.6000000000002697,False,2.034459989335219e-05,60.24859943977782,6.600773398458548,0.5937500000000109,8,1,london_breakout_long,0.86869,SL,2021-04-27 10:00:00+00:00,-15.500000000000513,-958.4819630000317,120,False
2021-04-28 09:00:00+00:00,9,EUR_GBP,SHORT,0.8684999999999999,0.87051,0.86723,0.8657199999999999,0.8657199999999999,472088.13,4,LONDON,2.0,0.0008557350986318722,22.321246588633848,42.333806287796776,0.8694128265895523,0.8674425540424586,-8.482951369480629,False,-3.427359970720943e-05,47.74322386836735,-6.728265895523666,0.7179487179487216,9,2,london_breakout_short,0.87051,SL,2021-04-28 10:00:00+00:00,-20.100000000000673,-948.8971413000318,60,False
2021-04-30 07:00:00+00:00,9,EUR_GBP,LONG,0.8700399999999999,0.86848,0.8709699999999999,0.8721999999999999,0.8721999999999999,602184.73,4,ASIAN,2.0,0.0007741649723032116,16.403525170628726,56.54722877558395,0.8691912551892614,0.8680924898900119,8.189074422493281,False,7.355119297405288e-05,71.56184615877483,5.487448107385218,0.476190476190451,7,4,london_breakout_long,0.86848,SL,2021-04-30 11:00:00+00:00,-15.599999999998948,-939.4081787999366,240,False
2021-05-03 08:00:00+00:00,9,EUR_GBP,SHORT,0.86922,0.8708,0.86816,0.8668600000000001,0.8668600000000001,588616.52,3,LONDON,2.0,0.0009063129921570656,19.325138366056887,46.31088014802134,0.8696862923257613,0.8685043835341048,0.5333333333323864,False,-8.383607427344466e-05,42.5450487233932,-2.2629232576132363,0.08333333333326909,8,0,london_breakout_short,0.8668600000000001,TP3,2021-05-03 13:00:00+00:00,17.100000400939493,1006.5342727999611,300,True
2021-05-04 08:00:00+00:00,9,EUR_GBP,SHORT,0.86522,0.8672484755030007,0.8638800000000001,0.8623000000000002,0.8623000000000002,463441.36,5,LONDON,2.0,0.0007407194725431097,36.4043774502156,27.507353894232665,0.8681911938109841,0.868260499045154,-3.1000000000003247,False,-8.323961962073073e-05,11.84981684981569,-27.31193810984078,0.9158878504672587,8,1,london_breakout_short,0.8672484755030007,SL,2021-05-04 12:00:00+00:00,-20.284755030006707,-940.0794458373149,240,False
2021-05-06 07:00:00+00:00,9,EUR_GBP,LONG,0.8652,0.863375386955099,0.86634,0.86778,0.86778,510069.05,4,ASIAN,2.0,0.0006491419881060943,31.519452471396143,64.87491675706985,0.8645052361405479,0.8667115572015689,15.117759497377259,False,0.0002480521793838134,69.55543454420341,3.9476385945214076,0.6293103448275664,7,3,london_breakout_long,0.8652,TP1+SL,2021-05-06 11:00:00+00:00,5.7000000000001485,290.7393585000076,240,True
2021-05-11 08:00:00+00:00,9,EUR_GBP,LONG,0.86033,0.85886,0.86123,0.8623700000000001,0.8623700000000001,635092.54,4,LONDON,2.0,0.0008922139255742009,58.80870348099731,39.58733359973188,0.862537807383359,0.8655131570560483,-2.4999999999997247,False,0.0003397723286541045,59.655961499144745,-24.478073833589242,0.2677595628415251,8,1,london_breakout_long,0.85886,SL,2021-05-11 16:00:00+00:00,-14.700000000000824,-933.5860338000524,480,False
2021-05-12 08:00:00+00:00,9,EUR_GBP,SHORT,0.8578399999999999,0.85976,0.8565,0.8549200000000001,0.8549200000000001,481380.3,5,LONDON,2.0,0.0006689193032970876,26.560543751053327,31.873906838772328,0.8603867715533929,0.864159219881838,-1.9666666666684485,False,-8.529966948716801e-07,16.425513530492875,-23.06771553392983,0.44067796610169174,8,2,london_breakout_short,0.8578399999999999,TP1+SL,2021-05-12 16:00:00+00:00,6.699999999999484,322.5248009999752,480,True
2021-05-17 09:00:00+00:00,9,EUR_GBP,LONG,0.86214,0.86028,0.8633799999999999,0.8648599999999999,0.8648599999999999,498642.7,4,LONDON,2.0,0.0007693427855327353,21.767023329366353,60.29407715590449,0.8608000166351852,0.8621721876699343,4.916769929781406,False,-2.778983694131965e-05,71.33906633906622,10.999833648147606,0.5703125000000299,9,0,london_breakout_long,0.86028,SL,2021-05-17 14:00:00+00:00,-18.599999999999728,-927.4754219999865,300,False
2021-05-18 08:00:00+00:00,9,EUR_GBP,LONG,0.86004,0.8582,0.86095,0.8621,0.8621,499022.1,4,LONDON,2.0,0.0007218948492701061,40.324891736296685,51.0782200910295,0.8600567369851704,0.8616716453687725,0.16666666666775853,False,7.382177811789744e-05,69.04926292218961,-2.5673698517036936,0.3708609271523184,8,1,london_breakout_long,0.8621,TP3,2021-05-19 04:00:00+00:00,14.850000412806953,741.0478390999792,1200,True
2021-05-20 08:00:00+00:00,9,EUR_GBP,LONG,0.86393,0.86262,0.8644699999999998,0.8652499999999997,0.8652499999999997,706573.4,5,LONDON,2.0,0.0007101544273592439,34.70583213544461,63.601533459057464,0.8620853697808606,0.8618426826942717,1.6333333333329314,False,-3.5306603623262516e-06,55.04013301227085,16.04630219139369,0.5523809523808728,8,3,london_breakout_long,0.86262,SL,2021-05-20 13:00:00+00:00,-13.099999999999223,-925.6111539999451,300,False
2021-05-21 07:00:00+00:00,9,EUR_GBP,SHORT,0.86114,0.8629209224627189,0.86009,0.8587400000000001,0.8587400000000001,514539.55,4,ASIAN,2.0,0.0006600569147241697,22.746692881613424,38.48295897320193,0.8622178309812887,0.8619459883196129,-11.935559747549007,False,-2.9514389021204494e-05,22.084335417666278,-7.778309812886963,0.5454545454545914,7,4,london_breakout_short,0.8587400000000001,TP3,2021-05-21 12:00:00+00:00,17.250000466436212,887.580747749988,300,True
2021-05-25 07:00:00+00:00,9,EUR_GBP,LONG,0.86422,0.8623681446702248,0.8650300000000001,0.8661400000000001,0.8661400000000001,499623.72,5,ASIAN,2.0,0.0007035462653450734,24.05307069474455,64.41905937525343,0.862316062390226,0.8619504069528169,8.274615106776961,False,-3.0312060832429863e-05,52.11475911961478,16.039376097740643,0.8595505617977686,7,1,london_breakout_long,0.8661400000000001,TP3,2021-05-25 12:00:00+00:00,13.650000384290362,681.986397000058,300,True
2021-05-26 08:00:00+00:00,9,EUR_GBP,SHORT,0.86442,0.86606,0.86342,0.86218,0.86218,568323.6,4,LONDON,2.0,0.0007463987852828367,23.800166542648476,45.18005313263367,0.864400860038609,0.8627623820407148,-3.7333333333333663,False,-0.0001921729151298623,55.830438854596586,2.5913996139093065,0.7642857142856883,8,2,london_breakout_short,0.86442,TP1+SL,2021-05-26 13:00:00+00:00,5.000000000000004,284.16180000000026,300,True
2021-05-27 08:00:00+00:00,9,EUR_GBP,SHORT,0.8628,0.86454,0.8620000000000001,0.8609600000000002,0.8609600000000002,537294.44,3,LONDON,2.0,0.0007870101910298392,17.541770939120823,39.31861113228732,0.8640632220946058,0.8629984596591139,-4.533333333334166,False,1.6412347888397822e-05,55.17653642653986,-10.232220946058135,0.6510416666666416,8,3,london_breakout_short,0.8609600000000002,TP3,2021-05-27 11:00:00+00:00,13.200000342455319,709.2286791999338,180,True
2021-05-28 09:00:00+00:00,9,EUR_GBP,LONG,0.85944,0.85818,0.8600699999999999,0.8609399999999998,0.8609399999999998,747606.84,4,LONDON,2.0,0.000746248410294008,38.37290195928466,42.865923198228,0.8610116374717576,0.862208883968418,0.6294346978563681,False,0.0002289229331116833,68.40826601100561,-18.1163747175761,0.18309859154924732,9,4,london_breakout_long,0.85818,SL,2021-05-28 12:00:00+00:00,-12.599999999999278,-941.984618399946,180,False
2021-05-31 07:00:00+00:00,9,EUR_GBP,LONG,0.86022,0.8591,0.8606600000000001,0.8614000000000002,0.8614000000000002,832647.11,4,ASIAN,2.0,0.0006255682857862486,24.278199040672725,56.55400964347152,0.8600541735665782,0.8616413209690287,7.178546251895845,False,9.871065464422499e-05,69.07191518640805,-1.3417356657818846,0.45945945945942296,7,0,london_breakout_long,0.86022,TP1+SL,2021-05-31 09:00:00+00:00,2.200000000000535,183.18236420004453,120,True
2021-06-01 07:00:00+00:00,9,EUR_GBP,LONG,0.86102,0.8591433649566744,0.86228,0.86384,0.86384,497910.66,4,ASIAN,2.0,0.0007098930160923633,40.85811518054061,58.686625050479826,0.8599810511166337,0.8612956573251813,6.8561302075098585,False,-2.5348474103979696e-05,73.41344315961574,7.389488833663416,0.816091954023056,7,1,london_breakout_long,0.86384,TP3,2021-06-01 14:00:00+00:00,20.400000566367083,1015.7377746000208,420,True
2021-06-02 08:00:00+00:00,9,EUR_GBP,SHORT,0.86148,0.8634328348760055,0.86078,0.8598399999999999,0.8598399999999999,483683.48,4,LONDON,2.0,0.0007240529539449067,32.74297515041073,39.8423924664864,0.8619625531467358,0.861700281061569,-3.900000000001125,False,-0.0002504675818096276,20.97489622755568,-2.4255314673571338,0.9349593495934343,8,2,london_breakout_short,0.86148,TP1+SL,2021-06-02 11:00:00+00:00,3.5000000000001696,169.2892180000082,180,True
2021-06-03 08:00:00+00:00,9,EUR_GBP,SHORT,0.85934,0.8611145182415001,0.85852,0.8574599999999999,0.8574599999999999,533241.55,5,LONDON,2.0,0.0006985353468428752,24.629713408706504,28.937831305166057,0.8615644521453939,0.8616253626977325,-4.133333333331546,False,-0.00011865442708950633,23.692434875769113,-19.84452145393889,0.8444444444444142,8,3,london_breakout_short,0.8574599999999999,TP3,2021-06-04 08:00:00+00:00,13.50000035256141,719.8761113000393,1440,True
2021-06-04 08:00:00+00:00,9,EUR_GBP,SHORT,0.8571099999999999,0.8590186285711608,0.8558499999999999,0.8543499999999998,0.8543499999999998,499544.87,5,LONDON,2.0,0.0006983477550026263,38.04264425896774,23.419485712233623,0.8602182381813002,0.8611643497504478,-2.4000000000001798,False,-0.00015929662148733768,6.169431584360994,-28.6823818130022,0.7454545454545913,8,4,london_breakout_short,0.8590186285711608,SL,2021-06-04 15:00:00+00:00,-19.086285711609197,-953.4456114588673,420,False
2021-06-08 07:00:00+00:00,9,EUR_GBP,LONG,0.86124,0.85964,0.86204,0.86314,0.86314,589944.48,3,ASIAN,2.0,0.000583590885332195,16.57467181179492,63.864723184706975,0.859859086640949,0.8605693379147726,11.662316141743956,False,7.947029394396896e-05,71.41478342749814,10.809133590510278,0.49152542372885183,7,1,london_breakout_long,0.86124,TP1+SL,2021-06-08 14:00:00+00:00,4.000000000000115,235.97779200000676,420,True
2021-06-10 08:00:00+00:00,9,EUR_GBP,LONG,0.86385,0.8620147856456044,0.86493,0.86625,0.86625,515618.76,5,LONDON,2.0,0.0006810796173469494,36.901179086430275,66.31252522967178,0.8615786187048159,0.8609325680280059,-0.06666666666710341,False,-7.838705594581869e-06,60.08487591675166,20.31381295184098,0.40322580645156236,8,3,london_breakout_long,0.8620147856456044,SL,2021-06-10 12:00:00+00:00,-18.35214354395598,-946.2709497476587,240,False
2021-06-14 07:00:00+00:00,9,EUR_GBP,LONG,0.85961,0.8578164319033602,0.86012,0.86093,0.86093,522315.4,4,ASIAN,2.0,0.0006947538644662146,25.45284484251666,62.21148889425321,0.858923436890692,0.8601402593366859,12.607484968919502,False,0.0002075110871696791,87.39215405882283,3.8656310930806903,0.673469387755109,7,0,london_breakout_long,0.85961,TP1+SL,2021-06-14 09:00:00+00:00,2.5500000000000522,133.19042700000273,120,True
2021-06-17 07:00:00+00:00,9,EUR_GBP,SHORT,0.85516,0.8571838407085156,0.85378,0.8521,0.8521,463544.45,5,ASIAN,2.0,0.0007817122631629307,47.361928862363214,22.78693135717269,0.8586672910190047,0.859669473472847,-25.342506254913964,False,-0.00013100349457110215,16.260750296560996,-32.07291019004743,0.5858585858586165,7,3,london_breakout_short,0.8571838407085156,SL,2021-06-18 06:00:00+00:00,-20.238407085155785,-938.1401281164642,1380,False
2021-06-21 09:00:00+00:00,9,EUR_GBP,SHORT,0.8574999999999999,0.86017,0.85597,0.8542000000000001,0.8542000000000001,347849.71,4,LONDON,2.0,0.0010703099492296543,35.67105498753535,43.2340753898447,0.8581918965335648,0.8588269227716462,-8.429715762274803,False,-0.00019557080391601703,30.444617421444644,-4.518965335648106,0.7109004739336947,9,0,london_breakout_short,0.8574999999999999,TP1+SL,2021-06-22 07:00:00+00:00,7.649999999999601,266.10502814998614,1320,True
2021-06-22 07:00:00+00:00,9,EUR_GBP,LONG,0.8574499999999999,0.85534,0.85807,0.85899,0.85899,441431.18,4,ASIAN,2.0,0.0008132709904232124,31.876119814355423,57.31773754019465,0.8568932829251465,0.8582685140992892,4.084524803562584,False,0.00019351936924761498,65.94485739175414,2.5671707485341866,0.652631578947374,7,1,london_breakout_long,0.8574499999999999,TP1+SL,2021-06-22 10:00:00+00:00,3.1000000000003243,136.84366580001432,180,True
2021-06-24 08:00:00+00:00,9,EUR_GBP,SHORT,0.85338,0.8552,0.8522200000000001,0.8508200000000001,0.8508200000000001,512521.0,5,LONDON,2.0,0.0007945187467454189,23.618979010393698,38.22572482973114,0.8551130975846826,0.857048036597137,-4.299999999999304,False,4.848894077743606e-05,46.70702548932524,-14.930975846825234,0.7542857142856947,8,3,london_breakout_short,0.8552,SL,2021-06-24 09:00:00+00:00,-18.199999999999328,-932.7882199999656,60,False
2021-06-24 09:00:00+00:00,9,EUR_GBP,LONG,0.85566,0.8538,0.8568199999999999,0.8582199999999999,0.8582199999999999,496484.05,4,LONDON,2.0,0.0008741959791207438,22.53338982499637,56.353082470625296,0.8551251329735186,0.8570318372280114,9.768082017782564,False,0.00012109321068193974,47.76678272555106,2.948670264814046,0.9528795811518136,9,3,london_breakout_long,0.8582199999999999,TP3,2021-06-24 11:00:00+00:00,18.600000515625,923.4603585999588,120,True
2021-06-25 07:00:00+00:00,9,EUR_GBP,LONG,0.85922,0.8571959885948247,0.8599800000000001,0.8610400000000001,0.8610400000000001,460815.06,5,ASIAN,2.0,0.0007274899504936922,32.19903322147961,70.08169482686786,0.8564182716100239,0.8570853639956454,18.29732308985088,False,7.292200358798863e-05,82.12057683756025,25.017283899760876,0.8606557377049151,7,4,london_breakout_long,0.85922,TP1+SL,2021-06-25 14:00:00+00:00,3.8000000000004692,175.10972280002164,420,True
2021-06-29 08:00:00+00:00,9,EUR_GBP,LONG,0.86039,0.85876,0.86141,0.86267,0.86267,573279.78,5,LONDON,2.0,0.0006614085566315624,36.602985689612495,64.51921300638641,0.8586161193668439,0.8577982570261161,3.00000000000078,False,5.238956806849433e-05,77.06481481481681,15.338806331560706,0.7300000000000078,8,1,london_breakout_long,0.85876,SL,2021-06-30 09:00:00+00:00,-16.300000000000203,-934.4460414000117,1500,False
2021-06-30 09:00:00+00:00,9,EUR_GBP,SHORT,0.85802,0.8600615721132003,0.8568,0.85534,0.85534,453131.96,4,LONDON,2.0,0.0007934410706172386,22.052894019769752,39.809654964475605,0.8591629720568705,0.8581792756057137,-9.051764433645193,False,-8.424743865552334e-05,31.902503548844646,-9.029720568705102,0.5287356321839374,9,2,london_breakout_short,0.85802,TP1+SL,2021-07-01 09:00:00+00:00,6.099999999999994,276.41049559999976,1440,True
2021-07-01 09:00:00+00:00,9,EUR_GBP,LONG,0.86063,0.8581602338163177,0.86152,0.8626499999999999,0.8626499999999999,375689.69,5,LONDON,2.0,0.0009253417253677146,26.106047245916926,66.48265401479352,0.8584557157851103,0.8581363975261062,11.945874587458993,False,0.00029674304262858087,74.20944325519774,19.342842148897255,0.6691176470587851,9,3,london_breakout_long,0.86063,TP1+SL,2021-07-01 11:00:00+00:00,4.449999999999732,167.18191204998993,120,True
2021-07-02 07:00:00+00:00,9,EUR_GBP,SHORT,0.85902,0.861,0.85805,0.85678,0.85678,469463.39,4,ASIAN,2.0,0.0007403444303603398,31.281054761139238,42.59248229716511,0.8596403402302839,0.8586048383774376,-9.385804899387784,False,-0.0001873262829615138,40.21039062060722,-3.203402302839331,0.9182389937107138,7,4,london_breakout_short,0.861,SL,2021-07-02 10:00:00+00:00,-19.79999999999982,-929.5375121999915,180,False
2021-07-06 08:00:00+00:00,9,EUR_GBP,SHORT,0.8546,0.8563329884705142,0.8534,0.85196,0.85196,531014.57,5,LONDON,2.0,0.0006431100033338328,38.3463852744794,30.432077592572924,0.8570620402323695,0.8580302520380978,-3.866666666667573,False,-1.3296976123255348e-05,42.144664167069074,-22.22040232369493,0.8709677419354463,8,1,london_breakout_short,0.8563329884705142,SL,2021-07-06 14:00:00+00:00,-17.32988470514174,-920.2421274850417,360,False
2021-07-07 08:00:00+00:00,9,EUR_GBP,LONG,0.85832,0.8565232052299036,0.859,0.85992,0.85992,507036.04,3,LONDON,2.0,0.0006932380574643837,17.59188928486831,66.80584817561802,0.8567328502707452,0.8576854600302868,4.899999999998794,False,0.00011172808279275698,68.32298136646325,13.471497292547596,0.7329192546583594,8,2,london_breakout_long,0.8565232052299036,SL,2021-07-07 09:00:00+00:00,-17.967947700964217,-911.0397049224,60,False
2021-07-12 07:00:00+00:00,9,EUR_GBP,LONG,0.85631,0.854110374189482,0.85719,0.85837,0.85837,410037.61,4,ASIAN,2.0,0.0008698610153352646,57.2163610341484,51.38586762049204,0.8564698905815696,0.8572766517008288,-4.732118133093932,False,0.00013259955090757125,65.11299435028194,-4.598905815695886,0.8478260869565364,7,0,london_breakout_long,0.854110374189482,SL,2021-07-12 14:00:00+00:00,-21.996258105180246,-901.9293102391235,420,False
2021-07-13 07:00:00+00:00,9,EUR_GBP,LONG,0.8551799999999999,0.85374,0.8556799999999999,0.8564799999999998,0.8564799999999998,620076.4,4,ASIAN,2.0,0.0006421565350291776,22.58622778100309,52.93150420566836,0.8552196695274376,0.8566878082086117,-0.8172814090467995,False,0.00011557832237752498,69.18690958164088,-3.396695274375805,0.764705882352874,7,1,london_breakout_long,0.8551799999999999,TP1+SL,2021-07-13 13:00:00+00:00,2.4999999999997247,155.01909999998293,360,True
2021-07-15 08:00:00+00:00,9,EUR_GBP,LONG,0.85612,0.8537251218641575,0.85769,0.8594999999999999,0.8594999999999999,373488.82,5,LONDON,2.0,0.0009118118790271954,41.666077608603516,61.9890032492377,0.8540161702804732,0.8554656148885746,-0.9333333333338967,False,0.00015564492242802137,59.19425608932846,18.638297195268105,0.4807692307692472,8,3,london_breakout_long,0.8537251218641575,SL,2021-07-15 10:00:00+00:00,-23.94878135842493,-894.4602089996125,120,False
2021-07-16 08:00:00+00:00,9,EUR_GBP,SHORT,0.85247,0.8547738444913526,0.8507499999999999,0.8487899999999998,0.8487899999999998,384364.31,5,LONDON,2.0,0.0009365708110738306,24.140869452694172,42.311482248579836,0.8538864032081251,0.8551005009946676,-5.733333333333146,False,-4.8064640728904957e-05,49.50305108818321,-11.764032081251763,0.7983193277311187,8,4,london_breakout_short,0.8547738444913526,SL,2021-07-16 09:00:00+00:00,-23.038444913526803,-885.5155982660739,60,False
2021-07-19 08:00:00+00:00,9,EUR_GBP,LONG,0.85883,0.85784,0.8593299999999999,0.8600699999999999,0.8600699999999999,885515.61,5,LONDON,2.0,0.0008088394425782239,28.59917139426574,66.48403580167088,0.8561308687890997,0.8555670331570561,0.1333333333330966,False,-5.4754307892914246e-05,37.19815098625269,24.59131210900245,0.1086956521738973,8,0,london_breakout_long,0.85784,SL,2021-07-19 09:00:00+00:00,-9.899999999999354,-876.6604538999428,60,False
2021-07-20 09:00:00+00:00,9,EUR_GBP,LONG,0.86475,0.86198,0.86665,0.8687900000000001,0.8687900000000001,313319.08,5,LONDON,2.0,0.0011060077486838367,47.00425121532741,65.27073479177544,0.8601885059225632,0.8570617858914399,10.008891928865449,False,-7.76782554852164e-05,73.77407349232611,43.214940774367605,0.8617511520737483,9,1,london_breakout_long,0.86475,TP1+SL,2021-07-20 14:00:00+00:00,9.500000000000064,297.65312600000203,300,True
2021-07-21 09:00:00+00:00,9,EUR_GBP,SHORT,0.8632,0.86548,0.86157,0.8596999999999999,0.8596999999999999,381960.69,4,LONDON,2.0,0.0010122650375877246,27.882487882605503,45.40135008712032,0.8628391311224337,0.858657463803823,-5.791430371772099,False,-0.0002171761090616329,34.92781728075793,6.0086887756627405,0.5112359550561598,9,2,london_breakout_short,0.86548,SL,2021-07-21 11:00:00+00:00,-22.800000000000598,-870.8703732000229,120,False
2021-07-23 07:00:00+00:00,9,EUR_GBP,LONG,0.85726,0.8548857982710694,0.85851,0.8600599999999999,0.8600599999999999,363137.5,4,ASIAN,2.0,0.0008904177850313953,22.214711886213344,52.898733928889904,0.8579347836504314,0.8583815320090269,2.651529150552445,False,0.00038461359618057194,65.31691501103957,-9.747836504313545,0.4404761904762306,7,4,london_breakout_long,0.8548857982710694,SL,2021-07-23 15:00:00+00:00,-23.742017289306585,-862.1616803395569,480,False
2021-07-26 09:00:00+00:00,9,EUR_GBP,SHORT,0.85504,0.857279242697408,0.8537,0.85212,0.85212,381173.54,5,LONDON,2.0,0.0008340044304658088,23.854628208929654,40.010451659423644,0.8567023313765637,0.8578431631729989,-4.727041081643568,False,-1.0089414459862878e-07,25.969387817534237,-14.22331376563668,0.48437499999998374,9,0,london_breakout_short,0.85504,TP1+SL,2021-07-27 08:00:00+00:00,6.700000000000039,255.38627180000148,1380,True
2021-07-27 08:00:00+00:00,9,EUR_GBP,LONG,0.85497,0.85322,0.85581,0.8568899999999999,0.8568899999999999,489196.53,4,LONDON,2.0,0.0007362264511326021,30.87058685450406,53.5694624602839,0.8551384034189632,0.8570858013497142,1.4333333333316212,False,0.00011769967899680006,53.0507040928343,-4.084034189631991,0.4434782608695803,8,1,london_breakout_long,0.85322,SL,2021-07-27 14:00:00+00:00,-17.50000000000029,-856.0939275000144,360,False
2021-08-02 09:00:00+00:00,9,EUR_GBP,LONG,0.85484,0.85304,0.85594,0.85728,0.85728,470851.66,4,LONDON,2.0,0.0006865164646352468,38.749257428376445,67.23647235705481,0.8528215389279101,0.8540435251516898,6.835106656386536,False,-3.2048347715337984e-05,67.36176088516679,17.784610720898986,0.7857142857142716,9,0,london_breakout_long,0.85304,SL,2021-08-03 10:00:00+00:00,-18.000000000000238,-847.5329880000112,1500,False
2021-08-05 07:00:00+00:00,9,EUR_GBP,SHORT,0.85067,0.852463007780931,0.8498600000000001,0.8487500000000001,0.8487500000000001,467960.96,4,ASIAN,2.0,0.0006188314614886568,15.601081274254103,37.1392415859196,0.8524273938003509,0.8534787541380618,-8.23147883975306,False,-5.004474827276985e-05,6.395321976713217,-14.573938003509257,0.8749999999999527,7,3,london_breakout_short,0.85067,TP1+SL,2021-08-05 12:00:00+00:00,4.049999999999887,189.52418879999473,300,True
2021-08-06 08:00:00+00:00,9,EUR_GBP,SHORT,0.8483999999999999,0.84978,0.84798,0.84732,0.84732,609386.15,5,LONDON,2.0,0.0006507685446584996,43.49520536057874,31.26418088266115,0.8506725033582815,0.8526564042386366,-1.500000000000945,False,1.9759717524242548e-05,26.28084119887321,-20.325033582815344,0.47741935483877573,8,4,london_breakout_short,0.8483999999999999,TP1+SL,2021-08-06 10:00:00+00:00,2.0999999999998797,127.97109149999268,120,True
2021-08-09 09:00:00+00:00,9,EUR_GBP,SHORT,0.84639,0.84829,0.8453,0.8439700000000001,0.8439700000000001,443280.32,5,LONDON,2.0,0.0007760499327852883,32.806991086341306,36.39996687187977,0.8488452062843765,0.8515863095323799,-10.091711978909013,False,3.894498756421618e-05,60.65042875387788,-22.152062843765474,0.7522935779816154,9,0,london_breakout_short,0.84829,SL,2021-08-09 14:00:00+00:00,-19.000000000000128,-842.2326080000057,300,False
2021-08-10 07:00:00+00:00,9,EUR_GBP,SHORT,0.8466,0.84804,0.84622,0.84554,0.84554,579034.92,4,ASIAN,2.0,0.0005975247667291617,19.98735401929285,39.088792737385866,0.8481271906949486,0.8508044872435088,-7.029842419497001,False,-1.9041607916890732e-05,32.0372216683302,-12.271906949485878,0.39156626506026593,7,1,london_breakout_short,0.84554,TP3,2021-08-10 10:00:00+00:00,7.200000183063764,416.90515300003125,180,True
2021-08-11 08:00:00+00:00,9,EUR_GBP,LONG,0.8484200000000001,0.84689,0.84905,0.8499199999999999,0.8499199999999999,547698.91,3,LONDON,2.0,0.000568691066036942,17.400572688546635,62.65935959272376,0.84743433060901,0.8499437054309785,2.300000000000635,False,0.00012000306062917605,62.940412078344934,7.45669390990078,0.5517241379311225,8,2,london_breakout_long,0.84689,SL,2021-08-11 12:00:00+00:00,-15.300000000000312,-837.9793323000172,240,False
2021-08-12 07:00:00+00:00,9,EUR_GBP,SHORT,0.8457800000000001,0.84698,0.84535,0.84462,0.84462,691332.95,5,ASIAN,2.0,0.0005216498396282474,32.531787410609994,38.75202430678757,0.8469440704529995,0.8492702999934205,-7.900444444444155,False,-7.520085986791427e-06,38.180235862468756,-8.640704529994103,0.7708333333333262,7,3,london_breakout_short,0.84698,SL,2021-08-12 08:00:00+00:00,-11.999999999998677,-829.5995399999085,60,False
2021-08-12 08:00:00+00:00,9,EUR_GBP,LONG,0.84762,0.84625,0.84811,0.84884,0.84884,599491.64,4,LONDON,2.0,0.0005843891367976552,30.27421425493354,58.476072726618575,0.8469611657293524,0.8492514910382623,3.9333333333335663,False,5.9049362029844617e-05,57.153169486978335,4.188342706475945,0.9275362318840684,8,3,london_breakout_long,0.84884,TP3,2021-08-12 16:00:00+00:00,8.550000203505704,512.5653643999968,480,True
2021-08-13 08:00:00+00:00,9,EUR_GBP,LONG,0.85112,0.84961,0.85201,0.8531400000000001,0.8531400000000001,547304.1,5,LONDON,2.0,0.0006185687381946699,44.93806916207774,74.18672654689671,0.8485029043219885,0.8492588245153293,2.366666666666628,False,-4.626241051447228e-06,39.454499748618495,23.77095678011476,0.7234042553191523,8,4,london_breakout_long,0.84961,SL,2021-08-16 11:00:00+00:00,-15.100000000000113,-826.4291910000062,4500,False
2021-08-23 08:00:00+00:00,9,EUR_GBP,LONG,0.8594,0.85745,0.86075,0.86234,0.86234,419571.74,4,LONDON,2.0,0.0007447377332122705,18.885516504996215,61.95974976025165,0.8569339022005719,0.8532527578537997,2.1333333333339866,False,-7.638959898653794e-05,71.14272229356605,22.260977994281728,0.32692307692307077,8,0,london_breakout_long,0.85745,SL,2021-08-23 10:00:00+00:00,-19.50000000000007,-818.1648930000031,120,False
2021-08-26 07:00:00+00:00,9,EUR_GBP,LONG,0.8564299999999999,0.85498,0.85704,0.8579500000000001,0.8579500000000001,558609.14,5,ASIAN,2.0,0.000553453258850904,20.13021380777701,57.80087984448147,0.8557772050391327,0.854549368366047,2.4263500204391164,False,6.432958854402622e-05,62.03536870203519,3.5279496086726425,0.4907407407406294,7,3,london_breakout_long,0.8564299999999999,TP1+SL,2021-08-26 13:00:00+00:00,3.0500000000005523,170.37578770003086,360,True
2021-08-27 07:00:00+00:00,9,EUR_GBP,SHORT,0.85721,0.8587057407343914,0.85659,0.8556699999999999,0.8556699999999999,542665.58,4,ASIAN,2.0,0.0005684179870596799,60.048175053939715,48.32784436593523,0.8570872402439061,0.8552400059929038,1.511672864945579,False,-8.25411703893992e-05,37.13064713064164,4.22759756093849,0.5919540229885039,7,4,london_breakout_short,0.85721,TP1+SL,2021-08-27 14:00:00+00:00,3.1000000000003243,168.2263298000176,420,True
2021-08-30 09:00:00+00:00,9,EUR_GBP,LONG,0.85814,0.85676,0.859,0.8601,0.8601,589398.03,5,LONDON,2.0,0.0006285396140200902,27.778261935952088,58.01361499719294,0.857185428648624,0.8556930101878375,3.5993372319698125,False,4.260678903774787e-05,62.625662358243346,7.1457135137598105,0.7848101265822625,9,0,london_breakout_long,0.85814,TP1+SL,2021-08-31 13:00:00+00:00,4.2999999999998595,253.44115289999172,1680,True
2021-09-02 09:00:00+00:00,9,EUR_GBP,SHORT,0.85887,0.86009,0.85816,0.85721,0.85721,668773.51,3,LONDON,2.0,0.0005197769587198518,16.703738734976437,45.823962532246746,0.8590008693052074,0.8572607101792912,-1.3660561660566728,False,-0.00010114737480247484,24.065058242273015,1.0913069479268067,0.1216216216215243,9,3,london_breakout_short,0.85887,TP1+SL,2021-09-03 06:00:00+00:00,3.549999999999942,237.41459604999613,1260,True
2021-09-03 07:00:00+00:00,9,EUR_GBP,LONG,0.85922,0.85798,0.85984,0.8607600000000001,0.8607600000000001,659901.48,5,ASIAN,2.0,0.0004559417017274834,29.629283279471036,56.135943964018345,0.8586789895784641,0.8574938709795604,3.6505279244247735,False,0.0001030180430072508,71.92722806169598,2.4101042153590324,0.08219178082199906,7,4,london_breakout_long,0.85798,SL,2021-09-03 09:00:00+00:00,-12.400000000000187,-818.2778352000124,120,False
2021-09-03 09:00:00+00:00,9,EUR_GBP,SHORT,0.8576199999999999,0.8589,0.8569399999999999,0.8560199999999999,0.8560199999999999,632886.76,4,LONDON,2.0,0.0005022660591425814,27.029736794937335,38.10747873846385,0.8586333463967291,0.857505652450721,-3.3943016281057226,False,1.60282669919301e-05,29.790253967863,-7.733463967291021,0.5972222222222351,9,4,london_breakout_short,0.8589,SL,2021-09-03 10:00:00+00:00,-12.800000000000589,-810.0950528000373,60,False
2021-09-07 07:00:00+00:00,9,EUR_GBP,LONG,0.85891,0.85754,0.85967,0.8607300000000001,0.8607300000000001,585397.16,5,ASIAN,2.0,0.0005084726235286375,24.239440034801664,62.312806960979096,0.8578615996366148,0.8575418569041772,7.6048827959718235,False,6.904752813782986e-05,78.65711623573326,7.484003633851932,0.3875000000000295,7,1,london_breakout_long,0.8607300000000001,TP3,2021-09-07 10:00:00+00:00,12.900000310901284,755.162354600073,180,True
2021-09-08 08:00:00+00:00,9,EUR_GBP,SHORT,0.85866,0.86005,0.85802,0.85714,0.85714,582407.0,3,LONDON,2.0,0.0005585167213897142,19.48610509243353,46.14085339480148,0.8588503481582016,0.8579639667452071,-2.866666666666573,False,-6.54861545052284e-05,36.374437591253184,0.4965184179839266,0.6170212765957371,8,2,london_breakout_short,0.85866,TP1+SL,2021-09-08 12:00:00+00:00,3.1999999999998696,186.3702399999924,240,True
2021-09-09 07:00:00+00:00,9,EUR_GBP,SHORT,0.85718,0.8587616819814196,0.85658,0.85568,0.85568,513004.16,4,ASIAN,2.0,0.0005503390216701183,27.382117120569415,34.50399869468043,0.8585950134489475,0.858064356590285,-12.22484884527697,False,-3.1373119832168615e-05,35.569362465918886,-11.150134489474883,0.7115384615384739,7,3,london_breakout_short,0.85568,TP3,2021-09-09 11:00:00+00:00,10.500000292395798,538.6543830000261,240,True
2021-09-10 09:00:00+00:00,9,EUR_GBP,SHORT,0.853,0.85453,0.8520099999999999,0.8507799999999999,0.8507799999999999,533853.58,5,LONDON,2.0,0.0006470032239012863,45.49592344791466,26.87179714530454,0.8558127951624052,0.8572305038150344,-2.8896074646078684,False,4.3038539038927444e-05,23.598402323891587,-25.727951624051613,0.4516129032257872,9,4,london_breakout_short,0.853,TP1+SL,2021-09-13 14:00:00+00:00,4.950000000000232,264.25752210001235,4620,True
2021-09-14 07:00:00+00:00,9,EUR_GBP,SHORT,0.85184,0.8534469373791163,0.85109,0.85004,0.85004,509938.07,5,ASIAN,2.0,0.0005897195979574501,24.948107170433513,35.172090088229126,0.8535607147547252,0.8557224667503031,-6.595160536440048,False,-5.258840020710584e-05,39.64726631393204,-14.207147547251608,0.5205479452054618,7,1,london_breakout_short,0.85184,TP1+SL,2021-09-14 11:00:00+00:00,3.7500000000001417,191.22677625000725,240,True
2021-09-17 07:00:00+00:00,9,EUR_GBP,LONG,0.8539599999999999,0.85224,0.85498,0.8563,0.8563,477529.54,3,ASIAN,2.0,0.000702006574724606,17.1706915499899,55.84489703711026,0.8532291655870181,0.8545616259312858,10.350159300710482,False,8.774583682969097e-05,62.716049382713926,4.30834412981862,0.3578947368421102,7,4,london_breakout_long,0.8539599999999999,TP1+SL,2021-09-17 10:00:00+00:00,5.100000000000104,243.54006540000498,180,True
2021-09-20 07:00:00+00:00,9,EUR_GBP,LONG,0.8569899999999999,0.8548842197011747,0.8583999999999999,0.8601099999999999,0.8601099999999999,391202.36,5,ASIAN,2.0,0.0007492898252779775,34.80266061826447,70.67966636916975,0.8538905629481008,0.854481353051917,25.20188400957246,False,0.0002194086027148452,81.14609498217989,27.99437051899112,0.918181818181786,7,0,london_breakout_long,0.8569899999999999,TP1+SL,2021-09-21 07:00:00+00:00,7.050000000000113,275.7976638000044,1440,True
2021-09-21 07:00:00+00:00,9,EUR_GBP,SHORT,0.8567,0.85895,0.8557899999999999,0.8545799999999999,0.8545799999999999,367352.97,4,ASIAN,2.0,0.0008610126309281081,43.56443551218732,46.354738959247165,0.8564539960698043,0.8552235844751576,-5.616432594283127,False,-0.00027231569103069845,46.056345967943706,5.4600393019565985,0.645502645502625,7,1,london_breakout_short,0.85895,SL,2021-09-21 12:00:00+00:00,-22.499999999999744,-826.5441824999905,300,False
2021-09-22 08:00:00+00:00,9,EUR_GBP,LONG,0.86058,0.8585974211845611,0.8620599999999999,0.8637799999999999,0.8637799999999999,412734.54,5,LONDON,2.0,0.0007229578457344551,27.16199599166985,71.37160263852925,0.8578286003709192,0.8559565686676067,2.866666666666573,False,0.0001542165587021524,93.39661705535654,25.11399629080757,0.23584905660375877,8,2,london_breakout_long,0.8585974211845611,SL,2021-09-22 18:00:00+00:00,-19.82578815438951,-818.2787554039404,600,False
2021-09-23 07:00:00+00:00,9,EUR_GBP,SHORT,0.85757,0.85898,0.8568300000000001,0.8557900000000002,0.8557900000000002,574536.14,4,ASIAN,2.0,0.0007309140241800938,26.72995215872359,41.06876496812501,0.8583832839169286,0.8565610022685454,-12.47426713150479,False,-0.00010621919218397762,27.51670551670433,-5.132839169286196,0.24324324324322433,7,3,london_breakout_short,0.8557900000000002,TP3,2021-09-23 11:00:00+00:00,12.600000309814428,723.9155541999586,240,True
2021-09-24 07:00:00+00:00,9,EUR_GBP,LONG,0.85654,0.85495,0.8572500000000001,0.8582600000000001,0.8582600000000001,514047.25,3,ASIAN,2.0,0.0007070133946244072,14.72850793583681,52.263599191573455,0.8565818200839387,0.8563259304072182,7.404893549411984,False,0.0001887143354430507,75.39873552572554,-3.41820083938682,0.9484536082474297,7,4,london_breakout_long,0.85654,TP1+SL,2021-09-27 06:00:00+00:00,3.550000000000497,182.48677375002555,4260,True
2021-09-27 07:00:00+00:00,9,EUR_GBP,SHORT,0.8545,0.8566204613242603,0.85341,0.85202,0.85202,386312.16,4,ASIAN,2.0,0.0008390284918680814,19.017450638000227,33.810493209891675,0.8567162055585233,0.8564238941449954,-24.9371456788805,False,-0.00021679737405858664,7.253729960151744,-19.16205558523343,0.6666666666666666,7,0,london_breakout_short,0.8545,TP1+SL,2021-09-27 09:00:00+00:00,5.450000000000176,210.54012720000682,120,True
2021-09-27 09:00:00+00:00,9,EUR_GBP,SHORT,0.85356,0.8561084589989795,0.85241,0.85102,0.85102,322259.6,5,LONDON,2.0,0.0009724276281923778,31.129667490396933,32.78892131770725,0.8564663473840887,0.8563652382870713,0.9269238041209604,False,-0.00044708129057094263,12.624100330522666,-26.66347384088663,0.40993788819875393,9,0,london_breakout_short,0.8561084589989795,SL,2021-09-28 10:00:00+00:00,-25.484589989794856,-821.2653776275295,1500,False
2021-09-29 08:00:00+00:00,9,EUR_GBP,LONG,0.8640800000000001,0.86174,0.8653400000000001,0.8668400000000002,0.8668400000000002,347458.43,5,LONDON,2.0,0.0009452237860181289,40.142776148829036,76.60769185823105,0.8595333332548077,0.8571971976712728,3.933333333331346,False,-0.00026357193713668443,67.45257377668418,43.06666745192311,0.6483516483516711,8,2,london_breakout_long,0.8640800000000001,TP1+SL,2021-09-29 15:00:00+00:00,6.3000000000001934,218.89881090000674,420,True
2021-09-30 09:00:00+00:00,9,EUR_GBP,SHORT,0.86171,0.86415,0.85994,0.8579300000000001,0.8579300000000001,334115.46,4,LONDON,2.0,0.001017571753494874,24.42270584335482,42.067951768029275,0.8619959082770133,0.8585983964721319,-9.137582417582113,False,-0.00022636301786058875,47.322714923103966,-0.45908277013340104,0.656779661016963,9,3,london_breakout_short,0.8579300000000001,TP3,2021-09-30 15:00:00+00:00,27.7500011313446,927.1704392999721,360,True
2021-10-01 09:00:00+00:00,9,EUR_GBP,SHORT,0.8576199999999999,0.8604665230341766,0.8553499999999999,0.8528399999999999,0.8528399999999999,289656.33,4,LONDON,2.0,0.001088137126979903,32.16156966495384,31.028699473835076,0.8606514172345521,0.8588624555570066,-12.51969045571899,False,-1.332050694084839e-05,9.396347471794195,-27.91417234552118,0.8571428571428477,9,4,london_breakout_short,0.85368,TP1+TIME,2021-10-05 01:00:00+00:00,31.049999999999688,899.3829046499911,5280,True
2021-10-05 08:00:00+00:00,9,EUR_GBP,SHORT,0.85134,0.8536101339302273,0.84961,0.84764,0.84764,367162.15,5,LONDON,2.0,0.0008311926026558798,32.125230014203844,24.703946925025818,0.8551820427384215,0.8572924559321141,-1.466666666666283,False,-7.719255543814872e-05,22.832285484849127,-36.02042738421463,0.6111111111111225,8,1,london_breakout_short,0.85134,TP1+SL,2021-10-06 14:00:00+00:00,8.650000000000047,317.59525975000173,1800,True
2021-10-07 07:00:00+00:00,9,EUR_GBP,LONG,0.85207,0.8501972387891643,0.8528500000000001,0.8539300000000002,0.8539300000000002,446764.49,3,ASIAN,2.0,0.0006934541640247053,15.234142605746282,59.231199406837646,0.8515490370905928,0.8549205610983962,8.935574082711284,False,0.00012277176859881681,58.60566448801296,2.209629094072074,0.8692810457516511,7,3,london_breakout_long,0.8501972387891643,SL,2021-10-07 09:00:00+00:00,-18.727612108356826,-836.6832072507863,120,False
2021-10-08 07:00:00+00:00,9,EUR_GBP,LONG,0.84988,0.8484,0.85054,0.8514999999999999,0.8514999999999999,559673.23,4,ASIAN,2.0,0.000622034719797604,24.076306952153814,54.11096093955541,0.8499685354263119,0.8536657241193266,1.840949412003079,False,0.0001709922848687824,72.71910396145311,-3.8853542631189786,0.39999999999997227,7,4,london_breakout_long,0.8484,SL,2021-10-08 10:00:00+00:00,-14.799999999999258,-828.3163803999585,180,False
2021-10-12 07:00:00+00:00,9,EUR_GBP,LONG,0.85095,0.84952,0.85163,0.85261,0.85261,573449.8,4,ASIAN,2.0,0.0006044502441624503,47.25762364214342,63.36336634351321,0.8495017903305571,0.8519782992233249,14.127271888551007,False,4.569259926202337e-05,52.60310790983035,11.482096694429567,0.5874999999999462,7,1,london_breakout_long,0.85095,TP1+SL,2021-10-12 09:00:00+00:00,3.4000000000000696,194.97293200000402,120,True
2021-10-13 07:00:00+00:00,9,EUR_GBP,SHORT,0.84774,0.84933,0.84693,0.8458199999999999,0.8458199999999999,516970.4,4,ASIAN,2.0,0.0006629081370623274,11.481822258009485,40.437320093355055,0.8489509882720839,0.8512675252437446,-7.864442464976529,False,-2.6934727680653686e-05,30.81592871066501,-9.109882720839124,0.29090909090908174,7,2,london_breakout_short,0.84933,SL,2021-10-13 12:00:00+00:00,-15.899999999999801,-821.9829359999899,300,False
2021-10-14 07:00:00+00:00,9,EUR_GBP,SHORT,0.84713,0.84878,0.84611,0.84479,0.84479,493189.77,5,ASIAN,2.0,0.000638676409747577,22.96672226070396,38.50901378173261,0.8486145118416287,0.8506671985057064,-10.200697901030509,False,-0.0001231814274287598,8.376332989336207,-11.845118416287104,0.2567567567568014,7,3,london_breakout_short,0.84713,TP1+SL,2021-10-14 15:00:00+00:00,5.1000000000001044,251.52678270000516,480,True
2021-10-15 07:00:00+00:00,9,EUR_GBP,SHORT,0.84606,0.8478413337901215,0.8453299999999999,0.8442999999999998,0.8442999999999998,458239.99,5,ASIAN,2.0,0.0007059239791879942,29.784413568412546,36.27691336958003,0.8479631100192372,0.8499831005812433,-6.100014274295074,False,-4.171427217478911e-05,37.64297864637552,-16.03110019237186,0.7018348623853127,7,4,london_breakout_short,0.8442999999999998,TP3,2021-10-15 11:00:00+00:00,12.450000384079846,570.5088051500745,240,True
2021-10-18 08:00:00+00:00,9,EUR_GBP,LONG,0.8443700000000001,0.84251,0.8455800000000001,0.8470300000000002,0.8470300000000002,441926.6,4,LONDON,2.0,0.0007895079623669251,26.6305744238296,49.954904460759295,0.8451409243215112,0.8485608423168498,1.7999999999995797,False,0.00020036699090821377,49.568830088540174,-10.109243215111752,0.7500000000000256,8,0,london_breakout_long,0.8443700000000001,TP1+SL,2021-10-19 09:00:00+00:00,6.050000000000222,267.36559300000977,1500,True
2021-10-19 09:00:00+00:00,9,EUR_GBP,SHORT,0.84416,0.846079912036311,0.84328,0.84216,0.84216,429528.6,5,LONDON,2.0,0.0007153958992012461,30.467438636708717,40.137795837512336,0.84533459753311,0.847861419226046,-6.232327124811032,False,-0.00012923869592391317,26.88770683624102,-9.34597533109982,0.7343749999999838,9,1,london_breakout_short,0.84416,TP1+SL,2021-10-19 14:00:00+00:00,4.3999999999999595,188.99258399999826,300,True
2021-10-21 07:00:00+00:00,9,EUR_GBP,SHORT,0.84231,0.8443151199528955,0.84107,0.83953,0.83953,412218.26,5,ASIAN,2.0,0.0007354731253612287,27.218691984617323,42.14018890878194,0.8436871868991156,0.8462232293855975,-11.720951035782967,False,4.125960369351172e-05,45.99135756868191,-10.77186899115623,0.7202797202796817,7,3,london_breakout_short,0.8443151199528955,SL,2021-10-21 09:00:00+00:00,-20.0511995289554,-826.5470580738814,120,False
2021-10-22 07:00:00+00:00,9,EUR_GBP,LONG,0.84531,0.8433259763878417,0.8466100000000001,0.8482100000000001,0.8482100000000001,412435.4,4,ASIAN,2.0,0.0007412087702302478,21.456440390607355,67.26888243053281,0.8433402268060677,0.8455588273786157,17.95452658255203,False,0.000173138724512707,82.87144772871521,16.697731939323557,0.8518518518519052,7,4,london_breakout_long,0.8433259763878417,SL,2021-10-22 08:00:00+00:00,-19.840236121583256,-818.2815720899639,60,False
2021-10-27 07:00:00+00:00,9,EUR_GBP,LONG,0.8445199999999999,0.8426387584386915,0.84522,0.84622,0.84622,430619.22,4,ASIAN,2.0,0.0007244611513431338,22.86167353820852,65.34405478315827,0.8429194741854006,0.8444824402734049,22.113516966066893,False,0.00020778448836936538,71.05797101449336,13.005258145993848,0.8177083333332987,7,2,london_breakout_long,0.84622,TP3,2021-10-27 13:00:00+00:00,12.000000394780677,516.7430810000147,360,True
2021-10-28 08:00:00+00:00,9,EUR_GBP,SHORT,0.84268,0.8447114149224362,0.8411599999999999,0.8393999999999998,0.8393999999999998,401329.23,5,LONDON,2.0,0.0007768112569048794,31.739826915565082,37.855478081533334,0.8438568017892463,0.8444855138628823,-2.5333333333343866,False,-0.0002294310340924635,25.805118331470055,-9.368017892462666,0.5256410256410512,8,3,london_breakout_short,0.8447114149224362,SL,2021-10-28 12:00:00+00:00,-20.314149224361923,-815.2661866318267,240,False
2021-10-29 09:00:00+00:00,9,EUR_GBP,SHORT,0.84472,0.8467979615566521,0.84332,0.8416799999999999,0.8416799999999999,388416.01,4,LONDON,2.0,0.0007783857210421961,25.83710844755836,40.017439571222994,0.8453100713842369,0.8448393303837817,-7.523733185921255,False,-0.00023295476472236985,38.36448598130784,-3.500713842368164,0.7761194029850177,9,4,london_breakout_short,0.84472,TP1+SL,2021-10-29 19:00:00+00:00,7.000000000000339,271.8912070000132,600,True
2021-11-01 07:00:00+00:00,9,EUR_GBP,LONG,0.84738,0.8453763398522612,0.8484900000000001,0.8499000000000001,0.8499000000000001,404176.55,5,ASIAN,2.0,0.0007513594834458522,27.37439074237793,68.93962816331002,0.8450319487634712,0.8448268669349672,23.37399253251049,False,0.00022954288271087171,86.16329747028819,20.480512365288472,0.9386503067484738,7,0,london_breakout_long,0.8499000000000001,TP3,2021-11-01 18:00:00+00:00,18.15000062349057,733.5804634500269,660,True
2021-11-03 08:00:00+00:00,9,EUR_GBP,LONG,0.85085,0.84957,0.8514999999999999,0.8523899999999999,0.8523899999999999,638412.7,5,LONDON,2.0,0.0006124485004146449,32.48113731910627,58.53519303234835,0.8492151490477475,0.8466735405240007,-1.0666666666669933,False,-9.177344923264437e-05,56.43752259631008,13.948509522524466,0.343137254901916,8,2,london_breakout_long,0.84957,SL,2021-11-03 11:00:00+00:00,-12.799999999999477,-817.1682559999666,180,False
2021-11-04 07:00:00+00:00,9,EUR_GBP,SHORT,0.8469,0.8488189149487533,0.84578,0.84436,0.84436,421590.63,4,ASIAN,2.0,0.0006813112666797904,27.525981072978283,34.61138940492495,0.8487468656715575,0.8470469609605377,-14.154940263194637,False,-4.5764468210278604e-05,16.710673397105083,-15.468656715575957,0.6964285714285678,7,3,london_breakout_short,0.8488189149487533,SL,2021-11-04 12:00:00+00:00,-19.189149487532916,-808.996562161318,300,False
2021-11-05 08:00:00+00:00,9,EUR_GBP,LONG,0.8588600000000001,0.8564530894743604,0.86001,0.8614,0.8614,332752.96,5,LONDON,2.0,0.0010148524809518574,48.15276863342111,75.14880543067835,0.8527285911821074,0.8487102643769793,7.333333333332526,False,-1.8864656528845775e-05,78.32371465465185,58.91408817892629,0.8767123287671488,8,4,london_breakout_long,0.8564530894743604,SL,2021-11-05 12:00:00+00:00,-24.069105256396824,-800.9066018617604,240,False
2021-11-08 08:00:00+00:00,9,EUR_GBP,LONG,0.85827,0.85709,0.85888,0.85973,0.85973,671947.06,4,LONDON,2.0,0.0008762818583838739,12.438587389552652,62.74967908060185,0.8554779243668998,0.8504683763876457,-0.5999999999994898,False,-9.020874272642392e-05,55.92061676967464,25.52075633100115,0.34459459459461894,8,0,london_breakout_long,0.85709,SL,2021-11-08 09:00:00+00:00,-11.799999999999587,-792.8975307999724,60,False
2021-11-08 09:00:00+00:00,9,EUR_GBP,SHORT,0.85682,0.85794,0.85621,0.85536,0.85536,700864.79,3,LONDON,2.0,0.0008979760113564514,12.539057514258744,52.14831398821461,0.8555399665485901,0.850533964682296,-7.3546496253851235,False,-0.0001307938012923564,41.88742773648643,15.200334514099412,0.8474576271186743,9,0,london_breakout_short,0.85682,TP1+SL,2021-11-08 12:00:00+00:00,3.0499999999999967,213.7637609499998,180,True
2021-11-09 09:00:00+00:00,9,EUR_GBP,SHORT,0.85224,0.8544451952152039,0.85126,0.85004,0.85004,356932.66,4,LONDON,2.0,0.0008927867942185677,29.249432033542195,27.867975702385067,0.8549022362426345,0.8514017929182371,-10.765276518585054,False,-5.346933805369539e-05,42.334756483237236,-24.2223624263449,0.814159292035403,9,1,london_breakout_short,0.8544451952152039,SL,2021-11-09 13:00:00+00:00,-22.051952152039032,-787.1061939820016,240,False
2021-11-11 08:00:00+00:00,9,EUR_GBP,LONG,0.8568,0.8549,0.85813,0.8596999999999999,0.8596999999999999,410123.76,4,LONDON,2.0,0.0008115344886496637,19.510386244645805,59.88843547768529,0.8553631898905693,0.8528377319531983,0.10000000000176534,False,-2.6988645469737914e-05,44.201959763562776,11.968101094307348,0.4844720496894427,8,3,london_breakout_long,0.8549,SL,2021-11-11 12:00:00+00:00,-19.000000000000124,-779.2351440000052,240,False
2021-11-12 07:00:00+00:00,9,EUR_GBP,SHORT,0.8549800000000001,0.85655,0.85448,0.85368,0.85368,491364.83,4,ASIAN,2.0,0.0006768187335448421,22.293390495155144,39.10482720824252,0.8558236747144986,0.8535136973935478,-7.994649602275361,False,-0.00013454009748085815,10.813492063489043,-5.436747144985654,0.4166666666666281,7,4,london_breakout_short,0.8549800000000001,TP1+SL,2021-11-12 11:00:00+00:00,2.5000000000002798,122.84120750001375,240,True
2021-11-15 08:00:00+00:00,9,EUR_GBP,LONG,0.85374,0.85265,0.85422,0.8549399999999999,0.8549399999999999,708872.66,4,LONDON,2.0,0.0006507207885524994,20.662964938028527,47.01275126802201,0.8542741694949005,0.8535055769327916,1.7666666666682485,False,0.00010676003396555044,53.96341463414882,-7.741694949005007,0.7640449438202864,8,0,london_breakout_long,0.85265,SL,2021-11-15 11:00:00+00:00,-10.900000000000352,-772.6711994000251,180,False
2021-11-16 07:00:00+00:00,9,EUR_GBP,SHORT,0.8449,0.8469001206669435,0.84405,0.8429,0.8429,382449.17,5,ASIAN,2.0,0.0008257591048647727,51.124468597883805,18.44713200282696,0.850787680379352,0.8525450715706995,-47.768345181674604,False,-1.0234556890434399e-05,51.94754108094378,-55.876803793520885,0.863970588235339,7,1,london_breakout_short,0.8449,TP1+SL,2021-11-16 10:00:00+00:00,4.250000000000087,162.54089725000333,180,True
2021-11-19 07:00:00+00:00,9,EUR_GBP,SHORT,0.8405,0.84236,0.83968,0.83856,0.83856,412134.35,5,ASIAN,2.0,0.0006520275147482886,30.296669568142544,40.555901449959144,0.841869485991806,0.8468547999361257,-4.720670793147974,False,-0.00015802550824496083,19.253119694725267,-10.694859918060073,0.6702127659574305,7,4,london_breakout_short,0.84236,SL,2021-11-19 09:00:00+00:00,-18.599999999999728,-766.5698909999887,120,False
2021-11-19 09:00:00+00:00,9,EUR_GBP,SHORT,0.84092,0.84236,0.84004,0.83892,0.83892,527016.8,5,LONDON,2.0,0.0008466971938390863,26.7616953533406,46.329857187386715,0.8418428127129283,0.8467493243303511,-2.2566186107464414,False,-0.00014620899984481127,49.330370136512386,-6.828127129282491,0.34545454545454085,9,4,london_breakout_short,0.83892,TP3,2021-11-19 12:00:00+00:00,14.400000379494509,758.9042119999983,180,True
2021-11-22 09:00:00+00:00,9,EUR_GBP,LONG,0.84028,0.83834,0.8413,0.8425600000000001,0.8425600000000001,395099.61,4,LONDON,2.0,0.0008833753887312809,42.94704636525126,52.75089406902676,0.8403968694827849,0.8453073101087811,4.6513223457278485,False,8.950759727614365e-05,63.99691631567092,-3.5686948278490505,0.6239316239316288,9,0,london_breakout_long,0.83834,SL,2021-11-22 14:00:00+00:00,-19.400000000000528,-766.4932434000208,300,False
2021-11-23 07:00:00+00:00,9,EUR_GBP,LONG,0.84017,0.83853,0.84102,0.84217,0.84217,462700.19,4,ASIAN,2.0,0.0006526827502372611,25.035309485566234,57.503872692322076,0.8396632352186495,0.8440892458209205,6.222655405268007,False,0.00012395402359111567,81.94750834323384,2.0676478135051024,0.25,7,1,london_breakout_long,0.84217,TP3,2021-11-23 08:00:00+00:00,14.25000043224543,659.3477907500044,60,True
2021-11-23 08:00:00+00:00,9,EUR_GBP,LONG,0.84234,0.8404682931244069,0.8432499999999999,0.8443999999999999,0.8443999999999999,408943.19,4,LONDON,2.0,0.0007917768395060236,32.54174186524979,72.68695390109065,0.8397587946218397,0.8440694523301651,8.00000000000023,False,0.0002858055498413709,92.22909712610901,23.412053781602935,0.8499999999999958,8,1,london_breakout_long,0.8404682931244069,SL,2021-11-24 00:00:00+00:00,-18.717068755931262,-765.4217804499863,960,False
2021-11-24 07:00:00+00:00,9,EUR_GBP,LONG,0.8412999999999999,0.83982,0.84198,0.8429599999999999,0.8429599999999999,512005.11,3,ASIAN,2.0,0.0007415487140975844,18.167460950958223,54.132478239028295,0.8404585878036707,0.8434455309164456,-4.759247018805146,False,-9.220252287738583e-05,56.029464498377685,5.41412196329305,0.651376146788959,7,2,london_breakout_long,0.83982,SL,2021-11-24 08:00:00+00:00,-14.799999999999258,-757.767562799962,60,False
2021-11-24 08:00:00+00:00,9,EUR_GBP,SHORT,0.83948,0.8408,0.83874,0.8377600000000001,0.8377600000000001,568325.67,4,LONDON,2.0,0.000845009520233473,17.105477389972627,43.51249913806069,0.8404296235760758,0.843408460957078,-4.566666666666608,False,-0.00013002838964503642,56.14750258119229,-7.096235760757352,0.5753424657533851,8,2,london_breakout_short,0.83948,TP1+SL,2021-11-24 12:00:00+00:00,3.6999999999998145,210.28049789998948,240,True
2021-11-26 09:00:00+00:00,9,EUR_GBP,LONG,0.84626,0.8436917521984727,0.84834,0.85066,0.85066,292920.6,5,LONDON,2.0,0.0009526348977101351,64.188315943214,82.12240338231645,0.8419840191251863,0.8427138300242073,2.514687805158511,False,0.00030833187594549345,55.67490660948594,40.359808748137155,0.4552845528455086,9,4,london_breakout_long,0.84626,TP1+SL,2021-11-28 23:00:00+00:00,10.399999999999853,304.6374239999957,3720,True
2021-11-29 07:00:00+00:00,9,EUR_GBP,SHORT,0.84475,0.84716,0.8432499999999999,0.8414499999999999,0.8414499999999999,313418.7,4,ASIAN,2.0,0.0010273010558977792,33.7104296053916,43.725964714393406,0.8447673180932228,0.8435340602351536,-17.593963197586326,False,-0.0004616558212403824,3.6459060652603434,2.826819067771602,0.3131313131313664,7,0,london_breakout_short,0.84716,SL,2021-11-29 14:00:00+00:00,-24.10000000000023,-755.3390670000073,420,False
2021-12-02 07:00:00+00:00,9,EUR_GBP,SHORT,0.85114,0.85268,0.85042,0.8493999999999999,0.8493999999999999,485575.12,4,ASIAN,2.0,0.0008281935596922563,25.66339179306346,48.02340071721706,0.8508819672457071,0.8471123581311323,3.3866175349428485,False,-0.00010795247950788221,17.6541189307188,5.58032754292892,0.23809523809529265,7,3,london_breakout_short,0.85114,TP1+SL,2021-12-02 10:00:00+00:00,3.600000000000269,174.80704320001308,180,True
2021-12-03 07:00:00+00:00,9,EUR_GBP,LONG,0.85078,0.84932,0.85158,0.85268,0.85268,513379.28,4,ASIAN,2.0,0.0007500824215316299,14.252427972549668,51.36475846001956,0.8504351519565264,0.8477741331988465,-1.052961733356561,False,5.941584778930615e-05,45.33758639021943,0.4484804347359983,0.8181818181818366,7,4,london_breakout_long,0.85268,TP3,2021-12-03 11:00:00+00:00,13.500000370096922,693.0620470000092,240,True
2021-12-06 07:00:00+00:00,9,EUR_GBP,SHORT,0.8518100000000001,0.85419,0.8505,0.84889,0.84889,317842.17,4,ASIAN,2.0,0.0008980366676342177,34.215125438386266,44.63735611260383,0.8520865975794351,0.8488944887589261,-4.322175932146566,False,-0.0002715849099915635,18.139534883721073,0.23402420564977433,0.8363636363635721,7,0,london_breakout_short,0.8518100000000001,TP1+SL,2021-12-06 13:00:00+00:00,6.550000000000167,208.18662135000528,360,True
2021-12-08 07:00:00+00:00,9,EUR_GBP,LONG,0.85264,0.85092,0.85375,0.85516,0.85516,441015.25,5,ASIAN,2.0,0.0006899256533362834,42.7926599832893,69.82426422558137,0.8510701937989755,0.849625218510079,17.304913294797775,False,0.00019572253619842822,71.27829218106753,12.698062010244593,0.2843137254902025,7,2,london_breakout_long,0.85516,TP3,2021-12-08 10:00:00+00:00,18.150000571409475,800.4427039500293,180,True
2021-12-09 08:00:00+00:00,9,EUR_GBP,SHORT,0.8570599999999999,0.85907,0.85573,0.85416,0.85416,381368.49,4,LONDON,2.0,0.000969434292901989,47.01368135947143,56.57328874045752,0.8550207008801833,0.8512659887183163,-1.5666666666669382,False,-0.00034554217404258775,24.27641277640974,22.792991198166135,0.176870748299349,8,3,london_breakout_short,0.85416,TP3,2021-12-09 18:00:00+00:00,21.15000076041863,806.5943853499705,600,True
2021-12-10 08:00:00+00:00,9,EUR_GBP,LONG,0.8552000000000001,0.85372,0.85616,0.85736,0.85736,523389.6,5,LONDON,2.0,0.0008001009916755944,40.575799739745655,49.11697390468572,0.8549523575266067,0.8520825517810238,1.80000000000069,False,6.192648410919275e-05,67.53440533101467,0.07642473393354443,0.5000000000000793,8,4,london_breakout_long,0.85372,SL,2021-12-10 10:00:00+00:00,-14.800000000000368,-774.6166080000193,120,False
2021-12-13 09:00:00+00:00,9,EUR_GBP,SHORT,0.8505199999999999,0.8525971197276411,0.8497299999999999,0.8486999999999998,0.8486999999999998,369198.96,4,LONDON,2.0,0.0008409301845524056,36.486235773093064,27.61597648941209,0.853743796713091,0.8523232496378438,-12.114507936509256,False,-7.774215304316159e-05,27.550017797322216,-29.837967130910137,0.7837837837838175,9,0,london_breakout_short,0.8525971197276411,SL,2021-12-13 16:00:00+00:00,-20.7711972764113,-766.8704432405885,420,False
2021-12-15 07:00:00+00:00,9,EUR_GBP,SHORT,0.84975,0.85162,0.8492099999999999,0.8483699999999998,0.8483699999999998,405990.23,5,ASIAN,2.0,0.0007581104879700944,32.334111786428444,33.63853542585423,0.8524891174252363,0.8524220094708642,-29.440636756304926,False,-4.909563660196968e-05,36.34161916332226,-24.391174252362813,0.8827160493827063,7,2,london_breakout_short,0.84975,TP1+SL,2021-12-15 09:00:00+00:00,2.70000000000048,109.61736210001948,120,True
2021-12-15 09:00:00+00:00,9,EUR_GBP,SHORT,0.8498,0.85162,0.8492,0.8483599999999999,0.8483599999999999,417746.1,5,LONDON,2.0,0.000866738124831361,38.95174531470457,37.68802117797415,0.852271030733561,0.8523670596533673,4.769064327486694,False,-0.00010634797300135149,26.180293020709694,-22.310307335610123,0.609022556390936,9,2,london_breakout_short,0.85162,SL,2021-12-15 14:00:00+00:00,-18.200000000000436,-760.2979020000182,300,False
2021-12-16 07:00:00+00:00,9,EUR_GBP,LONG,0.8525999999999999,0.85108,0.8535,0.8547000000000001,0.8547000000000001,495194.03,4,ASIAN,2.0,0.0007861651118268272,21.17363775843465,57.27636228733792,0.8518342637141998,0.8521816157730349,11.768484220523456,False,0.00012872860992275097,76.851201438903,4.657362858001557,0.2033898305083837,7,3,london_breakout_long,0.85108,SL,2021-12-16 08:00:00+00:00,-15.199999999999658,-752.6949255999831,60,False
2021-12-16 08:00:00+00:00,9,EUR_GBP,SHORT,0.8508,0.85228,0.8498399999999999,0.8486399999999998,0.8486399999999998,503491.88,4,LONDON,2.0,0.0008814390324106182,21.312938704936265,45.177944564468014,0.8518031161175644,0.8521702564121092,-1.2666666666671933,False,4.4741705072674735e-05,57.19336118609647,-7.631161175644108,0.590476190476202,8,3,london_breakout_short,0.8486399999999998,TP3,2021-12-16 12:00:00+00:00,15.600000429005105,785.4473544000588,240,True
2021-12-17 09:00:00+00:00,9,EUR_GBP,LONG,0.85128,0.8493,0.8527399999999999,0.8544399999999999,0.8544399999999999,380314.37,3,LONDON,2.0,0.0009918565365919557,17.488267099421286,54.104177621771605,0.8508572442378328,0.8517466057662278,4.3430035335678685,False,0.00012810233760300436,74.32100539746939,1.8275576216719713,0.1632653061224644,9,4,london_breakout_long,0.85128,TP1+SL,2021-12-17 11:00:00+00:00,7.299999999999528,277.6294900999821,120,True
2021-12-20 07:00:00+00:00,9,EUR_GBP,LONG,0.85208,0.8497367052202038,0.85366,0.85554,0.85554,322536.78,4,ASIAN,2.0,0.0008425094896385524,30.508556852474307,62.99746896125119,0.8505485969981904,0.8514683816924385,11.544060755787067,False,0.0002442199565622364,85.7176357159184,12.314030018095723,0.6068376068375947,7,0,london_breakout_long,0.85208,TP1+SL,2021-12-20 13:00:00+00:00,7.900000000000128,254.8040562000042,360,True
2021-12-21 09:00:00+00:00,9,EUR_GBP,SHORT,0.85238,0.85434,0.8513700000000001,0.8501200000000001,0.8501200000000001,386911.63,4,LONDON,2.0,0.0008702544895606389,22.280587103902494,44.46300063018124,0.852587260734342,0.8519836936304708,-5.5395037416305914,False,-0.00023080208689074243,28.4696289509845,0.3273926565805496,0.7187499999999052,9,1,london_breakout_short,0.85238,TP1+SL,2021-12-21 12:00:00+00:00,5.049999999999777,195.39037314999138,180,True
2021-12-22 07:00:00+00:00,9,EUR_GBP,SHORT,0.8485900000000001,0.8505661304237555,0.8478300000000001,0.8467700000000001,0.8467700000000001,384742.16,4,ASIAN,2.0,0.0007639913002520325,19.88988881566444,24.659147501621177,0.8514472809711428,0.8517389111183996,-25.899728771123787,False,-5.0696404393642085e-05,27.71622374757798,-25.57280971142717,0.676767676767687,7,2,london_breakout_short,0.8467700000000001,TP3,2021-12-23 08:00:00+00:00,12.900000473043656,496.3174045999838,1500,True
2021-12-23 08:00:00+00:00,9,EUR_GBP,SHORT,0.84538,0.8474385573795652,0.8441600000000001,0.8427000000000002,0.8427000000000002,371747.65,5,LONDON,2.0,0.0008204641695527795,41.44860016823323,23.858075460550367,0.8496235140355932,0.8510472783596332,-4.766666666665698,False,-0.0001397084896124491,10.14296200809197,-40.03514035593181,0.8374384236452467,8,3,london_breakout_short,0.8427000000000002,TP3,2021-12-23 12:00:00+00:00,19.50000072091756,724.9079442999408,240,True
2021-12-27 09:00:00+00:00,9,EUR_GBP,SHORT,0.8435199999999999,0.84496,0.8425799999999999,0.8413999999999998,0.8413999999999998,536467.32,4,LONDON,2.0,0.0008337014557112471,17.430562929975835,41.4649738433071,0.8452261515212327,0.8485114761361161,-4.6799116997786605,False,6.302649686442904e-06,32.37849939499111,-14.661515212327503,0.7205882352940889,9,0,london_breakout_short,0.8435199999999999,TP1+SL,2021-12-27 14:00:00+00:00,4.700000000000259,252.1396404000139,300,True
2021-12-28 07:00:00+00:00,9,EUR_GBP,SHORT,0.84224,0.84336,0.8419099999999999,0.8412799999999999,0.8412799999999999,691994.95,4,ASIAN,2.0,0.0005835315424997489,19.184616184494573,40.75157753866978,0.843945698969715,0.8474404212656181,-9.99444591029075,False,3.966179202228849e-05,24.88190172400712,-14.056989697150968,0.4905660377358925,7,1,london_breakout_short,0.8412799999999999,TP3,2021-12-28 13:00:00+00:00,6.4500001387299575,446.336752350043,360,True
2021-12-29 08:00:00+00:00,9,EUR_GBP,SHORT,0.84051,0.8421785740551146,0.83992,0.83909,0.83909,467163.99,5,LONDON,2.0,0.0006034703633283099,33.01124090841524,35.91568659093116,0.8425720074295432,0.8461971000805297,-2.733333333332366,False,-2.8444121501270173e-06,42.297705131556036,-18.22007429543193,0.9099999999999656,8,2,london_breakout_short,0.8421785740551146,SL,2021-12-29 14:00:00+00:00,-16.685740551146687,-779.4977131978486,360,False
2021-12-31 07:00:00+00:00,9,EUR_GBP,SHORT,0.8367100000000001,0.8385772220365567,0.8356500000000001,0.8342900000000002,0.8342900000000002,413289.22,5,ASIAN,2.0,0.000665682470721056,36.29369326904412,30.18363086874548,0.839712738232766,0.8437409340858033,-19.168209371400735,False,-5.5117599941774897e-05,3.324632940507914,-27.02738232766011,0.7777777777777461,7,4,london_breakout_short,0.8385772220365567,SL,2021-12-31 09:00:00+00:00,-18.67222036556648,-771.7027390553086,120,False
2022-01-03 08:00:00+00:00,9,EUR_GBP,SHORT,0.83885,0.8410188067821265,0.8375900000000001,0.8360900000000001,0.8360900000000001,352260.84,4,LONDON,2.0,0.0008299853762184032,16.197219505264414,43.08170747253492,0.839975026828467,0.8429317202418428,-2.3333333333330764,False,-0.00015971184438531372,30.663202538204022,-8.850268284670282,0.7243589743589488,8,0,london_breakout_short,0.8410188067821265,SL,2022-01-03 12:00:00+00:00,-21.688067821264976,-763.9856988695772,240,False
2022-01-04 07:00:00+00:00,9,EUR_GBP,SHORT,0.83682,0.838948007502899,0.8359,0.83468,0.83468,355424.43,5,ASIAN,2.0,0.0008032599296482254,21.533274521874773,35.12047875685616,0.83930475295164,0.8421179997228592,-23.84876127738855,False,-2.7486414818249372e-05,39.01709401709345,-21.84752951640001,0.9766081871345443,7,1,london_breakout_short,0.83468,TP3,2022-01-04 13:00:00+00:00,15.300000602097361,543.7993993000111,360,True
2022-01-05 09:00:00+00:00,9,EUR_GBP,LONG,0.83582,0.8337259523982495,0.83712,0.83866,0.83866,363785.35,4,LONDON,2.0,0.0007843605377930076,26.201873916613682,53.19076880703897,0.8363067153892595,0.8404281578705473,7.573205920929915,False,0.0002801344932495969,57.06146199539228,-7.267153892595024,0.9104477611940237,9,2,london_breakout_long,0.83582,TP1+SL,2022-01-05 16:00:00+00:00,6.499999999999839,236.46047749999414,420,True
2022-01-06 09:00:00+00:00,9,EUR_GBP,LONG,0.83694,0.8347131856292436,0.8386399999999999,0.8405799999999999,0.8405799999999999,343157.68,4,LONDON,2.0,0.000790102480566674,36.011558528610536,62.528338488122984,0.8358023705840953,0.8393604630816203,1.1933333333336016,False,0.00021397345690272053,77.4556027031263,8.97629415904655,0.2876712328767686,9,3,london_breakout_long,0.8347131856292436,SL,2022-01-06 16:00:00+00:00,-22.26814370756447,-764.1484532594421,420,False
2022-01-07 07:00:00+00:00,9,EUR_GBP,LONG,0.83531,0.83372,0.83599,0.83697,0.83697,475790.54,4,ASIAN,2.0,0.0006456047014216406,25.443199949144546,52.613312726963606,0.8351718495985199,0.8384634359673105,-6.334063058462958,False,2.668786718623532e-05,76.6732036773093,-1.618495985198365,0.6629213483146236,7,4,london_breakout_long,0.83531,TP1+SL,2022-01-10 00:00:00+00:00,3.4000000000000696,161.7687836000033,3900,True
2022-01-10 07:00:00+00:00,9,EUR_GBP,SHORT,0.83362,0.8353952493849038,0.83248,0.83104,0.83104,427052.48,5,ASIAN,2.0,0.0005993783429642752,31.502757932283938,33.32817269551607,0.8350947505159232,0.8377447133009123,-12.513704035052031,False,-0.0001820269297251272,21.088235294118324,-11.747505159231952,0.6249999999998843,7,0,london_breakout_short,0.8353952493849038,SL,2022-01-10 15:00:00+00:00,-17.7524938490381,-758.1246524416465,480,False
2022-01-11 08:00:00+00:00,9,EUR_GBP,SHORT,0.8336399999999999,0.83498,0.8328499999999999,0.8318199999999998,0.8318199999999998,560107.02,4,LONDON,2.0,0.0006404521028395214,17.98598129266174,43.00092207364203,0.8345817915568297,0.8369776718768872,1.2000000000000899,False,-1.962611289424963e-05,47.4564245529447,-7.017915568297006,0.1730769230770011,8,1,london_breakout_short,0.8336399999999999,TP1+SL,2022-01-11 11:00:00+00:00,3.950000000000342,221.24227290001917,180,True
2022-01-12 07:00:00+00:00,9,EUR_GBP,SHORT,0.83306,0.83411,0.83271,0.8320599999999999,0.8320599999999999,716910.31,4,ASIAN,2.0,0.0005455381828674297,11.469512014359596,42.38883679882539,0.8341280919488686,0.8363341689188106,-5.312181503426272,False,-3.036460881543105e-05,24.665327978583306,-7.680919488686211,0.5000000000001207,7,2,london_breakout_short,0.83411,SL,2022-01-12 08:00:00+00:00,-10.499999999999952,-752.7558254999967,60,False
2022-01-12 09:00:00+00:00,9,EUR_GBP,LONG,0.8344,0.83346,0.83481,0.8354600000000001,0.8354600000000001,792796.03,3,LONDON,2.0,0.0005861018005336535,12.929465588715498,52.986519020188716,0.8341252705764066,0.8362897379607888,2.888079172289615,False,3.478361441284491e-05,64.49507708252123,0.34729423593393705,0.2931034482758555,9,2,london_breakout_long,0.83346,SL,2022-01-12 10:00:00+00:00,-9.400000000000517,-745.2282682000412,60,False
2022-01-13 09:00:00+00:00,9,EUR_GBP,LONG,0.8353,0.83406,0.83596,0.83686,0.83686,594980.63,4,LONDON,2.0,0.0006247322905245135,28.715443579917576,59.66006674976012,0.8343787275533812,0.835904375536254,1.0821555340423394,False,2.3039156115268317e-05,68.67463186303586,6.8127244661886355,0.21276595744677332,9,3,london_breakout_long,0.83406,SL,2022-01-13 10:00:00+00:00,-12.400000000000187,-737.7759812000112,60,False
2022-01-14 08:00:00+00:00,9,EUR_GBP,SHORT,0.83484,0.83624,0.8342200000000001,0.8333600000000001,0.8333600000000001,521713.02,5,LONDON,2.0,0.0005903745852284659,22.59716296433448,46.69446971694711,0.8350292239636745,0.8358031953096589,-0.13333333333420683,False,-8.914757034006915e-05,13.783227006907163,0.507760363255283,0.38888888888884604,8,4,london_breakout_short,0.83484,TP1+SL,2022-01-14 10:00:00+00:00,3.0999999999997696,161.73103619998798,120,True
2022-01-17 08:00:00+00:00,9,EUR_GBP,LONG,0.8358,0.8342429605788276,0.83653,0.8375,0.8375,470132.95,4,LONDON,2.0,0.0005549003564354547,29.405383480623385,59.841719394412294,0.8349068906030629,0.8355928335507121,3.066666666666773,False,8.255426688936592e-05,69.12568306010506,6.531093969370794,0.695652173913075,8,0,london_breakout_long,0.8375,TP3,2022-01-18 12:00:00+00:00,12.150000361600053,571.2115512500101,1680,True
2022-01-19 07:00:00+00:00,9,EUR_GBP,LONG,0.8340799999999999,0.83235,0.8348699999999999,0.8359599999999998,0.8359599999999998,426432.17,4,ASIAN,2.0,0.0007468336124377813,34.57322226555505,48.1585349842522,0.8344663224117744,0.8353027566687752,-13.127789327789241,False,5.305766899962503e-05,60.79850016020046,-6.8632241177446485,0.35164835164832886,7,2,london_breakout_long,0.83235,SL,2022-01-19 11:00:00+00:00,-17.29999999999898,-737.7276540999566,240,False
2022-01-20 09:00:00+00:00,9,EUR_GBP,SHORT,0.83248,0.8337,0.83184,0.83096,0.83096,598647.85,5,LONDON,2.0,0.0006684186965007922,25.97348601861793,45.08973773903785,0.8334914421645441,0.8347534644946765,-3.1048015678591945,False,2.704484096435228e-05,43.495827843656485,-7.714421645440561,0.34951456310683066,9,3,london_breakout_short,0.8337,SL,2022-01-20 12:00:00+00:00,-12.199999999999989,-730.3503769999993,180,False
2022-01-24 09:00:00+00:00,9,EUR_GBP,LONG,0.83757,0.8356550197842847,0.83857,0.8398100000000001,0.8398100000000001,377574.07,5,LONDON,2.0,0.0007192783658371124,31.960606445695817,68.44366938707607,0.8350810141431206,0.8347343528981875,9.304908675799028,False,-8.174403243100387e-05,75.39466554950577,22.489858568793817,0.6838235294117407,9,0,london_breakout_long,0.8398100000000001,TP3,2022-01-24 15:00:00+00:00,16.200000593261183,611.670015800004,360,True
2022-01-25 07:00:00+00:00,9,EUR_GBP,SHORT,0.83799,0.8401296011040917,0.8366699999999999,0.8350499999999998,0.8350499999999998,340794.17,4,ASIAN,2.0,0.000778994695805507,29.573959553791198,46.620108864668175,0.8376009424917445,0.8356539039698518,-6.470033444816448,False,-0.00029839547854444877,6.273937033430587,6.890575082554307,0.268656716417929,7,1,london_breakout_short,0.8350499999999998,TP3,2022-01-26 10:00:00+00:00,21.30000086269213,725.8916115000449,1620,True
2022-01-27 08:00:00+00:00,9,EUR_GBP,SHORT,0.83372,0.8357173883366633,0.83283,0.8316999999999999,0.8316999999999999,368692.69,5,LONDON,2.0,0.0007584585250463684,25.777033721095407,35.321615360875185,0.835808747359356,0.8357226811942076,-3.533333333330946,False,1.2286413033622248e-05,29.49593022429846,-18.487473593559177,0.608108108108101,8,3,london_breakout_short,0.8316999999999999,TP3,2022-01-28 05:00:00+00:00,14.55000054788271,536.4478841500351,1260,True
2022-01-31 09:00:00+00:00,9,EUR_GBP,SHORT,0.8309,0.83236,0.83014,0.82914,0.82914,508073.27,5,LONDON,2.0,0.0006846187118574814,26.486300673591643,39.31980805961773,0.8326102953590709,0.8343768181828608,-2.904406130267434,False,-4.303967275943633e-05,26.53708298869807,-14.7029535907095,0.7164179104477513,9,0,london_breakout_short,0.83236,SL,2022-01-31 11:00:00+00:00,-14.600000000000168,-741.7869742000086,120,False
2022-02-01 09:00:00+00:00,9,EUR_GBP,SHORT,0.83404,0.8359,0.83342,0.8325600000000001,0.8325600000000001,394822.1,4,LONDON,2.0,0.0007972647998767493,50.73845487638772,47.5195961945308,0.834023587618988,0.8344514213185101,-6.583718861209453,False,-0.00016562298859149212,44.91452991453318,2.564123810120389,0.7222222222221708,9,1,london_breakout_short,0.8325600000000001,TP3,2022-02-01 16:00:00+00:00,10.500000374851767,414.56321979997625,420,True
2022-02-02 08:00:00+00:00,9,EUR_GBP,LONG,0.8344,0.83322,0.83496,0.8357600000000001,0.8357600000000001,625859.94,4,LONDON,2.0,0.00067131806916907,20.49745368822059,53.98613011315417,0.8337883560561495,0.8342875554294604,2.266666666665973,False,6.287710863311669e-05,48.755013755013955,3.7164394385047483,0.6862745098039408,8,2,london_breakout_long,0.8344,TP1+SL,2022-02-02 11:00:00+00:00,2.8000000000000242,175.24078320000152,180,True
2022-02-03 09:00:00+00:00,9,EUR_GBP,SHORT,0.8320799999999999,0.8338854049934222,0.8312299999999999,0.8301399999999999,0.8301399999999999,410028.3,5,LONDON,2.0,0.0006642932832711569,20.799545198030593,38.019385521393396,0.8334525375749374,0.8340712472474212,-6.894109848486485,False,-2.6359665097896567e-05,20.76711386308934,-11.325375749374755,0.6810344827586504,9,3,london_breakout_short,0.8301399999999999,TP3,2022-02-03 12:00:00+00:00,13.950000473138426,571.9894979000145,180,True
2022-02-07 07:00:00+00:00,9,EUR_GBP,SHORT,0.84382,0.8463242364246465,0.84246,0.8408,0.8408,297890.02,4,ASIAN,2.0,0.0009080021005829755,34.284547897749775,46.12023339334521,0.8425635648211333,0.8374688378838926,-12.8457743663557,False,-0.000467475242984674,26.486267629393836,15.564351788667219,0.9200000000000071,7,0,london_breakout_short,0.8463242364246465,SL,2022-02-07 10:00:00+00:00,-25.042364246464775,-745.9870386226678,180,False
2022-02-08 07:00:00+00:00,9,EUR_GBP,SHORT,0.84262,0.8447936646886722,0.84128,0.83964,0.83964,339761.31,3,ASIAN,2.0,0.0007995040272211268,15.937660857257757,32.16852334680297,0.8440806004932867,0.839107952576083,-24.632110387516892,False,-0.0002508160865160604,7.791517132737135,-11.606004932867009,0.7931034482758171,7,1,london_breakout_short,0.8447936646886722,SL,2022-02-09 17:00:00+00:00,-21.736646886721942,-738.527162124007,2040,False
2022-02-10 09:00:00+00:00,9,EUR_GBP,SHORT,0.84295,0.84462,0.84217,0.84115,0.84115,437809.52,4,LONDON,2.0,0.0006603614279608012,31.844745879435468,43.67393369625226,0.8435531900180188,0.8407395217460413,-2.5480365296803864,False,-0.00010935074869628675,20.05444130933107,-3.631900180187664,0.4947368421052287,9,3,london_breakout_short,0.84115,TP3,2022-02-10 14:00:00+00:00,12.900000411137832,564.7742988000058,300,True
2022-02-11 08:00:00+00:00,9,EUR_GBP,SHORT,0.83995,0.8421743209944044,0.83851,0.83683,0.83683,331242.49,4,LONDON,2.0,0.0009084620836359009,49.312210492600094,26.839685637197476,0.8425430379168094,0.8409945828557372,-1.80000000000069,False,-0.00014319863107929666,41.653994375381735,-23.530379168094083,0.4125000000000266,8,4,london_breakout_short,0.83683,TP3,2022-02-11 18:00:00+00:00,22.80000094190819,755.2329084000014,600,True
2022-02-14 09:00:00+00:00,9,EUR_GBP,SHORT,0.83688,0.83818,0.8362599999999999,0.8353999999999998,0.8353999999999998,572570.74,5,LONDON,2.0,0.0009096217647756525,32.832225967404526,35.91884756255051,0.8395810383041188,0.8403285383718586,-6.216668227069233,False,0.00016763452965128393,20.254143987033828,-24.610383041188122,0.5619834710744226,9,0,london_breakout_short,0.83688,TP1+SL,2022-02-14 11:00:00+00:00,3.1000000000003243,177.4969294000186,120,True
2022-02-15 09:00:00+00:00,9,EUR_GBP,LONG,0.8375,0.835311388776762,0.8390299999999999,0.8407999999999999,0.8407999999999999,340908.85,4,LONDON,2.0,0.0007930555972026815,24.1961815088513,58.29932799768609,0.837436656936125,0.8394277635657807,7.106545904939088,False,0.0002533883416819899,57.83904074542422,-1.766569361250081,0.9896907216495305,9,1,london_breakout_long,0.8375,TP1+SL,2022-02-16 14:00:00+00:00,7.649999999999601,260.7952702499864,1740,True
2022-02-18 08:00:00+00:00,9,EUR_GBP,SHORT,0.83402,0.83565,0.83312,0.8319799999999999,0.8319799999999999,459340.42,5,LONDON,2.0,0.0007390873222302322,27.692469155903567,38.81889512630731,0.8358081606675204,0.8379708620999662,0.1333333333330966,False,8.915433877861652e-05,26.671824518419935,-15.48160667520393,0.2285714285714082,8,4,london_breakout_short,0.83402,TP1+SL,2022-02-21 01:00:00+00:00,4.5000000000000595,206.70318900000274,3900,True
2022-02-22 07:00:00+00:00,9,EUR_GBP,LONG,0.833,0.83109,0.83411,0.83552,0.83552,393084.77,4,ASIAN,2.0,0.0007777823533936382,31.414605861445985,52.57704078170249,0.8331326593124573,0.8360961047535593,1.097820462602206,False,9.598887896707792e-05,63.66788803063421,-4.326593124572842,0.5347222222222571,7,1,london_breakout_long,0.83552,TP3,2022-02-22 10:00:00+00:00,18.150000641083757,713.4488827500262,180,True
2022-02-23 08:00:00+00:00,9,EUR_GBP,LONG,0.83433,0.83292,0.83505,0.8360099999999999,0.8360099999999999,537536.46,3,LONDON,2.0,0.0008802994059354225,16.21256563553609,53.7454831785451,0.8337339809381241,0.8356941723893554,5.166666666666098,False,-6.441067413019674e-05,56.278153153152665,3.560190618758785,0.4838709677419378,8,2,london_breakout_long,0.83433,TP1+SL,2022-02-23 11:00:00+00:00,3.5999999999997145,193.51312559998465,180,True
2022-03-01 07:00:00+00:00,9,EUR_GBP,LONG,0.8368399999999999,0.8343,0.8379399999999999,0.8393399999999999,0.8393399999999999,299158.09,4,ASIAN,2.0,0.001080700564407087,24.02505447049708,55.21850707005709,0.8359437832408908,0.8358238348529221,3.9124173918514416,False,1.4470453025732693e-05,52.436150735994225,5.962167591091472,0.8673469387754882,7,1,london_breakout_long,0.8343,SL,2022-03-01 09:00:00+00:00,-25.39999999999876,-759.8615485999629,120,False
2022-03-02 08:00:00+00:00,9,EUR_GBP,SHORT,0.83324,0.83572,0.83214,0.8308,0.8308,303331.82,4,LONDON,2.0,0.0010411151314142506,15.933277929495578,39.836148551206364,0.8351122576670614,0.835547967340939,-4.533333333334166,False,-2.8712303913241028e-05,20.995699334267833,-16.322576670614318,0.7697368421052834,8,2,london_breakout_short,0.83324,TP1+SL,2022-03-02 11:00:00+00:00,5.499999999999949,166.83250099999847,180,True
2022-03-08 07:00:00+00:00,9,EUR_GBP,LONG,0.82994,0.82784,0.8309,0.8321599999999999,0.8321599999999999,359014.88,4,ASIAN,2.0,0.0011822526161942737,27.175224535119277,62.679316878051004,0.8273428231230241,0.8305484540497033,25.268637754406463,False,1.0988289081903459e-05,61.45273507478316,22.971768769759482,0.4367816091954654,7,1,london_breakout_long,0.8321599999999999,TP3,2022-03-08 08:00:00+00:00,15.90000061835802,570.833681399973,60,True
2022-03-08 09:00:00+00:00,9,EUR_GBP,LONG,0.83006,0.82784,0.8310799999999999,0.8323399999999999,0.8323399999999999,342179.99,5,LONDON,2.0,0.0013691872047797574,37.48437921944473,60.099360571742814,0.8275755010835758,0.8305450629643402,-8.094655285619812,False,0.0001004537202500726,59.100020261281536,22.444989164241978,0.5600000000000045,9,1,london_breakout_long,0.8323399999999999,TP3,2022-03-08 12:00:00+00:00,16.500000666314733,564.5970062999569,180,True
2022-03-09 08:00:00+00:00,9,EUR_GBP,LONG,0.83372,0.83176,0.8344999999999999,0.8355199999999998,0.8355199999999998,390451.81,5,LONDON,2.0,0.0011715625910829499,28.339178280024434,63.57110964897587,0.830306495922933,0.8308466974587805,2.1999999999999797,False,-6.990046103017033e-05,70.58603257817258,31.735040770669574,0.4999999999999666,8,2,london_breakout_long,0.83372,TP1+SL,2022-03-09 10:00:00+00:00,3.8999999999994595,152.2762058999789,120,True
2022-03-10 07:00:00+00:00,9,EUR_GBP,SHORT,0.8383400000000001,0.84036,0.8369800000000001,0.8353200000000001,0.8353200000000001,379608.08,4,ASIAN,2.0,0.0011319093100561023,28.665810777531917,56.67953218206313,0.8354923909145595,0.8324628651389413,8.830356263835881,False,-0.00042708003610849015,11.093263658532342,31.476090854405392,0.1219512195121753,7,3,london_breakout_short,0.84036,SL,2022-03-10 09:00:00+00:00,-20.199999999999108,-766.8083215999661,120,False
2022-03-10 09:00:00+00:00,9,EUR_GBP,SHORT,0.83823,0.84036,0.83681,0.8351500000000001,0.8351500000000001,356403.86,4,LONDON,2.0,0.0012554728234667443,25.239532416849837,55.29904068591462,0.8357202193717254,0.8325815198229554,-5.515400074305177,False,-0.00047140098266877217,12.837179599125605,27.497806282746893,0.013274336283223446,9,3,london_breakout_short,0.84036,SL,2022-03-10 12:00:00+00:00,-21.299999999999653,-759.1402217999876,180,False
2022-03-11 09:00:00+00:00,9,EUR_GBP,SHORT,0.83862,0.84151,0.8366500000000001,0.8344400000000002,0.8344400000000002,260051.5,4,LONDON,2.0,0.0013595405859037296,20.441693937347548,45.43860496222462,0.8383023914942369,0.8341291984321945,-9.764225741579757,False,-0.00014313636478697806,34.29665837692628,5.576085057631408,0.8262910798122124,9,4,london_breakout_short,0.84151,SL,2022-03-11 11:00:00+00:00,-28.89999999999948,-751.5488349999865,120,False
2022-03-14 08:00:00+00:00,9,EUR_GBP,LONG,0.8401500000000001,0.83743,0.84136,0.84281,0.84281,273541.67,5,LONDON,2.0,0.0011432815497782406,23.978126165831554,61.51667340848647,0.8381925902854241,0.8349805584236264,5.0000000000005596,False,0.0002438475333962813,71.12848272077885,17.174097145759013,0.7427184466019747,8,0,london_breakout_long,0.8401500000000001,TP1+SL,2022-03-14 11:00:00+00:00,6.049999999999667,165.4927103499909,180,True
2022-03-15 07:00:00+00:00,9,EUR_GBP,LONG,0.8447,0.8416791198994994,0.8459800000000001,0.8475600000000001,0.8475600000000001,246844.71,5,ASIAN,2.0,0.00122204118018596,28.847155418918547,67.09844066169123,0.8402438733157063,0.8363097905261855,33.24971582370107,False,0.00010238035787561077,53.83567686793426,41.561266842937705,0.8445945945945931,7,1,london_breakout_long,0.8416791198994994,SL,2022-03-15 11:00:00+00:00,-30.208801005006112,-745.6882723528443,240,False
2022-03-16 08:00:00+00:00,9,EUR_GBP,LONG,0.8418800000000001,0.83994,0.84292,0.8442,0.8442,380531.64,5,LONDON,2.0,0.001039439207275896,23.92144729607938,57.770200057764754,0.8404764632360172,0.8372808801281032,2.2333333333346417,False,0.00012405306502234244,48.38928678745956,11.63536763982842,0.580645161290339,8,2,london_breakout_long,0.8418800000000001,TP1+SL,2022-03-16 11:00:00+00:00,5.1999999999996485,197.87645279998665,180,True
2022-03-18 09:00:00+00:00,9,EUR_GBP,SHORT,0.84132,0.84379,0.83949,0.8374199999999999,0.8374199999999999,299680.22,3,LONDON,2.0,0.0009756416929946577,14.204744185797395,45.71575153906322,0.8415209622219338,0.8388017682075565,-3.3201293305873403,False,-0.00029895623939745505,24.97316156736805,0.3903777806613107,0.22429906542057432,9,4,london_breakout_short,0.84132,TP1+SL,2022-03-21 09:00:00+00:00,9.149999999999991,274.20740129999973,4320,True
2022-03-22 08:00:00+00:00,9,EUR_GBP,SHORT,0.8351,0.83722,0.83388,0.8324199999999999,0.8324199999999999,350449.16,5,LONDON,2.0,0.0008838166786433633,45.18477232623151,28.868329499941936,0.8381194272122094,0.8384988179059241,-1.0333333333345518,False,-2.4499973254535215e-05,22.435769102435916,-27.794272122094732,0.25128205128204545,8,1,london_breakout_short,0.8324199999999999,TP3,2022-03-22 11:00:00+00:00,19.500000764732963,683.3758888000025,180,True
2022-03-23 08:00:00+00:00,9,EUR_GBP,LONG,0.83338,0.8309568571255688,0.83499,0.83684,0.83684,309427.06,4,LONDON,2.0,0.0010001673533601505,42.67499410856151,56.63013731195942,0.8339742791015805,0.8370086819294636,7.033333333333891,False,0.0003493724134136897,73.00848376429681,-8.342791015805151,0.8754716981132263,8,2,london_breakout_long,0.83338,TP1+SL,2022-03-24 17:00:00+00:00,8.05,249.08878330000005,1980,True
2022-03-25 08:00:00+00:00,9,EUR_GBP,LONG,0.83714,0.8348424587924388,0.83817,0.83944,0.83944,327426.93,5,LONDON,2.0,0.0008728010199512889,31.53295850713456,70.55684682936307,0.8340284859228337,0.8357396121446907,4.266666666665753,False,0.00016137836606962502,75.4332635946677,28.715140771662373,0.7565789473684278,8,4,london_breakout_long,0.8348424587924388,SL,2022-03-25 11:00:00+00:00,-22.975412075612045,-752.276864140258,180,False
2022-03-28 08:00:00+00:00,9,EUR_GBP,LONG,0.83523,0.8325055018463237,0.83695,0.8389099999999999,0.8389099999999999,273354.6,4,LONDON,2.0,0.0011185278856512251,23.375333018446582,58.80540416174549,0.8337130346888227,0.8352813609004387,5.133333333333656,False,0.00011528917431567949,48.59518472858833,12.769653111772694,0.7043795620437715,8,0,london_breakout_long,0.8389099999999999,TP3,2022-03-28 14:00:00+00:00,27.00000134623597,738.0574567999794,360,True
2022-03-29 08:00:00+00:00,9,EUR_GBP,LONG,0.84136,0.8388722009622755,0.84282,0.84452,0.84452,302329.35,5,LONDON,2.0,0.0009763253568690872,55.73181107032843,73.63135989414752,0.836917067857662,0.8360124880539541,5.933333333332236,False,2.8967021358547278e-06,75.56827111282684,42.029321423380225,0.4444444444444444,8,1,london_breakout_long,0.84452,TP3,2022-03-29 11:00:00+00:00,23.100001045218086,698.3808301000104,180,True
2022-03-30 08:00:00+00:00,9,EUR_GBP,LONG,0.84924,0.84654,0.85092,0.85284,0.85284,281154.99,5,LONDON,2.0,0.001145172583292075,46.12100923828116,71.5409396254654,0.8431005881539035,0.8382973921802017,6.299999999999084,False,-0.00021678193662263046,57.233523389436606,58.99411846096436,0.6130653266331849,8,2,london_breakout_long,0.84654,SL,2022-03-30 10:00:00+00:00,-27.000000000000355,-759.11847300001,120,False
2022-03-31 07:00:00+00:00,9,EUR_GBP,SHORT,0.84858,0.8510703232037373,0.84692,0.84496,0.84496,301779.02,4,ASIAN,2.0,0.0009478343328167367,40.26694995278952,49.91569806082071,0.8468829178798368,0.8405282368479433,4.7629680504668315,False,-0.0001877431351473102,29.093977154725014,19.970821201631406,0.73936170212762,7,3,london_breakout_short,0.84496,TP3,2022-03-31 10:00:00+00:00,26.400001199552992,796.6966489999927,180,True
2022-04-07 07:00:00+00:00,9,EUR_GBP,SHORT,0.83224,0.8341990270442441,0.83114,0.82974,0.82974,387689.53,5,ASIAN,2.0,0.0008083529021478404,30.709097817885556,34.08548619450758,0.8347788562628767,0.8380503321505274,-14.765258084652455,False,-3.114988762605928e-05,45.760379233886226,-22.388562628767872,0.66171003717473,7,3,london_breakout_short,0.8341990270442441,SL,2022-04-07 11:00:00+00:00,-19.590270442441106,-759.4942740402885,240,False
2022-04-08 07:00:00+00:00,9,EUR_GBP,LONG,0.8336,0.8311889543366826,0.8354100000000001,0.8375200000000002,0.8375200000000002,311856.11,4,ASIAN,2.0,0.0008591026749464752,39.12309711320014,56.158876156755106,0.833310176782988,0.8368768066130998,1.496037859159971,False,0.0001563398784708588,96.99244753920338,-0.10176782987980637,0.4380952380952552,7,4,london_breakout_long,0.8375200000000002,TP3,2022-04-10 21:00:00+00:00,28.65000125699113,893.4677943500365,3720,True
2022-04-12 09:00:00+00:00,9,EUR_GBP,LONG,0.83614,0.83445,0.8371799999999999,0.8384599999999999,0.8384599999999999,450197.63,4,LONDON,2.0,0.0007528464910287678,21.984553790125645,56.79115400062209,0.8351581791767808,0.836307436193498,3.9075443177138958,False,2.0969379973867605e-05,78.03757970424333,7.4182082321916365,0.7333333333332248,9,1,london_breakout_long,0.83445,SL,2022-04-12 11:00:00+00:00,-16.899999999999693,-760.8339946999862,120,False
2022-04-19 07:00:00+00:00,9,EUR_GBP,LONG,0.83028,0.8285019763426335,0.83116,0.83234,0.83234,423630.84,3,ASIAN,2.0,0.0006268373584504593,18.185401552189578,66.90720285144941,0.8287431966527207,0.8314217106326037,11.32286345381539,False,7.68486045020806e-05,83.72378501493915,12.368033472793805,0.9174311926605215,7,1,london_breakout_long,0.8285019763426335,SL,2022-04-19 09:00:00+00:00,-17.780236573665672,-753.2256555100712,120,False
2022-04-26 07:00:00+00:00,9,EUR_GBP,SHORT,0.83952,0.84204,0.83798,0.8361399999999999,0.8361399999999999,295910.08,4,ASIAN,2.0,0.0009864455799080609,22.791993821344988,40.423328352385575,0.8399479934115887,0.835215786596288,-21.1770190016336,False,-0.00023759961228888774,25.0047483380818,-1.2799341158864497,0.19444444444442874,7,1,london_breakout_short,0.84204,SL,2022-04-26 12:00:00+00:00,-25.19999999999967,-745.6934015999902,300,False
2022-04-29 07:00:00+00:00,9,EUR_GBP,SHORT,0.8406600000000001,0.84302,0.83906,0.83716,0.83716,312812.06,4,ASIAN,2.0,0.0010053881242874738,36.36080843386743,39.66018692033256,0.8422256396414287,0.8390246437871667,-18.88411236973253,False,-0.00024123593901321602,9.940872135995576,-12.65639641428673,0.09999999999995837,7,4,london_breakout_short,0.8406600000000001,TP1+SL,2022-05-02 07:00:00+00:00,8.00000000000023,250.24964800000717,4320,True
2022-05-04 07:00:00+00:00,9,EUR_GBP,SHORT,0.8407600000000001,0.8431274309776283,0.83924,0.8374199999999999,0.8374199999999999,312887.25,4,ASIAN,2.0,0.0008643315059762231,25.755568288745195,44.9494731261662,0.8411217708263642,0.8397148638642373,-3.9006750635017795,False,-0.00016133685155249897,22.321986956132054,-0.6177082636416031,0.651851851851864,7,2,london_breakout_short,0.8431274309776283,SL,2022-05-04 13:00:00+00:00,-23.6743097762826,-740.7389681549178,360,False
2022-05-06 07:00:00+00:00,9,EUR_GBP,LONG,0.8548199999999999,0.851170168648793,0.85786,0.8612,0.8612,200922.04,5,ASIAN,2.0,0.0014163659304482928,35.120529110637136,71.83569742222767,0.8481615083135005,0.8427505788815751,35.12549177803192,False,-0.0001676297742000876,74.66854779421517,63.584916864994895,0.20746887966802494,7,4,london_breakout_long,0.8548199999999999,TP1+SL,2022-05-06 19:00:00+00:00,15.20000000000021,305.40150080000427,720,True
2022-05-10 07:00:00+00:00,9,EUR_GBP,LONG,0.85741,0.85461,0.85948,0.86185,0.86185,262994.85,4,ASIAN,2.0,0.00130227313055425,18.99711563736628,59.83190838952459,0.8542854209083338,0.8473380575029578,18.229500412881848,False,-4.421225170839096e-05,57.21463575794601,28.245790916662237,0.6578947368421173,7,1,london_breakout_long,0.85461,SL,2022-05-10 10:00:00+00:00,-28.000000000000245,-736.3855800000065,180,False
2022-05-11 09:00:00+00:00,9,EUR_GBP,SHORT,0.85334,0.85558,0.8518,0.85002,0.85002,325456.13,4,LONDON,2.0,0.0011482617807985942,22.151587997337742,40.1890950483146,0.8547103262225971,0.8491097632001761,-5.341004135360761,False,-0.0001135815674056542,20.624305130125013,-11.303262225971222,0.38297872340423855,9,2,london_breakout_short,0.85558,SL,2022-05-11 11:00:00+00:00,-22.400000000000198,-729.0217312000065,120,False
2022-05-12 08:00:00+00:00,9,EUR_GBP,SHORT,0.85697,0.860198218897999,0.8546900000000001,0.8521700000000001,0.8521700000000001,223569.57,4,LONDON,2.0,0.0014370527335424478,56.57219946697004,47.40051795829726,0.8567399992430329,0.8507794321943338,0.5333333333346069,False,4.616392865047325e-05,62.219503523851095,4.700007569671261,0.08490566037739505,8,3,london_breakout_short,0.8521700000000001,TP3,2022-05-12 12:00:00+00:00,35.400002146982025,791.4363257999848,240,True
2022-05-13 07:00:00+00:00,9,EUR_GBP,LONG,0.85288,0.8499295070321219,0.85416,0.8557400000000001,0.8557400000000001,247296.26,4,ASIAN,2.0,0.001143040245211888,39.127215335311746,51.56868075615595,0.8534076199367666,0.8508930795508272,4.7783170117587925,False,0.00029937472876086745,57.85465481621251,-8.276199367666104,0.8378378378378257,7,4,london_breakout_long,0.8499295070321219,SL,2022-05-13 18:00:00+00:00,-29.50492967878082,-729.6458761125499,660,False
2022-05-18 07:00:00+00:00,9,EUR_GBP,LONG,0.8487,0.845700445001787,0.85084,0.85328,0.85328,240818.86,4,ASIAN,2.0,0.001217691856479118,20.52350434523464,66.11881298707613,0.8462523003323101,0.8488953137984078,42.08793683587397,False,0.00039994200870997705,65.91943784131608,21.476996676899063,0.9102990033222973,7,2,london_breakout_long,0.845700445001787,SL,2022-05-18 14:00:00+00:00,-29.995549982130274,-722.3494151769634,420,False
2022-05-19 07:00:00+00:00,9,EUR_GBP,SHORT,0.84699,0.84948,0.8451299999999999,0.8429699999999999,0.8429699999999999,287199.17,3,ASIAN,2.0,0.001218020123627543,16.91714545425755,48.510463250943474,0.847328502945269,0.8486954145112247,-5.790249544556092,False,-0.00013723266645959773,41.78537511870859,-0.38502945268970024,0.7250000000000305,7,3,london_breakout_short,0.84699,TP1+SL,2022-05-19 15:00:00+00:00,9.30000000000042,267.09522810001204,480,True
2022-05-23 08:00:00+00:00,9,EUR_GBP,LONG,0.84706,0.8443348618915699,0.8489000000000001,0.8509800000000002,0.8509800000000002,263398.35,4,LONDON,2.0,0.0011266227259883355,40.943875519350996,57.18087422926628,0.8462907053428231,0.8478858696072361,5.7000000000007045,False,0.00014907072932984647,67.30639296949235,5.2929465717688196,0.7508771929824619,8,0,london_breakout_long,0.84706,TP1+SL,2022-05-23 12:00:00+00:00,9.200000000000319,242.32648200000838,240,True
2022-05-24 07:00:00+00:00,9,EUR_GBP,LONG,0.8532,0.850385452554163,0.85521,0.8575200000000001,0.8575200000000001,255891.99,5,ASIAN,2.0,0.0012082604798823086,33.97935247541699,72.21640562256982,0.8481419321326099,0.8481670471112264,40.76784398590938,False,9.625197675347649e-05,57.216919019089424,47.580678673900806,0.9270833333333462,7,1,london_breakout_long,0.8575200000000001,TP3,2022-05-24 08:00:00+00:00,31.650001688213123,809.8981915500216,60,True
2022-05-24 08:00:00+00:00,9,EUR_GBP,LONG,0.85755,0.8542893488002943,0.85962,0.8619300000000001,0.8619300000000001,223366.16,5,LONDON,2.0,0.001640527588462139,40.63937422001399,81.2021597252336,0.8485014642058409,0.8482580217668361,16.133333333333553,False,0.0005147129511249081,85.30053180692632,88.08535794159077,0.6060606060606214,8,1,london_breakout_long,0.8542893488002943,SL,2022-05-25 04:00:00+00:00,-32.606511997057545,-728.3191375776677,1200,False
2022-05-30 08:00:00+00:00,9,EUR_GBP,LONG,0.85246,0.8501553159406608,0.8542799999999999,0.8563399999999999,0.8563399999999999,312856.74,5,LONDON,2.0,0.000873311222040255,37.16067147894436,70.42557888531351,0.8503990420640688,0.8500801728206554,4.633333333332601,False,0.00027312618042303215,79.39407924890652,18.20957935931178,0.6711409395973199,8,0,london_breakout_long,0.8501553159406608,SL,2022-05-31 10:00:00+00:00,-23.046840593391458,-721.0359415348117,1560,False
2022-06-01 08:00:00+00:00,9,EUR_GBP,LONG,0.85249,0.8505,0.85347,0.85469,0.85469,358706.32,5,LONDON,2.0,0.0009259994529809788,21.638853993624025,57.89803273841984,0.8512584485146809,0.8506179185429018,4.299999999999304,False,6.049446002354082e-05,65.96452904768904,9.915514853190421,0.7098445595854469,8,2,london_breakout_long,0.85249,TP1+SL,2022-06-01 17:00:00+00:00,4.899999999999904,175.76609679999657,540,True
2022-06-02 08:00:00+00:00,9,EUR_GBP,SHORT,0.8519599999999999,0.8542813573635941,0.8507,0.8492000000000001,0.8492000000000001,308260.7,4,LONDON,2.0,0.000861647020763536,21.34780274601028,42.59214036860797,0.8524504511428261,0.8511592124423063,-2.7999999999994696,False,-0.00017241074920747645,16.350504350503492,-2.504511428261802,0.6290322580645089,8,3,london_breakout_short,0.8542813573635941,SL,2022-06-02 14:00:00+00:00,-23.213573635941785,-715.583245851696,360,False
2022-06-08 07:00:00+00:00,9,EUR_GBP,LONG,0.8521,0.8497937947373302,0.85314,0.85448,0.85448,307183.15,4,ASIAN,2.0,0.0008973048118487924,27.744670727851837,52.564034939808025,0.8524416575019782,0.8527646770273936,0.15263164167778065,False,0.0002419383538986861,69.0724996258008,-6.416575019781989,0.8638497652582079,7,2,london_breakout_long,0.85448,TP3,2022-06-08 10:00:00+00:00,17.10000077478253,525.2832103000138,180,True
2022-06-10 07:00:00+00:00,9,EUR_GBP,LONG,0.8523799999999999,0.8498,0.85412,0.85616,0.85616,276620.25,4,ASIAN,2.0,0.0011743787200834276,31.463752862380815,52.24325451299449,0.8523786237340565,0.8528946496699562,-4.800961766426859,False,0.0002745015233068706,65.51576292559785,-2.9862373405653564,0.30508474576265127,7,4,london_breakout_long,0.8498,SL,2022-06-10 09:00:00+00:00,-25.79999999999916,-713.6802449999767,120,False
2022-06-14 07:00:00+00:00,9,EUR_GBP,LONG,0.85971,0.8563032284671989,0.86232,0.8652299999999999,0.8652299999999999,207393.84,5,ASIAN,2.0,0.001272515140754697,29.97329656053174,64.95949726889839,0.8559087232230469,0.8539922935070359,16.697101078290142,False,-8.782755579697513e-05,78.20518327605998,35.0127677695311,0.825301204819269,7,1,london_breakout_long,0.8652299999999999,TP3,2022-06-14 11:00:00+00:00,40.65000266160253,843.056014799997,240,True
2022-06-16 07:00:00+00:00,9,EUR_GBP,LONG,0.8602,0.8579,0.86168,0.86346,0.86346,310858.26,5,ASIAN,2.0,0.0014485965994152621,40.21777018684385,43.1258609769972,0.8614904894872765,0.857729139546694,-14.38218344190556,False,0.00019265226957183683,48.435355015716006,-15.904894872764697,0.31560283687942103,7,3,london_breakout_long,0.8579,SL,2022-06-16 09:00:00+00:00,-22.999999999999687,-714.9739979999903,120,False
2022-06-21 08:00:00+00:00,9,EUR_GBP,LONG,0.8596,0.85743,0.8607899999999999,0.8622199999999999,0.8622199999999999,326186.29,4,LONDON,2.0,0.0011122115016003586,13.267067312261903,57.13415750447184,0.858421233485263,0.8576863303775745,4.266666666666863,False,3.120621656325668e-05,67.91444074340338,9.387665147370106,0.5705128205128552,8,1,london_breakout_long,0.8596,TP1+SL,2022-06-21 13:00:00+00:00,5.949999999999567,194.08084254998585,300,True
2022-06-22 07:00:00+00:00,9,EUR_GBP,LONG,0.8615999999999999,0.8589860519977628,0.86286,0.86442,0.86442,271529.91,5,ASIAN,2.0,0.0011644664008309356,22.371183345003242,66.52377511474458,0.858615751423723,0.8579138278539118,22.013468160824168,False,0.0001469557083742796,42.42862170286467,26.84248576276915,0.751756440281016,7,2,london_breakout_long,0.8589860519977628,SL,2022-06-22 09:00:00+00:00,-26.13948002237132,-709.7650657921282,120,False
2022-06-23 08:00:00+00:00,9,EUR_GBP,SHORT,0.8599,0.8627083185133142,0.85806,0.8559800000000001,0.8559800000000001,250209.3,4,LONDON,2.0,0.0012453754478023958,40.38089185604982,43.516323676035334,0.860541433547317,0.8586998288408086,-9.733333333332705,False,-0.00016543036570080562,54.45801322746479,-4.014335473170316,0.6960784313725423,8,3,london_breakout_short,0.8599,TP1+SL,2022-06-23 17:00:00+00:00,9.199999999999763,230.19255599999408,540,True
2022-06-27 07:00:00+00:00,9,EUR_GBP,SHORT,0.8589600000000001,0.86082,0.85812,0.85698,0.85698,379015.77,4,ASIAN,2.0,0.0010411966082409583,28.983833010048702,47.98577962102055,0.8593899070860708,0.858805331277457,3.0669783320114163,False,-2.0000228824883573e-05,41.74953827992589,-1.299070860707463,0.26315789473681905,7,0,london_breakout_short,0.86082,SL,2022-06-27 09:00:00+00:00,-18.599999999999728,-704.9693321999897,120,False
2022-07-01 09:00:00+00:00,9,EUR_GBP,LONG,0.8667,0.8635738288992145,0.86824,0.87002,0.87002,223250.62,5,LONDON,2.0,0.0012998635517203385,35.58303765510804,76.92451825621255,0.8617510544080669,0.8607715291705955,17.053876423308576,False,0.0004939439724514067,83.37167989231814,47.089455919331336,0.6708463949843302,9,4,london_breakout_long,0.8635738288992145,SL,2022-07-01 15:00:00+00:00,-31.261711007855023,-697.9196364764458,360,False
2022-07-04 07:00:00+00:00,9,EUR_GBP,SHORT,0.86001,0.86274,0.8586800000000001,0.8570500000000002,0.8570500000000002,253091.74,4,ASIAN,2.0,0.0010643547995064086,49.253592775758996,34.377199551770104,0.8623480987368783,0.8612221597724704,-37.64344620738713,False,-0.0002648228407335658,19.431418021657624,-20.38098736878324,0.7903225806451338,7,0,london_breakout_short,0.8570500000000002,TP3,2022-07-05 08:00:00+00:00,21.45000116953536,542.8818118999739,1500,True
2022-07-05 08:00:00+00:00,9,EUR_GBP,SHORT,0.85556,0.8582307594637189,0.85429,0.85278,0.85278,260738.3,5,LONDON,2.0,0.0012049963722384233,33.332453552646164,21.12619093017328,0.8612772930878316,0.861113461196981,-5.9666666666657875,False,-0.000368500313448484,17.723641101297087,-54.772930878316245,0.7044917257683248,8,1,london_breakout_short,0.8582307594637189,SL,2022-07-05 11:00:00+00:00,-26.707594637188635,-696.3692822789682,180,False
2022-07-06 07:00:00+00:00,9,EUR_GBP,SHORT,0.8569300000000001,0.8600421340083712,0.8545400000000001,0.8518500000000001,0.8518500000000001,221521.82,4,ASIAN,2.0,0.0012145069173949577,17.899019959525166,38.30391602778633,0.8595394081971153,0.8605519638679238,-9.457936316804583,False,5.13077424099477e-05,46.60441651552617,-23.094081971152256,0.6848739495798117,7,2,london_breakout_short,0.8518500000000001,TP3,2022-07-07 08:00:00+00:00,37.350002293227696,827.3840484999974,1500,True
2022-07-07 08:00:00+00:00,9,EUR_GBP,SHORT,0.85178,0.8550211389740289,0.8499,0.84778,0.84778,215257.48,5,LONDON,2.0,0.0012997087617821518,37.76907813058065,33.48907121952445,0.85624514361062,0.8592108751123196,-3.7000000000009248,False,3.678415667526672e-06,23.41096223376935,-42.251436106199854,0.6795366795366782,8,3,london_breakout_short,0.84778,TP3,2022-07-07 14:00:00+00:00,29.400001858239705,632.8570311999997,360,True
2022-07-11 07:00:00+00:00,9,EUR_GBP,SHORT,0.84518,0.84728,0.84376,0.8420399999999999,0.8420399999999999,335241.9,4,ASIAN,2.0,0.000994421606903667,19.864762406844935,40.242222518337535,0.8477312069772424,0.8543782847587098,-7.050936366665983,False,7.645870371332265e-05,31.978087453603802,-22.51206977242348,0.26623376623378264,7,0,london_breakout_short,0.84728,SL,2022-07-11 12:00:00+00:00,-20.999999999999908,-704.007989999997,300,False
2022-07-18 08:00:00+00:00,9,EUR_GBP,SHORT,0.8478,0.84973,0.84651,0.84498,0.84498,361123.27,5,LONDON,2.0,0.0009676792813380587,25.485410940520048,42.70522240873374,0.8482924353314641,0.8491493970177736,-2.866666666667683,False,-0.0002334556352805423,33.58876117496834,-2.524353314641292,0.8208955223880473,8,0,london_breakout_short,0.8478,TP1+SL,2022-07-18 14:00:00+00:00,6.450000000000067,232.92450915000242,360,True
2022-07-19 07:00:00+00:00,9,EUR_GBP,LONG,0.85308,0.8503256107983744,0.8544700000000001,0.8561600000000001,0.8561600000000001,253884.66,5,ASIAN,2.0,0.0012130588463180425,24.12572945823173,72.68174044572676,0.8485040189318559,0.849016165829777,43.30188976146343,False,0.00029148554857285003,75.87478808188673,42.759810681440854,0.8009478672985634,7,1,london_breakout_long,0.8503256107983744,SL,2022-07-20 10:00:00+00:00,-27.543892016255178,-699.2971659623661,1620,False
2022-07-21 07:00:00+00:00,9,EUR_GBP,LONG,0.85409,0.8509883235887226,0.85617,0.8585499999999999,0.8585499999999999,223203.23,5,ASIAN,2.0,0.0012306226670459174,27.555495214669037,61.459737953659605,0.8511764914855792,0.8500661245560898,22.08724341010493,False,0.00027762864363115524,73.29876336155162,26.135085144208812,0.904942965779479,7,3,london_breakout_long,0.8585499999999999,TP3,2022-07-21 12:00:00+00:00,32.700001998178365,729.8746066999865,300,True
2022-07-22 07:00:00+00:00,9,EUR_GBP,SHORT,0.84974,0.85236,0.84866,0.8472799999999999,0.8472799999999999,267024.02,3,ASIAN,2.0,0.0011739857854927756,19.387305545037577,38.22490388571432,0.8518075260662321,0.850560506154892,-32.64958903806958,False,-0.00020754793221374558,44.346787041955544,-17.675260662320945,0.6527196652719681,7,4,london_breakout_short,0.85236,SL,2022-07-25 06:00:00+00:00,-26.199999999999555,-699.6029323999882,4260,False
2022-07-25 07:00:00+00:00,9,EUR_GBP,SHORT,0.8496,0.852458648816507,0.84797,0.84604,0.84604,242284.71,5,ASIAN,2.0,0.0011374981318454554,21.097920232254747,40.05728798358465,0.8512905309770092,0.8506380496132535,-9.499400239902922,False,-2.607795993470944e-05,31.88845130268001,-13.905309770092522,0.25954198473283413,7,0,london_breakout_short,0.84604,TP3,2022-07-26 10:00:00+00:00,25.950001469345853,628.7288580500034,1620,True
2022-07-28 07:00:00+00:00,9,EUR_GBP,SHORT,0.8377300000000001,0.84038,0.83581,0.83359,0.83359,263733.66,5,ASIAN,2.0,0.0011916241690287308,29.718933734930292,35.9636085343122,0.8416341244327236,0.8466434051946149,-17.397728723773653,False,9.556041898430175e-05,45.500603858868836,-36.0412443272351,0.6388888888888775,7,3,london_breakout_short,0.8377300000000001,TP1+SL,2022-07-28 14:00:00+00:00,9.600000000000163,253.1843136000043,420,True
2022-07-29 08:00:00+00:00,9,EUR_GBP,LONG,0.8401500000000001,0.8372073253774719,0.8417300000000001,0.8435500000000001,0.8435500000000001,238363.43,4,LONDON,2.0,0.0011845648597961684,40.47751379176119,62.6722653829435,0.8390435165699771,0.8446084646185994,4.366666666666408,False,0.0002812487021518282,49.35897435897531,8.664834300229352,0.7391304347826144,8,4,london_breakout_long,0.8372073253774719,SL,2022-07-29 15:00:00+00:00,-29.42674622528174,-701.4260163997708,420,False
2022-08-01 09:00:00+00:00,9,EUR_GBP,SHORT,0.83792,0.83988,0.83652,0.8348800000000001,0.8348800000000001,354291.72,5,LONDON,2.0,0.0010679778206500487,31.105109122645445,43.13575294419881,0.8391269857797978,0.8434206185465727,-3.7813018506682727,False,-0.0001533217681980999,26.306247614536343,-9.669857797978132,0.31666666666661886,9,0,london_breakout_short,0.83792,TP1+SL,2022-08-02 00:00:00+00:00,6.999999999999783,248.00420399999234,900,True
2022-08-02 08:00:00+00:00,9,EUR_GBP,LONG,0.84021,0.8374680213260486,0.84193,0.8438899999999999,0.8438899999999999,254156.54,4,LONDON,2.0,0.0010757349360391074,32.56662948171691,66.41122779508791,0.838250594506834,0.8422071890650142,6.566666666665277,False,0.00024879319793598875,60.65469613099788,17.194054931659597,0.9512195121951272,8,1,london_breakout_long,0.8374680213260486,SL,2022-08-02 11:00:00+00:00,-27.41978673951428,-696.8918125252832,180,False
2022-08-04 08:00:00+00:00,9,EUR_GBP,LONG,0.838,0.83572,0.8397899999999999,0.8418199999999999,0.8418199999999999,302597.76,4,LONDON,2.0,0.0009829965797947414,21.170739643164467,59.34378763999813,0.836726023230757,0.8399668303286445,4.133333333333766,False,7.739794877547641e-05,58.91074992871099,10.339767692429946,0.5999999999999753,8,3,london_breakout_long,0.83572,SL,2022-08-04 11:00:00+00:00,-22.79999999999949,-689.9228927999845,180,False
2022-08-10 07:00:00+00:00,9,EUR_GBP,SHORT,0.84445,0.84604,0.84383,0.8429099999999999,0.8429099999999999,429574.63,3,ASIAN,2.0,0.0006957923035038319,17.968673035775232,44.797856671325505,0.8445127989763129,0.8423576385977829,-5.809176466304855,False,-0.00014850955592047893,28.12890570267776,2.372010236870725,0.8090909090908678,7,2,london_breakout_short,0.84604,SL,2022-08-10 09:00:00+00:00,-15.899999999999801,-683.0236616999915,120,False
2022-08-11 07:00:00+00:00,9,EUR_GBP,LONG,0.84495,0.843,0.84577,0.84689,0.84689,346765.86,5,ASIAN,2.0,0.0008798067292275351,27.375918441515772,56.04893736898003,0.8440977419802158,0.8426953587616165,4.479937000860801,False,0.00013202697373832076,42.78866413822363,5.52258019784202,0.5252525252525507,7,3,london_breakout_long,0.84689,TP3,2022-08-11 10:00:00+00:00,13.800000559455784,478.5369062000166,180,True
2022-08-12 09:00:00+00:00,9,EUR_GBP,LONG,0.84802,0.8455434057474787,0.8496400000000001,0.8515000000000001,0.8515000000000001,274965.83,5,LONDON,2.0,0.0010350207223650764,32.71838752872917,66.38221456355652,0.8453867823177382,0.8434625045185161,10.640020005000528,False,2.1058671696299615e-06,59.65384615384522,23.9321768226175,0.6503496503496469,9,4,london_breakout_long,0.8455434057474787,SL,2022-08-12 14:00:00+00:00,-24.765942525213354,-680.9787942177587,300,False
2022-08-16 07:00:00+00:00,9,EUR_GBP,SHORT,0.84246,0.84397,0.8415699999999999,0.8403799999999999,0.8403799999999999,446469.54,5,ASIAN,2.0,0.0007759506387560631,20.318285567431243,40.3137995485263,0.8441618441653798,0.8438088517378247,-7.56728881097346,False,0.00011381808447931104,47.21023410678143,-14.018441653798064,0.6000000000000171,7,1,london_breakout_short,0.84246,TP1+SL,2022-08-16 10:00:00+00:00,4.450000000000286,198.6789453000128,180,True
2022-08-18 08:00:00+00:00,9,EUR_GBP,SHORT,0.84368,0.8462507673159184,0.84163,0.83934,0.83934,263017.11,4,LONDON,2.0,0.0009785707173411247,53.37210281950117,49.70799310375912,0.8434735949903135,0.8433919981204614,-3.7999999999993594,False,-0.00013313672534947835,30.133954915615973,4.464050096865124,0.6139240506329181,8,3,london_breakout_short,0.8462507673159184,SL,2022-08-19 00:00:00+00:00,-25.707673159184317,-676.1557899153229,960,False
2022-08-19 07:00:00+00:00,9,EUR_GBP,LONG,0.84734,0.84546,0.84856,0.85008,0.85008,356060.77,5,ASIAN,2.0,0.0009236728345945595,45.56304850961604,64.45893764697564,0.8447173725862873,0.8437926330262886,21.302681837017666,False,7.844210896003128e-05,72.8917991217772,23.226274137126968,0.19333333333333433,7,4,london_breakout_long,0.85008,TP3,2022-08-19 11:00:00+00:00,19.800000769531376,705.0003519999935,240,True
2022-08-22 09:00:00+00:00,9,EUR_GBP,SHORT,0.8473499999999999,0.84921,0.846,0.84441,0.84441,363679.7,4,LONDON,2.0,0.000918717095311003,40.59733650513271,43.45429813773071,0.8473513948494283,0.8449591763535113,-1.8561205070211084,False,-0.0002929850148382684,28.72058453010817,2.386051505716136,0.14018691588793677,9,0,london_breakout_short,0.84441,TP3,2022-08-22 16:00:00+00:00,21.45000080840319,780.0929858999829,420,True
2022-08-23 08:00:00+00:00,9,EUR_GBP,SHORT,0.84309,0.84522,0.84214,0.84095,0.84095,321241.87,5,LONDON,2.0,0.0009161824106022125,37.874502094500215,30.43372415130618,0.845854233403396,0.8449698098469414,-7.233333333334091,False,-1.3266225970099245e-06,34.77200640388565,-25.242334033960255,0.447963800904939,8,1,london_breakout_short,0.84095,TP3,2022-08-24 08:00:00+00:00,15.450000666164906,496.31871055000596,1440,True
2022-08-24 08:00:00+00:00,9,EUR_GBP,SHORT,0.84104,0.843,0.8397800000000001,0.8382800000000001,0.8382800000000001,351636.92,5,LONDON,2.0,0.0008418330864141655,28.115276018369173,29.9148510331336,0.8437494799233413,0.8444532931310834,-0.9999999999987796,False,-5.305742170809229e-06,25.161851257357426,-24.694799233412333,0.2295081967212682,8,2,london_breakout_short,0.843,SL,2022-08-24 09:00:00+00:00,-19.599999999999618,-689.2083631999865,60,False
2022-08-26 07:00:00+00:00,9,EUR_GBP,LONG,0.8461,0.8438741451896785,0.84756,0.84932,0.84932,306541.23,4,ASIAN,2.0,0.0008738889295479802,41.82603836868668,70.2567619271236,0.8438751163274663,0.8442911213005683,20.30502090403785,False,0.0002476972601789803,71.74399182377948,19.24883672533739,0.7511312217194392,7,4,london_breakout_long,0.84932,TP3,2022-08-26 14:00:00+00:00,23.400001050429747,717.3065104000026,420,True
2022-08-30 09:00:00+00:00,9,EUR_GBP,LONG,0.85524,0.8528,0.85702,0.85904,0.85904,282577.6,5,LONDON,2.0,0.0010608397011344158,38.89858848337959,62.92254386205762,0.8516065159315267,0.8472474598363358,5.688045467342473,False,-0.00018281217261007128,78.67296092315819,33.93484068473285,0.6962962962962719,9,1,london_breakout_long,0.85904,TP3,2022-08-30 14:00:00+00:00,27.9000013447635,788.3915420000042,300,True
2022-09-06 07:00:00+00:00,9,EUR_GBP,LONG,0.86144,0.85927,0.8626900000000001,0.8642400000000001,0.8642400000000001,321370.16,5,ASIAN,2.0,0.0010271663979185485,33.32890580418235,47.48427064013495,0.8620493904622102,0.8578053510604995,-2.5896339008391056,False,3.0184553331158068e-05,65.22867101289948,-9.09390462210169,0.7739726027396927,7,1,london_breakout_long,0.85927,SL,2022-09-06 09:00:00+00:00,-21.700000000000053,-697.3732472000016,120,False
2022-09-06 09:00:00+00:00,9,EUR_GBP,SHORT,0.85776,0.860718421995168,0.8564499999999999,0.8548999999999999,0.8548999999999999,233367.49,4,LONDON,2.0,0.0012196995982052782,32.47261546212867,30.97934999136163,0.8618269382928745,0.8578324543290226,-18.504879536443973,False,-7.377908537349511e-05,47.21837914284094,-38.26938292874504,0.7959183673469272,9,1,london_breakout_short,0.860718421995168,SL,2022-09-07 00:00:00+00:00,-29.584219951680478,-690.3995153731595,900,False
2022-09-08 08:00:00+00:00,9,EUR_GBP,LONG,0.86993,0.86739,0.8718,0.8739100000000001,0.8739100000000001,269092.73,5,LONDON,2.0,0.0010139240370695055,57.47480263845175,78.5049553418697,0.8651251104723467,0.8602642989163126,3.6666666666651526,False,-5.810723493933573e-05,76.55151362047668,45.64889527653215,0.6517857142857161,8,3,london_breakout_long,0.86739,SL,2022-09-08 10:00:00+00:00,-25.399999999999867,-683.4955341999964,120,False
2022-09-13 07:00:00+00:00,9,EUR_GBP,SHORT,0.86504,0.86768,0.86308,0.8608199999999999,0.8608199999999999,256310.82,4,ASIAN,2.0,0.000935984889981313,20.066238796962647,37.62858212565661,0.8670496564573088,0.8639868432740827,-18.475335809198246,False,-3.6812064960533696e-05,32.070975186927754,-17.096564573088056,0.4590163934425364,7,1,london_breakout_short,0.86768,SL,2022-09-13 09:00:00+00:00,-26.399999999999757,-676.6605647999938,120,False
2022-09-14 07:00:00+00:00,9,EUR_GBP,SHORT,0.86628,0.86843,0.86493,0.8632799999999999,0.8632799999999999,311578.59,3,ASIAN,2.0,0.0009770933946574773,15.617043740714129,42.74151391915391,0.8673360493341759,0.8647415056614935,-9.773073914056685,False,-5.6849434741391335e-05,38.7862754529426,-7.560493341758345,0.8289473684209633,7,2,london_breakout_short,0.8632799999999999,TP3,2022-09-14 13:00:00+00:00,21.750000962839877,677.6834632500293,360,True
2022-09-15 08:00:00+00:00,9,EUR_GBP,LONG,0.8670800000000001,0.8646176148818067,0.8683,0.8697599999999999,0.8697599999999999,274802.99,5,LONDON,2.0,0.0009726001867575462,27.758337327911914,62.3249127023543,0.8658477937394011,0.8647877799320779,4.933333333333456,False,0.00024602031694744264,59.38500614370296,9.922062605989268,0.8627450980392445,8,3,london_breakout_long,0.8670800000000001,TP1+SL,2022-09-15 11:00:00+00:00,6.099999999999439,167.6298238999846,180,True
2022-09-19 08:00:00+00:00,9,EUR_GBP,LONG,0.87796,0.87502,0.8798999999999999,0.8820799999999999,0.8820799999999999,230730.31,5,LONDON,2.0,0.0011736678332142222,23.840542860300133,63.51587854737501,0.8738930511197383,0.8684283286164297,5.800000000000249,False,-0.0002152002940346311,67.28023494428959,38.269488802616934,0.3699999999999811,8,0,london_breakout_long,0.87502,SL,2022-09-20 08:00:00+00:00,-29.399999999999423,-678.3471113999867,1440,False
2022-09-20 08:00:00+00:00,9,EUR_GBP,SHORT,0.87535,0.8779506451298641,0.8733299999999999,0.8710699999999999,0.8710699999999999,258229.63,4,LONDON,2.0,0.0009546681910923743,26.827618609826096,38.995257023363486,0.8757948504942455,0.8702691372494914,1.2999999999996348,False,-0.00023021723301444897,21.44952646486139,-2.0485049424556756,0.22018348623854145,8,1,london_breakout_short,0.87535,TP1+SL,2022-09-20 13:00:00+00:00,10.100000000000108,260.8119263000028,300,True
2022-09-22 08:00:00+00:00,9,EUR_GBP,SHORT,0.87203,0.87535,0.8702,0.86813,0.86813,203063.78,4,LONDON,2.0,0.0014254474371102831,26.609599952967653,40.133605024683725,0.8743388600677049,0.8718527575631617,-0.5666666666659381,False,6.337007285377692e-05,52.70837868036659,-20.688600677049028,0.36482084690555183,8,3,london_breakout_short,0.87203,TP1+SL,2022-09-22 11:00:00+00:00,9.14999999999999,185.80335869999982,180,True
2022-09-23 08:00:00+00:00,9,EUR_GBP,SHORT,0.87248,0.87509,0.87087,0.86902,0.86902,259015.24,3,LONDON,2.0,0.0013555368363305982,19.579396801030917,43.23280921035583,0.8739311556471123,0.8722135614953712,-7.600000000000939,False,-3.9685997440193344e-05,33.35470235261908,-12.11155647112272,0.5805084745762567,8,4,london_breakout_short,0.87509,SL,2022-09-23 09:00:00+00:00,-26.10000000000001,-676.0297764000003,60,False
2022-09-23 09:00:00+00:00,9,EUR_GBP,LONG,0.87705,0.8734211579091735,0.87866,0.88051,0.88051,184430.59,5,LONDON,2.0,0.0018415699194498372,23.745561985842592,62.219637263036866,0.8740440515040884,0.872259297201885,18.72263090814452,False,0.0001427350715807163,37.9065776198623,27.659484959116075,0.4963235294117678,9,4,london_breakout_long,0.88051,TP3,2022-09-23 10:00:00+00:00,25.350001876044626,467.53158025000175,60,True
2022-09-27 08:00:00+00:00,9,EUR_GBP,SHORT,0.89032,0.89624,0.88594,0.8813199999999999,0.8813199999999999,113842.03,4,LONDON,2.0,0.004080294317172397,29.821702319798487,40.94721899738158,0.8934619010518033,0.8816058342661869,-6.999999999999229,False,-0.0007509357028895703,43.331595469362576,-29.019010518033237,0.6113989637305814,8,1,london_breakout_short,0.89624,SL,2022-09-27 16:00:00+00:00,-59.20000000000036,-673.9448176000042,480,False
2022-09-29 09:00:00+00:00,9,EUR_GBP,SHORT,0.89178,0.89796,0.88768,0.88334,0.88334,107962.03,4,LONDON,2.0,0.0029090870637355657,26.0306454092145,40.79767052316372,0.8951798751876234,0.8869326792037021,-17.3697427717856,False,-0.00030487875949511184,37.70788302197614,-31.598751876233955,0.6219512195121808,9,3,london_breakout_short,0.88334,TP3,2022-09-29 16:00:00+00:00,62.70000781756325,676.9220124999998,420,True
2022-09-30 08:00:00+00:00,9,EUR_GBP,SHORT,0.87637,0.8843376599341756,0.8702799999999999,0.8639499999999999,0.8639499999999999,84588.77,5,LONDON,2.0,0.0032717022612651905,44.535540993396545,29.317312737281867,0.8878983299144091,0.8862852747685228,-9.733333333333816,False,-0.0001107237642560305,14.565093801507592,-112.8832991440909,0.5320284697509022,8,4,london_breakout_short,0.86728,TP1+TIME,2022-10-04 00:00:00+00:00,75.89999999999985,642.0287642999988,5280,True
2022-10-06 08:00:00+00:00,9,EUR_GBP,LONG,0.87622,0.87184,0.8797200000000001,0.8834600000000001,0.8834600000000001,155341.29,3,LONDON,2.0,0.0017460953597460698,18.57001723004769,65.94234508479192,0.8731031453172252,0.8779920548055437,4.933333333333456,False,0.00021399423866086154,77.17404170658348,28.768546827747652,0.4552845528455292,8,3,london_breakout_long,0.87622,TP1+SL,2022-10-07 07:00:00+00:00,17.50000000000029,271.84725750000456,1380,True
2022-10-07 08:00:00+00:00,9,EUR_GBP,SHORT,0.87548,0.87902,0.8732800000000001,0.8708400000000001,0.8708400000000001,192969.87,5,LONDON,2.0,0.0017430916536821102,21.56630165495088,45.53378173064608,0.8758204471930935,0.8778958380620865,-3.266666666666973,False,-0.00031020586684774986,43.50687491833469,-1.0044719309343364,0.5519480519480124,8,4,london_breakout_short,0.87902,SL,2022-10-07 14:00:00+00:00,-35.39999999999987,-683.1133397999976,360,False
2022-10-10 07:00:00+00:00,9,EUR_GBP,SHORT,0.87638,0.87942,0.8744000000000001,0.8721200000000001,0.8721200000000001,222461.25,3,ASIAN,2.0,0.0015687987947415973,19.983882165117844,43.16718082110559,0.8772146746619869,0.8779214442585621,-9.134264804124825,False,-0.0002045461307204657,49.95915591824812,-5.34674661986867,0.5328947368421024,7,0,london_breakout_short,0.87942,SL,2022-10-10 14:00:00+00:00,-30.39999999999931,-676.2821999999848,420,False
2022-10-13 09:00:00+00:00,9,EUR_GBP,SHORT,0.87229,0.8766044327142123,0.86983,0.86713,0.86713,155181.32,5,LONDON,2.0,0.0017197892938502907,29.267300214165726,32.648197656272075,0.8769863089727331,0.8778700156557204,-16.493613675212515,False,7.888919724786925e-05,21.756897203326663,-44.563089727330805,0.8339100346020671,9,3,london_breakout_short,0.86713,TP3,2022-10-13 11:00:00+00:00,38.100003325142836,591.2408808000055,120,True
2022-10-19 07:00:00+00:00,9,EUR_GBP,LONG,0.87276,0.8684781733872634,0.8760399999999999,0.8796199999999998,0.8796199999999998,157743.84,4,ASIAN,2.0,0.0016361070275878818,24.377449102013454,64.10165943006157,0.8688483014201763,0.8714538543555032,20.8637879571949,False,-7.878290392107938e-07,71.80136561142196,36.116985798236854,0.5136363636363521,7,2,london_breakout_long,0.8684781733872634,SL,2022-10-19 13:00:00+00:00,-42.81826612736572,-675.4317721072598,360,False
2022-10-20 08:00:00+00:00,9,EUR_GBP,LONG,0.8748,0.8714355179052399,0.87673,0.8789,0.8789,198746.03,4,LONDON,2.0,0.001350521920910909,15.329163507345868,70.6077029705134,0.8704869926653248,0.8714096949231531,7.466666666667843,False,0.00020903269776069303,90.84521130282725,40.73007334675194,0.7669172932330997,8,3,london_breakout_long,0.8714355179052399,SL,2022-10-20 12:00:00+00:00,-33.64482094760146,-668.6774593396628,240,False
2022-10-21 07:00:00+00:00,9,EUR_GBP,LONG,0.8759199999999999,0.8723847828235879,0.87856,0.8815000000000001,0.8815000000000001,187256.02,5,ASIAN,2.0,0.0013902235226673563,31.27647931081713,72.00585011943144,0.8714378623361666,0.8715197539686376,37.361598872293065,False,0.00031475726651361346,74.32760133533732,41.82137663833352,0.9545454545454507,7,4,london_breakout_long,0.8723847828235879,SL,2022-10-21 19:00:00+00:00,-35.35217176412031,-661.9906982905547,720,False
2022-10-26 07:00:00+00:00,9,EUR_GBP,SHORT,0.86694,0.87004,0.86574,0.8642399999999999,0.8642399999999999,211409.93,5,ASIAN,2.0,0.0014784758831288204,24.456590928452933,35.121993363575385,0.8704504889386013,0.8713540938040936,-18.448897777588734,False,5.495123292490324e-05,55.8668025823992,-32.10488938601319,0.5023041474654273,7,2,london_breakout_short,0.86694,TP1+SL,2022-10-26 12:00:00+00:00,6.000000000000449,126.8459580000095,300,True
2022-10-27 07:00:00+00:00,9,EUR_GBP,LONG,0.8686499999999999,0.86629,0.87012,0.87189,0.87189,278236.97,4,ASIAN,2.0,0.0011597449634566785,23.385687074882952,55.78339556903614,0.8683379556381392,0.8704150427775925,15.738372086284702,False,0.00021573864319499654,73.76138363012495,0.12044361860752417,0.40322580645156236,7,3,london_breakout_long,0.86629,SL,2022-10-27 12:00:00+00:00,-23.599999999999174,-656.639249199977,300,False
2022-10-31 08:00:00+00:00,9,EUR_GBP,LONG,0.85962,0.85726,0.8614,0.8634200000000001,0.8634200000000001,275454.6,3,LONDON,2.0,0.0012007638157299362,16.697366122485203,49.24649611860335,0.8612178821908908,0.8667621091759996,5.666666666666043,False,0.00023421992557550635,45.32389532389343,-18.378821908907604,0.9105263157894724,8,0,london_breakout_long,0.85962,TP1+SL,2022-10-31 15:00:00+00:00,8.90000000000002,245.15459400000051,420,True
2022-11-02 08:00:00+00:00,9,EUR_GBP,LONG,0.8603000000000001,0.85854,0.8614200000000001,0.8627800000000001,0.8627800000000001,370752.5,4,LONDON,2.0,0.000900327109689784,31.84356841575536,50.58576363831061,0.860396893208067,0.8643696272533605,1.9999999999997797,False,2.822288892512649e-05,85.84872896774556,-3.3689320806695733,0.08000000000007994,8,2,london_breakout_long,0.8603000000000001,TP1+SL,2022-11-02 10:00:00+00:00,5.600000000000049,207.62140000000184,120,True
2022-11-03 08:00:00+00:00,9,EUR_GBP,LONG,0.86782,0.8651097005380729,0.86926,0.87094,0.87094,241523.35,4,LONDON,2.0,0.001318968371572936,45.986523921017906,80.28276903904772,0.8613262301477622,0.8638095451661876,16.399999999999746,False,0.0003569505457623744,84.45080412377503,62.537698522378,0.9270462633452111,8,3,london_breakout_long,0.8651097005380729,SL,2022-11-03 10:00:00+00:00,-27.10299461927135,-654.6006055478391,120,False
2022-11-07 07:00:00+00:00,9,EUR_GBP,LONG,0.8785999999999999,0.87602,0.88047,0.88264,0.88264,251183.96,5,ASIAN,2.0,0.0013046425170579533,50.84106828049167,69.20159703644697,0.8727981819146621,0.8675748657185215,27.00660333651572,False,-7.415631714489989e-05,74.02561459764576,55.01818085337895,0.36434108527129117,7,0,london_breakout_long,0.87602,SL,2022-11-07 08:00:00+00:00,-25.799999999999155,-648.0546167999788,60,False
2022-11-07 08:00:00+00:00,9,EUR_GBP,SHORT,0.87396,0.8774616062926449,0.87203,0.86986,0.86986,183222.79,4,LONDON,2.0,0.0015600251944109561,47.76681554239454,45.14390217911533,0.8728531551729106,0.8676407874526656,-12.866666666665472,False,-0.000324119430418513,48.9251751751741,13.468448270893552,0.8483606557377124,8,0,london_breakout_short,0.86986,TP3,2022-11-07 18:00:00+00:00,30.15000223771279,552.4167528499981,600,True
2022-11-08 07:00:00+00:00,9,EUR_GBP,LONG,0.87208,0.86918,0.87372,0.8756600000000001,0.8756600000000001,223137.32,5,ASIAN,2.0,0.001175274232581872,31.57580705527843,52.02957473464131,0.8715513009639922,0.8682888485280663,1.858358313081565,False,0.0002262681828583725,72.51290376290336,2.286990360077512,0.9014084507042033,7,1,london_breakout_long,0.87208,TP1+SL,2022-11-08 14:00:00+00:00,8.20000000000043,182.97260240000958,420,True
2022-11-10 08:00:00+00:00,9,EUR_GBP,SHORT,0.87718,0.8805278952096108,0.8748400000000001,0.8722600000000001,0.8722600000000001,193831.62,4,LONDON,2.0,0.001297932506426875,34.91741917836275,43.917170991215855,0.87690058535307,0.871469081567502,-1.966666666666228,False,-0.0006268587457945096,37.36529341180617,5.194146469299499,0.43781094527363734,8,3,london_breakout_short,0.8722600000000001,TP3,2022-11-10 13:00:00+00:00,36.3000025382841,703.608829799972,300,True
2022-11-14 09:00:00+00:00,9,EUR_GBP,SHORT,0.87368,0.877465768226895,0.8715200000000001,0.8691200000000001,0.8691200000000001,173271.05,4,LONDON,2.0,0.0014605710557038408,37.59744522731141,42.43884292713384,0.8750697943840594,0.8725237052213036,-9.523033639143863,False,-0.00019883801689459337,14.742702957192472,-11.497943840593772,0.49751243781095655,9,0,london_breakout_short,0.877465768226895,SL,2022-11-14 13:00:00+00:00,-37.857682268950256,-655.9640357307393,240,False
2022-11-15 07:00:00+00:00,9,EUR_GBP,LONG,0.87998,0.8765,0.8818600000000001,0.8840400000000002,0.8840400000000002,186610.46,4,ASIAN,2.0,0.0015554215710622747,19.974725837975942,60.23300967262272,0.8767636009120131,0.8735885036947991,21.368878929647337,False,-0.00010431790615028917,52.258150322460416,29.163990879869093,0.6724137931034586,7,1,london_breakout_long,0.8765,SL,2022-11-15 12:00:00+00:00,-34.80000000000038,-649.4044008000071,300,False
2022-11-16 07:00:00+00:00,9,EUR_GBP,LONG,0.87502,0.87132,0.8777800000000001,0.8808400000000002,0.8808400000000002,173759.56,5,ASIAN,2.0,0.0017125089550261141,32.754438998238676,52.87996481799999,0.8748685462718605,0.8736432591981987,7.646670849823511,False,0.0003333676012478952,58.9989963244221,-1.4854627186045022,0.293023255813957,7,2,london_breakout_long,0.87132,SL,2022-11-17 07:00:00+00:00,-37.000000000000355,-642.9103720000063,1440,False
2022-11-17 08:00:00+00:00,9,EUR_GBP,SHORT,0.87064,0.87321,0.8694599999999999,0.8680399999999998,0.8680399999999998,247658.08,5,LONDON,2.0,0.0012660815844568354,39.27113904175407,33.255443680525985,0.8736968426382337,0.8735632576375528,1.666666666666483,False,-0.0001596805548314843,22.856370930253103,-28.16842638233674,0.03603603603602207,8,3,london_breakout_short,0.87321,SL,2022-11-17 11:00:00+00:00,-25.70000000000072,-636.4812656000179,180,False
2022-11-18 07:00:00+00:00,9,EUR_GBP,SHORT,0.87032,0.87365106454237,0.86771,0.8648,0.8648,189163.68,5,ASIAN,2.0,0.0012658239728802773,40.51090030508469,36.55775670554406,0.8733197925953704,0.8735096037756238,-29.84553979946125,False,-0.00030766317596140334,38.39430216530722,-26.997925953704538,0.6632653061225021,7,4,london_breakout_short,0.86628,TP1+TIME,2022-11-21 23:00:00+00:00,33.24999999999967,628.9692359999938,5280,True
2022-11-22 08:00:00+00:00,9,EUR_GBP,LONG,0.8682,0.865843156506449,0.8690599999999999,0.8701599999999999,0.8701599999999999,270024.78,4,LONDON,2.0,0.000948399011890354,37.64115990122379,58.19660657755466,0.8681385200895115,0.8713091262060091,6.633333333332381,False,0.00023188534575072854,82.55705301802057,-1.7852008951158016,0.6651982378854203,8,1,london_breakout_long,0.865843156506449,SL,2022-11-22 09:00:00+00:00,-23.568434935509195,-636.4061458405185,60,False
2022-11-23 09:00:00+00:00,9,EUR_GBP,SHORT,0.86599,0.8688121144438665,0.8636600000000001,0.8610900000000001,0.8610900000000001,223251.78,5,LONDON,2.0,0.0011469282220075445,39.67414245857506,43.25572987778499,0.8674066343004775,0.870300839600528,-11.17289533560828,False,9.023238253032793e-06,26.53844057961283,-11.766343004774305,0.4144486692014888,9,2,london_breakout_short,0.8610900000000001,TP3,2022-11-23 15:00:00+00:00,36.15000219483056,807.055233699983,360,True
2022-11-24 09:00:00+00:00,9,EUR_GBP,SHORT,0.8613,0.86334,0.86004,0.8585400000000001,0.8585400000000001,312800.31,5,LONDON,2.0,0.001218427974363354,31.576181736896945,37.95462028998409,0.8643766721364345,0.8686435593463063,-6.9852932146152735,False,0.00010231703396959622,21.722394068836795,-28.366721364345704,0.516483516483564,9,3,london_breakout_short,0.8585400000000001,TP3,2022-11-24 10:00:00+00:00,20.100000882351072,628.7286506999689,60,True
2022-11-25 07:00:00+00:00,9,EUR_GBP,LONG,0.86118,0.85906,0.86269,0.8644999999999999,0.8644999999999999,303962.22,4,ASIAN,2.0,0.000989784922730198,20.736989486218917,53.922311803987206,0.8615357370022424,0.8668193287382743,11.138415554154957,False,0.00032879877312933707,80.53976114099773,-6.55737002242418,0.43165467625894455,7,4,london_breakout_long,0.85906,SL,2022-11-25 12:00:00+00:00,-21.199999999998997,-644.3999063999695,300,False
2022-11-28 08:00:00+00:00,9,EUR_GBP,LONG,0.86289,0.8601162114109518,0.86443,0.86621,0.86621,229994.43,4,LONDON,2.0,0.0011911214759321922,26.93189948017975,68.7590071101713,0.8605482477051214,0.8652996423081856,7.599999999999829,False,0.00018192063837339822,66.36497415007234,21.017522948786336,0.8057142857142849,8,0,london_breakout_long,0.86621,TP3,2022-11-28 10:00:00+00:00,24.300001443513096,558.8864980999972,120,True
2022-11-29 07:00:00+00:00,9,EUR_GBP,SHORT,0.8623200000000001,0.86515,0.8608300000000001,0.8590400000000001,0.8590400000000001,227400.98,4,ASIAN,2.0,0.0012422604100193267,18.451049493851023,44.05410969433171,0.8629310560742974,0.8651588207214198,-18.366865926557896,False,-0.000304060642938176,41.247800511450315,-3.110560742973778,0.6315789473684031,7,1,london_breakout_short,0.8623200000000001,TP1+SL,2022-11-29 09:00:00+00:00,7.449999999999956,169.41373009999901,120,True
2022-11-30 09:00:00+00:00,9,EUR_GBP,SHORT,0.86191,0.8648772813376049,0.85996,0.8577699999999999,0.8577699999999999,217451.21,4,LONDON,2.0,0.0012101330682532455,22.612567341751607,38.85111519946545,0.8635207929630367,0.8648441618732386,-19.171859088678023,False,-7.474278253960024e-05,40.961199294532925,-13.70792963036771,0.9963503649635203,9,2,london_breakout_short,0.8648772813376049,SL,2022-11-30 13:00:00+00:00,-29.672813376049323,-645.238917272611,240,False
2022-12-01 07:00:00+00:00,9,EUR_GBP,SHORT,0.86126,0.8636,0.8603999999999999,0.8592399999999999,0.8592399999999999,272985.7,4,ASIAN,2.0,0.0012133911895849383,19.718344233252086,37.20840576401456,0.8633326397883182,0.8645359609013525,-20.591976040197356,False,-0.000109240662943683,45.49545028770254,-17.726397883182088,0.5065789473684092,7,3,london_breakout_short,0.8592399999999999,TP3,2022-12-01 09:00:00+00:00,14.400000739966577,393.0994282000294,120,True
2022-12-02 08:00:00+00:00,9,EUR_GBP,SHORT,0.85756,0.86087,0.85551,0.85322,0.85322,194174.48,5,LONDON,2.0,0.0012905894939966023,21.45701802084077,41.08225389965176,0.8603638770983248,0.8632113119442997,-1.80000000000069,False,0.00018286645308395106,33.457531570111165,-25.638770983248403,0.6549295774647899,8,4,london_breakout_short,0.86087,SL,2022-12-05 11:00:00+00:00,-33.10000000000036,-642.7175288000069,4500,False
2022-12-06 07:00:00+00:00,9,EUR_GBP,SHORT,0.8594200000000001,0.86115,0.85843,0.85714,0.85714,367797.89,5,ASIAN,2.0,0.001073506334767715,24.083317043064657,45.86775074918544,0.8599415547993491,0.8617696930137512,-11.046947097204107,False,-0.00020188957131966407,54.890817774865376,-2.215547993490441,0.4694835680751254,7,1,london_breakout_short,0.86115,SL,2022-12-06 08:00:00+00:00,-17.29999999999898,-636.2903496999626,60,False
2022-12-06 08:00:00+00:00,9,EUR_GBP,LONG,0.86146,0.85986,0.86251,0.8638,0.8638,393704.65,4,LONDON,2.0,0.0011232558822843102,24.355480531468064,56.57088325973448,0.859991689905257,0.8617642234315248,4.366666666666408,False,-0.00013122237857445435,63.36303999708836,12.283100947430015,0.8587570621468494,8,1,london_breakout_long,0.86146,TP1+SL,2022-12-06 11:00:00+00:00,5.249999999999977,206.6949412499991,180,True
2022-12-07 09:00:00+00:00,9,EUR_GBP,LONG,0.8639100000000001,0.86196,0.8650100000000001,0.8663500000000001,0.8663500000000001,324099.69,4,LONDON,2.0,0.0011620075465573014,14.477579541476613,63.13490320952127,0.861340909461953,0.8618186419657583,11.355591233436213,False,2.2308478063862765e-05,50.53816796972894,23.29090538047085,0.5268817204301448,9,2,london_breakout_long,0.86196,SL,2022-12-07 11:00:00+00:00,-19.50000000000118,-631.9943955000383,120,False
2022-12-08 08:00:00+00:00,9,EUR_GBP,LONG,0.86424,0.8616749178947795,0.86546,0.86692,0.86692,243919.85,5,LONDON,2.0,0.001005030496224771,29.827767218428374,65.6570440480078,0.8615636097460716,0.8617945782741802,6.466666666667953,False,0.0002552835817155147,79.46668356757364,24.363902539283888,0.676767676767687,8,3,london_breakout_long,0.8616749178947795,SL,2022-12-08 13:00:00+00:00,-25.650821052205504,-625.674442343081,300,False
2022-12-12 07:00:00+00:00,9,EUR_GBP,SHORT,0.8585,0.86068,0.85765,0.8565,0.8565,284136.56,4,ASIAN,2.0,0.0010733419405001476,13.63745192899847,40.600318789844216,0.8605803956285173,0.8614531667008649,-8.79619275030663,False,0.00013629007964054032,53.11234253127649,-17.803956285172838,0.5763239875389382,7,0,london_breakout_short,0.86068,SL,2022-12-12 08:00:00+00:00,-21.799999999999596,-619.4177007999886,60,False
2022-12-13 08:00:00+00:00,9,EUR_GBP,LONG,0.86002,0.8586,0.86078,0.86178,0.86178,431847.55,3,LONDON,2.0,0.0009216359778219302,17.289074122058736,54.23357468983215,0.8597310420429148,0.8609728051825787,0.6999999999990347,False,9.213388844692767e-05,59.71125106212744,0.48957957085149495,0.5419354838709187,8,1,london_breakout_long,0.8586,SL,2022-12-13 09:00:00+00:00,-14.199999999999768,-613.22352099999,60,False
2022-12-15 09:00:00+00:00,9,EUR_GBP,LONG,0.86106,0.8594,0.8617199999999999,0.8626199999999998,0.8626199999999998,365717.65,5,LONDON,2.0,0.0012287911168580292,36.58722322067643,55.638031474385315,0.8598181392638049,0.860469605735107,-6.818511245149095,False,0.00017183153834490875,48.40539922214682,10.01860736195126,0.6342412451361769,9,3,london_breakout_long,0.86106,TP1+SL,2022-12-15 12:00:00+00:00,3.299999999999414,120.6868244999786,180,True
2022-12-16 07:00:00+00:00,9,EUR_GBP,LONG,0.8733799999999999,0.87144,0.87462,0.8761599999999999,0.8761599999999999,313555.75,5,ASIAN,2.0,0.0013000716716516268,51.16466812489351,75.31705681652224,0.8663578422173038,0.8624552877949625,47.40488205557058,False,-0.0002785150542322871,64.31473735743245,67.22157782696137,0.1959459459459642,7,4,london_breakout_long,0.8761599999999999,TP3,2022-12-16 09:00:00+00:00,20.10000088660481,630.2470853000036,120,True
2022-12-16 09:00:00+00:00,9,EUR_GBP,LONG,0.87402,0.87144,0.87532,0.87686,0.87686,238217.3,5,LONDON,2.0,0.0015854699617812475,57.40080239801448,68.44782261508415,0.8669956244381954,0.8626970691806715,-9.843466342347451,False,-0.00016947168746893554,65.28312832297037,67.84375561804556,0.5146198830409342,9,4,london_breakout_long,0.87144,SL,2022-12-16 11:00:00+00:00,-25.80000000000027,-614.6006340000064,120,False
2022-12-19 09:00:00+00:00,9,EUR_GBP,SHORT,0.8692099999999999,0.87248,0.8664299999999999,0.8634099999999999,0.8634099999999999,186071.75,4,LONDON,2.0,0.0014395860370060962,22.509907470615264,42.91232335013604,0.8696173036031488,0.8645411341123108,-13.054889500813127,False,-0.00017133098227598063,32.49148810958123,-1.6730360314887172,0.7913669064748514,9,0,london_breakout_short,0.87248,SL,2022-12-19 15:00:00+00:00,-32.70000000000106,-608.4546225000198,360,False
2022-12-21 08:00:00+00:00,9,EUR_GBP,LONG,0.87538,0.8722391558428125,0.87674,0.8783399999999999,0.8783399999999999,191786.04,5,LONDON,2.0,0.0012538849726696473,23.25334456603322,60.70742325389772,0.8725797676599832,0.8677290063007445,7.400000000000739,False,0.00013315853415570125,78.1362418675872,25.60232340016788,0.9549180327869083,8,2,london_breakout_long,0.87538,TP1+SL,2022-12-21 13:00:00+00:00,6.799999999999584,130.41450719999202,300,True
2022-12-23 08:00:00+00:00,9,EUR_GBP,SHORT,0.87961,0.88154,0.8782500000000001,0.8766500000000002,0.8766500000000002,312784.57,4,LONDON,2.0,0.0011342584483170974,20.273973036895182,48.425665652553434,0.8787936407057498,0.8721364481334699,-2.1333333333328763,False,-0.00019654917159068618,50.847620861907195,10.563592942501865,0.6593406593406721,8,4,london_breakout_short,0.88154,SL,2022-12-23 13:00:00+00:00,-19.299999999999873,-603.6742200999961,300,False
2022-12-27 08:00:00+00:00,9,EUR_GBP,LONG,0.88269,0.8801,0.88427,0.88609,0.88609,230748.06,5,LONDON,2.0,0.0012191143152622253,20.91142102579068,61.57519536971944,0.8800700455778577,0.8739868177261898,4.033333333333111,False,2.0521451985797818e-05,38.57127116795697,23.799544221422273,0.6777408637873621,8,1,london_breakout_long,0.88609,TP3,2022-12-27 15:00:00+00:00,24.900001473468986,574.5627034000111,420,True
2022-12-29 09:00:00+00:00,9,EUR_GBP,LONG,0.88418,0.88229,0.88528,0.88662,0.88662,319250.32,4,LONDON,2.0,0.0009430068587375326,15.473560398151303,58.67271570597301,0.8827862748322454,0.8776798902723522,6.53603467501207,False,0.00011457875250727901,61.488350618783784,11.537251677545823,0.5806451612902394,9,3,london_breakout_long,0.88418,TP1+SL,2022-12-29 13:00:00+00:00,5.499999999999949,175.5876759999984,240,True
2022-12-30 09:00:00+00:00,9,EUR_GBP,LONG,0.8858400000000001,0.8834,0.88753,0.88946,0.88946,248007.78,5,LONDON,2.0,0.001196721465930429,23.972316071733314,59.78329527850542,0.883787865950756,0.8791163123929608,7.653866690399136,False,1.389618682076844e-05,63.584498391616336,18.12134049244074,0.31205673758874797,9,4,london_breakout_long,0.8858400000000001,TP1+SL,2022-12-30 13:00:00+00:00,8.449999999999847,209.5665740999962,240,True
2023-01-02 08:00:00+00:00,9,EUR_GBP,LONG,0.88681,0.88433,0.8888,0.8910300000000001,0.8910300000000001,244852.68,4,LONDON,2.0,0.0014018717178263512,15.782146644969957,57.83460701406561,0.8849166072075069,0.8804294050812441,8.00000000000023,False,-2.3742010724432427e-05,57.35243194125436,16.533927924931024,0.44137931034480754,8,0,london_breakout_long,0.88433,SL,2023-01-02 16:00:00+00:00,-24.800000000000374,-607.2346464000092,480,False
2023-01-04 09:00:00+00:00,9,EUR_GBP,SHORT,0.8795999999999999,0.88214,0.8781399999999999,0.8764399999999999,0.8764399999999999,236678.07,5,LONDON,2.0,0.001222310097504572,29.090829924119785,36.96502507177797,0.8825924507164755,0.8813770855031487,-6.919434289722748,False,4.3949309340422685e-05,43.89334070185016,-27.52450716475563,0.8539325842697043,9,2,london_breakout_short,0.88214,SL,2023-01-05 07:00:00+00:00,-25.400000000000972,-601.1622978000231,1320,False
2023-01-05 08:00:00+00:00,9,EUR_GBP,LONG,0.8837,0.8806906698676973,0.88582,0.8881800000000001,0.8881800000000001,197768.49,5,LONDON,2.0,0.0011221797634267145,48.2498890645293,68.77673968015498,0.8814556945809009,0.8812020565554809,-2.100000000000435,False,0.0004574375065788834,85.94160791235974,20.04305419099128,0.17557251908401345,8,3,london_breakout_long,0.8837,TP1+SL,2023-01-05 16:00:00+00:00,10.600000000000055,209.63459940000106,480,True
2023-01-09 09:00:00+00:00,9,EUR_GBP,SHORT,0.87749,0.8807237348507829,0.8750100000000001,0.8722900000000001,0.8722900000000001,184692.64,5,LONDON,2.0,0.0012898158017193634,54.473591352804476,28.352281647470946,0.8813489352799019,0.8815361580444983,-10.774339773037545,False,-0.00012478483555659154,43.70543073807153,-36.18935279901869,0.6465863453814994,9,0,london_breakout_short,0.8807237348507829,SL,2023-01-09 10:00:00+00:00,-32.33734850782932,-597.2470266511059,60,False
2023-01-10 07:00:00+00:00,9,EUR_GBP,LONG,0.8835799999999999,0.8807755807508628,0.8856299999999999,0.8879799999999999,0.8879799999999999,210836.72,4,ASIAN,2.0,0.001055212863965221,19.1428063266129,64.99954131068358,0.8814363441323809,0.8815056709731559,23.68510781919575,False,0.00021693061602210843,73.59532999457514,18.436558676190316,0.7771428571427966,7,1,london_breakout_long,0.8879799999999999,TP3,2023-01-11 13:00:00+00:00,32.250002086922784,679.9484659999954,1800,True
2023-01-12 09:00:00+00:00,9,EUR_GBP,SHORT,0.88383,0.8862123544226861,0.88249,0.88091,0.88091,251043.27,4,LONDON,2.0,0.0008985887855691081,35.28003811879882,40.40734817008967,0.8845246915011737,0.8827462296615798,-8.735103677620648,False,-0.0001947153443235376,25.91720462220373,-4.546915011737207,0.8263888888889076,9,3,london_breakout_short,0.8862123544226861,SL,2023-01-12 12:00:00+00:00,-23.823544226860832,-598.0740445700766,180,False
2023-01-13 08:00:00+00:00,9,EUR_GBP,SHORT,0.8871399999999999,0.88974,0.8859899999999999,0.8845999999999999,0.8845999999999999,227728.19,4,LONDON,2.0,0.0010986890304836533,34.945446709245374,47.95857931430713,0.8866932076665145,0.8838188531196328,-2.166666666666428,False,-0.00016757350760974576,27.730192828230827,6.867923334854531,0.5515151515151849,8,4,london_breakout_short,0.8871399999999999,TP1+SL,2023-01-16 08:00:00+00:00,5.749999999999922,130.94370924999822,4320,True
2023-01-16 08:00:00+00:00,9,EUR_GBP,LONG,0.88747,0.8849293948845818,0.88872,0.89021,0.89021,233567.48,5,LONDON,2.0,0.0009895104714410597,23.16689934581184,58.140440660554674,0.8862680090622616,0.8843072998197216,6.099999999998884,False,0.00013098928982954207,64.41592648704183,9.619909377384106,0.9047619047618712,8,0,london_breakout_long,0.88747,TP1+SL,2023-01-17 07:00:00+00:00,6.249999999999866,145.9796749999969,1380,True
2023-01-17 07:00:00+00:00,9,EUR_GBP,SHORT,0.8861600000000001,0.8884956139593154,0.88468,0.8829,0.8829,254692.15,4,ASIAN,2.0,0.0009496566134600029,26.279992311471773,44.021524472925435,0.8869199614994664,0.8849227931167929,-7.227821812524349,False,-2.1798885801498297e-05,51.024993485608974,-4.599614994663659,0.7822878228782356,7,1,london_breakout_short,0.8861600000000001,TP1+SL,2023-01-17 13:00:00+00:00,7.400000000000184,188.4721910000047,360,True
2023-01-19 07:00:00+00:00,9,EUR_GBP,LONG,0.8765799999999999,0.8743,0.87778,0.8792800000000001,0.8792800000000001,261731.25,4,ASIAN,2.0,0.001178819645583227,24.629253692587223,50.17684168727891,0.8781590479094833,0.882161242574734,4.435264031791286,False,0.0003931257405525128,59.86092896432691,-18.790479094833444,0.4265402843601537,7,3,london_breakout_long,0.8765799999999999,TP1+SL,2023-01-19 11:00:00+00:00,6.0000000000004485,157.03875000001176,240,True
2023-01-20 07:00:00+00:00,9,EUR_GBP,LONG,0.87708,0.8745331851134719,0.87831,0.8798400000000001,0.8798400000000001,234927.81,4,ASIAN,2.0,0.0009916741007104557,27.787350013530858,60.71024643202942,0.8762799531531695,0.8806679236397476,13.763777871554916,False,0.00028419886875900434,69.43553936450095,5.0004684683047085,0.6863636363636478,7,4,london_breakout_long,0.87708,TP1+SL,2023-01-20 10:00:00+00:00,6.150000000000322,144.48060315000757,180,True
2023-01-24 08:00:00+00:00,9,EUR_GBP,SHORT,0.87731,0.87852,0.87665,0.87575,0.87575,495671.45,5,LONDON,2.0,0.0008281005484939315,25.437090794100197,43.20953109433132,0.8776975148817787,0.8794915613831673,0.1666666666666483,False,-0.00017332713970442202,29.86362511216588,-1.4751488177866534,0.16770186335403256,8,1,london_breakout_short,0.87852,SL,2023-01-24 09:00:00+00:00,-12.099999999999334,-599.762454499967,60,False
2023-01-27 08:00:00+00:00,9,EUR_GBP,LONG,0.8798,0.8777077627668634,0.88108,0.8825999999999999,0.8825999999999999,283794.22,4,LONDON,2.0,0.000795116686593609,35.49754705019738,59.26720103937518,0.8793082196467806,0.8799779907848858,2.3333333333330764,False,0.0002833787054264853,79.72684461320996,2.517803532193774,0.6066666666666661,8,4,london_breakout_long,0.8777077627668634,SL,2023-01-27 14:00:00+00:00,-20.92237233136673,-593.7648336329803,360,False
2023-01-30 08:00:00+00:00,9,EUR_GBP,LONG,0.8798400000000001,0.8777501874247731,0.88093,0.8822599999999999,0.8822599999999999,281282.25,4,LONDON,2.0,0.0008592160993700409,26.291116145564235,66.96177650410662,0.8781729226783636,0.8794602566675775,7.600000000000939,False,0.0002197847262238617,64.89621856525368,14.27077321636494,0.9871794871794981,8,0,london_breakout_long,0.8777501874247731,SL,2023-01-31 01:00:00+00:00,-20.898125752270012,-587.8271832381452,1020,False
2023-01-31 08:00:00+00:00,9,EUR_GBP,SHORT,0.87736,0.87906,0.8762800000000001,0.8749600000000001,0.8749600000000001,342322.89,4,LONDON,2.0,0.0007507440796303396,18.84113650201143,42.47276391949367,0.8783678896217997,0.8792750445137121,-1.466666666666283,False,-9.779282805326998e-05,22.607612220516103,-7.678896217996334,0.41935483870964274,8,1,london_breakout_short,0.87906,SL,2023-01-31 10:00:00+00:00,-16.999999999999236,-581.9489129999739,120,False
2023-02-01 07:00:00+00:00,9,EUR_GBP,LONG,0.88345,0.88172,0.88427,0.88539,0.88539,333022.78,5,ASIAN,2.0,0.0008070768660229359,47.06847514660854,66.33143277082888,0.8803694776726223,0.8797341670692865,21.43414636089469,False,-6.323672397892275e-07,72.57668711656561,27.80522327377688,0.8400000000000142,7,2,london_breakout_long,0.88345,TP1+SL,2023-02-01 13:00:00+00:00,4.100000000000215,136.53933980000716,360,True
2023-02-02 09:00:00+00:00,9,EUR_GBP,LONG,0.8912100000000001,0.8885479517465068,0.89234,0.89371,0.89371,216936.27,5,LONDON,2.0,0.0011117607798689349,62.24140831166361,77.71750298855807,0.8852029159735124,0.8814838737488498,10.263157035587112,False,-6.835897388761652e-05,61.80835119382383,57.67084026487623,0.4612794612794883,9,3,london_breakout_long,0.8912100000000001,TP1+SL,2023-02-02 12:00:00+00:00,5.649999999999822,122.56899254999612,180,True
2023-02-03 07:00:00+00:00,9,EUR_GBP,LONG,0.89382,0.89155,0.89463,0.8957400000000001,0.8957400000000001,254942.95,4,ASIAN,2.0,0.0011734803741866744,19.328137627149086,66.69109458707862,0.8890437035221447,0.8834953363504033,24.583660586948717,False,-0.00010561797277869236,45.70407040703963,44.76296477855301,0.7892376681614439,7,4,london_breakout_long,0.89155,SL,2023-02-03 11:00:00+00:00,-22.699999999999946,-578.7204964999986,240,False
2023-02-08 07:00:00+00:00,9,EUR_GBP,SHORT,0.8889,0.89112,0.88798,0.88676,0.88676,258078.06,4,ASIAN,2.0,0.000899717375821883,22.80446961344605,33.129191816562184,0.8914431491980067,0.8881039222959061,-21.054677281595602,False,-2.7063791775187645e-05,36.61111931949575,-22.431491980067218,0.5589519650655244,7,2,london_breakout_short,0.8889,TP1+SL,2023-02-08 14:00:00+00:00,4.6000000000001595,118.71590760000412,420,True
2023-02-09 08:00:00+00:00,9,EUR_GBP,SHORT,0.88661,0.88844,0.8858,0.88475,0.88475,313727.02,5,LONDON,2.0,0.0007694386776751301,31.550779011071107,31.633613446605978,0.8892302074160648,0.8880815579824272,0.06666666666710341,False,2.431573864299856e-05,37.11668970891633,-23.802074160648168,0.4071428571428407,8,3,london_breakout_short,0.88475,TP3,2023-02-09 14:00:00+00:00,13.350000592871858,418.8255902999922,360,True
2023-02-10 08:00:00+00:00,9,EUR_GBP,SHORT,0.8852599999999999,0.88689,0.88439,0.8832800000000001,0.8832800000000001,354790.62,5,LONDON,2.0,0.0008042550882927063,22.646949968432185,41.066949873866086,0.8872187715511223,0.8876239397731108,-2.20000000000109,False,7.265254725460555e-05,15.301812782776926,-17.18771551122322,0.454545454545448,8,4,london_breakout_short,0.8832800000000001,TP3,2023-02-10 13:00:00+00:00,14.250000558074621,505.57665329996405,300,True
2023-02-14 08:00:00+00:00,9,EUR_GBP,SHORT,0.88258,0.8846500741181408,0.88116,0.8795000000000001,0.8795000000000001,281808.5,5,LONDON,2.0,0.0008075989581665592,21.881187022390645,35.22305533928204,0.884634925768614,0.8863990078744739,-3.2333333333345315,False,5.650278835457519e-05,38.29100250856622,-18.14925768613973,0.6871508379888168,8,1,london_breakout_short,0.88258,TP1+SL,2023-02-14 13:00:00+00:00,7.099999999999883,200.08403499999673,300,True
2023-02-15 07:00:00+00:00,9,EUR_GBP,LONG,0.88654,0.8842256918866623,0.88755,0.8888599999999999,0.8888599999999999,252933.18,4,ASIAN,2.0,0.001057457299239702,26.596780869706464,71.91550951358181,0.8831948091386513,0.8855267132001399,40.56928339377208,False,0.0003631941450631122,51.20613486705101,30.4519086134869,0.9930715935334933,7,2,london_breakout_long,0.8888599999999999,TP3,2023-02-15 12:00:00+00:00,16.650000917237467,421.1337678999789,300,True
2023-02-16 09:00:00+00:00,9,EUR_GBP,SHORT,0.8874,0.88966,0.88601,0.8843799999999999,0.8843799999999999,260874.63,4,LONDON,2.0,0.0009417258888800689,35.26322571771249,49.275271005166736,0.8866562149813161,0.88620783679484,-4.731699261192324,False,-0.00028669921225922134,41.15568340515272,9.837850186839026,0.5806451612903111,9,3,london_breakout_short,0.88966,SL,2023-02-16 13:00:00+00:00,-22.600000000000396,-589.5766638000104,240,False
2023-02-17 07:00:00+00:00,9,EUR_GBP,LONG,0.8918999999999999,0.89009,0.8928699999999999,0.8941399999999999,0.8941399999999999,322475.63,5,ASIAN,2.0,0.00088639019926419,28.30677179442208,64.15801774369989,0.8887476634977238,0.8869732293419339,19.04139187098974,False,-2.1386165120632636e-05,52.916027006053156,28.523365022761205,0.6139240506328478,7,4,london_breakout_long,0.8918999999999999,TP1+SL,2023-02-17 09:00:00+00:00,4.850000000000132,156.40068055000427,120,True
2023-02-20 08:00:00+00:00,9,EUR_GBP,LONG,0.88925,0.88769,0.88994,0.8908699999999999,0.8908699999999999,375156.98,5,LONDON,2.0,0.0008112137299381948,30.91864873370381,52.729347722243105,0.8886731304518636,0.8873713507568367,4.333333333332856,False,6.692820530919749e-05,72.82483592908336,3.3686954813638703,0.6158536585365676,8,0,london_breakout_long,0.88769,SL,2023-02-20 12:00:00+00:00,-15.600000000000058,-585.2448888000022,240,False
2023-02-21 09:00:00+00:00,9,EUR_GBP,SHORT,0.8815999999999999,0.88362267541048,0.8803399999999999,0.8788399999999998,0.8788399999999998,286448.55,4,LONDON,2.0,0.0011692794381783199,34.99885207923712,20.125399036266245,0.8877622264821977,0.8873704345318264,-36.840548118313166,False,-0.0002756132384586643,42.852271841633275,-59.22226482197756,0.8563380281690267,9,1,london_breakout_short,0.8815999999999999,TP1+SL,2023-02-21 14:00:00+00:00,6.300000000000194,180.46258650000556,300,True
2023-02-22 08:00:00+00:00,9,EUR_GBP,LONG,0.8817,0.8789783316498906,0.88355,0.8856399999999999,0.8856399999999999,213544.41,4,LONDON,2.0,0.001115333958612083,25.01140700882745,51.540712520108215,0.8829986581902244,0.8858263589455078,6.300000000000194,False,0.0004487661829885739,59.111509442029536,-15.386581902243623,0.7490774907749017,8,2,london_breakout_long,0.8789783316498906,SL,2023-02-22 12:00:00+00:00,-27.21668350109452,-581.1970620397964,240,False
2023-02-23 08:00:00+00:00,9,EUR_GBP,LONG,0.88138,0.88008,0.8819400000000001,0.8827400000000001,0.8827400000000001,442603.92,3,LONDON,2.0,0.0007631876244762534,19.05111068549677,55.79900213991752,0.8814145473132213,0.8846643649039188,3.20000000000098,False,9.426423680595415e-05,56.48614379800595,-2.745473132212961,0.884615384615475,8,3,london_breakout_long,0.88008,SL,2023-02-23 10:00:00+00:00,-13.000000000000787,-575.3850960000349,120,False
2023-02-24 07:00:00+00:00,9,EUR_GBP,SHORT,0.8802,0.8823066852537995,0.87952,0.87854,0.87854,270392.19,4,ASIAN,2.0,0.0007903402371255576,16.731834484574208,43.148011549915665,0.88145340905705,0.8840002852071824,-7.669272879329281,False,-0.00010888601402475053,20.98391452389329,-9.53409057050103,0.8263473053892204,7,4,london_breakout_short,0.8823066852537995,SL,2023-02-24 11:00:00+00:00,-21.066852537995338,-569.6312394155618,240,False
2023-02-27 07:00:00+00:00,9,EUR_GBP,SHORT,0.88202,0.88345,0.8812300000000001,0.8801400000000001,0.8801400000000001,394360.1,4,ASIAN,2.0,0.0007578784854777049,16.113429636300825,48.137731896212486,0.8821929349738497,0.8836970001126511,-1.3102771545991931,False,-8.06429526057706e-05,47.134917673801716,1.2706502615034143,0.8269230769230174,7,0,london_breakout_short,0.88345,SL,2023-02-27 09:00:00+00:00,-14.299999999999315,-563.9349429999729,120,False
2023-02-27 09:00:00+00:00,9,EUR_GBP,SHORT,0.88096,0.8831504321984304,0.8801100000000001,0.8790200000000001,0.8790200000000001,254879.19,5,LONDON,2.0,0.0009115891022741494,21.43065504794862,39.359090610816864,0.8821783763445649,0.8836637118254771,-10.218480058812318,False,-0.0001729030355906723,27.028016151084216,-9.783763445648797,0.6183206106870323,9,0,london_breakout_short,0.88096,TP1+SL,2023-02-27 14:00:00+00:00,4.249999999999532,108.32365574998808,300,True
2023-02-28 07:00:00+00:00,9,EUR_GBP,LONG,0.88042,0.87826,0.8815999999999999,0.8830799999999999,0.8830799999999999,258971.68,4,ASIAN,2.0,0.0007998039318302476,50.74502040459989,49.7124741950719,0.8807483720701494,0.8829152419950648,-2.832718753223995,False,8.212376524007001e-05,72.10822510822463,-6.2837207014943,0.8671328671329219,7,1,london_breakout_long,0.87826,SL,2023-02-28 09:00:00+00:00,-21.599999999999397,-559.3788287999844,120,False
2023-03-01 07:00:00+00:00,9,EUR_GBP,LONG,0.88132,0.87876,0.88288,0.88474,0.88474,216322.28,4,ASIAN,2.0,0.0009594858183179415,52.737491743594255,63.778295783749314,0.8795308941763436,0.8819818078116564,26.730099998669708,False,0.0003101927910083422,61.537864622056,14.89105823656467,0.6546762589928603,7,2,london_breakout_long,0.88474,TP3,2023-03-01 10:00:00+00:00,24.90000158097438,538.6425113999983,180,True
2023-03-02 07:00:00+00:00,9,EUR_GBP,LONG,0.88827,0.88652,0.8893500000000001,0.8907300000000001,0.8907300000000001,319526.55,5,ASIAN,2.0,0.0009757398898283333,47.29850848036882,69.10067033572757,0.8840861292189355,0.8829976621644361,15.308439616442682,False,-0.0002076830990924408,82.3567438577113,38.83870781064557,0.10569105691063369,7,3,london_breakout_long,0.88652,SL,2023-03-02 09:00:00+00:00,-17.500000000000295,-559.1714625000094,120,False
2023-03-07 07:00:00+00:00,9,EUR_GBP,SHORT,0.8865500000000001,0.888630799420301,0.88516,0.8834699999999999,0.8834699999999999,266041.86,4,ASIAN,2.0,0.0007692969275403632,33.888661702732975,47.96128778825478,0.8864378502902819,0.8846563299628739,-0.6070921108114469,False,-0.00021947870952647441,31.87930824503843,4.121497097181459,0.17880794701986122,7,1,london_breakout_short,0.888630799420301,SL,2023-03-07 11:00:00+00:00,-20.80799420300927,-553.5797480637804,240,False
2023-03-08 08:00:00+00:00,9,EUR_GBP,SHORT,0.88986,0.89197,0.88874,0.88738,0.88738,259736.47,3,LONDON,2.0,0.0009326252914020805,19.76807176473922,47.42671912245624,0.8892481595951378,0.8859957457016129,-6.8666666666661325,False,-0.00028024718785645334,30.842709122313835,8.51840404862192,0.7064220183486304,8,2,london_breakout_short,0.89197,SL,2023-03-08 15:00:00+00:00,-21.100000000000563,-548.0439517000146,420,False
2023-03-09 07:00:00+00:00,9,EUR_GBP,LONG,0.8911399999999999,0.88952,0.89203,0.89322,0.89322,334915.75,4,ASIAN,2.0,0.0007018529606813435,17.8579640211103,54.77667802354493,0.8900476983488599,0.8869470695003383,-0.12086164390523457,False,-5.1306876030241213e-05,57.01134112181418,7.9230165114008155,0.7398373983739844,7,3,london_breakout_long,0.88952,SL,2023-03-09 08:00:00+00:00,-16.199999999999545,-542.5635149999848,60,False
2023-03-10 07:00:00+00:00,9,EUR_GBP,SHORT,0.88588,0.8880443367225138,0.88432,0.88246,0.88246,248176.67,4,ASIAN,2.0,0.0007817536397908584,30.24251113985357,28.213840294329003,0.8887304045790213,0.8871683751280752,-18.72626891411433,False,-3.637404399812647e-05,2.8731879326093925,-25.504045790213368,0.8240000000000867,7,4,london_breakout_short,0.88246,TP3,2023-03-10 11:00:00+00:00,24.900001378050483,617.9599424999981,240,True
2023-03-13 09:00:00+00:00,9,EUR_GBP,SHORT,0.88336,0.88562,0.8816200000000001,0.8796400000000001,0.8796400000000001,240405.96,5,LONDON,2.0,0.001177998733520647,27.673679164461713,40.655544003916205,0.8859539083600654,0.8865269434171203,-8.463730213351672,False,0.00013773045226355687,50.95742091206187,-23.539083600653264,0.6323529411764441,9,0,london_breakout_short,0.88336,TP1+SL,2023-03-13 16:00:00+00:00,8.699999999999818,209.15318519999565,420,True
2023-03-15 08:00:00+00:00,9,EUR_GBP,SHORT,0.88232,0.88373,0.8815,0.8804399999999999,0.8804399999999999,386814.9,5,LONDON,2.0,0.0009631486401559858,36.43219912878252,50.1562761429919,0.8827682243058423,0.8848262776054222,-3.8333333333340214,False,2.163474998746165e-05,24.158547822898,-2.0822430584233054,0.5454545454545705,8,2,london_breakout_short,0.8804399999999999,TP3,2023-03-15 09:00:00+00:00,13.500000486021309,522.2001338000284,60,True
2023-03-17 08:00:00+00:00,9,EUR_GBP,LONG,0.87774,0.87558,0.8788199999999999,0.8801399999999999,0.8801399999999999,254921.76,4,LONDON,2.0,0.0011117621164379316,20.35342991016526,53.62042219347371,0.8778468579981512,0.8818968912825565,1.8999999999991246,False,0.00015957055002239313,75.61734799750953,-3.4685799815126206,0.5341614906832123,8,4,london_breakout_long,0.87558,SL,2023-03-17 11:00:00+00:00,-21.599999999999397,-550.6310015999846,180,False
2023-03-20 07:00:00+00:00,9,EUR_GBP,SHORT,0.8738600000000001,0.8765063202608457,0.87224,0.87032,0.87032,205993.47,5,ASIAN,2.0,0.000946490382599819,20.50270791584074,35.60058130030616,0.8766645503420175,0.8806694571049376,-18.35717220925792,False,-0.0001041384345007216,9.008286554396337,-25.04550342017464,0.8190476190475959,7,0,london_breakout_short,0.8765063202608457,SL,2023-03-20 10:00:00+00:00,-26.46320260845658,-545.1246932629023,180,False
2023-03-21 07:00:00+00:00,9,EUR_GBP,LONG,0.8762599999999999,0.8740939438526526,0.8774500000000001,0.8789400000000002,0.8789400000000002,249150.26,4,ASIAN,2.0,0.0008488208547290095,28.280869237328922,62.35383593792678,0.8750955337520097,0.8792787643908833,16.3354277272687,False,0.00025505848456994386,65.10488542799793,8.644662479903031,0.9449541284403137,7,1,london_breakout_long,0.8789400000000002,TP3,2023-03-21 11:00:00+00:00,19.35000107565798,482.1057799000465,240,True
2023-03-22 07:00:00+00:00,9,EUR_GBP,SHORT,0.8778,0.8803585805748718,0.87594,0.8737800000000001,0.8737800000000001,212811.16,4,ASIAN,2.0,0.001077472784952402,32.96368636555602,40.365563981166844,0.878548332899586,0.8795714304498653,-21.054305335447275,False,-0.0004959018729629476,32.388543585021395,-4.483328995860125,0.7245508982035841,7,2,london_breakout_short,0.8803585805748718,SL,2023-03-22 13:00:00+00:00,-25.585805748717938,-544.4945000919333,360,False
2023-03-24 08:00:00+00:00,9,EUR_GBP,SHORT,0.88056,0.88272,0.8795700000000001,0.8783400000000001,0.8783400000000001,249559.98,4,LONDON,2.0,0.0011332645887447896,45.70262948488776,38.39452854166266,0.8823236292427751,0.8809209296774656,-1.5333333333322763,False,-0.00010393390199733848,71.70164018235431,-15.236292427750486,0.5364238410595836,8,4,london_breakout_short,0.8783400000000001,TP3,2023-03-24 09:00:00+00:00,16.050000889564828,400.5437900999781,60,True
2023-03-27 07:00:00+00:00,9,EUR_GBP,SHORT,0.8785000000000001,0.8802,0.87756,0.87632,0.87632,319444.12,5,ASIAN,2.0,0.0008969606051590199,20.02534982372798,36.929932972159776,0.8807539648227517,0.8806756364902772,-10.152699550548538,False,2.749922766531504e-06,25.16436554898176,-19.539648227516746,0.18556701030922998,7,0,london_breakout_short,0.8802,SL,2023-03-27 13:00:00+00:00,-16.999999999999236,-543.0550039999756,360,False
2023-03-28 08:00:00+00:00,9,EUR_GBP,LONG,0.87958,0.8773292184594318,0.8811100000000001,0.8828800000000001,0.8828800000000001,238861.23,4,LONDON,2.0,0.0008261474293539254,26.82230256890203,55.189491634569976,0.8793311256524865,0.8801996543994933,-0.7666666666672484,False,0.00010723617282354858,57.71359516566158,0.08874347513510017,0.2702702702702541,8,1,london_breakout_long,0.87958,TP1+SL,2023-03-29 14:00:00+00:00,7.650000000000157,182.72884095000376,1800,True
2023-04-04 07:00:00+00:00,9,EUR_GBP,SHORT,0.8758400000000001,0.877791354568243,0.87511,0.8740800000000001,0.8740800000000001,276449.88,4,ASIAN,2.0,0.0008190745539187895,19.546587517269522,28.52794380980633,0.8785884902413471,0.8794991596615546,-20.487533934875344,False,-9.36220447839918e-05,30.922600387488945,-24.484902413470788,0.6215277777777647,7,1,london_breakout_short,0.8740800000000001,TP3,2023-04-04 09:00:00+00:00,12.45000063664339,344.1801181999989,120,True
2023-04-06 08:00:00+00:00,9,EUR_GBP,SHORT,0.87392,0.8756,0.87317,0.87218,0.87218,323150.92,5,LONDON,2.0,0.0006931095162766323,53.11699264927353,31.386594709231062,0.8760687307459868,0.8780688183567267,-2.500000000000835,False,-4.84100140751482e-05,22.095924198535087,-19.087307459867418,0.49565217391296706,8,3,london_breakout_short,0.8756,SL,2023-04-06 12:00:00+00:00,-16.80000000000015,-542.8935456000048,240,False
2023-04-12 07:00:00+00:00,9,EUR_GBP,LONG,0.8798199999999999,0.87824,0.8803399999999999,0.8811599999999998,0.8811599999999998,340167.47,5,ASIAN,2.0,0.0005817802660780851,46.868320119519254,65.62515438972264,0.8779959229482099,0.8778888270613475,13.532933598076058,False,7.102002799290425e-05,83.08977572135689,15.240770517900293,0.7792207792207567,7,2,london_breakout_long,0.8798199999999999,TP1+SL,2023-04-12 10:00:00+00:00,2.5999999999998242,88.44354219999403,180,True
2023-04-13 09:00:00+00:00,9,EUR_GBP,LONG,0.8812800000000001,0.8793193133427921,0.88263,0.88422,0.88422,274571.69,5,LONDON,2.0,0.0007419693298201019,29.64766045488271,61.198976969274554,0.8794764012940431,0.8784454045215678,6.714393939394325,False,-6.199506116261877e-05,72.53691293451034,15.635987059569034,0.9166666666667374,9,3,london_breakout_long,0.88422,TP3,2023-04-14 08:00:00+00:00,21.45000107075813,588.956304449987,1380,True
2023-04-14 08:00:00+00:00,9,EUR_GBP,LONG,0.88468,0.8828236664834629,0.88546,0.88648,0.88648,293179.32,5,LONDON,2.0,0.0006910667347137662,58.50181416837002,74.14212139877458,0.8813451903999636,0.8792722414829434,3.433333333332511,False,8.412021577959951e-05,74.69535737007635,30.948096000363854,0.88188976377954,8,4,london_breakout_long,0.88468,TP1+SL,2023-04-17 06:00:00+00:00,3.9000000000000146,114.33993480000044,4200,True
2023-04-20 07:00:00+00:00,9,EUR_GBP,LONG,0.8827499999999999,0.8810052721160078,0.88335,0.88425,0.88425,312588.57,5,ASIAN,2.0,0.000675184642625662,20.853804696340585,62.352670722307685,0.8818131123347921,0.8813061498176581,15.268391647330626,False,0.00018780523238251222,59.27640242809445,6.368876652078637,0.4226804123710874,7,3,london_breakout_long,0.8810052721160078,SL,2023-04-20 13:00:00+00:00,-17.447278839921587,-545.3819942962348,360,False
2023-04-21 07:00:00+00:00,9,EUR_GBP,LONG,0.88398,0.882413626898509,0.88478,0.88588,0.88588,344699.6,5,ASIAN,2.0,0.0006239385805537959,34.58078551788036,75.2993360237413,0.8817522645423491,0.8813826869377809,19.500851226595948,False,0.00017272153790971365,79.0832541442358,19.27735457650903,0.6139534883720916,7,4,london_breakout_long,0.88588,TP3,2023-04-21 10:00:00+00:00,13.500000551204764,465.3444790000062,180,True
2023-04-24 09:00:00+00:00,9,EUR_GBP,LONG,0.88518,0.8831285557073731,0.88634,0.8877400000000001,0.8877400000000001,265462.55,4,LONDON,2.0,0.0007942507372613742,19.398361694028402,69.57007282787778,0.8830069585346352,0.8819281846055822,6.1524952919012055,False,8.399678571057072e-05,72.15265354800171,19.330414653647708,0.4999999999999347,9,0,london_breakout_long,0.88518,TP1+SL,2023-04-25 15:00:00+00:00,5.800000000000249,153.96827900000662,1800,True
2023-04-26 09:00:00+00:00,9,EUR_GBP,LONG,0.8857200000000001,0.8838161374792126,0.88665,0.88782,0.88782,286849.13,5,LONDON,2.0,0.0006972917934353369,27.88809232231853,60.24509991211792,0.8844864723141266,0.8830369378756037,3.0378078562864896,False,0.00010323335806846222,63.04571323674248,9.935276858734632,0.5765765765766243,9,2,london_breakout_long,0.8857200000000001,TP1+SL,2023-04-26 14:00:00+00:00,4.649999999999931,133.38484544999804,300,True
2023-05-01 07:00:00+00:00,9,EUR_GBP,LONG,0.87807,0.8760781288676375,0.87878,0.87979,0.87979,274844.67,4,ASIAN,2.0,0.0007248378491632646,40.77677718506997,45.48746542764221,0.8799309122199476,0.8822808441667235,-8.888581282910923,False,0.0002764464295251464,77.77777777777355,-21.609122199475195,0.9849624060150232,7,0,london_breakout_long,0.87807,TP1+SL,2023-05-01 14:00:00+00:00,3.549999999999942,97.5698578499984,420,True
2023-05-02 08:00:00+00:00,9,EUR_GBP,LONG,0.8800600000000001,0.87842,0.88112,0.88242,0.88242,334409.06,3,LONDON,2.0,0.0006909079168737352,19.216538664565128,65.32268131959233,0.8791732622703495,0.8814776062632879,4.100000000000215,False,0.00015118746353767336,75.55197610306759,6.46737729650515,0.1783439490446148,8,1,london_breakout_long,0.87842,SL,2023-05-02 12:00:00+00:00,-16.40000000000086,-548.4308584000287,240,False
2023-05-03 07:00:00+00:00,9,EUR_GBP,SHORT,0.88168,0.88296,0.88102,0.8800600000000001,0.8800600000000001,424176.99,4,ASIAN,2.0,0.0005899981655225666,52.8598479082994,59.145887603746615,0.8807726226493332,0.8815095624305477,10.600610218707285,False,-0.00013284935023793586,25.833333333331126,12.073773506667829,0.2777777777777435,7,2,london_breakout_short,0.88296,SL,2023-05-03 11:00:00+00:00,-12.799999999999478,-542.9465471999779,240,False
2023-05-04 07:00:00+00:00,9,EUR_GBP,SHORT,0.87948,0.88136,0.87873,0.87768,0.87768,285913.34,4,ASIAN,2.0,0.0007250388053419719,14.142828264126221,35.25535543862529,0.880856604413892,0.8814054488391039,-13.869211310745255,False,-5.440284983913816e-05,43.338134820365475,-10.766044138920128,0.7483870967741829,7,3,london_breakout_short,0.87948,TP1+SL,2023-05-04 10:00:00+00:00,3.750000000000142,107.21750250000407,180,True
2023-05-08 07:00:00+00:00,9,EUR_GBP,LONG,0.87467,0.8728553943282339,0.87537,0.87637,0.87637,296807.88,4,ASIAN,2.0,0.000669710678084552,37.31519992135267,58.58235926188956,0.8748300413847204,0.8787502030667603,12.852789333541725,False,0.00035292421965910526,77.14829923163141,-4.600413847204443,0.720000000000006,7,0,london_breakout_long,0.8728553943282339,SL,2023-05-08 09:00:00+00:00,-18.146056717660564,-538.5892624728591,120,False
2023-05-10 08:00:00+00:00,9,EUR_GBP,SHORT,0.86742,0.8691056672863718,0.8667400000000001,0.8658200000000001,0.8658200000000001,316315.9,5,LONDON,2.0,0.000639819277795246,41.89396298155794,29.674074406407243,0.8703802077320241,0.8754511299043789,-2.1333333333328763,False,6.66170703929013e-05,25.3556892374186,-27.202077320240825,0.6875000000000338,8,2,london_breakout_short,0.8691056672863718,SL,2023-05-10 13:00:00+00:00,-16.856672863718725,-533.2033647892766,300,False
2023-05-12 07:00:00+00:00,9,EUR_GBP,SHORT,0.8710800000000001,0.8730765052379176,0.87033,0.86928,0.86928,264397.67,5,ASIAN,2.0,0.0007179876597979304,24.095597861645945,47.68782976300499,0.8710986238063624,0.8736739776209453,6.254184261144102,False,-0.00015973720040600198,29.619216480923143,2.813761936376613,0.8780487804877344,7,4,london_breakout_short,0.8710800000000001,TP1+SL,2023-05-12 10:00:00+00:00,3.7500000000001417,99.14912625000375,180,True
2023-05-15 08:00:00+00:00,9,EUR_GBP,SHORT,0.87002,0.8717734969644128,0.8694000000000001,0.8685400000000001,0.8685400000000001,301604.64,5,LONDON,2.0,0.0006521560153532907,23.277682779743795,34.07879206464861,0.8712145654221672,0.8731348567361076,-4.066666666666663,False,-0.00010928100387362446,31.075620701583855,-9.545654221672084,0.7460317460316761,8,0,london_breakout_short,0.87002,TP1+SL,2023-05-15 12:00:00+00:00,3.099999999999769,93.49743839999306,240,True
2023-05-18 08:00:00+00:00,9,EUR_GBP,LONG,0.8699,0.86816,0.8708699999999999,0.8720799999999999,0.8720799999999999,304481.49,4,LONDON,2.0,0.0006694765417035881,36.58135949481659,59.568024202613756,0.8691247333953513,0.8710949714352257,2.966666666667228,False,0.00019587922219655097,60.49936754111091,5.352666046486432,0.622516556291347,8,3,london_breakout_long,0.86816,SL,2023-05-18 12:00:00+00:00,-17.399999999999636,-529.797792599989,240,False
2023-05-23 07:00:00+00:00,9,EUR_GBP,LONG,0.87096,0.8693440298290034,0.87164,0.87262,0.87262,324572.71,4,ASIAN,2.0,0.0005937889206558801,33.25054115236418,66.87690335346856,0.8690941409674415,0.8699399253317929,12.508590739938041,False,3.671663416202577e-05,64.87507019526687,15.658590325584587,0.9047619047618832,7,1,london_breakout_long,0.87096,TP1+SL,2023-05-23 09:00:00+00:00,3.400000000000069,110.35472140000226,120,True
2023-05-23 09:00:00+00:00,9,EUR_GBP,LONG,0.8707,0.86905,0.87144,0.87242,0.87242,318547.5,5,LONDON,2.0,0.0006636241203614474,42.794672640305976,63.56350431509721,0.8692036879903219,0.8699514057341238,-3.830980568459985,False,9.940359480945174e-05,64.42392322930516,12.563120096781288,0.1279069767441245,9,1,london_breakout_long,0.86905,SL,2023-05-23 13:00:00+00:00,-16.5000000000004,-525.6033750000129,240,False
2023-05-29 07:00:00+00:00,9,EUR_GBP,LONG,0.86966,0.8681,0.8704000000000001,0.8714400000000001,0.8714400000000001,333555.98,4,ASIAN,2.0,0.0006250055983273174,20.525393152908137,55.63655216340154,0.8689724296508428,0.8693516480861694,8.435459714500881,False,9.030997359442541e-05,57.87150499380905,3.875703491572624,0.9037037037037281,7,0,london_breakout_long,0.8681,SL,2023-05-29 09:00:00+00:00,-15.600000000000058,-520.347328800002,120,False
2023-05-30 09:00:00+00:00,9,EUR_GBP,SHORT,0.86322,0.8649595856888027,0.86204,0.86062,0.86062,296130.2,5,LONDON,2.0,0.0007055603986981617,43.521862311610334,17.151883340853132,0.8673847714386336,0.868746011745811,-9.508980923693677,False,-0.000237591812547938,16.292982225995747,-39.24771438633567,0.7115384615384892,9,1,london_breakout_short,0.8649595856888027,SL,2023-05-30 14:00:00+00:00,-17.39585688802725,-515.1438579422887,300,False
2023-06-01 07:00:00+00:00,9,EUR_GBP,LONG,0.86022,0.85838,0.86119,0.86246,0.86246,277169.79,4,ASIAN,2.0,0.0007352719126269028,60.66167713381056,43.73765704500985,0.8620763972101325,0.8662077745304869,-7.0831799810811,False,0.00019696651103171155,56.71330278629705,-21.56397210132499,0.8770491803278823,7,3,london_breakout_long,0.85838,SL,2023-06-01 11:00:00+00:00,-18.39999999999953,-509.9924135999869,240,False
2023-06-07 08:00:00+00:00,9,EUR_GBP,SHORT,0.85937,0.8608813288241036,0.85892,0.85823,0.85823,334071.9,4,LONDON,2.0,0.0005664935632384821,17.372517776270122,34.860597157187556,0.8608893822543017,0.862737186893852,-4.20000000000087,False,-3.917069377049962e-05,41.77300943741834,-12.793822543016864,0.9696969696970232,8,2,london_breakout_short,0.85937,TP1+SL,2023-06-07 15:00:00+00:00,2.249999999999752,75.16617749999173,420,True
2023-06-08 08:00:00+00:00,9,EUR_GBP,SHORT,0.85941,0.86083,0.85878,0.85791,0.85791,356087.44,5,LONDON,2.0,0.0006355007638072803,20.92901339061515,42.53422391181823,0.860365431245813,0.8621528058981182,-0.9000000000014552,False,8.541262827186228e-06,44.14780279928228,-7.154312458129697,0.4352941176470281,8,3,london_breakout_short,0.86083,SL,2023-06-08 09:00:00+00:00,-14.199999999999768,-505.64416479999176,60,False
2023-06-08 09:00:00+00:00,9,EUR_GBP,LONG,0.86142,0.85996,0.86205,0.86292,0.86292,342868.3,4,LONDON,2.0,0.0007072507092496157,22.935657982894178,59.50627433193557,0.8603973751185263,0.8621431262374404,9.79184687140311,False,7.732255005073607e-05,53.42880059825333,7.8262488147362586,0.9268292682926763,9,3,london_breakout_long,0.85996,SL,2023-06-08 13:00:00+00:00,-14.600000000000167,-500.58771800000574,240,False
2023-06-12 07:00:00+00:00,9,EUR_GBP,LONG,0.85576,0.8540949040077329,0.8566699999999999,0.8578799999999999,0.8578799999999999,297629.59,4,ASIAN,2.0,0.0005877499399849291,48.24267242469747,47.44034514583371,0.8567887996168373,0.8601896032241648,-3.186351816057975,False,0.0002376502085839672,83.8790815913155,-13.28799616837295,0.58407079646019,7,0,london_breakout_long,0.8578799999999999,TP3,2023-06-12 13:00:00+00:00,15.150000712294096,450.90885004998006,360,True
2023-06-22 08:00:00+00:00,9,EUR_GBP,SHORT,0.86022,0.86174,0.8592200000000001,0.8579800000000002,0.8579800000000002,329007.19,4,LONDON,2.0,0.0007388070269021892,48.88876659656627,56.69195343334762,0.8584359844014354,0.8570640372185575,-1.9666666666673382,False,-0.00013678227426742236,44.88479802651991,20.240155985645767,0.7155963302752817,8,3,london_breakout_short,0.86174,SL,2023-06-22 11:00:00+00:00,-15.199999999999658,-500.0909287999888,180,False
2023-06-23 08:00:00+00:00,9,EUR_GBP,SHORT,0.85394,0.8570092704008897,0.85185,0.8495199999999999,0.8495199999999999,161305.44,5,LONDON,2.0,0.0012187290060447118,41.95660732897236,21.58022028802141,0.858969794377131,0.8575848769403192,-7.699999999999374,False,-0.0005859623214103737,7.8939627150446645,-47.89794377130896,0.41702127659574306,8,4,london_breakout_short,0.8570092704008897,SL,2023-06-23 13:00:00+00:00,-30.692704008896676,-495.09001249448426,300,False
2023-06-26 07:00:00+00:00,9,EUR_GBP,SHORT,0.85528,0.85738,0.85447,0.8533599999999999,0.8533599999999999,233399.58,4,ASIAN,2.0,0.0008509183969154016,17.525443862168064,38.861550579946304,0.8574652543275756,0.8573449671451308,-5.766496483566863,False,4.925418265778222e-05,52.57493518362866,-18.852543275755806,0.7638190954773942,7,0,london_breakout_short,0.85528,TP1+SL,2023-06-26 09:00:00+00:00,4.050000000000442,94.52682990001031,120,True
2023-06-26 09:00:00+00:00,9,EUR_GBP,SHORT,0.85566,0.85738,0.8547899999999999,0.8536799999999999,0.8536799999999999,285514.18,5,LONDON,2.0,0.0009127306585648183,22.260169641408353,43.258135715624,0.8573155077433715,0.8573086706743478,6.135262771040928,False,-1.782993933655393e-05,31.34282651967482,-14.155077433715135,0.6724137931034219,9,0,london_breakout_short,0.85738,SL,2023-06-26 10:00:00+00:00,-17.200000000000546,-491.08438960001564,60,False
2023-06-27 08:00:00+00:00,9,EUR_GBP,LONG,0.8591,0.856953862816856,0.8606999999999999,0.8625399999999999,0.8625399999999999,226534.23,5,LONDON,2.0,0.0007501366680248885,25.04222344547531,58.76137724162026,0.8578425340377186,0.8574867243659677,-1.966666666666228,False,3.472708685449115e-05,70.19119984713468,10.174659622813609,0.3220338983050752,8,1,london_breakout_long,0.8591,TP1+SL,2023-06-27 14:00:00+00:00,7.999999999999672,181.2273839999926,360,True
2023-06-28 08:00:00+00:00,9,EUR_GBP,LONG,0.8619,0.8599928512654267,0.86279,0.8639199999999999,0.8639199999999999,255871.92,5,LONDON,2.0,0.0007949409585557865,32.93828999268708,67.48867347574514,0.8591825829934202,0.8580167079039465,3.933333333332456,False,6.65723519787512e-05,49.26715281070906,24.77417006579774,0.5284552845528525,8,2,london_breakout_long,0.8639199999999999,TP3,2023-06-28 11:00:00+00:00,14.55000078945676,372.29366379998174,180,True
2023-06-30 07:00:00+00:00,9,EUR_GBP,SHORT,0.85862,0.8605623191002092,0.85777,0.85662,0.85662,253155.5,4,ASIAN,2.0,0.0007878613800777066,35.67703983347046,28.85323171292262,0.8616063818927471,0.8596734629024819,-32.50701334744033,False,-0.00020492088002148768,17.53295112488941,-26.863818927470582,0.827309236947774,7,4,london_breakout_short,0.85862,TP1+SL,2023-06-30 11:00:00+00:00,4.250000000000087,107.5910875000022,240,True
2023-07-04 08:00:00+00:00,9,EUR_GBP,SHORT,0.85794,0.859722771153319,0.8566600000000001,0.8551400000000001,0.8551400000000001,276414.99,5,LONDON,2.0,0.0006366007140898594,33.43764030430964,34.07142105335804,0.8596325227553582,0.8595161717341617,-2.6999999999988145,False,-0.00014560517415434607,29.46524064170987,-14.52522755358121,0.6292134831459861,8,1,london_breakout_short,0.8551400000000001,TP3,2023-07-05 14:00:00+00:00,20.40000101296897,563.8866075999808,1800,True
2023-07-07 07:00:00+00:00,9,EUR_GBP,SHORT,0.85394,0.8554,0.8531,0.8519599999999999,0.8519599999999999,341385.98,5,ASIAN,2.0,0.0007708329610931694,26.70105414275497,46.13732163935225,0.8550092888339392,0.8572479584984636,0.2410664140695129,False,-2.146965829499358e-05,13.189349636716493,-7.692888339392301,0.08474576271185803,7,4,london_breakout_short,0.85394,TP1+SL,2023-07-07 12:00:00+00:00,4.200000000000315,143.38211160001075,300,True
2023-07-12 07:00:00+00:00,9,EUR_GBP,LONG,0.85248,0.85058,0.8532200000000001,0.8542600000000001,0.8542600000000001,263082.82,4,ASIAN,2.0,0.0007393473998607023,39.303675972722665,50.93393428597251,0.8529286713998322,0.8553967439045903,4.152948649132071,False,0.0002141782145786169,79.2663562376802,-7.486713998321459,0.5740740740740912,7,2,london_breakout_long,0.85248,TP1+SL,2023-07-12 12:00:00+00:00,3.700000000000369,97.34064340000972,300,True
2023-07-13 08:00:00+00:00,9,EUR_GBP,SHORT,0.85548,0.8575,0.85432,0.8529199999999999,0.8529199999999999,247936.02,4,LONDON,2.0,0.0008105849695049987,29.86558658363561,50.250920208842956,0.8549999981444846,0.8555315194618854,1.1333333333329865,False,-0.0002369391382639409,45.54225003196516,7.200018555154619,0.39506172839505665,8,3,london_breakout_short,0.85548,TP1+SL,2023-07-13 11:00:00+00:00,5.800000000000249,143.80289160000618,180,True
2023-07-20 09:00:00+00:00,9,EUR_GBP,LONG,0.86846,0.86596,0.87046,0.8727,0.8727,200907.52,5,LONDON,2.0,0.0009387145373575583,34.07102768429888,64.43858088354597,0.8647104854941122,0.859734482998924,5.93040752351115,False,-3.778345471454922e-05,64.73811001448307,35.09514505887768,0.7307692307692537,9,3,london_breakout_long,0.86596,SL,2023-07-20 16:00:00+00:00,-25.00000000000058,-502.2688000000116,420,False
2023-07-24 07:00:00+00:00,9,EUR_GBP,SHORT,0.8621000000000001,0.8641804170255368,0.8606900000000001,0.8589800000000001,0.8589800000000001,239012.7,4,ASIAN,2.0,0.0009105834666279255,23.510177505813108,30.1463642331787,0.8651803267403633,0.861859207749818,-29.528361626474098,False,-0.00019832253766153258,47.527565070313464,-27.803267403632148,0.8137535816618795,7,0,london_breakout_short,0.8641804170255368,SL,2023-07-24 08:00:00+00:00,-20.804170255367403,-497.2460903995053,60,False
2023-07-24 08:00:00+00:00,9,EUR_GBP,SHORT,0.8636,0.86558,0.8621300000000001,0.8604200000000001,0.8604200000000001,248623.05,4,LONDON,2.0,0.0010276846475830775,27.351745081703257,42.31695311249553,0.8651277649074078,0.8618789171254417,4.033333333332001,False,-0.00018844553419186547,50.81432200875789,-12.877649074077846,0.568627450980405,8,0,london_breakout_short,0.8604200000000001,TP3,2023-07-25 08:00:00+00:00,23.25000127904438,578.0486230499914,1440,True
2023-07-25 08:00:00+00:00,9,EUR_GBP,SHORT,0.86077,0.8629301293004268,0.8594200000000001,0.8578300000000001,0.8578300000000001,230566.81,5,LONDON,2.0,0.0007831908830156468,49.37434017557823,30.05721660487025,0.8637615691429139,0.8621318909037046,1.4666666666685035,False,-0.00015079697697338687,10.584112052627166,-27.515691429138567,0.11224489795911546,8,1,london_breakout_short,0.8578300000000001,TP3,2023-07-25 16:00:00+00:00,21.450001275118005,494.56583684998907,480,True
2023-07-28 07:00:00+00:00,9,EUR_GBP,SHORT,0.8568600000000001,0.85897,0.8553700000000001,0.8535800000000001,0.8535800000000001,238388.52,5,ASIAN,2.0,0.001021771569225122,20.85858311425201,45.69188559069669,0.8578722434702394,0.8597732092241768,-3.279831275976308,False,-6.242869310656173e-06,47.54319864882319,-7.1224347023934875,0.51000000000001,7,4,london_breakout_short,0.8568600000000001,TP1+SL,2023-07-28 13:00:00+00:00,7.449999999999957,177.59944739999895,360,True
2023-07-31 08:00:00+00:00,9,EUR_GBP,LONG,0.85884,0.856745299689572,0.86012,0.86164,0.86164,240977.56,4,LONDON,2.0,0.0008110315438732654,25.442499480460533,60.9454964973141,0.8573550696416276,0.8591548674683822,4.566666666666608,False,7.633623516675293e-05,68.0308835481245,12.449303583724758,0.8362573099415505,8,0,london_breakout_long,0.856745299689572,SL,2023-07-31 14:00:00+00:00,-20.947003104280217,-504.7757697381872,360,False
2023-08-01 08:00:00+00:00,9,EUR_GBP,SHORT,0.85546,0.85767,0.8542299999999999,0.8527599999999999,0.8527599999999999,226121.28,4,LONDON,2.0,0.0008522048371452724,19.58911914022871,39.80008553004241,0.8570679944799023,0.858686607040074,-3.166666666666318,False,-6.649532913136414e-05,36.24521761714975,-13.679944799023236,0.6474820143884967,8,1,london_breakout_short,0.85767,SL,2023-08-01 10:00:00+00:00,-22.10000000000045,-499.72802880001024,120,False
2023-08-02 07:00:00+00:00,9,EUR_GBP,SHORT,0.85882,0.86093,0.85775,0.85638,0.85638,234469.55,4,ASIAN,2.0,0.0008758462951282116,33.78035319023521,48.39093489276756,0.8586977782318727,0.8588876065856891,-1.8598229366884045,False,-0.00013359507469646106,52.980754226059986,4.222217681273399,0.7848101265822776,7,2,london_breakout_short,0.86093,SL,2023-08-02 12:00:00+00:00,-21.099999999999454,-494.73075049998715,300,False
2023-08-03 08:00:00+00:00,9,EUR_GBP,LONG,0.86212,0.8598316615950881,0.86376,0.86564,0.86564,214034.53,4,LONDON,2.0,0.0008965256932530198,16.496586671592986,63.53356018267187,0.8598323782603103,0.8592333074693618,6.333333333332636,False,5.253155919878366e-05,66.50413711584008,20.476217396896423,0.6947368421052521,8,3,london_breakout_long,0.86212,TP1+SL,2023-08-03 14:00:00+00:00,8.199999999999873,175.5083145999973,360,True
2023-08-07 07:00:00+00:00,9,EUR_GBP,SHORT,0.8623200000000001,0.86366,0.86162,0.86062,0.86062,366819.79,3,ASIAN,2.0,0.000708187164006518,19.268771582832574,49.06489273637125,0.8621447287154999,0.8603967960897789,-1.9482118187952313,False,-0.00010279819890826928,37.26984126984669,4.752712845002005,0.6769230769230297,7,0,london_breakout_short,0.86062,TP3,2023-08-07 13:00:00+00:00,12.00000046344317,440.1837650000126,360,True
2023-08-09 08:00:00+00:00,9,EUR_GBP,LONG,0.86144,0.8594764382702632,0.86252,0.8638399999999999,0.8638399999999999,252571.82,4,LONDON,2.0,0.0007280372139022353,20.527889858419044,57.24018501101609,0.8607077064653604,0.8605142690815237,3.0999999999992145,False,0.0001362462719741278,58.03253407231748,4.9229353463953185,0.8455284552845279,8,2,london_breakout_long,0.8638399999999999,TP3,2023-08-10 04:00:00+00:00,17.40000095022441,439.47499079999085,1200,True
2023-08-17 08:00:00+00:00,9,EUR_GBP,LONG,0.85554,0.85404,0.856,0.8567,0.8567,333556.74,4,LONDON,2.0,0.0006142548811849403,58.3465178988407,47.841675094534175,0.8567316678040064,0.8598311908757691,4.366666666666408,False,0.00018178868435213757,56.7637245981139,-14.316678040064978,0.6114649681528136,8,3,london_breakout_long,0.85404,SL,2023-08-17 10:00:00+00:00,-14.999999999999458,-500.3351099999819,120,False
2023-08-21 07:00:00+00:00,9,EUR_GBP,LONG,0.85568,0.8538290114633428,0.8568300000000001,0.8582800000000002,0.8582800000000002,267603.9,4,ASIAN,2.0,0.0006660814564726947,30.272063562943444,63.33756427752324,0.8543582790738328,0.8575800613220156,13.24990910743562,False,0.00015987240262231117,87.70723283601062,10.217209261672577,0.5952380952380995,7,0,london_breakout_long,0.8538290114633428,SL,2023-08-21 19:00:00+00:00,-18.509885366572163,-495.33175126476414,720,False
2023-08-23 07:00:00+00:00,9,EUR_GBP,SHORT,0.85018,0.851659097906323,0.84981,0.8491399999999999,0.8491399999999999,331538.86,5,ASIAN,2.0,0.0006229506509199804,50.551242474826395,21.724136737976337,0.852874271803273,0.8558748469456602,-15.695788432019686,False,-1.9207026059968346e-05,50.58338863083846,-23.94271803273007,0.47104247104247404,7,2,london_breakout_short,0.851659097906323,SL,2023-08-23 08:00:00+00:00,-14.790979063229459,-490.3784336906963,60,False
2023-08-30 07:00:00+00:00,9,EUR_GBP,SHORT,0.85912,0.8610556104863412,0.85812,0.85682,0.85682,250812.16,4,ASIAN,2.0,0.0007175124663552988,30.035635665158082,46.19932476239252,0.8591576359765183,0.8574214812322037,-1.6874267928979059,False,-0.00011451883284852818,46.386483886486396,2.62364023481676,0.7272727272727404,7,2,london_breakout_short,0.85912,TP1+SL,2023-08-31 06:00:00+00:00,5.000000000000004,125.40608000000012,1380,True
2023-08-31 08:00:00+00:00,9,EUR_GBP,SHORT,0.8566199999999999,0.8586419155271482,0.8551199999999999,0.8533799999999998,0.8533799999999998,240726.53,5,LONDON,2.0,0.0007482829100836353,25.151106406700386,31.4567495785346,0.8588776876238148,0.8577343996028215,-1.2333333333336416,False,-0.00018977831858232186,25.938934022184437,-20.176876238148232,0.16528925619841459,8,3,london_breakout_short,0.85569,END,2023-08-31 23:00:00+00:00,9.299999999999862,223.87567289999672,900,True
